mode: atomic
github.com/provide-io/flavor/go/flavor/internal/workenv/validation.go:20.71,25.16 3 0
github.com/provide-io/flavor/go/flavor/internal/workenv/validation.go:25.16,27.3 1 0
github.com/provide-io/flavor/go/flavor/internal/workenv/validation.go:30.2,31.54 2 0
github.com/provide-io/flavor/go/flavor/internal/workenv/validation.go:31.54,33.3 1 0
github.com/provide-io/flavor/go/flavor/internal/workenv/validation.go:36.2,36.68 1 0
github.com/provide-io/flavor/go/flavor/internal/workenv/validation.go:36.68,38.3 1 0
github.com/provide-io/flavor/go/flavor/internal/workenv/validation.go:41.2,41.51 1 0
github.com/provide-io/flavor/go/flavor/internal/workenv/validation.go:41.51,43.3 1 0
github.com/provide-io/flavor/go/flavor/internal/workenv/validation.go:46.2,46.52 1 0
github.com/provide-io/flavor/go/flavor/internal/workenv/validation.go:46.52,48.3 1 0
github.com/provide-io/flavor/go/flavor/internal/workenv/validation.go:51.2,52.36 2 0
github.com/provide-io/flavor/go/flavor/internal/workenv/validation.go:52.36,54.65 2 0
github.com/provide-io/flavor/go/flavor/internal/workenv/validation.go:54.65,56.4 1 0
github.com/provide-io/flavor/go/flavor/internal/workenv/validation.go:59.2,59.13 1 0
github.com/provide-io/flavor/go/flavor/internal/workenv/validation.go:63.77,74.16 4 0
github.com/provide-io/flavor/go/flavor/internal/workenv/validation.go:74.16,76.3 1 0
github.com/provide-io/flavor/go/flavor/internal/workenv/validation.go:78.2,78.45 1 0
github.com/provide-io/flavor/go/flavor/internal/workenv/validation.go:82.55,91.16 4 0
github.com/provide-io/flavor/go/flavor/internal/workenv/validation.go:91.16,93.3 1 0
github.com/provide-io/flavor/go/flavor/internal/workenv/validation.go:96.2,98.45 2 0
github.com/provide-io/flavor/go/flavor/internal/workenv/validation.go:102.31,116.2 4 0
github.com/provide-io/flavor/go/flavor/internal/workenv/workenv.go:18.67,21.20 2 0
github.com/provide-io/flavor/go/flavor/internal/workenv/workenv.go:21.20,23.25 1 0
github.com/provide-io/flavor/go/flavor/internal/workenv/workenv.go:23.25,25.4 1 0
github.com/provide-io/flavor/go/flavor/internal/workenv/workenv.go:25.9,27.4 1 0
github.com/provide-io/flavor/go/flavor/internal/workenv/workenv.go:28.8,34.3 4 0
github.com/provide-io/flavor/go/flavor/internal/workenv/workenv.go:36.2,36.50 1 0
github.com/provide-io/flavor/go/flavor/internal/workenv/workenv.go:40.28,42.64 1 0
github.com/provide-io/flavor/go/flavor/internal/workenv/workenv.go:42.64,44.3 1 0
github.com/provide-io/flavor/go/flavor/internal/workenv/workenv.go:47.2,47.21 1 0
github.com/provide-io/flavor/go/flavor/internal/workenv/workenv.go:48.16,49.44 1 0
github.com/provide-io/flavor/go/flavor/internal/workenv/workenv.go:49.44,51.4 1 0
github.com/provide-io/flavor/go/flavor/internal/workenv/workenv.go:52.15,53.62 1 0
github.com/provide-io/flavor/go/flavor/internal/workenv/workenv.go:53.62,55.4 1 0
github.com/provide-io/flavor/go/flavor/internal/workenv/workenv.go:56.3,56.44 1 0
github.com/provide-io/flavor/go/flavor/internal/workenv/workenv.go:56.44,58.4 1 0
github.com/provide-io/flavor/go/flavor/internal/workenv/workenv.go:59.17,60.68 1 0
github.com/provide-io/flavor/go/flavor/internal/workenv/workenv.go:60.68,62.4 1 0
github.com/provide-io/flavor/go/flavor/internal/workenv/workenv.go:66.2,66.55 1 0
github.com/provide-io/flavor/go/flavor/internal/workenv/workenv.go:72.29,73.67 1 0
github.com/provide-io/flavor/go/flavor/internal/workenv/workenv.go:73.67,75.3 1 0
github.com/provide-io/flavor/go/flavor/internal/workenv/workenv.go:76.2,76.64 1 0
github.com/provide-io/flavor/go/flavor/internal/workenv/workenv.go:76.64,78.3 1 0
github.com/provide-io/flavor/go/flavor/internal/workenv/workenv.go:79.2,79.21 1 0
github.com/provide-io/flavor/go/flavor/internal/workenv/workenv.go:80.17,81.53 1 0
github.com/provide-io/flavor/go/flavor/internal/workenv/workenv.go:81.53,83.4 1 0
github.com/provide-io/flavor/go/flavor/internal/workenv/workenv.go:84.10,85.44 1 0
github.com/provide-io/flavor/go/flavor/internal/workenv/workenv.go:85.44,87.4 1 0
github.com/provide-io/flavor/go/flavor/internal/workenv/workenv.go:89.2,89.56 1 0
github.com/provide-io/flavor/go/flavor/internal/workenv/workenv.go:95.35,96.30 1 0
github.com/provide-io/flavor/go/flavor/internal/workenv/workenv.go:96.30,97.65 1 0
github.com/provide-io/flavor/go/flavor/internal/workenv/workenv.go:97.65,99.4 1 0
github.com/provide-io/flavor/go/flavor/internal/workenv/workenv.go:100.3,100.52 1 0
github.com/provide-io/flavor/go/flavor/internal/workenv/workenv.go:102.2,102.22 1 0
github.com/provide-io/flavor/go/flavor/internal/workenv/workenv.go:106.61,108.48 1 0
github.com/provide-io/flavor/go/flavor/internal/workenv/workenv.go:108.48,110.3 1 0
github.com/provide-io/flavor/go/flavor/internal/workenv/workenv.go:113.2,113.27 1 0
github.com/provide-io/flavor/go/flavor/internal/workenv/workenv.go:113.27,116.16 3 0
github.com/provide-io/flavor/go/flavor/internal/workenv/workenv.go:116.16,118.4 1 0
github.com/provide-io/flavor/go/flavor/internal/workenv/workenv.go:120.3,120.65 1 0
github.com/provide-io/flavor/go/flavor/internal/workenv/workenv.go:120.65,122.4 1 0
github.com/provide-io/flavor/go/flavor/internal/workenv/workenv.go:125.2,125.12 1 0
github.com/provide-io/flavor/go/flavor/pkg/logging/logger.go:13.74,14.19 1 0
github.com/provide-io/flavor/go/flavor/pkg/logging/logger.go:14.19,16.3 1 0
github.com/provide-io/flavor/go/flavor/pkg/logging/logger.go:19.2,22.17 2 0
github.com/provide-io/flavor/go/flavor/pkg/logging/logger.go:22.17,24.3 1 0
github.com/provide-io/flavor/go/flavor/pkg/logging/logger.go:26.2,32.28 1 0
github.com/provide-io/flavor/go/flavor/pkg/logging/logger.go:32.28,34.4 1 0
github.com/provide-io/flavor/go/flavor/pkg/logging/logger.go:37.2,37.24 1 0
github.com/provide-io/flavor/go/flavor/pkg/logging/logger.go:41.27,43.17 2 0
github.com/provide-io/flavor/go/flavor/pkg/logging/logger.go:43.17,45.3 1 0
github.com/provide-io/flavor/go/flavor/pkg/logging/logger.go:46.2,46.14 1 0
github.com/provide-io/flavor/go/flavor/pkg/logging/prefix_writer.go:16.64,21.2 1 0
github.com/provide-io/flavor/go/flavor/pkg/logging/prefix_writer.go:25.54,28.6 2 0
github.com/provide-io/flavor/go/flavor/pkg/logging/prefix_writer.go:28.6,30.17 2 0
github.com/provide-io/flavor/go/flavor/pkg/logging/prefix_writer.go:30.17,32.21 1 0
github.com/provide-io/flavor/go/flavor/pkg/logging/prefix_writer.go:32.21,35.5 1 0
github.com/provide-io/flavor/go/flavor/pkg/logging/prefix_writer.go:36.4,36.9 1 0
github.com/provide-io/flavor/go/flavor/pkg/logging/prefix_writer.go:39.3,39.63 1 0
github.com/provide-io/flavor/go/flavor/pkg/logging/prefix_writer.go:39.63,41.4 1 0
github.com/provide-io/flavor/go/flavor/pkg/logging/prefix_writer.go:42.3,42.50 1 0
github.com/provide-io/flavor/go/flavor/pkg/logging/prefix_writer.go:42.50,44.4 1 0
github.com/provide-io/flavor/go/flavor/pkg/logging/prefix_writer.go:47.2,47.20 1 0
github.com/provide-io/flavor/go/flavor/cmd/flavor-go-builder/main.go:32.35,34.43 1 0
github.com/provide-io/flavor/go/flavor/cmd/flavor-go-builder/main.go:34.43,35.41 1 0
github.com/provide-io/flavor/go/flavor/cmd/flavor-go-builder/main.go:35.41,36.33 1 0
github.com/provide-io/flavor/go/flavor/cmd/flavor-go-builder/main.go:36.33,37.70 1 0
github.com/provide-io/flavor/go/flavor/cmd/flavor-go-builder/main.go:37.70,39.6 1 0
github.com/provide-io/flavor/go/flavor/cmd/flavor-go-builder/main.go:44.2,44.50 1 0
github.com/provide-io/flavor/go/flavor/cmd/flavor-go-builder/main.go:44.50,45.48 1 0
github.com/provide-io/flavor/go/flavor/cmd/flavor-go-builder/main.go:45.48,47.4 1 0
github.com/provide-io/flavor/go/flavor/cmd/flavor-go-builder/main.go:49.2,49.46 1 0
github.com/provide-io/flavor/go/flavor/cmd/flavor-go-builder/main.go:52.13,70.61 11 1
github.com/provide-io/flavor/go/flavor/cmd/flavor-go-builder/main.go:70.61,71.13 1 0
github.com/provide-io/flavor/go/flavor/cmd/flavor-go-builder/main.go:73.2,73.59 1 1
github.com/provide-io/flavor/go/flavor/cmd/flavor-go-builder/main.go:73.59,74.13 1 0
github.com/provide-io/flavor/go/flavor/cmd/flavor-go-builder/main.go:78.13,80.75 1 0
github.com/provide-io/flavor/go/flavor/cmd/flavor-go-builder/main.go:80.75,84.3 3 0
github.com/provide-io/flavor/go/flavor/cmd/flavor-go-builder/main.go:86.2,86.42 1 0
github.com/provide-io/flavor/go/flavor/cmd/flavor-go-builder/main.go:86.42,89.3 2 0
github.com/provide-io/flavor/go/flavor/cmd/flavor-go-builder/main.go:92.53,93.17 1 0
github.com/provide-io/flavor/go/flavor/cmd/flavor-go-builder/main.go:93.17,97.3 3 0
github.com/provide-io/flavor/go/flavor/cmd/flavor-go-builder/main.go:99.2,99.23 1 0
github.com/provide-io/flavor/go/flavor/cmd/flavor-go-builder/main.go:99.23,100.72 1 0
github.com/provide-io/flavor/go/flavor/cmd/flavor-go-builder/main.go:100.72,103.4 2 0
github.com/provide-io/flavor/go/flavor/cmd/flavor-go-builder/main.go:105.2,105.119 1 0
github.com/provide-io/flavor/go/flavor/pkg/api.go:7.65,9.2 1 0
github.com/provide-io/flavor/go/flavor/pkg/api.go:11.116,13.2 1 0
github.com/provide-io/flavor/go/flavor/pkg/api.go:15.127,17.2 1 0
github.com/provide-io/flavor/go/flavor/pkg/verification.go:13.66,15.16 2 0
github.com/provide-io/flavor/go/flavor/pkg/verification.go:15.16,18.3 2 0
github.com/provide-io/flavor/go/flavor/pkg/verification.go:19.2,19.15 1 0
github.com/provide-io/flavor/go/flavor/pkg/verification.go:19.15,20.40 1 0
github.com/provide-io/flavor/go/flavor/pkg/verification.go:20.40,22.4 1 0
github.com/provide-io/flavor/go/flavor/pkg/verification.go:25.2,30.16 4 0
github.com/provide-io/flavor/go/flavor/pkg/verification.go:30.16,33.3 2 0
github.com/provide-io/flavor/go/flavor/pkg/verification.go:33.8,35.3 1 0
github.com/provide-io/flavor/go/flavor/pkg/verification.go:37.2,38.16 2 0
github.com/provide-io/flavor/go/flavor/pkg/verification.go:38.16,41.3 2 0
github.com/provide-io/flavor/go/flavor/pkg/verification.go:41.8,43.3 1 0
github.com/provide-io/flavor/go/flavor/pkg/verification.go:45.2,46.16 2 0
github.com/provide-io/flavor/go/flavor/pkg/verification.go:46.16,49.3 2 0
github.com/provide-io/flavor/go/flavor/pkg/verification.go:49.8,52.39 2 0
github.com/provide-io/flavor/go/flavor/pkg/verification.go:52.39,54.18 2 0
github.com/provide-io/flavor/go/flavor/pkg/verification.go:54.18,57.5 2 0
github.com/provide-io/flavor/go/flavor/pkg/verification.go:57.10,59.5 1 0
github.com/provide-io/flavor/go/flavor/pkg/verification.go:63.2,63.22 1 0
github.com/provide-io/flavor/go/flavor/pkg/verification.go:63.22,65.3 1 0
github.com/provide-io/flavor/go/flavor/pkg/verification.go:65.8,67.30 2 0
github.com/provide-io/flavor/go/flavor/pkg/verification.go:67.30,69.4 1 0
github.com/provide-io/flavor/go/flavor/pkg/verification.go:70.3,70.13 1 0
github.com/provide-io/flavor/go/flavor/pkg/verification.go:75.35,78.2 2 0
github.com/provide-io/flavor/go/flavor/cmd/flavor-go-launcher/main.go:17.13,19.15 1 0
github.com/provide-io/flavor/go/flavor/cmd/flavor-go-launcher/main.go:19.15,20.31 1 0
github.com/provide-io/flavor/go/flavor/cmd/flavor-go-launcher/main.go:20.31,24.4 3 0
github.com/provide-io/flavor/go/flavor/cmd/flavor-go-launcher/main.go:27.2,28.16 2 0
github.com/provide-io/flavor/go/flavor/cmd/flavor-go-launcher/main.go:28.16,31.3 2 0
github.com/provide-io/flavor/go/flavor/cmd/flavor-go-launcher/main.go:36.2,36.40 1 0
github.com/provide-io/flavor/go/flavor/pkg/utils/shellparse/parser.go:39.44,40.17 1 0
github.com/provide-io/flavor/go/flavor/pkg/utils/shellparse/parser.go:40.17,42.3 1 0
github.com/provide-io/flavor/go/flavor/pkg/utils/shellparse/parser.go:44.2,52.30 7 0
github.com/provide-io/flavor/go/flavor/pkg/utils/shellparse/parser.go:52.30,56.35 2 0
github.com/provide-io/flavor/go/flavor/pkg/utils/shellparse/parser.go:56.35,58.21 1 0
github.com/provide-io/flavor/go/flavor/pkg/utils/shellparse/parser.go:58.21,60.5 1 0
github.com/provide-io/flavor/go/flavor/pkg/utils/shellparse/parser.go:61.4,65.21 3 0
github.com/provide-io/flavor/go/flavor/pkg/utils/shellparse/parser.go:65.21,66.19 1 0
github.com/provide-io/flavor/go/flavor/pkg/utils/shellparse/parser.go:67.30,68.31 1 0
github.com/provide-io/flavor/go/flavor/pkg/utils/shellparse/parser.go:69.13,72.31 2 0
github.com/provide-io/flavor/go/flavor/pkg/utils/shellparse/parser.go:74.10,77.5 1 0
github.com/provide-io/flavor/go/flavor/pkg/utils/shellparse/parser.go:78.4,78.12 1 0
github.com/provide-io/flavor/go/flavor/pkg/utils/shellparse/parser.go:82.3,82.35 1 0
github.com/provide-io/flavor/go/flavor/pkg/utils/shellparse/parser.go:82.35,83.21 1 0
github.com/provide-io/flavor/go/flavor/pkg/utils/shellparse/parser.go:83.21,87.5 2 0
github.com/provide-io/flavor/go/flavor/pkg/utils/shellparse/parser.go:87.10,90.5 1 0
github.com/provide-io/flavor/go/flavor/pkg/utils/shellparse/parser.go:91.4,91.12 1 0
github.com/provide-io/flavor/go/flavor/pkg/utils/shellparse/parser.go:95.3,95.34 1 0
github.com/provide-io/flavor/go/flavor/pkg/utils/shellparse/parser.go:95.34,96.21 1 0
github.com/provide-io/flavor/go/flavor/pkg/utils/shellparse/parser.go:96.21,100.5 2 0
github.com/provide-io/flavor/go/flavor/pkg/utils/shellparse/parser.go:100.10,103.5 1 0
github.com/provide-io/flavor/go/flavor/pkg/utils/shellparse/parser.go:104.4,104.12 1 0
github.com/provide-io/flavor/go/flavor/pkg/utils/shellparse/parser.go:108.3,108.62 1 0
github.com/provide-io/flavor/go/flavor/pkg/utils/shellparse/parser.go:108.62,110.38 1 0
github.com/provide-io/flavor/go/flavor/pkg/utils/shellparse/parser.go:110.38,114.5 3 0
github.com/provide-io/flavor/go/flavor/pkg/utils/shellparse/parser.go:115.4,115.12 1 0
github.com/provide-io/flavor/go/flavor/pkg/utils/shellparse/parser.go:119.3,119.24 1 0
github.com/provide-io/flavor/go/flavor/pkg/utils/shellparse/parser.go:123.2,123.36 1 0
github.com/provide-io/flavor/go/flavor/pkg/utils/shellparse/parser.go:123.36,125.20 2 0
github.com/provide-io/flavor/go/flavor/pkg/utils/shellparse/parser.go:125.20,127.4 1 0
github.com/provide-io/flavor/go/flavor/pkg/utils/shellparse/parser.go:128.3,128.79 1 0
github.com/provide-io/flavor/go/flavor/pkg/utils/shellparse/parser.go:132.2,132.36 1 0
github.com/provide-io/flavor/go/flavor/pkg/utils/shellparse/parser.go:132.36,134.3 1 0
github.com/provide-io/flavor/go/flavor/pkg/utils/shellparse/parser.go:136.2,136.20 1 0
github.com/provide-io/flavor/go/flavor/pkg/utils/shellparse/parser.go:141.39,143.16 2 0
github.com/provide-io/flavor/go/flavor/pkg/utils/shellparse/parser.go:143.16,144.54 1 0
github.com/provide-io/flavor/go/flavor/pkg/utils/shellparse/parser.go:146.2,146.15 1 0
github.com/provide-io/flavor/go/flavor/pkg/utils/shellparse/parser.go:151.33,152.20 1 0
github.com/provide-io/flavor/go/flavor/pkg/utils/shellparse/parser.go:152.20,154.3 1 0
github.com/provide-io/flavor/go/flavor/pkg/utils/shellparse/parser.go:156.2,157.27 2 0
github.com/provide-io/flavor/go/flavor/pkg/utils/shellparse/parser.go:157.27,159.3 1 0
github.com/provide-io/flavor/go/flavor/pkg/utils/shellparse/parser.go:161.2,161.33 1 0
github.com/provide-io/flavor/go/flavor/pkg/utils/shellparse/parser.go:165.31,166.15 1 0
github.com/provide-io/flavor/go/flavor/pkg/utils/shellparse/parser.go:166.15,168.3 1 0
github.com/provide-io/flavor/go/flavor/pkg/utils/shellparse/parser.go:171.2,172.25 2 0
github.com/provide-io/flavor/go/flavor/pkg/utils/shellparse/parser.go:172.25,173.93 1 0
github.com/provide-io/flavor/go/flavor/pkg/utils/shellparse/parser.go:173.93,175.9 2 0
github.com/provide-io/flavor/go/flavor/pkg/utils/shellparse/parser.go:179.2,179.17 1 0
github.com/provide-io/flavor/go/flavor/pkg/utils/shellparse/parser.go:179.17,181.3 1 0
github.com/provide-io/flavor/go/flavor/pkg/utils/shellparse/parser.go:184.2,184.33 1 0
github.com/provide-io/flavor/go/flavor/pkg/utils/shellparse/parser.go:184.33,186.3 1 0
github.com/provide-io/flavor/go/flavor/pkg/utils/shellparse/parser.go:189.2,191.25 3 0
github.com/provide-io/flavor/go/flavor/pkg/utils/shellparse/parser.go:191.25,192.56 1 0
github.com/provide-io/flavor/go/flavor/pkg/utils/shellparse/parser.go:192.56,194.4 1 0
github.com/provide-io/flavor/go/flavor/pkg/utils/shellparse/parser.go:195.3,195.23 1 0
github.com/provide-io/flavor/go/flavor/pkg/utils/shellparse/parser.go:197.2,199.24 2 0
github.com/provide-io/flavor/go/flavor/pkg/psp/format_2025/builder.go:47.123,52.23 3 0
github.com/provide-io/flavor/go/flavor/pkg/psp/format_2025/builder.go:52.23,55.3 2 0
github.com/provide-io/flavor/go/flavor/pkg/psp/format_2025/builder.go:55.8,55.70 1 0
github.com/provide-io/flavor/go/flavor/pkg/psp/format_2025/builder.go:55.70,58.3 2 0
github.com/provide-io/flavor/go/flavor/pkg/psp/format_2025/builder.go:58.8,58.63 1 0
github.com/provide-io/flavor/go/flavor/pkg/psp/format_2025/builder.go:58.63,61.3 2 0
github.com/provide-io/flavor/go/flavor/pkg/psp/format_2025/builder.go:61.8,64.3 2 0
github.com/provide-io/flavor/go/flavor/pkg/psp/format_2025/builder.go:67.2,69.41 3 0
github.com/provide-io/flavor/go/flavor/pkg/psp/format_2025/builder.go:69.41,72.21 3 0
github.com/provide-io/flavor/go/flavor/pkg/psp/format_2025/builder.go:72.21,74.4 1 0
github.com/provide-io/flavor/go/flavor/pkg/psp/format_2025/builder.go:74.9,76.4 1 0
github.com/provide-io/flavor/go/flavor/pkg/psp/format_2025/builder.go:80.2,83.53 2 0
github.com/provide-io/flavor/go/flavor/pkg/psp/format_2025/builder.go:83.53,84.119 1 0
github.com/provide-io/flavor/go/flavor/pkg/psp/format_2025/builder.go:84.119,85.17 1 0
github.com/provide-io/flavor/go/flavor/pkg/psp/format_2025/builder.go:85.17,85.37 1 0
github.com/provide-io/flavor/go/flavor/pkg/psp/format_2025/builder.go:86.4,86.17 1 0
github.com/provide-io/flavor/go/flavor/pkg/psp/format_2025/builder.go:91.2,91.17 1 0
github.com/provide-io/flavor/go/flavor/pkg/psp/format_2025/builder.go:91.17,93.3 1 0
github.com/provide-io/flavor/go/flavor/pkg/psp/format_2025/builder.go:95.2,101.28 1 0
github.com/provide-io/flavor/go/flavor/pkg/psp/format_2025/builder.go:101.28,103.4 1 0
github.com/provide-io/flavor/go/flavor/pkg/psp/format_2025/builder.go:107.2,112.98 4 0
github.com/provide-io/flavor/go/flavor/pkg/psp/format_2025/builder.go:116.109,118.2 1 0
github.com/provide-io/flavor/go/flavor/pkg/psp/format_2025/builder.go:123.121,127.16 2 0
github.com/provide-io/flavor/go/flavor/pkg/psp/format_2025/builder.go:127.16,130.3 2 0
github.com/provide-io/flavor/go/flavor/pkg/psp/format_2025/builder.go:132.2,133.62 2 0
github.com/provide-io/flavor/go/flavor/pkg/psp/format_2025/builder.go:133.62,136.3 2 0
github.com/provide-io/flavor/go/flavor/pkg/psp/format_2025/builder.go:140.2,141.24 2 0
github.com/provide-io/flavor/go/flavor/pkg/psp/format_2025/builder.go:141.24,143.3 1 0
github.com/provide-io/flavor/go/flavor/pkg/psp/format_2025/builder.go:144.2,144.24 1 0
github.com/provide-io/flavor/go/flavor/pkg/psp/format_2025/builder.go:144.24,147.3 2 0
github.com/provide-io/flavor/go/flavor/pkg/psp/format_2025/builder.go:148.2,153.16 4 0
github.com/provide-io/flavor/go/flavor/pkg/psp/format_2025/builder.go:153.16,155.3 1 0
github.com/provide-io/flavor/go/flavor/pkg/psp/format_2025/builder.go:155.8,158.3 2 0
github.com/provide-io/flavor/go/flavor/pkg/psp/format_2025/builder.go:160.2,162.16 3 0
github.com/provide-io/flavor/go/flavor/pkg/psp/format_2025/builder.go:162.16,165.3 2 0
github.com/provide-io/flavor/go/flavor/pkg/psp/format_2025/builder.go:166.2,170.16 3 0
github.com/provide-io/flavor/go/flavor/pkg/psp/format_2025/builder.go:170.16,173.3 2 0
github.com/provide-io/flavor/go/flavor/pkg/psp/format_2025/builder.go:174.2,179.70 4 0
github.com/provide-io/flavor/go/flavor/pkg/psp/format_2025/builder.go:179.70,182.3 2 0
github.com/provide-io/flavor/go/flavor/pkg/psp/format_2025/builder.go:185.2,187.16 3 0
github.com/provide-io/flavor/go/flavor/pkg/psp/format_2025/builder.go:187.16,190.3 2 0
github.com/provide-io/flavor/go/flavor/pkg/psp/format_2025/builder.go:195.2,196.51 2 0
github.com/provide-io/flavor/go/flavor/pkg/psp/format_2025/builder.go:196.51,199.3 2 0
github.com/provide-io/flavor/go/flavor/pkg/psp/format_2025/builder.go:200.2,214.26 7 0
github.com/provide-io/flavor/go/flavor/pkg/psp/format_2025/builder.go:214.26,218.17 3 0
github.com/provide-io/flavor/go/flavor/pkg/psp/format_2025/builder.go:218.17,221.4 2 0
github.com/provide-io/flavor/go/flavor/pkg/psp/format_2025/builder.go:222.3,222.42 1 0
github.com/provide-io/flavor/go/flavor/pkg/psp/format_2025/builder.go:223.8,223.26 1 0
github.com/provide-io/flavor/go/flavor/pkg/psp/format_2025/builder.go:223.26,229.23 3 0
github.com/provide-io/flavor/go/flavor/pkg/psp/format_2025/builder.go:229.23,231.24 2 0
github.com/provide-io/flavor/go/flavor/pkg/psp/format_2025/builder.go:231.24,234.5 2 0
github.com/provide-io/flavor/go/flavor/pkg/psp/format_2025/builder.go:237.3,240.96 4 0
github.com/provide-io/flavor/go/flavor/pkg/psp/format_2025/builder.go:241.8,245.17 3 0
github.com/provide-io/flavor/go/flavor/pkg/psp/format_2025/builder.go:245.17,248.4 2 0
github.com/provide-io/flavor/go/flavor/pkg/psp/format_2025/builder.go:249.3,249.51 1 0
github.com/provide-io/flavor/go/flavor/pkg/psp/format_2025/builder.go:251.2,260.64 6 0
github.com/provide-io/flavor/go/flavor/pkg/psp/format_2025/builder.go:260.64,261.70 1 0
github.com/provide-io/flavor/go/flavor/pkg/psp/format_2025/builder.go:261.70,263.4 1 0
github.com/provide-io/flavor/go/flavor/pkg/psp/format_2025/builder.go:263.9,265.4 1 0
github.com/provide-io/flavor/go/flavor/pkg/psp/format_2025/builder.go:266.3,266.65 1 0
github.com/provide-io/flavor/go/flavor/pkg/psp/format_2025/builder.go:267.8,270.17 3 0
github.com/provide-io/flavor/go/flavor/pkg/psp/format_2025/builder.go:270.17,273.4 2 0
github.com/provide-io/flavor/go/flavor/pkg/psp/format_2025/builder.go:273.9,275.4 1 0
github.com/provide-io/flavor/go/flavor/pkg/psp/format_2025/builder.go:279.2,280.35 2 0
github.com/provide-io/flavor/go/flavor/pkg/psp/format_2025/builder.go:280.35,285.3 1 0
github.com/provide-io/flavor/go/flavor/pkg/psp/format_2025/builder.go:288.2,289.27 2 0
github.com/provide-io/flavor/go/flavor/pkg/psp/format_2025/builder.go:289.27,293.3 1 0
github.com/provide-io/flavor/go/flavor/pkg/psp/format_2025/builder.go:295.2,332.53 3 0
github.com/provide-io/flavor/go/flavor/pkg/psp/format_2025/builder.go:332.53,335.3 2 0
github.com/provide-io/flavor/go/flavor/pkg/psp/format_2025/builder.go:338.2,347.16 6 0
github.com/provide-io/flavor/go/flavor/pkg/psp/format_2025/builder.go:347.16,350.3 2 0
github.com/provide-io/flavor/go/flavor/pkg/psp/format_2025/builder.go:351.2,353.16 3 0
github.com/provide-io/flavor/go/flavor/pkg/psp/format_2025/builder.go:353.16,356.3 2 0
github.com/provide-io/flavor/go/flavor/pkg/psp/format_2025/builder.go:357.2,364.16 5 0
github.com/provide-io/flavor/go/flavor/pkg/psp/format_2025/builder.go:364.16,367.3 2 0
github.com/provide-io/flavor/go/flavor/pkg/psp/format_2025/builder.go:368.2,369.56 2 0
github.com/provide-io/flavor/go/flavor/pkg/psp/format_2025/builder.go:369.56,372.3 2 0
github.com/provide-io/flavor/go/flavor/pkg/psp/format_2025/builder.go:374.2,381.75 6 0
github.com/provide-io/flavor/go/flavor/pkg/psp/format_2025/builder.go:381.75,384.3 2 0
github.com/provide-io/flavor/go/flavor/pkg/psp/format_2025/builder.go:387.2,387.45 1 0
github.com/provide-io/flavor/go/flavor/pkg/psp/format_2025/builder.go:387.45,389.27 1 0
github.com/provide-io/flavor/go/flavor/pkg/psp/format_2025/builder.go:389.27,392.12 3 0
github.com/provide-io/flavor/go/flavor/pkg/psp/format_2025/builder.go:396.3,397.17 2 0
github.com/provide-io/flavor/go/flavor/pkg/psp/format_2025/builder.go:397.17,400.4 2 0
github.com/provide-io/flavor/go/flavor/pkg/psp/format_2025/builder.go:401.3,402.30 2 0
github.com/provide-io/flavor/go/flavor/pkg/psp/format_2025/builder.go:402.30,404.48 2 0
github.com/provide-io/flavor/go/flavor/pkg/psp/format_2025/builder.go:404.48,407.5 2 0
github.com/provide-io/flavor/go/flavor/pkg/psp/format_2025/builder.go:411.3,414.50 4 0
github.com/provide-io/flavor/go/flavor/pkg/psp/format_2025/builder.go:414.50,417.4 2 0
github.com/provide-io/flavor/go/flavor/pkg/psp/format_2025/builder.go:421.2,422.16 2 0
github.com/provide-io/flavor/go/flavor/pkg/psp/format_2025/builder.go:422.16,425.3 2 0
github.com/provide-io/flavor/go/flavor/pkg/psp/format_2025/builder.go:426.2,426.56 1 0
github.com/provide-io/flavor/go/flavor/pkg/psp/format_2025/builder.go:426.56,429.3 2 0
github.com/provide-io/flavor/go/flavor/pkg/psp/format_2025/builder.go:432.2,432.39 1 0
github.com/provide-io/flavor/go/flavor/pkg/psp/format_2025/builder.go:432.39,433.70 1 0
github.com/provide-io/flavor/go/flavor/pkg/psp/format_2025/builder.go:433.70,436.4 2 0
github.com/provide-io/flavor/go/flavor/pkg/psp/format_2025/builder.go:440.2,440.51 1 0
github.com/provide-io/flavor/go/flavor/pkg/psp/format_2025/builder.go:440.51,443.3 2 0
github.com/provide-io/flavor/go/flavor/pkg/psp/format_2025/builder.go:446.2,451.16 3 0
github.com/provide-io/flavor/go/flavor/pkg/psp/format_2025/builder.go:451.16,454.3 2 0
github.com/provide-io/flavor/go/flavor/pkg/psp/format_2025/builder.go:455.2,455.59 1 0
github.com/provide-io/flavor/go/flavor/pkg/psp/format_2025/builder.go:455.59,458.3 2 0
github.com/provide-io/flavor/go/flavor/pkg/psp/format_2025/builder.go:459.2,460.52 2 0
github.com/provide-io/flavor/go/flavor/pkg/psp/format_2025/builder.go:460.52,463.3 2 0
github.com/provide-io/flavor/go/flavor/pkg/psp/format_2025/builder.go:464.2,464.49 1 0
github.com/provide-io/flavor/go/flavor/pkg/psp/format_2025/builder.go:464.49,467.3 2 0
github.com/provide-io/flavor/go/flavor/pkg/psp/format_2025/builder.go:470.2,476.16 4 0
github.com/provide-io/flavor/go/flavor/pkg/psp/format_2025/builder.go:476.16,479.3 2 0
github.com/provide-io/flavor/go/flavor/pkg/psp/format_2025/builder.go:480.2,494.56 8 0
github.com/provide-io/flavor/go/flavor/pkg/psp/format_2025/builder.go:494.56,497.3 2 0
github.com/provide-io/flavor/go/flavor/pkg/psp/format_2025/builder.go:500.2,500.51 1 0
github.com/provide-io/flavor/go/flavor/pkg/psp/format_2025/builder.go:500.51,503.3 2 0
github.com/provide-io/flavor/go/flavor/pkg/psp/format_2025/builder.go:506.2,506.58 1 0
github.com/provide-io/flavor/go/flavor/pkg/psp/format_2025/builder.go:506.58,509.3 2 0
github.com/provide-io/flavor/go/flavor/pkg/psp/format_2025/builder.go:511.2,524.75 3 0
github.com/provide-io/flavor/go/flavor/pkg/psp/format_2025/builder.go:524.75,527.3 2 0
github.com/provide-io/flavor/go/flavor/pkg/psp/format_2025/builder.go:528.2,533.36 2 0
github.com/provide-io/flavor/go/flavor/pkg/psp/format_2025/builder.go:533.36,536.3 2 0
github.com/provide-io/flavor/go/flavor/pkg/psp/format_2025/builder.go:537.2,542.56 2 0
github.com/provide-io/flavor/go/flavor/pkg/psp/format_2025/builder.go:542.56,545.86 2 0
github.com/provide-io/flavor/go/flavor/pkg/psp/format_2025/builder.go:545.86,548.4 2 0
github.com/provide-io/flavor/go/flavor/pkg/psp/format_2025/builder.go:550.3,550.63 1 0
github.com/provide-io/flavor/go/flavor/pkg/psp/format_2025/builder.go:559.80,561.2 1 0
github.com/provide-io/flavor/go/flavor/pkg/psp/format_2025/builder.go:563.98,565.2 1 0
github.com/provide-io/flavor/go/flavor/pkg/psp/format_2025/builder.go:567.97,569.23 1 0
github.com/provide-io/flavor/go/flavor/pkg/psp/format_2025/builder.go:569.23,572.3 2 0
github.com/provide-io/flavor/go/flavor/pkg/psp/format_2025/builder.go:574.2,577.26 2 0
github.com/provide-io/flavor/go/flavor/pkg/psp/format_2025/builder.go:577.26,580.3 2 0
github.com/provide-io/flavor/go/flavor/pkg/psp/format_2025/builder.go:582.2,583.14 2 0
github.com/provide-io/flavor/go/flavor/pkg/psp/format_2025/builder.go:591.98,592.45 1 0
github.com/provide-io/flavor/go/flavor/pkg/psp/format_2025/builder.go:592.45,594.3 1 0
github.com/provide-io/flavor/go/flavor/pkg/psp/format_2025/builder.go:596.2,602.50 5 0
github.com/provide-io/flavor/go/flavor/pkg/psp/format_2025/builder.go:602.50,604.3 1 0
github.com/provide-io/flavor/go/flavor/pkg/psp/format_2025/builder.go:605.2,605.69 1 0
github.com/provide-io/flavor/go/flavor/pkg/psp/format_2025/builder.go:605.69,607.3 1 0
github.com/provide-io/flavor/go/flavor/pkg/psp/format_2025/builder.go:609.2,619.36 5 0
github.com/provide-io/flavor/go/flavor/pkg/psp/format_2025/builder.go:619.36,621.3 1 0
github.com/provide-io/flavor/go/flavor/pkg/psp/format_2025/builder.go:622.2,624.44 3 0
github.com/provide-io/flavor/go/flavor/pkg/psp/format_2025/builder.go:624.44,626.78 2 0
github.com/provide-io/flavor/go/flavor/pkg/psp/format_2025/builder.go:626.78,628.4 1 0
github.com/provide-io/flavor/go/flavor/pkg/psp/format_2025/builder.go:629.3,630.22 2 0
github.com/provide-io/flavor/go/flavor/pkg/psp/format_2025/builder.go:630.22,633.18 3 0
github.com/provide-io/flavor/go/flavor/pkg/psp/format_2025/builder.go:633.18,635.5 1 0
github.com/provide-io/flavor/go/flavor/pkg/psp/format_2025/builder.go:637.3,637.38 1 0
github.com/provide-io/flavor/go/flavor/pkg/psp/format_2025/builder.go:641.2,643.16 3 0
github.com/provide-io/flavor/go/flavor/pkg/psp/format_2025/builder.go:643.16,645.3 1 0
github.com/provide-io/flavor/go/flavor/pkg/psp/format_2025/builder.go:646.2,655.18 6 0
github.com/provide-io/flavor/go/flavor/pkg/psp/format_2025/builder.go:662.97,667.16 3 0
github.com/provide-io/flavor/go/flavor/pkg/psp/format_2025/builder.go:667.16,669.3 1 0
github.com/provide-io/flavor/go/flavor/pkg/psp/format_2025/builder.go:671.2,675.31 3 0
github.com/provide-io/flavor/go/flavor/pkg/psp/format_2025/builder.go:675.31,677.3 1 0
github.com/provide-io/flavor/go/flavor/pkg/psp/format_2025/builder.go:679.2,685.16 4 0
github.com/provide-io/flavor/go/flavor/pkg/psp/format_2025/builder.go:685.16,687.3 1 0
github.com/provide-io/flavor/go/flavor/pkg/psp/format_2025/builder.go:691.2,698.16 6 0
github.com/provide-io/flavor/go/flavor/pkg/psp/format_2025/builder.go:698.16,700.3 1 0
github.com/provide-io/flavor/go/flavor/pkg/psp/format_2025/builder.go:701.2,701.63 1 0
github.com/provide-io/flavor/go/flavor/pkg/psp/format_2025/builder.go:701.63,702.52 1 0
github.com/provide-io/flavor/go/flavor/pkg/psp/format_2025/builder.go:702.52,704.4 1 0
github.com/provide-io/flavor/go/flavor/pkg/psp/format_2025/builder.go:705.3,705.58 1 0
github.com/provide-io/flavor/go/flavor/pkg/psp/format_2025/builder.go:707.2,707.41 1 0
github.com/provide-io/flavor/go/flavor/pkg/psp/format_2025/builder.go:707.41,709.3 1 0
github.com/provide-io/flavor/go/flavor/pkg/psp/format_2025/builder.go:712.2,713.15 2 0
github.com/provide-io/flavor/go/flavor/pkg/psp/format_2025/builder.go:713.15,714.22 1 0
github.com/provide-io/flavor/go/flavor/pkg/psp/format_2025/builder.go:714.22,715.47 1 0
github.com/provide-io/flavor/go/flavor/pkg/psp/format_2025/builder.go:715.47,717.5 1 0
github.com/provide-io/flavor/go/flavor/pkg/psp/format_2025/builder.go:717.10,719.5 1 0
github.com/provide-io/flavor/go/flavor/pkg/psp/format_2025/builder.go:724.2,725.21 2 0
github.com/provide-io/flavor/go/flavor/pkg/psp/format_2025/builder.go:725.21,727.3 1 0
github.com/provide-io/flavor/go/flavor/pkg/psp/format_2025/builder.go:730.2,731.21 2 0
github.com/provide-io/flavor/go/flavor/pkg/psp/format_2025/builder.go:731.21,733.3 1 0
github.com/provide-io/flavor/go/flavor/pkg/psp/format_2025/builder.go:735.2,739.16 3 0
github.com/provide-io/flavor/go/flavor/pkg/psp/format_2025/builder.go:739.16,741.3 1 0
github.com/provide-io/flavor/go/flavor/pkg/psp/format_2025/builder.go:741.8,747.3 1 0
github.com/provide-io/flavor/go/flavor/pkg/psp/format_2025/builder.go:749.2,749.12 1 0
github.com/provide-io/flavor/go/flavor/pkg/psp/format_2025/builder.go:753.46,755.16 2 0
github.com/provide-io/flavor/go/flavor/pkg/psp/format_2025/builder.go:755.16,757.3 1 0
github.com/provide-io/flavor/go/flavor/pkg/psp/format_2025/builder.go:758.2,758.25 1 0
github.com/provide-io/flavor/go/flavor/pkg/psp/format_2025/builder.go:761.70,762.15 1 0
github.com/provide-io/flavor/go/flavor/pkg/psp/format_2025/builder.go:762.15,764.3 1 0
github.com/provide-io/flavor/go/flavor/pkg/psp/format_2025/builder.go:765.2,765.27 1 0
github.com/provide-io/flavor/go/flavor/pkg/psp/format_2025/builder.go:768.66,769.41 1 0
github.com/provide-io/flavor/go/flavor/pkg/psp/format_2025/builder.go:769.41,771.3 1 0
github.com/provide-io/flavor/go/flavor/pkg/psp/format_2025/builder.go:772.2,772.27 1 0
github.com/provide-io/flavor/go/flavor/pkg/psp/format_2025/builder.go:775.74,776.34 1 0
github.com/provide-io/flavor/go/flavor/pkg/psp/format_2025/builder.go:776.34,778.3 1 0
github.com/provide-io/flavor/go/flavor/pkg/psp/format_2025/builder.go:779.2,779.27 1 0
github.com/provide-io/flavor/go/flavor/pkg/psp/format_2025/builder.go:782.82,783.22 1 0
github.com/provide-io/flavor/go/flavor/pkg/psp/format_2025/builder.go:783.22,785.3 1 0
github.com/provide-io/flavor/go/flavor/pkg/psp/format_2025/builder.go:786.2,786.30 1 0
github.com/provide-io/flavor/go/flavor/pkg/psp/format_2025/builder.go:789.84,790.58 1 0
github.com/provide-io/flavor/go/flavor/pkg/psp/format_2025/builder.go:790.58,792.3 1 0
github.com/provide-io/flavor/go/flavor/pkg/psp/format_2025/builder.go:793.2,793.32 1 0
github.com/provide-io/flavor/go/flavor/pkg/psp/format_2025/builder_unix.go:15.76,20.56 2 0
github.com/provide-io/flavor/go/flavor/pkg/psp/format_2025/builder_unix.go:20.56,22.3 1 0
github.com/provide-io/flavor/go/flavor/pkg/psp/format_2025/builder_unix.go:24.2,28.12 2 0
github.com/provide-io/flavor/go/flavor/pkg/psp/format_2025/crypto.go:15.104,18.16 2 0
github.com/provide-io/flavor/go/flavor/pkg/psp/format_2025/crypto.go:18.16,20.3 1 0
github.com/provide-io/flavor/go/flavor/pkg/psp/format_2025/crypto.go:23.2,33.26 7 0
github.com/provide-io/flavor/go/flavor/pkg/psp/format_2025/crypto.go:37.109,40.16 2 0
github.com/provide-io/flavor/go/flavor/pkg/psp/format_2025/crypto.go:40.16,42.3 1 0
github.com/provide-io/flavor/go/flavor/pkg/psp/format_2025/crypto.go:44.2,45.18 2 0
github.com/provide-io/flavor/go/flavor/pkg/psp/format_2025/crypto.go:45.18,47.3 1 0
github.com/provide-io/flavor/go/flavor/pkg/psp/format_2025/crypto.go:49.2,52.68 2 0
github.com/provide-io/flavor/go/flavor/pkg/psp/format_2025/crypto.go:52.68,55.10 3 0
github.com/provide-io/flavor/go/flavor/pkg/psp/format_2025/crypto.go:55.10,57.4 1 0
github.com/provide-io/flavor/go/flavor/pkg/psp/format_2025/crypto.go:58.8,58.55 1 0
github.com/provide-io/flavor/go/flavor/pkg/psp/format_2025/crypto.go:58.55,61.3 1 0
github.com/provide-io/flavor/go/flavor/pkg/psp/format_2025/crypto.go:61.8,63.3 1 0
github.com/provide-io/flavor/go/flavor/pkg/psp/format_2025/crypto.go:66.2,67.25 2 0
github.com/provide-io/flavor/go/flavor/pkg/psp/format_2025/crypto.go:67.25,70.17 2 0
github.com/provide-io/flavor/go/flavor/pkg/psp/format_2025/crypto.go:70.17,72.4 1 0
github.com/provide-io/flavor/go/flavor/pkg/psp/format_2025/crypto.go:74.3,75.19 2 0
github.com/provide-io/flavor/go/flavor/pkg/psp/format_2025/crypto.go:75.19,77.4 1 0
github.com/provide-io/flavor/go/flavor/pkg/psp/format_2025/crypto.go:80.3,80.67 1 0
github.com/provide-io/flavor/go/flavor/pkg/psp/format_2025/crypto.go:80.67,83.11 3 0
github.com/provide-io/flavor/go/flavor/pkg/psp/format_2025/crypto.go:83.11,85.5 1 0
github.com/provide-io/flavor/go/flavor/pkg/psp/format_2025/crypto.go:86.9,86.55 1 0
github.com/provide-io/flavor/go/flavor/pkg/psp/format_2025/crypto.go:86.55,89.4 1 0
github.com/provide-io/flavor/go/flavor/pkg/psp/format_2025/crypto.go:89.9,91.4 1 0
github.com/provide-io/flavor/go/flavor/pkg/psp/format_2025/crypto.go:92.8,95.3 1 0
github.com/provide-io/flavor/go/flavor/pkg/psp/format_2025/crypto.go:97.2,97.35 1 0
github.com/provide-io/flavor/go/flavor/pkg/psp/format_2025/diskspace_unix.go:12.56,14.53 2 0
github.com/provide-io/flavor/go/flavor/pkg/psp/format_2025/diskspace_unix.go:14.53,16.3 1 0
github.com/provide-io/flavor/go/flavor/pkg/psp/format_2025/diskspace_unix.go:17.2,18.23 2 0
github.com/provide-io/flavor/go/flavor/pkg/psp/format_2025/execution.go:28.67,29.40 1 0
github.com/provide-io/flavor/go/flavor/pkg/psp/format_2025/execution.go:29.40,31.3 1 0
github.com/provide-io/flavor/go/flavor/pkg/psp/format_2025/execution.go:34.66,35.42 1 0
github.com/provide-io/flavor/go/flavor/pkg/psp/format_2025/execution.go:35.42,37.3 1 0
github.com/provide-io/flavor/go/flavor/pkg/psp/format_2025/execution.go:40.71,43.97 3 0
github.com/provide-io/flavor/go/flavor/pkg/psp/format_2025/execution.go:43.97,45.3 1 0
github.com/provide-io/flavor/go/flavor/pkg/psp/format_2025/execution.go:46.2,46.12 1 0
github.com/provide-io/flavor/go/flavor/pkg/psp/format_2025/execution.go:56.85,61.40 3 0
github.com/provide-io/flavor/go/flavor/pkg/psp/format_2025/execution.go:61.40,68.17 5 0
github.com/provide-io/flavor/go/flavor/pkg/psp/format_2025/execution.go:68.17,71.4 2 0
github.com/provide-io/flavor/go/flavor/pkg/psp/format_2025/execution.go:72.3,77.17 4 0
github.com/provide-io/flavor/go/flavor/pkg/psp/format_2025/execution.go:77.17,80.4 2 0
github.com/provide-io/flavor/go/flavor/pkg/psp/format_2025/execution.go:81.3,87.17 5 0
github.com/provide-io/flavor/go/flavor/pkg/psp/format_2025/execution.go:87.17,93.4 5 0
github.com/provide-io/flavor/go/flavor/pkg/psp/format_2025/execution.go:94.3,96.36 2 0
github.com/provide-io/flavor/go/flavor/pkg/psp/format_2025/execution.go:96.36,101.4 4 0
github.com/provide-io/flavor/go/flavor/pkg/psp/format_2025/execution.go:103.3,104.41 2 0
github.com/provide-io/flavor/go/flavor/pkg/psp/format_2025/execution.go:104.41,109.4 4 0
github.com/provide-io/flavor/go/flavor/pkg/psp/format_2025/execution.go:110.3,115.21 3 0
github.com/provide-io/flavor/go/flavor/pkg/psp/format_2025/execution.go:115.21,117.45 2 0
github.com/provide-io/flavor/go/flavor/pkg/psp/format_2025/execution.go:117.45,119.5 1 0
github.com/provide-io/flavor/go/flavor/pkg/psp/format_2025/execution.go:119.10,121.5 1 0
github.com/provide-io/flavor/go/flavor/pkg/psp/format_2025/execution.go:123.3,123.31 1 0
github.com/provide-io/flavor/go/flavor/pkg/psp/format_2025/execution.go:127.2,129.26 3 0
github.com/provide-io/flavor/go/flavor/pkg/psp/format_2025/execution.go:132.110,135.16 2 0
github.com/provide-io/flavor/go/flavor/pkg/psp/format_2025/execution.go:135.16,138.3 2 0
github.com/provide-io/flavor/go/flavor/pkg/psp/format_2025/execution.go:139.2,139.20 1 0
github.com/provide-io/flavor/go/flavor/pkg/psp/format_2025/execution.go:139.20,141.3 1 0
github.com/provide-io/flavor/go/flavor/pkg/psp/format_2025/execution.go:143.2,144.16 2 0
github.com/provide-io/flavor/go/flavor/pkg/psp/format_2025/execution.go:144.16,147.3 2 0
github.com/provide-io/flavor/go/flavor/pkg/psp/format_2025/execution.go:148.2,148.15 1 0
github.com/provide-io/flavor/go/flavor/pkg/psp/format_2025/execution.go:148.15,149.40 1 0
github.com/provide-io/flavor/go/flavor/pkg/psp/format_2025/execution.go:149.40,151.4 1 0
github.com/provide-io/flavor/go/flavor/pkg/psp/format_2025/execution.go:155.2,156.16 2 0
github.com/provide-io/flavor/go/flavor/pkg/psp/format_2025/execution.go:156.16,159.3 2 0
github.com/provide-io/flavor/go/flavor/pkg/psp/format_2025/execution.go:163.2,165.36 3 0
github.com/provide-io/flavor/go/flavor/pkg/psp/format_2025/execution.go:165.36,166.13 1 0
github.com/provide-io/flavor/go/flavor/pkg/psp/format_2025/execution.go:166.13,168.9 2 0
github.com/provide-io/flavor/go/flavor/pkg/psp/format_2025/execution.go:171.2,172.18 2 0
github.com/provide-io/flavor/go/flavor/pkg/psp/format_2025/execution.go:172.18,174.17 2 0
github.com/provide-io/flavor/go/flavor/pkg/psp/format_2025/execution.go:174.17,176.4 1 0
github.com/provide-io/flavor/go/flavor/pkg/psp/format_2025/execution.go:176.9,177.50 1 0
github.com/provide-io/flavor/go/flavor/pkg/psp/format_2025/execution.go:177.50,179.5 1 0
github.com/provide-io/flavor/go/flavor/pkg/psp/format_2025/execution.go:181.4,182.18 2 0
github.com/provide-io/flavor/go/flavor/pkg/psp/format_2025/execution.go:182.18,184.5 1 0
github.com/provide-io/flavor/go/flavor/pkg/psp/format_2025/execution.go:184.10,184.29 1 0
github.com/provide-io/flavor/go/flavor/pkg/psp/format_2025/execution.go:184.29,186.5 1 0
github.com/provide-io/flavor/go/flavor/pkg/psp/format_2025/execution.go:186.10,186.23 1 0
github.com/provide-io/flavor/go/flavor/pkg/psp/format_2025/execution.go:186.23,188.5 1 0
github.com/provide-io/flavor/go/flavor/pkg/psp/format_2025/execution.go:188.10,193.5 4 0
github.com/provide-io/flavor/go/flavor/pkg/psp/format_2025/execution.go:195.8,195.32 1 0
github.com/provide-io/flavor/go/flavor/pkg/psp/format_2025/execution.go:195.32,197.3 1 0
github.com/provide-io/flavor/go/flavor/pkg/psp/format_2025/execution.go:199.2,201.25 2 0
github.com/provide-io/flavor/go/flavor/pkg/psp/format_2025/execution.go:202.22,205.103 3 0
github.com/provide-io/flavor/go/flavor/pkg/psp/format_2025/execution.go:206.10,209.17 3 0
github.com/provide-io/flavor/go/flavor/pkg/psp/format_2025/execution.go:209.17,210.27 1 0
github.com/provide-io/flavor/go/flavor/pkg/psp/format_2025/execution.go:211.46,214.110 3 0
github.com/provide-io/flavor/go/flavor/pkg/psp/format_2025/execution.go:215.12,217.71 2 0
github.com/provide-io/flavor/go/flavor/pkg/psp/format_2025/execution.go:219.9,219.20 1 0
github.com/provide-io/flavor/go/flavor/pkg/psp/format_2025/execution.go:219.20,220.27 1 0
github.com/provide-io/flavor/go/flavor/pkg/psp/format_2025/execution.go:221.46,225.102 4 0
github.com/provide-io/flavor/go/flavor/pkg/psp/format_2025/execution.go:226.28,230.101 4 0
github.com/provide-io/flavor/go/flavor/pkg/psp/format_2025/execution.go:231.12,233.68 2 0
github.com/provide-io/flavor/go/flavor/pkg/psp/format_2025/execution.go:235.9,237.4 1 0
github.com/provide-io/flavor/go/flavor/pkg/psp/format_2025/execution.go:240.3,241.62 2 0
github.com/provide-io/flavor/go/flavor/pkg/psp/format_2025/execution.go:241.62,242.27 1 0
github.com/provide-io/flavor/go/flavor/pkg/psp/format_2025/execution.go:243.46,246.119 3 0
github.com/provide-io/flavor/go/flavor/pkg/psp/format_2025/execution.go:247.12,249.80 2 0
github.com/provide-io/flavor/go/flavor/pkg/psp/format_2025/execution.go:251.9,253.4 1 0
github.com/provide-io/flavor/go/flavor/pkg/psp/format_2025/execution.go:256.3,257.62 2 0
github.com/provide-io/flavor/go/flavor/pkg/psp/format_2025/execution.go:257.62,258.27 1 0
github.com/provide-io/flavor/go/flavor/pkg/psp/format_2025/execution.go:259.46,262.119 3 0
github.com/provide-io/flavor/go/flavor/pkg/psp/format_2025/execution.go:263.12,265.80 2 0
github.com/provide-io/flavor/go/flavor/pkg/psp/format_2025/execution.go:267.9,269.4 1 0
github.com/provide-io/flavor/go/flavor/pkg/psp/format_2025/execution.go:272.2,273.16 2 0
github.com/provide-io/flavor/go/flavor/pkg/psp/format_2025/execution.go:273.16,276.3 2 0
github.com/provide-io/flavor/go/flavor/pkg/psp/format_2025/execution.go:278.2,279.31 2 0
github.com/provide-io/flavor/go/flavor/pkg/psp/format_2025/execution.go:279.31,282.3 2 0
github.com/provide-io/flavor/go/flavor/pkg/psp/format_2025/execution.go:282.8,284.3 1 0
github.com/provide-io/flavor/go/flavor/pkg/psp/format_2025/execution.go:287.2,288.22 2 0
github.com/provide-io/flavor/go/flavor/pkg/psp/format_2025/execution.go:288.22,291.3 2 0
github.com/provide-io/flavor/go/flavor/pkg/psp/format_2025/execution.go:293.2,294.28 2 0
github.com/provide-io/flavor/go/flavor/pkg/psp/format_2025/execution.go:294.28,296.3 1 0
github.com/provide-io/flavor/go/flavor/pkg/psp/format_2025/execution.go:298.2,301.38 3 0
github.com/provide-io/flavor/go/flavor/pkg/psp/format_2025/execution.go:301.38,302.38 1 0
github.com/provide-io/flavor/go/flavor/pkg/psp/format_2025/execution.go:302.38,304.9 2 0
github.com/provide-io/flavor/go/flavor/pkg/psp/format_2025/execution.go:308.2,309.18 2 0
github.com/provide-io/flavor/go/flavor/pkg/psp/format_2025/execution.go:309.18,312.3 2 0
github.com/provide-io/flavor/go/flavor/pkg/psp/format_2025/execution.go:313.2,313.100 1 0
github.com/provide-io/flavor/go/flavor/pkg/psp/format_2025/execution.go:313.100,316.3 2 0
github.com/provide-io/flavor/go/flavor/pkg/psp/format_2025/execution.go:317.2,321.65 3 0
github.com/provide-io/flavor/go/flavor/pkg/psp/format_2025/execution.go:321.65,327.3 3 0
github.com/provide-io/flavor/go/flavor/pkg/psp/format_2025/execution.go:327.8,331.3 2 0
github.com/provide-io/flavor/go/flavor/pkg/psp/format_2025/execution.go:333.2,338.77 3 0
github.com/provide-io/flavor/go/flavor/pkg/psp/format_2025/execution.go:338.77,341.3 2 0
github.com/provide-io/flavor/go/flavor/pkg/psp/format_2025/execution.go:342.2,345.68 2 0
github.com/provide-io/flavor/go/flavor/pkg/psp/format_2025/execution.go:345.68,346.56 1 0
github.com/provide-io/flavor/go/flavor/pkg/psp/format_2025/execution.go:346.56,350.85 2 0
github.com/provide-io/flavor/go/flavor/pkg/psp/format_2025/execution.go:350.85,352.5 1 0
github.com/provide-io/flavor/go/flavor/pkg/psp/format_2025/execution.go:353.4,354.76 2 0
github.com/provide-io/flavor/go/flavor/pkg/psp/format_2025/execution.go:354.76,357.5 2 0
github.com/provide-io/flavor/go/flavor/pkg/psp/format_2025/execution.go:360.4,360.26 1 0
github.com/provide-io/flavor/go/flavor/pkg/psp/format_2025/execution.go:360.26,363.19 2 0
github.com/provide-io/flavor/go/flavor/pkg/psp/format_2025/execution.go:363.19,364.71 1 0
github.com/provide-io/flavor/go/flavor/pkg/psp/format_2025/execution.go:364.71,366.7 1 0
github.com/provide-io/flavor/go/flavor/pkg/psp/format_2025/execution.go:366.12,368.7 1 0
github.com/provide-io/flavor/go/flavor/pkg/psp/format_2025/execution.go:375.2,378.14 3 0
github.com/provide-io/flavor/go/flavor/pkg/psp/format_2025/execution.go:378.14,381.17 3 0
github.com/provide-io/flavor/go/flavor/pkg/psp/format_2025/execution.go:381.17,384.4 1 0
github.com/provide-io/flavor/go/flavor/pkg/psp/format_2025/execution.go:385.3,386.19 2 0
github.com/provide-io/flavor/go/flavor/pkg/psp/format_2025/execution.go:386.19,388.4 1 0
github.com/provide-io/flavor/go/flavor/pkg/psp/format_2025/execution.go:388.9,390.4 1 0
github.com/provide-io/flavor/go/flavor/pkg/psp/format_2025/execution.go:391.8,393.3 1 0
github.com/provide-io/flavor/go/flavor/pkg/psp/format_2025/execution.go:395.2,397.19 2 0
github.com/provide-io/flavor/go/flavor/pkg/psp/format_2025/execution.go:397.19,399.65 1 0
github.com/provide-io/flavor/go/flavor/pkg/psp/format_2025/execution.go:399.65,401.4 1 0
github.com/provide-io/flavor/go/flavor/pkg/psp/format_2025/execution.go:404.3,405.17 2 0
github.com/provide-io/flavor/go/flavor/pkg/psp/format_2025/execution.go:405.17,408.4 2 0
github.com/provide-io/flavor/go/flavor/pkg/psp/format_2025/execution.go:409.3,409.20 1 0
github.com/provide-io/flavor/go/flavor/pkg/psp/format_2025/execution.go:409.20,412.63 2 0
github.com/provide-io/flavor/go/flavor/pkg/psp/format_2025/execution.go:412.63,414.5 1 0
github.com/provide-io/flavor/go/flavor/pkg/psp/format_2025/execution.go:416.4,417.18 2 0
github.com/provide-io/flavor/go/flavor/pkg/psp/format_2025/execution.go:417.18,419.5 1 0
github.com/provide-io/flavor/go/flavor/pkg/psp/format_2025/execution.go:420.4,420.14 1 0
github.com/provide-io/flavor/go/flavor/pkg/psp/format_2025/execution.go:420.14,422.5 1 0
github.com/provide-io/flavor/go/flavor/pkg/psp/format_2025/execution.go:423.4,423.23 1 0
github.com/provide-io/flavor/go/flavor/pkg/psp/format_2025/execution.go:425.3,429.17 3 0
github.com/provide-io/flavor/go/flavor/pkg/psp/format_2025/execution.go:429.17,431.4 1 0
github.com/provide-io/flavor/go/flavor/pkg/psp/format_2025/execution.go:434.3,434.81 1 0
github.com/provide-io/flavor/go/flavor/pkg/psp/format_2025/execution.go:434.81,436.4 1 0
github.com/provide-io/flavor/go/flavor/pkg/psp/format_2025/execution.go:437.8,439.39 2 0
github.com/provide-io/flavor/go/flavor/pkg/psp/format_2025/execution.go:439.39,441.4 1 0
github.com/provide-io/flavor/go/flavor/pkg/psp/format_2025/execution.go:445.2,445.54 1 0
github.com/provide-io/flavor/go/flavor/pkg/psp/format_2025/execution.go:445.54,448.79 3 0
github.com/provide-io/flavor/go/flavor/pkg/psp/format_2025/execution.go:448.79,451.4 2 0
github.com/provide-io/flavor/go/flavor/pkg/psp/format_2025/execution.go:453.3,453.60 1 0
github.com/provide-io/flavor/go/flavor/pkg/psp/format_2025/execution.go:453.60,458.43 4 0
github.com/provide-io/flavor/go/flavor/pkg/psp/format_2025/execution.go:459.16,460.19 1 0
github.com/provide-io/flavor/go/flavor/pkg/psp/format_2025/execution.go:461.32,469.43 6 0
github.com/provide-io/flavor/go/flavor/pkg/psp/format_2025/execution.go:469.43,470.72 1 0
github.com/provide-io/flavor/go/flavor/pkg/psp/format_2025/execution.go:470.72,475.77 4 0
github.com/provide-io/flavor/go/flavor/pkg/psp/format_2025/execution.go:475.77,478.8 2 0
github.com/provide-io/flavor/go/flavor/pkg/psp/format_2025/execution.go:480.7,481.21 2 0
github.com/provide-io/flavor/go/flavor/pkg/psp/format_2025/execution.go:481.21,483.8 1 0
github.com/provide-io/flavor/go/flavor/pkg/psp/format_2025/execution.go:485.7,486.45 2 0
github.com/provide-io/flavor/go/flavor/pkg/psp/format_2025/execution.go:486.45,489.8 2 0
github.com/provide-io/flavor/go/flavor/pkg/psp/format_2025/execution.go:489.13,491.8 1 0
github.com/provide-io/flavor/go/flavor/pkg/psp/format_2025/execution.go:493.11,493.39 1 0
github.com/provide-io/flavor/go/flavor/pkg/psp/format_2025/execution.go:493.39,500.76 6 0
github.com/provide-io/flavor/go/flavor/pkg/psp/format_2025/execution.go:500.76,503.7 2 0
github.com/provide-io/flavor/go/flavor/pkg/psp/format_2025/execution.go:505.6,510.52 5 0
github.com/provide-io/flavor/go/flavor/pkg/psp/format_2025/execution.go:510.52,512.25 2 0
github.com/provide-io/flavor/go/flavor/pkg/psp/format_2025/execution.go:512.25,515.8 2 0
github.com/provide-io/flavor/go/flavor/pkg/psp/format_2025/execution.go:516.7,516.25 1 0
github.com/provide-io/flavor/go/flavor/pkg/psp/format_2025/execution.go:519.6,519.81 1 0
github.com/provide-io/flavor/go/flavor/pkg/psp/format_2025/execution.go:519.81,522.7 2 0
github.com/provide-io/flavor/go/flavor/pkg/psp/format_2025/execution.go:524.6,524.14 1 0
github.com/provide-io/flavor/go/flavor/pkg/psp/format_2025/execution.go:525.11,527.6 1 0
github.com/provide-io/flavor/go/flavor/pkg/psp/format_2025/execution.go:528.12,530.13 2 0
github.com/provide-io/flavor/go/flavor/pkg/psp/format_2025/execution.go:533.4,533.22 1 0
github.com/provide-io/flavor/go/flavor/pkg/psp/format_2025/execution.go:533.22,534.26 1 0
github.com/provide-io/flavor/go/flavor/pkg/psp/format_2025/execution.go:534.26,538.6 3 0
github.com/provide-io/flavor/go/flavor/pkg/psp/format_2025/execution.go:540.5,541.25 2 0
github.com/provide-io/flavor/go/flavor/pkg/psp/format_2025/execution.go:541.25,545.6 2 0
github.com/provide-io/flavor/go/flavor/pkg/psp/format_2025/execution.go:545.11,548.20 2 0
github.com/provide-io/flavor/go/flavor/pkg/psp/format_2025/execution.go:548.20,551.7 2 0
github.com/provide-io/flavor/go/flavor/pkg/psp/format_2025/execution.go:552.6,552.25 1 0
github.com/provide-io/flavor/go/flavor/pkg/psp/format_2025/execution.go:552.25,553.15 1 0
github.com/provide-io/flavor/go/flavor/pkg/psp/format_2025/execution.go:556.6,557.66 2 0
github.com/provide-io/flavor/go/flavor/pkg/psp/format_2025/execution.go:560.5,565.39 4 0
github.com/provide-io/flavor/go/flavor/pkg/psp/format_2025/execution.go:565.39,566.41 1 0
github.com/provide-io/flavor/go/flavor/pkg/psp/format_2025/execution.go:566.41,568.35 2 0
github.com/provide-io/flavor/go/flavor/pkg/psp/format_2025/execution.go:568.35,570.8 1 0
github.com/provide-io/flavor/go/flavor/pkg/psp/format_2025/execution.go:571.7,572.12 2 0
github.com/provide-io/flavor/go/flavor/pkg/psp/format_2025/execution.go:576.5,577.62 2 0
github.com/provide-io/flavor/go/flavor/pkg/psp/format_2025/execution.go:577.62,580.6 2 0
github.com/provide-io/flavor/go/flavor/pkg/psp/format_2025/execution.go:585.3,586.65 2 0
github.com/provide-io/flavor/go/flavor/pkg/psp/format_2025/execution.go:589.2,589.31 1 0
github.com/provide-io/flavor/go/flavor/pkg/psp/format_2025/execution.go:589.31,592.3 2 0
github.com/provide-io/flavor/go/flavor/pkg/psp/format_2025/execution.go:594.2,595.35 2 0
github.com/provide-io/flavor/go/flavor/pkg/psp/format_2025/execution.go:595.35,599.3 2 0
github.com/provide-io/flavor/go/flavor/pkg/psp/format_2025/execution.go:600.2,604.41 4 0
github.com/provide-io/flavor/go/flavor/pkg/psp/format_2025/execution.go:604.41,605.44 1 0
github.com/provide-io/flavor/go/flavor/pkg/psp/format_2025/execution.go:605.44,607.46 2 0
github.com/provide-io/flavor/go/flavor/pkg/psp/format_2025/execution.go:607.46,610.5 2 0
github.com/provide-io/flavor/go/flavor/pkg/psp/format_2025/execution.go:615.2,616.16 2 0
github.com/provide-io/flavor/go/flavor/pkg/psp/format_2025/execution.go:616.16,619.3 2 0
github.com/provide-io/flavor/go/flavor/pkg/psp/format_2025/execution.go:620.2,620.21 1 0
github.com/provide-io/flavor/go/flavor/pkg/psp/format_2025/execution.go:620.21,623.3 2 0
github.com/provide-io/flavor/go/flavor/pkg/psp/format_2025/execution.go:625.2,626.19 2 0
github.com/provide-io/flavor/go/flavor/pkg/psp/format_2025/execution.go:626.19,628.3 1 0
github.com/provide-io/flavor/go/flavor/pkg/psp/format_2025/execution.go:631.2,661.30 16 0
github.com/provide-io/flavor/go/flavor/pkg/psp/format_2025/execution.go:661.30,662.38 1 0
github.com/provide-io/flavor/go/flavor/pkg/psp/format_2025/execution.go:662.38,664.32 2 0
github.com/provide-io/flavor/go/flavor/pkg/psp/format_2025/execution.go:664.32,666.5 1 0
github.com/provide-io/flavor/go/flavor/pkg/psp/format_2025/execution.go:667.4,669.9 3 0
github.com/provide-io/flavor/go/flavor/pkg/psp/format_2025/execution.go:672.2,672.16 1 0
github.com/provide-io/flavor/go/flavor/pkg/psp/format_2025/execution.go:672.16,674.31 2 0
github.com/provide-io/flavor/go/flavor/pkg/psp/format_2025/execution.go:674.31,676.4 1 0
github.com/provide-io/flavor/go/flavor/pkg/psp/format_2025/execution.go:677.3,677.87 1 0
github.com/provide-io/flavor/go/flavor/pkg/psp/format_2025/execution.go:681.2,681.60 1 0
github.com/provide-io/flavor/go/flavor/pkg/psp/format_2025/execution.go:681.60,684.3 2 0
github.com/provide-io/flavor/go/flavor/pkg/psp/format_2025/execution.go:687.2,687.43 1 0
github.com/provide-io/flavor/go/flavor/pkg/psp/format_2025/execution.go:687.43,689.52 2 0
github.com/provide-io/flavor/go/flavor/pkg/psp/format_2025/execution.go:689.52,690.37 1 0
github.com/provide-io/flavor/go/flavor/pkg/psp/format_2025/execution.go:690.37,693.5 2 0
github.com/provide-io/flavor/go/flavor/pkg/psp/format_2025/execution.go:694.4,695.67 2 0
github.com/provide-io/flavor/go/flavor/pkg/psp/format_2025/execution.go:699.2,712.17 10 0
github.com/provide-io/flavor/go/flavor/pkg/psp/format_2025/execution_cache.go:17.89,20.38 2 0
github.com/provide-io/flavor/go/flavor/pkg/psp/format_2025/execution_cache.go:20.38,22.3 1 0
github.com/provide-io/flavor/go/flavor/pkg/psp/format_2025/execution_cache.go:25.2,27.16 3 0
github.com/provide-io/flavor/go/flavor/pkg/psp/format_2025/execution_cache.go:27.16,30.3 2 0
github.com/provide-io/flavor/go/flavor/pkg/psp/format_2025/execution_cache.go:33.2,38.33 4 0
github.com/provide-io/flavor/go/flavor/pkg/psp/format_2025/execution_cache.go:38.33,43.3 2 0
github.com/provide-io/flavor/go/flavor/pkg/psp/format_2025/execution_cache.go:45.2,46.12 2 0
github.com/provide-io/flavor/go/flavor/pkg/psp/format_2025/execution_cache.go:50.110,55.16 3 0
github.com/provide-io/flavor/go/flavor/pkg/psp/format_2025/execution_cache.go:55.16,56.25 1 0
github.com/provide-io/flavor/go/flavor/pkg/psp/format_2025/execution_cache.go:56.25,58.4 1 0
github.com/provide-io/flavor/go/flavor/pkg/psp/format_2025/execution_cache.go:58.9,60.4 1 0
github.com/provide-io/flavor/go/flavor/pkg/psp/format_2025/execution_cache.go:61.3,61.20 1 0
github.com/provide-io/flavor/go/flavor/pkg/psp/format_2025/execution_cache.go:64.2,67.42 3 0
github.com/provide-io/flavor/go/flavor/pkg/psp/format_2025/execution_cache.go:67.42,70.3 2 0
github.com/provide-io/flavor/go/flavor/pkg/psp/format_2025/execution_cache.go:73.2,74.25 2 0
github.com/provide-io/flavor/go/flavor/pkg/psp/format_2025/execution_cache.go:75.41,79.20 4 0
github.com/provide-io/flavor/go/flavor/pkg/psp/format_2025/execution_cache.go:80.25,84.20 4 0
github.com/provide-io/flavor/go/flavor/pkg/psp/format_2025/execution_cache.go:85.26,90.20 5 0
github.com/provide-io/flavor/go/flavor/pkg/psp/format_2025/execution_cache.go:91.10,95.115 4 0
github.com/provide-io/flavor/go/flavor/pkg/psp/format_2025/execution_cache.go:100.91,102.71 2 0
github.com/provide-io/flavor/go/flavor/pkg/psp/format_2025/execution_cache.go:102.71,104.3 1 0
github.com/provide-io/flavor/go/flavor/pkg/psp/format_2025/execution_cache.go:106.2,111.16 4 0
github.com/provide-io/flavor/go/flavor/pkg/psp/format_2025/execution_cache.go:111.16,114.3 2 0
github.com/provide-io/flavor/go/flavor/pkg/psp/format_2025/execution_cache.go:115.2,115.15 1 0
github.com/provide-io/flavor/go/flavor/pkg/psp/format_2025/execution_cache.go:115.15,115.35 1 0
github.com/provide-io/flavor/go/flavor/pkg/psp/format_2025/execution_cache.go:117.2,117.57 1 0
github.com/provide-io/flavor/go/flavor/pkg/psp/format_2025/execution_cache.go:117.57,120.3 2 0
github.com/provide-io/flavor/go/flavor/pkg/psp/format_2025/execution_cache.go:123.2,123.36 1 0
github.com/provide-io/flavor/go/flavor/pkg/psp/format_2025/execution_cache.go:123.36,126.3 2 0
github.com/provide-io/flavor/go/flavor/pkg/psp/format_2025/execution_cache.go:128.2,129.12 2 0
github.com/provide-io/flavor/go/flavor/pkg/psp/format_2025/execution_cache.go:152.90,154.72 2 0
github.com/provide-io/flavor/go/flavor/pkg/psp/format_2025/execution_cache.go:154.72,156.3 1 0
github.com/provide-io/flavor/go/flavor/pkg/psp/format_2025/execution_cache.go:159.2,180.69 4 0
github.com/provide-io/flavor/go/flavor/pkg/psp/format_2025/execution_cache.go:180.69,183.3 2 0
github.com/provide-io/flavor/go/flavor/pkg/psp/format_2025/execution_cache.go:185.2,186.12 2 0
github.com/provide-io/flavor/go/flavor/pkg/psp/format_2025/execution_cache.go:190.121,193.49 2 0
github.com/provide-io/flavor/go/flavor/pkg/psp/format_2025/execution_cache.go:193.49,196.3 2 0
github.com/provide-io/flavor/go/flavor/pkg/psp/format_2025/execution_cache.go:199.2,201.16 3 0
github.com/provide-io/flavor/go/flavor/pkg/psp/format_2025/execution_cache.go:201.16,204.3 2 0
github.com/provide-io/flavor/go/flavor/pkg/psp/format_2025/execution_cache.go:205.2,205.23 1 0
github.com/provide-io/flavor/go/flavor/pkg/psp/format_2025/execution_cache.go:205.23,208.3 2 0
github.com/provide-io/flavor/go/flavor/pkg/psp/format_2025/execution_cache.go:211.2,211.68 1 0
github.com/provide-io/flavor/go/flavor/pkg/psp/format_2025/execution_env.go:17.78,19.27 1 0
github.com/provide-io/flavor/go/flavor/pkg/psp/format_2025/execution_env.go:19.27,22.3 2 0
github.com/provide-io/flavor/go/flavor/pkg/psp/format_2025/execution_env.go:25.2,28.12 4 0
github.com/provide-io/flavor/go/flavor/pkg/psp/format_2025/execution_env.go:32.65,34.24 2 0
github.com/provide-io/flavor/go/flavor/pkg/psp/format_2025/execution_env.go:34.24,35.35 1 0
github.com/provide-io/flavor/go/flavor/pkg/psp/format_2025/execution_env.go:35.35,37.4 1 0
github.com/provide-io/flavor/go/flavor/pkg/psp/format_2025/execution_env.go:39.2,39.19 1 0
github.com/provide-io/flavor/go/flavor/pkg/psp/format_2025/execution_env.go:43.44,45.24 2 0
github.com/provide-io/flavor/go/flavor/pkg/psp/format_2025/execution_env.go:45.24,46.35 1 0
github.com/provide-io/flavor/go/flavor/pkg/psp/format_2025/execution_env.go:46.35,48.4 1 0
github.com/provide-io/flavor/go/flavor/pkg/psp/format_2025/execution_env.go:50.2,50.14 1 0
github.com/provide-io/flavor/go/flavor/pkg/psp/format_2025/execution_env.go:54.61,55.23 1 0
github.com/provide-io/flavor/go/flavor/pkg/psp/format_2025/execution_env.go:55.23,57.3 1 0
github.com/provide-io/flavor/go/flavor/pkg/psp/format_2025/execution_env.go:59.2,60.24 2 0
github.com/provide-io/flavor/go/flavor/pkg/psp/format_2025/execution_env.go:60.24,62.22 2 0
github.com/provide-io/flavor/go/flavor/pkg/psp/format_2025/execution_env.go:62.22,64.32 2 0
github.com/provide-io/flavor/go/flavor/pkg/psp/format_2025/execution_env.go:64.32,66.5 1 0
github.com/provide-io/flavor/go/flavor/pkg/psp/format_2025/execution_env.go:67.4,67.58 1 0
github.com/provide-io/flavor/go/flavor/pkg/psp/format_2025/execution_env.go:73.38,83.2 2 0
github.com/provide-io/flavor/go/flavor/pkg/psp/format_2025/execution_helpers.go:12.66,14.16 2 0
github.com/provide-io/flavor/go/flavor/pkg/psp/format_2025/execution_helpers.go:14.16,16.3 1 0
github.com/provide-io/flavor/go/flavor/pkg/psp/format_2025/execution_helpers.go:17.2,17.16 1 0
github.com/provide-io/flavor/go/flavor/pkg/psp/format_2025/execution_helpers.go:20.65,21.55 1 0
github.com/provide-io/flavor/go/flavor/pkg/psp/format_2025/execution_helpers.go:21.55,23.3 1 0
github.com/provide-io/flavor/go/flavor/pkg/psp/format_2025/execution_helpers.go:24.2,24.57 1 0
github.com/provide-io/flavor/go/flavor/pkg/psp/format_2025/execution_helpers.go:24.57,26.3 1 0
github.com/provide-io/flavor/go/flavor/pkg/psp/format_2025/execution_helpers.go:27.2,28.16 2 0
github.com/provide-io/flavor/go/flavor/pkg/psp/format_2025/execution_helpers.go:28.16,30.3 1 0
github.com/provide-io/flavor/go/flavor/pkg/psp/format_2025/execution_helpers.go:31.2,31.31 1 0
github.com/provide-io/flavor/go/flavor/pkg/psp/format_2025/execution_helpers.go:34.71,39.16 5 0
github.com/provide-io/flavor/go/flavor/pkg/psp/format_2025/execution_helpers.go:39.16,41.3 1 0
github.com/provide-io/flavor/go/flavor/pkg/psp/format_2025/execution_helpers.go:42.2,42.16 1 0
github.com/provide-io/flavor/go/flavor/pkg/psp/format_2025/execution_helpers.go:42.16,44.3 1 0
github.com/provide-io/flavor/go/flavor/pkg/psp/format_2025/execution_helpers.go:45.2,45.74 1 0
github.com/provide-io/flavor/go/flavor/pkg/psp/format_2025/execution_helpers.go:45.74,47.3 1 0
github.com/provide-io/flavor/go/flavor/pkg/psp/format_2025/execution_helpers.go:48.2,48.25 1 0
github.com/provide-io/flavor/go/flavor/pkg/psp/format_2025/execution_helpers.go:51.71,54.32 3 0
github.com/provide-io/flavor/go/flavor/pkg/psp/format_2025/execution_helpers.go:54.32,56.3 1 0
github.com/provide-io/flavor/go/flavor/pkg/psp/format_2025/execution_helpers.go:57.2,59.16 3 0
github.com/provide-io/flavor/go/flavor/pkg/psp/format_2025/execution_helpers.go:59.16,61.3 1 0
github.com/provide-io/flavor/go/flavor/pkg/psp/format_2025/execution_helpers.go:62.2,62.91 1 0
github.com/provide-io/flavor/go/flavor/pkg/psp/format_2025/execution_helpers.go:62.91,64.3 1 0
github.com/provide-io/flavor/go/flavor/pkg/psp/format_2025/execution_helpers.go:65.2,65.82 1 0
github.com/provide-io/flavor/go/flavor/pkg/psp/format_2025/execution_policy.go:52.51,60.29 3 0
github.com/provide-io/flavor/go/flavor/pkg/psp/format_2025/execution_policy.go:60.29,61.17 1 0
github.com/provide-io/flavor/go/flavor/pkg/psp/format_2025/execution_policy.go:61.17,62.12 1 0
github.com/provide-io/flavor/go/flavor/pkg/psp/format_2025/execution_policy.go:64.3,65.25 2 0
github.com/provide-io/flavor/go/flavor/pkg/psp/format_2025/execution_policy.go:65.25,66.12 1 0
github.com/provide-io/flavor/go/flavor/pkg/psp/format_2025/execution_policy.go:68.3,68.17 1 0
github.com/provide-io/flavor/go/flavor/pkg/psp/format_2025/execution_policy.go:68.17,70.4 1 0
github.com/provide-io/flavor/go/flavor/pkg/psp/format_2025/execution_policy.go:71.3,71.64 1 0
github.com/provide-io/flavor/go/flavor/pkg/psp/format_2025/execution_policy.go:71.64,73.4 1 0
github.com/provide-io/flavor/go/flavor/pkg/psp/format_2025/execution_policy.go:75.2,75.20 1 0
github.com/provide-io/flavor/go/flavor/pkg/psp/format_2025/execution_policy.go:78.35,79.30 1 0
github.com/provide-io/flavor/go/flavor/pkg/psp/format_2025/execution_policy.go:79.30,80.47 1 0
github.com/provide-io/flavor/go/flavor/pkg/psp/format_2025/execution_policy.go:80.47,82.4 1 0
github.com/provide-io/flavor/go/flavor/pkg/psp/format_2025/execution_policy.go:83.3,83.67 1 0
github.com/provide-io/flavor/go/flavor/pkg/psp/format_2025/execution_policy.go:85.2,85.34 1 0
github.com/provide-io/flavor/go/flavor/pkg/psp/format_2025/execution_policy.go:88.33,89.59 1 0
github.com/provide-io/flavor/go/flavor/pkg/psp/format_2025/execution_policy.go:89.59,91.3 1 0
github.com/provide-io/flavor/go/flavor/pkg/psp/format_2025/execution_policy.go:92.2,92.64 1 0
github.com/provide-io/flavor/go/flavor/pkg/psp/format_2025/execution_policy.go:92.64,94.3 1 0
github.com/provide-io/flavor/go/flavor/pkg/psp/format_2025/execution_policy.go:95.2,95.43 1 0
github.com/provide-io/flavor/go/flavor/pkg/psp/format_2025/execution_policy.go:95.43,97.3 1 0
github.com/provide-io/flavor/go/flavor/pkg/psp/format_2025/execution_policy.go:98.2,98.11 1 0
github.com/provide-io/flavor/go/flavor/pkg/psp/format_2025/execution_policy.go:101.73,103.59 2 0
github.com/provide-io/flavor/go/flavor/pkg/psp/format_2025/execution_policy.go:103.59,105.3 1 0
github.com/provide-io/flavor/go/flavor/pkg/psp/format_2025/execution_policy.go:107.2,107.23 1 0
github.com/provide-io/flavor/go/flavor/pkg/psp/format_2025/execution_policy.go:107.23,108.14 1 0
github.com/provide-io/flavor/go/flavor/pkg/psp/format_2025/execution_policy.go:109.44,109.44 0 0
github.com/provide-io/flavor/go/flavor/pkg/psp/format_2025/execution_policy.go:110.11,111.55 1 0
github.com/provide-io/flavor/go/flavor/pkg/psp/format_2025/execution_policy.go:115.2,115.37 1 0
github.com/provide-io/flavor/go/flavor/pkg/psp/format_2025/execution_policy.go:115.37,116.66 1 0
github.com/provide-io/flavor/go/flavor/pkg/psp/format_2025/execution_policy.go:116.66,118.4 1 0
github.com/provide-io/flavor/go/flavor/pkg/psp/format_2025/execution_policy.go:120.2,120.41 1 0
github.com/provide-io/flavor/go/flavor/pkg/psp/format_2025/execution_policy.go:120.41,121.70 1 0
github.com/provide-io/flavor/go/flavor/pkg/psp/format_2025/execution_policy.go:121.70,123.4 1 0
github.com/provide-io/flavor/go/flavor/pkg/psp/format_2025/execution_policy.go:125.2,125.43 1 0
github.com/provide-io/flavor/go/flavor/pkg/psp/format_2025/execution_policy.go:125.43,126.72 1 0
github.com/provide-io/flavor/go/flavor/pkg/psp/format_2025/execution_policy.go:126.72,128.4 1 0
github.com/provide-io/flavor/go/flavor/pkg/psp/format_2025/execution_policy.go:131.2,131.12 1 0
github.com/provide-io/flavor/go/flavor/pkg/psp/format_2025/execution_policy.go:134.69,136.16 2 0
github.com/provide-io/flavor/go/flavor/pkg/psp/format_2025/execution_policy.go:136.16,138.3 1 0
github.com/provide-io/flavor/go/flavor/pkg/psp/format_2025/execution_policy.go:139.2,139.27 1 0
github.com/provide-io/flavor/go/flavor/pkg/psp/format_2025/execution_policy.go:139.27,140.14 1 0
github.com/provide-io/flavor/go/flavor/pkg/psp/format_2025/execution_policy.go:141.49,141.49 0 0
github.com/provide-io/flavor/go/flavor/pkg/psp/format_2025/execution_policy.go:142.11,143.55 1 0
github.com/provide-io/flavor/go/flavor/pkg/psp/format_2025/execution_policy.go:147.2,147.53 1 0
github.com/provide-io/flavor/go/flavor/pkg/psp/format_2025/execution_policy.go:147.53,149.17 2 0
github.com/provide-io/flavor/go/flavor/pkg/psp/format_2025/execution_policy.go:149.17,151.4 1 0
github.com/provide-io/flavor/go/flavor/pkg/psp/format_2025/execution_policy.go:152.3,152.31 1 0
github.com/provide-io/flavor/go/flavor/pkg/psp/format_2025/execution_policy.go:154.2,154.49 1 0
github.com/provide-io/flavor/go/flavor/pkg/psp/format_2025/execution_policy.go:154.49,156.17 2 0
github.com/provide-io/flavor/go/flavor/pkg/psp/format_2025/execution_policy.go:156.17,158.4 1 0
github.com/provide-io/flavor/go/flavor/pkg/psp/format_2025/execution_policy.go:159.3,159.27 1 0
github.com/provide-io/flavor/go/flavor/pkg/psp/format_2025/execution_policy.go:162.2,162.12 1 0
github.com/provide-io/flavor/go/flavor/pkg/psp/format_2025/execution_policy.go:165.73,167.16 2 0
github.com/provide-io/flavor/go/flavor/pkg/psp/format_2025/execution_policy.go:167.16,169.3 1 0
github.com/provide-io/flavor/go/flavor/pkg/psp/format_2025/execution_policy.go:170.2,170.27 1 0
github.com/provide-io/flavor/go/flavor/pkg/psp/format_2025/execution_policy.go:170.27,171.14 1 0
github.com/provide-io/flavor/go/flavor/pkg/psp/format_2025/execution_policy.go:172.57,172.57 0 0
github.com/provide-io/flavor/go/flavor/pkg/psp/format_2025/execution_policy.go:173.11,174.59 1 0
github.com/provide-io/flavor/go/flavor/pkg/psp/format_2025/execution_policy.go:178.2,178.45 1 0
github.com/provide-io/flavor/go/flavor/pkg/psp/format_2025/execution_policy.go:178.45,180.17 2 0
github.com/provide-io/flavor/go/flavor/pkg/psp/format_2025/execution_policy.go:180.17,182.4 1 0
github.com/provide-io/flavor/go/flavor/pkg/psp/format_2025/execution_policy.go:183.3,183.24 1 0
github.com/provide-io/flavor/go/flavor/pkg/psp/format_2025/execution_policy.go:185.2,185.46 1 0
github.com/provide-io/flavor/go/flavor/pkg/psp/format_2025/execution_policy.go:185.46,187.17 2 0
github.com/provide-io/flavor/go/flavor/pkg/psp/format_2025/execution_policy.go:187.17,189.4 1 0
github.com/provide-io/flavor/go/flavor/pkg/psp/format_2025/execution_policy.go:190.3,190.25 1 0
github.com/provide-io/flavor/go/flavor/pkg/psp/format_2025/execution_policy.go:192.2,192.49 1 0
github.com/provide-io/flavor/go/flavor/pkg/psp/format_2025/execution_policy.go:192.49,194.17 2 0
github.com/provide-io/flavor/go/flavor/pkg/psp/format_2025/execution_policy.go:194.17,196.4 1 0
github.com/provide-io/flavor/go/flavor/pkg/psp/format_2025/execution_policy.go:197.3,197.36 1 0
github.com/provide-io/flavor/go/flavor/pkg/psp/format_2025/execution_policy.go:200.2,200.12 1 0
github.com/provide-io/flavor/go/flavor/pkg/psp/format_2025/execution_policy.go:203.75,205.16 2 0
github.com/provide-io/flavor/go/flavor/pkg/psp/format_2025/execution_policy.go:205.16,207.3 1 0
github.com/provide-io/flavor/go/flavor/pkg/psp/format_2025/execution_policy.go:208.2,208.27 1 0
github.com/provide-io/flavor/go/flavor/pkg/psp/format_2025/execution_policy.go:208.27,209.14 1 0
github.com/provide-io/flavor/go/flavor/pkg/psp/format_2025/execution_policy.go:210.23,210.23 0 0
github.com/provide-io/flavor/go/flavor/pkg/psp/format_2025/execution_policy.go:211.11,212.61 1 0
github.com/provide-io/flavor/go/flavor/pkg/psp/format_2025/execution_policy.go:216.2,216.46 1 0
github.com/provide-io/flavor/go/flavor/pkg/psp/format_2025/execution_policy.go:216.46,218.17 2 0
github.com/provide-io/flavor/go/flavor/pkg/psp/format_2025/execution_policy.go:218.17,220.4 1 0
github.com/provide-io/flavor/go/flavor/pkg/psp/format_2025/execution_policy.go:221.3,221.25 1 0
github.com/provide-io/flavor/go/flavor/pkg/psp/format_2025/execution_policy.go:224.2,224.12 1 0
github.com/provide-io/flavor/go/flavor/pkg/psp/format_2025/execution_policy.go:227.77,228.16 1 0
github.com/provide-io/flavor/go/flavor/pkg/psp/format_2025/execution_policy.go:228.16,230.3 1 0
github.com/provide-io/flavor/go/flavor/pkg/psp/format_2025/execution_policy.go:231.2,232.9 2 0
github.com/provide-io/flavor/go/flavor/pkg/psp/format_2025/execution_policy.go:232.9,234.3 1 0
github.com/provide-io/flavor/go/flavor/pkg/psp/format_2025/execution_policy.go:235.2,235.21 1 0
github.com/provide-io/flavor/go/flavor/pkg/psp/format_2025/execution_policy.go:238.56,240.9 2 0
github.com/provide-io/flavor/go/flavor/pkg/psp/format_2025/execution_policy.go:240.9,242.3 1 0
github.com/provide-io/flavor/go/flavor/pkg/psp/format_2025/execution_policy.go:243.2,243.19 1 0
github.com/provide-io/flavor/go/flavor/pkg/psp/format_2025/execution_policy.go:246.54,248.29 2 0
github.com/provide-io/flavor/go/flavor/pkg/psp/format_2025/execution_policy.go:249.11,250.20 1 0
github.com/provide-io/flavor/go/flavor/pkg/psp/format_2025/execution_policy.go:251.12,252.25 1 0
github.com/provide-io/flavor/go/flavor/pkg/psp/format_2025/execution_policy.go:253.13,254.25 1 0
github.com/provide-io/flavor/go/flavor/pkg/psp/format_2025/execution_policy.go:255.13,256.25 1 0
github.com/provide-io/flavor/go/flavor/pkg/psp/format_2025/execution_policy.go:257.13,258.56 1 0
github.com/provide-io/flavor/go/flavor/pkg/psp/format_2025/execution_policy.go:258.56,260.4 1 0
github.com/provide-io/flavor/go/flavor/pkg/psp/format_2025/execution_policy.go:261.3,261.25 1 0
github.com/provide-io/flavor/go/flavor/pkg/psp/format_2025/execution_policy.go:262.12,263.27 1 0
github.com/provide-io/flavor/go/flavor/pkg/psp/format_2025/execution_policy.go:263.27,265.4 1 0
github.com/provide-io/flavor/go/flavor/pkg/psp/format_2025/execution_policy.go:266.3,266.25 1 0
github.com/provide-io/flavor/go/flavor/pkg/psp/format_2025/execution_policy.go:267.13,268.25 1 0
github.com/provide-io/flavor/go/flavor/pkg/psp/format_2025/execution_policy.go:269.14,270.25 1 0
github.com/provide-io/flavor/go/flavor/pkg/psp/format_2025/execution_policy.go:271.14,272.25 1 0
github.com/provide-io/flavor/go/flavor/pkg/psp/format_2025/execution_policy.go:273.14,274.29 1 0
github.com/provide-io/flavor/go/flavor/pkg/psp/format_2025/execution_policy.go:274.29,276.4 1 0
github.com/provide-io/flavor/go/flavor/pkg/psp/format_2025/execution_policy.go:277.3,277.25 1 0
github.com/provide-io/flavor/go/flavor/pkg/psp/format_2025/execution_policy.go:278.10,279.85 1 0
github.com/provide-io/flavor/go/flavor/pkg/psp/format_2025/execution_policy.go:283.66,284.29 1 0
github.com/provide-io/flavor/go/flavor/pkg/psp/format_2025/execution_policy.go:285.16,288.21 3 0
github.com/provide-io/flavor/go/flavor/pkg/psp/format_2025/execution_policy.go:289.13,291.30 2 0
github.com/provide-io/flavor/go/flavor/pkg/psp/format_2025/execution_policy.go:291.30,293.11 2 0
github.com/provide-io/flavor/go/flavor/pkg/psp/format_2025/execution_policy.go:293.11,295.5 1 0
github.com/provide-io/flavor/go/flavor/pkg/psp/format_2025/execution_policy.go:296.4,296.30 1 0
github.com/provide-io/flavor/go/flavor/pkg/psp/format_2025/execution_policy.go:298.3,298.21 1 0
github.com/provide-io/flavor/go/flavor/pkg/psp/format_2025/execution_policy.go:299.10,300.90 1 0
github.com/provide-io/flavor/go/flavor/pkg/psp/format_2025/execution_policy.go:305.72,309.58 2 0
github.com/provide-io/flavor/go/flavor/pkg/psp/format_2025/execution_policy.go:309.58,311.39 2 0
github.com/provide-io/flavor/go/flavor/pkg/psp/format_2025/execution_policy.go:311.39,313.4 1 0
github.com/provide-io/flavor/go/flavor/pkg/psp/format_2025/execution_policy.go:314.3,314.35 1 0
github.com/provide-io/flavor/go/flavor/pkg/psp/format_2025/execution_policy.go:314.35,315.16 1 0
github.com/provide-io/flavor/go/flavor/pkg/psp/format_2025/execution_policy.go:315.16,317.5 1 0
github.com/provide-io/flavor/go/flavor/pkg/psp/format_2025/execution_policy.go:319.8,319.39 1 0
github.com/provide-io/flavor/go/flavor/pkg/psp/format_2025/execution_policy.go:319.39,321.3 1 0
github.com/provide-io/flavor/go/flavor/pkg/psp/format_2025/execution_policy.go:321.8,323.3 1 0
github.com/provide-io/flavor/go/flavor/pkg/psp/format_2025/execution_policy.go:326.2,329.51 2 0
github.com/provide-io/flavor/go/flavor/pkg/psp/format_2025/execution_policy.go:329.51,330.39 1 0
github.com/provide-io/flavor/go/flavor/pkg/psp/format_2025/execution_policy.go:330.39,332.4 1 0
github.com/provide-io/flavor/go/flavor/pkg/psp/format_2025/execution_policy.go:332.9,334.4 1 0
github.com/provide-io/flavor/go/flavor/pkg/psp/format_2025/execution_policy.go:335.8,335.34 1 0
github.com/provide-io/flavor/go/flavor/pkg/psp/format_2025/execution_policy.go:335.34,337.3 1 0
github.com/provide-io/flavor/go/flavor/pkg/psp/format_2025/execution_policy.go:337.8,339.3 1 0
github.com/provide-io/flavor/go/flavor/pkg/psp/format_2025/execution_policy.go:341.2,346.18 5 0
github.com/provide-io/flavor/go/flavor/pkg/psp/format_2025/execution_policy.go:352.103,356.31 2 0
github.com/provide-io/flavor/go/flavor/pkg/psp/format_2025/execution_policy.go:356.31,358.38 2 0
github.com/provide-io/flavor/go/flavor/pkg/psp/format_2025/execution_policy.go:358.38,359.28 1 0
github.com/provide-io/flavor/go/flavor/pkg/psp/format_2025/execution_policy.go:359.28,361.10 2 0
github.com/provide-io/flavor/go/flavor/pkg/psp/format_2025/execution_policy.go:364.3,364.13 1 0
github.com/provide-io/flavor/go/flavor/pkg/psp/format_2025/execution_policy.go:364.13,366.4 1 0
github.com/provide-io/flavor/go/flavor/pkg/psp/format_2025/execution_policy.go:369.2,369.26 1 0
github.com/provide-io/flavor/go/flavor/pkg/psp/format_2025/execution_policy.go:369.26,371.3 1 0
github.com/provide-io/flavor/go/flavor/pkg/psp/format_2025/execution_policy.go:374.2,374.45 1 0
github.com/provide-io/flavor/go/flavor/pkg/psp/format_2025/execution_policy.go:374.45,376.3 1 0
github.com/provide-io/flavor/go/flavor/pkg/psp/format_2025/execution_policy.go:379.2,379.52 1 0
github.com/provide-io/flavor/go/flavor/pkg/psp/format_2025/execution_policy.go:379.52,381.35 2 0
github.com/provide-io/flavor/go/flavor/pkg/psp/format_2025/execution_policy.go:381.35,383.4 1 0
github.com/provide-io/flavor/go/flavor/pkg/psp/format_2025/execution_policy.go:387.2,387.43 1 0
github.com/provide-io/flavor/go/flavor/pkg/psp/format_2025/execution_policy.go:387.43,388.30 1 0
github.com/provide-io/flavor/go/flavor/pkg/psp/format_2025/execution_policy.go:388.30,390.4 1 0
github.com/provide-io/flavor/go/flavor/pkg/psp/format_2025/execution_policy.go:394.2,394.36 1 0
github.com/provide-io/flavor/go/flavor/pkg/psp/format_2025/execution_policy.go:394.36,396.3 1 0
github.com/provide-io/flavor/go/flavor/pkg/psp/format_2025/execution_policy.go:399.2,399.45 1 0
github.com/provide-io/flavor/go/flavor/pkg/psp/format_2025/execution_policy.go:399.45,401.3 1 0
github.com/provide-io/flavor/go/flavor/pkg/psp/format_2025/execution_policy.go:403.2,403.12 1 0
github.com/provide-io/flavor/go/flavor/pkg/psp/format_2025/execution_policy.go:406.34,408.21 2 0
github.com/provide-io/flavor/go/flavor/pkg/psp/format_2025/execution_policy.go:409.16,410.20 1 0
github.com/provide-io/flavor/go/flavor/pkg/psp/format_2025/execution_policy.go:411.17,412.21 1 0
github.com/provide-io/flavor/go/flavor/pkg/psp/format_2025/execution_policy.go:414.2,415.30 2 0
github.com/provide-io/flavor/go/flavor/pkg/psp/format_2025/execution_policy.go:415.30,417.3 1 0
github.com/provide-io/flavor/go/flavor/pkg/psp/format_2025/execution_policy.go:418.2,418.28 1 0
github.com/provide-io/flavor/go/flavor/pkg/psp/format_2025/execution_policy.go:422.64,424.19 2 0
github.com/provide-io/flavor/go/flavor/pkg/psp/format_2025/execution_policy.go:424.19,426.3 1 0
github.com/provide-io/flavor/go/flavor/pkg/psp/format_2025/execution_policy.go:427.2,428.20 2 0
github.com/provide-io/flavor/go/flavor/pkg/psp/format_2025/execution_resolve.go:23.71,28.40 1 0
github.com/provide-io/flavor/go/flavor/pkg/psp/format_2025/execution_resolve.go:28.40,29.64 1 0
github.com/provide-io/flavor/go/flavor/pkg/psp/format_2025/execution_resolve.go:29.64,32.4 2 0
github.com/provide-io/flavor/go/flavor/pkg/psp/format_2025/execution_resolve.go:37.2,38.40 2 0
github.com/provide-io/flavor/go/flavor/pkg/psp/format_2025/execution_resolve.go:38.40,41.3 2 0
github.com/provide-io/flavor/go/flavor/pkg/psp/format_2025/execution_resolve.go:44.2,44.58 1 0
github.com/provide-io/flavor/go/flavor/pkg/psp/format_2025/execution_resolve.go:44.58,47.3 2 0
github.com/provide-io/flavor/go/flavor/pkg/psp/format_2025/execution_resolve.go:50.2,50.30 1 0
github.com/provide-io/flavor/go/flavor/pkg/psp/format_2025/execution_resolve.go:50.30,52.19 2 0
github.com/provide-io/flavor/go/flavor/pkg/psp/format_2025/execution_resolve.go:53.33,55.27 1 0
github.com/provide-io/flavor/go/flavor/pkg/psp/format_2025/execution_resolve.go:56.23,58.25 1 0
github.com/provide-io/flavor/go/flavor/pkg/psp/format_2025/execution_resolve.go:61.3,61.21 1 0
github.com/provide-io/flavor/go/flavor/pkg/psp/format_2025/execution_resolve.go:61.21,62.60 1 0
github.com/provide-io/flavor/go/flavor/pkg/psp/format_2025/execution_resolve.go:62.60,68.5 2 0
github.com/provide-io/flavor/go/flavor/pkg/psp/format_2025/execution_resolve.go:74.2,74.28 1 0
github.com/provide-io/flavor/go/flavor/pkg/psp/format_2025/execution_resolve.go:74.28,79.3 2 0
github.com/provide-io/flavor/go/flavor/pkg/psp/format_2025/execution_resolve.go:81.2,82.19 2 0
github.com/provide-io/flavor/go/flavor/pkg/psp/format_2025/execution_resolve.go:89.63,91.24 2 0
github.com/provide-io/flavor/go/flavor/pkg/psp/format_2025/execution_resolve.go:91.24,92.36 1 0
github.com/provide-io/flavor/go/flavor/pkg/psp/format_2025/execution_resolve.go:92.36,94.9 2 0
github.com/provide-io/flavor/go/flavor/pkg/psp/format_2025/execution_resolve.go:97.2,97.19 1 0
github.com/provide-io/flavor/go/flavor/pkg/psp/format_2025/execution_resolve.go:97.19,99.3 1 0
github.com/provide-io/flavor/go/flavor/pkg/psp/format_2025/execution_resolve.go:101.2,101.50 1 0
github.com/provide-io/flavor/go/flavor/pkg/psp/format_2025/execution_resolve.go:101.50,102.16 1 0
github.com/provide-io/flavor/go/flavor/pkg/psp/format_2025/execution_resolve.go:102.16,104.4 1 0
github.com/provide-io/flavor/go/flavor/pkg/psp/format_2025/execution_resolve.go:105.3,106.63 2 0
github.com/provide-io/flavor/go/flavor/pkg/psp/format_2025/execution_resolve.go:106.63,108.4 1 0
github.com/provide-io/flavor/go/flavor/pkg/psp/format_2025/execution_resolve.go:110.2,110.64 1 0
github.com/provide-io/flavor/go/flavor/pkg/psp/format_2025/execution_slots.go:25.27,31.75 4 0
github.com/provide-io/flavor/go/flavor/pkg/psp/format_2025/execution_slots.go:31.75,34.3 2 0
github.com/provide-io/flavor/go/flavor/pkg/psp/format_2025/execution_slots.go:35.2,41.38 3 0
github.com/provide-io/flavor/go/flavor/pkg/psp/format_2025/execution_slots.go:41.38,47.17 4 0
github.com/provide-io/flavor/go/flavor/pkg/psp/format_2025/execution_slots.go:47.17,51.4 3 0
github.com/provide-io/flavor/go/flavor/pkg/psp/format_2025/execution_slots.go:52.3,53.34 2 0
github.com/provide-io/flavor/go/flavor/pkg/psp/format_2025/execution_slots.go:58.2,59.79 2 0
github.com/provide-io/flavor/go/flavor/pkg/psp/format_2025/execution_slots.go:59.79,63.3 3 0
github.com/provide-io/flavor/go/flavor/pkg/psp/format_2025/execution_slots.go:64.2,66.16 3 0
github.com/provide-io/flavor/go/flavor/pkg/psp/format_2025/execution_slots.go:66.16,70.3 3 0
github.com/provide-io/flavor/go/flavor/pkg/psp/format_2025/execution_slots.go:71.2,71.76 1 0
github.com/provide-io/flavor/go/flavor/pkg/psp/format_2025/execution_slots.go:71.76,75.3 3 0
github.com/provide-io/flavor/go/flavor/pkg/psp/format_2025/execution_slots.go:76.2,83.16 4 0
github.com/provide-io/flavor/go/flavor/pkg/psp/format_2025/execution_slots.go:83.16,87.3 3 0
github.com/provide-io/flavor/go/flavor/pkg/psp/format_2025/execution_slots.go:91.2,91.48 1 0
github.com/provide-io/flavor/go/flavor/pkg/psp/format_2025/execution_slots.go:91.48,97.88 4 0
github.com/provide-io/flavor/go/flavor/pkg/psp/format_2025/execution_slots.go:97.89,99.4 0 0
github.com/provide-io/flavor/go/flavor/pkg/psp/format_2025/execution_slots.go:99.9,101.4 1 0
github.com/provide-io/flavor/go/flavor/pkg/psp/format_2025/execution_slots.go:102.3,102.88 1 0
github.com/provide-io/flavor/go/flavor/pkg/psp/format_2025/execution_slots.go:102.89,104.4 0 0
github.com/provide-io/flavor/go/flavor/pkg/psp/format_2025/execution_slots.go:104.9,106.4 1 0
github.com/provide-io/flavor/go/flavor/pkg/psp/format_2025/execution_slots.go:109.3,109.31 1 0
github.com/provide-io/flavor/go/flavor/pkg/psp/format_2025/execution_slots.go:109.31,111.4 1 0
github.com/provide-io/flavor/go/flavor/pkg/psp/format_2025/execution_slots.go:113.3,113.17 1 0
github.com/provide-io/flavor/go/flavor/pkg/psp/format_2025/execution_slots.go:113.17,115.4 1 0
github.com/provide-io/flavor/go/flavor/pkg/psp/format_2025/execution_slots.go:116.3,116.17 1 0
github.com/provide-io/flavor/go/flavor/pkg/psp/format_2025/execution_slots.go:116.17,118.4 1 0
github.com/provide-io/flavor/go/flavor/pkg/psp/format_2025/execution_slots.go:120.3,120.15 1 0
github.com/provide-io/flavor/go/flavor/pkg/psp/format_2025/execution_slots.go:123.2,123.32 1 0
github.com/provide-io/flavor/go/flavor/pkg/psp/format_2025/execution_slots.go:123.32,128.62 3 0
github.com/provide-io/flavor/go/flavor/pkg/psp/format_2025/execution_slots.go:128.62,132.18 3 0
github.com/provide-io/flavor/go/flavor/pkg/psp/format_2025/execution_slots.go:132.18,136.5 3 0
github.com/provide-io/flavor/go/flavor/pkg/psp/format_2025/execution_slots.go:139.4,139.42 1 0
github.com/provide-io/flavor/go/flavor/pkg/psp/format_2025/execution_slots.go:139.42,146.26 4 0
github.com/provide-io/flavor/go/flavor/pkg/psp/format_2025/execution_slots.go:146.26,148.61 1 0
github.com/provide-io/flavor/go/flavor/pkg/psp/format_2025/execution_slots.go:148.61,152.7 3 0
github.com/provide-io/flavor/go/flavor/pkg/psp/format_2025/execution_slots.go:153.6,153.34 1 0
github.com/provide-io/flavor/go/flavor/pkg/psp/format_2025/execution_slots.go:154.11,157.61 2 0
github.com/provide-io/flavor/go/flavor/pkg/psp/format_2025/execution_slots.go:157.61,160.60 2 0
github.com/provide-io/flavor/go/flavor/pkg/psp/format_2025/execution_slots.go:160.60,164.8 3 0
github.com/provide-io/flavor/go/flavor/pkg/psp/format_2025/execution_slots.go:165.7,165.32 1 0
github.com/provide-io/flavor/go/flavor/pkg/psp/format_2025/execution_slots.go:170.4,170.28 1 0
github.com/provide-io/flavor/go/flavor/pkg/psp/format_2025/execution_slots.go:171.9,171.67 1 0
github.com/provide-io/flavor/go/flavor/pkg/psp/format_2025/execution_slots.go:171.67,176.18 3 0
github.com/provide-io/flavor/go/flavor/pkg/psp/format_2025/execution_slots.go:176.18,180.5 3 0
github.com/provide-io/flavor/go/flavor/pkg/psp/format_2025/execution_slots.go:183.4,183.42 1 0
github.com/provide-io/flavor/go/flavor/pkg/psp/format_2025/execution_slots.go:183.42,190.26 4 0
github.com/provide-io/flavor/go/flavor/pkg/psp/format_2025/execution_slots.go:190.26,192.61 1 0
github.com/provide-io/flavor/go/flavor/pkg/psp/format_2025/execution_slots.go:192.61,196.7 3 0
github.com/provide-io/flavor/go/flavor/pkg/psp/format_2025/execution_slots.go:197.6,197.34 1 0
github.com/provide-io/flavor/go/flavor/pkg/psp/format_2025/execution_slots.go:198.11,201.61 2 0
github.com/provide-io/flavor/go/flavor/pkg/psp/format_2025/execution_slots.go:201.61,204.60 2 0
github.com/provide-io/flavor/go/flavor/pkg/psp/format_2025/execution_slots.go:204.60,208.8 3 0
github.com/provide-io/flavor/go/flavor/pkg/psp/format_2025/execution_slots.go:209.7,209.32 1 0
github.com/provide-io/flavor/go/flavor/pkg/psp/format_2025/execution_slots.go:214.4,214.28 1 0
github.com/provide-io/flavor/go/flavor/pkg/psp/format_2025/execution_slots.go:215.9,221.21 3 0
github.com/provide-io/flavor/go/flavor/pkg/psp/format_2025/execution_slots.go:221.21,223.52 1 0
github.com/provide-io/flavor/go/flavor/pkg/psp/format_2025/execution_slots.go:223.52,227.6 3 0
github.com/provide-io/flavor/go/flavor/pkg/psp/format_2025/execution_slots.go:228.5,228.29 1 0
github.com/provide-io/flavor/go/flavor/pkg/psp/format_2025/execution_slots.go:229.10,230.82 1 0
github.com/provide-io/flavor/go/flavor/pkg/psp/format_2025/execution_slots.go:230.82,234.6 3 0
github.com/provide-io/flavor/go/flavor/pkg/psp/format_2025/execution_slots.go:236.5,236.52 1 0
github.com/provide-io/flavor/go/flavor/pkg/psp/format_2025/execution_slots.go:236.52,239.51 2 0
github.com/provide-io/flavor/go/flavor/pkg/psp/format_2025/execution_slots.go:239.51,243.7 3 0
github.com/provide-io/flavor/go/flavor/pkg/psp/format_2025/execution_slots.go:244.6,244.27 1 0
github.com/provide-io/flavor/go/flavor/pkg/psp/format_2025/execution_slots.go:251.2,252.43 2 0
github.com/provide-io/flavor/go/flavor/pkg/psp/format_2025/execution_slots.go:252.43,254.81 2 0
github.com/provide-io/flavor/go/flavor/pkg/psp/format_2025/execution_slots.go:254.81,256.4 1 0
github.com/provide-io/flavor/go/flavor/pkg/psp/format_2025/execution_slots.go:260.2,260.53 1 0
github.com/provide-io/flavor/go/flavor/pkg/psp/format_2025/execution_slots.go:260.53,262.3 1 0
github.com/provide-io/flavor/go/flavor/pkg/psp/format_2025/execution_slots.go:265.2,265.64 1 0
github.com/provide-io/flavor/go/flavor/pkg/psp/format_2025/execution_slots.go:265.64,267.3 1 0
github.com/provide-io/flavor/go/flavor/pkg/psp/format_2025/execution_slots.go:270.2,270.62 1 0
github.com/provide-io/flavor/go/flavor/pkg/psp/format_2025/execution_slots.go:270.62,272.3 1 0
github.com/provide-io/flavor/go/flavor/pkg/psp/format_2025/execution_slots.go:274.2,274.23 1 0
github.com/provide-io/flavor/go/flavor/pkg/psp/format_2025/execution_utils.go:22.38,24.16 2 0
github.com/provide-io/flavor/go/flavor/pkg/psp/format_2025/execution_utils.go:24.16,26.3 1 0
github.com/provide-io/flavor/go/flavor/pkg/psp/format_2025/execution_utils.go:27.2,27.15 1 0
github.com/provide-io/flavor/go/flavor/pkg/psp/format_2025/execution_utils.go:27.15,27.41 1 0
github.com/provide-io/flavor/go/flavor/pkg/psp/format_2025/execution_utils.go:29.2,30.16 2 0
github.com/provide-io/flavor/go/flavor/pkg/psp/format_2025/execution_utils.go:30.16,32.3 1 0
github.com/provide-io/flavor/go/flavor/pkg/psp/format_2025/execution_utils.go:33.2,33.15 1 0
github.com/provide-io/flavor/go/flavor/pkg/psp/format_2025/execution_utils.go:33.15,33.39 1 0
github.com/provide-io/flavor/go/flavor/pkg/psp/format_2025/execution_utils.go:35.2,35.58 1 0
github.com/provide-io/flavor/go/flavor/pkg/psp/format_2025/execution_utils.go:35.58,37.3 1 0
github.com/provide-io/flavor/go/flavor/pkg/psp/format_2025/execution_utils.go:40.2,41.16 2 0
github.com/provide-io/flavor/go/flavor/pkg/psp/format_2025/execution_utils.go:41.16,43.3 1 0
github.com/provide-io/flavor/go/flavor/pkg/psp/format_2025/execution_utils.go:44.2,44.41 1 0
github.com/provide-io/flavor/go/flavor/pkg/psp/format_2025/execution_utils.go:48.40,50.16 2 0
github.com/provide-io/flavor/go/flavor/pkg/psp/format_2025/execution_utils.go:50.16,52.3 1 0
github.com/provide-io/flavor/go/flavor/pkg/psp/format_2025/execution_utils.go:54.2,54.60 1 0
github.com/provide-io/flavor/go/flavor/pkg/psp/format_2025/execution_utils.go:54.60,56.3 1 0
github.com/provide-io/flavor/go/flavor/pkg/psp/format_2025/execution_utils.go:58.2,59.16 2 0
github.com/provide-io/flavor/go/flavor/pkg/psp/format_2025/execution_utils.go:59.16,61.3 1 0
github.com/provide-io/flavor/go/flavor/pkg/psp/format_2025/execution_utils.go:63.2,63.32 1 0
github.com/provide-io/flavor/go/flavor/pkg/psp/format_2025/execution_utils.go:63.32,67.20 3 0
github.com/provide-io/flavor/go/flavor/pkg/psp/format_2025/execution_utils.go:67.20,68.55 1 0
github.com/provide-io/flavor/go/flavor/pkg/psp/format_2025/execution_utils.go:68.55,70.5 1 0
github.com/provide-io/flavor/go/flavor/pkg/psp/format_2025/execution_utils.go:71.9,72.53 1 0
github.com/provide-io/flavor/go/flavor/pkg/psp/format_2025/execution_utils.go:72.53,74.5 1 0
github.com/provide-io/flavor/go/flavor/pkg/psp/format_2025/execution_utils.go:77.2,77.12 1 0
github.com/provide-io/flavor/go/flavor/pkg/psp/format_2025/execution_utils.go:81.82,82.51 1 0
github.com/provide-io/flavor/go/flavor/pkg/psp/format_2025/execution_utils.go:82.51,84.3 1 0
github.com/provide-io/flavor/go/flavor/pkg/psp/format_2025/execution_utils.go:86.2,87.16 2 0
github.com/provide-io/flavor/go/flavor/pkg/psp/format_2025/execution_utils.go:87.16,89.3 1 0
github.com/provide-io/flavor/go/flavor/pkg/psp/format_2025/execution_utils.go:91.2,91.32 1 0
github.com/provide-io/flavor/go/flavor/pkg/psp/format_2025/execution_utils.go:91.32,92.20 1 0
github.com/provide-io/flavor/go/flavor/pkg/psp/format_2025/execution_utils.go:92.20,93.12 1 0
github.com/provide-io/flavor/go/flavor/pkg/psp/format_2025/execution_utils.go:96.3,100.17 3 0
github.com/provide-io/flavor/go/flavor/pkg/psp/format_2025/execution_utils.go:100.17,101.12 1 0
github.com/provide-io/flavor/go/flavor/pkg/psp/format_2025/execution_utils.go:104.3,105.46 2 0
github.com/provide-io/flavor/go/flavor/pkg/psp/format_2025/execution_utils.go:105.46,107.12 2 0
github.com/provide-io/flavor/go/flavor/pkg/psp/format_2025/execution_utils.go:109.3,111.29 2 0
github.com/provide-io/flavor/go/flavor/pkg/psp/format_2025/execution_utils.go:111.29,112.12 1 0
github.com/provide-io/flavor/go/flavor/pkg/psp/format_2025/execution_utils.go:116.3,117.17 2 0
github.com/provide-io/flavor/go/flavor/pkg/psp/format_2025/execution_utils.go:117.17,118.12 1 0
github.com/provide-io/flavor/go/flavor/pkg/psp/format_2025/execution_utils.go:122.3,123.21 2 0
github.com/provide-io/flavor/go/flavor/pkg/psp/format_2025/execution_utils.go:123.21,124.12 1 0
github.com/provide-io/flavor/go/flavor/pkg/psp/format_2025/execution_utils.go:127.3,128.45 2 0
github.com/provide-io/flavor/go/flavor/pkg/psp/format_2025/execution_utils.go:128.45,134.22 3 0
github.com/provide-io/flavor/go/flavor/pkg/psp/format_2025/execution_utils.go:134.22,136.5 1 0
github.com/provide-io/flavor/go/flavor/pkg/psp/format_2025/execution_utils.go:136.10,138.5 1 0
github.com/provide-io/flavor/go/flavor/pkg/psp/format_2025/execution_utils.go:141.4,141.92 1 0
github.com/provide-io/flavor/go/flavor/pkg/psp/format_2025/execution_utils.go:141.92,143.5 1 0
github.com/provide-io/flavor/go/flavor/pkg/psp/format_2025/execution_utils.go:143.10,145.5 1 0
github.com/provide-io/flavor/go/flavor/pkg/psp/format_2025/execution_utils.go:149.2,149.12 1 0
github.com/provide-io/flavor/go/flavor/pkg/psp/format_2025/execution_utils.go:153.114,154.38 1 0
github.com/provide-io/flavor/go/flavor/pkg/psp/format_2025/execution_utils.go:154.38,156.31 1 0
github.com/provide-io/flavor/go/flavor/pkg/psp/format_2025/execution_utils.go:156.31,158.49 2 0
github.com/provide-io/flavor/go/flavor/pkg/psp/format_2025/execution_utils.go:158.49,160.5 1 0
github.com/provide-io/flavor/go/flavor/pkg/psp/format_2025/execution_utils.go:160.10,162.5 1 0
github.com/provide-io/flavor/go/flavor/pkg/psp/format_2025/execution_utils.go:164.4,164.32 1 0
github.com/provide-io/flavor/go/flavor/pkg/psp/format_2025/index.go:73.37,127.2 43 0
github.com/provide-io/flavor/go/flavor/pkg/psp/format_2025/index.go:130.49,131.28 1 0
github.com/provide-io/flavor/go/flavor/pkg/psp/format_2025/index.go:131.28,133.3 1 0
github.com/provide-io/flavor/go/flavor/pkg/psp/format_2025/index.go:135.2,185.12 42 0
github.com/provide-io/flavor/go/flavor/pkg/psp/format_2025/launcher.go:22.90,27.23 3 0
github.com/provide-io/flavor/go/flavor/pkg/psp/format_2025/launcher.go:27.23,30.3 2 0
github.com/provide-io/flavor/go/flavor/pkg/psp/format_2025/launcher.go:30.8,30.71 1 0
github.com/provide-io/flavor/go/flavor/pkg/psp/format_2025/launcher.go:30.71,33.3 2 0
github.com/provide-io/flavor/go/flavor/pkg/psp/format_2025/launcher.go:33.8,33.63 1 0
github.com/provide-io/flavor/go/flavor/pkg/psp/format_2025/launcher.go:33.63,36.3 2 0
github.com/provide-io/flavor/go/flavor/pkg/psp/format_2025/launcher.go:36.8,39.3 2 0
github.com/provide-io/flavor/go/flavor/pkg/psp/format_2025/launcher.go:42.2,44.41 3 0
github.com/provide-io/flavor/go/flavor/pkg/psp/format_2025/launcher.go:44.41,47.21 3 0
github.com/provide-io/flavor/go/flavor/pkg/psp/format_2025/launcher.go:47.21,49.4 1 0
github.com/provide-io/flavor/go/flavor/pkg/psp/format_2025/launcher.go:49.9,51.4 1 0
github.com/provide-io/flavor/go/flavor/pkg/psp/format_2025/launcher.go:55.2,58.53 2 0
github.com/provide-io/flavor/go/flavor/pkg/psp/format_2025/launcher.go:58.53,59.100 1 0
github.com/provide-io/flavor/go/flavor/pkg/psp/format_2025/launcher.go:59.100,60.17 1 0
github.com/provide-io/flavor/go/flavor/pkg/psp/format_2025/launcher.go:60.17,60.37 1 0
github.com/provide-io/flavor/go/flavor/pkg/psp/format_2025/launcher.go:61.4,61.17 1 0
github.com/provide-io/flavor/go/flavor/pkg/psp/format_2025/launcher.go:66.2,66.17 1 0
github.com/provide-io/flavor/go/flavor/pkg/psp/format_2025/launcher.go:66.17,69.3 2 0
github.com/provide-io/flavor/go/flavor/pkg/psp/format_2025/launcher.go:71.2,77.28 1 0
github.com/provide-io/flavor/go/flavor/pkg/psp/format_2025/launcher.go:77.28,79.4 1 0
github.com/provide-io/flavor/go/flavor/pkg/psp/format_2025/launcher.go:82.2,85.31 2 0
github.com/provide-io/flavor/go/flavor/pkg/psp/format_2025/launcher.go:85.31,89.3 3 0
github.com/provide-io/flavor/go/flavor/pkg/psp/format_2025/launcher.go:90.2,95.22 4 0
github.com/provide-io/flavor/go/flavor/pkg/psp/format_2025/launcher.go:95.22,96.31 1 0
github.com/provide-io/flavor/go/flavor/pkg/psp/format_2025/launcher.go:96.31,98.23 2 0
github.com/provide-io/flavor/go/flavor/pkg/psp/format_2025/launcher.go:98.23,100.5 1 0
github.com/provide-io/flavor/go/flavor/pkg/psp/format_2025/launcher.go:104.2,105.16 2 0
github.com/provide-io/flavor/go/flavor/pkg/psp/format_2025/launcher.go:105.16,108.3 2 0
github.com/provide-io/flavor/go/flavor/pkg/psp/format_2025/launcher.go:109.2,111.31 2 0
github.com/provide-io/flavor/go/flavor/pkg/psp/format_2025/launcher.go:111.31,113.20 2 0
github.com/provide-io/flavor/go/flavor/pkg/psp/format_2025/launcher.go:113.20,117.4 2 0
github.com/provide-io/flavor/go/flavor/pkg/psp/format_2025/launcher.go:119.3,119.18 1 0
github.com/provide-io/flavor/go/flavor/pkg/psp/format_2025/launcher.go:120.15,121.35 1 0
github.com/provide-io/flavor/go/flavor/pkg/psp/format_2025/launcher.go:122.17,123.33 1 0
github.com/provide-io/flavor/go/flavor/pkg/psp/format_2025/launcher.go:124.19,125.33 1 0
github.com/provide-io/flavor/go/flavor/pkg/psp/format_2025/launcher.go:126.18,127.21 1 0
github.com/provide-io/flavor/go/flavor/pkg/psp/format_2025/launcher.go:127.21,131.5 3 0
github.com/provide-io/flavor/go/flavor/pkg/psp/format_2025/launcher.go:132.4,132.50 1 0
github.com/provide-io/flavor/go/flavor/pkg/psp/format_2025/launcher.go:133.14,135.73 1 0
github.com/provide-io/flavor/go/flavor/pkg/psp/format_2025/launcher.go:135.73,138.5 2 0
github.com/provide-io/flavor/go/flavor/pkg/psp/format_2025/launcher.go:140.4,140.32 1 0
github.com/provide-io/flavor/go/flavor/pkg/psp/format_2025/launcher.go:141.25,158.78 17 0
github.com/provide-io/flavor/go/flavor/pkg/psp/format_2025/launcher.go:159.11,162.29 3 0
github.com/provide-io/flavor/go/flavor/pkg/psp/format_2025/launcher.go:164.3,164.9 1 0
github.com/provide-io/flavor/go/flavor/pkg/psp/format_2025/launcher.go:167.2,167.67 1 0
github.com/provide-io/flavor/go/flavor/pkg/psp/format_2025/launcher.go:167.67,171.76 3 0
github.com/provide-io/flavor/go/flavor/pkg/psp/format_2025/launcher.go:171.76,173.4 1 0
github.com/provide-io/flavor/go/flavor/pkg/psp/format_2025/launcher.go:173.9,173.85 1 0
github.com/provide-io/flavor/go/flavor/pkg/psp/format_2025/launcher.go:173.85,175.4 1 0
github.com/provide-io/flavor/go/flavor/pkg/psp/format_2025/launcher.go:175.9,175.81 1 0
github.com/provide-io/flavor/go/flavor/pkg/psp/format_2025/launcher.go:175.81,177.4 1 0
github.com/provide-io/flavor/go/flavor/pkg/psp/format_2025/launcher.go:178.3,178.31 1 0
github.com/provide-io/flavor/go/flavor/pkg/psp/format_2025/launcher.go:181.2,181.30 1 0
github.com/provide-io/flavor/go/flavor/pkg/psp/format_2025/launcher.go:185.44,187.2 1 0
github.com/provide-io/flavor/go/flavor/pkg/psp/format_2025/launcher.go:190.91,196.43 3 0
github.com/provide-io/flavor/go/flavor/pkg/psp/format_2025/launcher.go:196.43,199.3 2 0
github.com/provide-io/flavor/go/flavor/pkg/psp/format_2025/launcher.go:201.2,201.14 1 0
github.com/provide-io/flavor/go/flavor/pkg/psp/format_2025/launcher.go:201.14,204.3 2 0
github.com/provide-io/flavor/go/flavor/pkg/psp/format_2025/launcher.go:206.2,207.58 2 0
github.com/provide-io/flavor/go/flavor/pkg/psp/format_2025/launcher.go:211.98,216.16 4 0
github.com/provide-io/flavor/go/flavor/pkg/psp/format_2025/launcher.go:216.16,219.3 2 0
github.com/provide-io/flavor/go/flavor/pkg/psp/format_2025/launcher.go:222.2,230.29 3 0
github.com/provide-io/flavor/go/flavor/pkg/psp/format_2025/launcher.go:230.29,231.66 1 0
github.com/provide-io/flavor/go/flavor/pkg/psp/format_2025/launcher.go:231.66,235.4 2 0
github.com/provide-io/flavor/go/flavor/pkg/psp/format_2025/launcher.go:235.9,238.4 1 0
github.com/provide-io/flavor/go/flavor/pkg/psp/format_2025/launcher.go:241.2,242.20 2 0
github.com/provide-io/flavor/go/flavor/pkg/psp/format_2025/launcher.go:242.20,245.3 2 0
github.com/provide-io/flavor/go/flavor/pkg/psp/format_2025/launcher.go:246.2,250.17 3 0
github.com/provide-io/flavor/go/flavor/pkg/psp/format_2025/launcher.go:250.17,253.3 2 0
github.com/provide-io/flavor/go/flavor/pkg/psp/format_2025/launcher.go:254.2,264.16 6 0
github.com/provide-io/flavor/go/flavor/pkg/psp/format_2025/launcher.go:264.16,266.3 1 0
github.com/provide-io/flavor/go/flavor/pkg/psp/format_2025/launcher.go:269.2,270.71 2 0
github.com/provide-io/flavor/go/flavor/pkg/psp/format_2025/launcher_cli.go:15.58,18.16 2 0
github.com/provide-io/flavor/go/flavor/pkg/psp/format_2025/launcher_cli.go:18.16,21.3 2 0
github.com/provide-io/flavor/go/flavor/pkg/psp/format_2025/launcher_cli.go:22.2,22.20 1 0
github.com/provide-io/flavor/go/flavor/pkg/psp/format_2025/launcher_cli.go:22.20,24.3 1 0
github.com/provide-io/flavor/go/flavor/pkg/psp/format_2025/launcher_cli.go:26.2,27.16 2 0
github.com/provide-io/flavor/go/flavor/pkg/psp/format_2025/launcher_cli.go:27.16,30.3 2 0
github.com/provide-io/flavor/go/flavor/pkg/psp/format_2025/launcher_cli.go:31.2,31.15 1 0
github.com/provide-io/flavor/go/flavor/pkg/psp/format_2025/launcher_cli.go:31.15,32.40 1 0
github.com/provide-io/flavor/go/flavor/pkg/psp/format_2025/launcher_cli.go:32.40,34.4 1 0
github.com/provide-io/flavor/go/flavor/pkg/psp/format_2025/launcher_cli.go:37.2,38.16 2 0
github.com/provide-io/flavor/go/flavor/pkg/psp/format_2025/launcher_cli.go:38.16,41.3 2 0
github.com/provide-io/flavor/go/flavor/pkg/psp/format_2025/launcher_cli.go:43.2,44.16 2 0
github.com/provide-io/flavor/go/flavor/pkg/psp/format_2025/launcher_cli.go:44.16,47.3 2 0
github.com/provide-io/flavor/go/flavor/pkg/psp/format_2025/launcher_cli.go:49.2,55.38 5 0
github.com/provide-io/flavor/go/flavor/pkg/psp/format_2025/launcher_cli.go:55.38,57.57 2 0
github.com/provide-io/flavor/go/flavor/pkg/psp/format_2025/launcher_cli.go:57.57,59.4 1 0
github.com/provide-io/flavor/go/flavor/pkg/psp/format_2025/launcher_cli.go:62.2,63.25 2 0
github.com/provide-io/flavor/go/flavor/pkg/psp/format_2025/launcher_cli.go:63.25,65.29 2 0
github.com/provide-io/flavor/go/flavor/pkg/psp/format_2025/launcher_cli.go:65.29,67.4 1 0
github.com/provide-io/flavor/go/flavor/pkg/psp/format_2025/launcher_cli.go:68.3,68.40 1 0
github.com/provide-io/flavor/go/flavor/pkg/psp/format_2025/launcher_cli.go:71.2,73.16 3 0
github.com/provide-io/flavor/go/flavor/pkg/psp/format_2025/launcher_cli.go:73.16,75.3 1 0
github.com/provide-io/flavor/go/flavor/pkg/psp/format_2025/launcher_cli.go:77.2,93.69 5 0
github.com/provide-io/flavor/go/flavor/pkg/psp/format_2025/launcher_cli.go:97.75,99.16 2 0
github.com/provide-io/flavor/go/flavor/pkg/psp/format_2025/launcher_cli.go:99.16,102.3 2 0
github.com/provide-io/flavor/go/flavor/pkg/psp/format_2025/launcher_cli.go:105.2,106.16 2 0
github.com/provide-io/flavor/go/flavor/pkg/psp/format_2025/launcher_cli.go:106.16,109.3 2 0
github.com/provide-io/flavor/go/flavor/pkg/psp/format_2025/launcher_cli.go:110.2,110.20 1 0
github.com/provide-io/flavor/go/flavor/pkg/psp/format_2025/launcher_cli.go:110.20,112.3 1 0
github.com/provide-io/flavor/go/flavor/pkg/psp/format_2025/launcher_cli.go:114.2,115.16 2 0
github.com/provide-io/flavor/go/flavor/pkg/psp/format_2025/launcher_cli.go:115.16,118.3 2 0
github.com/provide-io/flavor/go/flavor/pkg/psp/format_2025/launcher_cli.go:119.2,119.15 1 0
github.com/provide-io/flavor/go/flavor/pkg/psp/format_2025/launcher_cli.go:119.15,120.40 1 0
github.com/provide-io/flavor/go/flavor/pkg/psp/format_2025/launcher_cli.go:120.40,122.4 1 0
github.com/provide-io/flavor/go/flavor/pkg/psp/format_2025/launcher_cli.go:125.2,126.16 2 0
github.com/provide-io/flavor/go/flavor/pkg/psp/format_2025/launcher_cli.go:126.16,129.3 2 0
github.com/provide-io/flavor/go/flavor/pkg/psp/format_2025/launcher_cli.go:131.2,131.55 1 0
github.com/provide-io/flavor/go/flavor/pkg/psp/format_2025/launcher_cli.go:131.55,134.3 2 0
github.com/provide-io/flavor/go/flavor/pkg/psp/format_2025/launcher_cli.go:136.2,138.16 3 0
github.com/provide-io/flavor/go/flavor/pkg/psp/format_2025/launcher_cli.go:138.16,141.3 2 0
github.com/provide-io/flavor/go/flavor/pkg/psp/format_2025/launcher_cli.go:143.2,143.78 1 0
github.com/provide-io/flavor/go/flavor/pkg/psp/format_2025/launcher_cli.go:147.48,148.97 1 0
github.com/provide-io/flavor/go/flavor/pkg/psp/format_2025/launcher_cli.go:148.97,150.3 1 0
github.com/provide-io/flavor/go/flavor/pkg/psp/format_2025/launcher_cli.go:151.2,151.95 1 0
github.com/provide-io/flavor/go/flavor/pkg/psp/format_2025/launcher_cli.go:151.95,153.3 1 0
github.com/provide-io/flavor/go/flavor/pkg/psp/format_2025/launcher_cli.go:154.2,154.95 1 0
github.com/provide-io/flavor/go/flavor/pkg/psp/format_2025/launcher_cli.go:154.95,156.3 1 0
github.com/provide-io/flavor/go/flavor/pkg/psp/format_2025/launcher_cli.go:157.2,157.99 1 0
github.com/provide-io/flavor/go/flavor/pkg/psp/format_2025/launcher_cli.go:157.99,159.3 1 0
github.com/provide-io/flavor/go/flavor/pkg/psp/format_2025/launcher_cli.go:161.2,162.16 2 0
github.com/provide-io/flavor/go/flavor/pkg/psp/format_2025/launcher_cli.go:162.16,164.3 1 0
github.com/provide-io/flavor/go/flavor/pkg/psp/format_2025/launcher_cli.go:166.2,167.18 2 0
github.com/provide-io/flavor/go/flavor/pkg/psp/format_2025/launcher_cli.go:167.18,169.3 1 0
github.com/provide-io/flavor/go/flavor/pkg/psp/format_2025/launcher_cli.go:170.2,173.94 3 0
github.com/provide-io/flavor/go/flavor/pkg/psp/format_2025/launcher_cli.go:173.94,175.3 1 0
github.com/provide-io/flavor/go/flavor/pkg/psp/format_2025/launcher_cli.go:177.2,177.85 1 0
github.com/provide-io/flavor/go/flavor/pkg/psp/format_2025/launcher_cli.go:177.85,179.3 1 0
github.com/provide-io/flavor/go/flavor/pkg/psp/format_2025/launcher_cli.go:181.2,181.112 1 0
github.com/provide-io/flavor/go/flavor/pkg/psp/format_2025/launcher_cli.go:181.112,183.3 1 0
github.com/provide-io/flavor/go/flavor/pkg/psp/format_2025/launcher_cli.go:185.2,185.108 1 0
github.com/provide-io/flavor/go/flavor/pkg/psp/format_2025/launcher_cli.go:185.108,187.3 1 0
github.com/provide-io/flavor/go/flavor/pkg/psp/format_2025/launcher_cli.go:189.2,189.18 1 0
github.com/provide-io/flavor/go/flavor/pkg/psp/format_2025/launcher_cli.go:193.56,196.16 2 0
github.com/provide-io/flavor/go/flavor/pkg/psp/format_2025/launcher_cli.go:196.16,199.3 2 0
github.com/provide-io/flavor/go/flavor/pkg/psp/format_2025/launcher_cli.go:200.2,200.20 1 0
github.com/provide-io/flavor/go/flavor/pkg/psp/format_2025/launcher_cli.go:200.20,202.3 1 0
github.com/provide-io/flavor/go/flavor/pkg/psp/format_2025/launcher_cli.go:204.2,205.16 2 0
github.com/provide-io/flavor/go/flavor/pkg/psp/format_2025/launcher_cli.go:205.16,208.3 2 0
github.com/provide-io/flavor/go/flavor/pkg/psp/format_2025/launcher_cli.go:209.2,209.15 1 0
github.com/provide-io/flavor/go/flavor/pkg/psp/format_2025/launcher_cli.go:209.15,210.40 1 0
github.com/provide-io/flavor/go/flavor/pkg/psp/format_2025/launcher_cli.go:210.40,212.4 1 0
github.com/provide-io/flavor/go/flavor/pkg/psp/format_2025/launcher_cli.go:215.2,216.16 2 0
github.com/provide-io/flavor/go/flavor/pkg/psp/format_2025/launcher_cli.go:216.16,219.3 2 0
github.com/provide-io/flavor/go/flavor/pkg/psp/format_2025/launcher_cli.go:222.2,224.49 3 0
github.com/provide-io/flavor/go/flavor/pkg/psp/format_2025/launcher_cli.go:224.49,227.3 2 0
github.com/provide-io/flavor/go/flavor/pkg/psp/format_2025/launcher_cli.go:231.56,234.16 2 0
github.com/provide-io/flavor/go/flavor/pkg/psp/format_2025/launcher_cli.go:234.16,237.3 2 0
github.com/provide-io/flavor/go/flavor/pkg/psp/format_2025/launcher_cli.go:238.2,238.20 1 0
github.com/provide-io/flavor/go/flavor/pkg/psp/format_2025/launcher_cli.go:238.20,240.3 1 0
github.com/provide-io/flavor/go/flavor/pkg/psp/format_2025/launcher_cli.go:242.2,243.16 2 0
github.com/provide-io/flavor/go/flavor/pkg/psp/format_2025/launcher_cli.go:243.16,246.3 2 0
github.com/provide-io/flavor/go/flavor/pkg/psp/format_2025/launcher_cli.go:247.2,247.15 1 0
github.com/provide-io/flavor/go/flavor/pkg/psp/format_2025/launcher_cli.go:247.15,248.40 1 0
github.com/provide-io/flavor/go/flavor/pkg/psp/format_2025/launcher_cli.go:248.40,250.4 1 0
github.com/provide-io/flavor/go/flavor/pkg/psp/format_2025/launcher_cli.go:253.2,258.16 4 0
github.com/provide-io/flavor/go/flavor/pkg/psp/format_2025/launcher_cli.go:258.16,260.3 1 0
github.com/provide-io/flavor/go/flavor/pkg/psp/format_2025/launcher_cli.go:260.8,262.3 1 0
github.com/provide-io/flavor/go/flavor/pkg/psp/format_2025/launcher_cli.go:264.2,265.16 2 0
github.com/provide-io/flavor/go/flavor/pkg/psp/format_2025/launcher_cli.go:265.16,267.3 1 0
github.com/provide-io/flavor/go/flavor/pkg/psp/format_2025/launcher_cli.go:267.8,269.3 1 0
github.com/provide-io/flavor/go/flavor/pkg/psp/format_2025/launcher_cli.go:271.2,272.16 2 0
github.com/provide-io/flavor/go/flavor/pkg/psp/format_2025/launcher_cli.go:272.16,274.3 1 0
github.com/provide-io/flavor/go/flavor/pkg/psp/format_2025/launcher_cli.go:274.8,277.39 2 0
github.com/provide-io/flavor/go/flavor/pkg/psp/format_2025/launcher_cli.go:277.39,279.18 2 0
github.com/provide-io/flavor/go/flavor/pkg/psp/format_2025/launcher_cli.go:279.18,281.5 1 0
github.com/provide-io/flavor/go/flavor/pkg/psp/format_2025/launcher_cli.go:281.10,283.5 1 0
github.com/provide-io/flavor/go/flavor/pkg/psp/format_2025/launcher_cli.go:287.2,287.22 1 0
github.com/provide-io/flavor/go/flavor/pkg/psp/format_2025/launcher_cli.go:287.22,289.3 1 0
github.com/provide-io/flavor/go/flavor/pkg/psp/format_2025/launcher_cli.go:289.8,291.30 2 0
github.com/provide-io/flavor/go/flavor/pkg/psp/format_2025/launcher_cli.go:291.30,293.4 1 0
github.com/provide-io/flavor/go/flavor/pkg/psp/format_2025/launcher_cli.go:294.3,294.14 1 0
github.com/provide-io/flavor/go/flavor/pkg/psp/format_2025/launcher_cli.go:299.51,300.56 1 0
github.com/provide-io/flavor/go/flavor/pkg/psp/format_2025/launcher_cli.go:300.56,302.3 1 0
github.com/provide-io/flavor/go/flavor/pkg/psp/format_2025/launcher_cli.go:303.2,303.33 1 0
github.com/provide-io/flavor/go/flavor/pkg/psp/format_2025/launcher_cli.go:307.92,310.16 2 0
github.com/provide-io/flavor/go/flavor/pkg/psp/format_2025/launcher_cli.go:310.16,312.3 1 0
github.com/provide-io/flavor/go/flavor/pkg/psp/format_2025/launcher_cli.go:315.2,322.36 5 0
github.com/provide-io/flavor/go/flavor/pkg/psp/format_2025/launcher_cli.go:322.36,324.3 1 0
github.com/provide-io/flavor/go/flavor/pkg/psp/format_2025/launcher_cli.go:329.2,329.35 1 0
github.com/provide-io/flavor/go/flavor/pkg/psp/format_2025/launcher_cli.go:329.35,330.47 1 0
github.com/provide-io/flavor/go/flavor/pkg/psp/format_2025/launcher_cli.go:330.47,338.4 5 0
github.com/provide-io/flavor/go/flavor/pkg/psp/format_2025/launcher_cli.go:340.3,341.47 2 0
github.com/provide-io/flavor/go/flavor/pkg/psp/format_2025/launcher_cli.go:345.2,351.69 5 0
github.com/provide-io/flavor/go/flavor/pkg/psp/format_2025/launcher_unix.go:7.30,7.31 0 0
github.com/provide-io/flavor/go/flavor/pkg/psp/format_2025/launcher_validation.go:40.43,42.48 1 0
github.com/provide-io/flavor/go/flavor/pkg/psp/format_2025/launcher_validation.go:42.48,43.31 1 0
github.com/provide-io/flavor/go/flavor/pkg/psp/format_2025/launcher_validation.go:44.17,45.27 1 0
github.com/provide-io/flavor/go/flavor/pkg/psp/format_2025/launcher_validation.go:46.19,47.29 1 0
github.com/provide-io/flavor/go/flavor/pkg/psp/format_2025/launcher_validation.go:48.18,49.28 1 0
github.com/provide-io/flavor/go/flavor/pkg/psp/format_2025/launcher_validation.go:50.18,51.28 1 0
github.com/provide-io/flavor/go/flavor/pkg/psp/format_2025/launcher_validation.go:52.15,53.25 1 0
github.com/provide-io/flavor/go/flavor/pkg/psp/format_2025/launcher_validation.go:58.2,58.49 1 0
github.com/provide-io/flavor/go/flavor/pkg/psp/format_2025/launcher_validation.go:59.16,60.26 1 0
github.com/provide-io/flavor/go/flavor/pkg/psp/format_2025/launcher_validation.go:61.18,62.28 1 0
github.com/provide-io/flavor/go/flavor/pkg/psp/format_2025/launcher_validation.go:63.17,64.27 1 0
github.com/provide-io/flavor/go/flavor/pkg/psp/format_2025/launcher_validation.go:65.17,66.27 1 0
github.com/provide-io/flavor/go/flavor/pkg/psp/format_2025/launcher_validation.go:67.14,68.24 1 0
github.com/provide-io/flavor/go/flavor/pkg/psp/format_2025/launcher_validation.go:69.10,70.28 1 0
github.com/provide-io/flavor/go/flavor/pkg/psp/format_2025/launcher_validation.go:75.33,77.15 2 0
github.com/provide-io/flavor/go/flavor/pkg/psp/format_2025/launcher_validation.go:77.15,79.3 1 0
github.com/provide-io/flavor/go/flavor/pkg/psp/format_2025/launcher_validation.go:81.2,82.43 2 0
github.com/provide-io/flavor/go/flavor/pkg/psp/format_2025/launcher_validation.go:82.43,84.3 1 0
github.com/provide-io/flavor/go/flavor/pkg/psp/format_2025/launcher_validation.go:86.2,87.29 2 0
github.com/provide-io/flavor/go/flavor/pkg/psp/format_2025/locking.go:31.77,34.71 2 0
github.com/provide-io/flavor/go/flavor/pkg/psp/format_2025/locking.go:34.71,36.3 1 0
github.com/provide-io/flavor/go/flavor/pkg/psp/format_2025/locking.go:38.2,42.45 3 0
github.com/provide-io/flavor/go/flavor/pkg/psp/format_2025/locking.go:42.45,46.53 2 0
github.com/provide-io/flavor/go/flavor/pkg/psp/format_2025/locking.go:46.53,48.57 2 0
github.com/provide-io/flavor/go/flavor/pkg/psp/format_2025/locking.go:48.57,49.36 1 0
github.com/provide-io/flavor/go/flavor/pkg/psp/format_2025/locking.go:49.36,52.6 2 0
github.com/provide-io/flavor/go/flavor/pkg/psp/format_2025/locking.go:52.11,55.6 2 0
github.com/provide-io/flavor/go/flavor/pkg/psp/format_2025/locking.go:56.10,60.5 2 0
github.com/provide-io/flavor/go/flavor/pkg/psp/format_2025/locking.go:61.9,65.4 2 0
github.com/provide-io/flavor/go/flavor/pkg/psp/format_2025/locking.go:69.2,70.16 2 0
github.com/provide-io/flavor/go/flavor/pkg/psp/format_2025/locking.go:70.16,71.22 1 0
github.com/provide-io/flavor/go/flavor/pkg/psp/format_2025/locking.go:71.22,74.4 2 0
github.com/provide-io/flavor/go/flavor/pkg/psp/format_2025/locking.go:75.3,75.20 1 0
github.com/provide-io/flavor/go/flavor/pkg/psp/format_2025/locking.go:77.2,77.15 1 0
github.com/provide-io/flavor/go/flavor/pkg/psp/format_2025/locking.go:77.15,77.35 1 0
github.com/provide-io/flavor/go/flavor/pkg/psp/format_2025/locking.go:80.2,80.60 1 0
github.com/provide-io/flavor/go/flavor/pkg/psp/format_2025/locking.go:80.60,83.3 2 0
github.com/provide-io/flavor/go/flavor/pkg/psp/format_2025/locking.go:85.2,87.18 3 0
github.com/provide-io/flavor/go/flavor/pkg/psp/format_2025/locking.go:91.60,93.44 2 0
github.com/provide-io/flavor/go/flavor/pkg/psp/format_2025/locking.go:93.44,95.3 1 0
github.com/provide-io/flavor/go/flavor/pkg/psp/format_2025/locking.go:95.8,97.3 1 0
github.com/provide-io/flavor/go/flavor/pkg/psp/format_2025/locking.go:98.2,98.37 1 0
github.com/provide-io/flavor/go/flavor/pkg/psp/format_2025/locking.go:102.89,106.53 3 0
github.com/provide-io/flavor/go/flavor/pkg/psp/format_2025/locking.go:106.53,107.54 1 0
github.com/provide-io/flavor/go/flavor/pkg/psp/format_2025/locking.go:107.54,112.4 3 0
github.com/provide-io/flavor/go/flavor/pkg/psp/format_2025/locking.go:114.3,114.22 1 0
github.com/provide-io/flavor/go/flavor/pkg/psp/format_2025/locking.go:114.22,117.4 1 0
github.com/provide-io/flavor/go/flavor/pkg/psp/format_2025/locking.go:119.3,119.37 1 0
github.com/provide-io/flavor/go/flavor/pkg/psp/format_2025/locking.go:122.2,122.71 1 0
github.com/provide-io/flavor/go/flavor/pkg/psp/format_2025/locking.go:126.77,128.71 2 0
github.com/provide-io/flavor/go/flavor/pkg/psp/format_2025/locking.go:128.71,130.3 1 0
github.com/provide-io/flavor/go/flavor/pkg/psp/format_2025/locking.go:131.2,133.16 3 0
github.com/provide-io/flavor/go/flavor/pkg/psp/format_2025/locking.go:133.16,135.3 1 0
github.com/provide-io/flavor/go/flavor/pkg/psp/format_2025/locking.go:136.2,136.15 1 0
github.com/provide-io/flavor/go/flavor/pkg/psp/format_2025/locking.go:136.15,136.35 1 0
github.com/provide-io/flavor/go/flavor/pkg/psp/format_2025/locking.go:138.2,138.68 1 0
github.com/provide-io/flavor/go/flavor/pkg/psp/format_2025/locking.go:138.68,140.3 1 0
github.com/provide-io/flavor/go/flavor/pkg/psp/format_2025/locking.go:141.2,142.12 2 0
github.com/provide-io/flavor/go/flavor/pkg/psp/format_2025/locking.go:146.53,149.2 2 0
github.com/provide-io/flavor/go/flavor/pkg/psp/format_2025/locking.go:152.73,154.71 2 0
github.com/provide-io/flavor/go/flavor/pkg/psp/format_2025/locking.go:154.71,156.3 1 0
github.com/provide-io/flavor/go/flavor/pkg/psp/format_2025/locking.go:158.2,159.56 2 0
github.com/provide-io/flavor/go/flavor/pkg/psp/format_2025/locking.go:163.28,165.2 1 0
github.com/provide-io/flavor/go/flavor/pkg/psp/format_2025/locking.go:168.78,172.51 2 0
github.com/provide-io/flavor/go/flavor/pkg/psp/format_2025/locking.go:172.51,174.3 1 0
github.com/provide-io/flavor/go/flavor/pkg/psp/format_2025/locking.go:177.2,178.16 2 0
github.com/provide-io/flavor/go/flavor/pkg/psp/format_2025/locking.go:178.16,180.3 1 0
github.com/provide-io/flavor/go/flavor/pkg/psp/format_2025/locking.go:182.2,182.32 1 0
github.com/provide-io/flavor/go/flavor/pkg/psp/format_2025/locking.go:182.32,183.20 1 0
github.com/provide-io/flavor/go/flavor/pkg/psp/format_2025/locking.go:183.20,185.58 1 0
github.com/provide-io/flavor/go/flavor/pkg/psp/format_2025/locking.go:185.58,187.33 1 0
github.com/provide-io/flavor/go/flavor/pkg/psp/format_2025/locking.go:187.33,190.51 3 0
github.com/provide-io/flavor/go/flavor/pkg/psp/format_2025/locking.go:190.51,192.7 1 0
github.com/provide-io/flavor/go/flavor/pkg/psp/format_2025/locking.go:198.2,198.12 1 0
github.com/provide-io/flavor/go/flavor/pkg/psp/format_2025/locking_unix.go:14.37,16.16 2 0
github.com/provide-io/flavor/go/flavor/pkg/psp/format_2025/locking_unix.go:16.16,18.3 1 0
github.com/provide-io/flavor/go/flavor/pkg/psp/format_2025/locking_unix.go:19.2,20.19 2 0
github.com/provide-io/flavor/go/flavor/pkg/psp/format_2025/metadata.go:25.53,44.53 3 0
github.com/provide-io/flavor/go/flavor/pkg/psp/format_2025/metadata.go:44.53,46.3 1 0
github.com/provide-io/flavor/go/flavor/pkg/psp/format_2025/metadata.go:47.2,60.27 14 0
github.com/provide-io/flavor/go/flavor/pkg/psp/format_2025/metadata.go:60.27,63.60 3 0
github.com/provide-io/flavor/go/flavor/pkg/psp/format_2025/metadata.go:63.60,65.4 1 0
github.com/provide-io/flavor/go/flavor/pkg/psp/format_2025/metadata.go:66.3,66.18 1 0
github.com/provide-io/flavor/go/flavor/pkg/psp/format_2025/metadata.go:68.2,68.12 1 0
github.com/provide-io/flavor/go/flavor/pkg/psp/format_2025/operations.go:136.48,143.32 3 0
github.com/provide-io/flavor/go/flavor/pkg/psp/format_2025/operations.go:143.32,144.13 1 0
github.com/provide-io/flavor/go/flavor/pkg/psp/format_2025/operations.go:144.13,148.9 2 0
github.com/provide-io/flavor/go/flavor/pkg/psp/format_2025/operations.go:150.3,156.4 2 0
github.com/provide-io/flavor/go/flavor/pkg/psp/format_2025/operations.go:159.2,162.15 2 0
github.com/provide-io/flavor/go/flavor/pkg/psp/format_2025/operations.go:167.46,173.25 3 0
github.com/provide-io/flavor/go/flavor/pkg/psp/format_2025/operations.go:173.25,175.20 2 0
github.com/provide-io/flavor/go/flavor/pkg/psp/format_2025/operations.go:175.20,176.9 1 0
github.com/provide-io/flavor/go/flavor/pkg/psp/format_2025/operations.go:178.3,182.4 2 0
github.com/provide-io/flavor/go/flavor/pkg/psp/format_2025/operations.go:185.2,189.19 2 0
github.com/provide-io/flavor/go/flavor/pkg/psp/format_2025/operations.go:260.37,261.40 1 0
github.com/provide-io/flavor/go/flavor/pkg/psp/format_2025/operations.go:261.40,263.3 1 0
github.com/provide-io/flavor/go/flavor/pkg/psp/format_2025/operations.go:264.2,264.18 1 0
github.com/provide-io/flavor/go/flavor/pkg/psp/format_2025/paths.go:17.73,22.44 2 0
github.com/provide-io/flavor/go/flavor/pkg/psp/format_2025/paths.go:22.44,24.3 1 0
github.com/provide-io/flavor/go/flavor/pkg/psp/format_2025/paths.go:24.8,24.52 1 0
github.com/provide-io/flavor/go/flavor/pkg/psp/format_2025/paths.go:24.52,26.3 1 0
github.com/provide-io/flavor/go/flavor/pkg/psp/format_2025/paths.go:28.2,31.3 1 0
github.com/provide-io/flavor/go/flavor/pkg/psp/format_2025/paths.go:37.41,39.2 1 0
github.com/provide-io/flavor/go/flavor/pkg/psp/format_2025/paths.go:44.42,47.2 2 0
github.com/provide-io/flavor/go/flavor/pkg/psp/format_2025/paths.go:50.42,52.2 1 0
github.com/provide-io/flavor/go/flavor/pkg/psp/format_2025/paths.go:55.49,57.2 1 0
github.com/provide-io/flavor/go/flavor/pkg/psp/format_2025/paths.go:60.37,62.2 1 0
github.com/provide-io/flavor/go/flavor/pkg/psp/format_2025/paths.go:65.55,67.2 1 0
github.com/provide-io/flavor/go/flavor/pkg/psp/format_2025/paths.go:72.41,74.2 1 0
github.com/provide-io/flavor/go/flavor/pkg/psp/format_2025/paths.go:77.37,79.2 1 0
github.com/provide-io/flavor/go/flavor/pkg/psp/format_2025/paths.go:82.42,84.2 1 0
github.com/provide-io/flavor/go/flavor/pkg/psp/format_2025/paths.go:87.46,89.2 1 0
github.com/provide-io/flavor/go/flavor/pkg/psp/format_2025/paths.go:92.46,94.2 1 0
github.com/provide-io/flavor/go/flavor/pkg/psp/format_2025/paths.go:97.51,99.2 1 0
github.com/provide-io/flavor/go/flavor/pkg/psp/format_2025/paths.go:104.49,106.2 1 0
github.com/provide-io/flavor/go/flavor/pkg/psp/format_2025/paths.go:111.38,113.2 1 0
github.com/provide-io/flavor/go/flavor/pkg/psp/format_2025/paths.go:116.45,119.2 2 0
github.com/provide-io/flavor/go/flavor/pkg/psp/format_2025/paths.go:122.46,125.2 2 0
github.com/provide-io/flavor/go/flavor/pkg/psp/format_2025/paths.go:128.64,132.51 2 0
github.com/provide-io/flavor/go/flavor/pkg/psp/format_2025/paths.go:132.51,134.3 1 0
github.com/provide-io/flavor/go/flavor/pkg/psp/format_2025/paths.go:136.2,137.16 2 0
github.com/provide-io/flavor/go/flavor/pkg/psp/format_2025/paths.go:137.16,139.3 1 0
github.com/provide-io/flavor/go/flavor/pkg/psp/format_2025/paths.go:141.2,142.32 2 0
github.com/provide-io/flavor/go/flavor/pkg/psp/format_2025/paths.go:142.32,143.20 1 0
github.com/provide-io/flavor/go/flavor/pkg/psp/format_2025/paths.go:143.20,145.4 1 0
github.com/provide-io/flavor/go/flavor/pkg/psp/format_2025/paths.go:148.2,148.18 1 0
github.com/provide-io/flavor/go/flavor/pkg/psp/format_2025/pe_resources_stub.go:14.86,16.2 1 0
github.com/provide-io/flavor/go/flavor/pkg/psp/format_2025/pe_resources_stub.go:20.80,22.2 1 0
github.com/provide-io/flavor/go/flavor/pkg/psp/format_2025/pe_resources_stub.go:25.64,27.2 1 0
github.com/provide-io/flavor/go/flavor/pkg/psp/format_2025/pe_utils.go:22.39,24.2 1 0
github.com/provide-io/flavor/go/flavor/pkg/psp/format_2025/pe_utils.go:29.50,30.22 1 0
github.com/provide-io/flavor/go/flavor/pkg/psp/format_2025/pe_utils.go:30.22,32.3 1 0
github.com/provide-io/flavor/go/flavor/pkg/psp/format_2025/pe_utils.go:35.2,38.28 2 0
github.com/provide-io/flavor/go/flavor/pkg/psp/format_2025/pe_utils.go:38.28,40.3 1 0
github.com/provide-io/flavor/go/flavor/pkg/psp/format_2025/pe_utils.go:42.2,44.43 3 0
github.com/provide-io/flavor/go/flavor/pkg/psp/format_2025/pe_utils.go:44.43,46.3 1 0
github.com/provide-io/flavor/go/flavor/pkg/psp/format_2025/pe_utils.go:48.2,48.22 1 0
github.com/provide-io/flavor/go/flavor/pkg/psp/format_2025/pe_utils.go:55.67,56.27 1 0
github.com/provide-io/flavor/go/flavor/pkg/psp/format_2025/pe_utils.go:56.27,58.3 1 0
github.com/provide-io/flavor/go/flavor/pkg/psp/format_2025/pe_utils.go:60.2,61.16 2 0
github.com/provide-io/flavor/go/flavor/pkg/psp/format_2025/pe_utils.go:61.16,63.3 1 0
github.com/provide-io/flavor/go/flavor/pkg/psp/format_2025/pe_utils.go:67.2,67.22 1 0
github.com/provide-io/flavor/go/flavor/pkg/psp/format_2025/pe_utils.go:67.22,70.3 2 0
github.com/provide-io/flavor/go/flavor/pkg/psp/format_2025/pe_utils.go:72.2,73.14 2 0
github.com/provide-io/flavor/go/flavor/pkg/psp/format_2025/pe_utils.go:86.84,87.21 1 0
github.com/provide-io/flavor/go/flavor/pkg/psp/format_2025/pe_utils.go:87.21,89.3 1 0
github.com/provide-io/flavor/go/flavor/pkg/psp/format_2025/pe_utils.go:92.2,110.35 8 0
github.com/provide-io/flavor/go/flavor/pkg/psp/format_2025/pe_utils.go:110.35,118.21 4 0
github.com/provide-io/flavor/go/flavor/pkg/psp/format_2025/pe_utils.go:118.21,119.71 1 0
github.com/provide-io/flavor/go/flavor/pkg/psp/format_2025/pe_utils.go:119.71,121.5 1 0
github.com/provide-io/flavor/go/flavor/pkg/psp/format_2025/pe_utils.go:122.4,129.13 4 0
github.com/provide-io/flavor/go/flavor/pkg/psp/format_2025/pe_utils.go:133.2,137.12 2 0
github.com/provide-io/flavor/go/flavor/pkg/psp/format_2025/pe_utils.go:152.85,165.16 6 0
github.com/provide-io/flavor/go/flavor/pkg/psp/format_2025/pe_utils.go:165.16,167.3 1 0
github.com/provide-io/flavor/go/flavor/pkg/psp/format_2025/pe_utils.go:167.8,169.3 1 0
github.com/provide-io/flavor/go/flavor/pkg/psp/format_2025/pe_utils.go:173.2,175.35 2 0
github.com/provide-io/flavor/go/flavor/pkg/psp/format_2025/pe_utils.go:175.35,180.3 2 0
github.com/provide-io/flavor/go/flavor/pkg/psp/format_2025/pe_utils.go:183.2,191.28 4 0
github.com/provide-io/flavor/go/flavor/pkg/psp/format_2025/pe_utils.go:191.28,197.3 3 0
github.com/provide-io/flavor/go/flavor/pkg/psp/format_2025/pe_utils.go:201.2,205.12 4 0
github.com/provide-io/flavor/go/flavor/pkg/psp/format_2025/pe_utils.go:210.83,225.35 6 0
github.com/provide-io/flavor/go/flavor/pkg/psp/format_2025/pe_utils.go:225.35,239.58 5 0
github.com/provide-io/flavor/go/flavor/pkg/psp/format_2025/pe_utils.go:239.58,249.4 4 0
github.com/provide-io/flavor/go/flavor/pkg/psp/format_2025/pe_utils.go:252.2,254.17 2 0
github.com/provide-io/flavor/go/flavor/pkg/psp/format_2025/pe_utils.go:268.84,279.16 6 0
github.com/provide-io/flavor/go/flavor/pkg/psp/format_2025/pe_utils.go:279.16,281.3 1 0
github.com/provide-io/flavor/go/flavor/pkg/psp/format_2025/pe_utils.go:281.8,283.3 1 0
github.com/provide-io/flavor/go/flavor/pkg/psp/format_2025/pe_utils.go:287.2,289.39 2 0
github.com/provide-io/flavor/go/flavor/pkg/psp/format_2025/pe_utils.go:289.39,293.3 2 0
github.com/provide-io/flavor/go/flavor/pkg/psp/format_2025/pe_utils.go:296.2,300.43 3 0
github.com/provide-io/flavor/go/flavor/pkg/psp/format_2025/pe_utils.go:300.43,303.3 2 0
github.com/provide-io/flavor/go/flavor/pkg/psp/format_2025/pe_utils.go:306.2,307.12 2 0
github.com/provide-io/flavor/go/flavor/pkg/psp/format_2025/pe_utils.go:307.12,311.3 2 0
github.com/provide-io/flavor/go/flavor/pkg/psp/format_2025/pe_utils.go:313.2,335.39 5 0
github.com/provide-io/flavor/go/flavor/pkg/psp/format_2025/pe_utils.go:335.39,341.37 3 0
github.com/provide-io/flavor/go/flavor/pkg/psp/format_2025/pe_utils.go:341.37,345.12 2 0
github.com/provide-io/flavor/go/flavor/pkg/psp/format_2025/pe_utils.go:349.3,352.43 2 0
github.com/provide-io/flavor/go/flavor/pkg/psp/format_2025/pe_utils.go:352.43,361.4 4 0
github.com/provide-io/flavor/go/flavor/pkg/psp/format_2025/pe_utils.go:364.2,364.17 1 0
github.com/provide-io/flavor/go/flavor/pkg/psp/format_2025/pe_utils.go:364.17,368.3 1 0
github.com/provide-io/flavor/go/flavor/pkg/psp/format_2025/pe_utils.go:370.2,370.12 1 0
github.com/provide-io/flavor/go/flavor/pkg/psp/format_2025/pe_utils.go:381.83,390.39 4 0
github.com/provide-io/flavor/go/flavor/pkg/psp/format_2025/pe_utils.go:390.39,392.3 1 0
github.com/provide-io/flavor/go/flavor/pkg/psp/format_2025/pe_utils.go:395.2,406.12 5 0
github.com/provide-io/flavor/go/flavor/pkg/psp/format_2025/pe_utils.go:420.70,421.27 1 0
github.com/provide-io/flavor/go/flavor/pkg/psp/format_2025/pe_utils.go:421.27,423.3 1 0
github.com/provide-io/flavor/go/flavor/pkg/psp/format_2025/pe_utils.go:425.2,426.16 2 0
github.com/provide-io/flavor/go/flavor/pkg/psp/format_2025/pe_utils.go:426.16,428.3 1 0
github.com/provide-io/flavor/go/flavor/pkg/psp/format_2025/pe_utils.go:430.2,430.42 1 0
github.com/provide-io/flavor/go/flavor/pkg/psp/format_2025/pe_utils.go:430.42,435.3 2 0
github.com/provide-io/flavor/go/flavor/pkg/psp/format_2025/pe_utils.go:438.2,460.75 8 0
github.com/provide-io/flavor/go/flavor/pkg/psp/format_2025/pe_utils.go:460.75,462.3 1 0
github.com/provide-io/flavor/go/flavor/pkg/psp/format_2025/pe_utils.go:465.2,465.74 1 0
github.com/provide-io/flavor/go/flavor/pkg/psp/format_2025/pe_utils.go:465.74,467.3 1 0
github.com/provide-io/flavor/go/flavor/pkg/psp/format_2025/pe_utils.go:470.2,481.21 4 0
github.com/provide-io/flavor/go/flavor/pkg/psp/format_2025/pe_utils.go:491.71,492.35 1 0
github.com/provide-io/flavor/go/flavor/pkg/psp/format_2025/pe_utils.go:492.35,494.3 1 0
github.com/provide-io/flavor/go/flavor/pkg/psp/format_2025/pe_utils.go:496.2,497.16 2 0
github.com/provide-io/flavor/go/flavor/pkg/psp/format_2025/pe_utils.go:497.16,499.3 1 0
github.com/provide-io/flavor/go/flavor/pkg/psp/format_2025/pe_utils.go:502.2,502.22 1 0
github.com/provide-io/flavor/go/flavor/pkg/psp/format_2025/pe_utils.go:502.22,505.3 2 0
github.com/provide-io/flavor/go/flavor/pkg/psp/format_2025/pe_utils.go:505.8,505.29 1 0
github.com/provide-io/flavor/go/flavor/pkg/psp/format_2025/pe_utils.go:505.29,508.3 2 0
github.com/provide-io/flavor/go/flavor/pkg/psp/format_2025/pe_utils.go:508.8,511.3 2 0
github.com/provide-io/flavor/go/flavor/pkg/psp/format_2025/pe_utils.go:526.87,527.35 1 0
github.com/provide-io/flavor/go/flavor/pkg/psp/format_2025/pe_utils.go:527.35,531.3 2 0
github.com/provide-io/flavor/go/flavor/pkg/psp/format_2025/pe_utils.go:533.2,535.22 2 0
github.com/provide-io/flavor/go/flavor/pkg/psp/format_2025/pe_utils.go:536.12,540.27 2 0
github.com/provide-io/flavor/go/flavor/pkg/psp/format_2025/pe_utils.go:542.14,546.27 2 0
github.com/provide-io/flavor/go/flavor/pkg/psp/format_2025/pe_utils.go:548.10,551.27 2 0
github.com/provide-io/flavor/go/flavor/pkg/psp/format_2025/pe_utils.go:556.35,557.22 1 0
github.com/provide-io/flavor/go/flavor/pkg/psp/format_2025/pe_utils.go:557.22,559.3 1 0
github.com/provide-io/flavor/go/flavor/pkg/psp/format_2025/pe_utils.go:560.2,560.19 1 0
github.com/provide-io/flavor/go/flavor/pkg/psp/format_2025/pe_utils.go:560.19,561.19 1 0
github.com/provide-io/flavor/go/flavor/pkg/psp/format_2025/pe_utils.go:561.19,563.4 1 0
github.com/provide-io/flavor/go/flavor/pkg/psp/format_2025/pe_utils.go:565.2,565.13 1 0
github.com/provide-io/flavor/go/flavor/pkg/psp/format_2025/privilege_unix.go:15.30,17.2 1 0
github.com/provide-io/flavor/go/flavor/pkg/psp/format_2025/reader.go:39.52,41.2 1 0
github.com/provide-io/flavor/go/flavor/pkg/psp/format_2025/reader.go:44.83,45.19 1 0
github.com/provide-io/flavor/go/flavor/pkg/psp/format_2025/reader.go:45.19,47.3 1 0
github.com/provide-io/flavor/go/flavor/pkg/psp/format_2025/reader.go:48.2,51.8 1 0
github.com/provide-io/flavor/go/flavor/pkg/psp/format_2025/reader.go:55.31,56.19 1 0
github.com/provide-io/flavor/go/flavor/pkg/psp/format_2025/reader.go:56.19,58.3 1 0
github.com/provide-io/flavor/go/flavor/pkg/psp/format_2025/reader.go:60.2,61.16 2 0
github.com/provide-io/flavor/go/flavor/pkg/psp/format_2025/reader.go:61.16,63.3 1 0
github.com/provide-io/flavor/go/flavor/pkg/psp/format_2025/reader.go:65.2,66.12 2 0
github.com/provide-io/flavor/go/flavor/pkg/psp/format_2025/reader.go:70.32,71.19 1 0
github.com/provide-io/flavor/go/flavor/pkg/psp/format_2025/reader.go:71.19,75.3 3 0
github.com/provide-io/flavor/go/flavor/pkg/psp/format_2025/reader.go:76.2,76.12 1 0
github.com/provide-io/flavor/go/flavor/pkg/psp/format_2025/reader.go:80.53,81.33 1 0
github.com/provide-io/flavor/go/flavor/pkg/psp/format_2025/reader.go:81.33,83.3 1 0
github.com/provide-io/flavor/go/flavor/pkg/psp/format_2025/reader.go:86.2,87.16 2 0
github.com/provide-io/flavor/go/flavor/pkg/psp/format_2025/reader.go:87.16,89.3 1 0
github.com/provide-io/flavor/go/flavor/pkg/psp/format_2025/reader.go:92.2,93.80 2 0
github.com/provide-io/flavor/go/flavor/pkg/psp/format_2025/reader.go:93.80,95.3 1 0
github.com/provide-io/flavor/go/flavor/pkg/psp/format_2025/reader.go:98.2,98.50 1 0
github.com/provide-io/flavor/go/flavor/pkg/psp/format_2025/reader.go:98.50,100.3 1 0
github.com/provide-io/flavor/go/flavor/pkg/psp/format_2025/reader.go:101.2,101.69 1 0
github.com/provide-io/flavor/go/flavor/pkg/psp/format_2025/reader.go:101.69,103.3 1 0
github.com/provide-io/flavor/go/flavor/pkg/psp/format_2025/reader.go:106.2,110.23 3 0
github.com/provide-io/flavor/go/flavor/pkg/psp/format_2025/reader.go:114.50,115.20 1 0
github.com/provide-io/flavor/go/flavor/pkg/psp/format_2025/reader.go:115.20,117.3 1 0
github.com/provide-io/flavor/go/flavor/pkg/psp/format_2025/reader.go:119.2,119.33 1 0
github.com/provide-io/flavor/go/flavor/pkg/psp/format_2025/reader.go:119.33,121.3 1 0
github.com/provide-io/flavor/go/flavor/pkg/psp/format_2025/reader.go:124.2,125.16 2 0
github.com/provide-io/flavor/go/flavor/pkg/psp/format_2025/reader.go:125.16,127.3 1 0
github.com/provide-io/flavor/go/flavor/pkg/psp/format_2025/reader.go:130.2,137.40 4 0
github.com/provide-io/flavor/go/flavor/pkg/psp/format_2025/reader.go:137.40,139.3 1 0
github.com/provide-io/flavor/go/flavor/pkg/psp/format_2025/reader.go:141.2,142.19 2 0
github.com/provide-io/flavor/go/flavor/pkg/psp/format_2025/reader.go:146.52,147.23 1 0
github.com/provide-io/flavor/go/flavor/pkg/psp/format_2025/reader.go:147.23,149.3 1 0
github.com/provide-io/flavor/go/flavor/pkg/psp/format_2025/reader.go:151.2,152.16 2 0
github.com/provide-io/flavor/go/flavor/pkg/psp/format_2025/reader.go:152.16,154.3 1 0
github.com/provide-io/flavor/go/flavor/pkg/psp/format_2025/reader.go:157.2,157.82 1 0
github.com/provide-io/flavor/go/flavor/pkg/psp/format_2025/reader.go:157.82,159.3 1 0
github.com/provide-io/flavor/go/flavor/pkg/psp/format_2025/reader.go:162.2,163.52 2 0
github.com/provide-io/flavor/go/flavor/pkg/psp/format_2025/reader.go:163.52,165.3 1 0
github.com/provide-io/flavor/go/flavor/pkg/psp/format_2025/reader.go:168.2,169.16 2 0
github.com/provide-io/flavor/go/flavor/pkg/psp/format_2025/reader.go:169.16,171.3 1 0
github.com/provide-io/flavor/go/flavor/pkg/psp/format_2025/reader.go:172.2,176.62 3 0
github.com/provide-io/flavor/go/flavor/pkg/psp/format_2025/reader.go:176.62,178.3 1 0
github.com/provide-io/flavor/go/flavor/pkg/psp/format_2025/reader.go:180.2,181.23 2 0
github.com/provide-io/flavor/go/flavor/pkg/psp/format_2025/reader.go:185.56,187.16 2 0
github.com/provide-io/flavor/go/flavor/pkg/psp/format_2025/reader.go:187.16,189.3 1 0
github.com/provide-io/flavor/go/flavor/pkg/psp/format_2025/reader.go:192.2,192.82 1 0
github.com/provide-io/flavor/go/flavor/pkg/psp/format_2025/reader.go:192.82,194.3 1 0
github.com/provide-io/flavor/go/flavor/pkg/psp/format_2025/reader.go:196.2,197.53 2 0
github.com/provide-io/flavor/go/flavor/pkg/psp/format_2025/reader.go:197.53,199.3 1 0
github.com/provide-io/flavor/go/flavor/pkg/psp/format_2025/reader.go:202.2,203.42 2 0
github.com/provide-io/flavor/go/flavor/pkg/psp/format_2025/reader.go:203.42,205.3 1 0
github.com/provide-io/flavor/go/flavor/pkg/psp/format_2025/reader.go:207.2,207.26 1 0
github.com/provide-io/flavor/go/flavor/pkg/psp/format_2025/reader_slots.go:19.58,21.16 2 0
github.com/provide-io/flavor/go/flavor/pkg/psp/format_2025/reader_slots.go:21.16,23.3 1 0
github.com/provide-io/flavor/go/flavor/pkg/psp/format_2025/reader_slots.go:25.2,25.39 1 0
github.com/provide-io/flavor/go/flavor/pkg/psp/format_2025/reader_slots.go:25.39,27.3 1 0
github.com/provide-io/flavor/go/flavor/pkg/psp/format_2025/reader_slots.go:30.2,31.75 2 0
github.com/provide-io/flavor/go/flavor/pkg/psp/format_2025/reader_slots.go:31.75,33.3 1 0
github.com/provide-io/flavor/go/flavor/pkg/psp/format_2025/reader_slots.go:36.2,37.53 2 0
github.com/provide-io/flavor/go/flavor/pkg/psp/format_2025/reader_slots.go:37.53,39.3 1 0
github.com/provide-io/flavor/go/flavor/pkg/psp/format_2025/reader_slots.go:42.2,43.16 2 0
github.com/provide-io/flavor/go/flavor/pkg/psp/format_2025/reader_slots.go:43.16,45.3 1 0
github.com/provide-io/flavor/go/flavor/pkg/psp/format_2025/reader_slots.go:48.2,48.74 1 0
github.com/provide-io/flavor/go/flavor/pkg/psp/format_2025/reader_slots.go:48.74,50.3 1 0
github.com/provide-io/flavor/go/flavor/pkg/psp/format_2025/reader_slots.go:53.2,54.49 2 0
github.com/provide-io/flavor/go/flavor/pkg/psp/format_2025/reader_slots.go:54.49,56.3 1 0
github.com/provide-io/flavor/go/flavor/pkg/psp/format_2025/reader_slots.go:59.2,63.19 4 0
github.com/provide-io/flavor/go/flavor/pkg/psp/format_2025/reader_slots.go:63.19,65.3 1 0
github.com/provide-io/flavor/go/flavor/pkg/psp/format_2025/reader_slots.go:66.2,67.24 2 0
github.com/provide-io/flavor/go/flavor/pkg/psp/format_2025/reader_slots.go:67.24,69.3 1 0
github.com/provide-io/flavor/go/flavor/pkg/psp/format_2025/reader_slots.go:70.2,77.38 2 0
github.com/provide-io/flavor/go/flavor/pkg/psp/format_2025/reader_slots.go:77.38,79.3 1 0
github.com/provide-io/flavor/go/flavor/pkg/psp/format_2025/reader_slots.go:82.2,87.44 4 0
github.com/provide-io/flavor/go/flavor/pkg/psp/format_2025/reader_slots.go:87.44,91.13 3 0
github.com/provide-io/flavor/go/flavor/pkg/psp/format_2025/reader_slots.go:92.16,96.18 3 0
github.com/provide-io/flavor/go/flavor/pkg/psp/format_2025/reader_slots.go:96.18,98.5 1 0
github.com/provide-io/flavor/go/flavor/pkg/psp/format_2025/reader_slots.go:99.4,101.18 3 0
github.com/provide-io/flavor/go/flavor/pkg/psp/format_2025/reader_slots.go:101.18,103.5 1 0
github.com/provide-io/flavor/go/flavor/pkg/psp/format_2025/reader_slots.go:104.4,105.25 2 0
github.com/provide-io/flavor/go/flavor/pkg/psp/format_2025/reader_slots.go:107.15,110.12 1 0
github.com/provide-io/flavor/go/flavor/pkg/psp/format_2025/reader_slots.go:112.33,114.81 1 0
github.com/provide-io/flavor/go/flavor/pkg/psp/format_2025/reader_slots.go:116.22,118.92 1 0
github.com/provide-io/flavor/go/flavor/pkg/psp/format_2025/reader_slots.go:120.11,121.21 1 0
github.com/provide-io/flavor/go/flavor/pkg/psp/format_2025/reader_slots.go:121.21,123.5 1 0
github.com/provide-io/flavor/go/flavor/pkg/psp/format_2025/reader_slots.go:127.2,127.20 1 0
github.com/provide-io/flavor/go/flavor/pkg/psp/format_2025/reader_slots.go:131.34,133.22 1 0
github.com/provide-io/flavor/go/flavor/pkg/psp/format_2025/reader_slots.go:133.22,134.39 1 0
github.com/provide-io/flavor/go/flavor/pkg/psp/format_2025/reader_slots.go:134.39,136.4 1 0
github.com/provide-io/flavor/go/flavor/pkg/psp/format_2025/reader_slots.go:138.2,138.14 1 0
github.com/provide-io/flavor/go/flavor/pkg/psp/format_2025/reader_slots.go:142.77,144.19 2 0
github.com/provide-io/flavor/go/flavor/pkg/psp/format_2025/reader_slots.go:144.19,146.3 1 0
github.com/provide-io/flavor/go/flavor/pkg/psp/format_2025/reader_slots.go:148.2,149.16 2 0
github.com/provide-io/flavor/go/flavor/pkg/psp/format_2025/reader_slots.go:149.16,151.3 1 0
github.com/provide-io/flavor/go/flavor/pkg/psp/format_2025/reader_slots.go:153.2,153.38 1 0
github.com/provide-io/flavor/go/flavor/pkg/psp/format_2025/reader_slots.go:153.38,155.3 1 0
github.com/provide-io/flavor/go/flavor/pkg/psp/format_2025/reader_slots.go:157.2,162.16 4 0
github.com/provide-io/flavor/go/flavor/pkg/psp/format_2025/reader_slots.go:162.16,164.3 1 0
github.com/provide-io/flavor/go/flavor/pkg/psp/format_2025/reader_slots.go:167.2,168.16 2 0
github.com/provide-io/flavor/go/flavor/pkg/psp/format_2025/reader_slots.go:168.16,170.3 1 0
github.com/provide-io/flavor/go/flavor/pkg/psp/format_2025/reader_slots.go:173.2,174.75 2 0
github.com/provide-io/flavor/go/flavor/pkg/psp/format_2025/reader_slots.go:174.75,176.3 1 0
github.com/provide-io/flavor/go/flavor/pkg/psp/format_2025/reader_slots.go:178.2,179.53 2 0
github.com/provide-io/flavor/go/flavor/pkg/psp/format_2025/reader_slots.go:179.53,181.3 1 0
github.com/provide-io/flavor/go/flavor/pkg/psp/format_2025/reader_slots.go:184.2,189.47 3 0
github.com/provide-io/flavor/go/flavor/pkg/psp/format_2025/reader_slots.go:189.47,193.3 2 0
github.com/provide-io/flavor/go/flavor/pkg/psp/format_2025/reader_slots.go:196.2,201.43 3 0
github.com/provide-io/flavor/go/flavor/pkg/psp/format_2025/reader_slots.go:201.43,203.12 1 0
github.com/provide-io/flavor/go/flavor/pkg/psp/format_2025/reader_slots.go:203.12,208.4 2 0
github.com/provide-io/flavor/go/flavor/pkg/psp/format_2025/reader_slots.go:208.9,213.4 3 0
github.com/provide-io/flavor/go/flavor/pkg/psp/format_2025/reader_slots.go:214.8,218.3 2 0
github.com/provide-io/flavor/go/flavor/pkg/psp/format_2025/reader_slots.go:220.2,222.11 2 0
github.com/provide-io/flavor/go/flavor/pkg/psp/format_2025/reader_slots.go:222.11,225.72 1 0
github.com/provide-io/flavor/go/flavor/pkg/psp/format_2025/reader_slots.go:225.72,227.4 1 0
github.com/provide-io/flavor/go/flavor/pkg/psp/format_2025/reader_slots.go:229.3,230.7 2 0
github.com/provide-io/flavor/go/flavor/pkg/psp/format_2025/reader_slots.go:230.7,232.21 2 0
github.com/provide-io/flavor/go/flavor/pkg/psp/format_2025/reader_slots.go:232.21,233.10 1 0
github.com/provide-io/flavor/go/flavor/pkg/psp/format_2025/reader_slots.go:235.4,235.18 1 0
github.com/provide-io/flavor/go/flavor/pkg/psp/format_2025/reader_slots.go:235.18,237.5 1 0
github.com/provide-io/flavor/go/flavor/pkg/psp/format_2025/reader_slots.go:239.4,242.103 4 0
github.com/provide-io/flavor/go/flavor/pkg/psp/format_2025/reader_slots.go:242.103,244.5 1 0
github.com/provide-io/flavor/go/flavor/pkg/psp/format_2025/reader_slots.go:246.4,246.24 1 0
github.com/provide-io/flavor/go/flavor/pkg/psp/format_2025/reader_slots.go:247.21,248.70 1 0
github.com/provide-io/flavor/go/flavor/pkg/psp/format_2025/reader_slots.go:248.70,250.6 1 0
github.com/provide-io/flavor/go/flavor/pkg/psp/format_2025/reader_slots.go:251.21,253.84 1 0
github.com/provide-io/flavor/go/flavor/pkg/psp/format_2025/reader_slots.go:253.84,255.6 1 0
github.com/provide-io/flavor/go/flavor/pkg/psp/format_2025/reader_slots.go:257.5,258.19 2 0
github.com/provide-io/flavor/go/flavor/pkg/psp/format_2025/reader_slots.go:258.19,260.6 1 0
github.com/provide-io/flavor/go/flavor/pkg/psp/format_2025/reader_slots.go:262.5,262.47 1 0
github.com/provide-io/flavor/go/flavor/pkg/psp/format_2025/reader_slots.go:262.47,263.50 1 0
github.com/provide-io/flavor/go/flavor/pkg/psp/format_2025/reader_slots.go:263.50,266.7 1 0
github.com/provide-io/flavor/go/flavor/pkg/psp/format_2025/reader_slots.go:267.6,267.20 1 0
github.com/provide-io/flavor/go/flavor/pkg/psp/format_2025/reader_slots.go:269.5,269.39 1 0
github.com/provide-io/flavor/go/flavor/pkg/psp/format_2025/reader_slots.go:269.39,271.6 1 0
github.com/provide-io/flavor/go/flavor/pkg/psp/format_2025/reader_slots.go:274.5,274.27 1 0
github.com/provide-io/flavor/go/flavor/pkg/psp/format_2025/reader_slots.go:274.27,275.68 1 0
github.com/provide-io/flavor/go/flavor/pkg/psp/format_2025/reader_slots.go:275.68,278.7 1 0
github.com/provide-io/flavor/go/flavor/pkg/psp/format_2025/reader_slots.go:280.25,281.119 1 0
github.com/provide-io/flavor/go/flavor/pkg/psp/format_2025/reader_slots.go:286.3,286.25 1 0
github.com/provide-io/flavor/go/flavor/pkg/psp/format_2025/reader_slots.go:292.2,292.64 1 0
github.com/provide-io/flavor/go/flavor/pkg/psp/format_2025/reader_slots.go:292.64,297.3 2 0
github.com/provide-io/flavor/go/flavor/pkg/psp/format_2025/reader_slots.go:299.2,299.83 1 0
github.com/provide-io/flavor/go/flavor/pkg/psp/format_2025/reader_slots.go:299.83,301.3 1 0
github.com/provide-io/flavor/go/flavor/pkg/psp/format_2025/reader_slots.go:304.2,305.26 2 0
github.com/provide-io/flavor/go/flavor/pkg/psp/format_2025/reader_slots.go:305.26,307.3 1 0
github.com/provide-io/flavor/go/flavor/pkg/psp/format_2025/reader_slots.go:307.8,309.3 1 0
github.com/provide-io/flavor/go/flavor/pkg/psp/format_2025/reader_slots.go:312.2,315.109 2 0
github.com/provide-io/flavor/go/flavor/pkg/psp/format_2025/reader_slots.go:315.109,317.3 1 0
github.com/provide-io/flavor/go/flavor/pkg/psp/format_2025/reader_slots.go:319.2,319.67 1 0
github.com/provide-io/flavor/go/flavor/pkg/psp/format_2025/reader_slots.go:319.67,321.3 1 0
github.com/provide-io/flavor/go/flavor/pkg/psp/format_2025/reader_slots.go:323.2,324.22 2 0
github.com/provide-io/flavor/go/flavor/pkg/psp/format_2025/reader_verify.go:16.53,17.33 1 0
github.com/provide-io/flavor/go/flavor/pkg/psp/format_2025/reader_verify.go:17.33,19.3 1 0
github.com/provide-io/flavor/go/flavor/pkg/psp/format_2025/reader_verify.go:21.2,22.16 2 0
github.com/provide-io/flavor/go/flavor/pkg/psp/format_2025/reader_verify.go:22.16,24.3 1 0
github.com/provide-io/flavor/go/flavor/pkg/psp/format_2025/reader_verify.go:26.2,27.80 2 0
github.com/provide-io/flavor/go/flavor/pkg/psp/format_2025/reader_verify.go:27.80,29.3 1 0
github.com/provide-io/flavor/go/flavor/pkg/psp/format_2025/reader_verify.go:31.2,31.50 1 0
github.com/provide-io/flavor/go/flavor/pkg/psp/format_2025/reader_verify.go:31.50,33.3 1 0
github.com/provide-io/flavor/go/flavor/pkg/psp/format_2025/reader_verify.go:34.2,34.69 1 0
github.com/provide-io/flavor/go/flavor/pkg/psp/format_2025/reader_verify.go:34.69,36.3 1 0
github.com/provide-io/flavor/go/flavor/pkg/psp/format_2025/reader_verify.go:38.2,38.18 1 0
github.com/provide-io/flavor/go/flavor/pkg/psp/format_2025/reader_verify.go:42.45,44.16 2 0
github.com/provide-io/flavor/go/flavor/pkg/psp/format_2025/reader_verify.go:44.16,46.3 1 0
github.com/provide-io/flavor/go/flavor/pkg/psp/format_2025/reader_verify.go:48.2,48.44 1 0
github.com/provide-io/flavor/go/flavor/pkg/psp/format_2025/reader_verify.go:48.44,49.42 1 0
github.com/provide-io/flavor/go/flavor/pkg/psp/format_2025/reader_verify.go:49.42,51.4 1 0
github.com/provide-io/flavor/go/flavor/pkg/psp/format_2025/reader_verify.go:54.2,54.12 1 0
github.com/provide-io/flavor/go/flavor/pkg/psp/format_2025/reader_verify.go:58.54,60.16 2 0
github.com/provide-io/flavor/go/flavor/pkg/psp/format_2025/reader_verify.go:60.16,62.3 1 0
github.com/provide-io/flavor/go/flavor/pkg/psp/format_2025/reader_verify.go:65.2,66.16 2 0
github.com/provide-io/flavor/go/flavor/pkg/psp/format_2025/reader_verify.go:66.16,68.3 1 0
github.com/provide-io/flavor/go/flavor/pkg/psp/format_2025/reader_verify.go:69.2,69.69 1 0
github.com/provide-io/flavor/go/flavor/pkg/psp/format_2025/reader_verify.go:69.69,71.3 1 0
github.com/provide-io/flavor/go/flavor/pkg/psp/format_2025/reader_verify.go:73.2,74.52 2 0
github.com/provide-io/flavor/go/flavor/pkg/psp/format_2025/reader_verify.go:74.52,76.3 1 0
github.com/provide-io/flavor/go/flavor/pkg/psp/format_2025/reader_verify.go:80.2,81.16 2 0
github.com/provide-io/flavor/go/flavor/pkg/psp/format_2025/reader_verify.go:81.16,83.3 1 0
github.com/provide-io/flavor/go/flavor/pkg/psp/format_2025/reader_verify.go:84.2,84.15 1 0
github.com/provide-io/flavor/go/flavor/pkg/psp/format_2025/reader_verify.go:84.15,85.36 1 0
github.com/provide-io/flavor/go/flavor/pkg/psp/format_2025/reader_verify.go:85.36,88.4 1 0
github.com/provide-io/flavor/go/flavor/pkg/psp/format_2025/reader_verify.go:92.2,93.16 2 0
github.com/provide-io/flavor/go/flavor/pkg/psp/format_2025/reader_verify.go:93.16,95.3 1 0
github.com/provide-io/flavor/go/flavor/pkg/psp/format_2025/reader_verify.go:98.2,102.30 3 0
github.com/provide-io/flavor/go/flavor/pkg/psp/format_2025/reader_verify.go:102.30,103.13 1 0
github.com/provide-io/flavor/go/flavor/pkg/psp/format_2025/reader_verify.go:103.13,105.9 2 0
github.com/provide-io/flavor/go/flavor/pkg/psp/format_2025/reader_verify.go:108.2,108.14 1 0
github.com/provide-io/flavor/go/flavor/pkg/psp/format_2025/reader_verify.go:108.14,110.3 1 0
github.com/provide-io/flavor/go/flavor/pkg/psp/format_2025/reader_verify.go:113.2,114.53 2 0
github.com/provide-io/flavor/go/flavor/pkg/psp/format_2025/reader_verify.go:114.53,116.3 1 0
github.com/provide-io/flavor/go/flavor/pkg/psp/format_2025/reader_verify.go:117.2,117.18 1 0
github.com/provide-io/flavor/go/flavor/pkg/psp/format_2025/reader_verify.go:128.54,130.16 2 0
github.com/provide-io/flavor/go/flavor/pkg/psp/format_2025/reader_verify.go:130.16,132.3 1 0
github.com/provide-io/flavor/go/flavor/pkg/psp/format_2025/reader_verify.go:135.2,137.32 3 0
github.com/provide-io/flavor/go/flavor/pkg/psp/format_2025/reader_verify.go:137.32,138.13 1 0
github.com/provide-io/flavor/go/flavor/pkg/psp/format_2025/reader_verify.go:138.13,140.9 2 0
github.com/provide-io/flavor/go/flavor/pkg/psp/format_2025/reader_verify.go:145.2,147.33 3 0
github.com/provide-io/flavor/go/flavor/pkg/psp/format_2025/reader_verify.go:147.33,149.17 2 0
github.com/provide-io/flavor/go/flavor/pkg/psp/format_2025/reader_verify.go:149.17,151.4 1 0
github.com/provide-io/flavor/go/flavor/pkg/psp/format_2025/reader_verify.go:152.3,153.17 2 0
github.com/provide-io/flavor/go/flavor/pkg/psp/format_2025/reader_verify.go:153.17,155.4 1 0
github.com/provide-io/flavor/go/flavor/pkg/psp/format_2025/reader_verify.go:156.3,157.17 2 0
github.com/provide-io/flavor/go/flavor/pkg/psp/format_2025/reader_verify.go:157.17,159.4 1 0
github.com/provide-io/flavor/go/flavor/pkg/psp/format_2025/reader_verify.go:160.3,161.67 2 0
github.com/provide-io/flavor/go/flavor/pkg/psp/format_2025/reader_verify.go:161.67,163.4 1 0
github.com/provide-io/flavor/go/flavor/pkg/psp/format_2025/reader_verify.go:164.3,165.54 2 0
github.com/provide-io/flavor/go/flavor/pkg/psp/format_2025/reader_verify.go:165.54,167.4 1 0
github.com/provide-io/flavor/go/flavor/pkg/psp/format_2025/reader_verify.go:168.3,169.17 2 0
github.com/provide-io/flavor/go/flavor/pkg/psp/format_2025/reader_verify.go:169.17,171.4 1 0
github.com/provide-io/flavor/go/flavor/pkg/psp/format_2025/reader_verify.go:172.3,172.45 1 0
github.com/provide-io/flavor/go/flavor/pkg/psp/format_2025/reader_verify.go:172.45,174.9 2 0
github.com/provide-io/flavor/go/flavor/pkg/psp/format_2025/reader_verify.go:178.2,178.20 1 0
github.com/provide-io/flavor/go/flavor/pkg/psp/format_2025/reader_verify.go:178.20,181.3 1 0
github.com/provide-io/flavor/go/flavor/pkg/psp/format_2025/reader_verify.go:184.2,184.28 1 0
github.com/provide-io/flavor/go/flavor/pkg/psp/format_2025/reader_verify.go:184.28,186.3 1 0
github.com/provide-io/flavor/go/flavor/pkg/psp/format_2025/reader_verify.go:189.2,190.16 2 0
github.com/provide-io/flavor/go/flavor/pkg/psp/format_2025/reader_verify.go:190.16,192.3 1 0
github.com/provide-io/flavor/go/flavor/pkg/psp/format_2025/reader_verify.go:193.2,193.72 1 0
github.com/provide-io/flavor/go/flavor/pkg/psp/format_2025/reader_verify.go:193.72,195.3 1 0
github.com/provide-io/flavor/go/flavor/pkg/psp/format_2025/reader_verify.go:196.2,197.50 2 0
github.com/provide-io/flavor/go/flavor/pkg/psp/format_2025/reader_verify.go:197.50,199.3 1 0
github.com/provide-io/flavor/go/flavor/pkg/psp/format_2025/reader_verify.go:202.2,204.48 3 0
github.com/provide-io/flavor/go/flavor/pkg/psp/format_2025/reader_verify.go:204.48,206.3 1 0
github.com/provide-io/flavor/go/flavor/pkg/psp/format_2025/reader_verify.go:210.2,216.30 4 0
github.com/provide-io/flavor/go/flavor/pkg/psp/format_2025/reader_verify.go:216.30,218.3 1 0
github.com/provide-io/flavor/go/flavor/pkg/psp/format_2025/reader_verify.go:220.2,220.12 1 0
github.com/provide-io/flavor/go/flavor/pkg/psp/format_2025/reader_verify.go:232.54,234.16 2 0
github.com/provide-io/flavor/go/flavor/pkg/psp/format_2025/reader_verify.go:234.16,236.3 1 0
github.com/provide-io/flavor/go/flavor/pkg/psp/format_2025/reader_verify.go:238.2,239.22 2 0
github.com/provide-io/flavor/go/flavor/pkg/psp/format_2025/reader_verify.go:239.22,241.3 1 0
github.com/provide-io/flavor/go/flavor/pkg/psp/format_2025/reader_verify.go:243.2,244.16 2 0
github.com/provide-io/flavor/go/flavor/pkg/psp/format_2025/reader_verify.go:244.16,246.3 1 0
github.com/provide-io/flavor/go/flavor/pkg/psp/format_2025/reader_verify.go:248.2,248.34 1 0
github.com/provide-io/flavor/go/flavor/pkg/psp/format_2025/reader_verify.go:248.34,250.3 1 0
github.com/provide-io/flavor/go/flavor/pkg/psp/format_2025/reader_verify.go:254.2,255.71 2 0
github.com/provide-io/flavor/go/flavor/pkg/psp/format_2025/reader_verify.go:255.71,257.3 1 0
github.com/provide-io/flavor/go/flavor/pkg/psp/format_2025/reader_verify.go:258.2,259.16 2 0
github.com/provide-io/flavor/go/flavor/pkg/psp/format_2025/reader_verify.go:259.16,261.3 1 0
github.com/provide-io/flavor/go/flavor/pkg/psp/format_2025/reader_verify.go:262.2,264.32 2 0
github.com/provide-io/flavor/go/flavor/pkg/psp/format_2025/reader_verify.go:264.32,266.3 1 0
github.com/provide-io/flavor/go/flavor/pkg/psp/format_2025/reader_verify.go:267.2,267.12 1 0
github.com/provide-io/flavor/go/flavor/pkg/psp/format_2025/runtime.go:11.103,13.24 2 0
github.com/provide-io/flavor/go/flavor/pkg/psp/format_2025/runtime.go:13.24,15.22 2 0
github.com/provide-io/flavor/go/flavor/pkg/psp/format_2025/runtime.go:15.22,17.4 1 0
github.com/provide-io/flavor/go/flavor/pkg/psp/format_2025/runtime.go:22.2,22.30 1 0
github.com/provide-io/flavor/go/flavor/pkg/psp/format_2025/runtime.go:22.30,25.61 2 0
github.com/provide-io/flavor/go/flavor/pkg/psp/format_2025/runtime.go:25.61,28.37 2 0
github.com/provide-io/flavor/go/flavor/pkg/psp/format_2025/runtime.go:28.37,29.47 1 0
github.com/provide-io/flavor/go/flavor/pkg/psp/format_2025/runtime.go:29.47,31.6 1 0
github.com/provide-io/flavor/go/flavor/pkg/psp/format_2025/runtime.go:35.4,35.52 1 0
github.com/provide-io/flavor/go/flavor/pkg/psp/format_2025/runtime.go:35.52,36.39 1 0
github.com/provide-io/flavor/go/flavor/pkg/psp/format_2025/runtime.go:36.39,39.6 2 0
github.com/provide-io/flavor/go/flavor/pkg/psp/format_2025/runtime.go:41.4,41.33 1 0
github.com/provide-io/flavor/go/flavor/pkg/psp/format_2025/runtime.go:42.9,46.42 3 0
github.com/provide-io/flavor/go/flavor/pkg/psp/format_2025/runtime.go:46.42,48.5 1 0
github.com/provide-io/flavor/go/flavor/pkg/psp/format_2025/runtime.go:49.4,49.42 1 0
github.com/provide-io/flavor/go/flavor/pkg/psp/format_2025/runtime.go:54.2,55.60 2 0
github.com/provide-io/flavor/go/flavor/pkg/psp/format_2025/runtime.go:55.60,57.36 2 0
github.com/provide-io/flavor/go/flavor/pkg/psp/format_2025/runtime.go:57.36,58.46 1 0
github.com/provide-io/flavor/go/flavor/pkg/psp/format_2025/runtime.go:58.46,59.79 1 0
github.com/provide-io/flavor/go/flavor/pkg/psp/format_2025/runtime.go:59.79,61.30 1 0
github.com/provide-io/flavor/go/flavor/pkg/psp/format_2025/runtime.go:61.30,62.65 1 0
github.com/provide-io/flavor/go/flavor/pkg/psp/format_2025/runtime.go:62.65,65.8 2 0
github.com/provide-io/flavor/go/flavor/pkg/psp/format_2025/runtime.go:67.11,69.49 1 0
github.com/provide-io/flavor/go/flavor/pkg/psp/format_2025/runtime.go:69.49,72.7 2 0
github.com/provide-io/flavor/go/flavor/pkg/psp/format_2025/runtime.go:78.2,78.62 1 0
github.com/provide-io/flavor/go/flavor/pkg/psp/format_2025/runtime.go:78.62,80.37 2 0
github.com/provide-io/flavor/go/flavor/pkg/psp/format_2025/runtime.go:80.37,81.46 1 0
github.com/provide-io/flavor/go/flavor/pkg/psp/format_2025/runtime.go:81.46,82.26 1 0
github.com/provide-io/flavor/go/flavor/pkg/psp/format_2025/runtime.go:82.26,86.30 3 0
github.com/provide-io/flavor/go/flavor/pkg/psp/format_2025/runtime.go:86.30,87.29 1 0
github.com/provide-io/flavor/go/flavor/pkg/psp/format_2025/runtime.go:87.29,89.8 1 0
github.com/provide-io/flavor/go/flavor/pkg/psp/format_2025/runtime.go:91.6,91.35 1 0
github.com/provide-io/flavor/go/flavor/pkg/psp/format_2025/runtime.go:91.35,94.7 2 0
github.com/provide-io/flavor/go/flavor/pkg/psp/format_2025/runtime.go:95.6,95.97 1 0
github.com/provide-io/flavor/go/flavor/pkg/psp/format_2025/runtime.go:96.11,96.86 1 0
github.com/provide-io/flavor/go/flavor/pkg/psp/format_2025/runtime.go:96.86,99.30 2 0
github.com/provide-io/flavor/go/flavor/pkg/psp/format_2025/runtime.go:99.30,100.87 1 0
github.com/provide-io/flavor/go/flavor/pkg/psp/format_2025/runtime.go:100.87,102.8 1 0
github.com/provide-io/flavor/go/flavor/pkg/psp/format_2025/runtime.go:104.6,104.35 1 0
github.com/provide-io/flavor/go/flavor/pkg/psp/format_2025/runtime.go:104.35,107.7 2 0
github.com/provide-io/flavor/go/flavor/pkg/psp/format_2025/runtime.go:108.11,110.78 1 0
github.com/provide-io/flavor/go/flavor/pkg/psp/format_2025/runtime.go:110.78,113.7 2 0
github.com/provide-io/flavor/go/flavor/pkg/psp/format_2025/runtime.go:119.2,119.66 1 0
github.com/provide-io/flavor/go/flavor/pkg/psp/format_2025/runtime.go:119.66,121.32 2 0
github.com/provide-io/flavor/go/flavor/pkg/psp/format_2025/runtime.go:121.32,122.36 1 0
github.com/provide-io/flavor/go/flavor/pkg/psp/format_2025/runtime.go:122.36,123.46 1 0
github.com/provide-io/flavor/go/flavor/pkg/psp/format_2025/runtime.go:123.46,125.23 2 0
github.com/provide-io/flavor/go/flavor/pkg/psp/format_2025/runtime.go:125.23,128.7 2 0
github.com/provide-io/flavor/go/flavor/pkg/psp/format_2025/runtime.go:134.2,134.66 1 0
github.com/provide-io/flavor/go/flavor/pkg/psp/format_2025/runtime.go:134.66,136.34 2 0
github.com/provide-io/flavor/go/flavor/pkg/psp/format_2025/runtime.go:136.34,137.42 1 0
github.com/provide-io/flavor/go/flavor/pkg/psp/format_2025/runtime.go:137.42,140.5 2 0
github.com/provide-io/flavor/go/flavor/pkg/psp/format_2025/runtime.go:145.2,145.60 1 0
github.com/provide-io/flavor/go/flavor/pkg/psp/format_2025/runtime.go:145.60,147.36 2 0
github.com/provide-io/flavor/go/flavor/pkg/psp/format_2025/runtime.go:147.36,148.46 1 0
github.com/provide-io/flavor/go/flavor/pkg/psp/format_2025/runtime.go:148.46,149.79 1 0
github.com/provide-io/flavor/go/flavor/pkg/psp/format_2025/runtime.go:149.79,152.30 2 0
github.com/provide-io/flavor/go/flavor/pkg/psp/format_2025/runtime.go:152.30,153.65 1 0
github.com/provide-io/flavor/go/flavor/pkg/psp/format_2025/runtime.go:153.65,155.13 2 0
github.com/provide-io/flavor/go/flavor/pkg/psp/format_2025/runtime.go:158.6,158.16 1 0
github.com/provide-io/flavor/go/flavor/pkg/psp/format_2025/runtime.go:158.16,160.7 1 0
github.com/provide-io/flavor/go/flavor/pkg/psp/format_2025/runtime.go:160.12,162.7 1 0
github.com/provide-io/flavor/go/flavor/pkg/psp/format_2025/runtime.go:163.11,165.50 1 0
github.com/provide-io/flavor/go/flavor/pkg/psp/format_2025/runtime.go:165.50,167.7 1 0
github.com/provide-io/flavor/go/flavor/pkg/psp/format_2025/runtime.go:167.12,169.7 1 0
github.com/provide-io/flavor/go/flavor/pkg/psp/format_2025/runtime.go:175.2,176.27 2 0
github.com/provide-io/flavor/go/flavor/pkg/psp/format_2025/runtime.go:176.27,178.3 1 0
github.com/provide-io/flavor/go/flavor/pkg/psp/format_2025/runtime.go:180.2,180.15 1 0
github.com/provide-io/flavor/go/flavor/pkg/psp/format_2025/security_helpers.go:12.70,13.27 1 0
github.com/provide-io/flavor/go/flavor/pkg/psp/format_2025/security_helpers.go:13.27,15.3 1 0
github.com/provide-io/flavor/go/flavor/pkg/psp/format_2025/security_helpers.go:16.2,16.26 1 0
github.com/provide-io/flavor/go/flavor/pkg/psp/format_2025/security_helpers.go:19.70,20.41 1 0
github.com/provide-io/flavor/go/flavor/pkg/psp/format_2025/security_helpers.go:20.41,22.3 1 0
github.com/provide-io/flavor/go/flavor/pkg/psp/format_2025/security_helpers.go:23.2,23.27 1 0
github.com/provide-io/flavor/go/flavor/pkg/psp/format_2025/security_helpers.go:26.66,27.15 1 0
github.com/provide-io/flavor/go/flavor/pkg/psp/format_2025/security_helpers.go:27.15,29.3 1 0
github.com/provide-io/flavor/go/flavor/pkg/psp/format_2025/security_helpers.go:30.2,30.27 1 0
github.com/provide-io/flavor/go/flavor/pkg/psp/format_2025/security_helpers.go:33.81,34.47 1 0
github.com/provide-io/flavor/go/flavor/pkg/psp/format_2025/security_helpers.go:34.47,36.3 1 0
github.com/provide-io/flavor/go/flavor/pkg/psp/format_2025/security_helpers.go:37.2,37.71 1 0
github.com/provide-io/flavor/go/flavor/pkg/psp/format_2025/security_helpers.go:37.71,39.3 1 0
github.com/provide-io/flavor/go/flavor/pkg/psp/format_2025/security_helpers.go:40.2,40.40 1 0
github.com/provide-io/flavor/go/flavor/pkg/psp/format_2025/security_helpers.go:43.72,45.16 2 0
github.com/provide-io/flavor/go/flavor/pkg/psp/format_2025/security_helpers.go:45.16,47.3 1 0
github.com/provide-io/flavor/go/flavor/pkg/psp/format_2025/security_helpers.go:48.2,48.26 1 0
github.com/provide-io/flavor/go/flavor/pkg/psp/format_2025/security_helpers.go:51.66,54.107 3 0
github.com/provide-io/flavor/go/flavor/pkg/psp/format_2025/security_helpers.go:54.107,56.3 1 0
github.com/provide-io/flavor/go/flavor/pkg/psp/format_2025/security_helpers.go:57.2,57.28 1 0
github.com/provide-io/flavor/go/flavor/pkg/psp/format_2025/security_helpers.go:60.59,62.2 1 0
github.com/provide-io/flavor/go/flavor/pkg/psp/format_2025/security_helpers.go:64.36,67.39 2 0
github.com/provide-io/flavor/go/flavor/pkg/psp/format_2025/security_helpers.go:67.39,69.3 1 0
github.com/provide-io/flavor/go/flavor/pkg/psp/format_2025/security_helpers.go:70.2,70.12 1 0
github.com/provide-io/flavor/go/flavor/pkg/psp/format_2025/security_helpers.go:73.39,76.39 2 0
github.com/provide-io/flavor/go/flavor/pkg/psp/format_2025/security_helpers.go:76.39,78.3 1 0
github.com/provide-io/flavor/go/flavor/pkg/psp/format_2025/security_helpers.go:79.2,79.12 1 0
github.com/provide-io/flavor/go/flavor/pkg/psp/format_2025/security_helpers.go:82.61,85.2 1 0
github.com/provide-io/flavor/go/flavor/pkg/psp/format_2025/security_helpers.go:87.83,90.2 1 0
github.com/provide-io/flavor/go/flavor/pkg/psp/format_2025/security_helpers.go:92.54,95.2 1 0
github.com/provide-io/flavor/go/flavor/pkg/psp/format_2025/security_helpers.go:97.53,100.2 1 0
github.com/provide-io/flavor/go/flavor/pkg/psp/format_2025/security_helpers.go:102.75,105.2 1 0
github.com/provide-io/flavor/go/flavor/pkg/psp/format_2025/security_helpers.go:107.58,110.2 1 0
github.com/provide-io/flavor/go/flavor/pkg/psp/format_2025/security_helpers.go:112.65,115.2 1 0
github.com/provide-io/flavor/go/flavor/pkg/psp/format_2025/slot_processor.go:18.46,21.2 2 0
github.com/provide-io/flavor/go/flavor/pkg/psp/format_2025/slot_processor.go:24.44,26.2 1 0
github.com/provide-io/flavor/go/flavor/pkg/psp/format_2025/slot_processor.go:70.73,78.2 1 0
github.com/provide-io/flavor/go/flavor/pkg/psp/format_2025/slot_processor.go:88.47,92.40 3 0
github.com/provide-io/flavor/go/flavor/pkg/psp/format_2025/slot_processor.go:92.40,93.50 1 0
github.com/provide-io/flavor/go/flavor/pkg/psp/format_2025/slot_processor.go:93.50,95.4 1 0
github.com/provide-io/flavor/go/flavor/pkg/psp/format_2025/slot_processor.go:98.2,98.12 1 0
github.com/provide-io/flavor/go/flavor/pkg/psp/format_2025/slot_processor.go:102.46,103.17 1 0
github.com/provide-io/flavor/go/flavor/pkg/psp/format_2025/slot_processor.go:104.17,105.11 1 0
github.com/provide-io/flavor/go/flavor/pkg/psp/format_2025/slot_processor.go:106.17,107.11 1 0
github.com/provide-io/flavor/go/flavor/pkg/psp/format_2025/slot_processor.go:108.14,109.11 1 0
github.com/provide-io/flavor/go/flavor/pkg/psp/format_2025/slot_processor.go:110.10,111.11 1 0
github.com/provide-io/flavor/go/flavor/pkg/psp/format_2025/slot_processor.go:116.50,117.19 1 0
github.com/provide-io/flavor/go/flavor/pkg/psp/format_2025/slot_processor.go:119.14,120.11 1 0
github.com/provide-io/flavor/go/flavor/pkg/psp/format_2025/slot_processor.go:121.17,122.11 1 0
github.com/provide-io/flavor/go/flavor/pkg/psp/format_2025/slot_processor.go:123.17,124.11 1 0
github.com/provide-io/flavor/go/flavor/pkg/psp/format_2025/slot_processor.go:125.18,126.11 1 0
github.com/provide-io/flavor/go/flavor/pkg/psp/format_2025/slot_processor.go:128.15,129.11 1 0
github.com/provide-io/flavor/go/flavor/pkg/psp/format_2025/slot_processor.go:130.19,131.11 1 0
github.com/provide-io/flavor/go/flavor/pkg/psp/format_2025/slot_processor.go:133.14,134.11 1 0
github.com/provide-io/flavor/go/flavor/pkg/psp/format_2025/slot_processor.go:135.15,136.11 1 0
github.com/provide-io/flavor/go/flavor/pkg/psp/format_2025/slot_processor.go:138.13,139.11 1 0
github.com/provide-io/flavor/go/flavor/pkg/psp/format_2025/slot_processor.go:140.16,141.11 1 0
github.com/provide-io/flavor/go/flavor/pkg/psp/format_2025/slot_processor.go:142.18,143.12 1 0
github.com/provide-io/flavor/go/flavor/pkg/psp/format_2025/slot_processor.go:144.10,145.11 1 0
github.com/provide-io/flavor/go/flavor/pkg/psp/format_2025/slot_processor.go:150.46,151.19 1 0
github.com/provide-io/flavor/go/flavor/pkg/psp/format_2025/slot_processor.go:151.19,153.3 1 0
github.com/provide-io/flavor/go/flavor/pkg/psp/format_2025/slot_processor.go:156.2,157.66 2 0
github.com/provide-io/flavor/go/flavor/pkg/psp/format_2025/slot_processor.go:157.66,159.3 1 0
github.com/provide-io/flavor/go/flavor/pkg/psp/format_2025/slot_processor.go:161.2,161.26 1 0
github.com/provide-io/flavor/go/flavor/pkg/psp/format_2025/slot_processor.go:182.67,184.19 1 0
github.com/provide-io/flavor/go/flavor/pkg/psp/format_2025/slot_processor.go:184.19,186.3 1 0
github.com/provide-io/flavor/go/flavor/pkg/psp/format_2025/slot_processor.go:187.2,187.23 1 0
github.com/provide-io/flavor/go/flavor/pkg/psp/format_2025/slot_processor.go:187.23,189.3 1 0
github.com/provide-io/flavor/go/flavor/pkg/psp/format_2025/slot_processor.go:190.2,190.23 1 0
github.com/provide-io/flavor/go/flavor/pkg/psp/format_2025/slot_processor.go:190.23,192.3 1 0
github.com/provide-io/flavor/go/flavor/pkg/psp/format_2025/slot_processor.go:195.2,195.27 1 0
github.com/provide-io/flavor/go/flavor/pkg/psp/format_2025/slot_processor.go:195.27,197.3 1 0
github.com/provide-io/flavor/go/flavor/pkg/psp/format_2025/slot_processor.go:198.2,198.28 1 0
github.com/provide-io/flavor/go/flavor/pkg/psp/format_2025/slot_processor.go:198.28,200.3 1 0
github.com/provide-io/flavor/go/flavor/pkg/psp/format_2025/slot_processor.go:203.2,203.45 1 0
github.com/provide-io/flavor/go/flavor/pkg/psp/format_2025/slot_processor.go:203.45,206.3 1 0
github.com/provide-io/flavor/go/flavor/pkg/psp/format_2025/slot_processor.go:208.2,212.36 2 0
github.com/provide-io/flavor/go/flavor/pkg/psp/format_2025/slot_processor.go:212.36,259.3 9 0
github.com/provide-io/flavor/go/flavor/pkg/psp/format_2025/slot_processor.go:262.2,263.16 2 0
github.com/provide-io/flavor/go/flavor/pkg/psp/format_2025/slot_processor.go:263.16,265.3 1 0
github.com/provide-io/flavor/go/flavor/pkg/psp/format_2025/slot_processor.go:271.2,292.25 5 0
github.com/provide-io/flavor/go/flavor/pkg/psp/format_2025/slot_processor.go:293.14,294.48 1 0
github.com/provide-io/flavor/go/flavor/pkg/psp/format_2025/slot_processor.go:295.23,296.56 1 0
github.com/provide-io/flavor/go/flavor/pkg/psp/format_2025/slot_processor.go:297.13,298.47 1 0
github.com/provide-io/flavor/go/flavor/pkg/psp/format_2025/slot_processor.go:299.10,300.17 1 0
github.com/provide-io/flavor/go/flavor/pkg/psp/format_2025/slot_processor.go:304.2,330.12 6 0
github.com/provide-io/flavor/go/flavor/pkg/psp/format_2025/slot_processor.go:346.67,349.45 2 0
github.com/provide-io/flavor/go/flavor/pkg/psp/format_2025/slot_processor.go:349.45,351.20 2 0
github.com/provide-io/flavor/go/flavor/pkg/psp/format_2025/slot_processor.go:351.20,353.4 1 0
github.com/provide-io/flavor/go/flavor/pkg/psp/format_2025/slot_processor.go:354.3,356.42 2 0
github.com/provide-io/flavor/go/flavor/pkg/psp/format_2025/slot_processor.go:360.2,361.16 2 0
github.com/provide-io/flavor/go/flavor/pkg/psp/format_2025/slot_processor.go:361.16,363.3 1 0
github.com/provide-io/flavor/go/flavor/pkg/psp/format_2025/slot_processor.go:365.2,367.21 2 0
github.com/provide-io/flavor/go/flavor/pkg/psp/format_2025/slot_processor.go:371.60,373.2 1 0
github.com/provide-io/flavor/go/flavor/pkg/psp/format_2025/slot_processor.go:376.55,378.2 1 0
github.com/provide-io/flavor/go/flavor/pkg/psp/format_2025/slot_processor.go:383.49,385.2 1 0
github.com/provide-io/flavor/go/flavor/pkg/psp/format_2025/slots.go:14.35,17.2 2 0
github.com/provide-io/flavor/go/flavor/pkg/psp/format_2025/slots.go:65.40,97.2 19 0
github.com/provide-io/flavor/go/flavor/pkg/psp/format_2025/slots.go:100.65,101.37 1 0
github.com/provide-io/flavor/go/flavor/pkg/psp/format_2025/slots.go:101.37,107.3 2 0
github.com/provide-io/flavor/go/flavor/pkg/psp/format_2025/slots.go:109.2,137.15 4 0
github.com/provide-io/flavor/go/flavor/pkg/psp/format_2025/slots.go:141.50,143.2 1 0
github.com/provide-io/flavor/go/flavor/pkg/psp/format_2025/slots.go:146.55,149.2 2 0
github.com/provide-io/flavor/go/flavor/pkg/psp/format_2025/trust.go:32.33,33.52 1 0
github.com/provide-io/flavor/go/flavor/pkg/psp/format_2025/trust.go:33.52,35.3 1 0
github.com/provide-io/flavor/go/flavor/pkg/psp/format_2025/trust.go:36.2,36.63 1 0
github.com/provide-io/flavor/go/flavor/pkg/psp/format_2025/trust.go:41.65,42.48 1 0
github.com/provide-io/flavor/go/flavor/pkg/psp/format_2025/trust.go:42.48,44.3 1 0
github.com/provide-io/flavor/go/flavor/pkg/psp/format_2025/trust.go:45.2,46.41 2 0
github.com/provide-io/flavor/go/flavor/pkg/psp/format_2025/trust.go:51.45,53.21 2 0
github.com/provide-io/flavor/go/flavor/pkg/psp/format_2025/trust.go:53.21,55.41 2 0
github.com/provide-io/flavor/go/flavor/pkg/psp/format_2025/trust.go:55.41,57.4 1 0
github.com/provide-io/flavor/go/flavor/pkg/psp/format_2025/trust.go:59.3,59.44 1 0
github.com/provide-io/flavor/go/flavor/pkg/psp/format_2025/trust.go:59.44,60.9 1 0
github.com/provide-io/flavor/go/flavor/pkg/psp/format_2025/trust.go:63.2,63.11 1 0
github.com/provide-io/flavor/go/flavor/pkg/psp/format_2025/trust.go:67.44,70.21 3 0
github.com/provide-io/flavor/go/flavor/pkg/psp/format_2025/trust.go:70.21,72.36 2 0
github.com/provide-io/flavor/go/flavor/pkg/psp/format_2025/trust.go:72.36,74.4 1 0
github.com/provide-io/flavor/go/flavor/pkg/psp/format_2025/trust.go:76.2,76.42 1 0
github.com/provide-io/flavor/go/flavor/pkg/psp/format_2025/trust.go:81.55,83.16 2 0
github.com/provide-io/flavor/go/flavor/pkg/psp/format_2025/trust.go:83.16,85.3 1 0
github.com/provide-io/flavor/go/flavor/pkg/psp/format_2025/trust.go:87.2,91.18 4 0
github.com/provide-io/flavor/go/flavor/pkg/psp/format_2025/trust.go:91.18,93.3 1 0
github.com/provide-io/flavor/go/flavor/pkg/psp/format_2025/trust.go:95.2,96.16 2 0
github.com/provide-io/flavor/go/flavor/pkg/psp/format_2025/trust.go:96.16,98.3 1 0
github.com/provide-io/flavor/go/flavor/pkg/psp/format_2025/trust.go:100.2,101.9 2 0
github.com/provide-io/flavor/go/flavor/pkg/psp/format_2025/trust.go:101.9,103.3 1 0
github.com/provide-io/flavor/go/flavor/pkg/psp/format_2025/trust.go:105.2,106.16 2 0
github.com/provide-io/flavor/go/flavor/pkg/psp/format_2025/trust.go:106.16,108.3 1 0
github.com/provide-io/flavor/go/flavor/pkg/psp/format_2025/trust.go:110.2,114.8 1 0
github.com/provide-io/flavor/go/flavor/pkg/psp/format_2025/trust.go:120.76,122.16 2 0
github.com/provide-io/flavor/go/flavor/pkg/psp/format_2025/trust.go:122.16,123.25 1 0
github.com/provide-io/flavor/go/flavor/pkg/psp/format_2025/trust.go:123.25,125.4 1 0
github.com/provide-io/flavor/go/flavor/pkg/psp/format_2025/trust.go:126.3,126.71 1 0
github.com/provide-io/flavor/go/flavor/pkg/psp/format_2025/trust.go:129.2,129.32 1 0
github.com/provide-io/flavor/go/flavor/pkg/psp/format_2025/trust.go:129.32,130.20 1 0
github.com/provide-io/flavor/go/flavor/pkg/psp/format_2025/trust.go:130.20,131.12 1 0
github.com/provide-io/flavor/go/flavor/pkg/psp/format_2025/trust.go:133.3,134.39 2 0
github.com/provide-io/flavor/go/flavor/pkg/psp/format_2025/trust.go:134.39,135.12 1 0
github.com/provide-io/flavor/go/flavor/pkg/psp/format_2025/trust.go:137.3,139.17 3 0
github.com/provide-io/flavor/go/flavor/pkg/psp/format_2025/trust.go:139.17,141.12 2 0
github.com/provide-io/flavor/go/flavor/pkg/psp/format_2025/trust.go:143.3,143.28 1 0
github.com/provide-io/flavor/go/flavor/pkg/psp/format_2025/trust.go:145.2,145.18 1 0
github.com/provide-io/flavor/go/flavor/pkg/psp/format_2025/trust.go:150.73,153.70 2 0
github.com/provide-io/flavor/go/flavor/pkg/psp/format_2025/trust.go:153.70,155.3 1 0
github.com/provide-io/flavor/go/flavor/pkg/psp/format_2025/trust.go:157.2,157.19 1 0
github.com/provide-io/flavor/go/flavor/pkg/psp/format_2025/trust.go:157.19,159.58 2 0
github.com/provide-io/flavor/go/flavor/pkg/psp/format_2025/trust.go:159.58,161.4 1 0
github.com/provide-io/flavor/go/flavor/pkg/psp/format_2025/trust.go:164.2,164.18 1 0
github.com/provide-io/flavor/go/flavor/pkg/psp/format_2025/trust.go:169.74,172.44 3 0
github.com/provide-io/flavor/go/flavor/pkg/psp/format_2025/trust.go:172.44,174.3 1 0
github.com/provide-io/flavor/go/flavor/pkg/psp/format_2025/trust.go:176.2,177.19 2 0
github.com/provide-io/flavor/go/flavor/pkg/psp/format_2025/trust.go:177.19,179.44 2 0
github.com/provide-io/flavor/go/flavor/pkg/psp/format_2025/trust.go:179.44,181.4 1 0
github.com/provide-io/flavor/go/flavor/pkg/psp/format_2025/trust.go:184.2,184.31 1 0
github.com/provide-io/flavor/go/flavor/pkg/psp/format_2025/trust.go:184.31,186.3 1 0
github.com/provide-io/flavor/go/flavor/pkg/psp/format_2025/trust.go:188.2,189.16 2 0
github.com/provide-io/flavor/go/flavor/pkg/psp/format_2025/trust.go:189.16,191.3 1 0
github.com/provide-io/flavor/go/flavor/pkg/psp/format_2025/trust.go:193.2,195.21 3 0
github.com/provide-io/flavor/go/flavor/pkg/psp/format_2025/utils.go:5.44,7.65 1 0
github.com/provide-io/flavor/go/flavor/pkg/psp/format_2025/utils.go:7.65,9.3 1 0
github.com/provide-io/flavor/go/flavor/pkg/psp/format_2025/utils.go:12.2,12.11 1 0
github.com/provide-io/flavor/go/flavor/pkg/psp/format_2025/utils.go:15.55,17.2 1 0
