mode: atomic
github.com/provide-io/flavor/go/flavor/pkg/utils/shellparse/parser.go:39.44,40.17 1 62
github.com/provide-io/flavor/go/flavor/pkg/utils/shellparse/parser.go:40.17,42.3 1 2
github.com/provide-io/flavor/go/flavor/pkg/utils/shellparse/parser.go:44.2,52.30 7 60
github.com/provide-io/flavor/go/flavor/pkg/utils/shellparse/parser.go:52.30,56.35 2 1157
github.com/provide-io/flavor/go/flavor/pkg/utils/shellparse/parser.go:56.35,58.21 1 12
github.com/provide-io/flavor/go/flavor/pkg/utils/shellparse/parser.go:58.21,60.5 1 2
github.com/provide-io/flavor/go/flavor/pkg/utils/shellparse/parser.go:61.4,65.21 3 10
github.com/provide-io/flavor/go/flavor/pkg/utils/shellparse/parser.go:65.21,66.19 1 4
github.com/provide-io/flavor/go/flavor/pkg/utils/shellparse/parser.go:67.30,68.31 1 3
github.com/provide-io/flavor/go/flavor/pkg/utils/shellparse/parser.go:69.13,72.31 2 1
github.com/provide-io/flavor/go/flavor/pkg/utils/shellparse/parser.go:74.10,77.5 1 6
github.com/provide-io/flavor/go/flavor/pkg/utils/shellparse/parser.go:78.4,78.12 1 10
github.com/provide-io/flavor/go/flavor/pkg/utils/shellparse/parser.go:82.3,82.35 1 1145
github.com/provide-io/flavor/go/flavor/pkg/utils/shellparse/parser.go:82.35,83.21 1 25
github.com/provide-io/flavor/go/flavor/pkg/utils/shellparse/parser.go:83.21,87.5 2 12
github.com/provide-io/flavor/go/flavor/pkg/utils/shellparse/parser.go:87.10,90.5 1 13
github.com/provide-io/flavor/go/flavor/pkg/utils/shellparse/parser.go:91.4,91.12 1 25
github.com/provide-io/flavor/go/flavor/pkg/utils/shellparse/parser.go:95.3,95.34 1 1120
github.com/provide-io/flavor/go/flavor/pkg/utils/shellparse/parser.go:95.34,96.21 1 61
github.com/provide-io/flavor/go/flavor/pkg/utils/shellparse/parser.go:96.21,100.5 2 29
github.com/provide-io/flavor/go/flavor/pkg/utils/shellparse/parser.go:100.10,103.5 1 32
github.com/provide-io/flavor/go/flavor/pkg/utils/shellparse/parser.go:104.4,104.12 1 61
github.com/provide-io/flavor/go/flavor/pkg/utils/shellparse/parser.go:108.3,108.62 1 1059
github.com/provide-io/flavor/go/flavor/pkg/utils/shellparse/parser.go:108.62,110.38 1 98
github.com/provide-io/flavor/go/flavor/pkg/utils/shellparse/parser.go:110.38,114.5 3 88
github.com/provide-io/flavor/go/flavor/pkg/utils/shellparse/parser.go:115.4,115.12 1 98
github.com/provide-io/flavor/go/flavor/pkg/utils/shellparse/parser.go:119.3,119.24 1 961
github.com/provide-io/flavor/go/flavor/pkg/utils/shellparse/parser.go:123.2,123.36 1 58
github.com/provide-io/flavor/go/flavor/pkg/utils/shellparse/parser.go:123.36,125.20 2 4
github.com/provide-io/flavor/go/flavor/pkg/utils/shellparse/parser.go:125.20,127.4 1 3
github.com/provide-io/flavor/go/flavor/pkg/utils/shellparse/parser.go:128.3,128.79 1 4
github.com/provide-io/flavor/go/flavor/pkg/utils/shellparse/parser.go:132.2,132.36 1 54
github.com/provide-io/flavor/go/flavor/pkg/utils/shellparse/parser.go:132.36,134.3 1 53
github.com/provide-io/flavor/go/flavor/pkg/utils/shellparse/parser.go:136.2,136.20 1 54
github.com/provide-io/flavor/go/flavor/pkg/utils/shellparse/parser.go:141.39,143.16 2 2
github.com/provide-io/flavor/go/flavor/pkg/utils/shellparse/parser.go:143.16,144.54 1 1
github.com/provide-io/flavor/go/flavor/pkg/utils/shellparse/parser.go:146.2,146.15 1 1
github.com/provide-io/flavor/go/flavor/pkg/utils/shellparse/parser.go:151.33,152.20 1 11
github.com/provide-io/flavor/go/flavor/pkg/utils/shellparse/parser.go:152.20,154.3 1 1
github.com/provide-io/flavor/go/flavor/pkg/utils/shellparse/parser.go:156.2,157.27 2 10
github.com/provide-io/flavor/go/flavor/pkg/utils/shellparse/parser.go:157.27,159.3 1 28
github.com/provide-io/flavor/go/flavor/pkg/utils/shellparse/parser.go:161.2,161.33 1 10
github.com/provide-io/flavor/go/flavor/pkg/utils/shellparse/parser.go:165.31,166.15 1 28
github.com/provide-io/flavor/go/flavor/pkg/utils/shellparse/parser.go:166.15,168.3 1 1
github.com/provide-io/flavor/go/flavor/pkg/utils/shellparse/parser.go:171.2,172.25 2 27
github.com/provide-io/flavor/go/flavor/pkg/utils/shellparse/parser.go:172.25,173.93 1 119
github.com/provide-io/flavor/go/flavor/pkg/utils/shellparse/parser.go:173.93,175.9 2 7
github.com/provide-io/flavor/go/flavor/pkg/utils/shellparse/parser.go:179.2,179.17 1 27
github.com/provide-io/flavor/go/flavor/pkg/utils/shellparse/parser.go:179.17,181.3 1 20
github.com/provide-io/flavor/go/flavor/pkg/utils/shellparse/parser.go:184.2,184.33 1 7
github.com/provide-io/flavor/go/flavor/pkg/utils/shellparse/parser.go:184.33,186.3 1 4
github.com/provide-io/flavor/go/flavor/pkg/utils/shellparse/parser.go:189.2,191.25 3 3
github.com/provide-io/flavor/go/flavor/pkg/utils/shellparse/parser.go:191.25,192.56 1 42
github.com/provide-io/flavor/go/flavor/pkg/utils/shellparse/parser.go:192.56,194.4 1 0
github.com/provide-io/flavor/go/flavor/pkg/utils/shellparse/parser.go:195.3,195.23 1 42
github.com/provide-io/flavor/go/flavor/pkg/utils/shellparse/parser.go:197.2,199.24 2 3
github.com/provide-io/flavor/go/flavor/pkg/logging/logger.go:13.74,14.19 1 2
github.com/provide-io/flavor/go/flavor/pkg/logging/logger.go:14.19,16.3 1 0
github.com/provide-io/flavor/go/flavor/pkg/logging/logger.go:19.2,22.17 2 2
github.com/provide-io/flavor/go/flavor/pkg/logging/logger.go:22.17,24.3 1 1
github.com/provide-io/flavor/go/flavor/pkg/logging/logger.go:26.2,32.28 1 2
github.com/provide-io/flavor/go/flavor/pkg/logging/logger.go:32.28,34.4 1 2
github.com/provide-io/flavor/go/flavor/pkg/logging/logger.go:37.2,37.24 1 2
github.com/provide-io/flavor/go/flavor/pkg/logging/logger.go:41.27,43.17 2 2
github.com/provide-io/flavor/go/flavor/pkg/logging/logger.go:43.17,45.3 1 1
github.com/provide-io/flavor/go/flavor/pkg/logging/logger.go:46.2,46.14 1 2
github.com/provide-io/flavor/go/flavor/pkg/logging/prefix_writer.go:16.64,21.2 1 3
github.com/provide-io/flavor/go/flavor/pkg/logging/prefix_writer.go:25.54,27.46 2 4
github.com/provide-io/flavor/go/flavor/pkg/logging/prefix_writer.go:27.46,29.3 1 0
github.com/provide-io/flavor/go/flavor/pkg/logging/prefix_writer.go:31.2,31.6 1 4
github.com/provide-io/flavor/go/flavor/pkg/logging/prefix_writer.go:31.6,33.17 2 8
github.com/provide-io/flavor/go/flavor/pkg/logging/prefix_writer.go:33.17,35.21 1 4
github.com/provide-io/flavor/go/flavor/pkg/logging/prefix_writer.go:35.21,37.54 1 1
github.com/provide-io/flavor/go/flavor/pkg/logging/prefix_writer.go:37.54,39.6 1 0
github.com/provide-io/flavor/go/flavor/pkg/logging/prefix_writer.go:41.4,41.9 1 4
github.com/provide-io/flavor/go/flavor/pkg/logging/prefix_writer.go:44.3,44.63 1 4
github.com/provide-io/flavor/go/flavor/pkg/logging/prefix_writer.go:44.63,46.4 1 0
github.com/provide-io/flavor/go/flavor/pkg/logging/prefix_writer.go:47.3,47.50 1 4
github.com/provide-io/flavor/go/flavor/pkg/logging/prefix_writer.go:47.50,49.4 1 0
github.com/provide-io/flavor/go/flavor/pkg/logging/prefix_writer.go:52.2,52.15 1 4
github.com/provide-io/flavor/go/flavor/internal/workenv/validation.go:20.71,25.16 3 6
github.com/provide-io/flavor/go/flavor/internal/workenv/validation.go:25.16,27.3 1 0
github.com/provide-io/flavor/go/flavor/internal/workenv/validation.go:30.2,31.54 2 6
github.com/provide-io/flavor/go/flavor/internal/workenv/validation.go:31.54,33.3 1 1
github.com/provide-io/flavor/go/flavor/internal/workenv/validation.go:36.2,36.68 1 5
github.com/provide-io/flavor/go/flavor/internal/workenv/validation.go:36.68,38.3 1 0
github.com/provide-io/flavor/go/flavor/internal/workenv/validation.go:41.2,41.51 1 5
github.com/provide-io/flavor/go/flavor/internal/workenv/validation.go:41.51,43.3 1 1
github.com/provide-io/flavor/go/flavor/internal/workenv/validation.go:46.2,46.52 1 4
github.com/provide-io/flavor/go/flavor/internal/workenv/validation.go:46.52,48.3 1 1
github.com/provide-io/flavor/go/flavor/internal/workenv/validation.go:51.2,52.36 2 3
github.com/provide-io/flavor/go/flavor/internal/workenv/validation.go:52.36,54.65 2 5
github.com/provide-io/flavor/go/flavor/internal/workenv/validation.go:54.65,56.4 1 1
github.com/provide-io/flavor/go/flavor/internal/workenv/validation.go:59.2,59.13 1 2
github.com/provide-io/flavor/go/flavor/internal/workenv/validation.go:63.77,74.16 4 1
github.com/provide-io/flavor/go/flavor/internal/workenv/validation.go:74.16,76.3 1 0
github.com/provide-io/flavor/go/flavor/internal/workenv/validation.go:78.2,78.45 1 1
github.com/provide-io/flavor/go/flavor/internal/workenv/validation.go:82.55,91.16 4 1
github.com/provide-io/flavor/go/flavor/internal/workenv/validation.go:91.16,93.3 1 0
github.com/provide-io/flavor/go/flavor/internal/workenv/validation.go:96.2,98.45 2 1
github.com/provide-io/flavor/go/flavor/internal/workenv/validation.go:102.31,116.2 4 1
github.com/provide-io/flavor/go/flavor/internal/workenv/workenv.go:16.67,19.20 2 3
github.com/provide-io/flavor/go/flavor/internal/workenv/workenv.go:19.20,21.25 1 2
github.com/provide-io/flavor/go/flavor/internal/workenv/workenv.go:21.25,23.4 1 1
github.com/provide-io/flavor/go/flavor/internal/workenv/workenv.go:23.9,25.4 1 1
github.com/provide-io/flavor/go/flavor/internal/workenv/workenv.go:26.8,32.3 4 1
github.com/provide-io/flavor/go/flavor/internal/workenv/workenv.go:34.2,34.50 1 3
github.com/provide-io/flavor/go/flavor/internal/workenv/workenv.go:38.28,40.64 1 7
github.com/provide-io/flavor/go/flavor/internal/workenv/workenv.go:40.64,42.3 1 4
github.com/provide-io/flavor/go/flavor/internal/workenv/workenv.go:45.2,45.22 1 3
github.com/provide-io/flavor/go/flavor/internal/workenv/workenv.go:46.16,47.44 1 3
github.com/provide-io/flavor/go/flavor/internal/workenv/workenv.go:47.44,49.4 1 2
github.com/provide-io/flavor/go/flavor/internal/workenv/workenv.go:50.15,51.62 1 0
github.com/provide-io/flavor/go/flavor/internal/workenv/workenv.go:51.62,53.4 1 0
github.com/provide-io/flavor/go/flavor/internal/workenv/workenv.go:54.3,54.44 1 0
github.com/provide-io/flavor/go/flavor/internal/workenv/workenv.go:54.44,56.4 1 0
github.com/provide-io/flavor/go/flavor/internal/workenv/workenv.go:57.17,58.68 1 0
github.com/provide-io/flavor/go/flavor/internal/workenv/workenv.go:58.68,60.4 1 0
github.com/provide-io/flavor/go/flavor/internal/workenv/workenv.go:64.2,64.55 1 1
github.com/provide-io/flavor/go/flavor/internal/workenv/workenv.go:70.29,71.67 1 4
github.com/provide-io/flavor/go/flavor/internal/workenv/workenv.go:71.67,73.3 1 1
github.com/provide-io/flavor/go/flavor/internal/workenv/workenv.go:74.2,74.64 1 3
github.com/provide-io/flavor/go/flavor/internal/workenv/workenv.go:74.64,76.3 1 1
github.com/provide-io/flavor/go/flavor/internal/workenv/workenv.go:77.2,77.22 1 2
github.com/provide-io/flavor/go/flavor/internal/workenv/workenv.go:78.17,79.53 1 0
github.com/provide-io/flavor/go/flavor/internal/workenv/workenv.go:79.53,81.4 1 0
github.com/provide-io/flavor/go/flavor/internal/workenv/workenv.go:82.10,83.44 1 2
github.com/provide-io/flavor/go/flavor/internal/workenv/workenv.go:83.44,85.4 1 1
github.com/provide-io/flavor/go/flavor/internal/workenv/workenv.go:87.2,87.56 1 1
github.com/provide-io/flavor/go/flavor/internal/workenv/workenv.go:93.35,94.31 1 1
github.com/provide-io/flavor/go/flavor/internal/workenv/workenv.go:94.31,95.65 1 0
github.com/provide-io/flavor/go/flavor/internal/workenv/workenv.go:95.65,97.4 1 0
github.com/provide-io/flavor/go/flavor/internal/workenv/workenv.go:98.3,98.52 1 0
github.com/provide-io/flavor/go/flavor/internal/workenv/workenv.go:100.2,100.22 1 1
github.com/provide-io/flavor/go/flavor/internal/workenv/workenv.go:104.61,106.48 1 1
github.com/provide-io/flavor/go/flavor/internal/workenv/workenv.go:106.48,108.3 1 0
github.com/provide-io/flavor/go/flavor/internal/workenv/workenv.go:111.2,111.27 1 1
github.com/provide-io/flavor/go/flavor/internal/workenv/workenv.go:111.27,114.16 3 2
github.com/provide-io/flavor/go/flavor/internal/workenv/workenv.go:114.16,116.4 1 1
github.com/provide-io/flavor/go/flavor/internal/workenv/workenv.go:118.3,118.65 1 2
github.com/provide-io/flavor/go/flavor/internal/workenv/workenv.go:118.65,120.4 1 0
github.com/provide-io/flavor/go/flavor/internal/workenv/workenv.go:123.2,123.12 1 1
github.com/provide-io/flavor/go/flavor/cmd/flavor-go-launcher/main.go:13.13,15.15 1 1
github.com/provide-io/flavor/go/flavor/cmd/flavor-go-launcher/main.go:15.15,16.31 1 0
github.com/provide-io/flavor/go/flavor/cmd/flavor-go-launcher/main.go:16.31,20.4 3 0
github.com/provide-io/flavor/go/flavor/cmd/flavor-go-launcher/main.go:23.2,24.16 2 1
github.com/provide-io/flavor/go/flavor/cmd/flavor-go-launcher/main.go:24.16,27.3 2 1
github.com/provide-io/flavor/go/flavor/cmd/flavor-go-launcher/main.go:32.2,32.62 1 0
github.com/provide-io/flavor/go/flavor/cmd/flavor-go-builder/main.go:29.35,31.43 1 2
github.com/provide-io/flavor/go/flavor/cmd/flavor-go-builder/main.go:31.43,32.41 1 2
github.com/provide-io/flavor/go/flavor/cmd/flavor-go-builder/main.go:32.41,33.33 1 24
github.com/provide-io/flavor/go/flavor/cmd/flavor-go-builder/main.go:33.33,34.70 1 0
github.com/provide-io/flavor/go/flavor/cmd/flavor-go-builder/main.go:34.70,36.6 1 0
github.com/provide-io/flavor/go/flavor/cmd/flavor-go-builder/main.go:41.2,41.49 1 2
github.com/provide-io/flavor/go/flavor/cmd/flavor-go-builder/main.go:41.49,42.48 1 2
github.com/provide-io/flavor/go/flavor/cmd/flavor-go-builder/main.go:42.48,44.4 1 2
github.com/provide-io/flavor/go/flavor/cmd/flavor-go-builder/main.go:46.2,46.46 1 0
github.com/provide-io/flavor/go/flavor/cmd/flavor-go-builder/main.go:49.13,67.61 11 3
github.com/provide-io/flavor/go/flavor/cmd/flavor-go-builder/main.go:67.61,68.13 1 0
github.com/provide-io/flavor/go/flavor/cmd/flavor-go-builder/main.go:70.2,70.59 1 3
github.com/provide-io/flavor/go/flavor/cmd/flavor-go-builder/main.go:70.59,71.13 1 0
github.com/provide-io/flavor/go/flavor/cmd/flavor-go-builder/main.go:75.13,77.75 1 1
github.com/provide-io/flavor/go/flavor/cmd/flavor-go-builder/main.go:77.75,81.3 3 1
github.com/provide-io/flavor/go/flavor/cmd/flavor-go-builder/main.go:83.2,83.42 1 0
github.com/provide-io/flavor/go/flavor/cmd/flavor-go-builder/main.go:83.42,86.3 2 0
github.com/provide-io/flavor/go/flavor/cmd/flavor-go-builder/main.go:89.53,90.17 1 1
github.com/provide-io/flavor/go/flavor/cmd/flavor-go-builder/main.go:90.17,94.3 3 1
github.com/provide-io/flavor/go/flavor/cmd/flavor-go-builder/main.go:96.2,96.23 1 0
github.com/provide-io/flavor/go/flavor/cmd/flavor-go-builder/main.go:96.23,98.3 1 0
github.com/provide-io/flavor/go/flavor/cmd/flavor-go-builder/main.go:99.2,99.119 1 0
github.com/provide-io/flavor/go/flavor/pkg/api.go:7.65,9.2 1 1
github.com/provide-io/flavor/go/flavor/pkg/api.go:11.116,13.2 1 1
github.com/provide-io/flavor/go/flavor/pkg/api.go:15.127,17.2 1 1
github.com/provide-io/flavor/go/flavor/pkg/verification.go:13.66,15.16 2 1
github.com/provide-io/flavor/go/flavor/pkg/verification.go:15.16,18.3 2 0
github.com/provide-io/flavor/go/flavor/pkg/verification.go:19.2,19.15 1 1
github.com/provide-io/flavor/go/flavor/pkg/verification.go:19.15,20.40 1 0
github.com/provide-io/flavor/go/flavor/pkg/verification.go:20.40,22.4 1 0
github.com/provide-io/flavor/go/flavor/pkg/verification.go:25.2,30.16 4 1
github.com/provide-io/flavor/go/flavor/pkg/verification.go:30.16,33.3 2 1
github.com/provide-io/flavor/go/flavor/pkg/verification.go:33.8,35.3 1 0
github.com/provide-io/flavor/go/flavor/pkg/verification.go:37.2,38.16 2 1
github.com/provide-io/flavor/go/flavor/pkg/verification.go:38.16,41.3 2 1
github.com/provide-io/flavor/go/flavor/pkg/verification.go:41.8,43.3 1 0
github.com/provide-io/flavor/go/flavor/pkg/verification.go:45.2,46.16 2 1
github.com/provide-io/flavor/go/flavor/pkg/verification.go:46.16,49.3 2 1
github.com/provide-io/flavor/go/flavor/pkg/verification.go:49.8,52.39 2 0
github.com/provide-io/flavor/go/flavor/pkg/verification.go:52.39,54.18 2 0
github.com/provide-io/flavor/go/flavor/pkg/verification.go:54.18,57.5 2 0
github.com/provide-io/flavor/go/flavor/pkg/verification.go:57.10,59.5 1 0
github.com/provide-io/flavor/go/flavor/pkg/verification.go:63.2,63.22 1 1
github.com/provide-io/flavor/go/flavor/pkg/verification.go:63.22,65.3 1 0
github.com/provide-io/flavor/go/flavor/pkg/verification.go:65.8,67.30 2 1
github.com/provide-io/flavor/go/flavor/pkg/verification.go:67.30,69.4 1 3
github.com/provide-io/flavor/go/flavor/pkg/verification.go:70.3,70.13 1 1
github.com/provide-io/flavor/go/flavor/pkg/verification.go:75.35,78.2 2 1
github.com/provide-io/flavor/go/flavor/pkg/psp/format_2025/builder.go:32.123,37.23 3 13
github.com/provide-io/flavor/go/flavor/pkg/psp/format_2025/builder.go:37.23,40.3 2 2
github.com/provide-io/flavor/go/flavor/pkg/psp/format_2025/builder.go:40.8,40.70 1 11
github.com/provide-io/flavor/go/flavor/pkg/psp/format_2025/builder.go:40.70,43.3 2 1
github.com/provide-io/flavor/go/flavor/pkg/psp/format_2025/builder.go:43.8,43.63 1 10
github.com/provide-io/flavor/go/flavor/pkg/psp/format_2025/builder.go:43.63,46.3 2 1
github.com/provide-io/flavor/go/flavor/pkg/psp/format_2025/builder.go:46.8,49.3 2 9
github.com/provide-io/flavor/go/flavor/pkg/psp/format_2025/builder.go:52.2,54.41 3 13
github.com/provide-io/flavor/go/flavor/pkg/psp/format_2025/builder.go:54.41,57.21 3 2
github.com/provide-io/flavor/go/flavor/pkg/psp/format_2025/builder.go:57.21,59.4 1 2
github.com/provide-io/flavor/go/flavor/pkg/psp/format_2025/builder.go:59.9,61.4 1 0
github.com/provide-io/flavor/go/flavor/pkg/psp/format_2025/builder.go:65.2,68.53 2 13
github.com/provide-io/flavor/go/flavor/pkg/psp/format_2025/builder.go:68.53,69.119 1 3
github.com/provide-io/flavor/go/flavor/pkg/psp/format_2025/builder.go:69.119,72.4 2 3
github.com/provide-io/flavor/go/flavor/pkg/psp/format_2025/builder.go:76.2,76.17 1 13
github.com/provide-io/flavor/go/flavor/pkg/psp/format_2025/builder.go:76.17,78.3 1 11
github.com/provide-io/flavor/go/flavor/pkg/psp/format_2025/builder.go:80.2,86.28 1 13
github.com/provide-io/flavor/go/flavor/pkg/psp/format_2025/builder.go:86.28,88.4 1 62
github.com/provide-io/flavor/go/flavor/pkg/psp/format_2025/builder.go:92.2,97.98 4 13
github.com/provide-io/flavor/go/flavor/pkg/psp/format_2025/builder.go:101.109,103.2 1 9
github.com/provide-io/flavor/go/flavor/pkg/psp/format_2025/builder.go:108.121,112.16 2 11
github.com/provide-io/flavor/go/flavor/pkg/psp/format_2025/builder.go:112.16,115.3 2 0
github.com/provide-io/flavor/go/flavor/pkg/psp/format_2025/builder.go:117.2,118.62 2 11
github.com/provide-io/flavor/go/flavor/pkg/psp/format_2025/builder.go:118.62,121.3 2 0
github.com/provide-io/flavor/go/flavor/pkg/psp/format_2025/builder.go:125.2,126.24 2 11
github.com/provide-io/flavor/go/flavor/pkg/psp/format_2025/builder.go:126.24,128.3 1 0
github.com/provide-io/flavor/go/flavor/pkg/psp/format_2025/builder.go:129.2,129.24 1 11
github.com/provide-io/flavor/go/flavor/pkg/psp/format_2025/builder.go:129.24,132.3 2 0
github.com/provide-io/flavor/go/flavor/pkg/psp/format_2025/builder.go:133.2,138.16 4 11
github.com/provide-io/flavor/go/flavor/pkg/psp/format_2025/builder.go:138.16,140.3 1 1
github.com/provide-io/flavor/go/flavor/pkg/psp/format_2025/builder.go:140.8,143.3 2 10
github.com/provide-io/flavor/go/flavor/pkg/psp/format_2025/builder.go:145.2,147.16 3 11
github.com/provide-io/flavor/go/flavor/pkg/psp/format_2025/builder.go:147.16,150.3 2 0
github.com/provide-io/flavor/go/flavor/pkg/psp/format_2025/builder.go:151.2,155.16 3 11
github.com/provide-io/flavor/go/flavor/pkg/psp/format_2025/builder.go:155.16,158.3 2 0
github.com/provide-io/flavor/go/flavor/pkg/psp/format_2025/builder.go:159.2,164.70 4 11
github.com/provide-io/flavor/go/flavor/pkg/psp/format_2025/builder.go:164.70,167.3 2 0
github.com/provide-io/flavor/go/flavor/pkg/psp/format_2025/builder.go:170.2,172.16 3 11
github.com/provide-io/flavor/go/flavor/pkg/psp/format_2025/builder.go:172.16,175.3 2 0
github.com/provide-io/flavor/go/flavor/pkg/psp/format_2025/builder.go:180.2,181.51 2 11
github.com/provide-io/flavor/go/flavor/pkg/psp/format_2025/builder.go:181.51,184.3 2 0
github.com/provide-io/flavor/go/flavor/pkg/psp/format_2025/builder.go:185.2,199.26 7 11
github.com/provide-io/flavor/go/flavor/pkg/psp/format_2025/builder.go:199.26,203.17 3 1
github.com/provide-io/flavor/go/flavor/pkg/psp/format_2025/builder.go:203.17,206.4 2 0
github.com/provide-io/flavor/go/flavor/pkg/psp/format_2025/builder.go:207.3,207.42 1 1
github.com/provide-io/flavor/go/flavor/pkg/psp/format_2025/builder.go:208.8,208.26 1 10
github.com/provide-io/flavor/go/flavor/pkg/psp/format_2025/builder.go:208.26,214.23 3 2
github.com/provide-io/flavor/go/flavor/pkg/psp/format_2025/builder.go:214.23,216.24 2 1
github.com/provide-io/flavor/go/flavor/pkg/psp/format_2025/builder.go:216.24,219.5 2 0
github.com/provide-io/flavor/go/flavor/pkg/psp/format_2025/builder.go:222.3,225.96 4 2
github.com/provide-io/flavor/go/flavor/pkg/psp/format_2025/builder.go:226.8,230.17 3 8
github.com/provide-io/flavor/go/flavor/pkg/psp/format_2025/builder.go:230.17,233.4 2 0
github.com/provide-io/flavor/go/flavor/pkg/psp/format_2025/builder.go:234.3,234.51 1 8
github.com/provide-io/flavor/go/flavor/pkg/psp/format_2025/builder.go:236.2,243.64 4 11
github.com/provide-io/flavor/go/flavor/pkg/psp/format_2025/builder.go:243.64,244.70 1 2
github.com/provide-io/flavor/go/flavor/pkg/psp/format_2025/builder.go:244.70,246.4 1 1
github.com/provide-io/flavor/go/flavor/pkg/psp/format_2025/builder.go:246.9,248.4 1 1
github.com/provide-io/flavor/go/flavor/pkg/psp/format_2025/builder.go:249.3,249.65 1 2
github.com/provide-io/flavor/go/flavor/pkg/psp/format_2025/builder.go:250.8,253.17 3 9
github.com/provide-io/flavor/go/flavor/pkg/psp/format_2025/builder.go:253.17,256.4 2 0
github.com/provide-io/flavor/go/flavor/pkg/psp/format_2025/builder.go:256.9,258.4 1 9
github.com/provide-io/flavor/go/flavor/pkg/psp/format_2025/builder.go:262.2,263.35 2 11
github.com/provide-io/flavor/go/flavor/pkg/psp/format_2025/builder.go:263.35,268.3 1 1
github.com/provide-io/flavor/go/flavor/pkg/psp/format_2025/builder.go:271.2,272.27 2 11
github.com/provide-io/flavor/go/flavor/pkg/psp/format_2025/builder.go:272.27,276.3 1 1
github.com/provide-io/flavor/go/flavor/pkg/psp/format_2025/builder.go:278.2,315.53 3 11
github.com/provide-io/flavor/go/flavor/pkg/psp/format_2025/builder.go:315.53,318.3 2 0
github.com/provide-io/flavor/go/flavor/pkg/psp/format_2025/builder.go:321.2,330.16 6 11
github.com/provide-io/flavor/go/flavor/pkg/psp/format_2025/builder.go:330.16,333.3 2 0
github.com/provide-io/flavor/go/flavor/pkg/psp/format_2025/builder.go:334.2,336.16 3 11
github.com/provide-io/flavor/go/flavor/pkg/psp/format_2025/builder.go:336.16,339.3 2 0
github.com/provide-io/flavor/go/flavor/pkg/psp/format_2025/builder.go:340.2,343.16 3 11
github.com/provide-io/flavor/go/flavor/pkg/psp/format_2025/builder.go:343.16,346.3 2 0
github.com/provide-io/flavor/go/flavor/pkg/psp/format_2025/builder.go:347.2,348.16 2 11
github.com/provide-io/flavor/go/flavor/pkg/psp/format_2025/builder.go:348.16,351.3 2 0
github.com/provide-io/flavor/go/flavor/pkg/psp/format_2025/builder.go:354.2,355.16 2 11
github.com/provide-io/flavor/go/flavor/pkg/psp/format_2025/builder.go:355.16,358.3 2 0
github.com/provide-io/flavor/go/flavor/pkg/psp/format_2025/builder.go:359.2,360.56 2 11
github.com/provide-io/flavor/go/flavor/pkg/psp/format_2025/builder.go:360.56,363.3 2 0
github.com/provide-io/flavor/go/flavor/pkg/psp/format_2025/builder.go:365.2,366.16 2 11
github.com/provide-io/flavor/go/flavor/pkg/psp/format_2025/builder.go:366.16,369.3 2 0
github.com/provide-io/flavor/go/flavor/pkg/psp/format_2025/builder.go:370.2,371.16 2 11
github.com/provide-io/flavor/go/flavor/pkg/psp/format_2025/builder.go:371.16,374.3 2 0
github.com/provide-io/flavor/go/flavor/pkg/psp/format_2025/builder.go:375.2,376.16 2 11
github.com/provide-io/flavor/go/flavor/pkg/psp/format_2025/builder.go:376.16,379.3 2 0
github.com/provide-io/flavor/go/flavor/pkg/psp/format_2025/builder.go:380.2,381.16 2 11
github.com/provide-io/flavor/go/flavor/pkg/psp/format_2025/builder.go:381.16,384.3 2 0
github.com/provide-io/flavor/go/flavor/pkg/psp/format_2025/builder.go:387.2,388.16 2 11
github.com/provide-io/flavor/go/flavor/pkg/psp/format_2025/builder.go:388.16,391.3 2 0
github.com/provide-io/flavor/go/flavor/pkg/psp/format_2025/builder.go:392.2,392.75 1 11
github.com/provide-io/flavor/go/flavor/pkg/psp/format_2025/builder.go:392.75,395.3 2 0
github.com/provide-io/flavor/go/flavor/pkg/psp/format_2025/builder.go:398.2,398.45 1 11
github.com/provide-io/flavor/go/flavor/pkg/psp/format_2025/builder.go:398.45,400.27 1 3
github.com/provide-io/flavor/go/flavor/pkg/psp/format_2025/builder.go:400.27,403.12 3 0
github.com/provide-io/flavor/go/flavor/pkg/psp/format_2025/builder.go:407.3,408.17 2 3
github.com/provide-io/flavor/go/flavor/pkg/psp/format_2025/builder.go:408.17,411.4 2 0
github.com/provide-io/flavor/go/flavor/pkg/psp/format_2025/builder.go:412.3,413.30 2 3
github.com/provide-io/flavor/go/flavor/pkg/psp/format_2025/builder.go:413.30,415.48 2 0
github.com/provide-io/flavor/go/flavor/pkg/psp/format_2025/builder.go:415.48,418.5 2 0
github.com/provide-io/flavor/go/flavor/pkg/psp/format_2025/builder.go:422.3,424.17 3 3
github.com/provide-io/flavor/go/flavor/pkg/psp/format_2025/builder.go:424.17,427.4 2 0
github.com/provide-io/flavor/go/flavor/pkg/psp/format_2025/builder.go:428.3,430.50 3 3
github.com/provide-io/flavor/go/flavor/pkg/psp/format_2025/builder.go:430.50,433.4 2 0
github.com/provide-io/flavor/go/flavor/pkg/psp/format_2025/builder.go:437.2,438.16 2 11
github.com/provide-io/flavor/go/flavor/pkg/psp/format_2025/builder.go:438.16,441.3 2 0
github.com/provide-io/flavor/go/flavor/pkg/psp/format_2025/builder.go:442.2,442.56 1 11
github.com/provide-io/flavor/go/flavor/pkg/psp/format_2025/builder.go:442.56,445.3 2 0
github.com/provide-io/flavor/go/flavor/pkg/psp/format_2025/builder.go:448.2,448.39 1 11
github.com/provide-io/flavor/go/flavor/pkg/psp/format_2025/builder.go:448.39,449.70 1 3
github.com/provide-io/flavor/go/flavor/pkg/psp/format_2025/builder.go:449.70,452.4 2 0
github.com/provide-io/flavor/go/flavor/pkg/psp/format_2025/builder.go:456.2,456.51 1 11
github.com/provide-io/flavor/go/flavor/pkg/psp/format_2025/builder.go:456.51,459.3 2 0
github.com/provide-io/flavor/go/flavor/pkg/psp/format_2025/builder.go:462.2,467.16 3 11
github.com/provide-io/flavor/go/flavor/pkg/psp/format_2025/builder.go:467.16,470.3 2 0
github.com/provide-io/flavor/go/flavor/pkg/psp/format_2025/builder.go:471.2,471.59 1 11
github.com/provide-io/flavor/go/flavor/pkg/psp/format_2025/builder.go:471.59,474.3 2 0
github.com/provide-io/flavor/go/flavor/pkg/psp/format_2025/builder.go:475.2,476.52 2 11
github.com/provide-io/flavor/go/flavor/pkg/psp/format_2025/builder.go:476.52,479.3 2 0
github.com/provide-io/flavor/go/flavor/pkg/psp/format_2025/builder.go:480.2,480.49 1 11
github.com/provide-io/flavor/go/flavor/pkg/psp/format_2025/builder.go:480.49,483.3 2 0
github.com/provide-io/flavor/go/flavor/pkg/psp/format_2025/builder.go:486.2,492.16 4 11
github.com/provide-io/flavor/go/flavor/pkg/psp/format_2025/builder.go:492.16,495.3 2 0
github.com/provide-io/flavor/go/flavor/pkg/psp/format_2025/builder.go:496.2,497.16 2 11
github.com/provide-io/flavor/go/flavor/pkg/psp/format_2025/builder.go:497.16,500.3 2 0
github.com/provide-io/flavor/go/flavor/pkg/psp/format_2025/builder.go:501.2,502.16 2 11
github.com/provide-io/flavor/go/flavor/pkg/psp/format_2025/builder.go:502.16,505.3 2 0
github.com/provide-io/flavor/go/flavor/pkg/psp/format_2025/builder.go:508.2,519.56 7 11
github.com/provide-io/flavor/go/flavor/pkg/psp/format_2025/builder.go:519.56,522.3 2 0
github.com/provide-io/flavor/go/flavor/pkg/psp/format_2025/builder.go:525.2,525.51 1 11
github.com/provide-io/flavor/go/flavor/pkg/psp/format_2025/builder.go:525.51,528.3 2 0
github.com/provide-io/flavor/go/flavor/pkg/psp/format_2025/builder.go:531.2,531.58 1 11
github.com/provide-io/flavor/go/flavor/pkg/psp/format_2025/builder.go:531.58,534.3 2 0
github.com/provide-io/flavor/go/flavor/pkg/psp/format_2025/builder.go:536.2,549.75 3 11
github.com/provide-io/flavor/go/flavor/pkg/psp/format_2025/builder.go:549.75,552.3 2 0
github.com/provide-io/flavor/go/flavor/pkg/psp/format_2025/builder.go:553.2,558.36 2 11
github.com/provide-io/flavor/go/flavor/pkg/psp/format_2025/builder.go:558.36,561.3 2 0
github.com/provide-io/flavor/go/flavor/pkg/psp/format_2025/builder.go:562.2,567.54 2 11
github.com/provide-io/flavor/go/flavor/pkg/psp/format_2025/builder.go:567.54,570.86 2 0
github.com/provide-io/flavor/go/flavor/pkg/psp/format_2025/builder.go:570.86,573.4 2 0
github.com/provide-io/flavor/go/flavor/pkg/psp/format_2025/builder.go:575.3,575.63 1 0
github.com/provide-io/flavor/go/flavor/pkg/psp/format_2025/builder.go:584.80,586.2 1 12
github.com/provide-io/flavor/go/flavor/pkg/psp/format_2025/builder.go:588.98,590.2 1 15
github.com/provide-io/flavor/go/flavor/pkg/psp/format_2025/builder.go:592.97,594.23 1 15
github.com/provide-io/flavor/go/flavor/pkg/psp/format_2025/builder.go:594.23,597.3 2 13
github.com/provide-io/flavor/go/flavor/pkg/psp/format_2025/builder.go:599.2,602.26 2 2
github.com/provide-io/flavor/go/flavor/pkg/psp/format_2025/builder.go:602.26,605.3 2 1
github.com/provide-io/flavor/go/flavor/pkg/psp/format_2025/builder.go:607.2,608.14 2 1
github.com/provide-io/flavor/go/flavor/pkg/psp/format_2025/builder.go:616.98,617.45 1 6
github.com/provide-io/flavor/go/flavor/pkg/psp/format_2025/builder.go:617.45,619.3 1 1
github.com/provide-io/flavor/go/flavor/pkg/psp/format_2025/builder.go:621.2,627.50 5 5
github.com/provide-io/flavor/go/flavor/pkg/psp/format_2025/builder.go:627.50,629.3 1 1
github.com/provide-io/flavor/go/flavor/pkg/psp/format_2025/builder.go:630.2,630.69 1 4
github.com/provide-io/flavor/go/flavor/pkg/psp/format_2025/builder.go:630.69,632.3 1 0
github.com/provide-io/flavor/go/flavor/pkg/psp/format_2025/builder.go:634.2,635.63 2 4
github.com/provide-io/flavor/go/flavor/pkg/psp/format_2025/builder.go:635.63,637.3 1 0
github.com/provide-io/flavor/go/flavor/pkg/psp/format_2025/builder.go:639.2,646.16 3 4
github.com/provide-io/flavor/go/flavor/pkg/psp/format_2025/builder.go:646.16,648.3 1 0
github.com/provide-io/flavor/go/flavor/pkg/psp/format_2025/builder.go:649.2,649.36 1 4
github.com/provide-io/flavor/go/flavor/pkg/psp/format_2025/builder.go:649.36,651.3 1 1
github.com/provide-io/flavor/go/flavor/pkg/psp/format_2025/builder.go:652.2,653.16 2 3
github.com/provide-io/flavor/go/flavor/pkg/psp/format_2025/builder.go:653.16,655.3 1 0
github.com/provide-io/flavor/go/flavor/pkg/psp/format_2025/builder.go:656.2,657.44 2 3
github.com/provide-io/flavor/go/flavor/pkg/psp/format_2025/builder.go:657.44,659.78 2 3
github.com/provide-io/flavor/go/flavor/pkg/psp/format_2025/builder.go:659.78,661.4 1 0
github.com/provide-io/flavor/go/flavor/pkg/psp/format_2025/builder.go:662.3,663.17 2 3
github.com/provide-io/flavor/go/flavor/pkg/psp/format_2025/builder.go:663.17,665.4 1 0
github.com/provide-io/flavor/go/flavor/pkg/psp/format_2025/builder.go:666.3,666.22 1 3
github.com/provide-io/flavor/go/flavor/pkg/psp/format_2025/builder.go:666.22,668.18 2 3
github.com/provide-io/flavor/go/flavor/pkg/psp/format_2025/builder.go:668.18,670.5 1 0
github.com/provide-io/flavor/go/flavor/pkg/psp/format_2025/builder.go:672.3,672.38 1 3
github.com/provide-io/flavor/go/flavor/pkg/psp/format_2025/builder.go:676.2,677.16 2 3
github.com/provide-io/flavor/go/flavor/pkg/psp/format_2025/builder.go:677.16,679.3 1 0
github.com/provide-io/flavor/go/flavor/pkg/psp/format_2025/builder.go:680.2,681.16 2 3
github.com/provide-io/flavor/go/flavor/pkg/psp/format_2025/builder.go:681.16,683.3 1 0
github.com/provide-io/flavor/go/flavor/pkg/psp/format_2025/builder.go:684.2,685.16 2 3
github.com/provide-io/flavor/go/flavor/pkg/psp/format_2025/builder.go:685.16,687.3 1 0
github.com/provide-io/flavor/go/flavor/pkg/psp/format_2025/builder.go:688.2,695.18 4 3
github.com/provide-io/flavor/go/flavor/pkg/psp/format_2025/builder.go:702.97,707.16 3 2
github.com/provide-io/flavor/go/flavor/pkg/psp/format_2025/builder.go:707.16,709.3 1 0
github.com/provide-io/flavor/go/flavor/pkg/psp/format_2025/builder.go:711.2,715.31 3 2
github.com/provide-io/flavor/go/flavor/pkg/psp/format_2025/builder.go:715.31,717.3 1 1
github.com/provide-io/flavor/go/flavor/pkg/psp/format_2025/builder.go:719.2,725.16 4 1
github.com/provide-io/flavor/go/flavor/pkg/psp/format_2025/builder.go:725.16,727.3 1 0
github.com/provide-io/flavor/go/flavor/pkg/psp/format_2025/builder.go:731.2,738.16 6 1
github.com/provide-io/flavor/go/flavor/pkg/psp/format_2025/builder.go:738.16,740.3 1 0
github.com/provide-io/flavor/go/flavor/pkg/psp/format_2025/builder.go:741.2,741.63 1 1
github.com/provide-io/flavor/go/flavor/pkg/psp/format_2025/builder.go:741.63,742.52 1 0
github.com/provide-io/flavor/go/flavor/pkg/psp/format_2025/builder.go:742.52,744.4 1 0
github.com/provide-io/flavor/go/flavor/pkg/psp/format_2025/builder.go:745.3,745.58 1 0
github.com/provide-io/flavor/go/flavor/pkg/psp/format_2025/builder.go:747.2,747.41 1 1
github.com/provide-io/flavor/go/flavor/pkg/psp/format_2025/builder.go:747.41,749.3 1 0
github.com/provide-io/flavor/go/flavor/pkg/psp/format_2025/builder.go:752.2,753.15 2 1
github.com/provide-io/flavor/go/flavor/pkg/psp/format_2025/builder.go:753.15,754.22 1 1
github.com/provide-io/flavor/go/flavor/pkg/psp/format_2025/builder.go:754.22,755.47 1 0
github.com/provide-io/flavor/go/flavor/pkg/psp/format_2025/builder.go:755.47,757.5 1 0
github.com/provide-io/flavor/go/flavor/pkg/psp/format_2025/builder.go:757.10,759.5 1 0
github.com/provide-io/flavor/go/flavor/pkg/psp/format_2025/builder.go:764.2,765.21 2 1
github.com/provide-io/flavor/go/flavor/pkg/psp/format_2025/builder.go:765.21,767.3 1 0
github.com/provide-io/flavor/go/flavor/pkg/psp/format_2025/builder.go:770.2,771.21 2 1
github.com/provide-io/flavor/go/flavor/pkg/psp/format_2025/builder.go:771.21,773.3 1 0
github.com/provide-io/flavor/go/flavor/pkg/psp/format_2025/builder.go:775.2,779.16 3 1
github.com/provide-io/flavor/go/flavor/pkg/psp/format_2025/builder.go:779.16,781.3 1 0
github.com/provide-io/flavor/go/flavor/pkg/psp/format_2025/builder.go:781.8,787.3 1 1
github.com/provide-io/flavor/go/flavor/pkg/psp/format_2025/builder.go:789.2,789.12 1 1
github.com/provide-io/flavor/go/flavor/pkg/psp/format_2025/builder.go:793.46,795.16 2 2
github.com/provide-io/flavor/go/flavor/pkg/psp/format_2025/builder.go:795.16,797.3 1 0
github.com/provide-io/flavor/go/flavor/pkg/psp/format_2025/builder.go:798.2,798.25 1 2
github.com/provide-io/flavor/go/flavor/pkg/psp/format_2025/builder.go:801.70,802.15 1 41
github.com/provide-io/flavor/go/flavor/pkg/psp/format_2025/builder.go:802.15,804.3 1 1
github.com/provide-io/flavor/go/flavor/pkg/psp/format_2025/builder.go:805.2,805.27 1 40
github.com/provide-io/flavor/go/flavor/pkg/psp/format_2025/builder.go:808.66,809.41 1 13
github.com/provide-io/flavor/go/flavor/pkg/psp/format_2025/builder.go:809.41,811.3 1 1
github.com/provide-io/flavor/go/flavor/pkg/psp/format_2025/builder.go:812.2,812.27 1 12
github.com/provide-io/flavor/go/flavor/pkg/psp/format_2025/builder.go:815.74,816.34 1 13
github.com/provide-io/flavor/go/flavor/pkg/psp/format_2025/builder.go:816.34,818.3 1 1
github.com/provide-io/flavor/go/flavor/pkg/psp/format_2025/builder.go:819.2,819.27 1 12
github.com/provide-io/flavor/go/flavor/pkg/psp/format_2025/builder.go:822.82,823.22 1 11
github.com/provide-io/flavor/go/flavor/pkg/psp/format_2025/builder.go:823.22,825.3 1 1
github.com/provide-io/flavor/go/flavor/pkg/psp/format_2025/builder.go:826.2,826.30 1 10
github.com/provide-io/flavor/go/flavor/pkg/psp/format_2025/builder.go:829.84,830.58 1 13
github.com/provide-io/flavor/go/flavor/pkg/psp/format_2025/builder.go:830.58,832.3 1 1
github.com/provide-io/flavor/go/flavor/pkg/psp/format_2025/builder.go:833.2,833.32 1 12
github.com/provide-io/flavor/go/flavor/pkg/psp/format_2025/builder_unix.go:15.76,20.56 2 1
github.com/provide-io/flavor/go/flavor/pkg/psp/format_2025/builder_unix.go:20.56,22.3 1 0
github.com/provide-io/flavor/go/flavor/pkg/psp/format_2025/builder_unix.go:24.2,28.12 2 1
github.com/provide-io/flavor/go/flavor/pkg/psp/format_2025/crypto.go:15.104,18.16 2 13
github.com/provide-io/flavor/go/flavor/pkg/psp/format_2025/crypto.go:18.16,20.3 1 0
github.com/provide-io/flavor/go/flavor/pkg/psp/format_2025/crypto.go:23.2,28.50 4 13
github.com/provide-io/flavor/go/flavor/pkg/psp/format_2025/crypto.go:28.50,30.3 1 0
github.com/provide-io/flavor/go/flavor/pkg/psp/format_2025/crypto.go:31.2,31.35 1 13
github.com/provide-io/flavor/go/flavor/pkg/psp/format_2025/crypto.go:31.35,33.3 1 0
github.com/provide-io/flavor/go/flavor/pkg/psp/format_2025/crypto.go:36.2,37.26 2 13
github.com/provide-io/flavor/go/flavor/pkg/psp/format_2025/crypto.go:41.109,44.16 2 8
github.com/provide-io/flavor/go/flavor/pkg/psp/format_2025/crypto.go:44.16,46.3 1 1
github.com/provide-io/flavor/go/flavor/pkg/psp/format_2025/crypto.go:48.2,49.18 2 7
github.com/provide-io/flavor/go/flavor/pkg/psp/format_2025/crypto.go:49.18,51.3 1 0
github.com/provide-io/flavor/go/flavor/pkg/psp/format_2025/crypto.go:53.2,56.68 2 7
github.com/provide-io/flavor/go/flavor/pkg/psp/format_2025/crypto.go:56.68,59.10 3 4
github.com/provide-io/flavor/go/flavor/pkg/psp/format_2025/crypto.go:59.10,61.4 1 0
github.com/provide-io/flavor/go/flavor/pkg/psp/format_2025/crypto.go:62.8,62.55 1 3
github.com/provide-io/flavor/go/flavor/pkg/psp/format_2025/crypto.go:62.55,65.3 1 2
github.com/provide-io/flavor/go/flavor/pkg/psp/format_2025/crypto.go:65.8,67.3 1 1
github.com/provide-io/flavor/go/flavor/pkg/psp/format_2025/crypto.go:70.2,71.25 2 6
github.com/provide-io/flavor/go/flavor/pkg/psp/format_2025/crypto.go:71.25,74.17 2 5
github.com/provide-io/flavor/go/flavor/pkg/psp/format_2025/crypto.go:74.17,76.4 1 1
github.com/provide-io/flavor/go/flavor/pkg/psp/format_2025/crypto.go:78.3,79.19 2 4
github.com/provide-io/flavor/go/flavor/pkg/psp/format_2025/crypto.go:79.19,81.4 1 0
github.com/provide-io/flavor/go/flavor/pkg/psp/format_2025/crypto.go:84.3,84.67 1 4
github.com/provide-io/flavor/go/flavor/pkg/psp/format_2025/crypto.go:84.67,87.11 3 2
github.com/provide-io/flavor/go/flavor/pkg/psp/format_2025/crypto.go:87.11,89.5 1 0
github.com/provide-io/flavor/go/flavor/pkg/psp/format_2025/crypto.go:90.9,90.55 1 2
github.com/provide-io/flavor/go/flavor/pkg/psp/format_2025/crypto.go:90.55,93.4 1 1
github.com/provide-io/flavor/go/flavor/pkg/psp/format_2025/crypto.go:93.9,95.4 1 1
github.com/provide-io/flavor/go/flavor/pkg/psp/format_2025/crypto.go:96.8,99.3 1 1
github.com/provide-io/flavor/go/flavor/pkg/psp/format_2025/crypto.go:101.2,101.35 1 4
github.com/provide-io/flavor/go/flavor/pkg/psp/format_2025/diskspace_unix.go:10.56,12.52 2 20
github.com/provide-io/flavor/go/flavor/pkg/psp/format_2025/diskspace_unix.go:12.52,14.3 1 0
github.com/provide-io/flavor/go/flavor/pkg/psp/format_2025/diskspace_unix.go:15.2,16.23 2 20
github.com/provide-io/flavor/go/flavor/pkg/psp/format_2025/execution.go:25.67,26.40 1 1
github.com/provide-io/flavor/go/flavor/pkg/psp/format_2025/execution.go:26.40,28.3 1 0
github.com/provide-io/flavor/go/flavor/pkg/psp/format_2025/execution.go:31.66,32.43 1 1
github.com/provide-io/flavor/go/flavor/pkg/psp/format_2025/execution.go:32.43,34.3 1 0
github.com/provide-io/flavor/go/flavor/pkg/psp/format_2025/execution.go:37.71,40.97 3 7
github.com/provide-io/flavor/go/flavor/pkg/psp/format_2025/execution.go:40.97,42.3 1 3
github.com/provide-io/flavor/go/flavor/pkg/psp/format_2025/execution.go:43.2,43.12 1 4
github.com/provide-io/flavor/go/flavor/pkg/psp/format_2025/execution.go:53.85,58.38 3 51
github.com/provide-io/flavor/go/flavor/pkg/psp/format_2025/execution.go:58.38,65.17 5 0
github.com/provide-io/flavor/go/flavor/pkg/psp/format_2025/execution.go:65.17,68.4 2 0
github.com/provide-io/flavor/go/flavor/pkg/psp/format_2025/execution.go:69.3,74.17 4 0
github.com/provide-io/flavor/go/flavor/pkg/psp/format_2025/execution.go:74.17,77.4 2 0
github.com/provide-io/flavor/go/flavor/pkg/psp/format_2025/execution.go:78.3,84.17 5 0
github.com/provide-io/flavor/go/flavor/pkg/psp/format_2025/execution.go:84.17,90.4 5 0
github.com/provide-io/flavor/go/flavor/pkg/psp/format_2025/execution.go:91.3,93.36 2 0
github.com/provide-io/flavor/go/flavor/pkg/psp/format_2025/execution.go:93.36,98.4 4 0
github.com/provide-io/flavor/go/flavor/pkg/psp/format_2025/execution.go:100.3,101.41 2 0
github.com/provide-io/flavor/go/flavor/pkg/psp/format_2025/execution.go:101.41,106.4 4 0
github.com/provide-io/flavor/go/flavor/pkg/psp/format_2025/execution.go:107.3,112.21 3 0
github.com/provide-io/flavor/go/flavor/pkg/psp/format_2025/execution.go:112.21,114.45 2 0
github.com/provide-io/flavor/go/flavor/pkg/psp/format_2025/execution.go:114.45,116.5 1 0
github.com/provide-io/flavor/go/flavor/pkg/psp/format_2025/execution.go:116.10,118.5 1 0
github.com/provide-io/flavor/go/flavor/pkg/psp/format_2025/execution.go:120.3,120.31 1 0
github.com/provide-io/flavor/go/flavor/pkg/psp/format_2025/execution.go:124.2,126.26 3 51
github.com/provide-io/flavor/go/flavor/pkg/psp/format_2025/execution.go:129.110,132.16 2 30
github.com/provide-io/flavor/go/flavor/pkg/psp/format_2025/execution.go:132.16,135.3 2 0
github.com/provide-io/flavor/go/flavor/pkg/psp/format_2025/execution.go:136.2,136.20 1 30
github.com/provide-io/flavor/go/flavor/pkg/psp/format_2025/execution.go:136.20,138.3 1 0
github.com/provide-io/flavor/go/flavor/pkg/psp/format_2025/execution.go:140.2,141.16 2 30
github.com/provide-io/flavor/go/flavor/pkg/psp/format_2025/execution.go:141.16,144.3 2 0
github.com/provide-io/flavor/go/flavor/pkg/psp/format_2025/execution.go:145.2,145.15 1 30
github.com/provide-io/flavor/go/flavor/pkg/psp/format_2025/execution.go:145.15,146.40 1 30
github.com/provide-io/flavor/go/flavor/pkg/psp/format_2025/execution.go:146.40,148.4 1 0
github.com/provide-io/flavor/go/flavor/pkg/psp/format_2025/execution.go:152.2,153.16 2 30
github.com/provide-io/flavor/go/flavor/pkg/psp/format_2025/execution.go:153.16,156.3 2 3
github.com/provide-io/flavor/go/flavor/pkg/psp/format_2025/execution.go:161.2,162.82 2 27
github.com/provide-io/flavor/go/flavor/pkg/psp/format_2025/execution.go:162.82,164.17 2 0
github.com/provide-io/flavor/go/flavor/pkg/psp/format_2025/execution.go:164.17,166.4 1 0
github.com/provide-io/flavor/go/flavor/pkg/psp/format_2025/execution.go:166.9,166.41 1 0
github.com/provide-io/flavor/go/flavor/pkg/psp/format_2025/execution.go:166.41,172.4 5 0
github.com/provide-io/flavor/go/flavor/pkg/psp/format_2025/execution.go:175.2,177.25 2 27
github.com/provide-io/flavor/go/flavor/pkg/psp/format_2025/execution.go:178.22,181.103 3 24
github.com/provide-io/flavor/go/flavor/pkg/psp/format_2025/execution.go:182.10,185.17 3 3
github.com/provide-io/flavor/go/flavor/pkg/psp/format_2025/execution.go:185.17,186.27 1 2
github.com/provide-io/flavor/go/flavor/pkg/psp/format_2025/execution.go:187.46,190.110 3 1
github.com/provide-io/flavor/go/flavor/pkg/psp/format_2025/execution.go:191.12,193.71 2 1
github.com/provide-io/flavor/go/flavor/pkg/psp/format_2025/execution.go:195.9,195.20 1 1
github.com/provide-io/flavor/go/flavor/pkg/psp/format_2025/execution.go:195.20,196.27 1 0
github.com/provide-io/flavor/go/flavor/pkg/psp/format_2025/execution.go:197.46,201.102 4 0
github.com/provide-io/flavor/go/flavor/pkg/psp/format_2025/execution.go:202.28,206.101 4 0
github.com/provide-io/flavor/go/flavor/pkg/psp/format_2025/execution.go:207.12,209.68 2 0
github.com/provide-io/flavor/go/flavor/pkg/psp/format_2025/execution.go:211.9,213.4 1 1
github.com/provide-io/flavor/go/flavor/pkg/psp/format_2025/execution.go:216.3,217.62 2 2
github.com/provide-io/flavor/go/flavor/pkg/psp/format_2025/execution.go:217.62,218.27 1 0
github.com/provide-io/flavor/go/flavor/pkg/psp/format_2025/execution.go:219.46,222.119 3 0
github.com/provide-io/flavor/go/flavor/pkg/psp/format_2025/execution.go:223.12,225.80 2 0
github.com/provide-io/flavor/go/flavor/pkg/psp/format_2025/execution.go:227.9,229.4 1 2
github.com/provide-io/flavor/go/flavor/pkg/psp/format_2025/execution.go:232.3,233.62 2 2
github.com/provide-io/flavor/go/flavor/pkg/psp/format_2025/execution.go:233.62,234.27 1 0
github.com/provide-io/flavor/go/flavor/pkg/psp/format_2025/execution.go:235.46,238.119 3 0
github.com/provide-io/flavor/go/flavor/pkg/psp/format_2025/execution.go:239.12,241.80 2 0
github.com/provide-io/flavor/go/flavor/pkg/psp/format_2025/execution.go:243.9,245.4 1 2
github.com/provide-io/flavor/go/flavor/pkg/psp/format_2025/execution.go:248.2,249.16 2 26
github.com/provide-io/flavor/go/flavor/pkg/psp/format_2025/execution.go:249.16,252.3 2 0
github.com/provide-io/flavor/go/flavor/pkg/psp/format_2025/execution.go:254.2,255.31 2 26
github.com/provide-io/flavor/go/flavor/pkg/psp/format_2025/execution.go:255.31,258.3 2 25
github.com/provide-io/flavor/go/flavor/pkg/psp/format_2025/execution.go:258.8,260.3 1 1
github.com/provide-io/flavor/go/flavor/pkg/psp/format_2025/execution.go:263.2,264.22 2 26
github.com/provide-io/flavor/go/flavor/pkg/psp/format_2025/execution.go:264.22,267.3 2 0
github.com/provide-io/flavor/go/flavor/pkg/psp/format_2025/execution.go:269.2,270.28 2 26
github.com/provide-io/flavor/go/flavor/pkg/psp/format_2025/execution.go:270.28,272.3 1 1
github.com/provide-io/flavor/go/flavor/pkg/psp/format_2025/execution.go:274.2,277.38 3 26
github.com/provide-io/flavor/go/flavor/pkg/psp/format_2025/execution.go:277.38,278.38 1 25
github.com/provide-io/flavor/go/flavor/pkg/psp/format_2025/execution.go:278.38,280.9 2 0
github.com/provide-io/flavor/go/flavor/pkg/psp/format_2025/execution.go:284.2,284.113 1 26
github.com/provide-io/flavor/go/flavor/pkg/psp/format_2025/execution.go:284.113,287.3 2 1
github.com/provide-io/flavor/go/flavor/pkg/psp/format_2025/execution.go:288.2,292.65 3 25
github.com/provide-io/flavor/go/flavor/pkg/psp/format_2025/execution.go:292.65,298.3 3 1
github.com/provide-io/flavor/go/flavor/pkg/psp/format_2025/execution.go:298.8,302.3 2 24
github.com/provide-io/flavor/go/flavor/pkg/psp/format_2025/execution.go:304.2,309.71 3 25
github.com/provide-io/flavor/go/flavor/pkg/psp/format_2025/execution.go:309.71,312.3 2 0
github.com/provide-io/flavor/go/flavor/pkg/psp/format_2025/execution.go:313.2,316.68 2 25
github.com/provide-io/flavor/go/flavor/pkg/psp/format_2025/execution.go:316.68,317.56 1 2
github.com/provide-io/flavor/go/flavor/pkg/psp/format_2025/execution.go:317.56,321.85 2 3
github.com/provide-io/flavor/go/flavor/pkg/psp/format_2025/execution.go:321.85,323.5 1 1
github.com/provide-io/flavor/go/flavor/pkg/psp/format_2025/execution.go:324.4,325.70 2 2
github.com/provide-io/flavor/go/flavor/pkg/psp/format_2025/execution.go:325.70,328.5 2 0
github.com/provide-io/flavor/go/flavor/pkg/psp/format_2025/execution.go:331.4,331.26 1 2
github.com/provide-io/flavor/go/flavor/pkg/psp/format_2025/execution.go:331.26,334.19 2 2
github.com/provide-io/flavor/go/flavor/pkg/psp/format_2025/execution.go:334.19,335.65 1 2
github.com/provide-io/flavor/go/flavor/pkg/psp/format_2025/execution.go:335.65,337.7 1 0
github.com/provide-io/flavor/go/flavor/pkg/psp/format_2025/execution.go:337.12,339.7 1 2
github.com/provide-io/flavor/go/flavor/pkg/psp/format_2025/execution.go:346.2,349.14 3 24
github.com/provide-io/flavor/go/flavor/pkg/psp/format_2025/execution.go:349.14,352.17 3 7
github.com/provide-io/flavor/go/flavor/pkg/psp/format_2025/execution.go:352.17,355.4 1 0
github.com/provide-io/flavor/go/flavor/pkg/psp/format_2025/execution.go:356.3,357.19 2 7
github.com/provide-io/flavor/go/flavor/pkg/psp/format_2025/execution.go:357.19,359.4 1 4
github.com/provide-io/flavor/go/flavor/pkg/psp/format_2025/execution.go:359.9,361.4 1 3
github.com/provide-io/flavor/go/flavor/pkg/psp/format_2025/execution.go:362.8,364.3 1 17
github.com/provide-io/flavor/go/flavor/pkg/psp/format_2025/execution.go:366.2,368.19 2 24
github.com/provide-io/flavor/go/flavor/pkg/psp/format_2025/execution.go:368.19,370.65 1 20
github.com/provide-io/flavor/go/flavor/pkg/psp/format_2025/execution.go:370.65,372.4 1 0
github.com/provide-io/flavor/go/flavor/pkg/psp/format_2025/execution.go:375.3,376.17 2 20
github.com/provide-io/flavor/go/flavor/pkg/psp/format_2025/execution.go:376.17,379.4 2 0
github.com/provide-io/flavor/go/flavor/pkg/psp/format_2025/execution.go:380.3,380.20 1 20
github.com/provide-io/flavor/go/flavor/pkg/psp/format_2025/execution.go:380.20,383.63 2 0
github.com/provide-io/flavor/go/flavor/pkg/psp/format_2025/execution.go:383.63,385.5 1 0
github.com/provide-io/flavor/go/flavor/pkg/psp/format_2025/execution.go:387.4,388.18 2 0
github.com/provide-io/flavor/go/flavor/pkg/psp/format_2025/execution.go:388.18,390.5 1 0
github.com/provide-io/flavor/go/flavor/pkg/psp/format_2025/execution.go:391.4,391.14 1 0
github.com/provide-io/flavor/go/flavor/pkg/psp/format_2025/execution.go:391.14,393.5 1 0
github.com/provide-io/flavor/go/flavor/pkg/psp/format_2025/execution.go:394.4,394.23 1 0
github.com/provide-io/flavor/go/flavor/pkg/psp/format_2025/execution.go:396.3,400.17 3 20
github.com/provide-io/flavor/go/flavor/pkg/psp/format_2025/execution.go:400.17,402.4 1 1
github.com/provide-io/flavor/go/flavor/pkg/psp/format_2025/execution.go:405.3,405.81 1 19
github.com/provide-io/flavor/go/flavor/pkg/psp/format_2025/execution.go:405.81,407.4 1 0
github.com/provide-io/flavor/go/flavor/pkg/psp/format_2025/execution.go:408.8,410.39 2 4
github.com/provide-io/flavor/go/flavor/pkg/psp/format_2025/execution.go:410.39,412.4 1 4
github.com/provide-io/flavor/go/flavor/pkg/psp/format_2025/execution.go:416.2,416.54 1 23
github.com/provide-io/flavor/go/flavor/pkg/psp/format_2025/execution.go:416.54,419.73 3 7
github.com/provide-io/flavor/go/flavor/pkg/psp/format_2025/execution.go:419.73,422.4 2 1
github.com/provide-io/flavor/go/flavor/pkg/psp/format_2025/execution.go:424.3,424.60 1 6
github.com/provide-io/flavor/go/flavor/pkg/psp/format_2025/execution.go:424.60,429.43 4 10
github.com/provide-io/flavor/go/flavor/pkg/psp/format_2025/execution.go:430.16,431.19 1 3
github.com/provide-io/flavor/go/flavor/pkg/psp/format_2025/execution.go:432.32,440.43 6 5
github.com/provide-io/flavor/go/flavor/pkg/psp/format_2025/execution.go:440.43,441.72 1 2
github.com/provide-io/flavor/go/flavor/pkg/psp/format_2025/execution.go:441.72,446.77 4 2
github.com/provide-io/flavor/go/flavor/pkg/psp/format_2025/execution.go:446.77,449.8 2 1
github.com/provide-io/flavor/go/flavor/pkg/psp/format_2025/execution.go:451.7,452.21 2 1
github.com/provide-io/flavor/go/flavor/pkg/psp/format_2025/execution.go:452.21,454.8 1 0
github.com/provide-io/flavor/go/flavor/pkg/psp/format_2025/execution.go:456.7,457.45 2 1
github.com/provide-io/flavor/go/flavor/pkg/psp/format_2025/execution.go:457.45,460.8 2 1
github.com/provide-io/flavor/go/flavor/pkg/psp/format_2025/execution.go:460.13,462.8 1 0
github.com/provide-io/flavor/go/flavor/pkg/psp/format_2025/execution.go:464.11,464.39 1 3
github.com/provide-io/flavor/go/flavor/pkg/psp/format_2025/execution.go:464.39,469.76 4 2
github.com/provide-io/flavor/go/flavor/pkg/psp/format_2025/execution.go:469.76,472.7 2 1
github.com/provide-io/flavor/go/flavor/pkg/psp/format_2025/execution.go:473.6,481.52 7 1
github.com/provide-io/flavor/go/flavor/pkg/psp/format_2025/execution.go:481.52,483.7 1 1
github.com/provide-io/flavor/go/flavor/pkg/psp/format_2025/execution.go:485.6,485.75 1 1
github.com/provide-io/flavor/go/flavor/pkg/psp/format_2025/execution.go:485.75,488.7 2 0
github.com/provide-io/flavor/go/flavor/pkg/psp/format_2025/execution.go:490.6,490.14 1 1
github.com/provide-io/flavor/go/flavor/pkg/psp/format_2025/execution.go:491.11,493.6 1 1
github.com/provide-io/flavor/go/flavor/pkg/psp/format_2025/execution.go:494.12,496.13 2 2
github.com/provide-io/flavor/go/flavor/pkg/psp/format_2025/execution.go:499.4,499.22 1 5
github.com/provide-io/flavor/go/flavor/pkg/psp/format_2025/execution.go:499.22,500.26 1 4
github.com/provide-io/flavor/go/flavor/pkg/psp/format_2025/execution.go:500.26,504.6 3 3
github.com/provide-io/flavor/go/flavor/pkg/psp/format_2025/execution.go:506.5,507.25 2 4
github.com/provide-io/flavor/go/flavor/pkg/psp/format_2025/execution.go:507.25,511.6 2 1
github.com/provide-io/flavor/go/flavor/pkg/psp/format_2025/execution.go:511.11,514.20 2 3
github.com/provide-io/flavor/go/flavor/pkg/psp/format_2025/execution.go:514.20,517.7 2 1
github.com/provide-io/flavor/go/flavor/pkg/psp/format_2025/execution.go:518.6,518.25 1 2
github.com/provide-io/flavor/go/flavor/pkg/psp/format_2025/execution.go:518.25,519.15 1 0
github.com/provide-io/flavor/go/flavor/pkg/psp/format_2025/execution.go:522.6,523.58 2 2
github.com/provide-io/flavor/go/flavor/pkg/psp/format_2025/execution.go:526.5,531.39 4 3
github.com/provide-io/flavor/go/flavor/pkg/psp/format_2025/execution.go:531.39,532.41 1 156
github.com/provide-io/flavor/go/flavor/pkg/psp/format_2025/execution.go:532.41,534.36 2 3
github.com/provide-io/flavor/go/flavor/pkg/psp/format_2025/execution.go:534.36,536.8 1 0
github.com/provide-io/flavor/go/flavor/pkg/psp/format_2025/execution.go:537.7,538.12 2 3
github.com/provide-io/flavor/go/flavor/pkg/psp/format_2025/execution.go:542.5,543.62 2 3
github.com/provide-io/flavor/go/flavor/pkg/psp/format_2025/execution.go:543.62,546.6 2 1
github.com/provide-io/flavor/go/flavor/pkg/psp/format_2025/execution.go:551.3,552.65 2 2
github.com/provide-io/flavor/go/flavor/pkg/psp/format_2025/execution.go:555.2,555.31 1 18
github.com/provide-io/flavor/go/flavor/pkg/psp/format_2025/execution.go:555.31,558.3 2 1
github.com/provide-io/flavor/go/flavor/pkg/psp/format_2025/execution.go:560.2,561.35 2 17
github.com/provide-io/flavor/go/flavor/pkg/psp/format_2025/execution.go:561.35,565.3 2 16
github.com/provide-io/flavor/go/flavor/pkg/psp/format_2025/execution.go:566.2,570.41 4 17
github.com/provide-io/flavor/go/flavor/pkg/psp/format_2025/execution.go:570.41,571.44 1 1
github.com/provide-io/flavor/go/flavor/pkg/psp/format_2025/execution.go:571.44,573.46 2 1
github.com/provide-io/flavor/go/flavor/pkg/psp/format_2025/execution.go:573.46,576.5 2 0
github.com/provide-io/flavor/go/flavor/pkg/psp/format_2025/execution.go:581.2,582.16 2 17
github.com/provide-io/flavor/go/flavor/pkg/psp/format_2025/execution.go:582.16,585.3 2 1
github.com/provide-io/flavor/go/flavor/pkg/psp/format_2025/execution.go:586.2,586.21 1 16
github.com/provide-io/flavor/go/flavor/pkg/psp/format_2025/execution.go:586.21,589.3 2 1
github.com/provide-io/flavor/go/flavor/pkg/psp/format_2025/execution.go:591.2,592.19 2 15
github.com/provide-io/flavor/go/flavor/pkg/psp/format_2025/execution.go:592.19,594.3 1 5
github.com/provide-io/flavor/go/flavor/pkg/psp/format_2025/execution.go:597.2,627.30 16 15
github.com/provide-io/flavor/go/flavor/pkg/psp/format_2025/execution.go:627.30,628.38 1 780
github.com/provide-io/flavor/go/flavor/pkg/psp/format_2025/execution.go:628.38,630.33 2 15
github.com/provide-io/flavor/go/flavor/pkg/psp/format_2025/execution.go:630.33,632.5 1 0
github.com/provide-io/flavor/go/flavor/pkg/psp/format_2025/execution.go:633.4,635.9 3 15
github.com/provide-io/flavor/go/flavor/pkg/psp/format_2025/execution.go:638.2,638.16 1 15
github.com/provide-io/flavor/go/flavor/pkg/psp/format_2025/execution.go:638.16,640.32 2 0
github.com/provide-io/flavor/go/flavor/pkg/psp/format_2025/execution.go:640.32,642.4 1 0
github.com/provide-io/flavor/go/flavor/pkg/psp/format_2025/execution.go:643.3,643.87 1 0
github.com/provide-io/flavor/go/flavor/pkg/psp/format_2025/execution.go:647.2,647.60 1 15
github.com/provide-io/flavor/go/flavor/pkg/psp/format_2025/execution.go:647.60,650.3 2 1
github.com/provide-io/flavor/go/flavor/pkg/psp/format_2025/execution.go:653.2,653.43 1 15
github.com/provide-io/flavor/go/flavor/pkg/psp/format_2025/execution.go:653.43,655.52 2 2
github.com/provide-io/flavor/go/flavor/pkg/psp/format_2025/execution.go:655.52,656.37 1 2
github.com/provide-io/flavor/go/flavor/pkg/psp/format_2025/execution.go:656.37,659.5 2 3
github.com/provide-io/flavor/go/flavor/pkg/psp/format_2025/execution.go:660.4,661.67 2 2
github.com/provide-io/flavor/go/flavor/pkg/psp/format_2025/execution.go:665.2,678.17 10 15
github.com/provide-io/flavor/go/flavor/pkg/psp/format_2025/execution_cache.go:13.89,16.38 2 23
github.com/provide-io/flavor/go/flavor/pkg/psp/format_2025/execution_cache.go:16.38,18.3 1 22
github.com/provide-io/flavor/go/flavor/pkg/psp/format_2025/execution_cache.go:21.2,23.16 3 23
github.com/provide-io/flavor/go/flavor/pkg/psp/format_2025/execution_cache.go:23.16,26.3 2 1
github.com/provide-io/flavor/go/flavor/pkg/psp/format_2025/execution_cache.go:29.2,34.33 4 22
github.com/provide-io/flavor/go/flavor/pkg/psp/format_2025/execution_cache.go:34.33,39.3 2 1
github.com/provide-io/flavor/go/flavor/pkg/psp/format_2025/execution_cache.go:41.2,42.12 2 21
github.com/provide-io/flavor/go/flavor/pkg/psp/format_2025/execution_cache.go:46.110,51.16 3 15
github.com/provide-io/flavor/go/flavor/pkg/psp/format_2025/execution_cache.go:51.16,52.25 1 1
github.com/provide-io/flavor/go/flavor/pkg/psp/format_2025/execution_cache.go:52.25,54.4 1 1
github.com/provide-io/flavor/go/flavor/pkg/psp/format_2025/execution_cache.go:54.9,56.4 1 0
github.com/provide-io/flavor/go/flavor/pkg/psp/format_2025/execution_cache.go:57.3,57.20 1 1
github.com/provide-io/flavor/go/flavor/pkg/psp/format_2025/execution_cache.go:60.2,63.42 3 14
github.com/provide-io/flavor/go/flavor/pkg/psp/format_2025/execution_cache.go:63.42,66.3 2 8
github.com/provide-io/flavor/go/flavor/pkg/psp/format_2025/execution_cache.go:69.2,70.25 2 6
github.com/provide-io/flavor/go/flavor/pkg/psp/format_2025/execution_cache.go:71.41,75.20 4 2
github.com/provide-io/flavor/go/flavor/pkg/psp/format_2025/execution_cache.go:76.25,80.20 4 1
github.com/provide-io/flavor/go/flavor/pkg/psp/format_2025/execution_cache.go:81.26,86.20 5 1
github.com/provide-io/flavor/go/flavor/pkg/psp/format_2025/execution_cache.go:87.10,91.115 4 2
github.com/provide-io/flavor/go/flavor/pkg/psp/format_2025/execution_cache.go:96.91,98.72 2 22
github.com/provide-io/flavor/go/flavor/pkg/psp/format_2025/execution_cache.go:98.72,100.3 1 1
github.com/provide-io/flavor/go/flavor/pkg/psp/format_2025/execution_cache.go:102.2,107.16 4 21
github.com/provide-io/flavor/go/flavor/pkg/psp/format_2025/execution_cache.go:107.16,110.3 2 0
github.com/provide-io/flavor/go/flavor/pkg/psp/format_2025/execution_cache.go:111.2,113.57 2 21
github.com/provide-io/flavor/go/flavor/pkg/psp/format_2025/execution_cache.go:113.57,116.3 2 0
github.com/provide-io/flavor/go/flavor/pkg/psp/format_2025/execution_cache.go:119.2,119.36 1 21
github.com/provide-io/flavor/go/flavor/pkg/psp/format_2025/execution_cache.go:119.36,122.3 2 0
github.com/provide-io/flavor/go/flavor/pkg/psp/format_2025/execution_cache.go:124.2,125.12 2 21
github.com/provide-io/flavor/go/flavor/pkg/psp/format_2025/execution_cache.go:148.90,150.72 2 27
github.com/provide-io/flavor/go/flavor/pkg/psp/format_2025/execution_cache.go:150.72,152.3 1 0
github.com/provide-io/flavor/go/flavor/pkg/psp/format_2025/execution_cache.go:155.2,175.16 4 27
github.com/provide-io/flavor/go/flavor/pkg/psp/format_2025/execution_cache.go:175.16,177.3 1 0
github.com/provide-io/flavor/go/flavor/pkg/psp/format_2025/execution_cache.go:179.2,179.64 1 27
github.com/provide-io/flavor/go/flavor/pkg/psp/format_2025/execution_cache.go:179.64,182.3 2 1
github.com/provide-io/flavor/go/flavor/pkg/psp/format_2025/execution_cache.go:184.2,185.12 2 26
github.com/provide-io/flavor/go/flavor/pkg/psp/format_2025/execution_cache.go:189.121,192.49 2 12
github.com/provide-io/flavor/go/flavor/pkg/psp/format_2025/execution_cache.go:192.49,195.3 2 1
github.com/provide-io/flavor/go/flavor/pkg/psp/format_2025/execution_cache.go:198.2,200.16 3 11
github.com/provide-io/flavor/go/flavor/pkg/psp/format_2025/execution_cache.go:200.16,203.3 2 1
github.com/provide-io/flavor/go/flavor/pkg/psp/format_2025/execution_cache.go:204.2,204.23 1 10
github.com/provide-io/flavor/go/flavor/pkg/psp/format_2025/execution_cache.go:204.23,207.3 2 4
github.com/provide-io/flavor/go/flavor/pkg/psp/format_2025/execution_cache.go:210.2,210.68 1 6
github.com/provide-io/flavor/go/flavor/pkg/psp/format_2025/execution_env.go:17.78,19.27 1 17
github.com/provide-io/flavor/go/flavor/pkg/psp/format_2025/execution_env.go:19.27,22.3 2 1
github.com/provide-io/flavor/go/flavor/pkg/psp/format_2025/execution_env.go:25.2,28.12 4 16
github.com/provide-io/flavor/go/flavor/pkg/psp/format_2025/execution_env.go:32.65,34.24 2 4
github.com/provide-io/flavor/go/flavor/pkg/psp/format_2025/execution_env.go:34.24,35.35 1 7
github.com/provide-io/flavor/go/flavor/pkg/psp/format_2025/execution_env.go:35.35,37.4 1 3
github.com/provide-io/flavor/go/flavor/pkg/psp/format_2025/execution_env.go:39.2,39.19 1 1
github.com/provide-io/flavor/go/flavor/pkg/psp/format_2025/execution_env.go:43.44,45.24 2 20
github.com/provide-io/flavor/go/flavor/pkg/psp/format_2025/execution_env.go:45.24,46.35 1 860
github.com/provide-io/flavor/go/flavor/pkg/psp/format_2025/execution_env.go:46.35,48.4 1 3
github.com/provide-io/flavor/go/flavor/pkg/psp/format_2025/execution_env.go:50.2,50.14 1 17
github.com/provide-io/flavor/go/flavor/pkg/psp/format_2025/execution_env.go:54.61,55.23 1 16
github.com/provide-io/flavor/go/flavor/pkg/psp/format_2025/execution_env.go:55.23,57.3 1 11
github.com/provide-io/flavor/go/flavor/pkg/psp/format_2025/execution_env.go:59.2,60.24 2 5
github.com/provide-io/flavor/go/flavor/pkg/psp/format_2025/execution_env.go:60.24,62.22 2 250
github.com/provide-io/flavor/go/flavor/pkg/psp/format_2025/execution_env.go:62.22,64.32 2 250
github.com/provide-io/flavor/go/flavor/pkg/psp/format_2025/execution_env.go:64.32,66.5 1 9
github.com/provide-io/flavor/go/flavor/pkg/psp/format_2025/execution_env.go:67.4,67.58 1 250
github.com/provide-io/flavor/go/flavor/pkg/psp/format_2025/execution_env.go:73.38,83.2 2 252
github.com/provide-io/flavor/go/flavor/pkg/psp/format_2025/execution_helpers.go:12.66,14.16 2 2
github.com/provide-io/flavor/go/flavor/pkg/psp/format_2025/execution_helpers.go:14.16,16.3 1 1
github.com/provide-io/flavor/go/flavor/pkg/psp/format_2025/execution_helpers.go:17.2,17.16 1 1
github.com/provide-io/flavor/go/flavor/pkg/psp/format_2025/execution_helpers.go:20.65,21.55 1 7
github.com/provide-io/flavor/go/flavor/pkg/psp/format_2025/execution_helpers.go:21.55,23.3 1 2
github.com/provide-io/flavor/go/flavor/pkg/psp/format_2025/execution_helpers.go:24.2,24.57 1 5
github.com/provide-io/flavor/go/flavor/pkg/psp/format_2025/execution_helpers.go:24.57,26.3 1 2
github.com/provide-io/flavor/go/flavor/pkg/psp/format_2025/execution_helpers.go:27.2,28.16 2 3
github.com/provide-io/flavor/go/flavor/pkg/psp/format_2025/execution_helpers.go:28.16,30.3 1 0
github.com/provide-io/flavor/go/flavor/pkg/psp/format_2025/execution_helpers.go:31.2,31.31 1 3
github.com/provide-io/flavor/go/flavor/pkg/psp/format_2025/execution_helpers.go:34.71,39.16 5 2
github.com/provide-io/flavor/go/flavor/pkg/psp/format_2025/execution_helpers.go:39.16,41.3 1 0
github.com/provide-io/flavor/go/flavor/pkg/psp/format_2025/execution_helpers.go:42.2,42.16 1 2
github.com/provide-io/flavor/go/flavor/pkg/psp/format_2025/execution_helpers.go:42.16,44.3 1 0
github.com/provide-io/flavor/go/flavor/pkg/psp/format_2025/execution_helpers.go:45.2,45.74 1 2
github.com/provide-io/flavor/go/flavor/pkg/psp/format_2025/execution_helpers.go:45.74,47.3 1 1
github.com/provide-io/flavor/go/flavor/pkg/psp/format_2025/execution_helpers.go:48.2,48.25 1 1
github.com/provide-io/flavor/go/flavor/pkg/psp/format_2025/execution_helpers.go:51.71,54.32 3 3
github.com/provide-io/flavor/go/flavor/pkg/psp/format_2025/execution_helpers.go:54.32,56.3 1 2
github.com/provide-io/flavor/go/flavor/pkg/psp/format_2025/execution_helpers.go:57.2,59.16 3 3
github.com/provide-io/flavor/go/flavor/pkg/psp/format_2025/execution_helpers.go:59.16,61.3 1 0
github.com/provide-io/flavor/go/flavor/pkg/psp/format_2025/execution_helpers.go:62.2,62.91 1 3
github.com/provide-io/flavor/go/flavor/pkg/psp/format_2025/execution_helpers.go:62.91,64.3 1 2
github.com/provide-io/flavor/go/flavor/pkg/psp/format_2025/execution_helpers.go:65.2,65.82 1 1
github.com/provide-io/flavor/go/flavor/pkg/psp/format_2025/execution_policy.go:46.51,54.29 3 29
github.com/provide-io/flavor/go/flavor/pkg/psp/format_2025/execution_policy.go:54.29,55.17 1 58
github.com/provide-io/flavor/go/flavor/pkg/psp/format_2025/execution_policy.go:55.17,56.12 1 0
github.com/provide-io/flavor/go/flavor/pkg/psp/format_2025/execution_policy.go:58.3,59.25 2 58
github.com/provide-io/flavor/go/flavor/pkg/psp/format_2025/execution_policy.go:59.25,60.12 1 56
github.com/provide-io/flavor/go/flavor/pkg/psp/format_2025/execution_policy.go:62.3,62.17 1 2
github.com/provide-io/flavor/go/flavor/pkg/psp/format_2025/execution_policy.go:62.17,64.4 1 1
github.com/provide-io/flavor/go/flavor/pkg/psp/format_2025/execution_policy.go:65.3,65.34 1 1
github.com/provide-io/flavor/go/flavor/pkg/psp/format_2025/execution_policy.go:67.2,67.20 1 28
github.com/provide-io/flavor/go/flavor/pkg/psp/format_2025/execution_policy.go:70.35,71.31 1 29
github.com/provide-io/flavor/go/flavor/pkg/psp/format_2025/execution_policy.go:71.31,72.47 1 0
github.com/provide-io/flavor/go/flavor/pkg/psp/format_2025/execution_policy.go:72.47,74.4 1 0
github.com/provide-io/flavor/go/flavor/pkg/psp/format_2025/execution_policy.go:75.3,75.67 1 0
github.com/provide-io/flavor/go/flavor/pkg/psp/format_2025/execution_policy.go:77.2,77.34 1 29
github.com/provide-io/flavor/go/flavor/pkg/psp/format_2025/execution_policy.go:80.33,81.59 1 32
github.com/provide-io/flavor/go/flavor/pkg/psp/format_2025/execution_policy.go:81.59,83.3 1 3
github.com/provide-io/flavor/go/flavor/pkg/psp/format_2025/execution_policy.go:84.2,84.64 1 29
github.com/provide-io/flavor/go/flavor/pkg/psp/format_2025/execution_policy.go:84.64,86.3 1 1
github.com/provide-io/flavor/go/flavor/pkg/psp/format_2025/execution_policy.go:87.2,87.43 1 28
github.com/provide-io/flavor/go/flavor/pkg/psp/format_2025/execution_policy.go:87.43,89.3 1 27
github.com/provide-io/flavor/go/flavor/pkg/psp/format_2025/execution_policy.go:90.2,90.11 1 1
github.com/provide-io/flavor/go/flavor/pkg/psp/format_2025/execution_policy.go:95.60,97.60 2 7
github.com/provide-io/flavor/go/flavor/pkg/psp/format_2025/execution_policy.go:97.60,99.49 2 30
github.com/provide-io/flavor/go/flavor/pkg/psp/format_2025/execution_policy.go:99.49,100.12 1 9
github.com/provide-io/flavor/go/flavor/pkg/psp/format_2025/execution_policy.go:102.3,102.67 1 21
github.com/provide-io/flavor/go/flavor/pkg/psp/format_2025/execution_policy.go:102.67,104.12 2 10
github.com/provide-io/flavor/go/flavor/pkg/psp/format_2025/execution_policy.go:106.3,107.22 2 11
github.com/provide-io/flavor/go/flavor/pkg/psp/format_2025/execution_policy.go:107.22,108.12 1 0
github.com/provide-io/flavor/go/flavor/pkg/psp/format_2025/execution_policy.go:110.3,113.48 3 11
github.com/provide-io/flavor/go/flavor/pkg/psp/format_2025/execution_policy.go:113.48,115.4 1 1
github.com/provide-io/flavor/go/flavor/pkg/psp/format_2025/execution_policy.go:117.3,117.30 1 11
github.com/provide-io/flavor/go/flavor/pkg/psp/format_2025/execution_policy.go:118.36,119.44 1 2
github.com/provide-io/flavor/go/flavor/pkg/psp/format_2025/execution_policy.go:120.32,121.40 1 1
github.com/provide-io/flavor/go/flavor/pkg/psp/format_2025/execution_policy.go:122.32,123.37 1 2
github.com/provide-io/flavor/go/flavor/pkg/psp/format_2025/execution_policy.go:124.33,126.55 2 2
github.com/provide-io/flavor/go/flavor/pkg/psp/format_2025/execution_policy.go:126.55,128.5 1 1
github.com/provide-io/flavor/go/flavor/pkg/psp/format_2025/execution_policy.go:129.36,131.52 1 2
github.com/provide-io/flavor/go/flavor/pkg/psp/format_2025/execution_policy.go:132.35,133.38 1 2
github.com/provide-io/flavor/go/flavor/pkg/psp/format_2025/execution_policy.go:139.47,141.66 2 3
github.com/provide-io/flavor/go/flavor/pkg/psp/format_2025/execution_policy.go:141.66,143.3 1 1
github.com/provide-io/flavor/go/flavor/pkg/psp/format_2025/execution_policy.go:144.2,146.49 3 2
github.com/provide-io/flavor/go/flavor/pkg/psp/format_2025/execution_policy.go:146.49,149.17 3 4
github.com/provide-io/flavor/go/flavor/pkg/psp/format_2025/execution_policy.go:149.17,151.4 1 4
github.com/provide-io/flavor/go/flavor/pkg/psp/format_2025/execution_policy.go:153.2,153.15 1 2
github.com/provide-io/flavor/go/flavor/pkg/psp/format_2025/execution_policy.go:157.72,161.58 2 32
github.com/provide-io/flavor/go/flavor/pkg/psp/format_2025/execution_policy.go:161.58,163.39 2 2
github.com/provide-io/flavor/go/flavor/pkg/psp/format_2025/execution_policy.go:163.39,165.4 1 3
github.com/provide-io/flavor/go/flavor/pkg/psp/format_2025/execution_policy.go:166.3,166.35 1 2
github.com/provide-io/flavor/go/flavor/pkg/psp/format_2025/execution_policy.go:166.35,167.16 1 3
github.com/provide-io/flavor/go/flavor/pkg/psp/format_2025/execution_policy.go:167.16,169.5 1 1
github.com/provide-io/flavor/go/flavor/pkg/psp/format_2025/execution_policy.go:171.8,171.39 1 30
github.com/provide-io/flavor/go/flavor/pkg/psp/format_2025/execution_policy.go:171.39,173.3 1 1
github.com/provide-io/flavor/go/flavor/pkg/psp/format_2025/execution_policy.go:173.8,175.3 1 29
github.com/provide-io/flavor/go/flavor/pkg/psp/format_2025/execution_policy.go:178.2,181.51 2 32
github.com/provide-io/flavor/go/flavor/pkg/psp/format_2025/execution_policy.go:181.51,182.39 1 2
github.com/provide-io/flavor/go/flavor/pkg/psp/format_2025/execution_policy.go:182.39,184.4 1 1
github.com/provide-io/flavor/go/flavor/pkg/psp/format_2025/execution_policy.go:184.9,186.4 1 1
github.com/provide-io/flavor/go/flavor/pkg/psp/format_2025/execution_policy.go:187.8,187.34 1 30
github.com/provide-io/flavor/go/flavor/pkg/psp/format_2025/execution_policy.go:187.34,189.3 1 0
github.com/provide-io/flavor/go/flavor/pkg/psp/format_2025/execution_policy.go:189.8,191.3 1 30
github.com/provide-io/flavor/go/flavor/pkg/psp/format_2025/execution_policy.go:193.2,197.18 4 32
github.com/provide-io/flavor/go/flavor/pkg/psp/format_2025/execution_policy.go:203.103,207.31 2 36
github.com/provide-io/flavor/go/flavor/pkg/psp/format_2025/execution_policy.go:207.31,209.38 2 1
github.com/provide-io/flavor/go/flavor/pkg/psp/format_2025/execution_policy.go:209.38,210.28 1 1
github.com/provide-io/flavor/go/flavor/pkg/psp/format_2025/execution_policy.go:210.28,212.10 2 0
github.com/provide-io/flavor/go/flavor/pkg/psp/format_2025/execution_policy.go:215.3,215.13 1 1
github.com/provide-io/flavor/go/flavor/pkg/psp/format_2025/execution_policy.go:215.13,217.4 1 1
github.com/provide-io/flavor/go/flavor/pkg/psp/format_2025/execution_policy.go:221.2,221.45 1 35
github.com/provide-io/flavor/go/flavor/pkg/psp/format_2025/execution_policy.go:221.45,223.3 1 0
github.com/provide-io/flavor/go/flavor/pkg/psp/format_2025/execution_policy.go:226.2,226.52 1 35
github.com/provide-io/flavor/go/flavor/pkg/psp/format_2025/execution_policy.go:226.52,228.35 2 1
github.com/provide-io/flavor/go/flavor/pkg/psp/format_2025/execution_policy.go:228.35,230.4 1 1
github.com/provide-io/flavor/go/flavor/pkg/psp/format_2025/execution_policy.go:234.2,234.43 1 34
github.com/provide-io/flavor/go/flavor/pkg/psp/format_2025/execution_policy.go:234.43,235.30 1 3
github.com/provide-io/flavor/go/flavor/pkg/psp/format_2025/execution_policy.go:235.30,237.4 1 2
github.com/provide-io/flavor/go/flavor/pkg/psp/format_2025/execution_policy.go:241.2,241.36 1 32
github.com/provide-io/flavor/go/flavor/pkg/psp/format_2025/execution_policy.go:241.36,243.3 1 1
github.com/provide-io/flavor/go/flavor/pkg/psp/format_2025/execution_policy.go:246.2,246.45 1 31
github.com/provide-io/flavor/go/flavor/pkg/psp/format_2025/execution_policy.go:246.45,248.3 1 1
github.com/provide-io/flavor/go/flavor/pkg/psp/format_2025/execution_policy.go:250.2,250.12 1 30
github.com/provide-io/flavor/go/flavor/pkg/psp/format_2025/execution_policy.go:253.34,255.22 2 37
github.com/provide-io/flavor/go/flavor/pkg/psp/format_2025/execution_policy.go:256.16,257.20 1 37
github.com/provide-io/flavor/go/flavor/pkg/psp/format_2025/execution_policy.go:258.17,259.21 1 0
github.com/provide-io/flavor/go/flavor/pkg/psp/format_2025/execution_policy.go:261.2,262.31 2 37
github.com/provide-io/flavor/go/flavor/pkg/psp/format_2025/execution_policy.go:262.31,264.3 1 37
github.com/provide-io/flavor/go/flavor/pkg/psp/format_2025/execution_policy.go:265.2,265.28 1 37
github.com/provide-io/flavor/go/flavor/pkg/psp/format_2025/execution_policy.go:269.64,271.19 2 2
github.com/provide-io/flavor/go/flavor/pkg/psp/format_2025/execution_policy.go:271.19,273.3 1 1
github.com/provide-io/flavor/go/flavor/pkg/psp/format_2025/execution_policy.go:274.2,275.20 2 1
github.com/provide-io/flavor/go/flavor/pkg/psp/format_2025/execution_resolve.go:24.71,29.40 1 21
github.com/provide-io/flavor/go/flavor/pkg/psp/format_2025/execution_resolve.go:29.40,30.64 1 20
github.com/provide-io/flavor/go/flavor/pkg/psp/format_2025/execution_resolve.go:30.64,33.4 2 2
github.com/provide-io/flavor/go/flavor/pkg/psp/format_2025/execution_resolve.go:38.2,39.40 2 19
github.com/provide-io/flavor/go/flavor/pkg/psp/format_2025/execution_resolve.go:39.40,42.3 2 18
github.com/provide-io/flavor/go/flavor/pkg/psp/format_2025/execution_resolve.go:45.2,45.58 1 19
github.com/provide-io/flavor/go/flavor/pkg/psp/format_2025/execution_resolve.go:45.58,48.3 2 15
github.com/provide-io/flavor/go/flavor/pkg/psp/format_2025/execution_resolve.go:51.2,51.31 1 4
github.com/provide-io/flavor/go/flavor/pkg/psp/format_2025/execution_resolve.go:51.31,53.19 2 0
github.com/provide-io/flavor/go/flavor/pkg/psp/format_2025/execution_resolve.go:54.33,56.27 1 0
github.com/provide-io/flavor/go/flavor/pkg/psp/format_2025/execution_resolve.go:57.23,59.25 1 0
github.com/provide-io/flavor/go/flavor/pkg/psp/format_2025/execution_resolve.go:62.3,62.21 1 0
github.com/provide-io/flavor/go/flavor/pkg/psp/format_2025/execution_resolve.go:62.21,63.60 1 0
github.com/provide-io/flavor/go/flavor/pkg/psp/format_2025/execution_resolve.go:63.60,69.5 2 0
github.com/provide-io/flavor/go/flavor/pkg/psp/format_2025/execution_resolve.go:75.2,75.28 1 4
github.com/provide-io/flavor/go/flavor/pkg/psp/format_2025/execution_resolve.go:75.28,80.3 2 3
github.com/provide-io/flavor/go/flavor/pkg/psp/format_2025/execution_resolve.go:82.2,83.19 2 1
github.com/provide-io/flavor/go/flavor/pkg/psp/format_2025/execution_resolve.go:90.63,92.24 2 4
github.com/provide-io/flavor/go/flavor/pkg/psp/format_2025/execution_resolve.go:92.24,93.36 1 55
github.com/provide-io/flavor/go/flavor/pkg/psp/format_2025/execution_resolve.go:93.36,95.9 2 3
github.com/provide-io/flavor/go/flavor/pkg/psp/format_2025/execution_resolve.go:98.2,98.19 1 4
github.com/provide-io/flavor/go/flavor/pkg/psp/format_2025/execution_resolve.go:98.19,100.3 1 1
github.com/provide-io/flavor/go/flavor/pkg/psp/format_2025/execution_resolve.go:102.2,102.50 1 3
github.com/provide-io/flavor/go/flavor/pkg/psp/format_2025/execution_resolve.go:102.50,103.16 1 3
github.com/provide-io/flavor/go/flavor/pkg/psp/format_2025/execution_resolve.go:103.16,105.4 1 1
github.com/provide-io/flavor/go/flavor/pkg/psp/format_2025/execution_resolve.go:106.3,107.63 2 3
github.com/provide-io/flavor/go/flavor/pkg/psp/format_2025/execution_resolve.go:107.63,109.4 1 3
github.com/provide-io/flavor/go/flavor/pkg/psp/format_2025/execution_resolve.go:111.2,111.64 1 0
github.com/provide-io/flavor/go/flavor/pkg/psp/format_2025/execution_slots.go:22.27,28.75 4 30
github.com/provide-io/flavor/go/flavor/pkg/psp/format_2025/execution_slots.go:28.75,31.3 2 2
github.com/provide-io/flavor/go/flavor/pkg/psp/format_2025/execution_slots.go:32.2,38.38 3 28
github.com/provide-io/flavor/go/flavor/pkg/psp/format_2025/execution_slots.go:38.38,44.17 4 31
github.com/provide-io/flavor/go/flavor/pkg/psp/format_2025/execution_slots.go:44.17,48.4 3 2
github.com/provide-io/flavor/go/flavor/pkg/psp/format_2025/execution_slots.go:49.3,50.34 2 29
github.com/provide-io/flavor/go/flavor/pkg/psp/format_2025/execution_slots.go:55.2,56.79 2 26
github.com/provide-io/flavor/go/flavor/pkg/psp/format_2025/execution_slots.go:56.79,60.3 3 0
github.com/provide-io/flavor/go/flavor/pkg/psp/format_2025/execution_slots.go:61.2,63.16 3 26
github.com/provide-io/flavor/go/flavor/pkg/psp/format_2025/execution_slots.go:63.16,67.3 3 0
github.com/provide-io/flavor/go/flavor/pkg/psp/format_2025/execution_slots.go:68.2,68.71 1 26
github.com/provide-io/flavor/go/flavor/pkg/psp/format_2025/execution_slots.go:68.71,72.3 3 0
github.com/provide-io/flavor/go/flavor/pkg/psp/format_2025/execution_slots.go:73.2,80.16 4 26
github.com/provide-io/flavor/go/flavor/pkg/psp/format_2025/execution_slots.go:80.16,84.3 3 0
github.com/provide-io/flavor/go/flavor/pkg/psp/format_2025/execution_slots.go:88.2,88.48 1 26
github.com/provide-io/flavor/go/flavor/pkg/psp/format_2025/execution_slots.go:88.48,94.88 4 4
github.com/provide-io/flavor/go/flavor/pkg/psp/format_2025/execution_slots.go:94.89,96.4 0 0
github.com/provide-io/flavor/go/flavor/pkg/psp/format_2025/execution_slots.go:96.9,98.4 1 4
github.com/provide-io/flavor/go/flavor/pkg/psp/format_2025/execution_slots.go:99.3,99.88 1 4
github.com/provide-io/flavor/go/flavor/pkg/psp/format_2025/execution_slots.go:99.89,101.4 0 0
github.com/provide-io/flavor/go/flavor/pkg/psp/format_2025/execution_slots.go:101.9,103.4 1 4
github.com/provide-io/flavor/go/flavor/pkg/psp/format_2025/execution_slots.go:106.3,106.31 1 4
github.com/provide-io/flavor/go/flavor/pkg/psp/format_2025/execution_slots.go:106.31,108.4 1 0
github.com/provide-io/flavor/go/flavor/pkg/psp/format_2025/execution_slots.go:110.3,110.17 1 4
github.com/provide-io/flavor/go/flavor/pkg/psp/format_2025/execution_slots.go:110.17,112.4 1 0
github.com/provide-io/flavor/go/flavor/pkg/psp/format_2025/execution_slots.go:113.3,113.17 1 4
github.com/provide-io/flavor/go/flavor/pkg/psp/format_2025/execution_slots.go:113.17,115.4 1 0
github.com/provide-io/flavor/go/flavor/pkg/psp/format_2025/execution_slots.go:117.3,117.15 1 4
github.com/provide-io/flavor/go/flavor/pkg/psp/format_2025/execution_slots.go:120.2,120.32 1 26
github.com/provide-io/flavor/go/flavor/pkg/psp/format_2025/execution_slots.go:120.32,125.62 3 27
github.com/provide-io/flavor/go/flavor/pkg/psp/format_2025/execution_slots.go:125.62,129.18 3 0
github.com/provide-io/flavor/go/flavor/pkg/psp/format_2025/execution_slots.go:129.18,133.5 3 0
github.com/provide-io/flavor/go/flavor/pkg/psp/format_2025/execution_slots.go:136.4,136.42 1 0
github.com/provide-io/flavor/go/flavor/pkg/psp/format_2025/execution_slots.go:136.42,143.26 4 0
github.com/provide-io/flavor/go/flavor/pkg/psp/format_2025/execution_slots.go:143.26,145.61 1 0
github.com/provide-io/flavor/go/flavor/pkg/psp/format_2025/execution_slots.go:145.61,149.7 3 0
github.com/provide-io/flavor/go/flavor/pkg/psp/format_2025/execution_slots.go:150.6,150.30 1 0
github.com/provide-io/flavor/go/flavor/pkg/psp/format_2025/execution_slots.go:151.11,154.60 2 0
github.com/provide-io/flavor/go/flavor/pkg/psp/format_2025/execution_slots.go:154.60,157.60 2 0
github.com/provide-io/flavor/go/flavor/pkg/psp/format_2025/execution_slots.go:157.60,161.8 3 0
github.com/provide-io/flavor/go/flavor/pkg/psp/format_2025/execution_slots.go:162.7,162.28 1 0
github.com/provide-io/flavor/go/flavor/pkg/psp/format_2025/execution_slots.go:167.4,167.24 1 0
github.com/provide-io/flavor/go/flavor/pkg/psp/format_2025/execution_slots.go:168.9,168.67 1 27
github.com/provide-io/flavor/go/flavor/pkg/psp/format_2025/execution_slots.go:168.67,173.18 3 0
github.com/provide-io/flavor/go/flavor/pkg/psp/format_2025/execution_slots.go:173.18,177.5 3 0
github.com/provide-io/flavor/go/flavor/pkg/psp/format_2025/execution_slots.go:180.4,180.42 1 0
github.com/provide-io/flavor/go/flavor/pkg/psp/format_2025/execution_slots.go:180.42,187.26 4 0
github.com/provide-io/flavor/go/flavor/pkg/psp/format_2025/execution_slots.go:187.26,189.61 1 0
github.com/provide-io/flavor/go/flavor/pkg/psp/format_2025/execution_slots.go:189.61,193.7 3 0
github.com/provide-io/flavor/go/flavor/pkg/psp/format_2025/execution_slots.go:194.6,194.30 1 0
github.com/provide-io/flavor/go/flavor/pkg/psp/format_2025/execution_slots.go:195.11,198.60 2 0
github.com/provide-io/flavor/go/flavor/pkg/psp/format_2025/execution_slots.go:198.60,201.60 2 0
github.com/provide-io/flavor/go/flavor/pkg/psp/format_2025/execution_slots.go:201.60,205.8 3 0
github.com/provide-io/flavor/go/flavor/pkg/psp/format_2025/execution_slots.go:206.7,206.28 1 0
github.com/provide-io/flavor/go/flavor/pkg/psp/format_2025/execution_slots.go:211.4,211.24 1 0
github.com/provide-io/flavor/go/flavor/pkg/psp/format_2025/execution_slots.go:212.9,218.21 3 27
github.com/provide-io/flavor/go/flavor/pkg/psp/format_2025/execution_slots.go:218.21,220.52 1 9
github.com/provide-io/flavor/go/flavor/pkg/psp/format_2025/execution_slots.go:220.52,224.6 3 0
github.com/provide-io/flavor/go/flavor/pkg/psp/format_2025/execution_slots.go:225.5,225.25 1 9
github.com/provide-io/flavor/go/flavor/pkg/psp/format_2025/execution_slots.go:226.10,227.82 1 18
github.com/provide-io/flavor/go/flavor/pkg/psp/format_2025/execution_slots.go:227.82,231.6 3 0
github.com/provide-io/flavor/go/flavor/pkg/psp/format_2025/execution_slots.go:233.5,233.51 1 18
github.com/provide-io/flavor/go/flavor/pkg/psp/format_2025/execution_slots.go:233.51,236.51 2 1
github.com/provide-io/flavor/go/flavor/pkg/psp/format_2025/execution_slots.go:236.51,240.7 3 1
github.com/provide-io/flavor/go/flavor/pkg/psp/format_2025/execution_slots.go:241.6,241.23 1 0
github.com/provide-io/flavor/go/flavor/pkg/psp/format_2025/execution_slots.go:248.2,249.43 2 25
github.com/provide-io/flavor/go/flavor/pkg/psp/format_2025/execution_slots.go:249.43,251.81 2 4
github.com/provide-io/flavor/go/flavor/pkg/psp/format_2025/execution_slots.go:251.81,253.4 1 0
github.com/provide-io/flavor/go/flavor/pkg/psp/format_2025/execution_slots.go:257.2,257.53 1 25
github.com/provide-io/flavor/go/flavor/pkg/psp/format_2025/execution_slots.go:257.53,259.3 1 0
github.com/provide-io/flavor/go/flavor/pkg/psp/format_2025/execution_slots.go:262.2,262.64 1 25
github.com/provide-io/flavor/go/flavor/pkg/psp/format_2025/execution_slots.go:262.64,264.3 1 0
github.com/provide-io/flavor/go/flavor/pkg/psp/format_2025/execution_slots.go:267.2,267.62 1 25
github.com/provide-io/flavor/go/flavor/pkg/psp/format_2025/execution_slots.go:267.62,269.3 1 0
github.com/provide-io/flavor/go/flavor/pkg/psp/format_2025/execution_slots.go:271.2,271.23 1 25
github.com/provide-io/flavor/go/flavor/pkg/psp/format_2025/execution_utils.go:13.38,15.16 2 16
github.com/provide-io/flavor/go/flavor/pkg/psp/format_2025/execution_utils.go:15.16,17.3 1 1
github.com/provide-io/flavor/go/flavor/pkg/psp/format_2025/execution_utils.go:18.2,21.16 3 15
github.com/provide-io/flavor/go/flavor/pkg/psp/format_2025/execution_utils.go:21.16,23.3 1 2
github.com/provide-io/flavor/go/flavor/pkg/psp/format_2025/execution_utils.go:24.2,26.57 2 13
github.com/provide-io/flavor/go/flavor/pkg/psp/format_2025/execution_utils.go:26.57,28.3 1 0
github.com/provide-io/flavor/go/flavor/pkg/psp/format_2025/execution_utils.go:31.2,32.16 2 13
github.com/provide-io/flavor/go/flavor/pkg/psp/format_2025/execution_utils.go:32.16,34.3 1 0
github.com/provide-io/flavor/go/flavor/pkg/psp/format_2025/execution_utils.go:35.2,35.41 1 13
github.com/provide-io/flavor/go/flavor/pkg/psp/format_2025/execution_utils.go:39.40,41.16 2 14
github.com/provide-io/flavor/go/flavor/pkg/psp/format_2025/execution_utils.go:41.16,43.3 1 1
github.com/provide-io/flavor/go/flavor/pkg/psp/format_2025/execution_utils.go:45.2,45.60 1 13
github.com/provide-io/flavor/go/flavor/pkg/psp/format_2025/execution_utils.go:45.60,47.3 1 1
github.com/provide-io/flavor/go/flavor/pkg/psp/format_2025/execution_utils.go:49.2,50.16 2 12
github.com/provide-io/flavor/go/flavor/pkg/psp/format_2025/execution_utils.go:50.16,52.3 1 0
github.com/provide-io/flavor/go/flavor/pkg/psp/format_2025/execution_utils.go:54.2,54.32 1 12
github.com/provide-io/flavor/go/flavor/pkg/psp/format_2025/execution_utils.go:54.32,58.20 3 14
github.com/provide-io/flavor/go/flavor/pkg/psp/format_2025/execution_utils.go:58.20,59.55 1 2
github.com/provide-io/flavor/go/flavor/pkg/psp/format_2025/execution_utils.go:59.55,61.5 1 0
github.com/provide-io/flavor/go/flavor/pkg/psp/format_2025/execution_utils.go:62.9,63.53 1 12
github.com/provide-io/flavor/go/flavor/pkg/psp/format_2025/execution_utils.go:63.53,65.5 1 0
github.com/provide-io/flavor/go/flavor/pkg/psp/format_2025/execution_utils.go:68.2,68.12 1 12
github.com/provide-io/flavor/go/flavor/pkg/psp/format_2025/execution_utils.go:72.82,73.51 1 6
github.com/provide-io/flavor/go/flavor/pkg/psp/format_2025/execution_utils.go:73.51,75.3 1 1
github.com/provide-io/flavor/go/flavor/pkg/psp/format_2025/execution_utils.go:77.2,78.16 2 5
github.com/provide-io/flavor/go/flavor/pkg/psp/format_2025/execution_utils.go:78.16,80.3 1 0
github.com/provide-io/flavor/go/flavor/pkg/psp/format_2025/execution_utils.go:82.2,82.32 1 5
github.com/provide-io/flavor/go/flavor/pkg/psp/format_2025/execution_utils.go:82.32,83.20 1 6
github.com/provide-io/flavor/go/flavor/pkg/psp/format_2025/execution_utils.go:83.20,84.12 1 0
github.com/provide-io/flavor/go/flavor/pkg/psp/format_2025/execution_utils.go:87.3,91.17 3 6
github.com/provide-io/flavor/go/flavor/pkg/psp/format_2025/execution_utils.go:91.17,92.12 1 0
github.com/provide-io/flavor/go/flavor/pkg/psp/format_2025/execution_utils.go:95.3,96.46 2 6
github.com/provide-io/flavor/go/flavor/pkg/psp/format_2025/execution_utils.go:96.46,98.12 2 0
github.com/provide-io/flavor/go/flavor/pkg/psp/format_2025/execution_utils.go:100.3,102.29 2 6
github.com/provide-io/flavor/go/flavor/pkg/psp/format_2025/execution_utils.go:102.29,103.12 1 3
github.com/provide-io/flavor/go/flavor/pkg/psp/format_2025/execution_utils.go:107.3,108.17 2 3
github.com/provide-io/flavor/go/flavor/pkg/psp/format_2025/execution_utils.go:108.17,109.12 1 0
github.com/provide-io/flavor/go/flavor/pkg/psp/format_2025/execution_utils.go:113.3,114.21 2 3
github.com/provide-io/flavor/go/flavor/pkg/psp/format_2025/execution_utils.go:114.21,115.12 1 0
github.com/provide-io/flavor/go/flavor/pkg/psp/format_2025/execution_utils.go:118.3,119.45 2 3
github.com/provide-io/flavor/go/flavor/pkg/psp/format_2025/execution_utils.go:119.45,125.22 3 1
github.com/provide-io/flavor/go/flavor/pkg/psp/format_2025/execution_utils.go:125.22,127.5 1 1
github.com/provide-io/flavor/go/flavor/pkg/psp/format_2025/execution_utils.go:127.10,129.5 1 0
github.com/provide-io/flavor/go/flavor/pkg/psp/format_2025/execution_utils.go:132.4,132.92 1 1
github.com/provide-io/flavor/go/flavor/pkg/psp/format_2025/execution_utils.go:132.92,134.5 1 0
github.com/provide-io/flavor/go/flavor/pkg/psp/format_2025/execution_utils.go:134.10,136.5 1 1
github.com/provide-io/flavor/go/flavor/pkg/psp/format_2025/execution_utils.go:140.2,140.12 1 5
github.com/provide-io/flavor/go/flavor/pkg/psp/format_2025/execution_utils.go:144.114,145.38 1 3
github.com/provide-io/flavor/go/flavor/pkg/psp/format_2025/execution_utils.go:145.38,147.31 1 5
github.com/provide-io/flavor/go/flavor/pkg/psp/format_2025/execution_utils.go:147.31,149.49 2 1
github.com/provide-io/flavor/go/flavor/pkg/psp/format_2025/execution_utils.go:149.49,151.5 1 0
github.com/provide-io/flavor/go/flavor/pkg/psp/format_2025/execution_utils.go:151.10,153.5 1 1
github.com/provide-io/flavor/go/flavor/pkg/psp/format_2025/execution_utils.go:155.4,155.32 1 1
github.com/provide-io/flavor/go/flavor/pkg/psp/format_2025/index.go:73.37,127.2 43 89
github.com/provide-io/flavor/go/flavor/pkg/psp/format_2025/index.go:130.49,131.28 1 76
github.com/provide-io/flavor/go/flavor/pkg/psp/format_2025/index.go:131.28,133.3 1 0
github.com/provide-io/flavor/go/flavor/pkg/psp/format_2025/index.go:135.2,185.12 42 76
github.com/provide-io/flavor/go/flavor/pkg/psp/format_2025/launcher.go:23.90,28.23 3 18
github.com/provide-io/flavor/go/flavor/pkg/psp/format_2025/launcher.go:28.23,31.3 2 2
github.com/provide-io/flavor/go/flavor/pkg/psp/format_2025/launcher.go:31.8,31.71 1 16
github.com/provide-io/flavor/go/flavor/pkg/psp/format_2025/launcher.go:31.71,34.3 2 1
github.com/provide-io/flavor/go/flavor/pkg/psp/format_2025/launcher.go:34.8,34.63 1 15
github.com/provide-io/flavor/go/flavor/pkg/psp/format_2025/launcher.go:34.63,37.3 2 1
github.com/provide-io/flavor/go/flavor/pkg/psp/format_2025/launcher.go:37.8,40.3 2 14
github.com/provide-io/flavor/go/flavor/pkg/psp/format_2025/launcher.go:43.2,45.41 3 18
github.com/provide-io/flavor/go/flavor/pkg/psp/format_2025/launcher.go:45.41,48.21 3 1
github.com/provide-io/flavor/go/flavor/pkg/psp/format_2025/launcher.go:48.21,50.4 1 1
github.com/provide-io/flavor/go/flavor/pkg/psp/format_2025/launcher.go:50.9,52.4 1 0
github.com/provide-io/flavor/go/flavor/pkg/psp/format_2025/launcher.go:56.2,59.53 2 18
github.com/provide-io/flavor/go/flavor/pkg/psp/format_2025/launcher.go:59.53,60.95 1 4
github.com/provide-io/flavor/go/flavor/pkg/psp/format_2025/launcher.go:60.95,63.4 2 4
github.com/provide-io/flavor/go/flavor/pkg/psp/format_2025/launcher.go:67.2,67.17 1 18
github.com/provide-io/flavor/go/flavor/pkg/psp/format_2025/launcher.go:67.17,70.3 2 17
github.com/provide-io/flavor/go/flavor/pkg/psp/format_2025/launcher.go:72.2,78.28 1 18
github.com/provide-io/flavor/go/flavor/pkg/psp/format_2025/launcher.go:78.28,80.4 1 1500
github.com/provide-io/flavor/go/flavor/pkg/psp/format_2025/launcher.go:83.2,86.31 2 18
github.com/provide-io/flavor/go/flavor/pkg/psp/format_2025/launcher.go:86.31,90.3 3 12
github.com/provide-io/flavor/go/flavor/pkg/psp/format_2025/launcher.go:91.2,96.22 4 18
github.com/provide-io/flavor/go/flavor/pkg/psp/format_2025/launcher.go:96.22,97.31 1 16
github.com/provide-io/flavor/go/flavor/pkg/psp/format_2025/launcher.go:97.31,99.23 2 917
github.com/provide-io/flavor/go/flavor/pkg/psp/format_2025/launcher.go:99.23,101.5 1 917
github.com/provide-io/flavor/go/flavor/pkg/psp/format_2025/launcher.go:105.2,106.16 2 18
github.com/provide-io/flavor/go/flavor/pkg/psp/format_2025/launcher.go:106.16,109.3 2 0
github.com/provide-io/flavor/go/flavor/pkg/psp/format_2025/launcher.go:110.2,112.31 2 18
github.com/provide-io/flavor/go/flavor/pkg/psp/format_2025/launcher.go:112.31,114.20 2 12
github.com/provide-io/flavor/go/flavor/pkg/psp/format_2025/launcher.go:114.20,118.4 2 1
github.com/provide-io/flavor/go/flavor/pkg/psp/format_2025/launcher.go:120.3,120.18 1 11
github.com/provide-io/flavor/go/flavor/pkg/psp/format_2025/launcher.go:121.15,122.35 1 3
github.com/provide-io/flavor/go/flavor/pkg/psp/format_2025/launcher.go:123.17,124.33 1 0
github.com/provide-io/flavor/go/flavor/pkg/psp/format_2025/launcher.go:125.19,126.33 1 1
github.com/provide-io/flavor/go/flavor/pkg/psp/format_2025/launcher.go:127.18,128.21 1 3
github.com/provide-io/flavor/go/flavor/pkg/psp/format_2025/launcher.go:128.21,132.5 3 2
github.com/provide-io/flavor/go/flavor/pkg/psp/format_2025/launcher.go:133.4,133.50 1 1
github.com/provide-io/flavor/go/flavor/pkg/psp/format_2025/launcher.go:134.14,136.73 1 2
github.com/provide-io/flavor/go/flavor/pkg/psp/format_2025/launcher.go:136.73,139.5 2 0
github.com/provide-io/flavor/go/flavor/pkg/psp/format_2025/launcher.go:141.4,141.32 1 0
github.com/provide-io/flavor/go/flavor/pkg/psp/format_2025/launcher.go:142.25,159.78 17 0
github.com/provide-io/flavor/go/flavor/pkg/psp/format_2025/launcher.go:160.11,163.29 3 2
github.com/provide-io/flavor/go/flavor/pkg/psp/format_2025/launcher.go:165.3,165.9 1 4
github.com/provide-io/flavor/go/flavor/pkg/psp/format_2025/launcher.go:168.2,168.67 1 6
github.com/provide-io/flavor/go/flavor/pkg/psp/format_2025/launcher.go:168.67,172.76 3 5
github.com/provide-io/flavor/go/flavor/pkg/psp/format_2025/launcher.go:172.76,174.4 1 0
github.com/provide-io/flavor/go/flavor/pkg/psp/format_2025/launcher.go:174.9,174.85 1 5
github.com/provide-io/flavor/go/flavor/pkg/psp/format_2025/launcher.go:174.85,176.4 1 1
github.com/provide-io/flavor/go/flavor/pkg/psp/format_2025/launcher.go:176.9,176.81 1 4
github.com/provide-io/flavor/go/flavor/pkg/psp/format_2025/launcher.go:176.81,178.4 1 1
github.com/provide-io/flavor/go/flavor/pkg/psp/format_2025/launcher.go:179.3,179.31 1 3
github.com/provide-io/flavor/go/flavor/pkg/psp/format_2025/launcher.go:182.2,182.30 1 0
github.com/provide-io/flavor/go/flavor/pkg/psp/format_2025/launcher.go:186.44,188.2 1 3
github.com/provide-io/flavor/go/flavor/pkg/psp/format_2025/launcher.go:191.91,197.44 3 9
github.com/provide-io/flavor/go/flavor/pkg/psp/format_2025/launcher.go:197.44,200.3 2 0
github.com/provide-io/flavor/go/flavor/pkg/psp/format_2025/launcher.go:202.2,202.14 1 9
github.com/provide-io/flavor/go/flavor/pkg/psp/format_2025/launcher.go:202.14,205.3 2 4
github.com/provide-io/flavor/go/flavor/pkg/psp/format_2025/launcher.go:207.2,208.58 2 5
github.com/provide-io/flavor/go/flavor/pkg/psp/format_2025/launcher.go:212.98,217.16 4 7
github.com/provide-io/flavor/go/flavor/pkg/psp/format_2025/launcher.go:217.16,220.3 2 4
github.com/provide-io/flavor/go/flavor/pkg/psp/format_2025/launcher.go:223.2,231.29 3 3
github.com/provide-io/flavor/go/flavor/pkg/psp/format_2025/launcher.go:231.29,232.66 1 1
github.com/provide-io/flavor/go/flavor/pkg/psp/format_2025/launcher.go:232.66,236.4 2 1
github.com/provide-io/flavor/go/flavor/pkg/psp/format_2025/launcher.go:236.9,239.4 1 0
github.com/provide-io/flavor/go/flavor/pkg/psp/format_2025/launcher.go:242.2,243.20 2 3
github.com/provide-io/flavor/go/flavor/pkg/psp/format_2025/launcher.go:243.20,246.3 2 0
github.com/provide-io/flavor/go/flavor/pkg/psp/format_2025/launcher.go:247.2,251.17 3 3
github.com/provide-io/flavor/go/flavor/pkg/psp/format_2025/launcher.go:251.17,254.3 2 0
github.com/provide-io/flavor/go/flavor/pkg/psp/format_2025/launcher.go:255.2,265.16 6 3
github.com/provide-io/flavor/go/flavor/pkg/psp/format_2025/launcher.go:265.16,267.3 1 3
github.com/provide-io/flavor/go/flavor/pkg/psp/format_2025/launcher.go:270.2,271.71 2 0
github.com/provide-io/flavor/go/flavor/pkg/psp/format_2025/launcher_cli.go:15.58,18.16 2 8
github.com/provide-io/flavor/go/flavor/pkg/psp/format_2025/launcher_cli.go:18.16,21.3 2 0
github.com/provide-io/flavor/go/flavor/pkg/psp/format_2025/launcher_cli.go:22.2,22.20 1 8
github.com/provide-io/flavor/go/flavor/pkg/psp/format_2025/launcher_cli.go:22.20,24.3 1 0
github.com/provide-io/flavor/go/flavor/pkg/psp/format_2025/launcher_cli.go:26.2,27.16 2 8
github.com/provide-io/flavor/go/flavor/pkg/psp/format_2025/launcher_cli.go:27.16,30.3 2 0
github.com/provide-io/flavor/go/flavor/pkg/psp/format_2025/launcher_cli.go:31.2,31.15 1 8
github.com/provide-io/flavor/go/flavor/pkg/psp/format_2025/launcher_cli.go:31.15,32.40 1 7
github.com/provide-io/flavor/go/flavor/pkg/psp/format_2025/launcher_cli.go:32.40,34.4 1 0
github.com/provide-io/flavor/go/flavor/pkg/psp/format_2025/launcher_cli.go:37.2,38.16 2 8
github.com/provide-io/flavor/go/flavor/pkg/psp/format_2025/launcher_cli.go:38.16,41.3 2 2
github.com/provide-io/flavor/go/flavor/pkg/psp/format_2025/launcher_cli.go:43.2,44.16 2 6
github.com/provide-io/flavor/go/flavor/pkg/psp/format_2025/launcher_cli.go:44.16,47.3 2 0
github.com/provide-io/flavor/go/flavor/pkg/psp/format_2025/launcher_cli.go:49.2,55.38 5 6
github.com/provide-io/flavor/go/flavor/pkg/psp/format_2025/launcher_cli.go:55.38,57.57 2 2
github.com/provide-io/flavor/go/flavor/pkg/psp/format_2025/launcher_cli.go:57.57,59.4 1 1
github.com/provide-io/flavor/go/flavor/pkg/psp/format_2025/launcher_cli.go:62.2,63.25 2 6
github.com/provide-io/flavor/go/flavor/pkg/psp/format_2025/launcher_cli.go:63.25,65.29 2 1
github.com/provide-io/flavor/go/flavor/pkg/psp/format_2025/launcher_cli.go:65.29,67.4 1 1
github.com/provide-io/flavor/go/flavor/pkg/psp/format_2025/launcher_cli.go:68.3,68.40 1 1
github.com/provide-io/flavor/go/flavor/pkg/psp/format_2025/launcher_cli.go:71.2,73.16 3 6
github.com/provide-io/flavor/go/flavor/pkg/psp/format_2025/launcher_cli.go:73.16,75.3 1 0
github.com/provide-io/flavor/go/flavor/pkg/psp/format_2025/launcher_cli.go:77.2,93.69 5 6
github.com/provide-io/flavor/go/flavor/pkg/psp/format_2025/launcher_cli.go:97.75,99.16 2 5
github.com/provide-io/flavor/go/flavor/pkg/psp/format_2025/launcher_cli.go:99.16,102.3 2 1
github.com/provide-io/flavor/go/flavor/pkg/psp/format_2025/launcher_cli.go:105.2,106.16 2 4
github.com/provide-io/flavor/go/flavor/pkg/psp/format_2025/launcher_cli.go:106.16,109.3 2 0
github.com/provide-io/flavor/go/flavor/pkg/psp/format_2025/launcher_cli.go:110.2,110.20 1 4
github.com/provide-io/flavor/go/flavor/pkg/psp/format_2025/launcher_cli.go:110.20,112.3 1 0
github.com/provide-io/flavor/go/flavor/pkg/psp/format_2025/launcher_cli.go:114.2,115.16 2 4
github.com/provide-io/flavor/go/flavor/pkg/psp/format_2025/launcher_cli.go:115.16,118.3 2 0
github.com/provide-io/flavor/go/flavor/pkg/psp/format_2025/launcher_cli.go:119.2,119.15 1 4
github.com/provide-io/flavor/go/flavor/pkg/psp/format_2025/launcher_cli.go:119.15,120.40 1 2
github.com/provide-io/flavor/go/flavor/pkg/psp/format_2025/launcher_cli.go:120.40,122.4 1 0
github.com/provide-io/flavor/go/flavor/pkg/psp/format_2025/launcher_cli.go:125.2,126.16 2 4
github.com/provide-io/flavor/go/flavor/pkg/psp/format_2025/launcher_cli.go:126.16,129.3 2 0
github.com/provide-io/flavor/go/flavor/pkg/psp/format_2025/launcher_cli.go:131.2,131.55 1 4
github.com/provide-io/flavor/go/flavor/pkg/psp/format_2025/launcher_cli.go:131.55,134.3 2 3
github.com/provide-io/flavor/go/flavor/pkg/psp/format_2025/launcher_cli.go:136.2,138.16 3 1
github.com/provide-io/flavor/go/flavor/pkg/psp/format_2025/launcher_cli.go:138.16,141.3 2 0
github.com/provide-io/flavor/go/flavor/pkg/psp/format_2025/launcher_cli.go:143.2,143.78 1 1
github.com/provide-io/flavor/go/flavor/pkg/psp/format_2025/launcher_cli.go:147.48,148.97 1 19
github.com/provide-io/flavor/go/flavor/pkg/psp/format_2025/launcher_cli.go:148.97,150.3 1 2
github.com/provide-io/flavor/go/flavor/pkg/psp/format_2025/launcher_cli.go:151.2,151.95 1 17
github.com/provide-io/flavor/go/flavor/pkg/psp/format_2025/launcher_cli.go:151.95,153.3 1 1
github.com/provide-io/flavor/go/flavor/pkg/psp/format_2025/launcher_cli.go:154.2,154.95 1 16
github.com/provide-io/flavor/go/flavor/pkg/psp/format_2025/launcher_cli.go:154.95,156.3 1 2
github.com/provide-io/flavor/go/flavor/pkg/psp/format_2025/launcher_cli.go:157.2,157.99 1 14
github.com/provide-io/flavor/go/flavor/pkg/psp/format_2025/launcher_cli.go:157.99,159.3 1 1
github.com/provide-io/flavor/go/flavor/pkg/psp/format_2025/launcher_cli.go:161.2,162.16 2 13
github.com/provide-io/flavor/go/flavor/pkg/psp/format_2025/launcher_cli.go:162.16,164.3 1 1
github.com/provide-io/flavor/go/flavor/pkg/psp/format_2025/launcher_cli.go:166.2,167.18 2 12
github.com/provide-io/flavor/go/flavor/pkg/psp/format_2025/launcher_cli.go:167.18,169.3 1 1
github.com/provide-io/flavor/go/flavor/pkg/psp/format_2025/launcher_cli.go:170.2,173.94 3 12
github.com/provide-io/flavor/go/flavor/pkg/psp/format_2025/launcher_cli.go:173.94,175.3 1 1
github.com/provide-io/flavor/go/flavor/pkg/psp/format_2025/launcher_cli.go:177.2,177.85 1 11
github.com/provide-io/flavor/go/flavor/pkg/psp/format_2025/launcher_cli.go:177.85,179.3 1 1
github.com/provide-io/flavor/go/flavor/pkg/psp/format_2025/launcher_cli.go:181.2,181.112 1 10
github.com/provide-io/flavor/go/flavor/pkg/psp/format_2025/launcher_cli.go:181.112,183.3 1 1
github.com/provide-io/flavor/go/flavor/pkg/psp/format_2025/launcher_cli.go:185.2,185.108 1 9
github.com/provide-io/flavor/go/flavor/pkg/psp/format_2025/launcher_cli.go:185.108,187.3 1 1
github.com/provide-io/flavor/go/flavor/pkg/psp/format_2025/launcher_cli.go:189.2,189.18 1 8
github.com/provide-io/flavor/go/flavor/pkg/psp/format_2025/launcher_cli.go:193.56,196.16 2 4
github.com/provide-io/flavor/go/flavor/pkg/psp/format_2025/launcher_cli.go:196.16,199.3 2 0
github.com/provide-io/flavor/go/flavor/pkg/psp/format_2025/launcher_cli.go:200.2,200.20 1 4
github.com/provide-io/flavor/go/flavor/pkg/psp/format_2025/launcher_cli.go:200.20,202.3 1 0
github.com/provide-io/flavor/go/flavor/pkg/psp/format_2025/launcher_cli.go:204.2,205.16 2 4
github.com/provide-io/flavor/go/flavor/pkg/psp/format_2025/launcher_cli.go:205.16,208.3 2 0
github.com/provide-io/flavor/go/flavor/pkg/psp/format_2025/launcher_cli.go:209.2,209.15 1 4
github.com/provide-io/flavor/go/flavor/pkg/psp/format_2025/launcher_cli.go:209.15,210.40 1 3
github.com/provide-io/flavor/go/flavor/pkg/psp/format_2025/launcher_cli.go:210.40,212.4 1 0
github.com/provide-io/flavor/go/flavor/pkg/psp/format_2025/launcher_cli.go:215.2,216.16 2 4
github.com/provide-io/flavor/go/flavor/pkg/psp/format_2025/launcher_cli.go:216.16,219.3 2 2
github.com/provide-io/flavor/go/flavor/pkg/psp/format_2025/launcher_cli.go:222.2,224.49 3 2
github.com/provide-io/flavor/go/flavor/pkg/psp/format_2025/launcher_cli.go:224.49,227.3 2 0
github.com/provide-io/flavor/go/flavor/pkg/psp/format_2025/launcher_cli.go:231.56,234.16 2 4
github.com/provide-io/flavor/go/flavor/pkg/psp/format_2025/launcher_cli.go:234.16,237.3 2 0
github.com/provide-io/flavor/go/flavor/pkg/psp/format_2025/launcher_cli.go:238.2,238.20 1 4
github.com/provide-io/flavor/go/flavor/pkg/psp/format_2025/launcher_cli.go:238.20,240.3 1 0
github.com/provide-io/flavor/go/flavor/pkg/psp/format_2025/launcher_cli.go:242.2,243.16 2 4
github.com/provide-io/flavor/go/flavor/pkg/psp/format_2025/launcher_cli.go:243.16,246.3 2 0
github.com/provide-io/flavor/go/flavor/pkg/psp/format_2025/launcher_cli.go:247.2,247.15 1 4
github.com/provide-io/flavor/go/flavor/pkg/psp/format_2025/launcher_cli.go:247.15,248.40 1 3
github.com/provide-io/flavor/go/flavor/pkg/psp/format_2025/launcher_cli.go:248.40,250.4 1 0
github.com/provide-io/flavor/go/flavor/pkg/psp/format_2025/launcher_cli.go:253.2,258.16 4 4
github.com/provide-io/flavor/go/flavor/pkg/psp/format_2025/launcher_cli.go:258.16,260.3 1 3
github.com/provide-io/flavor/go/flavor/pkg/psp/format_2025/launcher_cli.go:260.8,262.3 1 1
github.com/provide-io/flavor/go/flavor/pkg/psp/format_2025/launcher_cli.go:264.2,265.16 2 4
github.com/provide-io/flavor/go/flavor/pkg/psp/format_2025/launcher_cli.go:265.16,267.3 1 3
github.com/provide-io/flavor/go/flavor/pkg/psp/format_2025/launcher_cli.go:267.8,269.3 1 1
github.com/provide-io/flavor/go/flavor/pkg/psp/format_2025/launcher_cli.go:271.2,272.16 2 4
github.com/provide-io/flavor/go/flavor/pkg/psp/format_2025/launcher_cli.go:272.16,274.3 1 3
github.com/provide-io/flavor/go/flavor/pkg/psp/format_2025/launcher_cli.go:274.8,277.39 2 1
github.com/provide-io/flavor/go/flavor/pkg/psp/format_2025/launcher_cli.go:277.39,279.18 2 1
github.com/provide-io/flavor/go/flavor/pkg/psp/format_2025/launcher_cli.go:279.18,281.5 1 0
github.com/provide-io/flavor/go/flavor/pkg/psp/format_2025/launcher_cli.go:281.10,283.5 1 1
github.com/provide-io/flavor/go/flavor/pkg/psp/format_2025/launcher_cli.go:287.2,287.22 1 4
github.com/provide-io/flavor/go/flavor/pkg/psp/format_2025/launcher_cli.go:287.22,289.3 1 1
github.com/provide-io/flavor/go/flavor/pkg/psp/format_2025/launcher_cli.go:289.8,291.30 2 3
github.com/provide-io/flavor/go/flavor/pkg/psp/format_2025/launcher_cli.go:291.30,293.4 1 9
github.com/provide-io/flavor/go/flavor/pkg/psp/format_2025/launcher_cli.go:294.3,294.14 1 3
github.com/provide-io/flavor/go/flavor/pkg/psp/format_2025/launcher_cli.go:299.51,300.56 1 8
github.com/provide-io/flavor/go/flavor/pkg/psp/format_2025/launcher_cli.go:300.56,302.3 1 7
github.com/provide-io/flavor/go/flavor/pkg/psp/format_2025/launcher_cli.go:303.2,303.33 1 1
github.com/provide-io/flavor/go/flavor/pkg/psp/format_2025/launcher_cli.go:307.92,310.16 2 5
github.com/provide-io/flavor/go/flavor/pkg/psp/format_2025/launcher_cli.go:310.16,312.3 1 0
github.com/provide-io/flavor/go/flavor/pkg/psp/format_2025/launcher_cli.go:315.2,322.36 5 5
github.com/provide-io/flavor/go/flavor/pkg/psp/format_2025/launcher_cli.go:322.36,324.3 1 1
github.com/provide-io/flavor/go/flavor/pkg/psp/format_2025/launcher_cli.go:329.2,329.35 1 4
github.com/provide-io/flavor/go/flavor/pkg/psp/format_2025/launcher_cli.go:329.35,330.47 1 1
github.com/provide-io/flavor/go/flavor/pkg/psp/format_2025/launcher_cli.go:330.47,338.4 5 1
github.com/provide-io/flavor/go/flavor/pkg/psp/format_2025/launcher_cli.go:340.3,341.47 2 0
github.com/provide-io/flavor/go/flavor/pkg/psp/format_2025/launcher_cli.go:345.2,351.69 5 3
github.com/provide-io/flavor/go/flavor/pkg/psp/format_2025/launcher_unix.go:7.30,7.31 0 18
github.com/provide-io/flavor/go/flavor/pkg/psp/format_2025/launcher_validation.go:35.43,37.48 1 41
github.com/provide-io/flavor/go/flavor/pkg/psp/format_2025/launcher_validation.go:37.48,38.31 1 39
github.com/provide-io/flavor/go/flavor/pkg/psp/format_2025/launcher_validation.go:39.17,40.27 1 5
github.com/provide-io/flavor/go/flavor/pkg/psp/format_2025/launcher_validation.go:41.19,42.29 1 2
github.com/provide-io/flavor/go/flavor/pkg/psp/format_2025/launcher_validation.go:43.18,44.28 1 3
github.com/provide-io/flavor/go/flavor/pkg/psp/format_2025/launcher_validation.go:45.18,46.28 1 2
github.com/provide-io/flavor/go/flavor/pkg/psp/format_2025/launcher_validation.go:47.15,48.25 1 26
github.com/provide-io/flavor/go/flavor/pkg/psp/format_2025/launcher_validation.go:53.2,53.49 1 3
github.com/provide-io/flavor/go/flavor/pkg/psp/format_2025/launcher_validation.go:54.16,55.26 1 3
github.com/provide-io/flavor/go/flavor/pkg/psp/format_2025/launcher_validation.go:56.18,57.28 1 0
github.com/provide-io/flavor/go/flavor/pkg/psp/format_2025/launcher_validation.go:58.17,59.27 1 0
github.com/provide-io/flavor/go/flavor/pkg/psp/format_2025/launcher_validation.go:60.17,61.27 1 0
github.com/provide-io/flavor/go/flavor/pkg/psp/format_2025/launcher_validation.go:62.14,63.24 1 0
github.com/provide-io/flavor/go/flavor/pkg/psp/format_2025/launcher_validation.go:64.10,65.28 1 0
github.com/provide-io/flavor/go/flavor/pkg/psp/format_2025/launcher_validation.go:70.33,72.15 2 45
github.com/provide-io/flavor/go/flavor/pkg/psp/format_2025/launcher_validation.go:72.15,74.3 1 13
github.com/provide-io/flavor/go/flavor/pkg/psp/format_2025/launcher_validation.go:76.2,77.43 2 32
github.com/provide-io/flavor/go/flavor/pkg/psp/format_2025/launcher_validation.go:77.43,79.3 1 2
github.com/provide-io/flavor/go/flavor/pkg/psp/format_2025/launcher_validation.go:81.2,82.29 2 30
github.com/provide-io/flavor/go/flavor/pkg/psp/format_2025/locking.go:25.77,28.71 2 23
github.com/provide-io/flavor/go/flavor/pkg/psp/format_2025/locking.go:28.71,30.3 1 0
github.com/provide-io/flavor/go/flavor/pkg/psp/format_2025/locking.go:32.2,36.45 3 23
github.com/provide-io/flavor/go/flavor/pkg/psp/format_2025/locking.go:36.45,40.53 2 2
github.com/provide-io/flavor/go/flavor/pkg/psp/format_2025/locking.go:40.53,42.57 2 2
github.com/provide-io/flavor/go/flavor/pkg/psp/format_2025/locking.go:42.57,43.34 1 2
github.com/provide-io/flavor/go/flavor/pkg/psp/format_2025/locking.go:43.34,46.6 2 1
github.com/provide-io/flavor/go/flavor/pkg/psp/format_2025/locking.go:46.11,49.6 2 1
github.com/provide-io/flavor/go/flavor/pkg/psp/format_2025/locking.go:50.10,54.5 2 0
github.com/provide-io/flavor/go/flavor/pkg/psp/format_2025/locking.go:55.9,59.4 2 0
github.com/provide-io/flavor/go/flavor/pkg/psp/format_2025/locking.go:63.2,64.16 2 22
github.com/provide-io/flavor/go/flavor/pkg/psp/format_2025/locking.go:64.16,65.22 1 0
github.com/provide-io/flavor/go/flavor/pkg/psp/format_2025/locking.go:65.22,68.4 2 0
github.com/provide-io/flavor/go/flavor/pkg/psp/format_2025/locking.go:69.3,69.20 1 0
github.com/provide-io/flavor/go/flavor/pkg/psp/format_2025/locking.go:71.2,74.58 2 22
github.com/provide-io/flavor/go/flavor/pkg/psp/format_2025/locking.go:74.58,77.3 2 0
github.com/provide-io/flavor/go/flavor/pkg/psp/format_2025/locking.go:79.2,81.18 3 22
github.com/provide-io/flavor/go/flavor/pkg/psp/format_2025/locking.go:85.60,87.44 2 22
github.com/provide-io/flavor/go/flavor/pkg/psp/format_2025/locking.go:87.44,89.3 1 0
github.com/provide-io/flavor/go/flavor/pkg/psp/format_2025/locking.go:89.8,91.3 1 22
github.com/provide-io/flavor/go/flavor/pkg/psp/format_2025/locking.go:92.2,92.37 1 22
github.com/provide-io/flavor/go/flavor/pkg/psp/format_2025/locking.go:96.89,100.53 3 2
github.com/provide-io/flavor/go/flavor/pkg/psp/format_2025/locking.go:100.53,101.54 1 2
github.com/provide-io/flavor/go/flavor/pkg/psp/format_2025/locking.go:101.54,106.4 3 1
github.com/provide-io/flavor/go/flavor/pkg/psp/format_2025/locking.go:108.3,108.22 1 1
github.com/provide-io/flavor/go/flavor/pkg/psp/format_2025/locking.go:108.22,111.4 1 1
github.com/provide-io/flavor/go/flavor/pkg/psp/format_2025/locking.go:113.3,113.37 1 1
github.com/provide-io/flavor/go/flavor/pkg/psp/format_2025/locking.go:116.2,116.71 1 1
github.com/provide-io/flavor/go/flavor/pkg/psp/format_2025/locking.go:120.77,122.71 2 26
github.com/provide-io/flavor/go/flavor/pkg/psp/format_2025/locking.go:122.71,124.3 1 0
github.com/provide-io/flavor/go/flavor/pkg/psp/format_2025/locking.go:125.2,127.16 3 26
github.com/provide-io/flavor/go/flavor/pkg/psp/format_2025/locking.go:127.16,129.3 1 0
github.com/provide-io/flavor/go/flavor/pkg/psp/format_2025/locking.go:130.2,132.66 2 26
github.com/provide-io/flavor/go/flavor/pkg/psp/format_2025/locking.go:132.66,134.3 1 0
github.com/provide-io/flavor/go/flavor/pkg/psp/format_2025/locking.go:135.2,136.12 2 26
github.com/provide-io/flavor/go/flavor/pkg/psp/format_2025/locking.go:140.53,143.2 2 5
github.com/provide-io/flavor/go/flavor/pkg/psp/format_2025/locking.go:146.73,148.71 2 1
github.com/provide-io/flavor/go/flavor/pkg/psp/format_2025/locking.go:148.71,150.3 1 0
github.com/provide-io/flavor/go/flavor/pkg/psp/format_2025/locking.go:152.2,153.56 2 1
github.com/provide-io/flavor/go/flavor/pkg/psp/format_2025/locking.go:157.28,159.2 1 2
github.com/provide-io/flavor/go/flavor/pkg/psp/format_2025/locking.go:162.78,166.51 2 1
github.com/provide-io/flavor/go/flavor/pkg/psp/format_2025/locking.go:166.51,168.3 1 0
github.com/provide-io/flavor/go/flavor/pkg/psp/format_2025/locking.go:171.2,172.16 2 1
github.com/provide-io/flavor/go/flavor/pkg/psp/format_2025/locking.go:172.16,174.3 1 0
github.com/provide-io/flavor/go/flavor/pkg/psp/format_2025/locking.go:176.2,176.32 1 1
github.com/provide-io/flavor/go/flavor/pkg/psp/format_2025/locking.go:176.32,177.20 1 1
github.com/provide-io/flavor/go/flavor/pkg/psp/format_2025/locking.go:177.20,179.58 1 1
github.com/provide-io/flavor/go/flavor/pkg/psp/format_2025/locking.go:179.58,181.31 1 1
github.com/provide-io/flavor/go/flavor/pkg/psp/format_2025/locking.go:181.31,184.51 3 1
github.com/provide-io/flavor/go/flavor/pkg/psp/format_2025/locking.go:184.51,186.7 1 0
github.com/provide-io/flavor/go/flavor/pkg/psp/format_2025/locking.go:192.2,192.12 1 1
github.com/provide-io/flavor/go/flavor/pkg/psp/format_2025/locking_unix.go:12.37,14.16 2 3
github.com/provide-io/flavor/go/flavor/pkg/psp/format_2025/locking_unix.go:14.16,16.3 1 0
github.com/provide-io/flavor/go/flavor/pkg/psp/format_2025/locking_unix.go:17.2,18.19 2 3
github.com/provide-io/flavor/go/flavor/pkg/psp/format_2025/metadata.go:25.53,44.53 3 58
github.com/provide-io/flavor/go/flavor/pkg/psp/format_2025/metadata.go:44.53,46.3 1 0
github.com/provide-io/flavor/go/flavor/pkg/psp/format_2025/metadata.go:47.2,60.27 14 58
github.com/provide-io/flavor/go/flavor/pkg/psp/format_2025/metadata.go:60.27,63.60 3 3
github.com/provide-io/flavor/go/flavor/pkg/psp/format_2025/metadata.go:63.60,65.4 1 0
github.com/provide-io/flavor/go/flavor/pkg/psp/format_2025/metadata.go:66.3,66.18 1 3
github.com/provide-io/flavor/go/flavor/pkg/psp/format_2025/metadata.go:68.2,68.12 1 58
github.com/provide-io/flavor/go/flavor/pkg/psp/format_2025/operations.go:136.48,143.32 3 92
github.com/provide-io/flavor/go/flavor/pkg/psp/format_2025/operations.go:143.32,144.13 1 121
github.com/provide-io/flavor/go/flavor/pkg/psp/format_2025/operations.go:144.13,148.9 2 1
github.com/provide-io/flavor/go/flavor/pkg/psp/format_2025/operations.go:150.3,156.4 2 120
github.com/provide-io/flavor/go/flavor/pkg/psp/format_2025/operations.go:159.2,162.15 2 92
github.com/provide-io/flavor/go/flavor/pkg/psp/format_2025/operations.go:167.46,173.25 3 83
github.com/provide-io/flavor/go/flavor/pkg/psp/format_2025/operations.go:173.25,175.20 2 203
github.com/provide-io/flavor/go/flavor/pkg/psp/format_2025/operations.go:175.20,176.9 1 78
github.com/provide-io/flavor/go/flavor/pkg/psp/format_2025/operations.go:178.3,182.4 2 125
github.com/provide-io/flavor/go/flavor/pkg/psp/format_2025/operations.go:185.2,189.19 2 83
github.com/provide-io/flavor/go/flavor/pkg/psp/format_2025/operations.go:260.37,261.40 1 41
github.com/provide-io/flavor/go/flavor/pkg/psp/format_2025/operations.go:261.40,263.3 1 41
github.com/provide-io/flavor/go/flavor/pkg/psp/format_2025/operations.go:264.2,264.18 1 0
github.com/provide-io/flavor/go/flavor/pkg/psp/format_2025/paths.go:17.73,22.44 2 53
github.com/provide-io/flavor/go/flavor/pkg/psp/format_2025/paths.go:22.44,24.3 1 41
github.com/provide-io/flavor/go/flavor/pkg/psp/format_2025/paths.go:24.8,24.52 1 12
github.com/provide-io/flavor/go/flavor/pkg/psp/format_2025/paths.go:24.52,26.3 1 12
github.com/provide-io/flavor/go/flavor/pkg/psp/format_2025/paths.go:28.2,31.3 1 53
github.com/provide-io/flavor/go/flavor/pkg/psp/format_2025/paths.go:37.41,39.2 1 124
github.com/provide-io/flavor/go/flavor/pkg/psp/format_2025/paths.go:44.42,47.2 2 369
github.com/provide-io/flavor/go/flavor/pkg/psp/format_2025/paths.go:50.42,52.2 1 291
github.com/provide-io/flavor/go/flavor/pkg/psp/format_2025/paths.go:55.49,57.2 1 2
github.com/provide-io/flavor/go/flavor/pkg/psp/format_2025/paths.go:60.37,62.2 1 41
github.com/provide-io/flavor/go/flavor/pkg/psp/format_2025/paths.go:65.55,67.2 1 32
github.com/provide-io/flavor/go/flavor/pkg/psp/format_2025/paths.go:72.41,74.2 1 166
github.com/provide-io/flavor/go/flavor/pkg/psp/format_2025/paths.go:77.37,79.2 1 1
github.com/provide-io/flavor/go/flavor/pkg/psp/format_2025/paths.go:82.42,84.2 1 60
github.com/provide-io/flavor/go/flavor/pkg/psp/format_2025/paths.go:87.46,89.2 1 56
github.com/provide-io/flavor/go/flavor/pkg/psp/format_2025/paths.go:92.46,94.2 1 42
github.com/provide-io/flavor/go/flavor/pkg/psp/format_2025/paths.go:97.51,99.2 1 31
github.com/provide-io/flavor/go/flavor/pkg/psp/format_2025/paths.go:104.49,106.2 1 1
github.com/provide-io/flavor/go/flavor/pkg/psp/format_2025/paths.go:111.38,113.2 1 1
github.com/provide-io/flavor/go/flavor/pkg/psp/format_2025/paths.go:116.45,119.2 2 2
github.com/provide-io/flavor/go/flavor/pkg/psp/format_2025/paths.go:122.46,125.2 2 2
github.com/provide-io/flavor/go/flavor/pkg/psp/format_2025/paths.go:128.64,132.51 2 6
github.com/provide-io/flavor/go/flavor/pkg/psp/format_2025/paths.go:132.51,134.3 1 1
github.com/provide-io/flavor/go/flavor/pkg/psp/format_2025/paths.go:136.2,137.16 2 5
github.com/provide-io/flavor/go/flavor/pkg/psp/format_2025/paths.go:137.16,139.3 1 0
github.com/provide-io/flavor/go/flavor/pkg/psp/format_2025/paths.go:141.2,142.32 2 5
github.com/provide-io/flavor/go/flavor/pkg/psp/format_2025/paths.go:142.32,143.20 1 3
github.com/provide-io/flavor/go/flavor/pkg/psp/format_2025/paths.go:143.20,145.4 1 2
github.com/provide-io/flavor/go/flavor/pkg/psp/format_2025/paths.go:148.2,148.18 1 5
github.com/provide-io/flavor/go/flavor/pkg/psp/format_2025/pe_resources_stub.go:14.86,16.2 1 1
github.com/provide-io/flavor/go/flavor/pkg/psp/format_2025/pe_resources_stub.go:20.80,22.2 1 1
github.com/provide-io/flavor/go/flavor/pkg/psp/format_2025/pe_resources_stub.go:25.64,27.2 1 52
github.com/provide-io/flavor/go/flavor/pkg/psp/format_2025/pe_utils.go:22.39,24.2 1 44
github.com/provide-io/flavor/go/flavor/pkg/psp/format_2025/pe_utils.go:29.50,30.22 1 19
github.com/provide-io/flavor/go/flavor/pkg/psp/format_2025/pe_utils.go:30.22,32.3 1 1
github.com/provide-io/flavor/go/flavor/pkg/psp/format_2025/pe_utils.go:35.2,38.28 2 18
github.com/provide-io/flavor/go/flavor/pkg/psp/format_2025/pe_utils.go:38.28,40.3 1 0
github.com/provide-io/flavor/go/flavor/pkg/psp/format_2025/pe_utils.go:42.2,44.43 3 18
github.com/provide-io/flavor/go/flavor/pkg/psp/format_2025/pe_utils.go:44.43,46.3 1 1
github.com/provide-io/flavor/go/flavor/pkg/psp/format_2025/pe_utils.go:48.2,48.22 1 17
github.com/provide-io/flavor/go/flavor/pkg/psp/format_2025/pe_utils.go:55.67,56.27 1 4
github.com/provide-io/flavor/go/flavor/pkg/psp/format_2025/pe_utils.go:56.27,58.3 1 1
github.com/provide-io/flavor/go/flavor/pkg/psp/format_2025/pe_utils.go:60.2,61.16 2 3
github.com/provide-io/flavor/go/flavor/pkg/psp/format_2025/pe_utils.go:61.16,63.3 1 0
github.com/provide-io/flavor/go/flavor/pkg/psp/format_2025/pe_utils.go:67.2,67.22 1 3
github.com/provide-io/flavor/go/flavor/pkg/psp/format_2025/pe_utils.go:67.22,70.3 2 1
github.com/provide-io/flavor/go/flavor/pkg/psp/format_2025/pe_utils.go:72.2,73.14 2 2
github.com/provide-io/flavor/go/flavor/pkg/psp/format_2025/pe_utils.go:86.84,87.21 1 2
github.com/provide-io/flavor/go/flavor/pkg/psp/format_2025/pe_utils.go:87.21,89.3 1 0
github.com/provide-io/flavor/go/flavor/pkg/psp/format_2025/pe_utils.go:92.2,110.35 8 2
github.com/provide-io/flavor/go/flavor/pkg/psp/format_2025/pe_utils.go:110.35,118.21 4 3
github.com/provide-io/flavor/go/flavor/pkg/psp/format_2025/pe_utils.go:118.21,119.71 1 3
github.com/provide-io/flavor/go/flavor/pkg/psp/format_2025/pe_utils.go:119.71,121.5 1 1
github.com/provide-io/flavor/go/flavor/pkg/psp/format_2025/pe_utils.go:122.4,129.13 4 2
github.com/provide-io/flavor/go/flavor/pkg/psp/format_2025/pe_utils.go:133.2,137.12 2 1
github.com/provide-io/flavor/go/flavor/pkg/psp/format_2025/pe_utils.go:152.85,165.16 6 3
github.com/provide-io/flavor/go/flavor/pkg/psp/format_2025/pe_utils.go:165.16,167.3 1 0
github.com/provide-io/flavor/go/flavor/pkg/psp/format_2025/pe_utils.go:167.8,169.3 1 3
github.com/provide-io/flavor/go/flavor/pkg/psp/format_2025/pe_utils.go:173.2,175.35 2 3
github.com/provide-io/flavor/go/flavor/pkg/psp/format_2025/pe_utils.go:175.35,180.3 2 1
github.com/provide-io/flavor/go/flavor/pkg/psp/format_2025/pe_utils.go:183.2,191.28 4 2
github.com/provide-io/flavor/go/flavor/pkg/psp/format_2025/pe_utils.go:191.28,197.3 3 1
github.com/provide-io/flavor/go/flavor/pkg/psp/format_2025/pe_utils.go:201.2,205.12 4 2
github.com/provide-io/flavor/go/flavor/pkg/psp/format_2025/pe_utils.go:210.83,225.35 6 2
github.com/provide-io/flavor/go/flavor/pkg/psp/format_2025/pe_utils.go:225.35,239.58 5 3
github.com/provide-io/flavor/go/flavor/pkg/psp/format_2025/pe_utils.go:239.58,249.4 4 1
github.com/provide-io/flavor/go/flavor/pkg/psp/format_2025/pe_utils.go:252.2,254.17 2 1
github.com/provide-io/flavor/go/flavor/pkg/psp/format_2025/pe_utils.go:268.84,279.16 6 1
github.com/provide-io/flavor/go/flavor/pkg/psp/format_2025/pe_utils.go:279.16,281.3 1 0
github.com/provide-io/flavor/go/flavor/pkg/psp/format_2025/pe_utils.go:281.8,283.3 1 1
github.com/provide-io/flavor/go/flavor/pkg/psp/format_2025/pe_utils.go:287.2,289.39 2 1
github.com/provide-io/flavor/go/flavor/pkg/psp/format_2025/pe_utils.go:289.39,293.3 2 0
github.com/provide-io/flavor/go/flavor/pkg/psp/format_2025/pe_utils.go:296.2,300.43 3 1
github.com/provide-io/flavor/go/flavor/pkg/psp/format_2025/pe_utils.go:300.43,303.3 2 0
github.com/provide-io/flavor/go/flavor/pkg/psp/format_2025/pe_utils.go:306.2,307.12 2 1
github.com/provide-io/flavor/go/flavor/pkg/psp/format_2025/pe_utils.go:307.12,311.3 2 0
github.com/provide-io/flavor/go/flavor/pkg/psp/format_2025/pe_utils.go:313.2,335.39 5 1
github.com/provide-io/flavor/go/flavor/pkg/psp/format_2025/pe_utils.go:335.39,341.37 3 1
github.com/provide-io/flavor/go/flavor/pkg/psp/format_2025/pe_utils.go:341.37,345.12 2 0
github.com/provide-io/flavor/go/flavor/pkg/psp/format_2025/pe_utils.go:349.3,352.43 2 1
github.com/provide-io/flavor/go/flavor/pkg/psp/format_2025/pe_utils.go:352.43,361.4 4 1
github.com/provide-io/flavor/go/flavor/pkg/psp/format_2025/pe_utils.go:364.2,364.17 1 1
github.com/provide-io/flavor/go/flavor/pkg/psp/format_2025/pe_utils.go:364.17,368.3 1 1
github.com/provide-io/flavor/go/flavor/pkg/psp/format_2025/pe_utils.go:370.2,370.12 1 1
github.com/provide-io/flavor/go/flavor/pkg/psp/format_2025/pe_utils.go:381.83,390.39 4 1
github.com/provide-io/flavor/go/flavor/pkg/psp/format_2025/pe_utils.go:390.39,392.3 1 0
github.com/provide-io/flavor/go/flavor/pkg/psp/format_2025/pe_utils.go:395.2,406.12 5 1
github.com/provide-io/flavor/go/flavor/pkg/psp/format_2025/pe_utils.go:420.70,421.27 1 1
github.com/provide-io/flavor/go/flavor/pkg/psp/format_2025/pe_utils.go:421.27,423.3 1 0
github.com/provide-io/flavor/go/flavor/pkg/psp/format_2025/pe_utils.go:425.2,426.16 2 1
github.com/provide-io/flavor/go/flavor/pkg/psp/format_2025/pe_utils.go:426.16,428.3 1 0
github.com/provide-io/flavor/go/flavor/pkg/psp/format_2025/pe_utils.go:430.2,430.42 1 1
github.com/provide-io/flavor/go/flavor/pkg/psp/format_2025/pe_utils.go:430.42,435.3 2 0
github.com/provide-io/flavor/go/flavor/pkg/psp/format_2025/pe_utils.go:438.2,460.75 8 1
github.com/provide-io/flavor/go/flavor/pkg/psp/format_2025/pe_utils.go:460.75,462.3 1 0
github.com/provide-io/flavor/go/flavor/pkg/psp/format_2025/pe_utils.go:465.2,465.74 1 1
github.com/provide-io/flavor/go/flavor/pkg/psp/format_2025/pe_utils.go:465.74,467.3 1 0
github.com/provide-io/flavor/go/flavor/pkg/psp/format_2025/pe_utils.go:470.2,470.76 1 1
github.com/provide-io/flavor/go/flavor/pkg/psp/format_2025/pe_utils.go:470.76,472.3 1 0
github.com/provide-io/flavor/go/flavor/pkg/psp/format_2025/pe_utils.go:475.2,475.75 1 1
github.com/provide-io/flavor/go/flavor/pkg/psp/format_2025/pe_utils.go:475.75,477.3 1 0
github.com/provide-io/flavor/go/flavor/pkg/psp/format_2025/pe_utils.go:480.2,481.16 2 1
github.com/provide-io/flavor/go/flavor/pkg/psp/format_2025/pe_utils.go:481.16,483.3 1 0
github.com/provide-io/flavor/go/flavor/pkg/psp/format_2025/pe_utils.go:485.2,485.38 1 1
github.com/provide-io/flavor/go/flavor/pkg/psp/format_2025/pe_utils.go:485.38,487.3 1 0
github.com/provide-io/flavor/go/flavor/pkg/psp/format_2025/pe_utils.go:489.2,495.21 2 1
github.com/provide-io/flavor/go/flavor/pkg/psp/format_2025/pe_utils.go:505.71,506.35 1 22
github.com/provide-io/flavor/go/flavor/pkg/psp/format_2025/pe_utils.go:506.35,508.3 1 12
github.com/provide-io/flavor/go/flavor/pkg/psp/format_2025/pe_utils.go:510.2,511.16 2 10
github.com/provide-io/flavor/go/flavor/pkg/psp/format_2025/pe_utils.go:511.16,513.3 1 0
github.com/provide-io/flavor/go/flavor/pkg/psp/format_2025/pe_utils.go:516.2,516.22 1 10
github.com/provide-io/flavor/go/flavor/pkg/psp/format_2025/pe_utils.go:516.22,519.3 2 5
github.com/provide-io/flavor/go/flavor/pkg/psp/format_2025/pe_utils.go:519.8,519.29 1 5
github.com/provide-io/flavor/go/flavor/pkg/psp/format_2025/pe_utils.go:519.29,522.3 2 3
github.com/provide-io/flavor/go/flavor/pkg/psp/format_2025/pe_utils.go:522.8,525.3 2 2
github.com/provide-io/flavor/go/flavor/pkg/psp/format_2025/pe_utils.go:540.87,541.35 1 15
github.com/provide-io/flavor/go/flavor/pkg/psp/format_2025/pe_utils.go:541.35,545.3 2 12
github.com/provide-io/flavor/go/flavor/pkg/psp/format_2025/pe_utils.go:547.2,549.22 2 3
github.com/provide-io/flavor/go/flavor/pkg/psp/format_2025/pe_utils.go:550.12,554.27 2 1
github.com/provide-io/flavor/go/flavor/pkg/psp/format_2025/pe_utils.go:556.14,558.50 1 1
github.com/provide-io/flavor/go/flavor/pkg/psp/format_2025/pe_utils.go:558.50,561.4 2 0
github.com/provide-io/flavor/go/flavor/pkg/psp/format_2025/pe_utils.go:562.3,563.27 2 1
github.com/provide-io/flavor/go/flavor/pkg/psp/format_2025/pe_utils.go:565.10,568.27 2 1
github.com/provide-io/flavor/go/flavor/pkg/psp/format_2025/pe_utils.go:573.35,574.22 1 18
github.com/provide-io/flavor/go/flavor/pkg/psp/format_2025/pe_utils.go:574.22,576.3 1 0
github.com/provide-io/flavor/go/flavor/pkg/psp/format_2025/pe_utils.go:577.2,577.19 1 18
github.com/provide-io/flavor/go/flavor/pkg/psp/format_2025/pe_utils.go:577.19,578.19 1 69
github.com/provide-io/flavor/go/flavor/pkg/psp/format_2025/pe_utils.go:578.19,580.4 1 1
github.com/provide-io/flavor/go/flavor/pkg/psp/format_2025/pe_utils.go:582.2,582.13 1 17
github.com/provide-io/flavor/go/flavor/pkg/psp/format_2025/privilege_unix.go:11.30,13.2 1 1
github.com/provide-io/flavor/go/flavor/pkg/psp/format_2025/reader.go:39.52,41.2 1 20
github.com/provide-io/flavor/go/flavor/pkg/psp/format_2025/reader.go:44.83,45.19 1 81
github.com/provide-io/flavor/go/flavor/pkg/psp/format_2025/reader.go:45.19,47.3 1 0
github.com/provide-io/flavor/go/flavor/pkg/psp/format_2025/reader.go:48.2,51.8 1 81
github.com/provide-io/flavor/go/flavor/pkg/psp/format_2025/reader.go:55.31,56.19 1 168
github.com/provide-io/flavor/go/flavor/pkg/psp/format_2025/reader.go:56.19,58.3 1 83
github.com/provide-io/flavor/go/flavor/pkg/psp/format_2025/reader.go:60.2,61.16 2 85
github.com/provide-io/flavor/go/flavor/pkg/psp/format_2025/reader.go:61.16,63.3 1 11
github.com/provide-io/flavor/go/flavor/pkg/psp/format_2025/reader.go:65.2,66.12 2 74
github.com/provide-io/flavor/go/flavor/pkg/psp/format_2025/reader.go:70.32,71.19 1 76
github.com/provide-io/flavor/go/flavor/pkg/psp/format_2025/reader.go:71.19,75.3 3 72
github.com/provide-io/flavor/go/flavor/pkg/psp/format_2025/reader.go:76.2,76.12 1 4
github.com/provide-io/flavor/go/flavor/pkg/psp/format_2025/reader.go:80.53,81.33 1 74
github.com/provide-io/flavor/go/flavor/pkg/psp/format_2025/reader.go:81.33,83.3 1 0
github.com/provide-io/flavor/go/flavor/pkg/psp/format_2025/reader.go:86.2,87.16 2 74
github.com/provide-io/flavor/go/flavor/pkg/psp/format_2025/reader.go:87.16,89.3 1 0
github.com/provide-io/flavor/go/flavor/pkg/psp/format_2025/reader.go:92.2,93.80 2 74
github.com/provide-io/flavor/go/flavor/pkg/psp/format_2025/reader.go:93.80,95.3 1 0
github.com/provide-io/flavor/go/flavor/pkg/psp/format_2025/reader.go:98.2,98.50 1 74
github.com/provide-io/flavor/go/flavor/pkg/psp/format_2025/reader.go:98.50,100.3 1 4
github.com/provide-io/flavor/go/flavor/pkg/psp/format_2025/reader.go:101.2,101.69 1 70
github.com/provide-io/flavor/go/flavor/pkg/psp/format_2025/reader.go:101.69,103.3 1 0
github.com/provide-io/flavor/go/flavor/pkg/psp/format_2025/reader.go:106.2,110.23 3 70
github.com/provide-io/flavor/go/flavor/pkg/psp/format_2025/reader.go:114.50,115.20 1 211
github.com/provide-io/flavor/go/flavor/pkg/psp/format_2025/reader.go:115.20,117.3 1 128
github.com/provide-io/flavor/go/flavor/pkg/psp/format_2025/reader.go:119.2,119.33 1 83
github.com/provide-io/flavor/go/flavor/pkg/psp/format_2025/reader.go:119.33,121.3 1 9
github.com/provide-io/flavor/go/flavor/pkg/psp/format_2025/reader.go:124.2,125.16 2 74
github.com/provide-io/flavor/go/flavor/pkg/psp/format_2025/reader.go:125.16,127.3 1 4
github.com/provide-io/flavor/go/flavor/pkg/psp/format_2025/reader.go:130.2,134.48 3 70
github.com/provide-io/flavor/go/flavor/pkg/psp/format_2025/reader.go:134.48,136.3 1 0
github.com/provide-io/flavor/go/flavor/pkg/psp/format_2025/reader.go:139.2,139.40 1 70
github.com/provide-io/flavor/go/flavor/pkg/psp/format_2025/reader.go:139.40,141.3 1 0
github.com/provide-io/flavor/go/flavor/pkg/psp/format_2025/reader.go:143.2,144.19 2 70
github.com/provide-io/flavor/go/flavor/pkg/psp/format_2025/reader.go:148.52,149.23 1 95
github.com/provide-io/flavor/go/flavor/pkg/psp/format_2025/reader.go:149.23,151.3 1 32
github.com/provide-io/flavor/go/flavor/pkg/psp/format_2025/reader.go:153.2,154.16 2 63
github.com/provide-io/flavor/go/flavor/pkg/psp/format_2025/reader.go:154.16,156.3 1 5
github.com/provide-io/flavor/go/flavor/pkg/psp/format_2025/reader.go:159.2,159.82 1 58
github.com/provide-io/flavor/go/flavor/pkg/psp/format_2025/reader.go:159.82,161.3 1 0
github.com/provide-io/flavor/go/flavor/pkg/psp/format_2025/reader.go:164.2,165.52 2 58
github.com/provide-io/flavor/go/flavor/pkg/psp/format_2025/reader.go:165.52,167.3 1 0
github.com/provide-io/flavor/go/flavor/pkg/psp/format_2025/reader.go:170.2,171.16 2 58
github.com/provide-io/flavor/go/flavor/pkg/psp/format_2025/reader.go:171.16,173.3 1 0
github.com/provide-io/flavor/go/flavor/pkg/psp/format_2025/reader.go:174.2,174.15 1 58
github.com/provide-io/flavor/go/flavor/pkg/psp/format_2025/reader.go:174.15,175.46 1 58
github.com/provide-io/flavor/go/flavor/pkg/psp/format_2025/reader.go:175.46,177.4 1 0
github.com/provide-io/flavor/go/flavor/pkg/psp/format_2025/reader.go:181.2,182.62 2 58
github.com/provide-io/flavor/go/flavor/pkg/psp/format_2025/reader.go:182.62,184.3 1 0
github.com/provide-io/flavor/go/flavor/pkg/psp/format_2025/reader.go:186.2,187.23 2 58
github.com/provide-io/flavor/go/flavor/pkg/psp/format_2025/reader.go:191.56,193.16 2 1
github.com/provide-io/flavor/go/flavor/pkg/psp/format_2025/reader.go:193.16,195.3 1 0
github.com/provide-io/flavor/go/flavor/pkg/psp/format_2025/reader.go:198.2,198.82 1 1
github.com/provide-io/flavor/go/flavor/pkg/psp/format_2025/reader.go:198.82,200.3 1 0
github.com/provide-io/flavor/go/flavor/pkg/psp/format_2025/reader.go:202.2,203.53 2 1
github.com/provide-io/flavor/go/flavor/pkg/psp/format_2025/reader.go:203.53,205.3 1 0
github.com/provide-io/flavor/go/flavor/pkg/psp/format_2025/reader.go:208.2,209.42 2 1
github.com/provide-io/flavor/go/flavor/pkg/psp/format_2025/reader.go:209.42,211.3 1 0
github.com/provide-io/flavor/go/flavor/pkg/psp/format_2025/reader.go:213.2,213.26 1 1
github.com/provide-io/flavor/go/flavor/pkg/psp/format_2025/reader_slots.go:19.58,21.16 2 41
github.com/provide-io/flavor/go/flavor/pkg/psp/format_2025/reader_slots.go:21.16,23.3 1 0
github.com/provide-io/flavor/go/flavor/pkg/psp/format_2025/reader_slots.go:25.2,25.39 1 41
github.com/provide-io/flavor/go/flavor/pkg/psp/format_2025/reader_slots.go:25.39,27.3 1 0
github.com/provide-io/flavor/go/flavor/pkg/psp/format_2025/reader_slots.go:30.2,31.75 2 41
github.com/provide-io/flavor/go/flavor/pkg/psp/format_2025/reader_slots.go:31.75,33.3 1 0
github.com/provide-io/flavor/go/flavor/pkg/psp/format_2025/reader_slots.go:36.2,37.53 2 41
github.com/provide-io/flavor/go/flavor/pkg/psp/format_2025/reader_slots.go:37.53,39.3 1 0
github.com/provide-io/flavor/go/flavor/pkg/psp/format_2025/reader_slots.go:42.2,43.16 2 41
github.com/provide-io/flavor/go/flavor/pkg/psp/format_2025/reader_slots.go:43.16,45.3 1 0
github.com/provide-io/flavor/go/flavor/pkg/psp/format_2025/reader_slots.go:48.2,48.74 1 41
github.com/provide-io/flavor/go/flavor/pkg/psp/format_2025/reader_slots.go:48.74,50.3 1 0
github.com/provide-io/flavor/go/flavor/pkg/psp/format_2025/reader_slots.go:53.2,54.49 2 41
github.com/provide-io/flavor/go/flavor/pkg/psp/format_2025/reader_slots.go:54.49,56.3 1 0
github.com/provide-io/flavor/go/flavor/pkg/psp/format_2025/reader_slots.go:59.2,63.19 4 41
github.com/provide-io/flavor/go/flavor/pkg/psp/format_2025/reader_slots.go:63.19,65.3 1 0
github.com/provide-io/flavor/go/flavor/pkg/psp/format_2025/reader_slots.go:66.2,67.24 2 41
github.com/provide-io/flavor/go/flavor/pkg/psp/format_2025/reader_slots.go:67.24,69.3 1 17
github.com/provide-io/flavor/go/flavor/pkg/psp/format_2025/reader_slots.go:70.2,77.38 2 41
github.com/provide-io/flavor/go/flavor/pkg/psp/format_2025/reader_slots.go:77.38,79.3 1 1
github.com/provide-io/flavor/go/flavor/pkg/psp/format_2025/reader_slots.go:82.2,87.44 4 40
github.com/provide-io/flavor/go/flavor/pkg/psp/format_2025/reader_slots.go:87.44,91.13 3 32
github.com/provide-io/flavor/go/flavor/pkg/psp/format_2025/reader_slots.go:92.16,96.18 3 15
github.com/provide-io/flavor/go/flavor/pkg/psp/format_2025/reader_slots.go:96.18,98.5 1 0
github.com/provide-io/flavor/go/flavor/pkg/psp/format_2025/reader_slots.go:99.4,101.18 3 15
github.com/provide-io/flavor/go/flavor/pkg/psp/format_2025/reader_slots.go:101.18,103.5 1 0
github.com/provide-io/flavor/go/flavor/pkg/psp/format_2025/reader_slots.go:104.4,105.25 2 15
github.com/provide-io/flavor/go/flavor/pkg/psp/format_2025/reader_slots.go:107.15,110.12 1 14
github.com/provide-io/flavor/go/flavor/pkg/psp/format_2025/reader_slots.go:112.33,114.81 1 3
github.com/provide-io/flavor/go/flavor/pkg/psp/format_2025/reader_slots.go:116.22,118.92 1 0
github.com/provide-io/flavor/go/flavor/pkg/psp/format_2025/reader_slots.go:120.11,121.21 1 0
github.com/provide-io/flavor/go/flavor/pkg/psp/format_2025/reader_slots.go:121.21,123.5 1 0
github.com/provide-io/flavor/go/flavor/pkg/psp/format_2025/reader_slots.go:127.2,127.20 1 37
github.com/provide-io/flavor/go/flavor/pkg/psp/format_2025/reader_slots.go:131.34,133.22 1 36
github.com/provide-io/flavor/go/flavor/pkg/psp/format_2025/reader_slots.go:133.22,135.39 1 16
github.com/provide-io/flavor/go/flavor/pkg/psp/format_2025/reader_slots.go:135.39,137.4 1 16
github.com/provide-io/flavor/go/flavor/pkg/psp/format_2025/reader_slots.go:139.3,139.45 1 0
github.com/provide-io/flavor/go/flavor/pkg/psp/format_2025/reader_slots.go:139.45,141.4 1 0
github.com/provide-io/flavor/go/flavor/pkg/psp/format_2025/reader_slots.go:143.2,143.14 1 20
github.com/provide-io/flavor/go/flavor/pkg/psp/format_2025/reader_slots.go:147.77,149.19 2 36
github.com/provide-io/flavor/go/flavor/pkg/psp/format_2025/reader_slots.go:149.19,151.3 1 0
github.com/provide-io/flavor/go/flavor/pkg/psp/format_2025/reader_slots.go:153.2,154.16 2 36
github.com/provide-io/flavor/go/flavor/pkg/psp/format_2025/reader_slots.go:154.16,156.3 1 0
github.com/provide-io/flavor/go/flavor/pkg/psp/format_2025/reader_slots.go:158.2,158.38 1 36
github.com/provide-io/flavor/go/flavor/pkg/psp/format_2025/reader_slots.go:158.38,160.3 1 0
github.com/provide-io/flavor/go/flavor/pkg/psp/format_2025/reader_slots.go:162.2,167.16 4 36
github.com/provide-io/flavor/go/flavor/pkg/psp/format_2025/reader_slots.go:167.16,169.3 1 2
github.com/provide-io/flavor/go/flavor/pkg/psp/format_2025/reader_slots.go:172.2,173.16 2 34
github.com/provide-io/flavor/go/flavor/pkg/psp/format_2025/reader_slots.go:173.16,175.3 1 0
github.com/provide-io/flavor/go/flavor/pkg/psp/format_2025/reader_slots.go:178.2,179.75 2 34
github.com/provide-io/flavor/go/flavor/pkg/psp/format_2025/reader_slots.go:179.75,181.3 1 0
github.com/provide-io/flavor/go/flavor/pkg/psp/format_2025/reader_slots.go:183.2,184.53 2 34
github.com/provide-io/flavor/go/flavor/pkg/psp/format_2025/reader_slots.go:184.53,186.3 1 0
github.com/provide-io/flavor/go/flavor/pkg/psp/format_2025/reader_slots.go:189.2,194.47 3 34
github.com/provide-io/flavor/go/flavor/pkg/psp/format_2025/reader_slots.go:194.47,198.3 2 29
github.com/provide-io/flavor/go/flavor/pkg/psp/format_2025/reader_slots.go:201.2,206.43 3 34
github.com/provide-io/flavor/go/flavor/pkg/psp/format_2025/reader_slots.go:206.43,208.12 1 25
github.com/provide-io/flavor/go/flavor/pkg/psp/format_2025/reader_slots.go:208.12,213.4 2 12
github.com/provide-io/flavor/go/flavor/pkg/psp/format_2025/reader_slots.go:213.9,218.4 3 13
github.com/provide-io/flavor/go/flavor/pkg/psp/format_2025/reader_slots.go:219.8,223.3 2 9
github.com/provide-io/flavor/go/flavor/pkg/psp/format_2025/reader_slots.go:225.2,227.11 2 34
github.com/provide-io/flavor/go/flavor/pkg/psp/format_2025/reader_slots.go:227.11,230.72 1 14
github.com/provide-io/flavor/go/flavor/pkg/psp/format_2025/reader_slots.go:230.72,232.4 1 0
github.com/provide-io/flavor/go/flavor/pkg/psp/format_2025/reader_slots.go:234.3,235.7 2 14
github.com/provide-io/flavor/go/flavor/pkg/psp/format_2025/reader_slots.go:235.7,237.21 2 38
github.com/provide-io/flavor/go/flavor/pkg/psp/format_2025/reader_slots.go:237.21,238.10 1 13
github.com/provide-io/flavor/go/flavor/pkg/psp/format_2025/reader_slots.go:240.4,240.18 1 25
github.com/provide-io/flavor/go/flavor/pkg/psp/format_2025/reader_slots.go:240.18,242.5 1 0
github.com/provide-io/flavor/go/flavor/pkg/psp/format_2025/reader_slots.go:244.4,247.103 4 25
github.com/provide-io/flavor/go/flavor/pkg/psp/format_2025/reader_slots.go:247.103,249.5 1 0
github.com/provide-io/flavor/go/flavor/pkg/psp/format_2025/reader_slots.go:251.4,251.24 1 25
github.com/provide-io/flavor/go/flavor/pkg/psp/format_2025/reader_slots.go:252.21,253.70 1 11
github.com/provide-io/flavor/go/flavor/pkg/psp/format_2025/reader_slots.go:253.70,255.6 1 0
github.com/provide-io/flavor/go/flavor/pkg/psp/format_2025/reader_slots.go:256.21,258.84 1 13
github.com/provide-io/flavor/go/flavor/pkg/psp/format_2025/reader_slots.go:258.84,260.6 1 0
github.com/provide-io/flavor/go/flavor/pkg/psp/format_2025/reader_slots.go:262.5,263.19 2 13
github.com/provide-io/flavor/go/flavor/pkg/psp/format_2025/reader_slots.go:263.19,265.6 1 0
github.com/provide-io/flavor/go/flavor/pkg/psp/format_2025/reader_slots.go:267.5,267.47 1 13
github.com/provide-io/flavor/go/flavor/pkg/psp/format_2025/reader_slots.go:267.47,268.50 1 0
github.com/provide-io/flavor/go/flavor/pkg/psp/format_2025/reader_slots.go:268.50,271.7 1 0
github.com/provide-io/flavor/go/flavor/pkg/psp/format_2025/reader_slots.go:272.6,272.20 1 0
github.com/provide-io/flavor/go/flavor/pkg/psp/format_2025/reader_slots.go:274.5,274.39 1 13
github.com/provide-io/flavor/go/flavor/pkg/psp/format_2025/reader_slots.go:274.39,276.6 1 0
github.com/provide-io/flavor/go/flavor/pkg/psp/format_2025/reader_slots.go:279.5,279.27 1 13
github.com/provide-io/flavor/go/flavor/pkg/psp/format_2025/reader_slots.go:279.27,280.68 1 4
github.com/provide-io/flavor/go/flavor/pkg/psp/format_2025/reader_slots.go:280.68,283.7 1 0
github.com/provide-io/flavor/go/flavor/pkg/psp/format_2025/reader_slots.go:285.25,286.119 1 1
github.com/provide-io/flavor/go/flavor/pkg/psp/format_2025/reader_slots.go:291.3,291.25 1 13
github.com/provide-io/flavor/go/flavor/pkg/psp/format_2025/reader_slots.go:297.2,297.64 1 20
github.com/provide-io/flavor/go/flavor/pkg/psp/format_2025/reader_slots.go:297.64,302.3 2 0
github.com/provide-io/flavor/go/flavor/pkg/psp/format_2025/reader_slots.go:304.2,304.83 1 20
github.com/provide-io/flavor/go/flavor/pkg/psp/format_2025/reader_slots.go:304.83,306.3 1 0
github.com/provide-io/flavor/go/flavor/pkg/psp/format_2025/reader_slots.go:309.2,310.26 2 20
github.com/provide-io/flavor/go/flavor/pkg/psp/format_2025/reader_slots.go:310.26,312.3 1 19
github.com/provide-io/flavor/go/flavor/pkg/psp/format_2025/reader_slots.go:312.8,314.3 1 1
github.com/provide-io/flavor/go/flavor/pkg/psp/format_2025/reader_slots.go:317.2,320.109 2 20
github.com/provide-io/flavor/go/flavor/pkg/psp/format_2025/reader_slots.go:320.109,322.3 1 0
github.com/provide-io/flavor/go/flavor/pkg/psp/format_2025/reader_slots.go:324.2,324.67 1 20
github.com/provide-io/flavor/go/flavor/pkg/psp/format_2025/reader_slots.go:324.67,326.3 1 0
github.com/provide-io/flavor/go/flavor/pkg/psp/format_2025/reader_slots.go:328.2,329.22 2 20
github.com/provide-io/flavor/go/flavor/pkg/psp/format_2025/reader_verify.go:16.53,17.33 1 11
github.com/provide-io/flavor/go/flavor/pkg/psp/format_2025/reader_verify.go:17.33,19.3 1 2
github.com/provide-io/flavor/go/flavor/pkg/psp/format_2025/reader_verify.go:21.2,22.16 2 9
github.com/provide-io/flavor/go/flavor/pkg/psp/format_2025/reader_verify.go:22.16,24.3 1 0
github.com/provide-io/flavor/go/flavor/pkg/psp/format_2025/reader_verify.go:26.2,27.80 2 9
github.com/provide-io/flavor/go/flavor/pkg/psp/format_2025/reader_verify.go:27.80,29.3 1 0
github.com/provide-io/flavor/go/flavor/pkg/psp/format_2025/reader_verify.go:31.2,31.50 1 9
github.com/provide-io/flavor/go/flavor/pkg/psp/format_2025/reader_verify.go:31.50,33.3 1 1
github.com/provide-io/flavor/go/flavor/pkg/psp/format_2025/reader_verify.go:34.2,34.69 1 8
github.com/provide-io/flavor/go/flavor/pkg/psp/format_2025/reader_verify.go:34.69,36.3 1 0
github.com/provide-io/flavor/go/flavor/pkg/psp/format_2025/reader_verify.go:38.2,38.18 1 8
github.com/provide-io/flavor/go/flavor/pkg/psp/format_2025/reader_verify.go:42.45,44.16 2 1
github.com/provide-io/flavor/go/flavor/pkg/psp/format_2025/reader_verify.go:44.16,46.3 1 0
github.com/provide-io/flavor/go/flavor/pkg/psp/format_2025/reader_verify.go:48.2,48.44 1 1
github.com/provide-io/flavor/go/flavor/pkg/psp/format_2025/reader_verify.go:48.44,49.42 1 1
github.com/provide-io/flavor/go/flavor/pkg/psp/format_2025/reader_verify.go:49.42,51.4 1 0
github.com/provide-io/flavor/go/flavor/pkg/psp/format_2025/reader_verify.go:54.2,54.12 1 1
github.com/provide-io/flavor/go/flavor/pkg/psp/format_2025/reader_verify.go:58.54,60.16 2 4
github.com/provide-io/flavor/go/flavor/pkg/psp/format_2025/reader_verify.go:60.16,62.3 1 0
github.com/provide-io/flavor/go/flavor/pkg/psp/format_2025/reader_verify.go:65.2,66.16 2 4
github.com/provide-io/flavor/go/flavor/pkg/psp/format_2025/reader_verify.go:66.16,68.3 1 0
github.com/provide-io/flavor/go/flavor/pkg/psp/format_2025/reader_verify.go:69.2,69.69 1 4
github.com/provide-io/flavor/go/flavor/pkg/psp/format_2025/reader_verify.go:69.69,71.3 1 0
github.com/provide-io/flavor/go/flavor/pkg/psp/format_2025/reader_verify.go:73.2,74.52 2 4
github.com/provide-io/flavor/go/flavor/pkg/psp/format_2025/reader_verify.go:74.52,76.3 1 0
github.com/provide-io/flavor/go/flavor/pkg/psp/format_2025/reader_verify.go:80.2,81.16 2 4
github.com/provide-io/flavor/go/flavor/pkg/psp/format_2025/reader_verify.go:81.16,83.3 1 0
github.com/provide-io/flavor/go/flavor/pkg/psp/format_2025/reader_verify.go:84.2,84.15 1 4
github.com/provide-io/flavor/go/flavor/pkg/psp/format_2025/reader_verify.go:84.15,85.36 1 4
github.com/provide-io/flavor/go/flavor/pkg/psp/format_2025/reader_verify.go:85.36,88.4 1 0
github.com/provide-io/flavor/go/flavor/pkg/psp/format_2025/reader_verify.go:92.2,93.16 2 4
github.com/provide-io/flavor/go/flavor/pkg/psp/format_2025/reader_verify.go:93.16,95.3 1 0
github.com/provide-io/flavor/go/flavor/pkg/psp/format_2025/reader_verify.go:98.2,102.30 3 4
github.com/provide-io/flavor/go/flavor/pkg/psp/format_2025/reader_verify.go:102.30,103.13 1 130
github.com/provide-io/flavor/go/flavor/pkg/psp/format_2025/reader_verify.go:103.13,105.9 2 2
github.com/provide-io/flavor/go/flavor/pkg/psp/format_2025/reader_verify.go:108.2,108.14 1 4
github.com/provide-io/flavor/go/flavor/pkg/psp/format_2025/reader_verify.go:108.14,110.3 1 2
github.com/provide-io/flavor/go/flavor/pkg/psp/format_2025/reader_verify.go:113.2,114.53 2 2
github.com/provide-io/flavor/go/flavor/pkg/psp/format_2025/reader_verify.go:114.53,116.3 1 0
github.com/provide-io/flavor/go/flavor/pkg/psp/format_2025/reader_verify.go:117.2,117.18 1 2
github.com/provide-io/flavor/go/flavor/pkg/psp/format_2025/reader_verify.go:128.54,130.16 2 6
github.com/provide-io/flavor/go/flavor/pkg/psp/format_2025/reader_verify.go:130.16,132.3 1 0
github.com/provide-io/flavor/go/flavor/pkg/psp/format_2025/reader_verify.go:135.2,137.32 3 6
github.com/provide-io/flavor/go/flavor/pkg/psp/format_2025/reader_verify.go:137.32,138.13 1 195
github.com/provide-io/flavor/go/flavor/pkg/psp/format_2025/reader_verify.go:138.13,140.9 2 3
github.com/provide-io/flavor/go/flavor/pkg/psp/format_2025/reader_verify.go:145.2,147.33 3 6
github.com/provide-io/flavor/go/flavor/pkg/psp/format_2025/reader_verify.go:147.33,149.17 2 5
github.com/provide-io/flavor/go/flavor/pkg/psp/format_2025/reader_verify.go:149.17,151.4 1 0
github.com/provide-io/flavor/go/flavor/pkg/psp/format_2025/reader_verify.go:152.3,153.17 2 5
github.com/provide-io/flavor/go/flavor/pkg/psp/format_2025/reader_verify.go:153.17,155.4 1 0
github.com/provide-io/flavor/go/flavor/pkg/psp/format_2025/reader_verify.go:156.3,157.17 2 5
github.com/provide-io/flavor/go/flavor/pkg/psp/format_2025/reader_verify.go:157.17,159.4 1 0
github.com/provide-io/flavor/go/flavor/pkg/psp/format_2025/reader_verify.go:160.3,161.67 2 5
github.com/provide-io/flavor/go/flavor/pkg/psp/format_2025/reader_verify.go:161.67,163.4 1 0
github.com/provide-io/flavor/go/flavor/pkg/psp/format_2025/reader_verify.go:164.3,165.54 2 5
github.com/provide-io/flavor/go/flavor/pkg/psp/format_2025/reader_verify.go:165.54,167.4 1 0
github.com/provide-io/flavor/go/flavor/pkg/psp/format_2025/reader_verify.go:168.3,169.17 2 5
github.com/provide-io/flavor/go/flavor/pkg/psp/format_2025/reader_verify.go:169.17,171.4 1 0
github.com/provide-io/flavor/go/flavor/pkg/psp/format_2025/reader_verify.go:172.3,172.45 1 5
github.com/provide-io/flavor/go/flavor/pkg/psp/format_2025/reader_verify.go:172.45,174.9 2 3
github.com/provide-io/flavor/go/flavor/pkg/psp/format_2025/reader_verify.go:178.2,178.20 1 6
github.com/provide-io/flavor/go/flavor/pkg/psp/format_2025/reader_verify.go:178.20,181.3 1 3
github.com/provide-io/flavor/go/flavor/pkg/psp/format_2025/reader_verify.go:184.2,184.28 1 3
github.com/provide-io/flavor/go/flavor/pkg/psp/format_2025/reader_verify.go:184.28,186.3 1 1
github.com/provide-io/flavor/go/flavor/pkg/psp/format_2025/reader_verify.go:189.2,190.16 2 2
github.com/provide-io/flavor/go/flavor/pkg/psp/format_2025/reader_verify.go:190.16,192.3 1 0
github.com/provide-io/flavor/go/flavor/pkg/psp/format_2025/reader_verify.go:193.2,193.72 1 2
github.com/provide-io/flavor/go/flavor/pkg/psp/format_2025/reader_verify.go:193.72,195.3 1 0
github.com/provide-io/flavor/go/flavor/pkg/psp/format_2025/reader_verify.go:196.2,197.50 2 2
github.com/provide-io/flavor/go/flavor/pkg/psp/format_2025/reader_verify.go:197.50,199.3 1 0
github.com/provide-io/flavor/go/flavor/pkg/psp/format_2025/reader_verify.go:202.2,204.48 3 2
github.com/provide-io/flavor/go/flavor/pkg/psp/format_2025/reader_verify.go:204.48,206.3 1 0
github.com/provide-io/flavor/go/flavor/pkg/psp/format_2025/reader_verify.go:210.2,216.30 4 2
github.com/provide-io/flavor/go/flavor/pkg/psp/format_2025/reader_verify.go:216.30,218.3 1 1
github.com/provide-io/flavor/go/flavor/pkg/psp/format_2025/reader_verify.go:220.2,220.12 1 1
github.com/provide-io/flavor/go/flavor/pkg/psp/format_2025/reader_verify.go:232.54,234.16 2 6
github.com/provide-io/flavor/go/flavor/pkg/psp/format_2025/reader_verify.go:234.16,236.3 1 0
github.com/provide-io/flavor/go/flavor/pkg/psp/format_2025/reader_verify.go:238.2,239.22 2 6
github.com/provide-io/flavor/go/flavor/pkg/psp/format_2025/reader_verify.go:239.22,241.3 1 3
github.com/provide-io/flavor/go/flavor/pkg/psp/format_2025/reader_verify.go:243.2,244.16 2 3
github.com/provide-io/flavor/go/flavor/pkg/psp/format_2025/reader_verify.go:244.16,246.3 1 0
github.com/provide-io/flavor/go/flavor/pkg/psp/format_2025/reader_verify.go:248.2,248.34 1 3
github.com/provide-io/flavor/go/flavor/pkg/psp/format_2025/reader_verify.go:248.34,250.3 1 1
github.com/provide-io/flavor/go/flavor/pkg/psp/format_2025/reader_verify.go:254.2,255.71 2 2
github.com/provide-io/flavor/go/flavor/pkg/psp/format_2025/reader_verify.go:255.71,257.3 1 0
github.com/provide-io/flavor/go/flavor/pkg/psp/format_2025/reader_verify.go:258.2,259.16 2 2
github.com/provide-io/flavor/go/flavor/pkg/psp/format_2025/reader_verify.go:259.16,261.3 1 0
github.com/provide-io/flavor/go/flavor/pkg/psp/format_2025/reader_verify.go:262.2,264.32 2 2
github.com/provide-io/flavor/go/flavor/pkg/psp/format_2025/reader_verify.go:264.32,266.3 1 1
github.com/provide-io/flavor/go/flavor/pkg/psp/format_2025/reader_verify.go:267.2,267.12 1 1
github.com/provide-io/flavor/go/flavor/pkg/psp/format_2025/runtime.go:12.103,14.24 2 4
github.com/provide-io/flavor/go/flavor/pkg/psp/format_2025/runtime.go:14.24,16.22 2 73
github.com/provide-io/flavor/go/flavor/pkg/psp/format_2025/runtime.go:16.22,18.4 1 73
github.com/provide-io/flavor/go/flavor/pkg/psp/format_2025/runtime.go:23.2,23.31 1 4
github.com/provide-io/flavor/go/flavor/pkg/psp/format_2025/runtime.go:23.31,26.61 2 0
github.com/provide-io/flavor/go/flavor/pkg/psp/format_2025/runtime.go:26.61,29.37 2 0
github.com/provide-io/flavor/go/flavor/pkg/psp/format_2025/runtime.go:29.37,30.47 1 0
github.com/provide-io/flavor/go/flavor/pkg/psp/format_2025/runtime.go:30.47,32.6 1 0
github.com/provide-io/flavor/go/flavor/pkg/psp/format_2025/runtime.go:36.4,36.52 1 0
github.com/provide-io/flavor/go/flavor/pkg/psp/format_2025/runtime.go:36.52,37.39 1 0
github.com/provide-io/flavor/go/flavor/pkg/psp/format_2025/runtime.go:37.39,40.6 2 0
github.com/provide-io/flavor/go/flavor/pkg/psp/format_2025/runtime.go:42.4,42.33 1 0
github.com/provide-io/flavor/go/flavor/pkg/psp/format_2025/runtime.go:43.9,47.42 3 0
github.com/provide-io/flavor/go/flavor/pkg/psp/format_2025/runtime.go:47.42,49.5 1 0
github.com/provide-io/flavor/go/flavor/pkg/psp/format_2025/runtime.go:50.4,50.42 1 0
github.com/provide-io/flavor/go/flavor/pkg/psp/format_2025/runtime.go:55.2,56.60 2 4
github.com/provide-io/flavor/go/flavor/pkg/psp/format_2025/runtime.go:56.60,58.36 2 2
github.com/provide-io/flavor/go/flavor/pkg/psp/format_2025/runtime.go:58.36,59.46 1 5
github.com/provide-io/flavor/go/flavor/pkg/psp/format_2025/runtime.go:59.46,60.79 1 5
github.com/provide-io/flavor/go/flavor/pkg/psp/format_2025/runtime.go:60.79,62.30 1 3
github.com/provide-io/flavor/go/flavor/pkg/psp/format_2025/runtime.go:62.30,63.65 1 13
github.com/provide-io/flavor/go/flavor/pkg/psp/format_2025/runtime.go:63.65,66.8 2 3
github.com/provide-io/flavor/go/flavor/pkg/psp/format_2025/runtime.go:68.11,70.49 1 2
github.com/provide-io/flavor/go/flavor/pkg/psp/format_2025/runtime.go:70.49,73.7 2 1
github.com/provide-io/flavor/go/flavor/pkg/psp/format_2025/runtime.go:79.2,79.62 1 4
github.com/provide-io/flavor/go/flavor/pkg/psp/format_2025/runtime.go:79.62,81.37 2 3
github.com/provide-io/flavor/go/flavor/pkg/psp/format_2025/runtime.go:81.37,82.46 1 4
github.com/provide-io/flavor/go/flavor/pkg/psp/format_2025/runtime.go:82.46,83.26 1 4
github.com/provide-io/flavor/go/flavor/pkg/psp/format_2025/runtime.go:83.26,87.30 3 1
github.com/provide-io/flavor/go/flavor/pkg/psp/format_2025/runtime.go:87.30,88.29 1 5
github.com/provide-io/flavor/go/flavor/pkg/psp/format_2025/runtime.go:88.29,90.8 1 2
github.com/provide-io/flavor/go/flavor/pkg/psp/format_2025/runtime.go:92.6,92.35 1 1
github.com/provide-io/flavor/go/flavor/pkg/psp/format_2025/runtime.go:92.35,95.7 2 2
github.com/provide-io/flavor/go/flavor/pkg/psp/format_2025/runtime.go:96.6,96.97 1 1
github.com/provide-io/flavor/go/flavor/pkg/psp/format_2025/runtime.go:97.11,97.86 1 3
github.com/provide-io/flavor/go/flavor/pkg/psp/format_2025/runtime.go:97.86,100.30 2 1
github.com/provide-io/flavor/go/flavor/pkg/psp/format_2025/runtime.go:100.30,101.87 1 4
github.com/provide-io/flavor/go/flavor/pkg/psp/format_2025/runtime.go:101.87,103.8 1 2
github.com/provide-io/flavor/go/flavor/pkg/psp/format_2025/runtime.go:105.6,105.35 1 1
github.com/provide-io/flavor/go/flavor/pkg/psp/format_2025/runtime.go:105.35,108.7 2 2
github.com/provide-io/flavor/go/flavor/pkg/psp/format_2025/runtime.go:109.11,111.78 1 2
github.com/provide-io/flavor/go/flavor/pkg/psp/format_2025/runtime.go:111.78,114.7 2 1
github.com/provide-io/flavor/go/flavor/pkg/psp/format_2025/runtime.go:120.2,120.66 1 4
github.com/provide-io/flavor/go/flavor/pkg/psp/format_2025/runtime.go:120.66,122.32 2 3
github.com/provide-io/flavor/go/flavor/pkg/psp/format_2025/runtime.go:122.32,123.36 1 3
github.com/provide-io/flavor/go/flavor/pkg/psp/format_2025/runtime.go:123.36,124.46 1 3
github.com/provide-io/flavor/go/flavor/pkg/psp/format_2025/runtime.go:124.46,126.23 2 2
github.com/provide-io/flavor/go/flavor/pkg/psp/format_2025/runtime.go:126.23,129.7 2 1
github.com/provide-io/flavor/go/flavor/pkg/psp/format_2025/runtime.go:135.2,135.66 1 4
github.com/provide-io/flavor/go/flavor/pkg/psp/format_2025/runtime.go:135.66,137.34 2 4
github.com/provide-io/flavor/go/flavor/pkg/psp/format_2025/runtime.go:137.34,138.42 1 4
github.com/provide-io/flavor/go/flavor/pkg/psp/format_2025/runtime.go:138.42,141.5 2 4
github.com/provide-io/flavor/go/flavor/pkg/psp/format_2025/runtime.go:146.2,146.60 1 4
github.com/provide-io/flavor/go/flavor/pkg/psp/format_2025/runtime.go:146.60,148.36 2 2
github.com/provide-io/flavor/go/flavor/pkg/psp/format_2025/runtime.go:148.36,149.46 1 5
github.com/provide-io/flavor/go/flavor/pkg/psp/format_2025/runtime.go:149.46,150.79 1 5
github.com/provide-io/flavor/go/flavor/pkg/psp/format_2025/runtime.go:150.79,153.30 2 3
github.com/provide-io/flavor/go/flavor/pkg/psp/format_2025/runtime.go:153.30,154.65 1 5
github.com/provide-io/flavor/go/flavor/pkg/psp/format_2025/runtime.go:154.65,156.13 2 2
github.com/provide-io/flavor/go/flavor/pkg/psp/format_2025/runtime.go:159.6,159.16 1 3
github.com/provide-io/flavor/go/flavor/pkg/psp/format_2025/runtime.go:159.16,161.7 1 1
github.com/provide-io/flavor/go/flavor/pkg/psp/format_2025/runtime.go:161.12,163.7 1 2
github.com/provide-io/flavor/go/flavor/pkg/psp/format_2025/runtime.go:164.11,166.50 1 2
github.com/provide-io/flavor/go/flavor/pkg/psp/format_2025/runtime.go:166.50,168.7 1 1
github.com/provide-io/flavor/go/flavor/pkg/psp/format_2025/runtime.go:168.12,170.7 1 1
github.com/provide-io/flavor/go/flavor/pkg/psp/format_2025/runtime.go:176.2,177.27 2 4
github.com/provide-io/flavor/go/flavor/pkg/psp/format_2025/runtime.go:177.27,179.3 1 72
github.com/provide-io/flavor/go/flavor/pkg/psp/format_2025/runtime.go:181.2,181.15 1 4
github.com/provide-io/flavor/go/flavor/pkg/psp/format_2025/security_helpers.go:11.70,12.27 1 33
github.com/provide-io/flavor/go/flavor/pkg/psp/format_2025/security_helpers.go:12.27,14.3 1 1
github.com/provide-io/flavor/go/flavor/pkg/psp/format_2025/security_helpers.go:15.2,15.26 1 32
github.com/provide-io/flavor/go/flavor/pkg/psp/format_2025/security_helpers.go:18.70,19.41 1 5
github.com/provide-io/flavor/go/flavor/pkg/psp/format_2025/security_helpers.go:19.41,21.3 1 3
github.com/provide-io/flavor/go/flavor/pkg/psp/format_2025/security_helpers.go:22.2,22.27 1 2
github.com/provide-io/flavor/go/flavor/pkg/psp/format_2025/security_helpers.go:25.66,26.15 1 32
github.com/provide-io/flavor/go/flavor/pkg/psp/format_2025/security_helpers.go:26.15,28.3 1 1
github.com/provide-io/flavor/go/flavor/pkg/psp/format_2025/security_helpers.go:29.2,29.27 1 31
github.com/provide-io/flavor/go/flavor/pkg/psp/format_2025/security_helpers.go:32.72,34.16 2 2
github.com/provide-io/flavor/go/flavor/pkg/psp/format_2025/security_helpers.go:34.16,36.3 1 1
github.com/provide-io/flavor/go/flavor/pkg/psp/format_2025/security_helpers.go:37.2,37.26 1 1
github.com/provide-io/flavor/go/flavor/pkg/psp/format_2025/security_helpers.go:40.66,43.107 3 2
github.com/provide-io/flavor/go/flavor/pkg/psp/format_2025/security_helpers.go:43.107,45.3 1 1
github.com/provide-io/flavor/go/flavor/pkg/psp/format_2025/security_helpers.go:46.2,46.28 1 1
github.com/provide-io/flavor/go/flavor/pkg/psp/format_2025/security_helpers.go:49.59,51.2 1 2
github.com/provide-io/flavor/go/flavor/pkg/psp/format_2025/security_helpers.go:53.36,56.39 2 1
github.com/provide-io/flavor/go/flavor/pkg/psp/format_2025/security_helpers.go:56.39,58.3 1 0
github.com/provide-io/flavor/go/flavor/pkg/psp/format_2025/security_helpers.go:59.2,59.12 1 1
github.com/provide-io/flavor/go/flavor/pkg/psp/format_2025/security_helpers.go:62.39,65.39 2 1
github.com/provide-io/flavor/go/flavor/pkg/psp/format_2025/security_helpers.go:65.39,67.3 1 0
github.com/provide-io/flavor/go/flavor/pkg/psp/format_2025/security_helpers.go:68.2,68.12 1 1
github.com/provide-io/flavor/go/flavor/pkg/psp/format_2025/security_helpers.go:71.61,74.2 1 1
github.com/provide-io/flavor/go/flavor/pkg/psp/format_2025/security_helpers.go:76.83,79.2 1 16
github.com/provide-io/flavor/go/flavor/pkg/psp/format_2025/security_helpers.go:81.54,84.2 1 1
github.com/provide-io/flavor/go/flavor/pkg/psp/format_2025/security_helpers.go:86.53,89.2 1 25
github.com/provide-io/flavor/go/flavor/pkg/psp/format_2025/security_helpers.go:91.75,94.2 1 1
github.com/provide-io/flavor/go/flavor/pkg/psp/format_2025/slot_processor.go:18.46,21.2 2 5
github.com/provide-io/flavor/go/flavor/pkg/psp/format_2025/slot_processor.go:24.44,26.2 1 5
github.com/provide-io/flavor/go/flavor/pkg/psp/format_2025/slot_processor.go:66.73,74.2 1 18
github.com/provide-io/flavor/go/flavor/pkg/psp/format_2025/slot_processor.go:84.47,88.40 3 17
github.com/provide-io/flavor/go/flavor/pkg/psp/format_2025/slot_processor.go:88.40,89.50 1 9
github.com/provide-io/flavor/go/flavor/pkg/psp/format_2025/slot_processor.go:89.50,91.4 1 4
github.com/provide-io/flavor/go/flavor/pkg/psp/format_2025/slot_processor.go:94.2,94.12 1 13
github.com/provide-io/flavor/go/flavor/pkg/psp/format_2025/slot_processor.go:98.46,99.17 1 5
github.com/provide-io/flavor/go/flavor/pkg/psp/format_2025/slot_processor.go:100.17,101.11 1 0
github.com/provide-io/flavor/go/flavor/pkg/psp/format_2025/slot_processor.go:102.17,103.11 1 1
github.com/provide-io/flavor/go/flavor/pkg/psp/format_2025/slot_processor.go:104.14,105.11 1 1
github.com/provide-io/flavor/go/flavor/pkg/psp/format_2025/slot_processor.go:106.10,107.11 1 3
github.com/provide-io/flavor/go/flavor/pkg/psp/format_2025/slot_processor.go:112.50,113.19 1 5
github.com/provide-io/flavor/go/flavor/pkg/psp/format_2025/slot_processor.go:115.14,116.11 1 0
github.com/provide-io/flavor/go/flavor/pkg/psp/format_2025/slot_processor.go:117.17,118.11 1 1
github.com/provide-io/flavor/go/flavor/pkg/psp/format_2025/slot_processor.go:119.17,120.11 1 0
github.com/provide-io/flavor/go/flavor/pkg/psp/format_2025/slot_processor.go:121.18,122.11 1 0
github.com/provide-io/flavor/go/flavor/pkg/psp/format_2025/slot_processor.go:124.15,125.11 1 1
github.com/provide-io/flavor/go/flavor/pkg/psp/format_2025/slot_processor.go:126.19,127.11 1 0
github.com/provide-io/flavor/go/flavor/pkg/psp/format_2025/slot_processor.go:129.14,130.11 1 0
github.com/provide-io/flavor/go/flavor/pkg/psp/format_2025/slot_processor.go:131.15,132.11 1 0
github.com/provide-io/flavor/go/flavor/pkg/psp/format_2025/slot_processor.go:134.13,135.11 1 0
github.com/provide-io/flavor/go/flavor/pkg/psp/format_2025/slot_processor.go:136.16,137.11 1 0
github.com/provide-io/flavor/go/flavor/pkg/psp/format_2025/slot_processor.go:138.18,139.12 1 0
github.com/provide-io/flavor/go/flavor/pkg/psp/format_2025/slot_processor.go:140.10,141.11 1 3
github.com/provide-io/flavor/go/flavor/pkg/psp/format_2025/slot_processor.go:146.46,147.19 1 10
github.com/provide-io/flavor/go/flavor/pkg/psp/format_2025/slot_processor.go:147.19,149.3 1 0
github.com/provide-io/flavor/go/flavor/pkg/psp/format_2025/slot_processor.go:152.2,153.66 2 10
github.com/provide-io/flavor/go/flavor/pkg/psp/format_2025/slot_processor.go:153.66,155.3 1 10
github.com/provide-io/flavor/go/flavor/pkg/psp/format_2025/slot_processor.go:157.2,157.26 1 0
github.com/provide-io/flavor/go/flavor/pkg/psp/format_2025/slot_processor.go:178.67,180.19 1 9
github.com/provide-io/flavor/go/flavor/pkg/psp/format_2025/slot_processor.go:180.19,182.3 1 1
github.com/provide-io/flavor/go/flavor/pkg/psp/format_2025/slot_processor.go:183.2,183.23 1 8
github.com/provide-io/flavor/go/flavor/pkg/psp/format_2025/slot_processor.go:183.23,185.3 1 1
github.com/provide-io/flavor/go/flavor/pkg/psp/format_2025/slot_processor.go:186.2,186.23 1 7
github.com/provide-io/flavor/go/flavor/pkg/psp/format_2025/slot_processor.go:186.23,188.3 1 1
github.com/provide-io/flavor/go/flavor/pkg/psp/format_2025/slot_processor.go:191.2,191.27 1 6
github.com/provide-io/flavor/go/flavor/pkg/psp/format_2025/slot_processor.go:191.27,193.3 1 5
github.com/provide-io/flavor/go/flavor/pkg/psp/format_2025/slot_processor.go:194.2,194.28 1 6
github.com/provide-io/flavor/go/flavor/pkg/psp/format_2025/slot_processor.go:194.28,196.3 1 5
github.com/provide-io/flavor/go/flavor/pkg/psp/format_2025/slot_processor.go:199.2,199.45 1 6
github.com/provide-io/flavor/go/flavor/pkg/psp/format_2025/slot_processor.go:199.45,202.3 1 1
github.com/provide-io/flavor/go/flavor/pkg/psp/format_2025/slot_processor.go:204.2,208.36 2 5
github.com/provide-io/flavor/go/flavor/pkg/psp/format_2025/slot_processor.go:208.36,255.3 9 1
github.com/provide-io/flavor/go/flavor/pkg/psp/format_2025/slot_processor.go:258.2,259.16 2 4
github.com/provide-io/flavor/go/flavor/pkg/psp/format_2025/slot_processor.go:259.16,261.3 1 0
github.com/provide-io/flavor/go/flavor/pkg/psp/format_2025/slot_processor.go:264.2,285.25 5 4
github.com/provide-io/flavor/go/flavor/pkg/psp/format_2025/slot_processor.go:286.14,287.48 1 0
github.com/provide-io/flavor/go/flavor/pkg/psp/format_2025/slot_processor.go:288.23,289.56 1 1
github.com/provide-io/flavor/go/flavor/pkg/psp/format_2025/slot_processor.go:290.13,291.47 1 0
github.com/provide-io/flavor/go/flavor/pkg/psp/format_2025/slot_processor.go:292.10,293.17 1 3
github.com/provide-io/flavor/go/flavor/pkg/psp/format_2025/slot_processor.go:297.2,323.12 6 4
github.com/provide-io/flavor/go/flavor/pkg/psp/format_2025/slot_processor.go:341.82,344.45 2 5
github.com/provide-io/flavor/go/flavor/pkg/psp/format_2025/slot_processor.go:344.45,346.20 2 1
github.com/provide-io/flavor/go/flavor/pkg/psp/format_2025/slot_processor.go:346.20,348.4 1 0
github.com/provide-io/flavor/go/flavor/pkg/psp/format_2025/slot_processor.go:349.3,351.42 2 1
github.com/provide-io/flavor/go/flavor/pkg/psp/format_2025/slot_processor.go:355.2,356.16 2 5
github.com/provide-io/flavor/go/flavor/pkg/psp/format_2025/slot_processor.go:356.16,358.3 1 0
github.com/provide-io/flavor/go/flavor/pkg/psp/format_2025/slot_processor.go:360.2,366.37 3 5
github.com/provide-io/flavor/go/flavor/pkg/psp/format_2025/slot_processor.go:370.60,372.2 1 13
github.com/provide-io/flavor/go/flavor/pkg/psp/format_2025/slot_processor.go:375.55,377.2 1 13
github.com/provide-io/flavor/go/flavor/pkg/psp/format_2025/slot_processor.go:380.49,382.2 1 13
github.com/provide-io/flavor/go/flavor/pkg/psp/format_2025/slots.go:14.35,17.2 2 68
github.com/provide-io/flavor/go/flavor/pkg/psp/format_2025/slots.go:65.40,97.2 19 73
github.com/provide-io/flavor/go/flavor/pkg/psp/format_2025/slots.go:100.65,101.37 1 81
github.com/provide-io/flavor/go/flavor/pkg/psp/format_2025/slots.go:101.37,107.3 2 0
github.com/provide-io/flavor/go/flavor/pkg/psp/format_2025/slots.go:109.2,137.15 4 81
github.com/provide-io/flavor/go/flavor/pkg/psp/format_2025/slots.go:141.50,143.2 1 9
github.com/provide-io/flavor/go/flavor/pkg/psp/format_2025/slots.go:146.55,149.2 2 56
github.com/provide-io/flavor/go/flavor/pkg/psp/format_2025/trust.go:29.33,30.52 1 8
github.com/provide-io/flavor/go/flavor/pkg/psp/format_2025/trust.go:30.52,32.3 1 8
github.com/provide-io/flavor/go/flavor/pkg/psp/format_2025/trust.go:33.2,33.63 1 0
github.com/provide-io/flavor/go/flavor/pkg/psp/format_2025/trust.go:38.65,39.48 1 8
github.com/provide-io/flavor/go/flavor/pkg/psp/format_2025/trust.go:39.48,41.3 1 1
github.com/provide-io/flavor/go/flavor/pkg/psp/format_2025/trust.go:42.2,43.41 2 7
github.com/provide-io/flavor/go/flavor/pkg/psp/format_2025/trust.go:48.45,50.21 2 3
github.com/provide-io/flavor/go/flavor/pkg/psp/format_2025/trust.go:50.21,52.41 2 3
github.com/provide-io/flavor/go/flavor/pkg/psp/format_2025/trust.go:52.41,54.4 1 1
github.com/provide-io/flavor/go/flavor/pkg/psp/format_2025/trust.go:56.3,56.44 1 2
github.com/provide-io/flavor/go/flavor/pkg/psp/format_2025/trust.go:56.44,57.9 1 2
github.com/provide-io/flavor/go/flavor/pkg/psp/format_2025/trust.go:60.2,60.11 1 2
github.com/provide-io/flavor/go/flavor/pkg/psp/format_2025/trust.go:64.44,67.21 3 3
github.com/provide-io/flavor/go/flavor/pkg/psp/format_2025/trust.go:67.21,69.36 2 10
github.com/provide-io/flavor/go/flavor/pkg/psp/format_2025/trust.go:69.36,71.4 1 9
github.com/provide-io/flavor/go/flavor/pkg/psp/format_2025/trust.go:73.2,73.42 1 3
github.com/provide-io/flavor/go/flavor/pkg/psp/format_2025/trust.go:78.55,80.16 2 3
github.com/provide-io/flavor/go/flavor/pkg/psp/format_2025/trust.go:80.16,82.3 1 0
github.com/provide-io/flavor/go/flavor/pkg/psp/format_2025/trust.go:84.2,88.18 4 3
github.com/provide-io/flavor/go/flavor/pkg/psp/format_2025/trust.go:88.18,90.3 1 0
github.com/provide-io/flavor/go/flavor/pkg/psp/format_2025/trust.go:92.2,93.16 2 3
github.com/provide-io/flavor/go/flavor/pkg/psp/format_2025/trust.go:93.16,95.3 1 0
github.com/provide-io/flavor/go/flavor/pkg/psp/format_2025/trust.go:97.2,98.9 2 3
github.com/provide-io/flavor/go/flavor/pkg/psp/format_2025/trust.go:98.9,100.3 1 0
github.com/provide-io/flavor/go/flavor/pkg/psp/format_2025/trust.go:102.2,103.16 2 3
github.com/provide-io/flavor/go/flavor/pkg/psp/format_2025/trust.go:103.16,105.3 1 0
github.com/provide-io/flavor/go/flavor/pkg/psp/format_2025/trust.go:107.2,111.8 1 3
github.com/provide-io/flavor/go/flavor/pkg/psp/format_2025/trust.go:117.76,119.16 2 5
github.com/provide-io/flavor/go/flavor/pkg/psp/format_2025/trust.go:119.16,120.25 1 1
github.com/provide-io/flavor/go/flavor/pkg/psp/format_2025/trust.go:120.25,122.4 1 1
github.com/provide-io/flavor/go/flavor/pkg/psp/format_2025/trust.go:123.3,123.71 1 0
github.com/provide-io/flavor/go/flavor/pkg/psp/format_2025/trust.go:126.2,126.32 1 4
github.com/provide-io/flavor/go/flavor/pkg/psp/format_2025/trust.go:126.32,127.20 1 3
github.com/provide-io/flavor/go/flavor/pkg/psp/format_2025/trust.go:127.20,128.12 1 0
github.com/provide-io/flavor/go/flavor/pkg/psp/format_2025/trust.go:130.3,131.39 2 3
github.com/provide-io/flavor/go/flavor/pkg/psp/format_2025/trust.go:131.39,132.12 1 0
github.com/provide-io/flavor/go/flavor/pkg/psp/format_2025/trust.go:134.3,136.17 3 3
github.com/provide-io/flavor/go/flavor/pkg/psp/format_2025/trust.go:136.17,138.12 2 0
github.com/provide-io/flavor/go/flavor/pkg/psp/format_2025/trust.go:140.3,140.28 1 3
github.com/provide-io/flavor/go/flavor/pkg/psp/format_2025/trust.go:142.2,142.18 1 4
github.com/provide-io/flavor/go/flavor/pkg/psp/format_2025/trust.go:147.73,150.70 2 5
github.com/provide-io/flavor/go/flavor/pkg/psp/format_2025/trust.go:150.70,152.3 1 0
github.com/provide-io/flavor/go/flavor/pkg/psp/format_2025/trust.go:154.2,154.19 1 5
github.com/provide-io/flavor/go/flavor/pkg/psp/format_2025/trust.go:154.19,156.58 2 0
github.com/provide-io/flavor/go/flavor/pkg/psp/format_2025/trust.go:156.58,158.4 1 0
github.com/provide-io/flavor/go/flavor/pkg/psp/format_2025/trust.go:161.2,161.18 1 5
github.com/provide-io/flavor/go/flavor/pkg/psp/format_2025/trust.go:166.74,169.44 3 3
github.com/provide-io/flavor/go/flavor/pkg/psp/format_2025/trust.go:169.44,171.3 1 2
github.com/provide-io/flavor/go/flavor/pkg/psp/format_2025/trust.go:173.2,174.19 2 3
github.com/provide-io/flavor/go/flavor/pkg/psp/format_2025/trust.go:174.19,176.44 2 0
github.com/provide-io/flavor/go/flavor/pkg/psp/format_2025/trust.go:176.44,178.4 1 0
github.com/provide-io/flavor/go/flavor/pkg/psp/format_2025/trust.go:181.2,181.31 1 3
github.com/provide-io/flavor/go/flavor/pkg/psp/format_2025/trust.go:181.31,183.3 1 1
github.com/provide-io/flavor/go/flavor/pkg/psp/format_2025/trust.go:185.2,186.16 2 2
github.com/provide-io/flavor/go/flavor/pkg/psp/format_2025/trust.go:186.16,188.3 1 0
github.com/provide-io/flavor/go/flavor/pkg/psp/format_2025/trust.go:190.2,192.21 3 2
github.com/provide-io/flavor/go/flavor/pkg/psp/format_2025/utils.go:5.44,7.65 1 3
github.com/provide-io/flavor/go/flavor/pkg/psp/format_2025/utils.go:7.65,9.3 1 2
github.com/provide-io/flavor/go/flavor/pkg/psp/format_2025/utils.go:12.2,12.11 1 1
github.com/provide-io/flavor/go/flavor/pkg/psp/format_2025/utils.go:15.55,17.2 1 20
