
*** src/psp/format_2025/backends.rs:137:24: replace > with >= in <impl Backend for MMapBackend>::read_at

*** mutation diff:
--- src/psp/format_2025/backends.rs
+++ replace > with >= in <impl Backend for MMapBackend>::read_at
@@ -129,17 +129,17 @@
         self.mmap = None;
         self.file = None;
         self.path = None;
         Ok(())
     }
 
     fn read_at(&mut self, offset: u64, size: usize) -> Result<Vec<u8>> {
         trace!("🔍 Safe file read_at: offset={}, size={}", offset, size);
-        if size as u64 > MAX_SLOT_SIZE {
+        if size as u64 >= /* ~ changed by cargo-mutants ~ */ MAX_SLOT_SIZE {
             return Err(FlavorError::Generic(format!(
                 "Read size {} exceeds maximum allowed ({} bytes)",
                 size, MAX_SLOT_SIZE
             )));
         }
         if let Some(file) = &mut self.file {
             let timer = Instant::now();
             file.seek(SeekFrom::Start(offset))


*** /Users/tim/.rustup/toolchains/stable-aarch64-apple-darwin/bin/cargo test --no-run --verbose --package=flavor@0.3.21 --all-features
       Fresh cfg-if v1.0.4
       Fresh version_check v0.9.5
       Fresh bitflags v2.11.0
       Fresh unicode-ident v1.0.24
       Fresh memchr v2.8.0
       Fresh utf8parse v0.2.2
       Fresh autocfg v1.5.0
       Fresh semver v1.0.27
       Fresh regex-syntax v0.8.10
       Fresh anstyle-query v1.1.5
       Fresh is_terminal_polyfill v1.70.2
       Fresh anstyle v1.0.14
       Fresh colorchoice v1.0.5
       Fresh fastrand v2.3.0
       Fresh libc v0.2.183
       Fresh aho-corasick v1.1.4
       Fresh anstyle-parse v1.0.0
       Fresh rustc_version v0.4.1
       Fresh once_cell v1.21.4
       Fresh adler2 v2.0.1
       Fresh signature v2.2.0
       Fresh log v0.4.29
       Fresh core-foundation-sys v0.8.7
       Fresh zeroize v1.8.2
       Fresh errno v0.3.14
       Fresh typenum v1.19.0
       Fresh proc-macro2 v1.0.106
       Fresh zerocopy v0.8.48
       Fresh getrandom v0.3.4
       Fresh regex-automata v0.4.14
       Fresh anstream v1.0.0
       Fresh getrandom v0.2.17
       Fresh getrandom v0.4.2
       Fresh serde_core v1.0.228
       Fresh cpufeatures v0.2.17
       Fresh subtle v2.6.1
       Fresh strsim v0.11.1
       Fresh simd-adler32 v0.3.9
       Fresh clap_lex v1.1.0
       Fresh heck v0.5.0
       Fresh filetime v0.2.27
       Fresh crc32fast v1.5.0
       Fresh wait-timeout v0.2.1
       Fresh generic-array v0.14.7
       Fresh rustix v1.1.4
       Fresh quote v1.0.45
       Fresh ppv-lite86 v0.2.21
       Fresh rand_core v0.9.5
       Fresh regex v1.12.3
       Fresh rand_core v0.6.4
       Fresh num-traits v0.2.19
       Fresh rustix v0.38.44
       Fresh signal-hook-registry v1.4.8
       Fresh miniz_oxide v0.8.9
       Fresh clap_builder v4.6.0
       Fresh zmij v1.0.21
       Fresh ed25519 v2.2.3
       Fresh iana-time-zone v0.1.65
       Fresh fnv v1.0.7
       Fresh base64 v0.22.1
       Fresh home v0.5.11
       Fresh bit-vec v0.8.0
       Fresh quick-error v1.2.3
       Fresh crypto-common v0.1.7
       Fresh block-buffer v0.10.4
       Fresh syn v2.0.117
       Fresh tempfile v3.27.0
       Fresh xattr v1.6.1
       Fresh rand_chacha v0.3.1
       Fresh env_filter v1.0.1
       Fresh either v1.15.0
       Fresh jiff v0.2.23
       Fresh itoa v1.0.18
       Fresh chrono v0.4.44
       Fresh anyhow v1.0.102
       Fresh bit-set v0.8.0
       Fresh pem v3.0.6
       Fresh gethostname v0.5.0
       Fresh rand v0.9.2
       Fresh signal-hook v0.3.18
       Fresh rand_xorshift v0.4.0
       Fresh flate2 v1.1.9
       Fresh rand_chacha v0.9.0
       Fresh fs2 v0.4.3
       Fresh memmap2 v0.9.10
       Fresh glob v0.3.3
       Fresh hex v0.4.3
       Fresh digest v0.10.7
       Fresh clap_derive v4.6.0
       Fresh serde_derive v1.0.228
       Fresh rand v0.8.5
       Fresh env_logger v0.11.10
       Fresh rusty-fork v0.3.1
       Fresh serde_json v1.0.149
       Dirty flavor v0.3.21 (/private/var/folders/sg/wy47gw996f78fznt898m8x540000gn/T/cargo-mutants-flavor-rs-AJnnRY.tmp): the file `../../VERSION` is missing
   Compiling flavor v0.3.21 (/private/var/folders/sg/wy47gw996f78fznt898m8x540000gn/T/cargo-mutants-flavor-rs-AJnnRY.tmp)
       Fresh which v6.0.3
       Fresh tar v0.4.45
       Fresh unarray v0.1.4
     Running `/private/var/folders/sg/wy47gw996f78fznt898m8x540000gn/T/cargo-mutants-flavor-rs-AJnnRY.tmp/target/debug/build/flavor-d6cea4267b429fe1/build-script-build`
       Fresh sha2 v0.10.9
       Fresh curve25519-dalek v4.1.3
       Fresh serde v1.0.228
       Fresh clap v4.6.0
       Fresh proptest v1.11.0
       Fresh ed25519-dalek v2.2.0
     Running `/Users/tim/.rustup/toolchains/stable-aarch64-apple-darwin/bin/rustc --crate-name flavor --edition=2024 src/lib.rs --error-format=json --json=diagnostic-rendered-ansi,artifacts,future-incompat --crate-type lib --emit=dep-info,metadata,link -C embed-bitcode=no -C debuginfo=2 -C split-debuginfo=unpacked --cfg 'feature="default"' --check-cfg 'cfg(docsrs,test)' --check-cfg 'cfg(feature, values("default"))' -C metadata=638a3856e0fcd0df -C extra-filename=-88d82f8937f7a117 --out-dir /private/var/folders/sg/wy47gw996f78fznt898m8x540000gn/T/cargo-mutants-flavor-rs-AJnnRY.tmp/target/debug/deps -C incremental=/private/var/folders/sg/wy47gw996f78fznt898m8x540000gn/T/cargo-mutants-flavor-rs-AJnnRY.tmp/target/debug/incremental -L dependency=/private/var/folders/sg/wy47gw996f78fznt898m8x540000gn/T/cargo-mutants-flavor-rs-AJnnRY.tmp/target/debug/deps --extern adler2=/private/var/folders/sg/wy47gw996f78fznt898m8x540000gn/T/cargo-mutants-flavor-rs-AJnnRY.tmp/target/debug/deps/libadler2-1237be17f08066aa.rmeta --extern anyhow=/private/var/folders/sg/wy47gw996f78fznt898m8x540000gn/T/cargo-mutants-flavor-rs-AJnnRY.tmp/target/debug/deps/libanyhow-d9b6d410a1361442.rmeta --extern chrono=/private/var/folders/sg/wy47gw996f78fznt898m8x540000gn/T/cargo-mutants-flavor-rs-AJnnRY.tmp/target/debug/deps/libchrono-b7affcfd136ee226.rmeta --extern clap=/private/var/folders/sg/wy47gw996f78fznt898m8x540000gn/T/cargo-mutants-flavor-rs-AJnnRY.tmp/target/debug/deps/libclap-c2746911242c53dc.rmeta --extern ed25519_dalek=/private/var/folders/sg/wy47gw996f78fznt898m8x540000gn/T/cargo-mutants-flavor-rs-AJnnRY.tmp/target/debug/deps/libed25519_dalek-42293ea3dc57f31c.rmeta --extern env_logger=/private/var/folders/sg/wy47gw996f78fznt898m8x540000gn/T/cargo-mutants-flavor-rs-AJnnRY.tmp/target/debug/deps/libenv_logger-75173f29843c9a52.rmeta --extern flate2=/private/var/folders/sg/wy47gw996f78fznt898m8x540000gn/T/cargo-mutants-flavor-rs-AJnnRY.tmp/target/debug/deps/libflate2-96cd3d855b9115ec.rmeta --extern fs2=/private/var/folders/sg/wy47gw996f78fznt898m8x540000gn/T/cargo-mutants-flavor-rs-AJnnRY.tmp/target/debug/deps/libfs2-71900ee401453af8.rmeta --extern gethostname=/private/var/folders/sg/wy47gw996f78fznt898m8x540000gn/T/cargo-mutants-flavor-rs-AJnnRY.tmp/target/debug/deps/libgethostname-e6576ba3912663df.rmeta --extern glob=/private/var/folders/sg/wy47gw996f78fznt898m8x540000gn/T/cargo-mutants-flavor-rs-AJnnRY.tmp/target/debug/deps/libglob-56daeb017c976e69.rmeta --extern hex=/private/var/folders/sg/wy47gw996f78fznt898m8x540000gn/T/cargo-mutants-flavor-rs-AJnnRY.tmp/target/debug/deps/libhex-6a16846156d7c862.rmeta --extern libc=/private/var/folders/sg/wy47gw996f78fznt898m8x540000gn/T/cargo-mutants-flavor-rs-AJnnRY.tmp/target/debug/deps/liblibc-26979bb06dae4666.rmeta --extern log=/private/var/folders/sg/wy47gw996f78fznt898m8x540000gn/T/cargo-mutants-flavor-rs-AJnnRY.tmp/target/debug/deps/liblog-8a7d20b8c005bc83.rmeta --extern memmap2=/private/var/folders/sg/wy47gw996f78fznt898m8x540000gn/T/cargo-mutants-flavor-rs-AJnnRY.tmp/target/debug/deps/libmemmap2-413e3a480d8f5878.rmeta --extern pem=/private/var/folders/sg/wy47gw996f78fznt898m8x540000gn/T/cargo-mutants-flavor-rs-AJnnRY.tmp/target/debug/deps/libpem-baee24606d736ef7.rmeta --extern rand=/private/var/folders/sg/wy47gw996f78fznt898m8x540000gn/T/cargo-mutants-flavor-rs-AJnnRY.tmp/target/debug/deps/librand-a25bcd883a2e2285.rmeta --extern serde=/private/var/folders/sg/wy47gw996f78fznt898m8x540000gn/T/cargo-mutants-flavor-rs-AJnnRY.tmp/target/debug/deps/libserde-02be1dd65d3ef57a.rmeta --extern serde_json=/private/var/folders/sg/wy47gw996f78fznt898m8x540000gn/T/cargo-mutants-flavor-rs-AJnnRY.tmp/target/debug/deps/libserde_json-469eaea1fff499db.rmeta --extern sha2=/private/var/folders/sg/wy47gw996f78fznt898m8x540000gn/T/cargo-mutants-flavor-rs-AJnnRY.tmp/target/debug/deps/libsha2-28b9a530c85e9fef.rmeta --extern signal_hook=/private/var/folders/sg/wy47gw996f78fznt898m8x540000gn/T/cargo-mutants-flavor-rs-AJnnRY.tmp/target/debug/deps/libsignal_hook-0a34b12e866764fc.rmeta --extern tar=/private/var/folders/sg/wy47gw996f78fznt898m8x540000gn/T/cargo-mutants-flavor-rs-AJnnRY.tmp/target/debug/deps/libtar-9468371f38505d5a.rmeta --extern tempfile=/private/var/folders/sg/wy47gw996f78fznt898m8x540000gn/T/cargo-mutants-flavor-rs-AJnnRY.tmp/target/debug/deps/libtempfile-f67b0e214d8dd2e3.rmeta --extern which=/private/var/folders/sg/wy47gw996f78fznt898m8x540000gn/T/cargo-mutants-flavor-rs-AJnnRY.tmp/target/debug/deps/libwhich-a2a3c9536beaf592.rmeta`
     Running `/Users/tim/.rustup/toolchains/stable-aarch64-apple-darwin/bin/rustc --crate-name flavor --edition=2024 src/lib.rs --error-format=json --json=diagnostic-rendered-ansi,artifacts,future-incompat --emit=dep-info,link -C embed-bitcode=no -C debuginfo=2 -C split-debuginfo=unpacked --test --cfg 'feature="default"' --check-cfg 'cfg(docsrs,test)' --check-cfg 'cfg(feature, values("default"))' -C metadata=b72348e8a9d7df2e -C extra-filename=-19035fd48ff337ba --out-dir /private/var/folders/sg/wy47gw996f78fznt898m8x540000gn/T/cargo-mutants-flavor-rs-AJnnRY.tmp/target/debug/deps -C incremental=/private/var/folders/sg/wy47gw996f78fznt898m8x540000gn/T/cargo-mutants-flavor-rs-AJnnRY.tmp/target/debug/incremental -L dependency=/private/var/folders/sg/wy47gw996f78fznt898m8x540000gn/T/cargo-mutants-flavor-rs-AJnnRY.tmp/target/debug/deps --extern adler2=/private/var/folders/sg/wy47gw996f78fznt898m8x540000gn/T/cargo-mutants-flavor-rs-AJnnRY.tmp/target/debug/deps/libadler2-1237be17f08066aa.rlib --extern anyhow=/private/var/folders/sg/wy47gw996f78fznt898m8x540000gn/T/cargo-mutants-flavor-rs-AJnnRY.tmp/target/debug/deps/libanyhow-d9b6d410a1361442.rlib --extern chrono=/private/var/folders/sg/wy47gw996f78fznt898m8x540000gn/T/cargo-mutants-flavor-rs-AJnnRY.tmp/target/debug/deps/libchrono-b7affcfd136ee226.rlib --extern clap=/private/var/folders/sg/wy47gw996f78fznt898m8x540000gn/T/cargo-mutants-flavor-rs-AJnnRY.tmp/target/debug/deps/libclap-c2746911242c53dc.rlib --extern ed25519_dalek=/private/var/folders/sg/wy47gw996f78fznt898m8x540000gn/T/cargo-mutants-flavor-rs-AJnnRY.tmp/target/debug/deps/libed25519_dalek-42293ea3dc57f31c.rlib --extern env_logger=/private/var/folders/sg/wy47gw996f78fznt898m8x540000gn/T/cargo-mutants-flavor-rs-AJnnRY.tmp/target/debug/deps/libenv_logger-75173f29843c9a52.rlib --extern flate2=/private/var/folders/sg/wy47gw996f78fznt898m8x540000gn/T/cargo-mutants-flavor-rs-AJnnRY.tmp/target/debug/deps/libflate2-96cd3d855b9115ec.rlib --extern fs2=/private/var/folders/sg/wy47gw996f78fznt898m8x540000gn/T/cargo-mutants-flavor-rs-AJnnRY.tmp/target/debug/deps/libfs2-71900ee401453af8.rlib --extern gethostname=/private/var/folders/sg/wy47gw996f78fznt898m8x540000gn/T/cargo-mutants-flavor-rs-AJnnRY.tmp/target/debug/deps/libgethostname-e6576ba3912663df.rlib --extern glob=/private/var/folders/sg/wy47gw996f78fznt898m8x540000gn/T/cargo-mutants-flavor-rs-AJnnRY.tmp/target/debug/deps/libglob-56daeb017c976e69.rlib --extern hex=/private/var/folders/sg/wy47gw996f78fznt898m8x540000gn/T/cargo-mutants-flavor-rs-AJnnRY.tmp/target/debug/deps/libhex-6a16846156d7c862.rlib --extern libc=/private/var/folders/sg/wy47gw996f78fznt898m8x540000gn/T/cargo-mutants-flavor-rs-AJnnRY.tmp/target/debug/deps/liblibc-26979bb06dae4666.rlib --extern log=/private/var/folders/sg/wy47gw996f78fznt898m8x540000gn/T/cargo-mutants-flavor-rs-AJnnRY.tmp/target/debug/deps/liblog-8a7d20b8c005bc83.rlib --extern memmap2=/private/var/folders/sg/wy47gw996f78fznt898m8x540000gn/T/cargo-mutants-flavor-rs-AJnnRY.tmp/target/debug/deps/libmemmap2-413e3a480d8f5878.rlib --extern pem=/private/var/folders/sg/wy47gw996f78fznt898m8x540000gn/T/cargo-mutants-flavor-rs-AJnnRY.tmp/target/debug/deps/libpem-baee24606d736ef7.rlib --extern proptest=/private/var/folders/sg/wy47gw996f78fznt898m8x540000gn/T/cargo-mutants-flavor-rs-AJnnRY.tmp/target/debug/deps/libproptest-387450d3dcbd40ff.rlib --extern rand=/private/var/folders/sg/wy47gw996f78fznt898m8x540000gn/T/cargo-mutants-flavor-rs-AJnnRY.tmp/target/debug/deps/librand-a25bcd883a2e2285.rlib --extern serde=/private/var/folders/sg/wy47gw996f78fznt898m8x540000gn/T/cargo-mutants-flavor-rs-AJnnRY.tmp/target/debug/deps/libserde-02be1dd65d3ef57a.rlib --extern serde_json=/private/var/folders/sg/wy47gw996f78fznt898m8x540000gn/T/cargo-mutants-flavor-rs-AJnnRY.tmp/target/debug/deps/libserde_json-469eaea1fff499db.rlib --extern sha2=/private/var/folders/sg/wy47gw996f78fznt898m8x540000gn/T/cargo-mutants-flavor-rs-AJnnRY.tmp/target/debug/deps/libsha2-28b9a530c85e9fef.rlib --extern signal_hook=/private/var/folders/sg/wy47gw996f78fznt898m8x540000gn/T/cargo-mutants-flavor-rs-AJnnRY.tmp/target/debug/deps/libsignal_hook-0a34b12e866764fc.rlib --extern tar=/private/var/folders/sg/wy47gw996f78fznt898m8x540000gn/T/cargo-mutants-flavor-rs-AJnnRY.tmp/target/debug/deps/libtar-9468371f38505d5a.rlib --extern tempfile=/private/var/folders/sg/wy47gw996f78fznt898m8x540000gn/T/cargo-mutants-flavor-rs-AJnnRY.tmp/target/debug/deps/libtempfile-f67b0e214d8dd2e3.rlib --extern which=/private/var/folders/sg/wy47gw996f78fznt898m8x540000gn/T/cargo-mutants-flavor-rs-AJnnRY.tmp/target/debug/deps/libwhich-a2a3c9536beaf592.rlib`
     Running `/Users/tim/.rustup/toolchains/stable-aarch64-apple-darwin/bin/rustc --crate-name flavor_rs_builder --edition=2024 src/bin/flavor-rs-builder.rs --error-format=json --json=diagnostic-rendered-ansi,artifacts,future-incompat --emit=dep-info,link -C embed-bitcode=no -C debuginfo=2 -C split-debuginfo=unpacked --test --cfg 'feature="default"' --check-cfg 'cfg(docsrs,test)' --check-cfg 'cfg(feature, values("default"))' -C metadata=069fa1d69c2b4683 -C extra-filename=-8b703e7e9be23f48 --out-dir /private/var/folders/sg/wy47gw996f78fznt898m8x540000gn/T/cargo-mutants-flavor-rs-AJnnRY.tmp/target/debug/deps -C incremental=/private/var/folders/sg/wy47gw996f78fznt898m8x540000gn/T/cargo-mutants-flavor-rs-AJnnRY.tmp/target/debug/incremental -L dependency=/private/var/folders/sg/wy47gw996f78fznt898m8x540000gn/T/cargo-mutants-flavor-rs-AJnnRY.tmp/target/debug/deps --extern adler2=/private/var/folders/sg/wy47gw996f78fznt898m8x540000gn/T/cargo-mutants-flavor-rs-AJnnRY.tmp/target/debug/deps/libadler2-1237be17f08066aa.rlib --extern anyhow=/private/var/folders/sg/wy47gw996f78fznt898m8x540000gn/T/cargo-mutants-flavor-rs-AJnnRY.tmp/target/debug/deps/libanyhow-d9b6d410a1361442.rlib --extern chrono=/private/var/folders/sg/wy47gw996f78fznt898m8x540000gn/T/cargo-mutants-flavor-rs-AJnnRY.tmp/target/debug/deps/libchrono-b7affcfd136ee226.rlib --extern clap=/private/var/folders/sg/wy47gw996f78fznt898m8x540000gn/T/cargo-mutants-flavor-rs-AJnnRY.tmp/target/debug/deps/libclap-c2746911242c53dc.rlib --extern ed25519_dalek=/private/var/folders/sg/wy47gw996f78fznt898m8x540000gn/T/cargo-mutants-flavor-rs-AJnnRY.tmp/target/debug/deps/libed25519_dalek-42293ea3dc57f31c.rlib --extern env_logger=/private/var/folders/sg/wy47gw996f78fznt898m8x540000gn/T/cargo-mutants-flavor-rs-AJnnRY.tmp/target/debug/deps/libenv_logger-75173f29843c9a52.rlib --extern flate2=/private/var/folders/sg/wy47gw996f78fznt898m8x540000gn/T/cargo-mutants-flavor-rs-AJnnRY.tmp/target/debug/deps/libflate2-96cd3d855b9115ec.rlib --extern flavor=/private/var/folders/sg/wy47gw996f78fznt898m8x540000gn/T/cargo-mutants-flavor-rs-AJnnRY.tmp/target/debug/deps/libflavor-88d82f8937f7a117.rlib --extern fs2=/private/var/folders/sg/wy47gw996f78fznt898m8x540000gn/T/cargo-mutants-flavor-rs-AJnnRY.tmp/target/debug/deps/libfs2-71900ee401453af8.rlib --extern gethostname=/private/var/folders/sg/wy47gw996f78fznt898m8x540000gn/T/cargo-mutants-flavor-rs-AJnnRY.tmp/target/debug/deps/libgethostname-e6576ba3912663df.rlib --extern glob=/private/var/folders/sg/wy47gw996f78fznt898m8x540000gn/T/cargo-mutants-flavor-rs-AJnnRY.tmp/target/debug/deps/libglob-56daeb017c976e69.rlib --extern hex=/private/var/folders/sg/wy47gw996f78fznt898m8x540000gn/T/cargo-mutants-flavor-rs-AJnnRY.tmp/target/debug/deps/libhex-6a16846156d7c862.rlib --extern libc=/private/var/folders/sg/wy47gw996f78fznt898m8x540000gn/T/cargo-mutants-flavor-rs-AJnnRY.tmp/target/debug/deps/liblibc-26979bb06dae4666.rlib --extern log=/private/var/folders/sg/wy47gw996f78fznt898m8x540000gn/T/cargo-mutants-flavor-rs-AJnnRY.tmp/target/debug/deps/liblog-8a7d20b8c005bc83.rlib --extern memmap2=/private/var/folders/sg/wy47gw996f78fznt898m8x540000gn/T/cargo-mutants-flavor-rs-AJnnRY.tmp/target/debug/deps/libmemmap2-413e3a480d8f5878.rlib --extern pem=/private/var/folders/sg/wy47gw996f78fznt898m8x540000gn/T/cargo-mutants-flavor-rs-AJnnRY.tmp/target/debug/deps/libpem-baee24606d736ef7.rlib --extern proptest=/private/var/folders/sg/wy47gw996f78fznt898m8x540000gn/T/cargo-mutants-flavor-rs-AJnnRY.tmp/target/debug/deps/libproptest-387450d3dcbd40ff.rlib --extern rand=/private/var/folders/sg/wy47gw996f78fznt898m8x540000gn/T/cargo-mutants-flavor-rs-AJnnRY.tmp/target/debug/deps/librand-a25bcd883a2e2285.rlib --extern serde=/private/var/folders/sg/wy47gw996f78fznt898m8x540000gn/T/cargo-mutants-flavor-rs-AJnnRY.tmp/target/debug/deps/libserde-02be1dd65d3ef57a.rlib --extern serde_json=/private/var/folders/sg/wy47gw996f78fznt898m8x540000gn/T/cargo-mutants-flavor-rs-AJnnRY.tmp/target/debug/deps/libserde_json-469eaea1fff499db.rlib --extern sha2=/private/var/folders/sg/wy47gw996f78fznt898m8x540000gn/T/cargo-mutants-flavor-rs-AJnnRY.tmp/target/debug/deps/libsha2-28b9a530c85e9fef.rlib --extern signal_hook=/private/var/folders/sg/wy47gw996f78fznt898m8x540000gn/T/cargo-mutants-flavor-rs-AJnnRY.tmp/target/debug/deps/libsignal_hook-0a34b12e866764fc.rlib --extern tar=/private/var/folders/sg/wy47gw996f78fznt898m8x540000gn/T/cargo-mutants-flavor-rs-AJnnRY.tmp/target/debug/deps/libtar-9468371f38505d5a.rlib --extern tempfile=/private/var/folders/sg/wy47gw996f78fznt898m8x540000gn/T/cargo-mutants-flavor-rs-AJnnRY.tmp/target/debug/deps/libtempfile-f67b0e214d8dd2e3.rlib --extern which=/private/var/folders/sg/wy47gw996f78fznt898m8x540000gn/T/cargo-mutants-flavor-rs-AJnnRY.tmp/target/debug/deps/libwhich-a2a3c9536beaf592.rlib`
     Running `/Users/tim/.rustup/toolchains/stable-aarch64-apple-darwin/bin/rustc --crate-name flavor_rs_launcher --edition=2024 src/bin/flavor-rs-launcher.rs --error-format=json --json=diagnostic-rendered-ansi,artifacts,future-incompat --emit=dep-info,link -C embed-bitcode=no -C debuginfo=2 -C split-debuginfo=unpacked --test --cfg 'feature="default"' --check-cfg 'cfg(docsrs,test)' --check-cfg 'cfg(feature, values("default"))' -C metadata=1e86bd574fcae1c3 -C extra-filename=-30d5c8f9cc0f7e8a --out-dir /private/var/folders/sg/wy47gw996f78fznt898m8x540000gn/T/cargo-mutants-flavor-rs-AJnnRY.tmp/target/debug/deps -C incremental=/private/var/folders/sg/wy47gw996f78fznt898m8x540000gn/T/cargo-mutants-flavor-rs-AJnnRY.tmp/target/debug/incremental -L dependency=/private/var/folders/sg/wy47gw996f78fznt898m8x540000gn/T/cargo-mutants-flavor-rs-AJnnRY.tmp/target/debug/deps --extern adler2=/private/var/folders/sg/wy47gw996f78fznt898m8x540000gn/T/cargo-mutants-flavor-rs-AJnnRY.tmp/target/debug/deps/libadler2-1237be17f08066aa.rlib --extern anyhow=/private/var/folders/sg/wy47gw996f78fznt898m8x540000gn/T/cargo-mutants-flavor-rs-AJnnRY.tmp/target/debug/deps/libanyhow-d9b6d410a1361442.rlib --extern chrono=/private/var/folders/sg/wy47gw996f78fznt898m8x540000gn/T/cargo-mutants-flavor-rs-AJnnRY.tmp/target/debug/deps/libchrono-b7affcfd136ee226.rlib --extern clap=/private/var/folders/sg/wy47gw996f78fznt898m8x540000gn/T/cargo-mutants-flavor-rs-AJnnRY.tmp/target/debug/deps/libclap-c2746911242c53dc.rlib --extern ed25519_dalek=/private/var/folders/sg/wy47gw996f78fznt898m8x540000gn/T/cargo-mutants-flavor-rs-AJnnRY.tmp/target/debug/deps/libed25519_dalek-42293ea3dc57f31c.rlib --extern env_logger=/private/var/folders/sg/wy47gw996f78fznt898m8x540000gn/T/cargo-mutants-flavor-rs-AJnnRY.tmp/target/debug/deps/libenv_logger-75173f29843c9a52.rlib --extern flate2=/private/var/folders/sg/wy47gw996f78fznt898m8x540000gn/T/cargo-mutants-flavor-rs-AJnnRY.tmp/target/debug/deps/libflate2-96cd3d855b9115ec.rlib --extern flavor=/private/var/folders/sg/wy47gw996f78fznt898m8x540000gn/T/cargo-mutants-flavor-rs-AJnnRY.tmp/target/debug/deps/libflavor-88d82f8937f7a117.rlib --extern fs2=/private/var/folders/sg/wy47gw996f78fznt898m8x540000gn/T/cargo-mutants-flavor-rs-AJnnRY.tmp/target/debug/deps/libfs2-71900ee401453af8.rlib --extern gethostname=/private/var/folders/sg/wy47gw996f78fznt898m8x540000gn/T/cargo-mutants-flavor-rs-AJnnRY.tmp/target/debug/deps/libgethostname-e6576ba3912663df.rlib --extern glob=/private/var/folders/sg/wy47gw996f78fznt898m8x540000gn/T/cargo-mutants-flavor-rs-AJnnRY.tmp/target/debug/deps/libglob-56daeb017c976e69.rlib --extern hex=/private/var/folders/sg/wy47gw996f78fznt898m8x540000gn/T/cargo-mutants-flavor-rs-AJnnRY.tmp/target/debug/deps/libhex-6a16846156d7c862.rlib --extern libc=/private/var/folders/sg/wy47gw996f78fznt898m8x540000gn/T/cargo-mutants-flavor-rs-AJnnRY.tmp/target/debug/deps/liblibc-26979bb06dae4666.rlib --extern log=/private/var/folders/sg/wy47gw996f78fznt898m8x540000gn/T/cargo-mutants-flavor-rs-AJnnRY.tmp/target/debug/deps/liblog-8a7d20b8c005bc83.rlib --extern memmap2=/private/var/folders/sg/wy47gw996f78fznt898m8x540000gn/T/cargo-mutants-flavor-rs-AJnnRY.tmp/target/debug/deps/libmemmap2-413e3a480d8f5878.rlib --extern pem=/private/var/folders/sg/wy47gw996f78fznt898m8x540000gn/T/cargo-mutants-flavor-rs-AJnnRY.tmp/target/debug/deps/libpem-baee24606d736ef7.rlib --extern proptest=/private/var/folders/sg/wy47gw996f78fznt898m8x540000gn/T/cargo-mutants-flavor-rs-AJnnRY.tmp/target/debug/deps/libproptest-387450d3dcbd40ff.rlib --extern rand=/private/var/folders/sg/wy47gw996f78fznt898m8x540000gn/T/cargo-mutants-flavor-rs-AJnnRY.tmp/target/debug/deps/librand-a25bcd883a2e2285.rlib --extern serde=/private/var/folders/sg/wy47gw996f78fznt898m8x540000gn/T/cargo-mutants-flavor-rs-AJnnRY.tmp/target/debug/deps/libserde-02be1dd65d3ef57a.rlib --extern serde_json=/private/var/folders/sg/wy47gw996f78fznt898m8x540000gn/T/cargo-mutants-flavor-rs-AJnnRY.tmp/target/debug/deps/libserde_json-469eaea1fff499db.rlib --extern sha2=/private/var/folders/sg/wy47gw996f78fznt898m8x540000gn/T/cargo-mutants-flavor-rs-AJnnRY.tmp/target/debug/deps/libsha2-28b9a530c85e9fef.rlib --extern signal_hook=/private/var/folders/sg/wy47gw996f78fznt898m8x540000gn/T/cargo-mutants-flavor-rs-AJnnRY.tmp/target/debug/deps/libsignal_hook-0a34b12e866764fc.rlib --extern tar=/private/var/folders/sg/wy47gw996f78fznt898m8x540000gn/T/cargo-mutants-flavor-rs-AJnnRY.tmp/target/debug/deps/libtar-9468371f38505d5a.rlib --extern tempfile=/private/var/folders/sg/wy47gw996f78fznt898m8x540000gn/T/cargo-mutants-flavor-rs-AJnnRY.tmp/target/debug/deps/libtempfile-f67b0e214d8dd2e3.rlib --extern which=/private/var/folders/sg/wy47gw996f78fznt898m8x540000gn/T/cargo-mutants-flavor-rs-AJnnRY.tmp/target/debug/deps/libwhich-a2a3c9536beaf592.rlib`
    Finished `test` profile [unoptimized + debuginfo] target(s) in 1.42s
  Executable `/private/var/folders/sg/wy47gw996f78fznt898m8x540000gn/T/cargo-mutants-flavor-rs-AJnnRY.tmp/target/debug/deps/flavor-19035fd48ff337ba`
  Executable `/private/var/folders/sg/wy47gw996f78fznt898m8x540000gn/T/cargo-mutants-flavor-rs-AJnnRY.tmp/target/debug/deps/flavor_rs_builder-8b703e7e9be23f48`
  Executable `/private/var/folders/sg/wy47gw996f78fznt898m8x540000gn/T/cargo-mutants-flavor-rs-AJnnRY.tmp/target/debug/deps/flavor_rs_launcher-30d5c8f9cc0f7e8a`

*** result: Success

*** /Users/tim/.rustup/toolchains/stable-aarch64-apple-darwin/bin/cargo test --verbose --package=flavor@0.3.21 --all-features
       Fresh cfg-if v1.0.4
       Fresh version_check v0.9.5
       Fresh bitflags v2.11.0
       Fresh unicode-ident v1.0.24
       Fresh memchr v2.8.0
       Fresh utf8parse v0.2.2
       Fresh regex-syntax v0.8.10
       Fresh semver v1.0.27
       Fresh autocfg v1.5.0
       Fresh colorchoice v1.0.5
       Fresh anstyle v1.0.14
       Fresh is_terminal_polyfill v1.70.2
       Fresh anstyle-query v1.1.5
       Fresh once_cell v1.21.4
       Fresh fastrand v2.3.0
       Fresh libc v0.2.183
       Fresh rustc_version v0.4.1
       Fresh aho-corasick v1.1.4
       Fresh anstyle-parse v1.0.0
       Fresh signature v2.2.0
       Fresh zeroize v1.8.2
       Fresh heck v0.5.0
       Fresh clap_lex v1.1.0
       Fresh core-foundation-sys v0.8.7
       Fresh subtle v2.6.1
       Fresh strsim v0.11.1
       Fresh errno v0.3.14
       Fresh typenum v1.19.0
       Fresh proc-macro2 v1.0.106
       Fresh zerocopy v0.8.48
       Fresh getrandom v0.3.4
       Fresh anstream v1.0.0
       Fresh regex-automata v0.4.14
       Fresh getrandom v0.2.17
       Fresh getrandom v0.4.2
       Fresh cpufeatures v0.2.17
       Fresh serde_core v1.0.228
       Fresh adler2 v2.0.1
       Fresh log v0.4.29
       Fresh simd-adler32 v0.3.9
       Fresh filetime v0.2.27
       Fresh iana-time-zone v0.1.65
       Fresh generic-array v0.14.7
       Fresh rustix v1.1.4
       Fresh quote v1.0.45
       Fresh ppv-lite86 v0.2.21
       Fresh rand_core v0.9.5
       Fresh regex v1.12.3
       Fresh num-traits v0.2.19
       Fresh rustix v0.38.44
       Fresh rand_core v0.6.4
       Fresh signal-hook-registry v1.4.8
       Fresh crc32fast v1.5.0
       Fresh clap_builder v4.6.0
       Fresh zmij v1.0.21
       Fresh miniz_oxide v0.8.9
       Fresh ed25519 v2.2.3
       Fresh wait-timeout v0.2.1
       Fresh jiff v0.2.23
       Fresh bit-vec v0.8.0
       Fresh home v0.5.11
       Fresh fnv v1.0.7
       Fresh syn v2.0.117
       Fresh block-buffer v0.10.4
       Fresh crypto-common v0.1.7
       Fresh tempfile v3.27.0
       Fresh env_filter v1.0.1
       Fresh xattr v1.6.1
       Fresh rand_chacha v0.3.1
       Fresh quick-error v1.2.3
       Fresh either v1.15.0
       Fresh base64 v0.22.1
       Fresh itoa v1.0.18
       Fresh rand_chacha v0.9.0
       Fresh rand v0.9.2
       Fresh bit-set v0.8.0
       Dirty flavor v0.3.21 (/private/var/folders/sg/wy47gw996f78fznt898m8x540000gn/T/cargo-mutants-flavor-rs-AJnnRY.tmp): the file `../../VERSION` is missing
   Compiling flavor v0.3.21 (/private/var/folders/sg/wy47gw996f78fznt898m8x540000gn/T/cargo-mutants-flavor-rs-AJnnRY.tmp)
       Fresh signal-hook v0.3.18
       Fresh rand_xorshift v0.4.0
       Fresh gethostname v0.5.0
       Fresh flate2 v1.1.9
       Fresh chrono v0.4.44
       Fresh anyhow v1.0.102
       Fresh fs2 v0.4.3
       Fresh memmap2 v0.9.10
       Fresh glob v0.3.3
       Fresh hex v0.4.3
     Running `/private/var/folders/sg/wy47gw996f78fznt898m8x540000gn/T/cargo-mutants-flavor-rs-AJnnRY.tmp/target/debug/build/flavor-d6cea4267b429fe1/build-script-build`
       Fresh digest v0.10.7
       Fresh clap_derive v4.6.0
       Fresh serde_derive v1.0.228
       Fresh pem v3.0.6
       Fresh rand v0.8.5
       Fresh env_logger v0.11.10
       Fresh which v6.0.3
       Fresh serde_json v1.0.149
       Fresh rusty-fork v0.3.1
       Fresh tar v0.4.45
       Fresh unarray v0.1.4
       Fresh sha2 v0.10.9
       Fresh curve25519-dalek v4.1.3
       Fresh clap v4.6.0
       Fresh serde v1.0.228
       Fresh proptest v1.11.0
       Fresh ed25519-dalek v2.2.0
     Running `/Users/tim/.rustup/toolchains/stable-aarch64-apple-darwin/bin/rustc --crate-name flavor --edition=2024 src/lib.rs --error-format=json --json=diagnostic-rendered-ansi,artifacts,future-incompat --emit=dep-info,link -C embed-bitcode=no -C debuginfo=2 -C split-debuginfo=unpacked --test --cfg 'feature="default"' --check-cfg 'cfg(docsrs,test)' --check-cfg 'cfg(feature, values("default"))' -C metadata=b72348e8a9d7df2e -C extra-filename=-19035fd48ff337ba --out-dir /private/var/folders/sg/wy47gw996f78fznt898m8x540000gn/T/cargo-mutants-flavor-rs-AJnnRY.tmp/target/debug/deps -C incremental=/private/var/folders/sg/wy47gw996f78fznt898m8x540000gn/T/cargo-mutants-flavor-rs-AJnnRY.tmp/target/debug/incremental -L dependency=/private/var/folders/sg/wy47gw996f78fznt898m8x540000gn/T/cargo-mutants-flavor-rs-AJnnRY.tmp/target/debug/deps --extern adler2=/private/var/folders/sg/wy47gw996f78fznt898m8x540000gn/T/cargo-mutants-flavor-rs-AJnnRY.tmp/target/debug/deps/libadler2-1237be17f08066aa.rlib --extern anyhow=/private/var/folders/sg/wy47gw996f78fznt898m8x540000gn/T/cargo-mutants-flavor-rs-AJnnRY.tmp/target/debug/deps/libanyhow-d9b6d410a1361442.rlib --extern chrono=/private/var/folders/sg/wy47gw996f78fznt898m8x540000gn/T/cargo-mutants-flavor-rs-AJnnRY.tmp/target/debug/deps/libchrono-b7affcfd136ee226.rlib --extern clap=/private/var/folders/sg/wy47gw996f78fznt898m8x540000gn/T/cargo-mutants-flavor-rs-AJnnRY.tmp/target/debug/deps/libclap-c2746911242c53dc.rlib --extern ed25519_dalek=/private/var/folders/sg/wy47gw996f78fznt898m8x540000gn/T/cargo-mutants-flavor-rs-AJnnRY.tmp/target/debug/deps/libed25519_dalek-42293ea3dc57f31c.rlib --extern env_logger=/private/var/folders/sg/wy47gw996f78fznt898m8x540000gn/T/cargo-mutants-flavor-rs-AJnnRY.tmp/target/debug/deps/libenv_logger-75173f29843c9a52.rlib --extern flate2=/private/var/folders/sg/wy47gw996f78fznt898m8x540000gn/T/cargo-mutants-flavor-rs-AJnnRY.tmp/target/debug/deps/libflate2-96cd3d855b9115ec.rlib --extern fs2=/private/var/folders/sg/wy47gw996f78fznt898m8x540000gn/T/cargo-mutants-flavor-rs-AJnnRY.tmp/target/debug/deps/libfs2-71900ee401453af8.rlib --extern gethostname=/private/var/folders/sg/wy47gw996f78fznt898m8x540000gn/T/cargo-mutants-flavor-rs-AJnnRY.tmp/target/debug/deps/libgethostname-e6576ba3912663df.rlib --extern glob=/private/var/folders/sg/wy47gw996f78fznt898m8x540000gn/T/cargo-mutants-flavor-rs-AJnnRY.tmp/target/debug/deps/libglob-56daeb017c976e69.rlib --extern hex=/private/var/folders/sg/wy47gw996f78fznt898m8x540000gn/T/cargo-mutants-flavor-rs-AJnnRY.tmp/target/debug/deps/libhex-6a16846156d7c862.rlib --extern libc=/private/var/folders/sg/wy47gw996f78fznt898m8x540000gn/T/cargo-mutants-flavor-rs-AJnnRY.tmp/target/debug/deps/liblibc-26979bb06dae4666.rlib --extern log=/private/var/folders/sg/wy47gw996f78fznt898m8x540000gn/T/cargo-mutants-flavor-rs-AJnnRY.tmp/target/debug/deps/liblog-8a7d20b8c005bc83.rlib --extern memmap2=/private/var/folders/sg/wy47gw996f78fznt898m8x540000gn/T/cargo-mutants-flavor-rs-AJnnRY.tmp/target/debug/deps/libmemmap2-413e3a480d8f5878.rlib --extern pem=/private/var/folders/sg/wy47gw996f78fznt898m8x540000gn/T/cargo-mutants-flavor-rs-AJnnRY.tmp/target/debug/deps/libpem-baee24606d736ef7.rlib --extern proptest=/private/var/folders/sg/wy47gw996f78fznt898m8x540000gn/T/cargo-mutants-flavor-rs-AJnnRY.tmp/target/debug/deps/libproptest-387450d3dcbd40ff.rlib --extern rand=/private/var/folders/sg/wy47gw996f78fznt898m8x540000gn/T/cargo-mutants-flavor-rs-AJnnRY.tmp/target/debug/deps/librand-a25bcd883a2e2285.rlib --extern serde=/private/var/folders/sg/wy47gw996f78fznt898m8x540000gn/T/cargo-mutants-flavor-rs-AJnnRY.tmp/target/debug/deps/libserde-02be1dd65d3ef57a.rlib --extern serde_json=/private/var/folders/sg/wy47gw996f78fznt898m8x540000gn/T/cargo-mutants-flavor-rs-AJnnRY.tmp/target/debug/deps/libserde_json-469eaea1fff499db.rlib --extern sha2=/private/var/folders/sg/wy47gw996f78fznt898m8x540000gn/T/cargo-mutants-flavor-rs-AJnnRY.tmp/target/debug/deps/libsha2-28b9a530c85e9fef.rlib --extern signal_hook=/private/var/folders/sg/wy47gw996f78fznt898m8x540000gn/T/cargo-mutants-flavor-rs-AJnnRY.tmp/target/debug/deps/libsignal_hook-0a34b12e866764fc.rlib --extern tar=/private/var/folders/sg/wy47gw996f78fznt898m8x540000gn/T/cargo-mutants-flavor-rs-AJnnRY.tmp/target/debug/deps/libtar-9468371f38505d5a.rlib --extern tempfile=/private/var/folders/sg/wy47gw996f78fznt898m8x540000gn/T/cargo-mutants-flavor-rs-AJnnRY.tmp/target/debug/deps/libtempfile-f67b0e214d8dd2e3.rlib --extern which=/private/var/folders/sg/wy47gw996f78fznt898m8x540000gn/T/cargo-mutants-flavor-rs-AJnnRY.tmp/target/debug/deps/libwhich-a2a3c9536beaf592.rlib`
     Running `/Users/tim/.rustup/toolchains/stable-aarch64-apple-darwin/bin/rustc --crate-name flavor --edition=2024 src/lib.rs --error-format=json --json=diagnostic-rendered-ansi,artifacts,future-incompat --crate-type lib --emit=dep-info,metadata,link -C embed-bitcode=no -C debuginfo=2 -C split-debuginfo=unpacked --cfg 'feature="default"' --check-cfg 'cfg(docsrs,test)' --check-cfg 'cfg(feature, values("default"))' -C metadata=638a3856e0fcd0df -C extra-filename=-88d82f8937f7a117 --out-dir /private/var/folders/sg/wy47gw996f78fznt898m8x540000gn/T/cargo-mutants-flavor-rs-AJnnRY.tmp/target/debug/deps -C incremental=/private/var/folders/sg/wy47gw996f78fznt898m8x540000gn/T/cargo-mutants-flavor-rs-AJnnRY.tmp/target/debug/incremental -L dependency=/private/var/folders/sg/wy47gw996f78fznt898m8x540000gn/T/cargo-mutants-flavor-rs-AJnnRY.tmp/target/debug/deps --extern adler2=/private/var/folders/sg/wy47gw996f78fznt898m8x540000gn/T/cargo-mutants-flavor-rs-AJnnRY.tmp/target/debug/deps/libadler2-1237be17f08066aa.rmeta --extern anyhow=/private/var/folders/sg/wy47gw996f78fznt898m8x540000gn/T/cargo-mutants-flavor-rs-AJnnRY.tmp/target/debug/deps/libanyhow-d9b6d410a1361442.rmeta --extern chrono=/private/var/folders/sg/wy47gw996f78fznt898m8x540000gn/T/cargo-mutants-flavor-rs-AJnnRY.tmp/target/debug/deps/libchrono-b7affcfd136ee226.rmeta --extern clap=/private/var/folders/sg/wy47gw996f78fznt898m8x540000gn/T/cargo-mutants-flavor-rs-AJnnRY.tmp/target/debug/deps/libclap-c2746911242c53dc.rmeta --extern ed25519_dalek=/private/var/folders/sg/wy47gw996f78fznt898m8x540000gn/T/cargo-mutants-flavor-rs-AJnnRY.tmp/target/debug/deps/libed25519_dalek-42293ea3dc57f31c.rmeta --extern env_logger=/private/var/folders/sg/wy47gw996f78fznt898m8x540000gn/T/cargo-mutants-flavor-rs-AJnnRY.tmp/target/debug/deps/libenv_logger-75173f29843c9a52.rmeta --extern flate2=/private/var/folders/sg/wy47gw996f78fznt898m8x540000gn/T/cargo-mutants-flavor-rs-AJnnRY.tmp/target/debug/deps/libflate2-96cd3d855b9115ec.rmeta --extern fs2=/private/var/folders/sg/wy47gw996f78fznt898m8x540000gn/T/cargo-mutants-flavor-rs-AJnnRY.tmp/target/debug/deps/libfs2-71900ee401453af8.rmeta --extern gethostname=/private/var/folders/sg/wy47gw996f78fznt898m8x540000gn/T/cargo-mutants-flavor-rs-AJnnRY.tmp/target/debug/deps/libgethostname-e6576ba3912663df.rmeta --extern glob=/private/var/folders/sg/wy47gw996f78fznt898m8x540000gn/T/cargo-mutants-flavor-rs-AJnnRY.tmp/target/debug/deps/libglob-56daeb017c976e69.rmeta --extern hex=/private/var/folders/sg/wy47gw996f78fznt898m8x540000gn/T/cargo-mutants-flavor-rs-AJnnRY.tmp/target/debug/deps/libhex-6a16846156d7c862.rmeta --extern libc=/private/var/folders/sg/wy47gw996f78fznt898m8x540000gn/T/cargo-mutants-flavor-rs-AJnnRY.tmp/target/debug/deps/liblibc-26979bb06dae4666.rmeta --extern log=/private/var/folders/sg/wy47gw996f78fznt898m8x540000gn/T/cargo-mutants-flavor-rs-AJnnRY.tmp/target/debug/deps/liblog-8a7d20b8c005bc83.rmeta --extern memmap2=/private/var/folders/sg/wy47gw996f78fznt898m8x540000gn/T/cargo-mutants-flavor-rs-AJnnRY.tmp/target/debug/deps/libmemmap2-413e3a480d8f5878.rmeta --extern pem=/private/var/folders/sg/wy47gw996f78fznt898m8x540000gn/T/cargo-mutants-flavor-rs-AJnnRY.tmp/target/debug/deps/libpem-baee24606d736ef7.rmeta --extern rand=/private/var/folders/sg/wy47gw996f78fznt898m8x540000gn/T/cargo-mutants-flavor-rs-AJnnRY.tmp/target/debug/deps/librand-a25bcd883a2e2285.rmeta --extern serde=/private/var/folders/sg/wy47gw996f78fznt898m8x540000gn/T/cargo-mutants-flavor-rs-AJnnRY.tmp/target/debug/deps/libserde-02be1dd65d3ef57a.rmeta --extern serde_json=/private/var/folders/sg/wy47gw996f78fznt898m8x540000gn/T/cargo-mutants-flavor-rs-AJnnRY.tmp/target/debug/deps/libserde_json-469eaea1fff499db.rmeta --extern sha2=/private/var/folders/sg/wy47gw996f78fznt898m8x540000gn/T/cargo-mutants-flavor-rs-AJnnRY.tmp/target/debug/deps/libsha2-28b9a530c85e9fef.rmeta --extern signal_hook=/private/var/folders/sg/wy47gw996f78fznt898m8x540000gn/T/cargo-mutants-flavor-rs-AJnnRY.tmp/target/debug/deps/libsignal_hook-0a34b12e866764fc.rmeta --extern tar=/private/var/folders/sg/wy47gw996f78fznt898m8x540000gn/T/cargo-mutants-flavor-rs-AJnnRY.tmp/target/debug/deps/libtar-9468371f38505d5a.rmeta --extern tempfile=/private/var/folders/sg/wy47gw996f78fznt898m8x540000gn/T/cargo-mutants-flavor-rs-AJnnRY.tmp/target/debug/deps/libtempfile-f67b0e214d8dd2e3.rmeta --extern which=/private/var/folders/sg/wy47gw996f78fznt898m8x540000gn/T/cargo-mutants-flavor-rs-AJnnRY.tmp/target/debug/deps/libwhich-a2a3c9536beaf592.rmeta`
     Running `/Users/tim/.rustup/toolchains/stable-aarch64-apple-darwin/bin/rustc --crate-name flavor_rs_builder --edition=2024 src/bin/flavor-rs-builder.rs --error-format=json --json=diagnostic-rendered-ansi,artifacts,future-incompat --emit=dep-info,link -C embed-bitcode=no -C debuginfo=2 -C split-debuginfo=unpacked --test --cfg 'feature="default"' --check-cfg 'cfg(docsrs,test)' --check-cfg 'cfg(feature, values("default"))' -C metadata=069fa1d69c2b4683 -C extra-filename=-8b703e7e9be23f48 --out-dir /private/var/folders/sg/wy47gw996f78fznt898m8x540000gn/T/cargo-mutants-flavor-rs-AJnnRY.tmp/target/debug/deps -C incremental=/private/var/folders/sg/wy47gw996f78fznt898m8x540000gn/T/cargo-mutants-flavor-rs-AJnnRY.tmp/target/debug/incremental -L dependency=/private/var/folders/sg/wy47gw996f78fznt898m8x540000gn/T/cargo-mutants-flavor-rs-AJnnRY.tmp/target/debug/deps --extern adler2=/private/var/folders/sg/wy47gw996f78fznt898m8x540000gn/T/cargo-mutants-flavor-rs-AJnnRY.tmp/target/debug/deps/libadler2-1237be17f08066aa.rlib --extern anyhow=/private/var/folders/sg/wy47gw996f78fznt898m8x540000gn/T/cargo-mutants-flavor-rs-AJnnRY.tmp/target/debug/deps/libanyhow-d9b6d410a1361442.rlib --extern chrono=/private/var/folders/sg/wy47gw996f78fznt898m8x540000gn/T/cargo-mutants-flavor-rs-AJnnRY.tmp/target/debug/deps/libchrono-b7affcfd136ee226.rlib --extern clap=/private/var/folders/sg/wy47gw996f78fznt898m8x540000gn/T/cargo-mutants-flavor-rs-AJnnRY.tmp/target/debug/deps/libclap-c2746911242c53dc.rlib --extern ed25519_dalek=/private/var/folders/sg/wy47gw996f78fznt898m8x540000gn/T/cargo-mutants-flavor-rs-AJnnRY.tmp/target/debug/deps/libed25519_dalek-42293ea3dc57f31c.rlib --extern env_logger=/private/var/folders/sg/wy47gw996f78fznt898m8x540000gn/T/cargo-mutants-flavor-rs-AJnnRY.tmp/target/debug/deps/libenv_logger-75173f29843c9a52.rlib --extern flate2=/private/var/folders/sg/wy47gw996f78fznt898m8x540000gn/T/cargo-mutants-flavor-rs-AJnnRY.tmp/target/debug/deps/libflate2-96cd3d855b9115ec.rlib --extern flavor=/private/var/folders/sg/wy47gw996f78fznt898m8x540000gn/T/cargo-mutants-flavor-rs-AJnnRY.tmp/target/debug/deps/libflavor-88d82f8937f7a117.rlib --extern fs2=/private/var/folders/sg/wy47gw996f78fznt898m8x540000gn/T/cargo-mutants-flavor-rs-AJnnRY.tmp/target/debug/deps/libfs2-71900ee401453af8.rlib --extern gethostname=/private/var/folders/sg/wy47gw996f78fznt898m8x540000gn/T/cargo-mutants-flavor-rs-AJnnRY.tmp/target/debug/deps/libgethostname-e6576ba3912663df.rlib --extern glob=/private/var/folders/sg/wy47gw996f78fznt898m8x540000gn/T/cargo-mutants-flavor-rs-AJnnRY.tmp/target/debug/deps/libglob-56daeb017c976e69.rlib --extern hex=/private/var/folders/sg/wy47gw996f78fznt898m8x540000gn/T/cargo-mutants-flavor-rs-AJnnRY.tmp/target/debug/deps/libhex-6a16846156d7c862.rlib --extern libc=/private/var/folders/sg/wy47gw996f78fznt898m8x540000gn/T/cargo-mutants-flavor-rs-AJnnRY.tmp/target/debug/deps/liblibc-26979bb06dae4666.rlib --extern log=/private/var/folders/sg/wy47gw996f78fznt898m8x540000gn/T/cargo-mutants-flavor-rs-AJnnRY.tmp/target/debug/deps/liblog-8a7d20b8c005bc83.rlib --extern memmap2=/private/var/folders/sg/wy47gw996f78fznt898m8x540000gn/T/cargo-mutants-flavor-rs-AJnnRY.tmp/target/debug/deps/libmemmap2-413e3a480d8f5878.rlib --extern pem=/private/var/folders/sg/wy47gw996f78fznt898m8x540000gn/T/cargo-mutants-flavor-rs-AJnnRY.tmp/target/debug/deps/libpem-baee24606d736ef7.rlib --extern proptest=/private/var/folders/sg/wy47gw996f78fznt898m8x540000gn/T/cargo-mutants-flavor-rs-AJnnRY.tmp/target/debug/deps/libproptest-387450d3dcbd40ff.rlib --extern rand=/private/var/folders/sg/wy47gw996f78fznt898m8x540000gn/T/cargo-mutants-flavor-rs-AJnnRY.tmp/target/debug/deps/librand-a25bcd883a2e2285.rlib --extern serde=/private/var/folders/sg/wy47gw996f78fznt898m8x540000gn/T/cargo-mutants-flavor-rs-AJnnRY.tmp/target/debug/deps/libserde-02be1dd65d3ef57a.rlib --extern serde_json=/private/var/folders/sg/wy47gw996f78fznt898m8x540000gn/T/cargo-mutants-flavor-rs-AJnnRY.tmp/target/debug/deps/libserde_json-469eaea1fff499db.rlib --extern sha2=/private/var/folders/sg/wy47gw996f78fznt898m8x540000gn/T/cargo-mutants-flavor-rs-AJnnRY.tmp/target/debug/deps/libsha2-28b9a530c85e9fef.rlib --extern signal_hook=/private/var/folders/sg/wy47gw996f78fznt898m8x540000gn/T/cargo-mutants-flavor-rs-AJnnRY.tmp/target/debug/deps/libsignal_hook-0a34b12e866764fc.rlib --extern tar=/private/var/folders/sg/wy47gw996f78fznt898m8x540000gn/T/cargo-mutants-flavor-rs-AJnnRY.tmp/target/debug/deps/libtar-9468371f38505d5a.rlib --extern tempfile=/private/var/folders/sg/wy47gw996f78fznt898m8x540000gn/T/cargo-mutants-flavor-rs-AJnnRY.tmp/target/debug/deps/libtempfile-f67b0e214d8dd2e3.rlib --extern which=/private/var/folders/sg/wy47gw996f78fznt898m8x540000gn/T/cargo-mutants-flavor-rs-AJnnRY.tmp/target/debug/deps/libwhich-a2a3c9536beaf592.rlib`
     Running `/Users/tim/.rustup/toolchains/stable-aarch64-apple-darwin/bin/rustc --crate-name flavor_rs_launcher --edition=2024 src/bin/flavor-rs-launcher.rs --error-format=json --json=diagnostic-rendered-ansi,artifacts,future-incompat --emit=dep-info,link -C embed-bitcode=no -C debuginfo=2 -C split-debuginfo=unpacked --test --cfg 'feature="default"' --check-cfg 'cfg(docsrs,test)' --check-cfg 'cfg(feature, values("default"))' -C metadata=1e86bd574fcae1c3 -C extra-filename=-30d5c8f9cc0f7e8a --out-dir /private/var/folders/sg/wy47gw996f78fznt898m8x540000gn/T/cargo-mutants-flavor-rs-AJnnRY.tmp/target/debug/deps -C incremental=/private/var/folders/sg/wy47gw996f78fznt898m8x540000gn/T/cargo-mutants-flavor-rs-AJnnRY.tmp/target/debug/incremental -L dependency=/private/var/folders/sg/wy47gw996f78fznt898m8x540000gn/T/cargo-mutants-flavor-rs-AJnnRY.tmp/target/debug/deps --extern adler2=/private/var/folders/sg/wy47gw996f78fznt898m8x540000gn/T/cargo-mutants-flavor-rs-AJnnRY.tmp/target/debug/deps/libadler2-1237be17f08066aa.rlib --extern anyhow=/private/var/folders/sg/wy47gw996f78fznt898m8x540000gn/T/cargo-mutants-flavor-rs-AJnnRY.tmp/target/debug/deps/libanyhow-d9b6d410a1361442.rlib --extern chrono=/private/var/folders/sg/wy47gw996f78fznt898m8x540000gn/T/cargo-mutants-flavor-rs-AJnnRY.tmp/target/debug/deps/libchrono-b7affcfd136ee226.rlib --extern clap=/private/var/folders/sg/wy47gw996f78fznt898m8x540000gn/T/cargo-mutants-flavor-rs-AJnnRY.tmp/target/debug/deps/libclap-c2746911242c53dc.rlib --extern ed25519_dalek=/private/var/folders/sg/wy47gw996f78fznt898m8x540000gn/T/cargo-mutants-flavor-rs-AJnnRY.tmp/target/debug/deps/libed25519_dalek-42293ea3dc57f31c.rlib --extern env_logger=/private/var/folders/sg/wy47gw996f78fznt898m8x540000gn/T/cargo-mutants-flavor-rs-AJnnRY.tmp/target/debug/deps/libenv_logger-75173f29843c9a52.rlib --extern flate2=/private/var/folders/sg/wy47gw996f78fznt898m8x540000gn/T/cargo-mutants-flavor-rs-AJnnRY.tmp/target/debug/deps/libflate2-96cd3d855b9115ec.rlib --extern flavor=/private/var/folders/sg/wy47gw996f78fznt898m8x540000gn/T/cargo-mutants-flavor-rs-AJnnRY.tmp/target/debug/deps/libflavor-88d82f8937f7a117.rlib --extern fs2=/private/var/folders/sg/wy47gw996f78fznt898m8x540000gn/T/cargo-mutants-flavor-rs-AJnnRY.tmp/target/debug/deps/libfs2-71900ee401453af8.rlib --extern gethostname=/private/var/folders/sg/wy47gw996f78fznt898m8x540000gn/T/cargo-mutants-flavor-rs-AJnnRY.tmp/target/debug/deps/libgethostname-e6576ba3912663df.rlib --extern glob=/private/var/folders/sg/wy47gw996f78fznt898m8x540000gn/T/cargo-mutants-flavor-rs-AJnnRY.tmp/target/debug/deps/libglob-56daeb017c976e69.rlib --extern hex=/private/var/folders/sg/wy47gw996f78fznt898m8x540000gn/T/cargo-mutants-flavor-rs-AJnnRY.tmp/target/debug/deps/libhex-6a16846156d7c862.rlib --extern libc=/private/var/folders/sg/wy47gw996f78fznt898m8x540000gn/T/cargo-mutants-flavor-rs-AJnnRY.tmp/target/debug/deps/liblibc-26979bb06dae4666.rlib --extern log=/private/var/folders/sg/wy47gw996f78fznt898m8x540000gn/T/cargo-mutants-flavor-rs-AJnnRY.tmp/target/debug/deps/liblog-8a7d20b8c005bc83.rlib --extern memmap2=/private/var/folders/sg/wy47gw996f78fznt898m8x540000gn/T/cargo-mutants-flavor-rs-AJnnRY.tmp/target/debug/deps/libmemmap2-413e3a480d8f5878.rlib --extern pem=/private/var/folders/sg/wy47gw996f78fznt898m8x540000gn/T/cargo-mutants-flavor-rs-AJnnRY.tmp/target/debug/deps/libpem-baee24606d736ef7.rlib --extern proptest=/private/var/folders/sg/wy47gw996f78fznt898m8x540000gn/T/cargo-mutants-flavor-rs-AJnnRY.tmp/target/debug/deps/libproptest-387450d3dcbd40ff.rlib --extern rand=/private/var/folders/sg/wy47gw996f78fznt898m8x540000gn/T/cargo-mutants-flavor-rs-AJnnRY.tmp/target/debug/deps/librand-a25bcd883a2e2285.rlib --extern serde=/private/var/folders/sg/wy47gw996f78fznt898m8x540000gn/T/cargo-mutants-flavor-rs-AJnnRY.tmp/target/debug/deps/libserde-02be1dd65d3ef57a.rlib --extern serde_json=/private/var/folders/sg/wy47gw996f78fznt898m8x540000gn/T/cargo-mutants-flavor-rs-AJnnRY.tmp/target/debug/deps/libserde_json-469eaea1fff499db.rlib --extern sha2=/private/var/folders/sg/wy47gw996f78fznt898m8x540000gn/T/cargo-mutants-flavor-rs-AJnnRY.tmp/target/debug/deps/libsha2-28b9a530c85e9fef.rlib --extern signal_hook=/private/var/folders/sg/wy47gw996f78fznt898m8x540000gn/T/cargo-mutants-flavor-rs-AJnnRY.tmp/target/debug/deps/libsignal_hook-0a34b12e866764fc.rlib --extern tar=/private/var/folders/sg/wy47gw996f78fznt898m8x540000gn/T/cargo-mutants-flavor-rs-AJnnRY.tmp/target/debug/deps/libtar-9468371f38505d5a.rlib --extern tempfile=/private/var/folders/sg/wy47gw996f78fznt898m8x540000gn/T/cargo-mutants-flavor-rs-AJnnRY.tmp/target/debug/deps/libtempfile-f67b0e214d8dd2e3.rlib --extern which=/private/var/folders/sg/wy47gw996f78fznt898m8x540000gn/T/cargo-mutants-flavor-rs-AJnnRY.tmp/target/debug/deps/libwhich-a2a3c9536beaf592.rlib`
    Finished `test` profile [unoptimized + debuginfo] target(s) in 1.36s
     Running `/private/var/folders/sg/wy47gw996f78fznt898m8x540000gn/T/cargo-mutants-flavor-rs-AJnnRY.tmp/target/debug/deps/flavor-19035fd48ff337ba`

running 109 tests
test logger::tests::parse_level_mode_defaults_invalid_json_level_to_trace ... ok
test logger::tests::is_json_logging_tracks_environment_prefix ... ok
test logger::tests::parse_level_mode_handles_plain_and_json_levels ... ok
test logger::tests::parse_level_mode_defaults_json_mode_to_info ... ok
test psp::format_2025::defaults::tests::get_validation_level_falls_back_to_strict_for_invalid_value ... ok
test psp::format_2025::defaults::tests::get_validation_level_uses_env_override ... ok
test psp::format_2025::defaults::tests::validation_level_rejects_unknown_values ... ok
test logger::tests::init_with_level_json_mode_returns_actual_level_and_source ... ok
test psp::format_2025::defaults::tests::validation_level_roundtrips_all_known_values ... ok
test psp::format_2025::execution::commands::tests::test_shell_split_empty ... ok
test psp::format_2025::execution::commands::tests::test_shell_split_quoted ... ok
test psp::format_2025::execution::commands::tests::test_build_workenv_path_without_existing_path_uses_only_bin_dir ... ok
test psp::format_2025::execution::commands::tests::test_shell_split_single_quoted ... ok
test psp::format_2025::execution::commands::tests::test_shell_split_basic ... ok
test psp::format_2025::checksums::tests::test_parse_checksum_prefixed_and_legacy_formats ... ok
test psp::format_2025::checksums::tests::test_calculate_checksum_streaming_and_blake2b_error ... ok
test psp::format_2025::extraction::tests::test_resolve_in_workenv_rejects_absolute_paths ... ok
test psp::format_2025::checksums::tests::test_calculate_checksum_bytes_and_verify ... ok
test psp::format_2025::extraction::tests::test_resolve_in_workenv_rejects_parent_traversal ... ok
test psp::format_2025::execution::commands::tests::test_run_command_path_has_correct_bin_dir_and_separator ... ok
{"@file":"src/psp/format_2025/index.rs","@level":"debug","@line":181,"@message":"Parsed metadata_offset: 0x0000000000000000 (0)","@module":"flavor::psp::format_2025::index","@pid":6368,"@timestamp":"2026-03-31T20:27:12.484596Z"}
{"@file":"src/psp/format_2025/index.rs","@level":"debug","@line":181,"@message":"Parsed metadata_offset: 0x00000000000186a0 (100000)","@module":"flavor::psp::format_2025::index","@pid":6368,"@timestamp":"2026-03-31T20:27:12.484687Z"}
{"@file":"src/psp/format_2025/builder/slot_processor.rs","@level":"debug","@line":47,"@message":"🎰 Processing 1 slots","@module":"flavor::psp::format_2025::builder::slot_processor","@pid":6368,"@timestamp":"2026-03-31T20:27:12.483924Z"}
test psp::format_2025::launcher::command::tests::test_path_prepend_uses_correct_bin_dir_and_separator ... {"@file":"src/psp/format_2025/execution/validation.rs","@level":"debug","@line":205,"@message":"🔍 No extraction completion marker found","@module":"flavor::psp::format_2025::execution::validation","@pid":6368,"@timestamp":"2026-03-31T20:27:12.484921Z"}
ok{"@file":"unknown","@level":"info","@line":0,"@message":"stderr fallback","@module":"flavor::tests","@pid":6368,"@timestamp":"2026-03-31T20:27:12.483562Z"}

{"@file":"src/psp/format_2025/builder/slot_processor.rs","@level":"info","@line":193,"@message":"📍 Slot path has no {workenv}: /var/folders/sg/wy47gw996f78fznt898m8x540000gn/T/.tmpWLDmWs/payload.txt","@module":"flavor::psp::format_2025::builder::slot_processor","@pid":6368,"@timestamp":"2026-03-31T20:27:12.484972Z"}
{"@file":"src/psp/format_2025/index.rs","@level":"debug","@line":182,"@message":"Parsed metadata_size: 50000 bytes","@module":"flavor::psp::format_2025::index","@pid":6368,"@timestamp":"2026-03-31T20:27:12.484788Z"}
{"@file":"src/psp/format_2025/operations.rs","@level":"debug","@line":37,"@message":"✅ Operations packed: result=4097","@module":"flavor::psp::format_2025::operations","@pid":6368,"@timestamp":"2026-03-31T20:27:12.484339Z"}
test psp::format_2025::crypto::tests::test_verify_signature_rejects_invalid_length ... ok{"@file":"src/psp/format_2025/builder/slot_processor.rs","@level":"info","@line":197,"@message":"Attempting to open slot file at: \"/var/folders/sg/wy47gw996f78fznt898m8x540000gn/T/.tmpWLDmWs/payload.txt\"","@module":"flavor::psp::format_2025::builder::slot_processor","@pid":6368,"@timestamp":"2026-03-31T20:27:12.485057Z"}

test psp::format_2025::launcher::command::tests::test_path_not_set_uses_only_bin_dir ... {"@file":"src/psp/format_2025/builder/slot_processor.rs","@level":"info","@line":181,"@message":"🔍 No FLAVOR_WORKENV_BASE, using CWD: /private/var/folders/sg/wy47gw996f78fznt898m8x540000gn/T/.tmpXruAak","@module":"flavor::psp::format_2025::builder::slot_processor","@pid":6368,"@timestamp":"2026-03-31T20:27:12.484677Z"}
ok
{"@file":"src/psp/format_2025/builder/slot_processor.rs","@level":"debug","@line":163,"@message":"✅ Processed 1 slots in 380.458µs","@module":"flavor::psp::format_2025::builder::slot_processor","@pid":6368,"@timestamp":"2026-03-31T20:27:12.483759Z"}
test psp::format_2025::launcher::command::tests::test_platform_separator ... {"@file":"src/psp/format_2025/builder/slot_processor.rs","@level":"info","@line":185,"@message":"📍 Resolved slot path: {workenv}/nested/file.txt -> /private/var/folders/sg/wy47gw996f78fznt898m8x540000gn/T/.tmpXruAak/nested/file.txt (base: /private/var/folders/sg/wy47gw996f78fznt898m8x540000gn/T/.tmpXruAak)","@module":"flavor::psp::format_2025::builder::slot_processor","@pid":6368,"@timestamp":"2026-03-31T20:27:12.485188Z"}
ok
{"@file":"src/psp/format_2025/execution/validation.rs","@level":"warn","@line":71,"@message":"⚠️ SECURITY WARNING: Package checksum mismatch! cached: deadbeef, current: cafebabe","@module":"flavor::psp::format_2025::execution::validation","@pid":6368,"@timestamp":"2026-03-31T20:27:12.484157Z"}
test logger::tests::json_logger_handles_stderr_fallback_without_a_file ... ok
{"@file":"src/psp/format_2025/builder/slot_processor.rs","@level":"info","@line":248,"@message":"Slot 0: SHA256 checksum: sha256:4878649abe08d9faaa6f7b948502e4144ec4fb1859e108f6367d65254c7b983c","@module":"flavor::psp::format_2025::builder::slot_processor","@pid":6368,"@timestamp":"2026-03-31T20:27:12.485323Z"}
{"@file":"src/psp/format_2025/builder/slot_processor.rs","@level":"debug","@line":333,"@message":"📍 Slot 0: payload size 5 bytes, checksum 00000000deadbeef","@module":"flavor::psp::format_2025::builder::slot_processor","@pid":6368,"@timestamp":"2026-03-31T20:27:12.485093Z"}
test psp::format_2025::index::tests::test_pack_verify_with_values ... ok
{"@file":"src/psp/format_2025/builder/slot_processor.rs","@level":"debug","@line":249,"@message":"Slot 0: SHA256 u64 (first 8 bytes): fad908be9a647848","@module":"flavor::psp::format_2025::builder::slot_processor","@pid":6368,"@timestamp":"2026-03-31T20:27:12.485365Z"}
test api::tests::detect_package_format_rejects_plain_files ... ok{"@file":"src/psp/format_2025/index.rs","@level":"debug","@line":182,"@message":"Parsed metadata_size: 0 bytes","@module":"flavor::psp::format_2025::index","@pid":6368,"@timestamp":"2026-03-31T20:27:12.484782Z"}

{"@file":"src/psp/format_2025/operations.rs","@level":"debug","@line":37,"@message":"✅ Operations packed: result=4097","@module":"flavor::psp::format_2025::operations","@pid":6368,"@timestamp":"2026-03-31T20:27:12.485441Z"}
test psp::format_2025::builder::slot_processor::tests::test_process_slots_self_ref_sets_defaults ... ok
{"@file":"src/psp/format_2025/builder/slot_processor.rs","@level":"info","@line":197,"@message":"Attempting to open slot file at: \"/private/var/folders/sg/wy47gw996f78fznt898m8x540000gn/T/.tmpXruAak/nested/file.txt\"","@module":"flavor::psp::format_2025::builder::slot_processor","@pid":6368,"@timestamp":"2026-03-31T20:27:12.485261Z"}
test psp::format_2025::launcher::workenv::tests::test_calculate_total_size_needed_uses_multiplier ... ok
{"@file":"src/psp/format_2025/execution/validation.rs","@level":"warn","@line":75,"@message":"⚠️ Cache may be compromised or package has changed","@module":"flavor::psp::format_2025::execution::validation","@pid":6368,"@timestamp":"2026-03-31T20:27:12.485350Z"}
test api::tests::launch_package_rejects_unknown_format ... ok
{"@file":"src/psp/format_2025/operations.rs","@level":"debug","@line":37,"@message":"✅ Operations packed: result=4097","@module":"flavor::psp::format_2025::operations","@pid":6368,"@timestamp":"2026-03-31T20:27:12.485385Z"}
{"@file":"src/psp/format_2025/operations.rs","@level":"debug","@line":37,"@message":"✅ Operations packed: result=0","@module":"flavor::psp::format_2025::operations","@pid":6368,"@timestamp":"2026-03-31T20:27:12.485544Z"}
test psp::format_2025::launcher::workenv::tests::test_ensure_sufficient_disk_space_accepts_available_capacity ... ok{"@file":"src/psp/format_2025/builder/slot_processor.rs","@level":"debug","@line":47,"@message":"🎰 Processing 1 slots","@module":"flavor::psp::format_2025::builder::slot_processor","@pid":6368,"@timestamp":"2026-03-31T20:27:12.483603Z"}

{"@file":"src/psp/format_2025/builder/slot_processor.rs","@level":"debug","@line":333,"@message":"📍 Slot 0: payload size 12 bytes, checksum fad908be9a647848","@module":"flavor::psp::format_2025::builder::slot_processor","@pid":6368,"@timestamp":"2026-03-31T20:27:12.485477Z"}
{"@file":"src/psp/format_2025/execution/validation.rs","@level":"warn","@line":76,"@message":"⚠️ Continuing due to relaxed validation","@module":"flavor::psp::format_2025::execution::validation","@pid":6368,"@timestamp":"2026-03-31T20:27:12.485553Z"}
test psp::format_2025::launcher::workenv::tests::test_ensure_sufficient_disk_space_rejects_insufficient_capacity ... ok{"@file":"src/psp/format_2025/operations.rs","@level":"debug","@line":60,"@message":"✅ Operations unpacked: count=0 operations=[]","@module":"flavor::psp::format_2025::operations","@pid":6368,"@timestamp":"2026-03-31T20:27:12.485582Z"}

{"@file":"src/psp/format_2025/builder/slot_processor.rs","@level":"debug","@line":163,"@message":"✅ Processed 1 slots in 646.958µs","@module":"flavor::psp::format_2025::builder::slot_processor","@pid":6368,"@timestamp":"2026-03-31T20:27:12.485618Z"}
test api::tests::verify_package_rejects_unknown_format ... {"@file":"src/psp/format_2025/operations.rs","@level":"debug","@line":37,"@message":"✅ Operations packed: result=4097","@module":"flavor::psp::format_2025::operations","@pid":6368,"@timestamp":"2026-03-31T20:27:12.485605Z"}
ok{"@file":"src/psp/format_2025/execution/validation.rs","@level":"warn","@line":88,"@message":"⚠️ Package checksum mismatch, continuing with standard validation: cached: deadbeef, current: cafebabe","@module":"flavor::psp::format_2025::execution::validation","@pid":6368,"@timestamp":"2026-03-31T20:27:12.485624Z"}

{"@file":"src/psp/format_2025/operations.rs","@level":"debug","@line":37,"@message":"✅ Operations packed: result=4097","@module":"flavor::psp::format_2025::operations","@pid":6368,"@timestamp":"2026-03-31T20:27:12.485668Z"}
test psp::format_2025::crypto::tests::test_sign_and_verify_roundtrip ... ok
{"@file":"src/psp/format_2025/operations.rs","@level":"debug","@line":37,"@message":"✅ Operations packed: result=4097","@module":"flavor::psp::format_2025::operations","@pid":6368,"@timestamp":"2026-03-31T20:27:12.485687Z"}
test psp::format_2025::index::tests::test_pack_verify_roundtrip ... {"@file":"src/psp/format_2025/operations.rs","@level":"debug","@line":37,"@message":"✅ Operations packed: result=16","@module":"flavor::psp::format_2025::operations","@pid":6368,"@timestamp":"2026-03-31T20:27:12.485671Z"}
ok{"@file":"src/psp/format_2025/operations.rs","@level":"debug","@line":60,"@message":"✅ Operations unpacked: count=2 operations=[1, 16]","@module":"flavor::psp::format_2025::operations","@pid":6368,"@timestamp":"2026-03-31T20:27:12.486067Z"}

{"@file":"src/psp/format_2025/execution/validation.rs","@level":"error","@line":95,"@message":"🚨 CRITICAL: Package checksum mismatch! cached: deadbeef, current: cafebabe","@module":"flavor::psp::format_2025::execution::validation","@pid":6368,"@timestamp":"2026-03-31T20:27:12.485983Z"}
test psp::format_2025::builder::slot_processor::tests::test_create_slot_descriptor_uses_default_permissions_for_invalid_octal ... {"@file":"src/psp/format_2025/operations.rs","@level":"warn","@line":20,"@message":"⚠️ Too many operations, truncating to 8: provided=10","@module":"flavor::psp::format_2025::operations","@pid":6368,"@timestamp":"2026-03-31T20:27:12.486025Z"}
ok
{"@file":"src/psp/format_2025/execution/validation.rs","@level":"error","@line":100,"@message":"🚨 Cache may be compromised or package has changed","@module":"flavor::psp::format_2025::execution::validation","@pid":6368,"@timestamp":"2026-03-31T20:27:12.486132Z"}
{"@file":"src/psp/format_2025/extraction.rs","@level":"debug","@line":307,"@message":"📦 Extracting tarball to \"/var/folders/sg/wy47gw996f78fznt898m8x540000gn/T/.tmpR1ONVo\"","@module":"flavor::psp::format_2025::extraction","@pid":6368,"@timestamp":"2026-03-31T20:27:12.485863Z"}
test psp::format_2025::builder::slot_processor::tests::test_process_slots_rejects_slot_number_mismatch ... {"@file":"src/psp/format_2025/execution/validation.rs","@level":"error","@line":101,"@message":"🚨 Refusing to continue. Set FLAVOR_VALIDATION=relaxed to bypass (NOT RECOMMENDED)","@module":"flavor::psp::format_2025::execution::validation","@pid":6368,"@timestamp":"2026-03-31T20:27:12.486174Z"}
ok
{"@file":"src/psp/format_2025/operations.rs","@level":"debug","@line":60,"@message":"✅ Operations unpacked: count=1 operations=[16]","@module":"flavor::psp::format_2025::operations","@pid":6368,"@timestamp":"2026-03-31T20:27:12.486141Z"}
{"@file":"src/psp/format_2025/operations.rs","@level":"debug","@line":37,"@message":"✅ Operations packed: result=578437695752307201","@module":"flavor::psp::format_2025::operations","@pid":6368,"@timestamp":"2026-03-31T20:27:12.486158Z"}
{"@file":"src/psp/format_2025/operations.rs","@level":"debug","@line":60,"@message":"✅ Operations unpacked: count=8 operations=[169, 137, 83, 35, 165, 110, 131, 3]","@module":"flavor::psp::format_2025::operations","@pid":6368,"@timestamp":"2026-03-31T20:27:12.486228Z"}
test psp::format_2025::operations::tests::test_empty_operations ... {"@file":"src/psp/format_2025/operations.rs","@level":"debug","@line":60,"@message":"✅ Operations unpacked: count=2 operations=[1, 16]","@module":"flavor::psp::format_2025::operations","@pid":6368,"@timestamp":"2026-03-31T20:27:12.486073Z"}
ok
{"@file":"src/psp/format_2025/operations.rs","@level":"debug","@line":60,"@message":"✅ Operations unpacked: count=8 operations=[1, 2, 3, 4, 5, 6, 7, 8]","@module":"flavor::psp::format_2025::operations","@pid":6368,"@timestamp":"2026-03-31T20:27:12.486250Z"}
test psp::format_2025::operations::tests::test_pack_multiple_operations ... {"@file":"src/psp/format_2025/operations.rs","@level":"debug","@line":37,"@message":"✅ Operations packed: result=253167659604216233","@module":"flavor::psp::format_2025::operations","@pid":6368,"@timestamp":"2026-03-31T20:27:12.486295Z"}
ok
{"@file":"src/psp/format_2025/operations.rs","@level":"debug","@line":60,"@message":"✅ Operations unpacked: count=8 operations=[169, 137, 83, 35, 165, 110, 131, 3]","@module":"flavor::psp::format_2025::operations","@pid":6368,"@timestamp":"2026-03-31T20:27:12.486486Z"}
test api::tests::build_package_rejects_unknown_format ... {"@file":"src/psp/format_2025/pe_utils.rs","@level":"debug","@line":88,"@message":"Detected Go binary with minimal DOS stub: pe_offset=0x80 (128 bytes)","@module":"flavor::psp::format_2025::pe_utils","@pid":6368,"@timestamp":"2026-03-31T20:27:12.486536Z"}
ok
{"@file":"src/psp/format_2025/operations.rs","@level":"debug","@line":60,"@message":"✅ Operations unpacked: count=8 operations=[164, 107, 131, 95, 86, 37, 226, 26]","@module":"flavor::psp::format_2025::operations","@pid":6368,"@timestamp":"2026-03-31T20:27:12.486567Z"}
{"@file":"src/psp/format_2025/operations.rs","@level":"debug","@line":37,"@message":"✅ Operations packed: result=1937151842622598052","@module":"flavor::psp::format_2025::operations","@pid":6368,"@timestamp":"2026-03-31T20:27:12.486591Z"}
test api::tests::detect_package_format_recognizes_pspf_magic_trailer ... ok
{"@file":"src/psp/format_2025/operations.rs","@level":"debug","@line":60,"@message":"✅ Operations unpacked: count=8 operations=[164, 107, 131, 95, 86, 37, 226, 26]","@module":"flavor::psp::format_2025::operations","@pid":6368,"@timestamp":"2026-03-31T20:27:12.486611Z"}
test psp::format_2025::operations::tests::test_pack_single_operation ... ok
{"@file":"src/psp/format_2025/operations.rs","@level":"debug","@line":60,"@message":"✅ Operations unpacked: count=8 operations=[7, 166, 255, 123, 20, 208, 124, 59]","@module":"flavor::psp::format_2025::operations","@pid":6368,"@timestamp":"2026-03-31T20:27:12.486659Z"}
test psp::format_2025::operations::tests::test_round_trip ... ok{"@file":"src/psp/format_2025/operations.rs","@level":"debug","@line":37,"@message":"✅ Operations packed: result=4286529731748144647","@module":"flavor::psp::format_2025::operations","@pid":6368,"@timestamp":"2026-03-31T20:27:12.486689Z"}

{"@file":"src/psp/format_2025/operations.rs","@level":"debug","@line":60,"@message":"✅ Operations unpacked: count=8 operations=[7, 166, 255, 123, 20, 208, 124, 59]","@module":"flavor::psp::format_2025::operations","@pid":6368,"@timestamp":"2026-03-31T20:27:12.486713Z"}
test psp::format_2025::paths::tests::test_paths_structure ... ok
test psp::format_2025::execution::validation::tests::validate_package_checksum_mismatch_varies_by_validation_level ... {"@file":"src/psp/format_2025/operations.rs","@level":"debug","@line":60,"@message":"✅ Operations unpacked: count=8 operations=[139, 228, 245, 198, 187, 74, 3, 62]","@module":"flavor::psp::format_2025::operations","@pid":6368,"@timestamp":"2026-03-31T20:27:12.486765Z"}
ok
{"@file":"src/psp/format_2025/operations.rs","@level":"debug","@line":37,"@message":"✅ Operations packed: result=4468497425639007371","@module":"flavor::psp::format_2025::operations","@pid":6368,"@timestamp":"2026-03-31T20:27:12.486792Z"}
test psp::format_2025::operations::tests::test_unpack_single_operation ... {"@file":"src/psp/format_2025/operations.rs","@level":"debug","@line":60,"@message":"✅ Operations unpacked: count=8 operations=[139, 228, 245, 198, 187, 74, 3, 62]","@module":"flavor::psp::format_2025::operations","@pid":6368,"@timestamp":"2026-03-31T20:27:12.486818Z"}
ok{"@file":"src/psp/format_2025/execution/validation.rs","@level":"debug","@line":121,"@message":"💾 Saved package checksum: deadbeef","@module":"flavor::psp::format_2025::execution::validation","@pid":6368,"@timestamp":"2026-03-31T20:27:12.486830Z"}

test psp::format_2025::pe_resources::tests::test_non_windows_stub ... {"@file":"src/psp/format_2025/operations.rs","@level":"debug","@line":60,"@message":"✅ Operations unpacked: count=8 operations=[175, 82, 87, 170, 51, 153, 117, 171]","@module":"flavor::psp::format_2025::operations","@pid":6368,"@timestamp":"2026-03-31T20:27:12.486880Z"}
ok
{"@file":"src/psp/format_2025/execution/validation.rs","@level":"debug","@line":25,"@message":"✅ Package checksum matches cached version: deadbeef","@module":"flavor::psp::format_2025::execution::validation","@pid":6368,"@timestamp":"2026-03-31T20:27:12.486969Z"}
{"@file":"src/psp/format_2025/operations.rs","@level":"debug","@line":37,"@message":"✅ Operations packed: result=12354949599941055151","@module":"flavor::psp::format_2025::operations","@pid":6368,"@timestamp":"2026-03-31T20:27:12.486995Z"}
test psp::format_2025::operations::tests::test_unpack_multiple_operations ... {"@file":"src/psp/format_2025/operations.rs","@level":"debug","@line":37,"@message":"✅ Operations packed: result=133265926292477","@module":"flavor::psp::format_2025::operations","@pid":6368,"@timestamp":"2026-03-31T20:27:12.486883Z"}
ok{"@file":"src/psp/format_2025/operations.rs","@level":"debug","@line":60,"@message":"✅ Operations unpacked: count=8 operations=[175, 82, 87, 170, 51, 153, 117, 171]","@module":"flavor::psp::format_2025::operations","@pid":6368,"@timestamp":"2026-03-31T20:27:12.487034Z"}

{"@file":"src/psp/format_2025/operations.rs","@level":"debug","@line":37,"@message":"✅ Operations packed: result=0","@module":"flavor::psp::format_2025::operations","@pid":6368,"@timestamp":"2026-03-31T20:27:12.486893Z"}
test psp::format_2025::operations::tests::test_too_many_operations ... ok
{"@file":"src/psp/format_2025/operations.rs","@level":"debug","@line":60,"@message":"✅ Operations unpacked: count=0 operations=[]","@module":"flavor::psp::format_2025::operations","@pid":6368,"@timestamp":"2026-03-31T20:27:12.487079Z"}
test psp::format_2025::pe_utils::tests::test_is_pe_executable ... ok
{"@file":"src/psp/format_2025/operations.rs","@level":"debug","@line":37,"@message":"✅ Operations packed: result=4244219","@module":"flavor::psp::format_2025::operations","@pid":6368,"@timestamp":"2026-03-31T20:27:12.487087Z"}
test logger::tests::json_logger_writes_structured_records_to_file ... {"@file":"src/psp/format_2025/operations.rs","@level":"debug","@line":60,"@message":"✅ Operations unpacked: count=8 operations=[93, 240, 217, 191, 84, 58, 153, 116]","@module":"flavor::psp::format_2025::operations","@pid":6368,"@timestamp":"2026-03-31T20:27:12.487121Z"}
ok{"@file":"src/psp/format_2025/operations.rs","@level":"debug","@line":37,"@message":"✅ Operations packed: result=8401810715506765917","@module":"flavor::psp::format_2025::operations","@pid":6368,"@timestamp":"2026-03-31T20:27:12.487171Z"}

{"@file":"src/psp/format_2025/operations.rs","@level":"debug","@line":37,"@message":"✅ Operations packed: result=19062","@module":"flavor::psp::format_2025::operations","@pid":6368,"@timestamp":"2026-03-31T20:27:12.487191Z"}
{"@file":"src/psp/format_2025/operations.rs","@level":"debug","@line":60,"@message":"✅ Operations unpacked: count=8 operations=[93, 240, 217, 191, 84, 58, 153, 116]","@module":"flavor::psp::format_2025::operations","@pid":6368,"@timestamp":"2026-03-31T20:27:12.487202Z"}
test psp::format_2025::pe_utils::tests::test_needs_dos_stub_expansion ... {"@file":"src/psp/format_2025/operations.rs","@level":"debug","@line":60,"@message":"✅ Operations unpacked: count=2 operations=[118, 74]","@module":"flavor::psp::format_2025::operations","@pid":6368,"@timestamp":"2026-03-31T20:27:12.487222Z"}
ok
{"@file":"src/psp/format_2025/operations.rs","@level":"debug","@line":37,"@message":"✅ Operations packed: result=9323081","@module":"flavor::psp::format_2025::operations","@pid":6368,"@timestamp":"2026-03-31T20:27:12.487177Z"}
test psp::format_2025::policy::tests::test_enforce_policy_age_exceeded ... ok
{"@file":"src/psp/format_2025/operations.rs","@level":"debug","@line":60,"@message":"✅ Operations unpacked: count=8 operations=[216, 65, 58, 121, 120, 55, 68, 1]","@module":"flavor::psp::format_2025::operations","@pid":6368,"@timestamp":"2026-03-31T20:27:12.487273Z"}
{"@file":"src/psp/format_2025/operations.rs","@level":"debug","@line":37,"@message":"✅ Operations packed: result=0","@module":"flavor::psp::format_2025::operations","@pid":6368,"@timestamp":"2026-03-31T20:27:12.487274Z"}
test psp::format_2025::policy::tests::test_enforce_policy_env_var_missing ... {"@file":"src/psp/format_2025/operations.rs","@level":"debug","@line":37,"@message":"✅ Operations packed: result=91258883023716824","@module":"flavor::psp::format_2025::operations","@pid":6368,"@timestamp":"2026-03-31T20:27:12.487341Z"}
ok{"@file":"src/psp/format_2025/operations.rs","@level":"debug","@line":60,"@message":"✅ Operations unpacked: count=0 operations=[]","@module":"flavor::psp::format_2025::operations","@pid":6368,"@timestamp":"2026-03-31T20:27:12.487359Z"}

{"@file":"src/psp/format_2025/operations.rs","@level":"debug","@line":60,"@message":"✅ Operations unpacked: count=8 operations=[216, 65, 58, 121, 120, 55, 68, 1]","@module":"flavor::psp::format_2025::operations","@pid":6368,"@timestamp":"2026-03-31T20:27:12.487375Z"}
{"@file":"src/psp/format_2025/execution/validation.rs","@level":"debug","@line":191,"@message":"💾 Saved index metadata to \"/var/folders/sg/wy47gw996f78fznt898m8x540000gn/T/.tmpaRxGFj/workenv/.demo.pspf/instance/index.json\"","@module":"flavor::psp::format_2025::execution::validation","@pid":6368,"@timestamp":"2026-03-31T20:27:12.487380Z"}
{"@file":"src/psp/format_2025/operations.rs","@level":"debug","@line":37,"@message":"✅ Operations packed: result=2798110323","@module":"flavor::psp::format_2025::operations","@pid":6368,"@timestamp":"2026-03-31T20:27:12.487301Z"}
test psp::format_2025::policy::tests::test_enforce_policy_env_var_present ... ok{"@file":"src/psp/format_2025/operations.rs","@level":"debug","@line":37,"@message":"✅ Operations packed: result=138425014035277","@module":"flavor::psp::format_2025::operations","@pid":6368,"@timestamp":"2026-03-31T20:27:12.487422Z"}

{"@file":"src/psp/format_2025/operations.rs","@level":"debug","@line":60,"@message":"✅ Operations unpacked: count=8 operations=[49, 84, 193, 78, 252, 255, 144, 98]","@module":"flavor::psp::format_2025::operations","@pid":6368,"@timestamp":"2026-03-31T20:27:12.487436Z"}
{"@file":"src/psp/format_2025/operations.rs","@level":"debug","@line":60,"@message":"✅ Operations unpacked: count=6 operations=[77, 35, 202, 149, 229, 125]","@module":"flavor::psp::format_2025::operations","@pid":6368,"@timestamp":"2026-03-31T20:27:12.487455Z"}
{"@file":"src/psp/format_2025/operations.rs","@level":"debug","@line":37,"@message":"✅ Operations packed: result=14914","@module":"flavor::psp::format_2025::operations","@pid":6368,"@timestamp":"2026-03-31T20:27:12.487471Z"}
test psp::format_2025::policy::tests::test_enforce_policy_permissive ... {"@file":"src/psp/format_2025/operations.rs","@level":"debug","@line":37,"@message":"✅ Operations packed: result=7102458071481406513","@module":"flavor::psp::format_2025::operations","@pid":6368,"@timestamp":"2026-03-31T20:27:12.487473Z"}
ok{"@file":"src/psp/format_2025/operations.rs","@level":"debug","@line":37,"@message":"✅ Operations packed: result=12916","@module":"flavor::psp::format_2025::operations","@pid":6368,"@timestamp":"2026-03-31T20:27:12.487511Z"}

{"@file":"src/psp/format_2025/operations.rs","@level":"debug","@line":60,"@message":"✅ Operations unpacked: count=8 operations=[49, 84, 193, 78, 252, 255, 144, 98]","@module":"flavor::psp::format_2025::operations","@pid":6368,"@timestamp":"2026-03-31T20:27:12.487526Z"}
{"@file":"src/psp/format_2025/operations.rs","@level":"debug","@line":60,"@message":"✅ Operations unpacked: count=2 operations=[116, 50]","@module":"flavor::psp::format_2025::operations","@pid":6368,"@timestamp":"2026-03-31T20:27:12.487541Z"}
test psp::format_2025::extraction::tests::test_extract_tarball_rejects_symlink_entries ... {"@file":"src/psp/format_2025/operations.rs","@level":"debug","@line":37,"@message":"✅ Operations packed: result=17514220658341083","@module":"flavor::psp::format_2025::operations","@pid":6368,"@timestamp":"2026-03-31T20:27:12.487540Z"}
ok
{"@file":"src/psp/format_2025/operations.rs","@level":"debug","@line":37,"@message":"✅ Operations packed: result=150","@module":"flavor::psp::format_2025::operations","@pid":6368,"@timestamp":"2026-03-31T20:27:12.487601Z"}
test psp::format_2025::policy::tests::test_enforce_policy_platform_blocked ... ok
{"@file":"src/psp/format_2025/operations.rs","@level":"debug","@line":60,"@message":"✅ Operations unpacked: count=8 operations=[248, 206, 85, 212, 42, 79, 65, 252]","@module":"flavor::psp::format_2025::operations","@pid":6368,"@timestamp":"2026-03-31T20:27:12.487582Z"}
{"@file":"src/psp/format_2025/operations.rs","@level":"debug","@line":60,"@message":"✅ Operations unpacked: count=1 operations=[150]","@module":"flavor::psp::format_2025::operations","@pid":6368,"@timestamp":"2026-03-31T20:27:12.487634Z"}
test psp::format_2025::policy::tests::test_enforce_policy_refuse_root_current_platform ... {"@file":"src/psp/format_2025/operations.rs","@level":"debug","@line":37,"@message":"✅ Operations packed: result=6338227","@module":"flavor::psp::format_2025::operations","@pid":6368,"@timestamp":"2026-03-31T20:27:12.487653Z"}
ok
{"@file":"src/psp/format_2025/operations.rs","@level":"debug","@line":37,"@message":"✅ Operations packed: result=1231900083","@module":"flavor::psp::format_2025::operations","@pid":6368,"@timestamp":"2026-03-31T20:27:12.487733Z"}
{"@file":"src/psp/format_2025/operations.rs","@level":"debug","@line":60,"@message":"✅ Operations unpacked: count=4 operations=[179, 77, 109, 73]","@module":"flavor::psp::format_2025::operations","@pid":6368,"@timestamp":"2026-03-31T20:27:12.487759Z"}
{"@file":"src/psp/format_2025/operations.rs","@level":"debug","@line":37,"@message":"✅ Operations packed: result=18176896616413646584","@module":"flavor::psp::format_2025::operations","@pid":6368,"@timestamp":"2026-03-31T20:27:12.487664Z"}
test psp::format_2025::policy::tests::test_enforce_policy_require_trusted_key_not_required ... ok{"@file":"src/psp/format_2025/operations.rs","@level":"debug","@line":37,"@message":"✅ Operations packed: result=252767139056112756","@module":"flavor::psp::format_2025::operations","@pid":6368,"@timestamp":"2026-03-31T20:27:12.487770Z"}

{"@file":"src/psp/format_2025/operations.rs","@level":"debug","@line":37,"@message":"✅ Operations packed: result=79897929117166","@module":"flavor::psp::format_2025::operations","@pid":6368,"@timestamp":"2026-03-31T20:27:12.487807Z"}
{"@file":"src/psp/format_2025/operations.rs","@level":"debug","@line":60,"@message":"✅ Operations unpacked: count=8 operations=[248, 206, 85, 212, 42, 79, 65, 252]","@module":"flavor::psp::format_2025::operations","@pid":6368,"@timestamp":"2026-03-31T20:27:12.487799Z"}
test psp::format_2025::policy::tests::test_enforce_policy_require_trusted_key_trusted ... ok{"@file":"src/psp/format_2025/operations.rs","@level":"debug","@line":60,"@message":"✅ Operations unpacked: count=6 operations=[238, 237, 174, 175, 170, 72]","@module":"flavor::psp::format_2025::operations","@pid":6368,"@timestamp":"2026-03-31T20:27:12.487862Z"}

{"@file":"src/psp/format_2025/operations.rs","@level":"debug","@line":37,"@message":"✅ Operations packed: result=69818377857242","@module":"flavor::psp::format_2025::operations","@pid":6368,"@timestamp":"2026-03-31T20:27:12.487875Z"}
test psp::format_2025::policy::tests::test_enforce_policy_require_trusted_key_untrusted ... {"@file":"src/psp/format_2025/operations.rs","@level":"debug","@line":60,"@message":"✅ Operations unpacked: count=8 operations=[233, 227, 47, 121, 119, 49, 76, 109]","@module":"flavor::psp::format_2025::operations","@pid":6368,"@timestamp":"2026-03-31T20:27:12.487906Z"}
ok
{"@file":"src/psp/format_2025/operations.rs","@level":"debug","@line":37,"@message":"✅ Operations packed: result=866030426","@module":"flavor::psp::format_2025::operations","@pid":6368,"@timestamp":"2026-03-31T20:27:12.487926Z"}
test psp::format_2025::policy::tests::test_enforce_policy_sbom_required ... {"@file":"src/psp/format_2025/operations.rs","@level":"debug","@line":37,"@message":"✅ Operations packed: result=0","@module":"flavor::psp::format_2025::operations","@pid":6368,"@timestamp":"2026-03-31T20:27:12.487935Z"}
ok
{"@file":"src/psp/format_2025/operations.rs","@level":"debug","@line":37,"@message":"✅ Operations packed: result=7875724237568205801","@module":"flavor::psp::format_2025::operations","@pid":6368,"@timestamp":"2026-03-31T20:27:12.487939Z"}
{"@file":"src/psp/format_2025/operations.rs","@level":"debug","@line":60,"@message":"✅ Operations unpacked: count=4 operations=[90, 147, 158, 51]","@module":"flavor::psp::format_2025::operations","@pid":6368,"@timestamp":"2026-03-31T20:27:12.487965Z"}
test psp::format_2025::policy::tests::test_get_current_platform_nonempty ... ok{"@file":"src/psp/format_2025/execution/validation.rs","@level":"debug","@line":121,"@message":"💾 Saved package checksum: 12345678","@module":"flavor::psp::format_2025::execution::validation","@pid":6368,"@timestamp":"2026-03-31T20:27:12.487980Z"}

{"@file":"src/psp/format_2025/operations.rs","@level":"debug","@line":37,"@message":"✅ Operations packed: result=0","@module":"flavor::psp::format_2025::operations","@pid":6368,"@timestamp":"2026-03-31T20:27:12.488024Z"}
{"@file":"src/psp/format_2025/operations.rs","@level":"debug","@line":60,"@message":"✅ Operations unpacked: count=8 operations=[233, 227, 47, 121, 119, 49, 76, 109]","@module":"flavor::psp::format_2025::operations","@pid":6368,"@timestamp":"2026-03-31T20:27:12.488017Z"}
test psp::format_2025::policy::tests::test_load_operator_policy_missing_file ... ok
{"@file":"src/psp/format_2025/operations.rs","@level":"debug","@line":37,"@message":"✅ Operations packed: result=19661724521685","@module":"flavor::psp::format_2025::operations","@pid":6368,"@timestamp":"2026-03-31T20:27:12.488089Z"}
{"@file":"src/psp/format_2025/operations.rs","@level":"debug","@line":37,"@message":"✅ Operations packed: result=257576080","@module":"flavor::psp::format_2025::operations","@pid":6368,"@timestamp":"2026-03-31T20:27:12.488099Z"}
test psp::format_2025::builder::slot_processor::tests::test_process_slots_regular_file_builds_descriptor ... {"@file":"src/psp/format_2025/runtime.rs","@level":"debug","@line":174,"@message":"📋 Pattern processor: 2 patterns (1 exact)","@module":"flavor::psp::format_2025::runtime::runtime_impl::patterns","@pid":6368,"@timestamp":"2026-03-31T20:27:12.488115Z"}
ok
{"@file":"src/psp/format_2025/operations.rs","@level":"debug","@line":60,"@message":"✅ Operations unpacked: count=6 operations=[213, 20, 27, 218, 225, 17]","@module":"flavor::psp::format_2025::operations","@pid":6368,"@timestamp":"2026-03-31T20:27:12.488117Z"}
{"@file":"src/psp/format_2025/execution/validation.rs","@level":"debug","@line":25,"@message":"✅ Package checksum matches cached version: 12345678","@module":"flavor::psp::format_2025::execution::validation","@pid":6368,"@timestamp":"2026-03-31T20:27:12.488149Z"}
test psp::format_2025::policy::tests::test_merge_policy_max_age_days_min ... ok{"@file":"src/psp/format_2025/operations.rs","@level":"debug","@line":37,"@message":"✅ Operations packed: result=146","@module":"flavor::psp::format_2025::operations","@pid":6368,"@timestamp":"2026-03-31T20:27:12.488164Z"}

{"@file":"src/psp/format_2025/runtime.rs","@level":"debug","@line":39,"@message":"🔧 Processing runtime environment configuration","@module":"flavor::psp::format_2025::runtime::runtime_impl","@pid":6368,"@timestamp":"2026-03-31T20:27:12.488161Z"}
test psp::format_2025::policy::tests::test_merge_policy_max_age_only_pkg ... {"@file":"src/psp/format_2025/operations.rs","@level":"debug","@line":37,"@message":"✅ Operations packed: result=115618078929017","@module":"flavor::psp::format_2025::operations","@pid":6368,"@timestamp":"2026-03-31T20:27:12.488204Z"}
ok
{"@file":"src/psp/format_2025/operations.rs","@level":"debug","@line":37,"@message":"✅ Operations packed: result=377980012326","@module":"flavor::psp::format_2025::operations","@pid":6368,"@timestamp":"2026-03-31T20:27:12.488226Z"}
{"@file":"src/psp/format_2025/runtime.rs","@level":"debug","@line":39,"@message":"🔧 Processing runtime environment configuration","@module":"flavor::psp::format_2025::runtime::runtime_impl","@pid":6368,"@timestamp":"2026-03-31T20:27:12.488189Z"}
test psp::format_2025::policy::tests::test_merge_policy_platforms_intersection ... ok{"@file":"src/psp/format_2025/runtime.rs","@level":"debug","@line":39,"@message":"🔧 Processing runtime environment configuration","@module":"flavor::psp::format_2025::runtime::runtime_impl","@pid":6368,"@timestamp":"2026-03-31T20:27:12.488235Z"}

{"@file":"src/psp/format_2025/runtime.rs","@level":"debug","@line":174,"@message":"📋 Pattern processor: 2 patterns (1 exact)","@module":"flavor::psp::format_2025::runtime::runtime_impl::patterns","@pid":6368,"@timestamp":"2026-03-31T20:27:12.488233Z"}
{"@file":"src/psp/format_2025/runtime.rs","@level":"debug","@line":174,"@message":"📋 Pattern processor: 1 patterns (1 exact)","@module":"flavor::psp::format_2025::runtime::runtime_impl::patterns","@pid":6368,"@timestamp":"2026-03-31T20:27:12.488299Z"}
test psp::format_2025::policy::tests::test_merge_policy_platforms_only_operator ... ok
{"@file":"src/psp/format_2025/operations.rs","@level":"debug","@line":60,"@message":"✅ Operations unpacked: count=6 operations=[121, 48, 134, 110, 39, 105]","@module":"flavor::psp::format_2025::operations","@pid":6368,"@timestamp":"2026-03-31T20:27:12.488240Z"}
{"@file":"src/psp/format_2025/operations.rs","@level":"debug","@line":37,"@message":"✅ Operations packed: result=26019","@module":"flavor::psp::format_2025::operations","@pid":6368,"@timestamp":"2026-03-31T20:27:12.488287Z"}
test psp::format_2025::policy::tests::test_merge_policy_refuse_root ... {"@file":"src/psp/format_2025/runtime.rs","@level":"debug","@line":174,"@message":"📋 Pattern processor: 1 patterns (1 exact)","@module":"flavor::psp::format_2025::runtime::runtime_impl::patterns","@pid":6368,"@timestamp":"2026-03-31T20:27:12.488283Z"}
ok
{"@file":"src/psp/format_2025/operations.rs","@level":"debug","@line":60,"@message":"✅ Operations unpacked: count=8 operations=[172, 32, 75, 87, 204, 202, 131, 187]","@module":"flavor::psp::format_2025::operations","@pid":6368,"@timestamp":"2026-03-31T20:27:12.488109Z"}
{"@file":"src/psp/format_2025/operations.rs","@level":"debug","@line":37,"@message":"✅ Operations packed: result=13383611","@module":"flavor::psp::format_2025::operations","@pid":6368,"@timestamp":"2026-03-31T20:27:12.488391Z"}
test psp::format_2025::policy::tests::test_parse_policy_file_all_fields ... ok{"@file":"src/psp/format_2025/runtime.rs","@level":"debug","@line":75,"@message":"📋 Unset patterns found: [\"DROP_*\"]","@module":"flavor::psp::format_2025::runtime::runtime_impl","@pid":6368,"@timestamp":"2026-03-31T20:27:12.488320Z"}

{"@file":"src/psp/format_2025/operations.rs","@level":"debug","@line":60,"@message":"✅ Operations unpacked: count=3 operations=[187, 55, 204]","@module":"flavor::psp::format_2025::operations","@pid":6368,"@timestamp":"2026-03-31T20:27:12.488426Z"}
{"@file":"src/psp/format_2025/runtime.rs","@level":"debug","@line":75,"@message":"📋 Unset patterns found: [\"DROP_*\"]","@module":"flavor::psp::format_2025::runtime::runtime_impl","@pid":6368,"@timestamp":"2026-03-31T20:27:12.488335Z"}
test psp::format_2025::policy::tests::test_parse_policy_file_allow_platforms ... {"@file":"src/psp/format_2025/runtime.rs","@level":"debug","@line":253,"@message":"🗑️ Processing 1 unset patterns","@module":"flavor::psp::format_2025::runtime::runtime_impl::operations","@pid":6368,"@timestamp":"2026-03-31T20:27:12.488454Z"}
ok{"@file":"src/psp/format_2025/runtime.rs","@level":"debug","@line":253,"@message":"🗑️ Processing 1 unset patterns","@module":"flavor::psp::format_2025::runtime::runtime_impl::operations","@pid":6368,"@timestamp":"2026-03-31T20:27:12.488477Z"}

{"@file":"src/psp/format_2025/operations.rs","@level":"debug","@line":37,"@message":"✅ Operations packed: result=15563148944412799","@module":"flavor::psp::format_2025::operations","@pid":6368,"@timestamp":"2026-03-31T20:27:12.488491Z"}
{"@file":"src/psp/format_2025/operations.rs","@level":"debug","@line":37,"@message":"✅ Operations packed: result=45302","@module":"flavor::psp::format_2025::operations","@pid":6368,"@timestamp":"2026-03-31T20:27:12.488402Z"}
test psp::format_2025::policy::tests::test_parse_policy_file_ignores_comments ... {"@file":"src/psp/format_2025/operations.rs","@level":"debug","@line":60,"@message":"✅ Operations unpacked: count=7 operations=[127, 16, 107, 252, 153, 74, 55]","@module":"flavor::psp::format_2025::operations","@pid":6368,"@timestamp":"2026-03-31T20:27:12.488523Z"}
ok{"@file":"src/psp/format_2025/runtime.rs","@level":"debug","@line":256,"@message":"  Processing unset pattern: 'DROP_*'","@module":"flavor::psp::format_2025::runtime::runtime_impl::operations","@pid":6368,"@timestamp":"2026-03-31T20:27:12.488495Z"}

{"@file":"src/psp/format_2025/runtime.rs","@level":"debug","@line":75,"@message":"📋 Unset patterns found: [\"REMOVE_ME\"]","@module":"flavor::psp::format_2025::runtime::runtime_impl","@pid":6368,"@timestamp":"2026-03-31T20:27:12.488394Z"}
{"@file":"src/psp/format_2025/runtime.rs","@level":"debug","@line":261,"@message":"  Match: glob pattern","@module":"flavor::psp::format_2025::runtime::runtime_impl::operations","@pid":6368,"@timestamp":"2026-03-31T20:27:12.488569Z"}
test psp::format_2025::policy::tests::test_parse_policy_file_inline_comment ... ok{"@file":"src/psp/format_2025/operations.rs","@level":"debug","@line":37,"@message":"✅ Operations packed: result=49421","@module":"flavor::psp::format_2025::operations","@pid":6368,"@timestamp":"2026-03-31T20:27:12.488582Z"}

{"@file":"src/psp/format_2025/runtime.rs","@level":"debug","@line":256,"@message":"  Processing unset pattern: 'DROP_*'","@module":"flavor::psp::format_2025::runtime::runtime_impl::operations","@pid":6368,"@timestamp":"2026-03-31T20:27:12.488511Z"}
test psp::format_2025::policy::tests::test_parse_toml_string_list_empty ... ok
{"@file":"src/psp/format_2025/operations.rs","@level":"debug","@line":37,"@message":"✅ Operations packed: result=13511866286028300460","@module":"flavor::psp::format_2025::operations","@pid":6368,"@timestamp":"2026-03-31T20:27:12.488415Z"}
{"@file":"src/psp/format_2025/runtime.rs","@level":"debug","@line":261,"@message":"  Match: glob pattern","@module":"flavor::psp::format_2025::runtime::runtime_impl::operations","@pid":6368,"@timestamp":"2026-03-31T20:27:12.488647Z"}
test psp::format_2025::policy::tests::test_parse_toml_string_list_invalid ... ok{"@file":"src/psp/format_2025/runtime.rs","@level":"debug","@line":253,"@message":"🗑️ Processing 1 unset patterns","@module":"flavor::psp::format_2025::runtime::runtime_impl::operations","@pid":6368,"@timestamp":"2026-03-31T20:27:12.488590Z"}

{"@file":"src/psp/format_2025/operations.rs","@level":"debug","@line":60,"@message":"✅ Operations unpacked: count=2 operations=[13, 193]","@module":"flavor::psp::format_2025::operations","@pid":6368,"@timestamp":"2026-03-31T20:27:12.488619Z"}
{"@file":"src/psp/format_2025/runtime.rs","@level":"debug","@line":86,"@message":"🧹 Stripped 2 env vars from child environment: DROP_A, DROP_B","@module":"flavor::psp::format_2025::runtime::runtime_impl","@pid":6368,"@timestamp":"2026-03-31T20:27:12.488695Z"}
test psp::format_2025::policy::tests::test_parse_toml_string_list_single_quotes ... ok
test psp::format_2025::builder::slot_processor::tests::test_resolve_slot_path_uses_current_dir_when_workenv_base_is_unset ... {"@file":"src/psp/format_2025/operations.rs","@level":"debug","@line":37,"@message":"✅ Operations packed: result=27","@module":"flavor::psp::format_2025::operations","@pid":6368,"@timestamp":"2026-03-31T20:27:12.488584Z"}
ok{"@file":"src/psp/format_2025/operations.rs","@level":"debug","@line":37,"@message":"✅ Operations packed: result=5571288","@module":"flavor::psp::format_2025::operations","@pid":6368,"@timestamp":"2026-03-31T20:27:12.488746Z"}

{"@file":"src/psp/format_2025/runtime.rs","@level":"debug","@line":256,"@message":"  Processing unset pattern: 'REMOVE_ME'","@module":"flavor::psp::format_2025::runtime::runtime_impl::operations","@pid":6368,"@timestamp":"2026-03-31T20:27:12.488698Z"}
test psp::format_2025::runtime::runtime_impl::tests::pattern_processor_requires_exact_pass_patterns ... ok
{"@file":"src/psp/format_2025/runtime.rs","@level":"debug","@line":86,"@message":"🧹 Stripped 1 env vars from child environment: DROP_ME","@module":"flavor::psp::format_2025::runtime::runtime_impl","@pid":6368,"@timestamp":"2026-03-31T20:27:12.488617Z"}
test psp::format_2025::trust::tests::test_compute_key_fingerprint_valid ... ok{"@file":"src/psp/format_2025/runtime.rs","@level":"debug","@line":92,"@message":"✅ Unset operations completed successfully","@module":"flavor::psp::format_2025::runtime::runtime_impl","@pid":6368,"@timestamp":"2026-03-31T20:27:12.488731Z"}

{"@file":"src/psp/format_2025/runtime.rs","@level":"debug","@line":264,"@message":"  Match: exact pattern","@module":"flavor::psp::format_2025::runtime::runtime_impl::operations","@pid":6368,"@timestamp":"2026-03-31T20:27:12.488837Z"}
{"@file":"src/psp/format_2025/operations.rs","@level":"debug","@line":60,"@message":"✅ Operations unpacked: count=3 operations=[216, 2, 85]","@module":"flavor::psp::format_2025::operations","@pid":6368,"@timestamp":"2026-03-31T20:27:12.488781Z"}
{"@file":"src/psp/format_2025/runtime.rs","@level":"debug","@line":330,"@message":"🗑️ Unset: REMOVE_ME","@module":"flavor::psp::format_2025::runtime::runtime_impl::operations","@pid":6368,"@timestamp":"2026-03-31T20:27:12.488925Z"}
test psp::format_2025::trust::tests::test_compute_key_fingerprint_wrong_length ... ok{"@file":"src/psp/format_2025/runtime.rs","@level":"debug","@line":92,"@message":"✅ Unset operations completed successfully","@module":"flavor::psp::format_2025::runtime::runtime_impl","@pid":6368,"@timestamp":"2026-03-31T20:27:12.488838Z"}

{"@file":"src/psp/format_2025/runtime.rs","@level":"debug","@line":135,"@message":"✅ Runtime environment processing complete","@module":"flavor::psp::format_2025::runtime::runtime_impl","@pid":6368,"@timestamp":"2026-03-31T20:27:12.488896Z"}
{"@file":"src/psp/format_2025/runtime.rs","@level":"debug","@line":351,"@message":"🔄 Processing 1 map operations","@module":"flavor::psp::format_2025::runtime::runtime_impl::operations","@pid":6368,"@timestamp":"2026-03-31T20:27:12.489008Z"}
test psp::format_2025::trust::tests::test_extract_ed25519_raw_key_valid_spki ... ok
{"@file":"src/psp/format_2025/runtime.rs","@level":"debug","@line":365,"@message":"🔄 Mapped: SOURCE -> RENAMED","@module":"flavor::psp::format_2025::runtime::runtime_impl::operations","@pid":6368,"@timestamp":"2026-03-31T20:27:12.489037Z"}
{"@file":"src/psp/format_2025/runtime.rs","@level":"debug","@line":86,"@message":"🧹 Stripped 1 env vars from child environment: REMOVE_ME","@module":"flavor::psp::format_2025::runtime::runtime_impl","@pid":6368,"@timestamp":"2026-03-31T20:27:12.488952Z"}
test psp::format_2025::trust::tests::test_extract_ed25519_raw_key_wrong_length ... {"@file":"src/psp/format_2025/runtime.rs","@level":"debug","@line":386,"@message":"📝 Processing 1 set operations","@module":"flavor::psp::format_2025::runtime::runtime_impl::operations","@pid":6368,"@timestamp":"2026-03-31T20:27:12.489071Z"}
ok{"@file":"src/psp/format_2025/operations.rs","@level":"debug","@line":60,"@message":"✅ Operations unpacked: count=8 operations=[172, 32, 75, 87, 204, 202, 131, 187]","@module":"flavor::psp::format_2025::operations","@pid":6368,"@timestamp":"2026-03-31T20:27:12.488666Z"}

{"@file":"src/psp/format_2025/runtime.rs","@level":"debug","@line":397,"@message":"📝 Set: ADDED = 'value'","@module":"flavor::psp::format_2025::runtime::runtime_impl::operations","@pid":6368,"@timestamp":"2026-03-31T20:27:12.489103Z"}
test psp::format_2025::trust::tests::test_extract_ed25519_raw_key_wrong_prefix ... {"@file":"src/psp/format_2025/operations.rs","@level":"debug","@line":37,"@message":"✅ Operations packed: result=201","@module":"flavor::psp::format_2025::operations","@pid":6368,"@timestamp":"2026-03-31T20:27:12.488970Z"}
ok{"@file":"src/psp/format_2025/operations.rs","@level":"debug","@line":60,"@message":"✅ Operations unpacked: count=8 operations=[222, 10, 95, 28, 43, 40, 69, 51]","@module":"flavor::psp::format_2025::operations","@pid":6368,"@timestamp":"2026-03-31T20:27:12.489148Z"}

{"@file":"src/psp/format_2025/operations.rs","@level":"debug","@line":60,"@message":"✅ Operations unpacked: count=1 operations=[201]","@module":"flavor::psp::format_2025::operations","@pid":6368,"@timestamp":"2026-03-31T20:27:12.489164Z"}
{"@file":"src/psp/format_2025/runtime.rs","@level":"debug","@line":135,"@message":"✅ Runtime environment processing complete","@module":"flavor::psp::format_2025::runtime::runtime_impl","@pid":6368,"@timestamp":"2026-03-31T20:27:12.489136Z"}
{"@file":"src/psp/format_2025/operations.rs","@level":"debug","@line":37,"@message":"✅ Operations packed: result=3694403234952055518","@module":"flavor::psp::format_2025::operations","@pid":6368,"@timestamp":"2026-03-31T20:27:12.489185Z"}
test psp::format_2025::trust::tests::test_is_key_trusted_no_store ... {"@file":"src/psp/format_2025/runtime.rs","@level":"debug","@line":92,"@message":"✅ Unset operations completed successfully","@module":"flavor::psp::format_2025::runtime::runtime_impl","@pid":6368,"@timestamp":"2026-03-31T20:27:12.489089Z"}
ok
{"@file":"src/psp/format_2025/operations.rs","@level":"debug","@line":37,"@message":"✅ Operations packed: result=968693165742","@module":"flavor::psp::format_2025::operations","@pid":6368,"@timestamp":"2026-03-31T20:27:12.488798Z"}
{"@file":"src/psp/format_2025/operations.rs","@level":"debug","@line":60,"@message":"✅ Operations unpacked: count=8 operations=[222, 10, 95, 28, 43, 40, 69, 51]","@module":"flavor::psp::format_2025::operations","@pid":6368,"@timestamp":"2026-03-31T20:27:12.489244Z"}
{"@file":"src/psp/format_2025/runtime.rs","@level":"debug","@line":135,"@message":"✅ Runtime environment processing complete","@module":"flavor::psp::format_2025::runtime::runtime_impl","@pid":6368,"@timestamp":"2026-03-31T20:27:12.489281Z"}
test psp::format_2025::trust::tests::test_load_keys_from_dir_missing ... ok
{"@file":"src/psp/format_2025/operations.rs","@level":"debug","@line":37,"@message":"✅ Operations packed: result=853845847","@module":"flavor::psp::format_2025::operations","@pid":6368,"@timestamp":"2026-03-31T20:27:12.489235Z"}
test psp::format_2025::runtime::runtime_impl::tests::process_runtime_env_unset_glob_pattern_removes_matching_variables ... ok
test psp::format_2025::runtime::runtime_impl::tests::process_runtime_env_applies_unset_map_and_set_operations ... ok
{"@file":"src/psp/format_2025/operations.rs","@level":"debug","@line":37,"@message":"✅ Operations packed: result=217978156680366","@module":"flavor::psp::format_2025::operations","@pid":6368,"@timestamp":"2026-03-31T20:27:12.489335Z"}
test psp::format_2025::verifier::tests::test_verify_slot_checksum_detects_tampering ... ok
{"@file":"src/psp/format_2025/operations.rs","@level":"debug","@line":60,"@message":"✅ Operations unpacked: count=4 operations=[87, 167, 228, 50]","@module":"flavor::psp::format_2025::operations","@pid":6368,"@timestamp":"2026-03-31T20:27:12.489421Z"}
test psp::format_2025::runtime::runtime_impl::tests::process_runtime_env_unset_exact_match_removes_variable ... ok
{"@file":"src/psp/format_2025/operations.rs","@level":"debug","@line":60,"@message":"✅ Operations unpacked: count=8 operations=[182, 83, 36, 153, 6, 1, 120, 1]","@module":"flavor::psp::format_2025::operations","@pid":6368,"@timestamp":"2026-03-31T20:27:12.489346Z"}
{"@file":"src/psp/format_2025/operations.rs","@level":"debug","@line":37,"@message":"✅ Operations packed: result=105835719093932982","@module":"flavor::psp::format_2025::operations","@pid":6368,"@timestamp":"2026-03-31T20:27:12.489482Z"}
{"@file":"src/psp/format_2025/operations.rs","@level":"debug","@line":37,"@message":"✅ Operations packed: result=39","@module":"flavor::psp::format_2025::operations","@pid":6368,"@timestamp":"2026-03-31T20:27:12.489507Z"}
{"@file":"src/psp/format_2025/operations.rs","@level":"debug","@line":60,"@message":"✅ Operations unpacked: count=8 operations=[182, 83, 36, 153, 6, 1, 120, 1]","@module":"flavor::psp::format_2025::operations","@pid":6368,"@timestamp":"2026-03-31T20:27:12.489513Z"}
{"@file":"src/psp/format_2025/operations.rs","@level":"debug","@line":37,"@message":"✅ Operations packed: result=3446696231519676770","@module":"flavor::psp::format_2025::operations","@pid":6368,"@timestamp":"2026-03-31T20:27:12.489485Z"}
{"@file":"src/psp/format_2025/operations.rs","@level":"debug","@line":60,"@message":"✅ Operations unpacked: count=1 operations=[39]","@module":"flavor::psp::format_2025::operations","@pid":6368,"@timestamp":"2026-03-31T20:27:12.489536Z"}
{"@file":"src/psp/format_2025/launcher/filesystem.rs","@level":"debug","@line":70,"@message":"Fixed shebang in \"tool\"","@module":"flavor::psp::format_2025::launcher::filesystem","@pid":6368,"@timestamp":"2026-03-31T20:27:12.489579Z"}
{"@file":"src/psp/format_2025/operations.rs","@level":"debug","@line":37,"@message":"✅ Operations packed: result=185","@module":"flavor::psp::format_2025::operations","@pid":6368,"@timestamp":"2026-03-31T20:27:12.489596Z"}
{"@file":"src/psp/format_2025/operations.rs","@level":"debug","@line":60,"@message":"✅ Operations unpacked: count=8 operations=[217, 183, 42, 222, 184, 239, 103, 239]","@module":"flavor::psp::format_2025::operations","@pid":6368,"@timestamp":"2026-03-31T20:27:12.489589Z"}
{"@file":"src/psp/format_2025/operations.rs","@level":"debug","@line":37,"@message":"✅ Operations packed: result=0","@module":"flavor::psp::format_2025::operations","@pid":6368,"@timestamp":"2026-03-31T20:27:12.489630Z"}
{"@file":"src/psp/format_2025/operations.rs","@level":"debug","@line":37,"@message":"✅ Operations packed: result=17251020474946336729","@module":"flavor::psp::format_2025::operations","@pid":6368,"@timestamp":"2026-03-31T20:27:12.489638Z"}
{"@file":"src/psp/format_2025/operations.rs","@level":"debug","@line":60,"@message":"✅ Operations unpacked: count=0 operations=[]","@module":"flavor::psp::format_2025::operations","@pid":6368,"@timestamp":"2026-03-31T20:27:12.489667Z"}
{"@file":"src/psp/format_2025/operations.rs","@level":"debug","@line":37,"@message":"✅ Operations packed: result=895719493797","@module":"flavor::psp::format_2025::operations","@pid":6368,"@timestamp":"2026-03-31T20:27:12.489658Z"}
{"@file":"src/psp/format_2025/operations.rs","@level":"debug","@line":60,"@message":"✅ Operations unpacked: count=8 operations=[217, 183, 42, 222, 184, 239, 103, 239]","@module":"flavor::psp::format_2025::operations","@pid":6368,"@timestamp":"2026-03-31T20:27:12.489686Z"}
test psp::format_2025::execution::validation::tests::save_and_validate_package_checksum_round_trip ... {"@file":"src/psp/format_2025/operations.rs","@level":"debug","@line":37,"@message":"✅ Operations packed: result=4630","@module":"flavor::psp::format_2025::operations","@pid":6368,"@timestamp":"2026-03-31T20:27:12.489745Z"}
{"@file":"src/psp/format_2025/operations.rs","@level":"debug","@line":37,"@message":"✅ Operations packed: result=24994340881046469","@module":"flavor::psp::format_2025::operations","@pid":6368,"@timestamp":"2026-03-31T20:27:12.489911Z"}
{"@file":"src/psp/format_2025/operations.rs","@level":"debug","@line":60,"@message":"✅ Operations unpacked: count=8 operations=[81, 128, 244, 110, 122, 203, 193, 92]","@module":"flavor::psp::format_2025::operations","@pid":6368,"@timestamp":"2026-03-31T20:27:12.489966Z"}
ok
{"@file":"src/psp/format_2025/operations.rs","@level":"debug","@line":60,"@message":"✅ Operations unpacked: count=2 operations=[22, 18]","@module":"flavor::psp::format_2025::operations","@pid":6368,"@timestamp":"2026-03-31T20:27:12.490041Z"}
{"@file":"src/psp/format_2025/operations.rs","@level":"debug","@line":37,"@message":"✅ Operations packed: result=6683847048702492753","@module":"flavor::psp::format_2025::operations","@pid":6368,"@timestamp":"2026-03-31T20:27:12.490062Z"}
{"@file":"src/psp/format_2025/operations.rs","@level":"debug","@line":37,"@message":"✅ Operations packed: result=6231095","@module":"flavor::psp::format_2025::operations","@pid":6368,"@timestamp":"2026-03-31T20:27:12.490095Z"}
{"@file":"src/psp/format_2025/operations.rs","@level":"debug","@line":60,"@message":"✅ Operations unpacked: count=8 operations=[81, 128, 244, 110, 122, 203, 193, 92]","@module":"flavor::psp::format_2025::operations","@pid":6368,"@timestamp":"2026-03-31T20:27:12.490163Z"}
{"@file":"src/psp/format_2025/operations.rs","@level":"debug","@line":37,"@message":"✅ Operations packed: result=799020127037560571","@module":"flavor::psp::format_2025::operations","@pid":6368,"@timestamp":"2026-03-31T20:27:12.490208Z"}
test psp::format_2025::execution::validation::tests::save_index_metadata_writes_expected_json_fields ... {"@file":"src/psp/format_2025/operations.rs","@level":"debug","@line":37,"@message":"✅ Operations packed: result=48","@module":"flavor::psp::format_2025::operations","@pid":6368,"@timestamp":"2026-03-31T20:27:12.490210Z"}
ok
{"@file":"src/psp/format_2025/operations.rs","@level":"debug","@line":60,"@message":"✅ Operations unpacked: count=8 operations=[16, 61, 184, 232, 161, 17, 209, 219]","@module":"flavor::psp::format_2025::operations","@pid":6368,"@timestamp":"2026-03-31T20:27:12.490314Z"}
{"@file":"src/psp/format_2025/operations.rs","@level":"debug","@line":37,"@message":"✅ Operations packed: result=15839460751530540304","@module":"flavor::psp::format_2025::operations","@pid":6368,"@timestamp":"2026-03-31T20:27:12.490347Z"}
{"@file":"src/psp/format_2025/operations.rs","@level":"debug","@line":60,"@message":"✅ Operations unpacked: count=8 operations=[251, 22, 118, 120, 146, 176, 22, 11]","@module":"flavor::psp::format_2025::operations","@pid":6368,"@timestamp":"2026-03-31T20:27:12.490260Z"}
{"@file":"src/psp/format_2025/operations.rs","@level":"debug","@line":60,"@message":"✅ Operations unpacked: count=8 operations=[16, 61, 184, 232, 161, 17, 209, 219]","@module":"flavor::psp::format_2025::operations","@pid":6368,"@timestamp":"2026-03-31T20:27:12.490371Z"}
{"@file":"src/psp/format_2025/operations.rs","@level":"debug","@line":60,"@message":"✅ Operations unpacked: count=8 operations=[251, 5, 215, 176, 81, 126, 30, 15]","@module":"flavor::psp::format_2025::operations","@pid":6368,"@timestamp":"2026-03-31T20:27:12.490472Z"}
{"@file":"src/psp/format_2025/operations.rs","@level":"debug","@line":37,"@message":"✅ Operations packed: result=26214","@module":"flavor::psp::format_2025::operations","@pid":6368,"@timestamp":"2026-03-31T20:27:12.490497Z"}
{"@file":"src/psp/format_2025/operations.rs","@level":"debug","@line":37,"@message":"✅ Operations packed: result=1089447049194571259","@module":"flavor::psp::format_2025::operations","@pid":6368,"@timestamp":"2026-03-31T20:27:12.490498Z"}
{"@file":"src/psp/format_2025/operations.rs","@level":"debug","@line":37,"@message":"✅ Operations packed: result=954541450535","@module":"flavor::psp::format_2025::operations","@pid":6368,"@timestamp":"2026-03-31T20:27:12.490499Z"}
{"@file":"src/psp/format_2025/operations.rs","@level":"debug","@line":60,"@message":"✅ Operations unpacked: count=8 operations=[251, 5, 215, 176, 81, 126, 30, 15]","@module":"flavor::psp::format_2025::operations","@pid":6368,"@timestamp":"2026-03-31T20:27:12.490593Z"}
{"@file":"src/psp/format_2025/operations.rs","@level":"debug","@line":37,"@message":"✅ Operations packed: result=4526276843238460793","@module":"flavor::psp::format_2025::operations","@pid":6368,"@timestamp":"2026-03-31T20:27:12.490601Z"}
{"@file":"src/psp/format_2025/operations.rs","@level":"debug","@line":60,"@message":"✅ Operations unpacked: count=5 operations=[39, 165, 26, 63, 222]","@module":"flavor::psp::format_2025::operations","@pid":6368,"@timestamp":"2026-03-31T20:27:12.490646Z"}
{"@file":"src/psp/format_2025/operations.rs","@level":"debug","@line":60,"@message":"✅ Operations unpacked: count=8 operations=[174, 201, 35, 3, 119, 19, 79, 191]","@module":"flavor::psp::format_2025::operations","@pid":6368,"@timestamp":"2026-03-31T20:27:12.490702Z"}
test psp::format_2025::trust::tests::test_load_keys_from_dir_empty ... {"@file":"src/psp/format_2025/operations.rs","@level":"debug","@line":37,"@message":"✅ Operations packed: result=48891","@module":"flavor::psp::format_2025::operations","@pid":6368,"@timestamp":"2026-03-31T20:27:12.490737Z"}
ok
{"@file":"src/psp/format_2025/operations.rs","@level":"debug","@line":37,"@message":"✅ Operations packed: result=0","@module":"flavor::psp::format_2025::operations","@pid":6368,"@timestamp":"2026-03-31T20:27:12.490767Z"}
{"@file":"src/psp/format_2025/operations.rs","@level":"debug","@line":37,"@message":"✅ Operations packed: result=13785258386279090606","@module":"flavor::psp::format_2025::operations","@pid":6368,"@timestamp":"2026-03-31T20:27:12.490756Z"}
{"@file":"src/psp/format_2025/operations.rs","@level":"debug","@line":60,"@message":"✅ Operations unpacked: count=0 operations=[]","@module":"flavor::psp::format_2025::operations","@pid":6368,"@timestamp":"2026-03-31T20:27:12.490803Z"}
{"@file":"src/psp/format_2025/operations.rs","@level":"debug","@line":37,"@message":"✅ Operations packed: result=19054","@module":"flavor::psp::format_2025::operations","@pid":6368,"@timestamp":"2026-03-31T20:27:12.490805Z"}
{"@file":"src/psp/format_2025/operations.rs","@level":"debug","@line":60,"@message":"✅ Operations unpacked: count=8 operations=[174, 201, 35, 3, 119, 19, 79, 191]","@module":"flavor::psp::format_2025::operations","@pid":6368,"@timestamp":"2026-03-31T20:27:12.490834Z"}
{"@file":"src/psp/format_2025/operations.rs","@level":"debug","@line":37,"@message":"✅ Operations packed: result=0","@module":"flavor::psp::format_2025::operations","@pid":6368,"@timestamp":"2026-03-31T20:27:12.490883Z"}
{"@file":"src/psp/format_2025/operations.rs","@level":"debug","@line":60,"@message":"✅ Operations unpacked: count=0 operations=[]","@module":"flavor::psp::format_2025::operations","@pid":6368,"@timestamp":"2026-03-31T20:27:12.490931Z"}
{"@file":"src/psp/format_2025/operations.rs","@level":"debug","@line":37,"@message":"✅ Operations packed: result=0","@module":"flavor::psp::format_2025::operations","@pid":6368,"@timestamp":"2026-03-31T20:27:12.490966Z"}
{"@file":"src/psp/format_2025/operations.rs","@level":"debug","@line":60,"@message":"✅ Operations unpacked: count=8 operations=[16, 59, 81, 211, 209, 222, 253, 103]","@module":"flavor::psp::format_2025::operations","@pid":6368,"@timestamp":"2026-03-31T20:27:12.490974Z"}
{"@file":"src/psp/format_2025/operations.rs","@level":"debug","@line":37,"@message":"✅ Operations packed: result=7493390347789220624","@module":"flavor::psp::format_2025::operations","@pid":6368,"@timestamp":"2026-03-31T20:27:12.491011Z"}
{"@file":"src/psp/format_2025/operations.rs","@level":"debug","@line":37,"@message":"✅ Operations packed: result=3831095","@module":"flavor::psp::format_2025::operations","@pid":6368,"@timestamp":"2026-03-31T20:27:12.491025Z"}
{"@file":"src/psp/format_2025/operations.rs","@level":"debug","@line":37,"@message":"✅ Operations packed: result=35581899803448037","@module":"flavor::psp::format_2025::operations","@pid":6368,"@timestamp":"2026-03-31T20:27:12.491044Z"}
{"@file":"src/psp/format_2025/operations.rs","@level":"debug","@line":60,"@message":"✅ Operations unpacked: count=8 operations=[16, 59, 81, 211, 209, 222, 253, 103]","@module":"flavor::psp::format_2025::operations","@pid":6368,"@timestamp":"2026-03-31T20:27:12.491045Z"}
{"@file":"src/psp/format_2025/operations.rs","@level":"debug","@line":60,"@message":"✅ Operations unpacked: count=7 operations=[229, 210, 55, 162, 140, 105, 126]","@module":"flavor::psp::format_2025::operations","@pid":6368,"@timestamp":"2026-03-31T20:27:12.491081Z"}
{"@file":"src/psp/format_2025/operations.rs","@level":"debug","@line":37,"@message":"✅ Operations packed: result=231","@module":"flavor::psp::format_2025::operations","@pid":6368,"@timestamp":"2026-03-31T20:27:12.491094Z"}
{"@file":"src/psp/format_2025/operations.rs","@level":"debug","@line":60,"@message":"✅ Operations unpacked: count=8 operations=[180, 37, 228, 115, 41, 142, 249, 179]","@module":"flavor::psp::format_2025::operations","@pid":6368,"@timestamp":"2026-03-31T20:27:12.491123Z"}
{"@file":"src/psp/format_2025/operations.rs","@level":"debug","@line":37,"@message":"✅ Operations packed: result=837073959648","@module":"flavor::psp::format_2025::operations","@pid":6368,"@timestamp":"2026-03-31T20:27:12.491136Z"}
{"@file":"src/psp/format_2025/operations.rs","@level":"debug","@line":37,"@message":"✅ Operations packed: result=98675337122890","@module":"flavor::psp::format_2025::operations","@pid":6368,"@timestamp":"2026-03-31T20:27:12.491153Z"}
{"@file":"src/psp/format_2025/operations.rs","@level":"debug","@line":37,"@message":"✅ Operations packed: result=12968552910679188916","@module":"flavor::psp::format_2025::operations","@pid":6368,"@timestamp":"2026-03-31T20:27:12.491157Z"}
{"@file":"src/psp/format_2025/operations.rs","@level":"debug","@line":60,"@message":"✅ Operations unpacked: count=5 operations=[224, 250, 126, 229, 194]","@module":"flavor::psp::format_2025::operations","@pid":6368,"@timestamp":"2026-03-31T20:27:12.491181Z"}
{"@file":"src/psp/format_2025/operations.rs","@level":"debug","@line":60,"@message":"✅ Operations unpacked: count=8 operations=[180, 37, 228, 115, 41, 142, 249, 179]","@module":"flavor::psp::format_2025::operations","@pid":6368,"@timestamp":"2026-03-31T20:27:12.491216Z"}
{"@file":"src/psp/format_2025/operations.rs","@level":"debug","@line":37,"@message":"✅ Operations packed: result=2216048295","@module":"flavor::psp::format_2025::operations","@pid":6368,"@timestamp":"2026-03-31T20:27:12.491233Z"}
{"@file":"src/psp/format_2025/operations.rs","@level":"debug","@line":37,"@message":"✅ Operations packed: result=0","@module":"flavor::psp::format_2025::operations","@pid":6368,"@timestamp":"2026-03-31T20:27:12.491260Z"}
{"@file":"src/psp/format_2025/operations.rs","@level":"debug","@line":60,"@message":"✅ Operations unpacked: count=8 operations=[47, 226, 87, 250, 16, 62, 227, 34]","@module":"flavor::psp::format_2025::operations","@pid":6368,"@timestamp":"2026-03-31T20:27:12.491276Z"}
{"@file":"src/psp/format_2025/operations.rs","@level":"debug","@line":60,"@message":"✅ Operations unpacked: count=0 operations=[]","@module":"flavor::psp::format_2025::operations","@pid":6368,"@timestamp":"2026-03-31T20:27:12.491291Z"}
{"@file":"src/psp/format_2025/operations.rs","@level":"debug","@line":37,"@message":"✅ Operations packed: result=157028473322903","@module":"flavor::psp::format_2025::operations","@pid":6368,"@timestamp":"2026-03-31T20:27:12.491284Z"}
{"@file":"src/psp/format_2025/operations.rs","@level":"debug","@line":37,"@message":"✅ Operations packed: result=2513921259643331119","@module":"flavor::psp::format_2025::operations","@pid":6368,"@timestamp":"2026-03-31T20:27:12.491311Z"}
{"@file":"src/psp/format_2025/operations.rs","@level":"debug","@line":60,"@message":"✅ Operations unpacked: count=8 operations=[47, 226, 87, 250, 16, 62, 227, 34]","@module":"flavor::psp::format_2025::operations","@pid":6368,"@timestamp":"2026-03-31T20:27:12.491350Z"}
{"@file":"src/psp/format_2025/operations.rs","@level":"debug","@line":37,"@message":"✅ Operations packed: result=0","@module":"flavor::psp::format_2025::operations","@pid":6368,"@timestamp":"2026-03-31T20:27:12.491369Z"}
{"@file":"src/psp/format_2025/operations.rs","@level":"debug","@line":37,"@message":"✅ Operations packed: result=32425480990762299","@module":"flavor::psp::format_2025::operations","@pid":6368,"@timestamp":"2026-03-31T20:27:12.491373Z"}
{"@file":"src/psp/format_2025/backends.rs","@level":"debug","@line":204,"@message":"📁 File backend opened /var/folders/sg/wy47gw996f78fznt898m8x540000gn/T/.tmpXqhBKG (8364 bytes) in 89.541µs","@module":"flavor::psp::format_2025::backends","@pid":6368,"@timestamp":"2026-03-31T20:27:12.491390Z"}
{"@file":"src/psp/format_2025/operations.rs","@level":"debug","@line":60,"@message":"✅ Operations unpacked: count=8 operations=[100, 92, 27, 116, 243, 169, 5, 17]","@module":"flavor::psp::format_2025::operations","@pid":6368,"@timestamp":"2026-03-31T20:27:12.491401Z"}
{"@file":"src/psp/format_2025/operations.rs","@level":"debug","@line":37,"@message":"✅ Operations packed: result=373323","@module":"flavor::psp::format_2025::operations","@pid":6368,"@timestamp":"2026-03-31T20:27:12.491431Z"}
{"@file":"src/psp/format_2025/operations.rs","@level":"debug","@line":60,"@message":"✅ Operations unpacked: count=7 operations=[59, 37, 32, 156, 205, 50, 115]","@module":"flavor::psp::format_2025::operations","@pid":6368,"@timestamp":"2026-03-31T20:27:12.491458Z"}
{"@file":"src/psp/format_2025/operations.rs","@level":"debug","@line":37,"@message":"✅ Operations packed: result=1226573336618425444","@module":"flavor::psp::format_2025::operations","@pid":6368,"@timestamp":"2026-03-31T20:27:12.491516Z"}
{"@file":"src/psp/format_2025/operations.rs","@level":"debug","@line":60,"@message":"✅ Operations unpacked: count=8 operations=[100, 92, 27, 116, 243, 169, 5, 17]","@module":"flavor::psp::format_2025::operations","@pid":6368,"@timestamp":"2026-03-31T20:27:12.491565Z"}
{"@file":"src/psp/format_2025/operations.rs","@level":"debug","@line":37,"@message":"✅ Operations packed: result=4177356856128747","@module":"flavor::psp::format_2025::operations","@pid":6368,"@timestamp":"2026-03-31T20:27:12.491553Z"}
{"@file":"src/psp/format_2025/operations.rs","@level":"debug","@line":37,"@message":"✅ Operations packed: result=108","@module":"flavor::psp::format_2025::operations","@pid":6368,"@timestamp":"2026-03-31T20:27:12.491593Z"}
{"@file":"src/psp/format_2025/operations.rs","@level":"debug","@line":60,"@message":"✅ Operations unpacked: count=8 operations=[248, 94, 233, 47, 2, 146, 191, 155]","@module":"flavor::psp::format_2025::operations","@pid":6368,"@timestamp":"2026-03-31T20:27:12.491622Z"}
{"@file":"src/psp/format_2025/reader.rs","@level":"debug","@line":274,"@message":"Trailer size: 8200, file size: 8364 bytes","@module":"flavor::psp::format_2025::reader","@pid":6368,"@timestamp":"2026-03-31T20:27:12.491516Z"}
{"@file":"src/psp/format_2025/operations.rs","@level":"debug","@line":37,"@message":"✅ Operations packed: result=1471590276","@module":"flavor::psp::format_2025::operations","@pid":6368,"@timestamp":"2026-03-31T20:27:12.491640Z"}
{"@file":"src/psp/format_2025/backends.rs","@level":"debug","@line":204,"@message":"📁 File backend opened /var/folders/sg/wy47gw996f78fznt898m8x540000gn/T/.tmpghdjSk (8363 bytes) in 91.208µs","@module":"flavor::psp::format_2025::backends","@pid":6368,"@timestamp":"2026-03-31T20:27:12.491515Z"}
{"@file":"src/psp/format_2025/operations.rs","@level":"debug","@line":37,"@message":"✅ Operations packed: result=11222849334521978616","@module":"flavor::psp::format_2025::operations","@pid":6368,"@timestamp":"2026-03-31T20:27:12.491659Z"}
{"@file":"src/psp/format_2025/operations.rs","@level":"debug","@line":60,"@message":"✅ Operations unpacked: count=1 operations=[108]","@module":"flavor::psp::format_2025::operations","@pid":6368,"@timestamp":"2026-03-31T20:27:12.491628Z"}
{"@file":"src/psp/format_2025/reader.rs","@level":"debug","@line":274,"@message":"Trailer size: 8200, file size: 8363 bytes","@module":"flavor::psp::format_2025::reader","@pid":6368,"@timestamp":"2026-03-31T20:27:12.491734Z"}
{"@file":"src/psp/format_2025/operations.rs","@level":"debug","@line":37,"@message":"✅ Operations packed: result=87624718068903","@module":"flavor::psp::format_2025::operations","@pid":6368,"@timestamp":"2026-03-31T20:27:12.491718Z"}
{"@file":"src/psp/format_2025/operations.rs","@level":"debug","@line":60,"@message":"✅ Operations unpacked: count=8 operations=[248, 94, 233, 47, 2, 146, 191, 155]","@module":"flavor::psp::format_2025::operations","@pid":6368,"@timestamp":"2026-03-31T20:27:12.491729Z"}
{"@file":"src/psp/format_2025/index.rs","@level":"debug","@line":181,"@message":"Parsed metadata_offset: 0x0000000000000000 (0)","@module":"flavor::psp::format_2025::index","@pid":6368,"@timestamp":"2026-03-31T20:27:12.491676Z"}
{"@file":"src/psp/format_2025/index.rs","@level":"debug","@line":181,"@message":"Parsed metadata_offset: 0x0000000000000054 (84)","@module":"flavor::psp::format_2025::index","@pid":6368,"@timestamp":"2026-03-31T20:27:12.491776Z"}
{"@file":"src/psp/format_2025/backends.rs","@level":"debug","@line":204,"@message":"📁 File backend opened /var/folders/sg/wy47gw996f78fznt898m8x540000gn/T/.tmpHjlSpl (8367 bytes) in 77.292µs","@module":"flavor::psp::format_2025::backends","@pid":6368,"@timestamp":"2026-03-31T20:27:12.491774Z"}
{"@file":"src/psp/format_2025/index.rs","@level":"debug","@line":182,"@message":"Parsed metadata_size: 79 bytes","@module":"flavor::psp::format_2025::index","@pid":6368,"@timestamp":"2026-03-31T20:27:12.491950Z"}
{"@file":"src/psp/format_2025/operations.rs","@level":"debug","@line":37,"@message":"✅ Operations packed: result=4599139","@module":"flavor::psp::format_2025::operations","@pid":6368,"@timestamp":"2026-03-31T20:27:12.491840Z"}
{"@file":"src/psp/format_2025/operations.rs","@level":"debug","@line":60,"@message":"✅ Operations unpacked: count=8 operations=[12, 202, 154, 63, 61, 251, 35, 243]","@module":"flavor::psp::format_2025::operations","@pid":6368,"@timestamp":"2026-03-31T20:27:12.491924Z"}
{"@file":"src/psp/format_2025/index.rs","@level":"debug","@line":182,"@message":"Parsed metadata_size: 164 bytes","@module":"flavor::psp::format_2025::index","@pid":6368,"@timestamp":"2026-03-31T20:27:12.491948Z"}
{"@file":"src/psp/format_2025/operations.rs","@level":"debug","@line":37,"@message":"✅ Operations packed: result=17520123215880047116","@module":"flavor::psp::format_2025::operations","@pid":6368,"@timestamp":"2026-03-31T20:27:12.492039Z"}
{"@file":"src/psp/format_2025/operations.rs","@level":"debug","@line":37,"@message":"✅ Operations packed: result=0","@module":"flavor::psp::format_2025::operations","@pid":6368,"@timestamp":"2026-03-31T20:27:12.492060Z"}
{"@file":"src/psp/format_2025/reader.rs","@level":"debug","@line":274,"@message":"Trailer size: 8200, file size: 8367 bytes","@module":"flavor::psp::format_2025::reader","@pid":6368,"@timestamp":"2026-03-31T20:27:12.491985Z"}
{"@file":"src/psp/format_2025/operations.rs","@level":"debug","@line":37,"@message":"✅ Operations packed: result=132539266398","@module":"flavor::psp::format_2025::operations","@pid":6368,"@timestamp":"2026-03-31T20:27:12.491785Z"}
{"@file":"src/psp/format_2025/operations.rs","@level":"debug","@line":37,"@message":"✅ Operations packed: result=60765410589233171","@module":"flavor::psp::format_2025::operations","@pid":6368,"@timestamp":"2026-03-31T20:27:12.492123Z"}
{"@file":"src/psp/format_2025/reader.rs","@level":"debug","@line":99,"@message":"Parsed index values:","@module":"flavor::psp::format_2025::reader","@pid":6368,"@timestamp":"2026-03-31T20:27:12.492089Z"}
{"@file":"src/psp/format_2025/operations.rs","@level":"debug","@line":37,"@message":"✅ Operations packed: result=54624289","@module":"flavor::psp::format_2025::operations","@pid":6368,"@timestamp":"2026-03-31T20:27:12.492188Z"}
{"@file":"src/psp/format_2025/reader.rs","@level":"debug","@line":100,"@message":"  package_size: 8364","@module":"flavor::psp::format_2025::reader","@pid":6368,"@timestamp":"2026-03-31T20:27:12.492202Z"}
{"@file":"src/psp/format_2025/index.rs","@level":"debug","@line":181,"@message":"Parsed metadata_offset: 0x0000000000000058 (88)","@module":"flavor::psp::format_2025::index","@pid":6368,"@timestamp":"2026-03-31T20:27:12.492124Z"}
{"@file":"src/psp/format_2025/reader.rs","@level":"debug","@line":101,"@message":"  launcher_size: 0","@module":"flavor::psp::format_2025::reader","@pid":6368,"@timestamp":"2026-03-31T20:27:12.492233Z"}
{"@file":"src/psp/format_2025/operations.rs","@level":"debug","@line":37,"@message":"✅ Operations packed: result=41","@module":"flavor::psp::format_2025::operations","@pid":6368,"@timestamp":"2026-03-31T20:27:12.492245Z"}
{"@file":"src/psp/format_2025/operations.rs","@level":"debug","@line":60,"@message":"✅ Operations unpacked: count=5 operations=[94, 181, 244, 219, 30]","@module":"flavor::psp::format_2025::operations","@pid":6368,"@timestamp":"2026-03-31T20:27:12.492153Z"}
{"@file":"src/psp/format_2025/reader.rs","@level":"debug","@line":99,"@message":"Parsed index values:","@module":"flavor::psp::format_2025::reader","@pid":6368,"@timestamp":"2026-03-31T20:27:12.492002Z"}
{"@file":"src/psp/format_2025/operations.rs","@level":"debug","@line":37,"@message":"✅ Operations packed: result=13886334674091680","@module":"flavor::psp::format_2025::operations","@pid":6368,"@timestamp":"2026-03-31T20:27:12.492310Z"}
{"@file":"src/psp/format_2025/reader.rs","@level":"debug","@line":102,"@message":"  metadata_offset: 0x0000000000000000 (0)","@module":"flavor::psp::format_2025::reader","@pid":6368,"@timestamp":"2026-03-31T20:27:12.492271Z"}
{"@file":"src/psp/format_2025/operations.rs","@level":"debug","@line":60,"@message":"✅ Operations unpacked: count=8 operations=[12, 202, 154, 63, 61, 251, 35, 243]","@module":"flavor::psp::format_2025::operations","@pid":6368,"@timestamp":"2026-03-31T20:27:12.492072Z"}
{"@file":"src/psp/format_2025/operations.rs","@level":"debug","@line":37,"@message":"✅ Operations packed: result=11796801","@module":"flavor::psp::format_2025::operations","@pid":6368,"@timestamp":"2026-03-31T20:27:12.492377Z"}
{"@file":"src/psp/format_2025/index.rs","@level":"debug","@line":182,"@message":"Parsed metadata_size: 79 bytes","@module":"flavor::psp::format_2025::index","@pid":6368,"@timestamp":"2026-03-31T20:27:12.492248Z"}
{"@file":"src/psp/format_2025/operations.rs","@level":"debug","@line":60,"@message":"✅ Operations unpacked: count=8 operations=[78, 96, 99, 126, 17, 90, 83, 3]","@module":"flavor::psp::format_2025::operations","@pid":6368,"@timestamp":"2026-03-31T20:27:12.492423Z"}
{"@file":"src/psp/format_2025/reader.rs","@level":"debug","@line":99,"@message":"Parsed index values:","@module":"flavor::psp::format_2025::reader","@pid":6368,"@timestamp":"2026-03-31T20:27:12.492439Z"}
{"@file":"src/psp/format_2025/reader.rs","@level":"debug","@line":106,"@message":"  metadata_size: 164 bytes","@module":"flavor::psp::format_2025::reader","@pid":6368,"@timestamp":"2026-03-31T20:27:12.492382Z"}
{"@file":"src/psp/format_2025/reader.rs","@level":"debug","@line":100,"@message":"  package_size: 8363","@module":"flavor::psp::format_2025::reader","@pid":6368,"@timestamp":"2026-03-31T20:27:12.492317Z"}
{"@file":"src/psp/format_2025/reader.rs","@level":"debug","@line":107,"@message":"  slot_table_offset: 0x0000000000000000","@module":"flavor::psp::format_2025::reader","@pid":6368,"@timestamp":"2026-03-31T20:27:12.492487Z"}
{"@file":"src/psp/format_2025/operations.rs","@level":"debug","@line":37,"@message":"✅ Operations packed: result=239634236362154062","@module":"flavor::psp::format_2025::operations","@pid":6368,"@timestamp":"2026-03-31T20:27:12.492463Z"}
{"@file":"src/psp/format_2025/reader.rs","@level":"debug","@line":108,"@message":"  slot_count: 0","@module":"flavor::psp::format_2025::reader","@pid":6368,"@timestamp":"2026-03-31T20:27:12.492518Z"}
{"@file":"src/psp/format_2025/operations.rs","@level":"debug","@line":37,"@message":"✅ Operations packed: result=8715748157203584231","@module":"flavor::psp::format_2025::operations","@pid":6368,"@timestamp":"2026-03-31T20:27:12.492366Z"}
test psp::format_2025::trust::tests::test_load_keys_from_dir_bad_pub_file_skipped ... {"@file":"src/psp/format_2025/operations.rs","@level":"debug","@line":37,"@message":"✅ Operations packed: result=879566066215","@module":"flavor::psp::format_2025::operations","@pid":6368,"@timestamp":"2026-03-31T20:27:12.492441Z"}
ok
{"@file":"src/psp/format_2025/reader.rs","@level":"debug","@line":101,"@message":"  launcher_size: 0","@module":"flavor::psp::format_2025::reader","@pid":6368,"@timestamp":"2026-03-31T20:27:12.492503Z"}
{"@file":"src/psp/format_2025/backends.rs","@level":"debug","@line":204,"@message":"📁 File backend opened /var/folders/sg/wy47gw996f78fznt898m8x540000gn/T/.tmpRGYrbh (8279 bytes) in 96.584µs","@module":"flavor::psp::format_2025::backends","@pid":6368,"@timestamp":"2026-03-31T20:27:12.492599Z"}
{"@file":"src/psp/format_2025/backends.rs","@level":"debug","@line":204,"@message":"📁 File backend opened /var/folders/sg/wy47gw996f78fznt898m8x540000gn/T/.tmp3qHxXM (8364 bytes) in 169µs","@module":"flavor::psp::format_2025::backends","@pid":6368,"@timestamp":"2026-03-31T20:27:12.492519Z"}
{"@file":"src/psp/format_2025/reader.rs","@level":"debug","@line":100,"@message":"  package_size: 8367","@module":"flavor::psp::format_2025::reader","@pid":6368,"@timestamp":"2026-03-31T20:27:12.492472Z"}
{"@file":"src/psp/format_2025/operations.rs","@level":"debug","@line":60,"@message":"✅ Operations unpacked: count=8 operations=[231, 148, 226, 93, 197, 142, 244, 120]","@module":"flavor::psp::format_2025::operations","@pid":6368,"@timestamp":"2026-03-31T20:27:12.492566Z"}
{"@file":"src/psp/format_2025/reader.rs","@level":"debug","@line":101,"@message":"  launcher_size: 0","@module":"flavor::psp::format_2025::reader","@pid":6368,"@timestamp":"2026-03-31T20:27:12.492668Z"}
{"@file":"src/psp/format_2025/operations.rs","@level":"debug","@line":37,"@message":"✅ Operations packed: result=37","@module":"flavor::psp::format_2025::operations","@pid":6368,"@timestamp":"2026-03-31T20:27:12.492629Z"}
{"@file":"src/psp/format_2025/operations.rs","@level":"debug","@line":60,"@message":"✅ Operations unpacked: count=8 operations=[78, 96, 99, 126, 17, 90, 83, 3]","@module":"flavor::psp::format_2025::operations","@pid":6368,"@timestamp":"2026-03-31T20:27:12.492534Z"}
{"@file":"src/psp/format_2025/operations.rs","@level":"debug","@line":37,"@message":"✅ Operations packed: result=0","@module":"flavor::psp::format_2025::operations","@pid":6368,"@timestamp":"2026-03-31T20:27:12.492707Z"}
{"@file":"src/psp/format_2025/reader.rs","@level":"debug","@line":117,"@message":"Index loaded in 1.141667ms","@module":"flavor::psp::format_2025::reader","@pid":6368,"@timestamp":"2026-03-31T20:27:12.492641Z"}
{"@file":"src/psp/format_2025/operations.rs","@level":"debug","@line":60,"@message":"✅ Operations unpacked: count=0 operations=[]","@module":"flavor::psp::format_2025::operations","@pid":6368,"@timestamp":"2026-03-31T20:27:12.492737Z"}
{"@file":"src/psp/format_2025/reader.rs","@level":"debug","@line":274,"@message":"Trailer size: 8200, file size: 8364 bytes","@module":"flavor::psp::format_2025::reader","@pid":6368,"@timestamp":"2026-03-31T20:27:12.492671Z"}
{"@file":"src/psp/format_2025/reader.rs","@level":"debug","@line":102,"@message":"  metadata_offset: 0x0000000000000058 (88)","@module":"flavor::psp::format_2025::reader","@pid":6368,"@timestamp":"2026-03-31T20:27:12.492695Z"}
{"@file":"src/psp/format_2025/reader.rs","@level":"debug","@line":274,"@message":"Trailer size: 8200, file size: 8279 bytes","@module":"flavor::psp::format_2025::reader","@pid":6368,"@timestamp":"2026-03-31T20:27:12.492643Z"}
{"@file":"src/psp/format_2025/operations.rs","@level":"debug","@line":37,"@message":"✅ Operations packed: result=2746683594","@module":"flavor::psp::format_2025::operations","@pid":6368,"@timestamp":"2026-03-31T20:27:12.492736Z"}
{"@file":"src/psp/format_2025/reader.rs","@level":"debug","@line":102,"@message":"  metadata_offset: 0x0000000000000054 (84)","@module":"flavor::psp::format_2025::reader","@pid":6368,"@timestamp":"2026-03-31T20:27:12.492618Z"}
{"@file":"src/psp/format_2025/reader.rs","@level":"debug","@line":141,"@message":"📖 Reading metadata from offset 0x0, size 164 bytes","@module":"flavor::psp::format_2025::reader","@pid":6368,"@timestamp":"2026-03-31T20:27:12.492755Z"}
{"@file":"src/psp/format_2025/reader.rs","@level":"debug","@line":106,"@message":"  metadata_size: 79 bytes","@module":"flavor::psp::format_2025::reader","@pid":6368,"@timestamp":"2026-03-31T20:27:12.492886Z"}
{"@file":"src/psp/format_2025/index.rs","@level":"debug","@line":181,"@message":"Parsed metadata_offset: 0x0000000000000055 (85)","@module":"flavor::psp::format_2025::index","@pid":6368,"@timestamp":"2026-03-31T20:27:12.492786Z"}
{"@file":"src/psp/format_2025/reader.rs","@level":"debug","@line":107,"@message":"  slot_table_offset: 0x0000000000000014","@module":"flavor::psp::format_2025::reader","@pid":6368,"@timestamp":"2026-03-31T20:27:12.492921Z"}
{"@file":"src/psp/format_2025/operations.rs","@level":"debug","@line":37,"@message":"✅ Operations packed: result=67355733785549029","@module":"flavor::psp::format_2025::operations","@pid":6368,"@timestamp":"2026-03-31T20:27:12.492794Z"}
{"@file":"src/psp/format_2025/reader.rs","@level":"debug","@line":106,"@message":"  metadata_size: 79 bytes","@module":"flavor::psp::format_2025::reader","@pid":6368,"@timestamp":"2026-03-31T20:27:12.492818Z"}
{"@file":"src/psp/format_2025/operations.rs","@level":"debug","@line":60,"@message":"✅ Operations unpacked: count=7 operations=[229, 152, 223, 217, 174, 75, 239]","@module":"flavor::psp::format_2025::operations","@pid":6368,"@timestamp":"2026-03-31T20:27:12.492955Z"}
test psp::format_2025::execution::validation::tests::check_workenv_validity_requires_complete_marker_and_matching_checksum ... ok{"@file":"src/psp/format_2025/operations.rs","@level":"debug","@line":60,"@message":"✅ Operations unpacked: count=8 operations=[71, 63, 247, 196, 123, 107, 110, 218]","@module":"flavor::psp::format_2025::operations","@pid":6368,"@timestamp":"2026-03-31T20:27:12.492755Z"}

{"@file":"src/psp/format_2025/index.rs","@level":"debug","@line":182,"@message":"Parsed metadata_size: 79 bytes","@module":"flavor::psp::format_2025::index","@pid":6368,"@timestamp":"2026-03-31T20:27:12.492936Z"}
{"@file":"src/psp/format_2025/operations.rs","@level":"debug","@line":37,"@message":"✅ Operations packed: result=15739635927036149575","@module":"flavor::psp::format_2025::operations","@pid":6368,"@timestamp":"2026-03-31T20:27:12.493009Z"}
{"@file":"src/psp/format_2025/reader.rs","@level":"debug","@line":108,"@message":"  slot_count: 1","@module":"flavor::psp::format_2025::reader","@pid":6368,"@timestamp":"2026-03-31T20:27:12.492946Z"}
{"@file":"src/psp/format_2025/operations.rs","@level":"debug","@line":37,"@message":"✅ Operations packed: result=55873480514534","@module":"flavor::psp::format_2025::operations","@pid":6368,"@timestamp":"2026-03-31T20:27:12.492896Z"}
{"@file":"src/psp/format_2025/reader.rs","@level":"debug","@line":107,"@message":"  slot_table_offset: 0x0000000000000018","@module":"flavor::psp::format_2025::reader","@pid":6368,"@timestamp":"2026-03-31T20:27:12.492980Z"}
{"@file":"src/psp/format_2025/index.rs","@level":"debug","@line":181,"@message":"Parsed metadata_offset: 0x0000000000000000 (0)","@module":"flavor::psp::format_2025::index","@pid":6368,"@timestamp":"2026-03-31T20:27:12.492839Z"}
{"@file":"src/psp/format_2025/reader.rs","@level":"debug","@line":108,"@message":"  slot_count: 1","@module":"flavor::psp::format_2025::reader","@pid":6368,"@timestamp":"2026-03-31T20:27:12.493111Z"}
{"@file":"src/psp/format_2025/reader.rs","@level":"debug","@line":99,"@message":"Parsed index values:","@module":"flavor::psp::format_2025::reader","@pid":6368,"@timestamp":"2026-03-31T20:27:12.493033Z"}
test psp::format_2025::launcher::filesystem::tests::fix_shebangs_rewrites_matching_scripts_only ... ok{"@file":"src/psp/format_2025/operations.rs","@level":"debug","@line":60,"@message":"✅ Operations unpacked: count=8 operations=[71, 63, 247, 196, 123, 107, 110, 218]","@module":"flavor::psp::format_2025::operations","@pid":6368,"@timestamp":"2026-03-31T20:27:12.493041Z"}

{"@file":"src/psp/format_2025/backends.rs","@level":"debug","@line":204,"@message":"📁 File backend opened /var/folders/sg/wy47gw996f78fznt898m8x540000gn/T/.tmpSvZ3BM (8352 bytes) in 71.584µs","@module":"flavor::psp::format_2025::backends","@pid":6368,"@timestamp":"2026-03-31T20:27:12.493052Z"}
{"@file":"src/psp/format_2025/operations.rs","@level":"debug","@line":37,"@message":"✅ Operations packed: result=34763","@module":"flavor::psp::format_2025::operations","@pid":6368,"@timestamp":"2026-03-31T20:27:12.493111Z"}
{"@file":"src/psp/format_2025/operations.rs","@level":"debug","@line":60,"@message":"✅ Operations unpacked: count=8 operations=[76, 10, 143, 61, 2, 140, 101, 157]","@module":"flavor::psp::format_2025::operations","@pid":6368,"@timestamp":"2026-03-31T20:27:12.493212Z"}
{"@file":"src/psp/format_2025/reader.rs","@level":"debug","@line":274,"@message":"Trailer size: 8200, file size: 8352 bytes","@module":"flavor::psp::format_2025::reader","@pid":6368,"@timestamp":"2026-03-31T20:27:12.493232Z"}
{"@file":"src/psp/format_2025/operations.rs","@level":"debug","@line":37,"@message":"✅ Operations packed: result=11341625177853069900","@module":"flavor::psp::format_2025::operations","@pid":6368,"@timestamp":"2026-03-31T20:27:12.493246Z"}
{"@file":"src/psp/format_2025/reader.rs","@level":"debug","@line":117,"@message":"Index loaded in 1.429583ms","@module":"flavor::psp::format_2025::reader","@pid":6368,"@timestamp":"2026-03-31T20:27:12.493148Z"}
{"@file":"src/psp/format_2025/operations.rs","@level":"debug","@line":60,"@message":"✅ Operations unpacked: count=8 operations=[76, 10, 143, 61, 2, 140, 101, 157]","@module":"flavor::psp::format_2025::operations","@pid":6368,"@timestamp":"2026-03-31T20:27:12.493312Z"}
{"@file":"src/psp/format_2025/reader.rs","@level":"debug","@line":233,"@message":"✅ Successfully parsed metadata for test v0.0.1","@module":"flavor::psp::format_2025::reader","@pid":6368,"@timestamp":"2026-03-31T20:27:12.493198Z"}
{"@file":"src/psp/format_2025/operations.rs","@level":"debug","@line":37,"@message":"✅ Operations packed: result=7394735161646631318","@module":"flavor::psp::format_2025::operations","@pid":6368,"@timestamp":"2026-03-31T20:27:12.493017Z"}
{"@file":"src/psp/format_2025/reader.rs","@level":"debug","@line":117,"@message":"Index loaded in 1.239875ms","@module":"flavor::psp::format_2025::reader","@pid":6368,"@timestamp":"2026-03-31T20:27:12.493215Z"}
{"@file":"src/psp/format_2025/operations.rs","@level":"debug","@line":60,"@message":"✅ Operations unpacked: count=8 operations=[240, 13, 202, 52, 74, 105, 32, 81]","@module":"flavor::psp::format_2025::operations","@pid":6368,"@timestamp":"2026-03-31T20:27:12.493371Z"}
{"@file":"src/psp/format_2025/reader.rs","@level":"debug","@line":297,"@message":"📊 Reading 1 slot descriptors from offset 0x18","@module":"flavor::psp::format_2025::reader","@pid":6368,"@timestamp":"2026-03-31T20:27:12.493395Z"}
{"@file":"src/psp/format_2025/operations.rs","@level":"debug","@line":37,"@message":"✅ Operations packed: result=5845788083761057264","@module":"flavor::psp::format_2025::operations","@pid":6368,"@timestamp":"2026-03-31T20:27:12.493407Z"}
{"@file":"src/psp/format_2025/operations.rs","@level":"debug","@line":37,"@message":"✅ Operations packed: result=36268363370499","@module":"flavor::psp::format_2025::operations","@pid":6368,"@timestamp":"2026-03-31T20:27:12.493277Z"}
{"@file":"src/psp/format_2025/operations.rs","@level":"debug","@line":60,"@message":"✅ Operations unpacked: count=8 operations=[240, 13, 202, 52, 74, 105, 32, 81]","@module":"flavor::psp::format_2025::operations","@pid":6368,"@timestamp":"2026-03-31T20:27:12.493438Z"}
{"@file":"src/psp/format_2025/reader.rs","@level":"debug","@line":100,"@message":"  package_size: 8364","@module":"flavor::psp::format_2025::reader","@pid":6368,"@timestamp":"2026-03-31T20:27:12.493160Z"}
{"@file":"src/psp/format_2025/reader.rs","@level":"debug","@line":297,"@message":"📊 Reading 1 slot descriptors from offset 0x14","@module":"flavor::psp::format_2025::reader","@pid":6368,"@timestamp":"2026-03-31T20:27:12.493333Z"}
{"@file":"src/psp/format_2025/reader.rs","@level":"debug","@line":101,"@message":"  launcher_size: 0","@module":"flavor::psp::format_2025::reader","@pid":6368,"@timestamp":"2026-03-31T20:27:12.493486Z"}
{"@file":"src/psp/format_2025/index.rs","@level":"debug","@line":182,"@message":"Parsed metadata_size: 79 bytes","@module":"flavor::psp::format_2025::index","@pid":6368,"@timestamp":"2026-03-31T20:27:12.493129Z"}
test psp::format_2025::verifier::tests::test_verify_attestation_policy_hash_match ... {"@file":"src/psp/format_2025/operations.rs","@level":"debug","@line":60,"@message":"✅ Operations unpacked: count=8 operations=[150, 201, 9, 86, 115, 96, 159, 102]","@module":"flavor::psp::format_2025::operations","@pid":6368,"@timestamp":"2026-03-31T20:27:12.493374Z"}
ok{"@file":"src/psp/format_2025/operations.rs","@level":"debug","@line":37,"@message":"✅ Operations packed: result=184641189642701","@module":"flavor::psp::format_2025::operations","@pid":6368,"@timestamp":"2026-03-31T20:27:12.493502Z"}

{"@file":"src/psp/format_2025/reader.rs","@level":"debug","@line":99,"@message":"Parsed index values:","@module":"flavor::psp::format_2025::reader","@pid":6368,"@timestamp":"2026-03-31T20:27:12.493530Z"}
{"@file":"src/psp/format_2025/backends.rs","@level":"debug","@line":204,"@message":"📁 File backend opened /var/folders/sg/wy47gw996f78fznt898m8x540000gn/T/.tmp2oCvaZ (8329 bytes) in 71.959µs","@module":"flavor::psp::format_2025::backends","@pid":6368,"@timestamp":"2026-03-31T20:27:12.493296Z"}
{"@file":"src/psp/format_2025/reader.rs","@level":"debug","@line":100,"@message":"  package_size: 8279","@module":"flavor::psp::format_2025::reader","@pid":6368,"@timestamp":"2026-03-31T20:27:12.493562Z"}
{"@file":"src/psp/format_2025/backends.rs","@level":"debug","@line":204,"@message":"📁 File backend opened /var/folders/sg/wy47gw996f78fznt898m8x540000gn/T/.tmpl8Q9Zc (8329 bytes) in 67.208µs","@module":"flavor::psp::format_2025::backends","@pid":6368,"@timestamp":"2026-03-31T20:27:12.493131Z"}
{"@file":"src/psp/format_2025/index.rs","@level":"debug","@line":181,"@message":"Parsed metadata_offset: 0x0000000000000000 (0)","@module":"flavor::psp::format_2025::index","@pid":6368,"@timestamp":"2026-03-31T20:27:12.493261Z"}
test psp::format_2025::verifier::tests::test_attestation_sbom_digest_absent_skipped ... ok{"@file":"src/psp/format_2025/operations.rs","@level":"debug","@line":60,"@message":"✅ Operations unpacked: count=8 operations=[231, 118, 227, 222, 199, 27, 106, 27]","@module":"flavor::psp::format_2025::operations","@pid":6368,"@timestamp":"2026-03-31T20:27:12.493494Z"}

{"@file":"src/psp/format_2025/index.rs","@level":"debug","@line":182,"@message":"Parsed metadata_size: 152 bytes","@module":"flavor::psp::format_2025::index","@pid":6368,"@timestamp":"2026-03-31T20:27:12.493637Z"}
{"@file":"src/psp/format_2025/operations.rs","@level":"debug","@line":37,"@message":"✅ Operations packed: result=0","@module":"flavor::psp::format_2025::operations","@pid":6368,"@timestamp":"2026-03-31T20:27:12.493564Z"}
{"@file":"src/psp/format_2025/operations.rs","@level":"debug","@line":37,"@message":"✅ Operations packed: result=1975421931807274727","@module":"flavor::psp::format_2025::operations","@pid":6368,"@timestamp":"2026-03-31T20:27:12.493659Z"}
{"@file":"src/psp/format_2025/operations.rs","@level":"debug","@line":60,"@message":"✅ Operations unpacked: count=0 operations=[]","@module":"flavor::psp::format_2025::operations","@pid":6368,"@timestamp":"2026-03-31T20:27:12.493684Z"}
{"@file":"src/psp/format_2025/reader.rs","@level":"debug","@line":274,"@message":"Trailer size: 8200, file size: 8329 bytes","@module":"flavor::psp::format_2025::reader","@pid":6368,"@timestamp":"2026-03-31T20:27:12.493590Z"}
test psp::format_2025::verifier::tests::test_attestation_sbom_digest_match ... {"@file":"src/psp/format_2025/reader.rs","@level":"debug","@line":274,"@message":"Trailer size: 8200, file size: 8329 bytes","@module":"flavor::psp::format_2025::reader","@pid":6368,"@timestamp":"2026-03-31T20:27:12.493631Z"}
ok
{"@file":"src/psp/format_2025/index.rs","@level":"debug","@line":181,"@message":"Parsed metadata_offset: 0x0000000000000000 (0)","@module":"flavor::psp::format_2025::index","@pid":6368,"@timestamp":"2026-03-31T20:27:12.493734Z"}
{"@file":"src/psp/format_2025/index.rs","@level":"debug","@line":181,"@message":"Parsed metadata_offset: 0x0000000000000000 (0)","@module":"flavor::psp::format_2025::index","@pid":6368,"@timestamp":"2026-03-31T20:27:12.493748Z"}
{"@file":"src/psp/format_2025/operations.rs","@level":"debug","@line":37,"@message":"✅ Operations packed: result=216475547823326","@module":"flavor::psp::format_2025::operations","@pid":6368,"@timestamp":"2026-03-31T20:27:12.493749Z"}
{"@file":"src/psp/format_2025/index.rs","@level":"debug","@line":182,"@message":"Parsed metadata_size: 129 bytes","@module":"flavor::psp::format_2025::index","@pid":6368,"@timestamp":"2026-03-31T20:27:12.493763Z"}
{"@file":"src/psp/format_2025/reader.rs","@level":"debug","@line":101,"@message":"  launcher_size: 0","@module":"flavor::psp::format_2025::reader","@pid":6368,"@timestamp":"2026-03-31T20:27:12.493587Z"}
{"@file":"src/psp/format_2025/operations.rs","@level":"debug","@line":60,"@message":"✅ Operations unpacked: count=8 operations=[231, 118, 227, 222, 199, 27, 106, 27]","@module":"flavor::psp::format_2025::operations","@pid":6368,"@timestamp":"2026-03-31T20:27:12.493702Z"}
{"@file":"src/psp/format_2025/reader.rs","@level":"debug","@line":102,"@message":"  metadata_offset: 0x0000000000000000 (0)","@module":"flavor::psp::format_2025::reader","@pid":6368,"@timestamp":"2026-03-31T20:27:12.493805Z"}
{"@file":"src/psp/format_2025/operations.rs","@level":"debug","@line":37,"@message":"✅ Operations packed: result=501825665931","@module":"flavor::psp::format_2025::operations","@pid":6368,"@timestamp":"2026-03-31T20:27:12.493581Z"}
{"@file":"src/psp/format_2025/index.rs","@level":"debug","@line":182,"@message":"Parsed metadata_size: 129 bytes","@module":"flavor::psp::format_2025::index","@pid":6368,"@timestamp":"2026-03-31T20:27:12.493771Z"}
{"@file":"src/psp/format_2025/operations.rs","@level":"debug","@line":60,"@message":"✅ Operations unpacked: count=6 operations=[222, 108, 33, 36, 226, 196]","@module":"flavor::psp::format_2025::operations","@pid":6368,"@timestamp":"2026-03-31T20:27:12.493782Z"}
{"@file":"src/psp/format_2025/reader.rs","@level":"debug","@line":102,"@message":"  metadata_offset: 0x0000000000000055 (85)","@module":"flavor::psp::format_2025::reader","@pid":6368,"@timestamp":"2026-03-31T20:27:12.493512Z"}
{"@file":"src/psp/format_2025/operations.rs","@level":"debug","@line":60,"@message":"✅ Operations unpacked: count=8 operations=[50, 41, 77, 237, 223, 115, 86, 77]","@module":"flavor::psp::format_2025::operations","@pid":6368,"@timestamp":"2026-03-31T20:27:12.493859Z"}
{"@file":"src/psp/format_2025/reader.rs","@level":"debug","@line":99,"@message":"Parsed index values:","@module":"flavor::psp::format_2025::reader","@pid":6368,"@timestamp":"2026-03-31T20:27:12.493671Z"}
{"@file":"src/psp/format_2025/reader.rs","@level":"debug","@line":106,"@message":"  metadata_size: 79 bytes","@module":"flavor::psp::format_2025::reader","@pid":6368,"@timestamp":"2026-03-31T20:27:12.493830Z"}
{"@file":"src/psp/format_2025/reader.rs","@level":"debug","@line":100,"@message":"  package_size: 8352","@module":"flavor::psp::format_2025::reader","@pid":6368,"@timestamp":"2026-03-31T20:27:12.493916Z"}
{"@file":"src/psp/format_2025/reader.rs","@level":"debug","@line":99,"@message":"Parsed index values:","@module":"flavor::psp::format_2025::reader","@pid":6368,"@timestamp":"2026-03-31T20:27:12.493796Z"}
{"@file":"src/psp/format_2025/reader.rs","@level":"debug","@line":107,"@message":"  slot_table_offset: 0x0000000000000000","@module":"flavor::psp::format_2025::reader","@pid":6368,"@timestamp":"2026-03-31T20:27:12.493930Z"}
{"@file":"src/psp/format_2025/reader.rs","@level":"debug","@line":101,"@message":"  launcher_size: 0","@module":"flavor::psp::format_2025::reader","@pid":6368,"@timestamp":"2026-03-31T20:27:12.493937Z"}
{"@file":"src/psp/format_2025/reader.rs","@level":"debug","@line":106,"@message":"  metadata_size: 79 bytes","@module":"flavor::psp::format_2025::reader","@pid":6368,"@timestamp":"2026-03-31T20:27:12.493881Z"}
{"@file":"src/psp/format_2025/reader.rs","@level":"debug","@line":102,"@message":"  metadata_offset: 0x0000000000000000 (0)","@module":"flavor::psp::format_2025::reader","@pid":6368,"@timestamp":"2026-03-31T20:27:12.493960Z"}
{"@file":"src/psp/format_2025/reader.rs","@level":"debug","@line":99,"@message":"Parsed index values:","@module":"flavor::psp::format_2025::reader","@pid":6368,"@timestamp":"2026-03-31T20:27:12.493850Z"}
{"@file":"src/psp/format_2025/reader.rs","@level":"debug","@line":106,"@message":"  metadata_size: 152 bytes","@module":"flavor::psp::format_2025::reader","@pid":6368,"@timestamp":"2026-03-31T20:27:12.493990Z"}
{"@file":"src/psp/format_2025/reader.rs","@level":"debug","@line":100,"@message":"  package_size: 8329","@module":"flavor::psp::format_2025::reader","@pid":6368,"@timestamp":"2026-03-31T20:27:12.494010Z"}
{"@file":"src/psp/format_2025/reader.rs","@level":"debug","@line":107,"@message":"  slot_table_offset: 0x0000000000000000","@module":"flavor::psp::format_2025::reader","@pid":6368,"@timestamp":"2026-03-31T20:27:12.494025Z"}
{"@file":"src/psp/format_2025/reader.rs","@level":"debug","@line":101,"@message":"  launcher_size: 0","@module":"flavor::psp::format_2025::reader","@pid":6368,"@timestamp":"2026-03-31T20:27:12.494042Z"}
{"@file":"src/psp/format_2025/reader.rs","@level":"debug","@line":108,"@message":"  slot_count: 0","@module":"flavor::psp::format_2025::reader","@pid":6368,"@timestamp":"2026-03-31T20:27:12.494059Z"}
{"@file":"src/psp/format_2025/reader.rs","@level":"debug","@line":102,"@message":"  metadata_offset: 0x0000000000000000 (0)","@module":"flavor::psp::format_2025::reader","@pid":6368,"@timestamp":"2026-03-31T20:27:12.494072Z"}
{"@file":"src/psp/format_2025/reader.rs","@level":"debug","@line":100,"@message":"  package_size: 8329","@module":"flavor::psp::format_2025::reader","@pid":6368,"@timestamp":"2026-03-31T20:27:12.493948Z"}
{"@file":"src/psp/format_2025/reader.rs","@level":"debug","@line":101,"@message":"  launcher_size: 0","@module":"flavor::psp::format_2025::reader","@pid":6368,"@timestamp":"2026-03-31T20:27:12.494123Z"}
{"@file":"src/psp/format_2025/reader.rs","@level":"debug","@line":102,"@message":"  metadata_offset: 0x0000000000000000 (0)","@module":"flavor::psp::format_2025::reader","@pid":6368,"@timestamp":"2026-03-31T20:27:12.494147Z"}
{"@file":"src/psp/format_2025/reader.rs","@level":"debug","@line":117,"@message":"Index loaded in 949.208µs","@module":"flavor::psp::format_2025::reader","@pid":6368,"@timestamp":"2026-03-31T20:27:12.494158Z"}
{"@file":"src/psp/format_2025/reader.rs","@level":"debug","@line":107,"@message":"  slot_table_offset: 0x0000000000000015","@module":"flavor::psp::format_2025::reader","@pid":6368,"@timestamp":"2026-03-31T20:27:12.493979Z"}
{"@file":"src/psp/format_2025/reader.rs","@level":"debug","@line":141,"@message":"📖 Reading metadata from offset 0x0, size 152 bytes","@module":"flavor::psp::format_2025::reader","@pid":6368,"@timestamp":"2026-03-31T20:27:12.494184Z"}
{"@file":"src/psp/format_2025/reader.rs","@level":"debug","@line":106,"@message":"  metadata_size: 129 bytes","@module":"flavor::psp::format_2025::reader","@pid":6368,"@timestamp":"2026-03-31T20:27:12.494104Z"}
{"@file":"src/psp/format_2025/reader.rs","@level":"debug","@line":108,"@message":"  slot_count: 1","@module":"flavor::psp::format_2025::reader","@pid":6368,"@timestamp":"2026-03-31T20:27:12.494202Z"}
{"@file":"src/psp/format_2025/reader.rs","@level":"debug","@line":107,"@message":"  slot_table_offset: 0x0000000000000000","@module":"flavor::psp::format_2025::reader","@pid":6368,"@timestamp":"2026-03-31T20:27:12.494225Z"}
{"@file":"src/psp/format_2025/reader.rs","@level":"debug","@line":108,"@message":"  slot_count: 0","@module":"flavor::psp::format_2025::reader","@pid":6368,"@timestamp":"2026-03-31T20:27:12.494265Z"}
{"@file":"src/psp/format_2025/operations.rs","@level":"debug","@line":37,"@message":"✅ Operations packed: result=3563993892940067551","@module":"flavor::psp::format_2025::operations","@pid":6368,"@timestamp":"2026-03-31T20:27:12.493868Z"}
{"@file":"src/psp/format_2025/reader.rs","@level":"debug","@line":117,"@message":"Index loaded in 1.650291ms","@module":"flavor::psp::format_2025::reader","@pid":6368,"@timestamp":"2026-03-31T20:27:12.494306Z"}
{"@file":"src/psp/format_2025/reader.rs","@level":"debug","@line":108,"@message":"  slot_count: 0","@module":"flavor::psp::format_2025::reader","@pid":6368,"@timestamp":"2026-03-31T20:27:12.493952Z"}
{"@file":"src/psp/format_2025/operations.rs","@level":"debug","@line":37,"@message":"✅ Operations packed: result=5572768994513725746","@module":"flavor::psp::format_2025::operations","@pid":6368,"@timestamp":"2026-03-31T20:27:12.493890Z"}
{"@file":"src/psp/format_2025/reader.rs","@level":"debug","@line":106,"@message":"  metadata_size: 129 bytes","@module":"flavor::psp::format_2025::reader","@pid":6368,"@timestamp":"2026-03-31T20:27:12.494174Z"}
{"@file":"src/psp/format_2025/operations.rs","@level":"debug","@line":37,"@message":"✅ Operations packed: result=732123594190","@module":"flavor::psp::format_2025::operations","@pid":6368,"@timestamp":"2026-03-31T20:27:12.494351Z"}
{"@file":"src/psp/format_2025/reader.rs","@level":"debug","@line":107,"@message":"  slot_table_offset: 0x0000000000000000","@module":"flavor::psp::format_2025::reader","@pid":6368,"@timestamp":"2026-03-31T20:27:12.494381Z"}
{"@file":"src/psp/format_2025/reader.rs","@level":"debug","@line":117,"@message":"Index loaded in 761.625µs","@module":"flavor::psp::format_2025::reader","@pid":6368,"@timestamp":"2026-03-31T20:27:12.494383Z"}
test psp::format_2025::launcher::filesystem::tests::copy_dir_all_recursively_copies_tree ... {"@file":"src/psp/format_2025/operations.rs","@level":"debug","@line":60,"@message":"✅ Operations unpacked: count=8 operations=[50, 41, 77, 237, 223, 115, 86, 77]","@module":"flavor::psp::format_2025::operations","@pid":6368,"@timestamp":"2026-03-31T20:27:12.494365Z"}
ok
{"@file":"src/psp/format_2025/operations.rs","@level":"debug","@line":37,"@message":"✅ Operations packed: result=12352954","@module":"flavor::psp::format_2025::operations","@pid":6368,"@timestamp":"2026-03-31T20:27:12.494426Z"}
{"@file":"src/psp/format_2025/operations.rs","@level":"debug","@line":37,"@message":"✅ Operations packed: result=16503962435926462093","@module":"flavor::psp::format_2025::operations","@pid":6368,"@timestamp":"2026-03-31T20:27:12.493889Z"}
{"@file":"src/psp/format_2025/reader.rs","@level":"debug","@line":297,"@message":"📊 Reading 1 slot descriptors from offset 0x15","@module":"flavor::psp::format_2025::reader","@pid":6368,"@timestamp":"2026-03-31T20:27:12.494334Z"}
{"@file":"src/psp/format_2025/operations.rs","@level":"debug","@line":60,"@message":"✅ Operations unpacked: count=8 operations=[1, 159, 65, 70, 204, 242, 138, 107]","@module":"flavor::psp::format_2025::operations","@pid":6368,"@timestamp":"2026-03-31T20:27:12.494473Z"}
{"@file":"src/psp/format_2025/reader.rs","@level":"debug","@line":117,"@message":"Index loaded in 1.777708ms","@module":"flavor::psp::format_2025::reader","@pid":6368,"@timestamp":"2026-03-31T20:27:12.494410Z"}
{"@file":"src/psp/format_2025/reader.rs","@level":"debug","@line":233,"@message":"✅ Successfully parsed metadata for test v0.0.1","@module":"flavor::psp::format_2025::reader","@pid":6368,"@timestamp":"2026-03-31T20:27:12.494291Z"}
{"@file":"src/psp/format_2025/reader.rs","@level":"debug","@line":297,"@message":"📊 Reading 0 slot descriptors from offset 0x0","@module":"flavor::psp::format_2025::reader","@pid":6368,"@timestamp":"2026-03-31T20:27:12.494531Z"}
test psp::format_2025::verifier::tests::test_verify_attestation_policy_hash_zero_field_skip ... ok{"@file":"src/psp/format_2025/reader.rs","@level":"debug","@line":108,"@message":"  slot_count: 0","@module":"flavor::psp::format_2025::reader","@pid":6368,"@timestamp":"2026-03-31T20:27:12.494409Z"}

{"@file":"src/psp/format_2025/operations.rs","@level":"debug","@line":37,"@message":"✅ Operations packed: result=51459","@module":"flavor::psp::format_2025::operations","@pid":6368,"@timestamp":"2026-03-31T20:27:12.494485Z"}
{"@file":"src/psp/format_2025/operations.rs","@level":"debug","@line":37,"@message":"✅ Operations packed: result=7749273068010315521","@module":"flavor::psp::format_2025::operations","@pid":6368,"@timestamp":"2026-03-31T20:27:12.494510Z"}
{"@file":"src/psp/format_2025/operations.rs","@level":"debug","@line":60,"@message":"✅ Operations unpacked: count=8 operations=[141, 142, 201, 203, 100, 218, 9, 229]","@module":"flavor::psp::format_2025::operations","@pid":6368,"@timestamp":"2026-03-31T20:27:12.494477Z"}
{"@file":"src/psp/format_2025/operations.rs","@level":"debug","@line":60,"@message":"✅ Operations unpacked: count=8 operations=[1, 159, 65, 70, 204, 242, 138, 107]","@module":"flavor::psp::format_2025::operations","@pid":6368,"@timestamp":"2026-03-31T20:27:12.494663Z"}
{"@file":"src/psp/format_2025/operations.rs","@level":"debug","@line":37,"@message":"✅ Operations packed: result=914818667169","@module":"flavor::psp::format_2025::operations","@pid":6368,"@timestamp":"2026-03-31T20:27:12.494680Z"}
test psp::format_2025::verifier::tests::test_attestation_sbom_digest_mismatch ... {"@file":"src/psp/format_2025/reader.rs","@level":"debug","@line":117,"@message":"Index loaded in 1.121875ms","@module":"flavor::psp::format_2025::reader","@pid":6368,"@timestamp":"2026-03-31T20:27:12.494702Z"}
ok{"@file":"src/psp/format_2025/operations.rs","@level":"debug","@line":37,"@message":"✅ Operations packed: result=10784531127081923487","@module":"flavor::psp::format_2025::operations","@pid":6368,"@timestamp":"2026-03-31T20:27:12.494724Z"}

{"@file":"src/psp/format_2025/operations.rs","@level":"debug","@line":37,"@message":"✅ Operations packed: result=8747446605211644964","@module":"flavor::psp::format_2025::operations","@pid":6368,"@timestamp":"2026-03-31T20:27:12.494734Z"}
{"@file":"src/psp/format_2025/operations.rs","@level":"debug","@line":60,"@message":"✅ Operations unpacked: count=8 operations=[159, 115, 220, 210, 235, 89, 170, 149]","@module":"flavor::psp::format_2025::operations","@pid":6368,"@timestamp":"2026-03-31T20:27:12.494763Z"}
{"@file":"src/psp/format_2025/reader.rs","@level":"debug","@line":141,"@message":"📖 Reading metadata from offset 0x0, size 129 bytes","@module":"flavor::psp::format_2025::reader","@pid":6368,"@timestamp":"2026-03-31T20:27:12.494750Z"}
{"@file":"src/psp/format_2025/operations.rs","@level":"debug","@line":60,"@message":"✅ Operations unpacked: count=8 operations=[129, 227, 232, 179, 149, 179, 253, 185]","@module":"flavor::psp::format_2025::operations","@pid":6368,"@timestamp":"2026-03-31T20:27:12.494720Z"}
{"@file":"src/psp/format_2025/operations.rs","@level":"debug","@line":37,"@message":"✅ Operations packed: result=1959540","@module":"flavor::psp::format_2025::operations","@pid":6368,"@timestamp":"2026-03-31T20:27:12.494823Z"}
{"@file":"src/psp/format_2025/operations.rs","@level":"debug","@line":37,"@message":"✅ Operations packed: result=13402065521674347393","@module":"flavor::psp::format_2025::operations","@pid":6368,"@timestamp":"2026-03-31T20:27:12.494837Z"}
test psp::format_2025::verifier::tests::test_attestation_sbom_digest_present_no_slot ... {"@file":"src/psp/format_2025/operations.rs","@level":"debug","@line":60,"@message":"✅ Operations unpacked: count=3 operations=[116, 230, 29]","@module":"flavor::psp::format_2025::operations","@pid":6368,"@timestamp":"2026-03-31T20:27:12.494847Z"}
ok{"@file":"src/psp/format_2025/operations.rs","@level":"debug","@line":37,"@message":"✅ Operations packed: result=25476","@module":"flavor::psp::format_2025::operations","@pid":6368,"@timestamp":"2026-03-31T20:27:12.494854Z"}

{"@file":"src/psp/format_2025/operations.rs","@level":"debug","@line":60,"@message":"✅ Operations unpacked: count=8 operations=[129, 227, 232, 179, 149, 179, 253, 185]","@module":"flavor::psp::format_2025::operations","@pid":6368,"@timestamp":"2026-03-31T20:27:12.494860Z"}
{"@file":"src/psp/format_2025/operations.rs","@level":"debug","@line":37,"@message":"✅ Operations packed: result=0","@module":"flavor::psp::format_2025::operations","@pid":6368,"@timestamp":"2026-03-31T20:27:12.494908Z"}
{"@file":"src/psp/format_2025/reader.rs","@level":"debug","@line":233,"@message":"✅ Successfully parsed metadata for test v0.0.1","@module":"flavor::psp::format_2025::reader","@pid":6368,"@timestamp":"2026-03-31T20:27:12.494899Z"}
test psp::format_2025::verifier::tests::test_verify_attestation_policy_hash_mismatch ... ok
{"@file":"src/psp/format_2025/operations.rs","@level":"debug","@line":60,"@message":"✅ Operations unpacked: count=8 operations=[234, 22, 100, 114, 251, 86, 183, 246]","@module":"flavor::psp::format_2025::operations","@pid":6368,"@timestamp":"2026-03-31T20:27:12.494951Z"}
{"@file":"src/psp/format_2025/operations.rs","@level":"debug","@line":37,"@message":"✅ Operations packed: result=13857","@module":"flavor::psp::format_2025::operations","@pid":6368,"@timestamp":"2026-03-31T20:27:12.494929Z"}
{"@file":"src/psp/format_2025/operations.rs","@level":"debug","@line":60,"@message":"✅ Operations unpacked: count=0 operations=[]","@module":"flavor::psp::format_2025::operations","@pid":6368,"@timestamp":"2026-03-31T20:27:12.494934Z"}
{"@file":"src/psp/format_2025/operations.rs","@level":"debug","@line":37,"@message":"✅ Operations packed: result=17777773692024264426","@module":"flavor::psp::format_2025::operations","@pid":6368,"@timestamp":"2026-03-31T20:27:12.494988Z"}
{"@file":"src/psp/format_2025/operations.rs","@level":"debug","@line":60,"@message":"✅ Operations unpacked: count=8 operations=[234, 22, 100, 114, 251, 86, 183, 246]","@module":"flavor::psp::format_2025::operations","@pid":6368,"@timestamp":"2026-03-31T20:27:12.495036Z"}
{"@file":"src/psp/format_2025/operations.rs","@level":"debug","@line":37,"@message":"✅ Operations packed: result=14354226130329186","@module":"flavor::psp::format_2025::operations","@pid":6368,"@timestamp":"2026-03-31T20:27:12.495041Z"}
{"@file":"src/psp/format_2025/operations.rs","@level":"debug","@line":37,"@message":"✅ Operations packed: result=15958580","@module":"flavor::psp::format_2025::operations","@pid":6368,"@timestamp":"2026-03-31T20:27:12.495054Z"}
{"@file":"src/psp/format_2025/operations.rs","@level":"debug","@line":60,"@message":"✅ Operations unpacked: count=3 operations=[52, 130, 243]","@module":"flavor::psp::format_2025::operations","@pid":6368,"@timestamp":"2026-03-31T20:27:12.495080Z"}
{"@file":"src/psp/format_2025/operations.rs","@level":"debug","@line":60,"@message":"✅ Operations unpacked: count=8 operations=[216, 39, 226, 168, 219, 199, 78, 233]","@module":"flavor::psp::format_2025::operations","@pid":6368,"@timestamp":"2026-03-31T20:27:12.495092Z"}
test psp::format_2025::verifier::tests::test_verify_attestation_policy_hash_present_no_policy_fails ... ok
{"@file":"src/psp/format_2025/operations.rs","@level":"debug","@line":37,"@message":"✅ Operations packed: result=0","@module":"flavor::psp::format_2025::operations","@pid":6368,"@timestamp":"2026-03-31T20:27:12.495100Z"}
{"@file":"src/psp/format_2025/operations.rs","@level":"debug","@line":37,"@message":"✅ Operations packed: result=16811594205265799128","@module":"flavor::psp::format_2025::operations","@pid":6368,"@timestamp":"2026-03-31T20:27:12.495123Z"}
{"@file":"src/psp/format_2025/operations.rs","@level":"debug","@line":37,"@message":"✅ Operations packed: result=16100647","@module":"flavor::psp::format_2025::operations","@pid":6368,"@timestamp":"2026-03-31T20:27:12.495128Z"}
{"@file":"src/psp/format_2025/operations.rs","@level":"debug","@line":60,"@message":"✅ Operations unpacked: count=8 operations=[216, 39, 226, 168, 219, 199, 78, 233]","@module":"flavor::psp::format_2025::operations","@pid":6368,"@timestamp":"2026-03-31T20:27:12.495168Z"}
{"@file":"src/psp/format_2025/operations.rs","@level":"debug","@line":37,"@message":"✅ Operations packed: result=63162","@module":"flavor::psp::format_2025::operations","@pid":6368,"@timestamp":"2026-03-31T20:27:12.495179Z"}
{"@file":"src/psp/format_2025/operations.rs","@level":"debug","@line":60,"@message":"✅ Operations unpacked: count=3 operations=[39, 173, 245]","@module":"flavor::psp::format_2025::operations","@pid":6368,"@timestamp":"2026-03-31T20:27:12.495185Z"}
{"@file":"src/psp/format_2025/operations.rs","@level":"debug","@line":60,"@message":"✅ Operations unpacked: count=8 operations=[85, 12, 55, 57, 178, 144, 176, 235]","@module":"flavor::psp::format_2025::operations","@pid":6368,"@timestamp":"2026-03-31T20:27:12.495222Z"}
{"@file":"src/psp/format_2025/operations.rs","@level":"debug","@line":37,"@message":"✅ Operations packed: result=32186","@module":"flavor::psp::format_2025::operations","@pid":6368,"@timestamp":"2026-03-31T20:27:12.495245Z"}
{"@file":"src/psp/format_2025/operations.rs","@level":"debug","@line":37,"@message":"✅ Operations packed: result=16983233289952627797","@module":"flavor::psp::format_2025::operations","@pid":6368,"@timestamp":"2026-03-31T20:27:12.495250Z"}
{"@file":"src/psp/format_2025/operations.rs","@level":"debug","@line":37,"@message":"✅ Operations packed: result=54853","@module":"flavor::psp::format_2025::operations","@pid":6368,"@timestamp":"2026-03-31T20:27:12.495274Z"}
{"@file":"src/psp/format_2025/operations.rs","@level":"debug","@line":60,"@message":"✅ Operations unpacked: count=8 operations=[85, 12, 55, 57, 178, 144, 176, 235]","@module":"flavor::psp::format_2025::operations","@pid":6368,"@timestamp":"2026-03-31T20:27:12.495299Z"}
{"@file":"src/psp/format_2025/operations.rs","@level":"debug","@line":37,"@message":"✅ Operations packed: result=4166179","@module":"flavor::psp::format_2025::operations","@pid":6368,"@timestamp":"2026-03-31T20:27:12.495307Z"}
{"@file":"src/psp/format_2025/operations.rs","@level":"debug","@line":60,"@message":"✅ Operations unpacked: count=2 operations=[69, 214]","@module":"flavor::psp::format_2025::operations","@pid":6368,"@timestamp":"2026-03-31T20:27:12.495309Z"}
{"@file":"src/psp/format_2025/operations.rs","@level":"debug","@line":60,"@message":"✅ Operations unpacked: count=8 operations=[129, 1, 17, 51, 208, 89, 211, 110]","@module":"flavor::psp::format_2025::operations","@pid":6368,"@timestamp":"2026-03-31T20:27:12.495351Z"}
{"@file":"src/psp/format_2025/operations.rs","@level":"debug","@line":37,"@message":"✅ Operations packed: result=39638","@module":"flavor::psp::format_2025::operations","@pid":6368,"@timestamp":"2026-03-31T20:27:12.495368Z"}
{"@file":"src/psp/format_2025/operations.rs","@level":"debug","@line":37,"@message":"✅ Operations packed: result=7985825315002843521","@module":"flavor::psp::format_2025::operations","@pid":6368,"@timestamp":"2026-03-31T20:27:12.495376Z"}
{"@file":"src/psp/format_2025/operations.rs","@level":"debug","@line":37,"@message":"✅ Operations packed: result=9371941289887806740","@module":"flavor::psp::format_2025::operations","@pid":6368,"@timestamp":"2026-03-31T20:27:12.495409Z"}
{"@file":"src/psp/format_2025/operations.rs","@level":"debug","@line":60,"@message":"✅ Operations unpacked: count=8 operations=[129, 1, 17, 51, 208, 89, 211, 110]","@module":"flavor::psp::format_2025::operations","@pid":6368,"@timestamp":"2026-03-31T20:27:12.495426Z"}
{"@file":"src/psp/format_2025/operations.rs","@level":"debug","@line":37,"@message":"✅ Operations packed: result=45176","@module":"flavor::psp::format_2025::operations","@pid":6368,"@timestamp":"2026-03-31T20:27:12.495429Z"}
{"@file":"src/psp/format_2025/operations.rs","@level":"debug","@line":60,"@message":"✅ Operations unpacked: count=8 operations=[20, 53, 148, 207, 242, 210, 15, 130]","@module":"flavor::psp::format_2025::operations","@pid":6368,"@timestamp":"2026-03-31T20:27:12.495436Z"}
{"@file":"src/psp/format_2025/operations.rs","@level":"debug","@line":60,"@message":"✅ Operations unpacked: count=8 operations=[116, 249, 21, 171, 117, 220, 3, 23]","@module":"flavor::psp::format_2025::operations","@pid":6368,"@timestamp":"2026-03-31T20:27:12.495477Z"}
{"@file":"src/psp/format_2025/operations.rs","@level":"debug","@line":37,"@message":"✅ Operations packed: result=3742295885","@module":"flavor::psp::format_2025::operations","@pid":6368,"@timestamp":"2026-03-31T20:27:12.495489Z"}
{"@file":"src/psp/format_2025/operations.rs","@level":"debug","@line":37,"@message":"✅ Operations packed: result=1658411485742102900","@module":"flavor::psp::format_2025::operations","@pid":6368,"@timestamp":"2026-03-31T20:27:12.495504Z"}
{"@file":"src/psp/format_2025/operations.rs","@level":"debug","@line":37,"@message":"✅ Operations packed: result=0","@module":"flavor::psp::format_2025::operations","@pid":6368,"@timestamp":"2026-03-31T20:27:12.495516Z"}
{"@file":"src/psp/format_2025/operations.rs","@level":"debug","@line":60,"@message":"✅ Operations unpacked: count=8 operations=[116, 249, 21, 171, 117, 220, 3, 23]","@module":"flavor::psp::format_2025::operations","@pid":6368,"@timestamp":"2026-03-31T20:27:12.495532Z"}
{"@file":"src/psp/format_2025/operations.rs","@level":"debug","@line":37,"@message":"✅ Operations packed: result=153999955624499","@module":"flavor::psp::format_2025::operations","@pid":6368,"@timestamp":"2026-03-31T20:27:12.495545Z"}
{"@file":"src/psp/format_2025/operations.rs","@level":"debug","@line":60,"@message":"✅ Operations unpacked: count=0 operations=[]","@module":"flavor::psp::format_2025::operations","@pid":6368,"@timestamp":"2026-03-31T20:27:12.495556Z"}
{"@file":"src/psp/format_2025/operations.rs","@level":"debug","@line":60,"@message":"✅ Operations unpacked: count=8 operations=[60, 140, 121, 199, 238, 38, 231, 192]","@module":"flavor::psp::format_2025::operations","@pid":6368,"@timestamp":"2026-03-31T20:27:12.495586Z"}
{"@file":"src/psp/format_2025/operations.rs","@level":"debug","@line":37,"@message":"✅ Operations packed: result=58302406749437224","@module":"flavor::psp::format_2025::operations","@pid":6368,"@timestamp":"2026-03-31T20:27:12.495607Z"}
{"@file":"src/psp/format_2025/operations.rs","@level":"debug","@line":37,"@message":"✅ Operations packed: result=13900121581893028924","@module":"flavor::psp::format_2025::operations","@pid":6368,"@timestamp":"2026-03-31T20:27:12.495612Z"}
{"@file":"src/psp/format_2025/operations.rs","@level":"debug","@line":37,"@message":"✅ Operations packed: result=231216504079","@module":"flavor::psp::format_2025::operations","@pid":6368,"@timestamp":"2026-03-31T20:27:12.495636Z"}
{"@file":"src/psp/format_2025/operations.rs","@level":"debug","@line":60,"@message":"✅ Operations unpacked: count=8 operations=[60, 140, 121, 199, 238, 38, 231, 192]","@module":"flavor::psp::format_2025::operations","@pid":6368,"@timestamp":"2026-03-31T20:27:12.495653Z"}
{"@file":"src/psp/format_2025/operations.rs","@level":"debug","@line":37,"@message":"✅ Operations packed: result=893122512154","@module":"flavor::psp::format_2025::operations","@pid":6368,"@timestamp":"2026-03-31T20:27:12.495668Z"}
{"@file":"src/psp/format_2025/operations.rs","@level":"debug","@line":60,"@message":"✅ Operations unpacked: count=5 operations=[15, 221, 147, 213, 53]","@module":"flavor::psp::format_2025::operations","@pid":6368,"@timestamp":"2026-03-31T20:27:12.495665Z"}
{"@file":"src/psp/format_2025/operations.rs","@level":"debug","@line":60,"@message":"✅ Operations unpacked: count=8 operations=[116, 69, 92, 159, 158, 157, 67, 127]","@module":"flavor::psp::format_2025::operations","@pid":6368,"@timestamp":"2026-03-31T20:27:12.495709Z"}
{"@file":"src/psp/format_2025/operations.rs","@level":"debug","@line":37,"@message":"✅ Operations packed: result=71911214515894982","@module":"flavor::psp::format_2025::operations","@pid":6368,"@timestamp":"2026-03-31T20:27:12.495730Z"}
{"@file":"src/psp/format_2025/operations.rs","@level":"debug","@line":37,"@message":"✅ Operations packed: result=1106433461","@module":"flavor::psp::format_2025::operations","@pid":6368,"@timestamp":"2026-03-31T20:27:12.495749Z"}
{"@file":"src/psp/format_2025/operations.rs","@level":"debug","@line":37,"@message":"✅ Operations packed: result=9170346570860479860","@module":"flavor::psp::format_2025::operations","@pid":6368,"@timestamp":"2026-03-31T20:27:12.495736Z"}
{"@file":"src/psp/format_2025/operations.rs","@level":"debug","@line":60,"@message":"✅ Operations unpacked: count=4 operations=[181, 213, 242, 65]","@module":"flavor::psp::format_2025::operations","@pid":6368,"@timestamp":"2026-03-31T20:27:12.495778Z"}
{"@file":"src/psp/format_2025/operations.rs","@level":"debug","@line":60,"@message":"✅ Operations unpacked: count=8 operations=[116, 69, 92, 159, 158, 157, 67, 127]","@module":"flavor::psp::format_2025::operations","@pid":6368,"@timestamp":"2026-03-31T20:27:12.495801Z"}
{"@file":"src/psp/format_2025/operations.rs","@level":"debug","@line":37,"@message":"✅ Operations packed: result=163003496098","@module":"flavor::psp::format_2025::operations","@pid":6368,"@timestamp":"2026-03-31T20:27:12.495790Z"}
{"@file":"src/psp/format_2025/operations.rs","@level":"debug","@line":37,"@message":"✅ Operations packed: result=17515917061688111530","@module":"flavor::psp::format_2025::operations","@pid":6368,"@timestamp":"2026-03-31T20:27:12.495851Z"}
{"@file":"src/psp/format_2025/operations.rs","@level":"debug","@line":60,"@message":"✅ Operations unpacked: count=8 operations=[138, 133, 145, 41, 122, 8, 155, 206]","@module":"flavor::psp::format_2025::operations","@pid":6368,"@timestamp":"2026-03-31T20:27:12.495859Z"}
{"@file":"src/psp/format_2025/operations.rs","@level":"debug","@line":60,"@message":"✅ Operations unpacked: count=8 operations=[170, 177, 31, 169, 195, 9, 21, 243]","@module":"flavor::psp::format_2025::operations","@pid":6368,"@timestamp":"2026-03-31T20:27:12.495880Z"}
{"@file":"src/psp/format_2025/operations.rs","@level":"debug","@line":37,"@message":"✅ Operations packed: result=136130266992415","@module":"flavor::psp::format_2025::operations","@pid":6368,"@timestamp":"2026-03-31T20:27:12.495885Z"}
{"@file":"src/psp/format_2025/operations.rs","@level":"debug","@line":37,"@message":"✅ Operations packed: result=14887502313979741578","@module":"flavor::psp::format_2025::operations","@pid":6368,"@timestamp":"2026-03-31T20:27:12.495886Z"}
{"@file":"src/psp/format_2025/operations.rs","@level":"debug","@line":37,"@message":"✅ Operations packed: result=33777","@module":"flavor::psp::format_2025::operations","@pid":6368,"@timestamp":"2026-03-31T20:27:12.495930Z"}
{"@file":"src/psp/format_2025/operations.rs","@level":"debug","@line":37,"@message":"✅ Operations packed: result=14825518","@module":"flavor::psp::format_2025::operations","@pid":6368,"@timestamp":"2026-03-31T20:27:12.495950Z"}
{"@file":"src/psp/format_2025/operations.rs","@level":"debug","@line":60,"@message":"✅ Operations unpacked: count=2 operations=[241, 131]","@module":"flavor::psp::format_2025::operations","@pid":6368,"@timestamp":"2026-03-31T20:27:12.495964Z"}
{"@file":"src/psp/format_2025/operations.rs","@level":"debug","@line":60,"@message":"✅ Operations unpacked: count=8 operations=[138, 133, 145, 41, 122, 8, 155, 206]","@module":"flavor::psp::format_2025::operations","@pid":6368,"@timestamp":"2026-03-31T20:27:12.495934Z"}
{"@file":"src/psp/format_2025/operations.rs","@level":"debug","@line":37,"@message":"✅ Operations packed: result=44731","@module":"flavor::psp::format_2025::operations","@pid":6368,"@timestamp":"2026-03-31T20:27:12.496012Z"}
{"@file":"src/psp/format_2025/operations.rs","@level":"debug","@line":37,"@message":"✅ Operations packed: result=3212183449","@module":"flavor::psp::format_2025::operations","@pid":6368,"@timestamp":"2026-03-31T20:27:12.496026Z"}
{"@file":"src/psp/format_2025/operations.rs","@level":"debug","@line":60,"@message":"✅ Operations unpacked: count=8 operations=[171, 93, 108, 190, 51, 47, 70, 68]","@module":"flavor::psp::format_2025::operations","@pid":6368,"@timestamp":"2026-03-31T20:27:12.496037Z"}
{"@file":"src/psp/format_2025/operations.rs","@level":"debug","@line":37,"@message":"✅ Operations packed: result=37869668784448372","@module":"flavor::psp::format_2025::operations","@pid":6368,"@timestamp":"2026-03-31T20:27:12.496072Z"}
{"@file":"src/psp/format_2025/operations.rs","@level":"debug","@line":37,"@message":"✅ Operations packed: result=4919671542233456043","@module":"flavor::psp::format_2025::operations","@pid":6368,"@timestamp":"2026-03-31T20:27:12.496083Z"}
{"@file":"src/psp/format_2025/operations.rs","@level":"debug","@line":60,"@message":"✅ Operations unpacked: count=4 operations=[153, 7, 118, 191]","@module":"flavor::psp::format_2025::operations","@pid":6368,"@timestamp":"2026-03-31T20:27:12.496058Z"}
{"@file":"src/psp/format_2025/operations.rs","@level":"debug","@line":60,"@message":"✅ Operations unpacked: count=8 operations=[171, 93, 108, 190, 51, 47, 70, 68]","@module":"flavor::psp::format_2025::operations","@pid":6368,"@timestamp":"2026-03-31T20:27:12.496120Z"}
{"@file":"src/psp/format_2025/operations.rs","@level":"debug","@line":37,"@message":"✅ Operations packed: result=10769099","@module":"flavor::psp::format_2025::operations","@pid":6368,"@timestamp":"2026-03-31T20:27:12.496132Z"}
{"@file":"src/psp/format_2025/operations.rs","@level":"debug","@line":60,"@message":"✅ Operations unpacked: count=8 operations=[168, 210, 177, 120, 201, 200, 38, 118]","@module":"flavor::psp::format_2025::operations","@pid":6368,"@timestamp":"2026-03-31T20:27:12.496174Z"}
{"@file":"src/psp/format_2025/operations.rs","@level":"debug","@line":37,"@message":"✅ Operations packed: result=207","@module":"flavor::psp::format_2025::operations","@pid":6368,"@timestamp":"2026-03-31T20:27:12.496192Z"}
{"@file":"src/psp/format_2025/operations.rs","@level":"debug","@line":37,"@message":"✅ Operations packed: result=8513712913229402792","@module":"flavor::psp::format_2025::operations","@pid":6368,"@timestamp":"2026-03-31T20:27:12.496207Z"}
{"@file":"src/psp/format_2025/operations.rs","@level":"debug","@line":37,"@message":"✅ Operations packed: result=5056769150728448164","@module":"flavor::psp::format_2025::operations","@pid":6368,"@timestamp":"2026-03-31T20:27:12.496170Z"}
{"@file":"src/psp/format_2025/operations.rs","@level":"debug","@line":60,"@message":"✅ Operations unpacked: count=8 operations=[168, 210, 177, 120, 201, 200, 38, 118]","@module":"flavor::psp::format_2025::operations","@pid":6368,"@timestamp":"2026-03-31T20:27:12.496239Z"}
{"@file":"src/psp/format_2025/operations.rs","@level":"debug","@line":60,"@message":"✅ Operations unpacked: count=8 operations=[164, 168, 82, 44, 192, 64, 45, 70]","@module":"flavor::psp::format_2025::operations","@pid":6368,"@timestamp":"2026-03-31T20:27:12.496253Z"}
{"@file":"src/psp/format_2025/operations.rs","@level":"debug","@line":37,"@message":"✅ Operations packed: result=1742582","@module":"flavor::psp::format_2025::operations","@pid":6368,"@timestamp":"2026-03-31T20:27:12.496253Z"}
{"@file":"src/psp/format_2025/operations.rs","@level":"debug","@line":60,"@message":"✅ Operations unpacked: count=8 operations=[13, 174, 224, 248, 103, 181, 113, 64]","@module":"flavor::psp::format_2025::operations","@pid":6368,"@timestamp":"2026-03-31T20:27:12.496291Z"}
{"@file":"src/psp/format_2025/operations.rs","@level":"debug","@line":37,"@message":"✅ Operations packed: result=60486342366332663","@module":"flavor::psp::format_2025::operations","@pid":6368,"@timestamp":"2026-03-31T20:27:12.496317Z"}
{"@file":"src/psp/format_2025/operations.rs","@level":"debug","@line":37,"@message":"✅ Operations packed: result=3562014","@module":"flavor::psp::format_2025::operations","@pid":6368,"@timestamp":"2026-03-31T20:27:12.496327Z"}
{"@file":"src/psp/format_2025/operations.rs","@level":"debug","@line":37,"@message":"✅ Operations packed: result=4643692148957425165","@module":"flavor::psp::format_2025::operations","@pid":6368,"@timestamp":"2026-03-31T20:27:12.496320Z"}
{"@file":"src/psp/format_2025/operations.rs","@level":"debug","@line":60,"@message":"✅ Operations unpacked: count=7 operations=[247, 6, 130, 6, 2, 228, 214]","@module":"flavor::psp::format_2025::operations","@pid":6368,"@timestamp":"2026-03-31T20:27:12.496347Z"}
{"@file":"src/psp/format_2025/operations.rs","@level":"debug","@line":60,"@message":"✅ Operations unpacked: count=8 operations=[13, 174, 224, 248, 103, 181, 113, 64]","@module":"flavor::psp::format_2025::operations","@pid":6368,"@timestamp":"2026-03-31T20:27:12.496360Z"}
{"@file":"src/psp/format_2025/operations.rs","@level":"debug","@line":37,"@message":"✅ Operations packed: result=15","@module":"flavor::psp::format_2025::operations","@pid":6368,"@timestamp":"2026-03-31T20:27:12.496392Z"}
{"@file":"src/psp/format_2025/operations.rs","@level":"debug","@line":60,"@message":"✅ Operations unpacked: count=8 operations=[24, 101, 10, 216, 46, 1, 173, 183]","@module":"flavor::psp::format_2025::operations","@pid":6368,"@timestamp":"2026-03-31T20:27:12.496411Z"}
{"@file":"src/psp/format_2025/operations.rs","@level":"debug","@line":37,"@message":"✅ Operations packed: result=16314184","@module":"flavor::psp::format_2025::operations","@pid":6368,"@timestamp":"2026-03-31T20:27:12.496396Z"}
{"@file":"src/psp/format_2025/operations.rs","@level":"debug","@line":37,"@message":"✅ Operations packed: result=13235236180616439064","@module":"flavor::psp::format_2025::operations","@pid":6368,"@timestamp":"2026-03-31T20:27:12.496439Z"}
{"@file":"src/psp/format_2025/operations.rs","@level":"debug","@line":37,"@message":"✅ Operations packed: result=2209429467856534322","@module":"flavor::psp::format_2025::operations","@pid":6368,"@timestamp":"2026-03-31T20:27:12.496453Z"}
{"@file":"src/psp/format_2025/operations.rs","@level":"debug","@line":60,"@message":"✅ Operations unpacked: count=3 operations=[72, 239, 248]","@module":"flavor::psp::format_2025::operations","@pid":6368,"@timestamp":"2026-03-31T20:27:12.496455Z"}
{"@file":"src/psp/format_2025/operations.rs","@level":"debug","@line":60,"@message":"✅ Operations unpacked: count=8 operations=[24, 101, 10, 216, 46, 1, 173, 183]","@module":"flavor::psp::format_2025::operations","@pid":6368,"@timestamp":"2026-03-31T20:27:12.496463Z"}
{"@file":"src/psp/format_2025/operations.rs","@level":"debug","@line":37,"@message":"✅ Operations packed: result=15608","@module":"flavor::psp::format_2025::operations","@pid":6368,"@timestamp":"2026-03-31T20:27:12.496512Z"}
{"@file":"src/psp/format_2025/operations.rs","@level":"debug","@line":37,"@message":"✅ Operations packed: result=1037482394150","@module":"flavor::psp::format_2025::operations","@pid":6368,"@timestamp":"2026-03-31T20:27:12.496527Z"}
{"@file":"src/psp/format_2025/operations.rs","@level":"debug","@line":60,"@message":"✅ Operations unpacked: count=8 operations=[134, 98, 54, 183, 181, 220, 124, 166]","@module":"flavor::psp::format_2025::operations","@pid":6368,"@timestamp":"2026-03-31T20:27:12.496534Z"}
{"@file":"src/psp/format_2025/operations.rs","@level":"debug","@line":60,"@message":"✅ Operations unpacked: count=5 operations=[38, 2, 197, 142, 241]","@module":"flavor::psp::format_2025::operations","@pid":6368,"@timestamp":"2026-03-31T20:27:12.496548Z"}
{"@file":"src/psp/format_2025/operations.rs","@level":"debug","@line":37,"@message":"✅ Operations packed: result=11996706180429144710","@module":"flavor::psp::format_2025::operations","@pid":6368,"@timestamp":"2026-03-31T20:27:12.496556Z"}
{"@file":"src/psp/format_2025/operations.rs","@level":"debug","@line":37,"@message":"✅ Operations packed: result=207","@module":"flavor::psp::format_2025::operations","@pid":6368,"@timestamp":"2026-03-31T20:27:12.496561Z"}
{"@file":"src/psp/format_2025/operations.rs","@level":"debug","@line":60,"@message":"✅ Operations unpacked: count=8 operations=[134, 98, 54, 183, 181, 220, 124, 166]","@module":"flavor::psp::format_2025::operations","@pid":6368,"@timestamp":"2026-03-31T20:27:12.496577Z"}
{"@file":"src/psp/format_2025/operations.rs","@level":"debug","@line":37,"@message":"✅ Operations packed: result=1833464329","@module":"flavor::psp::format_2025::operations","@pid":6368,"@timestamp":"2026-03-31T20:27:12.496599Z"}
{"@file":"src/psp/format_2025/operations.rs","@level":"debug","@line":60,"@message":"✅ Operations unpacked: count=4 operations=[9, 114, 72, 109]","@module":"flavor::psp::format_2025::operations","@pid":6368,"@timestamp":"2026-03-31T20:27:12.496624Z"}
{"@file":"src/psp/format_2025/operations.rs","@level":"debug","@line":37,"@message":"✅ Operations packed: result=573052","@module":"flavor::psp::format_2025::operations","@pid":6368,"@timestamp":"2026-03-31T20:27:12.496631Z"}
{"@file":"src/psp/format_2025/operations.rs","@level":"debug","@line":60,"@message":"✅ Operations unpacked: count=8 operations=[31, 81, 193, 103, 185, 119, 95, 220]","@module":"flavor::psp::format_2025::operations","@pid":6368,"@timestamp":"2026-03-31T20:27:12.496640Z"}
{"@file":"src/psp/format_2025/operations.rs","@level":"debug","@line":37,"@message":"✅ Operations packed: result=15879542449325035807","@module":"flavor::psp::format_2025::operations","@pid":6368,"@timestamp":"2026-03-31T20:27:12.496667Z"}
{"@file":"src/psp/format_2025/operations.rs","@level":"debug","@line":37,"@message":"✅ Operations packed: result=0","@module":"flavor::psp::format_2025::operations","@pid":6368,"@timestamp":"2026-03-31T20:27:12.496672Z"}
{"@file":"src/psp/format_2025/operations.rs","@level":"debug","@line":60,"@message":"✅ Operations unpacked: count=8 operations=[31, 81, 193, 103, 185, 119, 95, 220]","@module":"flavor::psp::format_2025::operations","@pid":6368,"@timestamp":"2026-03-31T20:27:12.496686Z"}
{"@file":"src/psp/format_2025/operations.rs","@level":"debug","@line":37,"@message":"✅ Operations packed: result=45575646847520219","@module":"flavor::psp::format_2025::operations","@pid":6368,"@timestamp":"2026-03-31T20:27:12.496689Z"}
{"@file":"src/psp/format_2025/operations.rs","@level":"debug","@line":60,"@message":"✅ Operations unpacked: count=0 operations=[]","@module":"flavor::psp::format_2025::operations","@pid":6368,"@timestamp":"2026-03-31T20:27:12.496701Z"}
{"@file":"src/psp/format_2025/operations.rs","@level":"debug","@line":60,"@message":"✅ Operations unpacked: count=8 operations=[82, 66, 177, 114, 224, 208, 22, 71]","@module":"flavor::psp::format_2025::operations","@pid":6368,"@timestamp":"2026-03-31T20:27:12.496743Z"}
{"@file":"src/psp/format_2025/operations.rs","@level":"debug","@line":37,"@message":"✅ Operations packed: result=16041903124271924356","@module":"flavor::psp::format_2025::operations","@pid":6368,"@timestamp":"2026-03-31T20:27:12.496754Z"}
{"@file":"src/psp/format_2025/operations.rs","@level":"debug","@line":37,"@message":"✅ Operations packed: result=184982134121015","@module":"flavor::psp::format_2025::operations","@pid":6368,"@timestamp":"2026-03-31T20:27:12.496767Z"}
{"@file":"src/psp/format_2025/operations.rs","@level":"debug","@line":37,"@message":"✅ Operations packed: result=5122511288595989074","@module":"flavor::psp::format_2025::operations","@pid":6368,"@timestamp":"2026-03-31T20:27:12.496771Z"}
{"@file":"src/psp/format_2025/operations.rs","@level":"debug","@line":60,"@message":"✅ Operations unpacked: count=6 operations=[55, 226, 100, 130, 61, 168]","@module":"flavor::psp::format_2025::operations","@pid":6368,"@timestamp":"2026-03-31T20:27:12.496800Z"}
{"@file":"src/psp/format_2025/operations.rs","@level":"debug","@line":37,"@message":"✅ Operations packed: result=265364403301113","@module":"flavor::psp::format_2025::operations","@pid":6368,"@timestamp":"2026-03-31T20:27:12.496811Z"}
{"@file":"src/psp/format_2025/operations.rs","@level":"debug","@line":60,"@message":"✅ Operations unpacked: count=8 operations=[82, 66, 177, 114, 224, 208, 22, 71]","@module":"flavor::psp::format_2025::operations","@pid":6368,"@timestamp":"2026-03-31T20:27:12.496814Z"}
{"@file":"src/psp/format_2025/operations.rs","@level":"debug","@line":37,"@message":"✅ Operations packed: result=0","@module":"flavor::psp::format_2025::operations","@pid":6368,"@timestamp":"2026-03-31T20:27:12.496856Z"}
{"@file":"src/psp/format_2025/operations.rs","@level":"debug","@line":37,"@message":"✅ Operations packed: result=2460417764","@module":"flavor::psp::format_2025::operations","@pid":6368,"@timestamp":"2026-03-31T20:27:12.496873Z"}
{"@file":"src/psp/format_2025/operations.rs","@level":"debug","@line":60,"@message":"✅ Operations unpacked: count=8 operations=[224, 209, 228, 89, 185, 202, 112, 218]","@module":"flavor::psp::format_2025::operations","@pid":6368,"@timestamp":"2026-03-31T20:27:12.496875Z"}
{"@file":"src/psp/format_2025/operations.rs","@level":"debug","@line":60,"@message":"✅ Operations unpacked: count=0 operations=[]","@module":"flavor::psp::format_2025::operations","@pid":6368,"@timestamp":"2026-03-31T20:27:12.496881Z"}
{"@file":"src/psp/format_2025/operations.rs","@level":"debug","@line":37,"@message":"✅ Operations packed: result=15740303595085812192","@module":"flavor::psp::format_2025::operations","@pid":6368,"@timestamp":"2026-03-31T20:27:12.496913Z"}
{"@file":"src/psp/format_2025/operations.rs","@level":"debug","@line":37,"@message":"✅ Operations packed: result=115","@module":"flavor::psp::format_2025::operations","@pid":6368,"@timestamp":"2026-03-31T20:27:12.496931Z"}
{"@file":"src/psp/format_2025/operations.rs","@level":"debug","@line":60,"@message":"✅ Operations unpacked: count=8 operations=[224, 209, 228, 89, 185, 202, 112, 218]","@module":"flavor::psp::format_2025::operations","@pid":6368,"@timestamp":"2026-03-31T20:27:12.496938Z"}
{"@file":"src/psp/format_2025/operations.rs","@level":"debug","@line":37,"@message":"✅ Operations packed: result=33791","@module":"flavor::psp::format_2025::operations","@pid":6368,"@timestamp":"2026-03-31T20:27:12.496952Z"}
{"@file":"src/psp/format_2025/operations.rs","@level":"debug","@line":60,"@message":"✅ Operations unpacked: count=2 operations=[255, 131]","@module":"flavor::psp::format_2025::operations","@pid":6368,"@timestamp":"2026-03-31T20:27:12.496979Z"}
{"@file":"src/psp/format_2025/operations.rs","@level":"debug","@line":37,"@message":"✅ Operations packed: result=65060477492522072","@module":"flavor::psp::format_2025::operations","@pid":6368,"@timestamp":"2026-03-31T20:27:12.496981Z"}
{"@file":"src/psp/format_2025/operations.rs","@level":"debug","@line":60,"@message":"✅ Operations unpacked: count=8 operations=[199, 10, 80, 38, 34, 66, 16, 74]","@module":"flavor::psp::format_2025::operations","@pid":6368,"@timestamp":"2026-03-31T20:27:12.496985Z"}
{"@file":"src/psp/format_2025/operations.rs","@level":"debug","@line":37,"@message":"✅ Operations packed: result=5336838272873138887","@module":"flavor::psp::format_2025::operations","@pid":6368,"@timestamp":"2026-03-31T20:27:12.497017Z"}
{"@file":"src/psp/format_2025/operations.rs","@level":"debug","@line":37,"@message":"✅ Operations packed: result=192275736398863","@module":"flavor::psp::format_2025::operations","@pid":6368,"@timestamp":"2026-03-31T20:27:12.497026Z"}
{"@file":"src/psp/format_2025/operations.rs","@level":"debug","@line":37,"@message":"✅ Operations packed: result=39038082892279356","@module":"flavor::psp::format_2025::operations","@pid":6368,"@timestamp":"2026-03-31T20:27:12.497039Z"}
{"@file":"src/psp/format_2025/operations.rs","@level":"debug","@line":60,"@message":"✅ Operations unpacked: count=8 operations=[199, 10, 80, 38, 34, 66, 16, 74]","@module":"flavor::psp::format_2025::operations","@pid":6368,"@timestamp":"2026-03-31T20:27:12.497035Z"}
{"@file":"src/psp/format_2025/operations.rs","@level":"debug","@line":60,"@message":"✅ Operations unpacked: count=6 operations=[15, 140, 247, 174, 223, 174]","@module":"flavor::psp::format_2025::operations","@pid":6368,"@timestamp":"2026-03-31T20:27:12.497057Z"}
{"@file":"src/psp/format_2025/operations.rs","@level":"debug","@line":37,"@message":"✅ Operations packed: result=46712","@module":"flavor::psp::format_2025::operations","@pid":6368,"@timestamp":"2026-03-31T20:27:12.497092Z"}
{"@file":"src/psp/format_2025/operations.rs","@level":"debug","@line":60,"@message":"✅ Operations unpacked: count=8 operations=[185, 12, 102, 25, 19, 133, 236, 100]","@module":"flavor::psp::format_2025::operations","@pid":6368,"@timestamp":"2026-03-31T20:27:12.497097Z"}
{"@file":"src/psp/format_2025/operations.rs","@level":"debug","@line":37,"@message":"✅ Operations packed: result=66496112280986","@module":"flavor::psp::format_2025::operations","@pid":6368,"@timestamp":"2026-03-31T20:27:12.497111Z"}
{"@file":"src/psp/format_2025/operations.rs","@level":"debug","@line":37,"@message":"✅ Operations packed: result=7272333815373499577","@module":"flavor::psp::format_2025::operations","@pid":6368,"@timestamp":"2026-03-31T20:27:12.497126Z"}
{"@file":"src/psp/format_2025/operations.rs","@level":"debug","@line":60,"@message":"✅ Operations unpacked: count=6 operations=[154, 197, 38, 85, 122, 60]","@module":"flavor::psp::format_2025::operations","@pid":6368,"@timestamp":"2026-03-31T20:27:12.497138Z"}
{"@file":"src/psp/format_2025/operations.rs","@level":"debug","@line":37,"@message":"✅ Operations packed: result=2170693939118213585","@module":"flavor::psp::format_2025::operations","@pid":6368,"@timestamp":"2026-03-31T20:27:12.497149Z"}
{"@file":"src/psp/format_2025/operations.rs","@level":"debug","@line":60,"@message":"✅ Operations unpacked: count=8 operations=[185, 12, 102, 25, 19, 133, 236, 100]","@module":"flavor::psp::format_2025::operations","@pid":6368,"@timestamp":"2026-03-31T20:27:12.497151Z"}
{"@file":"src/psp/format_2025/operations.rs","@level":"debug","@line":37,"@message":"✅ Operations packed: result=253121016982689","@module":"flavor::psp::format_2025::operations","@pid":6368,"@timestamp":"2026-03-31T20:27:12.497194Z"}
{"@file":"src/psp/format_2025/operations.rs","@level":"debug","@line":37,"@message":"✅ Operations packed: result=208","@module":"flavor::psp::format_2025::operations","@pid":6368,"@timestamp":"2026-03-31T20:27:12.497204Z"}
{"@file":"src/psp/format_2025/operations.rs","@level":"debug","@line":60,"@message":"✅ Operations unpacked: count=8 operations=[111, 219, 239, 183, 207, 227, 86, 20]","@module":"flavor::psp::format_2025::operations","@pid":6368,"@timestamp":"2026-03-31T20:27:12.497210Z"}
{"@file":"src/psp/format_2025/operations.rs","@level":"debug","@line":60,"@message":"✅ Operations unpacked: count=6 operations=[161, 108, 77, 84, 54, 230]","@module":"flavor::psp::format_2025::operations","@pid":6368,"@timestamp":"2026-03-31T20:27:12.497220Z"}
{"@file":"src/psp/format_2025/operations.rs","@level":"debug","@line":37,"@message":"✅ Operations packed: result=1465609210039360367","@module":"flavor::psp::format_2025::operations","@pid":6368,"@timestamp":"2026-03-31T20:27:12.497245Z"}
{"@file":"src/psp/format_2025/operations.rs","@level":"debug","@line":37,"@message":"✅ Operations packed: result=39181","@module":"flavor::psp::format_2025::operations","@pid":6368,"@timestamp":"2026-03-31T20:27:12.497268Z"}
{"@file":"src/psp/format_2025/operations.rs","@level":"debug","@line":60,"@message":"✅ Operations unpacked: count=8 operations=[111, 219, 239, 183, 207, 227, 86, 20]","@module":"flavor::psp::format_2025::operations","@pid":6368,"@timestamp":"2026-03-31T20:27:12.497269Z"}
{"@file":"src/psp/format_2025/operations.rs","@level":"debug","@line":37,"@message":"✅ Operations packed: result=0","@module":"flavor::psp::format_2025::operations","@pid":6368,"@timestamp":"2026-03-31T20:27:12.497284Z"}
{"@file":"src/psp/format_2025/operations.rs","@level":"debug","@line":60,"@message":"✅ Operations unpacked: count=0 operations=[]","@module":"flavor::psp::format_2025::operations","@pid":6368,"@timestamp":"2026-03-31T20:27:12.497314Z"}
{"@file":"src/psp/format_2025/operations.rs","@level":"debug","@line":37,"@message":"✅ Operations packed: result=1182","@module":"flavor::psp::format_2025::operations","@pid":6368,"@timestamp":"2026-03-31T20:27:12.497316Z"}
{"@file":"src/psp/format_2025/operations.rs","@level":"debug","@line":60,"@message":"✅ Operations unpacked: count=8 operations=[50, 240, 150, 151, 166, 208, 19, 156]","@module":"flavor::psp::format_2025::operations","@pid":6368,"@timestamp":"2026-03-31T20:27:12.497321Z"}
{"@file":"src/psp/format_2025/operations.rs","@level":"debug","@line":37,"@message":"✅ Operations packed: result=11246562108400660530","@module":"flavor::psp::format_2025::operations","@pid":6368,"@timestamp":"2026-03-31T20:27:12.497350Z"}
{"@file":"src/psp/format_2025/operations.rs","@level":"debug","@line":37,"@message":"✅ Operations packed: result=5651649","@module":"flavor::psp::format_2025::operations","@pid":6368,"@timestamp":"2026-03-31T20:27:12.497362Z"}
{"@file":"src/psp/format_2025/operations.rs","@level":"debug","@line":60,"@message":"✅ Operations unpacked: count=8 operations=[50, 240, 150, 151, 166, 208, 19, 156]","@module":"flavor::psp::format_2025::operations","@pid":6368,"@timestamp":"2026-03-31T20:27:12.497369Z"}
{"@file":"src/psp/format_2025/operations.rs","@level":"debug","@line":37,"@message":"✅ Operations packed: result=0","@module":"flavor::psp::format_2025::operations","@pid":6368,"@timestamp":"2026-03-31T20:27:12.497372Z"}
{"@file":"src/psp/format_2025/operations.rs","@level":"debug","@line":60,"@message":"✅ Operations unpacked: count=3 operations=[193, 60, 86]","@module":"flavor::psp::format_2025::operations","@pid":6368,"@timestamp":"2026-03-31T20:27:12.497393Z"}
{"@file":"src/psp/format_2025/operations.rs","@level":"debug","@line":60,"@message":"✅ Operations unpacked: count=8 operations=[134, 213, 24, 158, 85, 30, 195, 181]","@module":"flavor::psp::format_2025::operations","@pid":6368,"@timestamp":"2026-03-31T20:27:12.497434Z"}
{"@file":"src/psp/format_2025/operations.rs","@level":"debug","@line":37,"@message":"✅ Operations packed: result=37507144517136460","@module":"flavor::psp::format_2025::operations","@pid":6368,"@timestamp":"2026-03-31T20:27:12.497444Z"}
{"@file":"src/psp/format_2025/operations.rs","@level":"debug","@line":37,"@message":"✅ Operations packed: result=13097345494397015430","@module":"flavor::psp::format_2025::operations","@pid":6368,"@timestamp":"2026-03-31T20:27:12.497455Z"}
{"@file":"src/psp/format_2025/operations.rs","@level":"debug","@line":37,"@message":"✅ Operations packed: result=195","@module":"flavor::psp::format_2025::operations","@pid":6368,"@timestamp":"2026-03-31T20:27:12.497457Z"}
{"@file":"src/psp/format_2025/operations.rs","@level":"debug","@line":60,"@message":"✅ Operations unpacked: count=1 operations=[195]","@module":"flavor::psp::format_2025::operations","@pid":6368,"@timestamp":"2026-03-31T20:27:12.497482Z"}
{"@file":"src/psp/format_2025/operations.rs","@level":"debug","@line":60,"@message":"✅ Operations unpacked: count=8 operations=[134, 213, 24, 158, 85, 30, 195, 181]","@module":"flavor::psp::format_2025::operations","@pid":6368,"@timestamp":"2026-03-31T20:27:12.497474Z"}
{"@file":"src/psp/format_2025/operations.rs","@level":"debug","@line":37,"@message":"✅ Operations packed: result=2157778926398273893","@module":"flavor::psp::format_2025::operations","@pid":6368,"@timestamp":"2026-03-31T20:27:12.497501Z"}
{"@file":"src/psp/format_2025/operations.rs","@level":"debug","@line":37,"@message":"✅ Operations packed: result=214260977101","@module":"flavor::psp::format_2025::operations","@pid":6368,"@timestamp":"2026-03-31T20:27:12.497528Z"}
{"@file":"src/psp/format_2025/operations.rs","@level":"debug","@line":60,"@message":"✅ Operations unpacked: count=8 operations=[182, 105, 39, 49, 230, 217, 207, 173]","@module":"flavor::psp::format_2025::operations","@pid":6368,"@timestamp":"2026-03-31T20:27:12.497538Z"}
{"@file":"src/psp/format_2025/operations.rs","@level":"debug","@line":37,"@message":"✅ Operations packed: result=10757","@module":"flavor::psp::format_2025::operations","@pid":6368,"@timestamp":"2026-03-31T20:27:12.497553Z"}
{"@file":"src/psp/format_2025/operations.rs","@level":"debug","@line":60,"@message":"✅ Operations unpacked: count=5 operations=[205, 13, 243, 226, 49]","@module":"flavor::psp::format_2025::operations","@pid":6368,"@timestamp":"2026-03-31T20:27:12.497548Z"}
{"@file":"src/psp/format_2025/operations.rs","@level":"debug","@line":37,"@message":"✅ Operations packed: result=12524468671431010742","@module":"flavor::psp::format_2025::operations","@pid":6368,"@timestamp":"2026-03-31T20:27:12.497571Z"}
{"@file":"src/psp/format_2025/operations.rs","@level":"debug","@line":60,"@message":"✅ Operations unpacked: count=8 operations=[182, 105, 39, 49, 230, 217, 207, 173]","@module":"flavor::psp::format_2025::operations","@pid":6368,"@timestamp":"2026-03-31T20:27:12.497609Z"}
{"@file":"src/psp/format_2025/operations.rs","@level":"debug","@line":37,"@message":"✅ Operations packed: result=56","@module":"flavor::psp::format_2025::operations","@pid":6368,"@timestamp":"2026-03-31T20:27:12.497606Z"}
{"@file":"src/psp/format_2025/operations.rs","@level":"debug","@line":37,"@message":"✅ Operations packed: result=13852060","@module":"flavor::psp::format_2025::operations","@pid":6368,"@timestamp":"2026-03-31T20:27:12.497626Z"}
{"@file":"src/psp/format_2025/operations.rs","@level":"debug","@line":60,"@message":"✅ Operations unpacked: count=3 operations=[156, 93, 211]","@module":"flavor::psp::format_2025::operations","@pid":6368,"@timestamp":"2026-03-31T20:27:12.497650Z"}
{"@file":"src/psp/format_2025/operations.rs","@level":"debug","@line":60,"@message":"✅ Operations unpacked: count=8 operations=[23, 192, 138, 30, 138, 80, 229, 200]","@module":"flavor::psp::format_2025::operations","@pid":6368,"@timestamp":"2026-03-31T20:27:12.497659Z"}
{"@file":"src/psp/format_2025/operations.rs","@level":"debug","@line":37,"@message":"✅ Operations packed: result=3489167","@module":"flavor::psp::format_2025::operations","@pid":6368,"@timestamp":"2026-03-31T20:27:12.497673Z"}
{"@file":"src/psp/format_2025/operations.rs","@level":"debug","@line":37,"@message":"✅ Operations packed: result=14476065131400445975","@module":"flavor::psp::format_2025::operations","@pid":6368,"@timestamp":"2026-03-31T20:27:12.497687Z"}
{"@file":"src/psp/format_2025/operations.rs","@level":"debug","@line":37,"@message":"✅ Operations packed: result=684659680124","@module":"flavor::psp::format_2025::operations","@pid":6368,"@timestamp":"2026-03-31T20:27:12.497697Z"}
{"@file":"src/psp/format_2025/operations.rs","@level":"debug","@line":60,"@message":"✅ Operations unpacked: count=8 operations=[23, 192, 138, 30, 138, 80, 229, 200]","@module":"flavor::psp::format_2025::operations","@pid":6368,"@timestamp":"2026-03-31T20:27:12.497753Z"}
{"@file":"src/psp/format_2025/operations.rs","@level":"debug","@line":60,"@message":"✅ Operations unpacked: count=5 operations=[124, 163, 229, 104, 159]","@module":"flavor::psp::format_2025::operations","@pid":6368,"@timestamp":"2026-03-31T20:27:12.497769Z"}
{"@file":"src/psp/format_2025/operations.rs","@level":"debug","@line":37,"@message":"✅ Operations packed: result=1429538078","@module":"flavor::psp::format_2025::operations","@pid":6368,"@timestamp":"2026-03-31T20:27:12.497728Z"}
{"@file":"src/psp/format_2025/operations.rs","@level":"debug","@line":60,"@message":"✅ Operations unpacked: count=8 operations=[87, 104, 133, 124, 234, 43, 197, 12]","@module":"flavor::psp::format_2025::operations","@pid":6368,"@timestamp":"2026-03-31T20:27:12.497812Z"}
{"@file":"src/psp/format_2025/operations.rs","@level":"debug","@line":37,"@message":"✅ Operations packed: result=2073809527","@module":"flavor::psp::format_2025::operations","@pid":6368,"@timestamp":"2026-03-31T20:27:12.497825Z"}
{"@file":"src/psp/format_2025/operations.rs","@level":"debug","@line":37,"@message":"✅ Operations packed: result=920189984978593879","@module":"flavor::psp::format_2025::operations","@pid":6368,"@timestamp":"2026-03-31T20:27:12.497835Z"}
{"@file":"src/psp/format_2025/operations.rs","@level":"debug","@line":37,"@message":"✅ Operations packed: result=47602564378085400","@module":"flavor::psp::format_2025::operations","@pid":6368,"@timestamp":"2026-03-31T20:27:12.497841Z"}
{"@file":"src/psp/format_2025/operations.rs","@level":"debug","@line":60,"@message":"✅ Operations unpacked: count=4 operations=[119, 210, 155, 123]","@module":"flavor::psp::format_2025::operations","@pid":6368,"@timestamp":"2026-03-31T20:27:12.497852Z"}
{"@file":"src/psp/format_2025/operations.rs","@level":"debug","@line":60,"@message":"✅ Operations unpacked: count=8 operations=[87, 104, 133, 124, 234, 43, 197, 12]","@module":"flavor::psp::format_2025::operations","@pid":6368,"@timestamp":"2026-03-31T20:27:12.497861Z"}
{"@file":"src/psp/format_2025/operations.rs","@level":"debug","@line":37,"@message":"✅ Operations packed: result=843503845036","@module":"flavor::psp::format_2025::operations","@pid":6368,"@timestamp":"2026-03-31T20:27:12.497894Z"}
{"@file":"src/psp/format_2025/operations.rs","@level":"debug","@line":37,"@message":"✅ Operations packed: result=2411422361","@module":"flavor::psp::format_2025::operations","@pid":6368,"@timestamp":"2026-03-31T20:27:12.497907Z"}
{"@file":"src/psp/format_2025/operations.rs","@level":"debug","@line":60,"@message":"✅ Operations unpacked: count=8 operations=[194, 54, 36, 76, 13, 23, 1, 125]","@module":"flavor::psp::format_2025::operations","@pid":6368,"@timestamp":"2026-03-31T20:27:12.497913Z"}
{"@file":"src/psp/format_2025/operations.rs","@level":"debug","@line":60,"@message":"✅ Operations unpacked: count=4 operations=[153, 98, 187, 143]","@module":"flavor::psp::format_2025::operations","@pid":6368,"@timestamp":"2026-03-31T20:27:12.497938Z"}
{"@file":"src/psp/format_2025/operations.rs","@level":"debug","@line":37,"@message":"✅ Operations packed: result=9007506075597158082","@module":"flavor::psp::format_2025::operations","@pid":6368,"@timestamp":"2026-03-31T20:27:12.497950Z"}
{"@file":"src/psp/format_2025/operations.rs","@level":"debug","@line":37,"@message":"✅ Operations packed: result=837733862053","@module":"flavor::psp::format_2025::operations","@pid":6368,"@timestamp":"2026-03-31T20:27:12.497942Z"}
{"@file":"src/psp/format_2025/operations.rs","@level":"debug","@line":60,"@message":"✅ Operations unpacked: count=8 operations=[194, 54, 36, 76, 13, 23, 1, 125]","@module":"flavor::psp::format_2025::operations","@pid":6368,"@timestamp":"2026-03-31T20:27:12.497975Z"}
{"@file":"src/psp/format_2025/operations.rs","@level":"debug","@line":37,"@message":"✅ Operations packed: result=187628155002","@module":"flavor::psp::format_2025::operations","@pid":6368,"@timestamp":"2026-03-31T20:27:12.497997Z"}
{"@file":"src/psp/format_2025/operations.rs","@level":"debug","@line":37,"@message":"✅ Operations packed: result=5273113","@module":"flavor::psp::format_2025::operations","@pid":6368,"@timestamp":"2026-03-31T20:27:12.498008Z"}
{"@file":"src/psp/format_2025/operations.rs","@level":"debug","@line":60,"@message":"✅ Operations unpacked: count=8 operations=[127, 110, 233, 174, 42, 220, 157, 245]","@module":"flavor::psp::format_2025::operations","@pid":6368,"@timestamp":"2026-03-31T20:27:12.498022Z"}
{"@file":"src/psp/format_2025/operations.rs","@level":"debug","@line":60,"@message":"✅ Operations unpacked: count=5 operations=[122, 112, 130, 175, 43]","@module":"flavor::psp::format_2025::operations","@pid":6368,"@timestamp":"2026-03-31T20:27:12.498024Z"}
{"@file":"src/psp/format_2025/operations.rs","@level":"debug","@line":37,"@message":"✅ Operations packed: result=17698544186517188223","@module":"flavor::psp::format_2025::operations","@pid":6368,"@timestamp":"2026-03-31T20:27:12.498049Z"}
{"@file":"src/psp/format_2025/operations.rs","@level":"debug","@line":37,"@message":"✅ Operations packed: result=9130068","@module":"flavor::psp::format_2025::operations","@pid":6368,"@timestamp":"2026-03-31T20:27:12.498069Z"}
{"@file":"src/psp/format_2025/operations.rs","@level":"debug","@line":60,"@message":"✅ Operations unpacked: count=8 operations=[127, 110, 233, 174, 42, 220, 157, 245]","@module":"flavor::psp::format_2025::operations","@pid":6368,"@timestamp":"2026-03-31T20:27:12.498085Z"}
{"@file":"src/psp/format_2025/operations.rs","@level":"debug","@line":37,"@message":"✅ Operations packed: result=4497321220653331773","@module":"flavor::psp::format_2025::operations","@pid":6368,"@timestamp":"2026-03-31T20:27:12.498104Z"}
{"@file":"src/psp/format_2025/operations.rs","@level":"debug","@line":37,"@message":"✅ Operations packed: result=1271186229497706042","@module":"flavor::psp::format_2025::operations","@pid":6368,"@timestamp":"2026-03-31T20:27:12.498122Z"}
{"@file":"src/psp/format_2025/operations.rs","@level":"debug","@line":60,"@message":"✅ Operations unpacked: count=8 operations=[61, 53, 222, 133, 210, 177, 105, 62]","@module":"flavor::psp::format_2025::operations","@pid":6368,"@timestamp":"2026-03-31T20:27:12.498131Z"}
{"@file":"src/psp/format_2025/operations.rs","@level":"debug","@line":60,"@message":"✅ Operations unpacked: count=2 operations=[80, 104]","@module":"flavor::psp::format_2025::operations","@pid":6368,"@timestamp":"2026-03-31T20:27:12.498133Z"}
{"@file":"src/psp/format_2025/operations.rs","@level":"debug","@line":37,"@message":"✅ Operations packed: result=26704","@module":"flavor::psp::format_2025::operations","@pid":6368,"@timestamp":"2026-03-31T20:27:12.498175Z"}
{"@file":"src/psp/format_2025/operations.rs","@level":"debug","@line":37,"@message":"✅ Operations packed: result=313178052570","@module":"flavor::psp::format_2025::operations","@pid":6368,"@timestamp":"2026-03-31T20:27:12.498181Z"}
{"@file":"src/psp/format_2025/operations.rs","@level":"debug","@line":37,"@message":"✅ Operations packed: result=4259209826","@module":"flavor::psp::format_2025::operations","@pid":6368,"@timestamp":"2026-03-31T20:27:12.498190Z"}
{"@file":"src/psp/format_2025/operations.rs","@level":"debug","@line":60,"@message":"✅ Operations unpacked: count=2 operations=[80, 104]","@module":"flavor::psp::format_2025::operations","@pid":6368,"@timestamp":"2026-03-31T20:27:12.498194Z"}
{"@file":"src/psp/format_2025/operations.rs","@level":"debug","@line":60,"@message":"✅ Operations unpacked: count=4 operations=[98, 98, 222, 253]","@module":"flavor::psp::format_2025::operations","@pid":6368,"@timestamp":"2026-03-31T20:27:12.498221Z"}
{"@file":"src/psp/format_2025/operations.rs","@level":"debug","@line":37,"@message":"✅ Operations packed: result=258414081208975","@module":"flavor::psp::format_2025::operations","@pid":6368,"@timestamp":"2026-03-31T20:27:12.498228Z"}
{"@file":"src/psp/format_2025/operations.rs","@level":"debug","@line":60,"@message":"✅ Operations unpacked: count=8 operations=[46, 12, 52, 34, 146, 202, 67, 207]","@module":"flavor::psp::format_2025::operations","@pid":6368,"@timestamp":"2026-03-31T20:27:12.498261Z"}
{"@file":"src/psp/format_2025/operations.rs","@level":"debug","@line":37,"@message":"✅ Operations packed: result=56082","@module":"flavor::psp::format_2025::operations","@pid":6368,"@timestamp":"2026-03-31T20:27:12.498280Z"}
{"@file":"src/psp/format_2025/operations.rs","@level":"debug","@line":37,"@message":"✅ Operations packed: result=14935003518278569006","@module":"flavor::psp::format_2025::operations","@pid":6368,"@timestamp":"2026-03-31T20:27:12.498282Z"}
{"@file":"src/psp/format_2025/operations.rs","@level":"debug","@line":37,"@message":"✅ Operations packed: result=82","@module":"flavor::psp::format_2025::operations","@pid":6368,"@timestamp":"2026-03-31T20:27:12.498291Z"}
{"@file":"src/psp/format_2025/operations.rs","@level":"debug","@line":60,"@message":"✅ Operations unpacked: count=2 operations=[18, 219]","@module":"flavor::psp::format_2025::operations","@pid":6368,"@timestamp":"2026-03-31T20:27:12.498311Z"}
{"@file":"src/psp/format_2025/operations.rs","@level":"debug","@line":60,"@message":"✅ Operations unpacked: count=8 operations=[46, 12, 52, 34, 146, 202, 67, 207]","@module":"flavor::psp::format_2025::operations","@pid":6368,"@timestamp":"2026-03-31T20:27:12.498325Z"}
{"@file":"src/psp/format_2025/operations.rs","@level":"debug","@line":37,"@message":"✅ Operations packed: result=230294734880","@module":"flavor::psp::format_2025::operations","@pid":6368,"@timestamp":"2026-03-31T20:27:12.498373Z"}
{"@file":"src/psp/format_2025/operations.rs","@level":"debug","@line":60,"@message":"✅ Operations unpacked: count=8 operations=[206, 36, 205, 67, 16, 1, 33, 98]","@module":"flavor::psp::format_2025::operations","@pid":6368,"@timestamp":"2026-03-31T20:27:12.498377Z"}
{"@file":"src/psp/format_2025/operations.rs","@level":"debug","@line":37,"@message":"✅ Operations packed: result=9844576715235989443","@module":"flavor::psp::format_2025::operations","@pid":6368,"@timestamp":"2026-03-31T20:27:12.498382Z"}
{"@file":"src/psp/format_2025/operations.rs","@level":"debug","@line":37,"@message":"✅ Operations packed: result=7070934059317011662","@module":"flavor::psp::format_2025::operations","@pid":6368,"@timestamp":"2026-03-31T20:27:12.498418Z"}
{"@file":"src/psp/format_2025/operations.rs","@level":"debug","@line":60,"@message":"✅ Operations unpacked: count=8 operations=[195, 23, 185, 27, 93, 246, 158, 136]","@module":"flavor::psp::format_2025::operations","@pid":6368,"@timestamp":"2026-03-31T20:27:12.498424Z"}
{"@file":"src/psp/format_2025/operations.rs","@level":"debug","@line":37,"@message":"✅ Operations packed: result=246026204869118","@module":"flavor::psp::format_2025::operations","@pid":6368,"@timestamp":"2026-03-31T20:27:12.498433Z"}
{"@file":"src/psp/format_2025/operations.rs","@level":"debug","@line":60,"@message":"✅ Operations unpacked: count=8 operations=[206, 36, 205, 67, 16, 1, 33, 98]","@module":"flavor::psp::format_2025::operations","@pid":6368,"@timestamp":"2026-03-31T20:27:12.498438Z"}
{"@file":"src/psp/format_2025/operations.rs","@level":"debug","@line":37,"@message":"✅ Operations packed: result=9872666471006084181","@module":"flavor::psp::format_2025::operations","@pid":6368,"@timestamp":"2026-03-31T20:27:12.498472Z"}
{"@file":"src/psp/format_2025/operations.rs","@level":"debug","@line":37,"@message":"✅ Operations packed: result=0","@module":"flavor::psp::format_2025::operations","@pid":6368,"@timestamp":"2026-03-31T20:27:12.498490Z"}
{"@file":"src/psp/format_2025/operations.rs","@level":"debug","@line":60,"@message":"✅ Operations unpacked: count=8 operations=[103, 12, 134, 97, 30, 199, 240, 188]","@module":"flavor::psp::format_2025::operations","@pid":6368,"@timestamp":"2026-03-31T20:27:12.498506Z"}
{"@file":"src/psp/format_2025/operations.rs","@level":"debug","@line":60,"@message":"✅ Operations unpacked: count=8 operations=[85, 28, 58, 6, 217, 193, 2, 137]","@module":"flavor::psp::format_2025::operations","@pid":6368,"@timestamp":"2026-03-31T20:27:12.498493Z"}
{"@file":"src/psp/format_2025/operations.rs","@level":"debug","@line":37,"@message":"✅ Operations packed: result=13614600606840130663","@module":"flavor::psp::format_2025::operations","@pid":6368,"@timestamp":"2026-03-31T20:27:12.498534Z"}
{"@file":"src/psp/format_2025/operations.rs","@level":"debug","@line":37,"@message":"✅ Operations packed: result=254697021270728","@module":"flavor::psp::format_2025::operations","@pid":6368,"@timestamp":"2026-03-31T20:27:12.498552Z"}
{"@file":"src/psp/format_2025/operations.rs","@level":"debug","@line":37,"@message":"✅ Operations packed: result=0","@module":"flavor::psp::format_2025::operations","@pid":6368,"@timestamp":"2026-03-31T20:27:12.498568Z"}
{"@file":"src/psp/format_2025/operations.rs","@level":"debug","@line":60,"@message":"✅ Operations unpacked: count=8 operations=[103, 12, 134, 97, 30, 199, 240, 188]","@module":"flavor::psp::format_2025::operations","@pid":6368,"@timestamp":"2026-03-31T20:27:12.498552Z"}
{"@file":"src/psp/format_2025/operations.rs","@level":"debug","@line":60,"@message":"✅ Operations unpacked: count=0 operations=[]","@module":"flavor::psp::format_2025::operations","@pid":6368,"@timestamp":"2026-03-31T20:27:12.498593Z"}
{"@file":"src/psp/format_2025/operations.rs","@level":"debug","@line":37,"@message":"✅ Operations packed: result=0","@module":"flavor::psp::format_2025::operations","@pid":6368,"@timestamp":"2026-03-31T20:27:12.498609Z"}
{"@file":"src/psp/format_2025/operations.rs","@level":"debug","@line":60,"@message":"✅ Operations unpacked: count=8 operations=[138, 191, 232, 31, 227, 126, 86, 161]","@module":"flavor::psp::format_2025::operations","@pid":6368,"@timestamp":"2026-03-31T20:27:12.498626Z"}
{"@file":"src/psp/format_2025/operations.rs","@level":"debug","@line":37,"@message":"✅ Operations packed: result=0","@module":"flavor::psp::format_2025::operations","@pid":6368,"@timestamp":"2026-03-31T20:27:12.498639Z"}
{"@file":"src/psp/format_2025/operations.rs","@level":"debug","@line":37,"@message":"✅ Operations packed: result=11625619002061537162","@module":"flavor::psp::format_2025::operations","@pid":6368,"@timestamp":"2026-03-31T20:27:12.498652Z"}
{"@file":"src/psp/format_2025/operations.rs","@level":"debug","@line":60,"@message":"✅ Operations unpacked: count=0 operations=[]","@module":"flavor::psp::format_2025::operations","@pid":6368,"@timestamp":"2026-03-31T20:27:12.498662Z"}
{"@file":"src/psp/format_2025/operations.rs","@level":"debug","@line":37,"@message":"✅ Operations packed: result=383484138","@module":"flavor::psp::format_2025::operations","@pid":6368,"@timestamp":"2026-03-31T20:27:12.498664Z"}
{"@file":"src/psp/format_2025/operations.rs","@level":"debug","@line":60,"@message":"✅ Operations unpacked: count=8 operations=[138, 191, 232, 31, 227, 126, 86, 161]","@module":"flavor::psp::format_2025::operations","@pid":6368,"@timestamp":"2026-03-31T20:27:12.498676Z"}
{"@file":"src/psp/format_2025/operations.rs","@level":"debug","@line":37,"@message":"✅ Operations packed: result=55806767688713154","@module":"flavor::psp::format_2025::operations","@pid":6368,"@timestamp":"2026-03-31T20:27:12.498711Z"}
{"@file":"src/psp/format_2025/operations.rs","@level":"debug","@line":37,"@message":"✅ Operations packed: result=1824676","@module":"flavor::psp::format_2025::operations","@pid":6368,"@timestamp":"2026-03-31T20:27:12.498722Z"}
{"@file":"src/psp/format_2025/operations.rs","@level":"debug","@line":60,"@message":"✅ Operations unpacked: count=7 operations=[194, 3, 38, 164, 245, 67, 198]","@module":"flavor::psp::format_2025::operations","@pid":6368,"@timestamp":"2026-03-31T20:27:12.498730Z"}
{"@file":"src/psp/format_2025/operations.rs","@level":"debug","@line":60,"@message":"✅ Operations unpacked: count=8 operations=[59, 236, 75, 68, 63, 108, 180, 181]","@module":"flavor::psp::format_2025::operations","@pid":6368,"@timestamp":"2026-03-31T20:27:12.498729Z"}
{"@file":"src/psp/format_2025/operations.rs","@level":"debug","@line":37,"@message":"✅ Operations packed: result=446243069","@module":"flavor::psp::format_2025::operations","@pid":6368,"@timestamp":"2026-03-31T20:27:12.498780Z"}
{"@file":"src/psp/format_2025/operations.rs","@level":"debug","@line":37,"@message":"✅ Operations packed: result=13093209035657440315","@module":"flavor::psp::format_2025::operations","@pid":6368,"@timestamp":"2026-03-31T20:27:12.498782Z"}
{"@file":"src/psp/format_2025/operations.rs","@level":"debug","@line":37,"@message":"✅ Operations packed: result=6507","@module":"flavor::psp::format_2025::operations","@pid":6368,"@timestamp":"2026-03-31T20:27:12.498795Z"}
{"@file":"src/psp/format_2025/operations.rs","@level":"debug","@line":60,"@message":"✅ Operations unpacked: count=8 operations=[59, 236, 75, 68, 63, 108, 180, 181]","@module":"flavor::psp::format_2025::operations","@pid":6368,"@timestamp":"2026-03-31T20:27:12.498819Z"}
{"@file":"src/psp/format_2025/operations.rs","@level":"debug","@line":37,"@message":"✅ Operations packed: result=3167398445219449172","@module":"flavor::psp::format_2025::operations","@pid":6368,"@timestamp":"2026-03-31T20:27:12.498833Z"}
{"@file":"src/psp/format_2025/operations.rs","@level":"debug","@line":60,"@message":"✅ Operations unpacked: count=2 operations=[107, 25]","@module":"flavor::psp::format_2025::operations","@pid":6368,"@timestamp":"2026-03-31T20:27:12.498835Z"}
{"@file":"src/psp/format_2025/operations.rs","@level":"debug","@line":60,"@message":"✅ Operations unpacked: count=8 operations=[89, 170, 20, 74, 7, 215, 195, 49]","@module":"flavor::psp::format_2025::operations","@pid":6368,"@timestamp":"2026-03-31T20:27:12.498884Z"}
{"@file":"src/psp/format_2025/operations.rs","@level":"debug","@line":37,"@message":"✅ Operations packed: result=135993574136364","@module":"flavor::psp::format_2025::operations","@pid":6368,"@timestamp":"2026-03-31T20:27:12.498894Z"}
{"@file":"src/psp/format_2025/operations.rs","@level":"debug","@line":37,"@message":"✅ Operations packed: result=748944508277","@module":"flavor::psp::format_2025::operations","@pid":6368,"@timestamp":"2026-03-31T20:27:12.498901Z"}
{"@file":"src/psp/format_2025/operations.rs","@level":"debug","@line":37,"@message":"✅ Operations packed: result=3585946154624658009","@module":"flavor::psp::format_2025::operations","@pid":6368,"@timestamp":"2026-03-31T20:27:12.498905Z"}
{"@file":"src/psp/format_2025/operations.rs","@level":"debug","@line":60,"@message":"✅ Operations unpacked: count=5 operations=[117, 69, 146, 96, 174]","@module":"flavor::psp::format_2025::operations","@pid":6368,"@timestamp":"2026-03-31T20:27:12.498922Z"}
{"@file":"src/psp/format_2025/operations.rs","@level":"debug","@line":60,"@message":"✅ Operations unpacked: count=8 operations=[89, 170, 20, 74, 7, 215, 195, 49]","@module":"flavor::psp::format_2025::operations","@pid":6368,"@timestamp":"2026-03-31T20:27:12.498930Z"}
{"@file":"src/psp/format_2025/operations.rs","@level":"debug","@line":37,"@message":"✅ Operations packed: result=13996667850505814","@module":"flavor::psp::format_2025::operations","@pid":6368,"@timestamp":"2026-03-31T20:27:12.498941Z"}
{"@file":"src/psp/format_2025/operations.rs","@level":"debug","@line":37,"@message":"✅ Operations packed: result=456775121","@module":"flavor::psp::format_2025::operations","@pid":6368,"@timestamp":"2026-03-31T20:27:12.498968Z"}
{"@file":"src/psp/format_2025/operations.rs","@level":"debug","@line":60,"@message":"✅ Operations unpacked: count=8 operations=[145, 159, 157, 116, 204, 89, 72, 157]","@module":"flavor::psp::format_2025::operations","@pid":6368,"@timestamp":"2026-03-31T20:27:12.498976Z"}
{"@file":"src/psp/format_2025/operations.rs","@level":"debug","@line":37,"@message":"✅ Operations packed: result=241","@module":"flavor::psp::format_2025::operations","@pid":6368,"@timestamp":"2026-03-31T20:27:12.498987Z"}
{"@file":"src/psp/format_2025/operations.rs","@level":"debug","@line":37,"@message":"✅ Operations packed: result=11333407196942540689","@module":"flavor::psp::format_2025::operations","@pid":6368,"@timestamp":"2026-03-31T20:27:12.498997Z"}
{"@file":"src/psp/format_2025/operations.rs","@level":"debug","@line":60,"@message":"✅ Operations unpacked: count=4 operations=[209, 213, 57, 27]","@module":"flavor::psp::format_2025::operations","@pid":6368,"@timestamp":"2026-03-31T20:27:12.498987Z"}
{"@file":"src/psp/format_2025/operations.rs","@level":"debug","@line":60,"@message":"✅ Operations unpacked: count=8 operations=[145, 159, 157, 116, 204, 89, 72, 157]","@module":"flavor::psp::format_2025::operations","@pid":6368,"@timestamp":"2026-03-31T20:27:12.499019Z"}
{"@file":"src/psp/format_2025/operations.rs","@level":"debug","@line":37,"@message":"✅ Operations packed: result=21064","@module":"flavor::psp::format_2025::operations","@pid":6368,"@timestamp":"2026-03-31T20:27:12.499035Z"}
{"@file":"src/psp/format_2025/operations.rs","@level":"debug","@line":37,"@message":"✅ Operations packed: result=55952101019358929","@module":"flavor::psp::format_2025::operations","@pid":6368,"@timestamp":"2026-03-31T20:27:12.499058Z"}
{"@file":"src/psp/format_2025/operations.rs","@level":"debug","@line":60,"@message":"✅ Operations unpacked: count=8 operations=[201, 206, 22, 12, 200, 75, 80, 252]","@module":"flavor::psp::format_2025::operations","@pid":6368,"@timestamp":"2026-03-31T20:27:12.499064Z"}
{"@file":"src/psp/format_2025/operations.rs","@level":"debug","@line":60,"@message":"✅ Operations unpacked: count=7 operations=[209, 22, 178, 177, 35, 200, 198]","@module":"flavor::psp::format_2025::operations","@pid":6368,"@timestamp":"2026-03-31T20:27:12.499077Z"}
{"@file":"src/psp/format_2025/operations.rs","@level":"debug","@line":37,"@message":"✅ Operations packed: result=18181115018263056073","@module":"flavor::psp::format_2025::operations","@pid":6368,"@timestamp":"2026-03-31T20:27:12.499084Z"}
{"@file":"src/psp/format_2025/operations.rs","@level":"debug","@line":37,"@message":"✅ Operations packed: result=11028664","@module":"flavor::psp::format_2025::operations","@pid":6368,"@timestamp":"2026-03-31T20:27:12.499082Z"}
{"@file":"src/psp/format_2025/operations.rs","@level":"debug","@line":60,"@message":"✅ Operations unpacked: count=8 operations=[201, 206, 22, 12, 200, 75, 80, 252]","@module":"flavor::psp::format_2025::operations","@pid":6368,"@timestamp":"2026-03-31T20:27:12.499103Z"}
{"@file":"src/psp/format_2025/operations.rs","@level":"debug","@line":37,"@message":"✅ Operations packed: result=895382571196","@module":"flavor::psp::format_2025::operations","@pid":6368,"@timestamp":"2026-03-31T20:27:12.499127Z"}
{"@file":"src/psp/format_2025/operations.rs","@level":"debug","@line":60,"@message":"✅ Operations unpacked: count=5 operations=[188, 200, 245, 120, 208]","@module":"flavor::psp::format_2025::operations","@pid":6368,"@timestamp":"2026-03-31T20:27:12.499146Z"}
{"@file":"src/psp/format_2025/operations.rs","@level":"debug","@line":37,"@message":"✅ Operations packed: result=0","@module":"flavor::psp::format_2025::operations","@pid":6368,"@timestamp":"2026-03-31T20:27:12.499146Z"}
{"@file":"src/psp/format_2025/operations.rs","@level":"debug","@line":60,"@message":"✅ Operations unpacked: count=8 operations=[80, 6, 212, 76, 27, 237, 124, 136]","@module":"flavor::psp::format_2025::operations","@pid":6368,"@timestamp":"2026-03-31T20:27:12.499154Z"}
{"@file":"src/psp/format_2025/operations.rs","@level":"debug","@line":37,"@message":"✅ Operations packed: result=43209","@module":"flavor::psp::format_2025::operations","@pid":6368,"@timestamp":"2026-03-31T20:27:12.499193Z"}
{"@file":"src/psp/format_2025/operations.rs","@level":"debug","@line":37,"@message":"✅ Operations packed: result=9834996387779184208","@module":"flavor::psp::format_2025::operations","@pid":6368,"@timestamp":"2026-03-31T20:27:12.499197Z"}
{"@file":"src/psp/format_2025/operations.rs","@level":"debug","@line":37,"@message":"✅ Operations packed: result=350506988462","@module":"flavor::psp::format_2025::operations","@pid":6368,"@timestamp":"2026-03-31T20:27:12.499224Z"}
{"@file":"src/psp/format_2025/operations.rs","@level":"debug","@line":60,"@message":"✅ Operations unpacked: count=8 operations=[80, 6, 212, 76, 27, 237, 124, 136]","@module":"flavor::psp::format_2025::operations","@pid":6368,"@timestamp":"2026-03-31T20:27:12.499235Z"}
{"@file":"src/psp/format_2025/operations.rs","@level":"debug","@line":60,"@message":"✅ Operations unpacked: count=2 operations=[201, 168]","@module":"flavor::psp::format_2025::operations","@pid":6368,"@timestamp":"2026-03-31T20:27:12.499214Z"}
{"@file":"src/psp/format_2025/operations.rs","@level":"debug","@line":37,"@message":"✅ Operations packed: result=43228324007776614","@module":"flavor::psp::format_2025::operations","@pid":6368,"@timestamp":"2026-03-31T20:27:12.499284Z"}
{"@file":"src/psp/format_2025/operations.rs","@level":"debug","@line":60,"@message":"✅ Operations unpacked: count=8 operations=[181, 170, 221, 156, 129, 94, 21, 211]","@module":"flavor::psp::format_2025::operations","@pid":6368,"@timestamp":"2026-03-31T20:27:12.499309Z"}
{"@file":"src/psp/format_2025/operations.rs","@level":"debug","@line":37,"@message":"✅ Operations packed: result=1175069431249991321","@module":"flavor::psp::format_2025::operations","@pid":6368,"@timestamp":"2026-03-31T20:27:12.499323Z"}
{"@file":"src/psp/format_2025/operations.rs","@level":"debug","@line":37,"@message":"✅ Operations packed: result=15210167227289283253","@module":"flavor::psp::format_2025::operations","@pid":6368,"@timestamp":"2026-03-31T20:27:12.499333Z"}
{"@file":"src/psp/format_2025/operations.rs","@level":"debug","@line":37,"@message":"✅ Operations packed: result=0","@module":"flavor::psp::format_2025::operations","@pid":6368,"@timestamp":"2026-03-31T20:27:12.499340Z"}
{"@file":"src/psp/format_2025/operations.rs","@level":"debug","@line":60,"@message":"✅ Operations unpacked: count=8 operations=[181, 170, 221, 156, 129, 94, 21, 211]","@module":"flavor::psp::format_2025::operations","@pid":6368,"@timestamp":"2026-03-31T20:27:12.499364Z"}
{"@file":"src/psp/format_2025/operations.rs","@level":"debug","@line":60,"@message":"✅ Operations unpacked: count=8 operations=[153, 118, 19, 4, 108, 175, 78, 16]","@module":"flavor::psp::format_2025::operations","@pid":6368,"@timestamp":"2026-03-31T20:27:12.499352Z"}
{"@file":"src/psp/format_2025/operations.rs","@level":"debug","@line":60,"@message":"✅ Operations unpacked: count=8 operations=[26, 125, 22, 32, 35, 107, 187, 25]","@module":"flavor::psp::format_2025::operations","@pid":6368,"@timestamp":"2026-03-31T20:27:12.499424Z"}
{"@file":"src/psp/format_2025/operations.rs","@level":"debug","@line":37,"@message":"✅ Operations packed: result=171848280981","@module":"flavor::psp::format_2025::operations","@pid":6368,"@timestamp":"2026-03-31T20:27:12.499426Z"}
{"@file":"src/psp/format_2025/operations.rs","@level":"debug","@line":37,"@message":"✅ Operations packed: result=1854193470199463194","@module":"flavor::psp::format_2025::operations","@pid":6368,"@timestamp":"2026-03-31T20:27:12.499458Z"}
{"@file":"src/psp/format_2025/operations.rs","@level":"debug","@line":37,"@message":"✅ Operations packed: result=382759720642","@module":"flavor::psp::format_2025::operations","@pid":6368,"@timestamp":"2026-03-31T20:27:12.499448Z"}
{"@file":"src/psp/format_2025/operations.rs","@level":"debug","@line":60,"@message":"✅ Operations unpacked: count=8 operations=[26, 125, 22, 32, 35, 107, 187, 25]","@module":"flavor::psp::format_2025::operations","@pid":6368,"@timestamp":"2026-03-31T20:27:12.499479Z"}
{"@file":"src/psp/format_2025/operations.rs","@level":"debug","@line":60,"@message":"✅ Operations unpacked: count=5 operations=[194, 214, 65, 30, 89]","@module":"flavor::psp::format_2025::operations","@pid":6368,"@timestamp":"2026-03-31T20:27:12.499495Z"}
{"@file":"src/psp/format_2025/operations.rs","@level":"debug","@line":37,"@message":"✅ Operations packed: result=17882573047019830493","@module":"flavor::psp::format_2025::operations","@pid":6368,"@timestamp":"2026-03-31T20:27:12.499505Z"}
{"@file":"src/psp/format_2025/operations.rs","@level":"debug","@line":60,"@message":"✅ Operations unpacked: count=8 operations=[16, 159, 89, 220, 65, 196, 1, 238]","@module":"flavor::psp::format_2025::operations","@pid":6368,"@timestamp":"2026-03-31T20:27:12.499535Z"}
{"@file":"src/psp/format_2025/operations.rs","@level":"debug","@line":37,"@message":"✅ Operations packed: result=4133036009","@module":"flavor::psp::format_2025::operations","@pid":6368,"@timestamp":"2026-03-31T20:27:12.499561Z"}
{"@file":"src/psp/format_2025/operations.rs","@level":"debug","@line":37,"@message":"✅ Operations packed: result=17150204643152338704","@module":"flavor::psp::format_2025::operations","@pid":6368,"@timestamp":"2026-03-31T20:27:12.499563Z"}
{"@file":"src/psp/format_2025/operations.rs","@level":"debug","@line":60,"@message":"✅ Operations unpacked: count=4 operations=[233, 31, 89, 246]","@module":"flavor::psp::format_2025::operations","@pid":6368,"@timestamp":"2026-03-31T20:27:12.499598Z"}
{"@file":"src/psp/format_2025/operations.rs","@level":"debug","@line":60,"@message":"✅ Operations unpacked: count=8 operations=[16, 159, 89, 220, 65, 196, 1, 238]","@module":"flavor::psp::format_2025::operations","@pid":6368,"@timestamp":"2026-03-31T20:27:12.499614Z"}
{"@file":"src/psp/format_2025/operations.rs","@level":"debug","@line":37,"@message":"✅ Operations packed: result=12557277239984136854","@module":"flavor::psp::format_2025::operations","@pid":6368,"@timestamp":"2026-03-31T20:27:12.499596Z"}
{"@file":"src/psp/format_2025/operations.rs","@level":"debug","@line":37,"@message":"✅ Operations packed: result=0","@module":"flavor::psp::format_2025::operations","@pid":6368,"@timestamp":"2026-03-31T20:27:12.499656Z"}
{"@file":"src/psp/format_2025/operations.rs","@level":"debug","@line":60,"@message":"✅ Operations unpacked: count=8 operations=[134, 3, 204, 231, 126, 28, 100, 239]","@module":"flavor::psp::format_2025::operations","@pid":6368,"@timestamp":"2026-03-31T20:27:12.499673Z"}
{"@file":"src/psp/format_2025/operations.rs","@level":"debug","@line":60,"@message":"✅ Operations unpacked: count=0 operations=[]","@module":"flavor::psp::format_2025::operations","@pid":6368,"@timestamp":"2026-03-31T20:27:12.499678Z"}
{"@file":"src/psp/format_2025/operations.rs","@level":"debug","@line":37,"@message":"✅ Operations packed: result=159214259227","@module":"flavor::psp::format_2025::operations","@pid":6368,"@timestamp":"2026-03-31T20:27:12.499691Z"}
{"@file":"src/psp/format_2025/operations.rs","@level":"debug","@line":37,"@message":"✅ Operations packed: result=17249943804116206470","@module":"flavor::psp::format_2025::operations","@pid":6368,"@timestamp":"2026-03-31T20:27:12.499757Z"}
{"@file":"src/psp/format_2025/operations.rs","@level":"debug","@line":37,"@message":"✅ Operations packed: result=16604385802229549961","@module":"flavor::psp::format_2025::operations","@pid":6368,"@timestamp":"2026-03-31T20:27:12.499800Z"}
{"@file":"src/psp/format_2025/operations.rs","@level":"debug","@line":37,"@message":"✅ Operations packed: result=207555070477826","@module":"flavor::psp::format_2025::operations","@pid":6368,"@timestamp":"2026-03-31T20:27:12.499813Z"}
{"@file":"src/psp/format_2025/operations.rs","@level":"debug","@line":60,"@message":"✅ Operations unpacked: count=8 operations=[134, 3, 204, 231, 126, 28, 100, 239]","@module":"flavor::psp::format_2025::operations","@pid":6368,"@timestamp":"2026-03-31T20:27:12.499801Z"}
{"@file":"src/psp/format_2025/operations.rs","@level":"debug","@line":60,"@message":"✅ Operations unpacked: count=8 operations=[137, 139, 110, 207, 233, 160, 110, 230]","@module":"flavor::psp::format_2025::operations","@pid":6368,"@timestamp":"2026-03-31T20:27:12.499833Z"}
{"@file":"src/psp/format_2025/operations.rs","@level":"debug","@line":37,"@message":"✅ Operations packed: result=219","@module":"flavor::psp::format_2025::operations","@pid":6368,"@timestamp":"2026-03-31T20:27:12.499875Z"}
{"@file":"src/psp/format_2025/operations.rs","@level":"debug","@line":37,"@message":"✅ Operations packed: result=34624944558654","@module":"flavor::psp::format_2025::operations","@pid":6368,"@timestamp":"2026-03-31T20:27:12.499912Z"}
{"@file":"src/psp/format_2025/operations.rs","@level":"debug","@line":60,"@message":"✅ Operations unpacked: count=8 operations=[80, 3, 192, 103, 201, 24, 210, 113]","@module":"flavor::psp::format_2025::operations","@pid":6368,"@timestamp":"2026-03-31T20:27:12.499910Z"}
{"@file":"src/psp/format_2025/operations.rs","@level":"debug","@line":60,"@message":"✅ Operations unpacked: count=6 operations=[62, 82, 133, 191, 125, 31]","@module":"flavor::psp::format_2025::operations","@pid":6368,"@timestamp":"2026-03-31T20:27:12.499943Z"}
{"@file":"src/psp/format_2025/operations.rs","@level":"debug","@line":37,"@message":"✅ Operations packed: result=7609163","@module":"flavor::psp::format_2025::operations","@pid":6368,"@timestamp":"2026-03-31T20:27:12.499933Z"}
{"@file":"src/psp/format_2025/operations.rs","@level":"debug","@line":37,"@message":"✅ Operations packed: result=8201645124703224656","@module":"flavor::psp::format_2025::operations","@pid":6368,"@timestamp":"2026-03-31T20:27:12.499962Z"}
{"@file":"src/psp/format_2025/operations.rs","@level":"debug","@line":60,"@message":"✅ Operations unpacked: count=8 operations=[80, 3, 192, 103, 201, 24, 210, 113]","@module":"flavor::psp::format_2025::operations","@pid":6368,"@timestamp":"2026-03-31T20:27:12.499989Z"}
{"@file":"src/psp/format_2025/operations.rs","@level":"debug","@line":37,"@message":"✅ Operations packed: result=18885785194444","@module":"flavor::psp::format_2025::operations","@pid":6368,"@timestamp":"2026-03-31T20:27:12.500001Z"}
{"@file":"src/psp/format_2025/operations.rs","@level":"debug","@line":37,"@message":"✅ Operations packed: result=1416389614391","@module":"flavor::psp::format_2025::operations","@pid":6368,"@timestamp":"2026-03-31T20:27:12.500010Z"}
{"@file":"src/psp/format_2025/operations.rs","@level":"debug","@line":60,"@message":"✅ Operations unpacked: count=6 operations=[204, 143, 132, 48, 45, 17]","@module":"flavor::psp::format_2025::operations","@pid":6368,"@timestamp":"2026-03-31T20:27:12.500028Z"}
{"@file":"src/psp/format_2025/operations.rs","@level":"debug","@line":60,"@message":"✅ Operations unpacked: count=8 operations=[158, 27, 73, 19, 207, 202, 156, 110]","@module":"flavor::psp::format_2025::operations","@pid":6368,"@timestamp":"2026-03-31T20:27:12.500051Z"}
{"@file":"src/psp/format_2025/operations.rs","@level":"debug","@line":37,"@message":"✅ Operations packed: result=7970468431269534622","@module":"flavor::psp::format_2025::operations","@pid":6368,"@timestamp":"2026-03-31T20:27:12.500073Z"}
{"@file":"src/psp/format_2025/operations.rs","@level":"debug","@line":37,"@message":"✅ Operations packed: result=30049","@module":"flavor::psp::format_2025::operations","@pid":6368,"@timestamp":"2026-03-31T20:27:12.500083Z"}
{"@file":"src/psp/format_2025/operations.rs","@level":"debug","@line":37,"@message":"✅ Operations packed: result=16441007751713848","@module":"flavor::psp::format_2025::operations","@pid":6368,"@timestamp":"2026-03-31T20:27:12.500096Z"}
{"@file":"src/psp/format_2025/operations.rs","@level":"debug","@line":60,"@message":"✅ Operations unpacked: count=8 operations=[158, 27, 73, 19, 207, 202, 156, 110]","@module":"flavor::psp::format_2025::operations","@pid":6368,"@timestamp":"2026-03-31T20:27:12.500100Z"}
{"@file":"src/psp/format_2025/operations.rs","@level":"debug","@line":60,"@message":"✅ Operations unpacked: count=7 operations=[56, 84, 202, 106, 2, 105, 58]","@module":"flavor::psp::format_2025::operations","@pid":6368,"@timestamp":"2026-03-31T20:27:12.500126Z"}
{"@file":"src/psp/format_2025/operations.rs","@level":"debug","@line":37,"@message":"✅ Operations packed: result=4017455","@module":"flavor::psp::format_2025::operations","@pid":6368,"@timestamp":"2026-03-31T20:27:12.500138Z"}
{"@file":"src/psp/format_2025/operations.rs","@level":"debug","@line":60,"@message":"✅ Operations unpacked: count=4 operations=[194, 28, 225, 238]","@module":"flavor::psp::format_2025::operations","@pid":6368,"@timestamp":"2026-03-31T20:27:12.500179Z"}
{"@file":"src/psp/format_2025/operations.rs","@level":"debug","@line":37,"@message":"✅ Operations packed: result=0","@module":"flavor::psp::format_2025::operations","@pid":6368,"@timestamp":"2026-03-31T20:27:12.500194Z"}
{"@file":"src/psp/format_2025/operations.rs","@level":"debug","@line":37,"@message":"✅ Operations packed: result=4007730370","@module":"flavor::psp::format_2025::operations","@pid":6368,"@timestamp":"2026-03-31T20:27:12.500209Z"}
{"@file":"src/psp/format_2025/operations.rs","@level":"debug","@line":60,"@message":"✅ Operations unpacked: count=0 operations=[]","@module":"flavor::psp::format_2025::operations","@pid":6368,"@timestamp":"2026-03-31T20:27:12.500225Z"}
{"@file":"src/psp/format_2025/operations.rs","@level":"debug","@line":37,"@message":"✅ Operations packed: result=0","@module":"flavor::psp::format_2025::operations","@pid":6368,"@timestamp":"2026-03-31T20:27:12.500202Z"}
{"@file":"src/psp/format_2025/operations.rs","@level":"debug","@line":60,"@message":"✅ Operations unpacked: count=4 operations=[194, 28, 225, 238]","@module":"flavor::psp::format_2025::operations","@pid":6368,"@timestamp":"2026-03-31T20:27:12.500241Z"}
{"@file":"src/psp/format_2025/operations.rs","@level":"debug","@line":37,"@message":"✅ Operations packed: result=45","@module":"flavor::psp::format_2025::operations","@pid":6368,"@timestamp":"2026-03-31T20:27:12.500284Z"}
{"@file":"src/psp/format_2025/operations.rs","@level":"debug","@line":37,"@message":"✅ Operations packed: result=91403957754934","@module":"flavor::psp::format_2025::operations","@pid":6368,"@timestamp":"2026-03-31T20:27:12.500304Z"}
{"@file":"src/psp/format_2025/operations.rs","@level":"debug","@line":60,"@message":"✅ Operations unpacked: count=8 operations=[208, 43, 26, 166, 122, 135, 5, 148]","@module":"flavor::psp::format_2025::operations","@pid":6368,"@timestamp":"2026-03-31T20:27:12.500318Z"}
{"@file":"src/psp/format_2025/operations.rs","@level":"debug","@line":60,"@message":"✅ Operations unpacked: count=1 operations=[45]","@module":"flavor::psp::format_2025::operations","@pid":6368,"@timestamp":"2026-03-31T20:27:12.500307Z"}
{"@file":"src/psp/format_2025/operations.rs","@level":"debug","@line":37,"@message":"✅ Operations packed: result=10666080253339380688","@module":"flavor::psp::format_2025::operations","@pid":6368,"@timestamp":"2026-03-31T20:27:12.500347Z"}
{"@file":"src/psp/format_2025/operations.rs","@level":"debug","@line":60,"@message":"✅ Operations unpacked: count=8 operations=[208, 43, 26, 166, 122, 135, 5, 148]","@module":"flavor::psp::format_2025::operations","@pid":6368,"@timestamp":"2026-03-31T20:27:12.500365Z"}
{"@file":"src/psp/format_2025/operations.rs","@level":"debug","@line":37,"@message":"✅ Operations packed: result=39281","@module":"flavor::psp::format_2025::operations","@pid":6368,"@timestamp":"2026-03-31T20:27:12.500366Z"}
{"@file":"src/psp/format_2025/operations.rs","@level":"debug","@line":37,"@message":"✅ Operations packed: result=53998","@module":"flavor::psp::format_2025::operations","@pid":6368,"@timestamp":"2026-03-31T20:27:12.500388Z"}
{"@file":"src/psp/format_2025/operations.rs","@level":"debug","@line":60,"@message":"✅ Operations unpacked: count=2 operations=[238, 210]","@module":"flavor::psp::format_2025::operations","@pid":6368,"@timestamp":"2026-03-31T20:27:12.500416Z"}
{"@file":"src/psp/format_2025/operations.rs","@level":"debug","@line":60,"@message":"✅ Operations unpacked: count=8 operations=[128, 37, 171, 236, 179, 81, 227, 80]","@module":"flavor::psp::format_2025::operations","@pid":6368,"@timestamp":"2026-03-31T20:27:12.500418Z"}
{"@file":"src/psp/format_2025/operations.rs","@level":"debug","@line":37,"@message":"✅ Operations packed: result=1002375241325","@module":"flavor::psp::format_2025::operations","@pid":6368,"@timestamp":"2026-03-31T20:27:12.500431Z"}
{"@file":"src/psp/format_2025/operations.rs","@level":"debug","@line":37,"@message":"✅ Operations packed: result=5828592175959188864","@module":"flavor::psp::format_2025::operations","@pid":6368,"@timestamp":"2026-03-31T20:27:12.500438Z"}
{"@file":"src/psp/format_2025/operations.rs","@level":"debug","@line":37,"@message":"✅ Operations packed: result=905592077277","@module":"flavor::psp::format_2025::operations","@pid":6368,"@timestamp":"2026-03-31T20:27:12.500462Z"}
{"@file":"src/psp/format_2025/operations.rs","@level":"debug","@line":60,"@message":"✅ Operations unpacked: count=8 operations=[128, 37, 171, 236, 179, 81, 227, 80]","@module":"flavor::psp::format_2025::operations","@pid":6368,"@timestamp":"2026-03-31T20:27:12.500473Z"}
{"@file":"src/psp/format_2025/operations.rs","@level":"debug","@line":60,"@message":"✅ Operations unpacked: count=5 operations=[221, 123, 126, 217, 210]","@module":"flavor::psp::format_2025::operations","@pid":6368,"@timestamp":"2026-03-31T20:27:12.500488Z"}
{"@file":"src/psp/format_2025/operations.rs","@level":"debug","@line":37,"@message":"✅ Operations packed: result=9930961","@module":"flavor::psp::format_2025::operations","@pid":6368,"@timestamp":"2026-03-31T20:27:12.500525Z"}
{"@file":"src/psp/format_2025/operations.rs","@level":"debug","@line":60,"@message":"✅ Operations unpacked: count=8 operations=[128, 122, 134, 224, 206, 92, 78, 68]","@module":"flavor::psp::format_2025::operations","@pid":6368,"@timestamp":"2026-03-31T20:27:12.500538Z"}
{"@file":"src/psp/format_2025/operations.rs","@level":"debug","@line":37,"@message":"✅ Operations packed: result=4921973486362458752","@module":"flavor::psp::format_2025::operations","@pid":6368,"@timestamp":"2026-03-31T20:27:12.500559Z"}
{"@file":"src/psp/format_2025/operations.rs","@level":"debug","@line":37,"@message":"✅ Operations packed: result=25283237831594563","@module":"flavor::psp::format_2025::operations","@pid":6368,"@timestamp":"2026-03-31T20:27:12.500562Z"}
{"@file":"src/psp/format_2025/operations.rs","@level":"debug","@line":37,"@message":"✅ Operations packed: result=0","@module":"flavor::psp::format_2025::operations","@pid":6368,"@timestamp":"2026-03-31T20:27:12.500577Z"}
{"@file":"src/psp/format_2025/operations.rs","@level":"debug","@line":60,"@message":"✅ Operations unpacked: count=8 operations=[128, 122, 134, 224, 206, 92, 78, 68]","@module":"flavor::psp::format_2025::operations","@pid":6368,"@timestamp":"2026-03-31T20:27:12.500578Z"}
{"@file":"src/psp/format_2025/operations.rs","@level":"debug","@line":60,"@message":"✅ Operations unpacked: count=7 operations=[67, 82, 185, 137, 248, 210, 89]","@module":"flavor::psp::format_2025::operations","@pid":6368,"@timestamp":"2026-03-31T20:27:12.500596Z"}
{"@file":"src/psp/format_2025/operations.rs","@level":"debug","@line":37,"@message":"✅ Operations packed: result=889058022","@module":"flavor::psp::format_2025::operations","@pid":6368,"@timestamp":"2026-03-31T20:27:12.500635Z"}
{"@file":"src/psp/format_2025/operations.rs","@level":"debug","@line":60,"@message":"✅ Operations unpacked: count=8 operations=[228, 147, 126, 163, 52, 26, 47, 88]","@module":"flavor::psp::format_2025::operations","@pid":6368,"@timestamp":"2026-03-31T20:27:12.500642Z"}
{"@file":"src/psp/format_2025/operations.rs","@level":"debug","@line":37,"@message":"✅ Operations packed: result=6771883","@module":"flavor::psp::format_2025::operations","@pid":6368,"@timestamp":"2026-03-31T20:27:12.500652Z"}
{"@file":"src/psp/format_2025/operations.rs","@level":"debug","@line":37,"@message":"✅ Operations packed: result=6354326412626662372","@module":"flavor::psp::format_2025::operations","@pid":6368,"@timestamp":"2026-03-31T20:27:12.500682Z"}
{"@file":"src/psp/format_2025/operations.rs","@level":"debug","@line":37,"@message":"✅ Operations packed: result=3731","@module":"flavor::psp::format_2025::operations","@pid":6368,"@timestamp":"2026-03-31T20:27:12.500692Z"}
{"@file":"src/psp/format_2025/operations.rs","@level":"debug","@line":60,"@message":"✅ Operations unpacked: count=8 operations=[228, 147, 126, 163, 52, 26, 47, 88]","@module":"flavor::psp::format_2025::operations","@pid":6368,"@timestamp":"2026-03-31T20:27:12.500706Z"}
{"@file":"src/psp/format_2025/operations.rs","@level":"debug","@line":60,"@message":"✅ Operations unpacked: count=3 operations=[171, 84, 103]","@module":"flavor::psp::format_2025::operations","@pid":6368,"@timestamp":"2026-03-31T20:27:12.500696Z"}
{"@file":"src/psp/format_2025/operations.rs","@level":"debug","@line":37,"@message":"✅ Operations packed: result=228","@module":"flavor::psp::format_2025::operations","@pid":6368,"@timestamp":"2026-03-31T20:27:12.500749Z"}
{"@file":"src/psp/format_2025/operations.rs","@level":"debug","@line":60,"@message":"✅ Operations unpacked: count=8 operations=[42, 104, 139, 74, 235, 97, 22, 164]","@module":"flavor::psp::format_2025::operations","@pid":6368,"@timestamp":"2026-03-31T20:27:12.500765Z"}
{"@file":"src/psp/format_2025/operations.rs","@level":"debug","@line":37,"@message":"✅ Operations packed: result=60793","@module":"flavor::psp::format_2025::operations","@pid":6368,"@timestamp":"2026-03-31T20:27:12.500772Z"}
{"@file":"src/psp/format_2025/operations.rs","@level":"debug","@line":37,"@message":"✅ Operations packed: result=11823745534903674922","@module":"flavor::psp::format_2025::operations","@pid":6368,"@timestamp":"2026-03-31T20:27:12.500794Z"}
{"@file":"src/psp/format_2025/operations.rs","@level":"debug","@line":60,"@message":"✅ Operations unpacked: count=2 operations=[121, 237]","@module":"flavor::psp::format_2025::operations","@pid":6368,"@timestamp":"2026-03-31T20:27:12.500798Z"}
{"@file":"src/psp/format_2025/operations.rs","@level":"debug","@line":37,"@message":"✅ Operations packed: result=91556639826820","@module":"flavor::psp::format_2025::operations","@pid":6368,"@timestamp":"2026-03-31T20:27:12.500804Z"}
{"@file":"src/psp/format_2025/operations.rs","@level":"debug","@line":60,"@message":"✅ Operations unpacked: count=8 operations=[42, 104, 139, 74, 235, 97, 22, 164]","@module":"flavor::psp::format_2025::operations","@pid":6368,"@timestamp":"2026-03-31T20:27:12.500812Z"}
{"@file":"src/psp/format_2025/operations.rs","@level":"debug","@line":37,"@message":"✅ Operations packed: result=8603805930443977948","@module":"flavor::psp::format_2025::operations","@pid":6368,"@timestamp":"2026-03-31T20:27:12.500847Z"}
{"@file":"src/psp/format_2025/operations.rs","@level":"debug","@line":37,"@message":"✅ Operations packed: result=9880565575013051","@module":"flavor::psp::format_2025::operations","@pid":6368,"@timestamp":"2026-03-31T20:27:12.500864Z"}
{"@file":"src/psp/format_2025/operations.rs","@level":"debug","@line":60,"@message":"✅ Operations unpacked: count=8 operations=[38, 215, 144, 66, 29, 201, 214, 190]","@module":"flavor::psp::format_2025::operations","@pid":6368,"@timestamp":"2026-03-31T20:27:12.500874Z"}
{"@file":"src/psp/format_2025/operations.rs","@level":"debug","@line":37,"@message":"✅ Operations packed: result=13751399639730411302","@module":"flavor::psp::format_2025::operations","@pid":6368,"@timestamp":"2026-03-31T20:27:12.500918Z"}
{"@file":"src/psp/format_2025/operations.rs","@level":"debug","@line":37,"@message":"✅ Operations packed: result=0","@module":"flavor::psp::format_2025::operations","@pid":6368,"@timestamp":"2026-03-31T20:27:12.500947Z"}
{"@file":"src/psp/format_2025/operations.rs","@level":"debug","@line":60,"@message":"✅ Operations unpacked: count=8 operations=[220, 52, 131, 168, 232, 219, 102, 119]","@module":"flavor::psp::format_2025::operations","@pid":6368,"@timestamp":"2026-03-31T20:27:12.500867Z"}
{"@file":"src/psp/format_2025/operations.rs","@level":"debug","@line":60,"@message":"✅ Operations unpacked: count=8 operations=[38, 215, 144, 66, 29, 201, 214, 190]","@module":"flavor::psp::format_2025::operations","@pid":6368,"@timestamp":"2026-03-31T20:27:12.500949Z"}
{"@file":"src/psp/format_2025/operations.rs","@level":"debug","@line":37,"@message":"✅ Operations packed: result=2852382391","@module":"flavor::psp::format_2025::operations","@pid":6368,"@timestamp":"2026-03-31T20:27:12.500999Z"}
{"@file":"src/psp/format_2025/operations.rs","@level":"debug","@line":37,"@message":"✅ Operations packed: result=330304710522","@module":"flavor::psp::format_2025::operations","@pid":6368,"@timestamp":"2026-03-31T20:27:12.501009Z"}
{"@file":"src/psp/format_2025/operations.rs","@level":"debug","@line":60,"@message":"✅ Operations unpacked: count=8 operations=[61, 188, 150, 205, 35, 51, 177, 80]","@module":"flavor::psp::format_2025::operations","@pid":6368,"@timestamp":"2026-03-31T20:27:12.501015Z"}
{"@file":"src/psp/format_2025/operations.rs","@level":"debug","@line":60,"@message":"✅ Operations unpacked: count=5 operations=[122, 231, 177, 231, 76]","@module":"flavor::psp::format_2025::operations","@pid":6368,"@timestamp":"2026-03-31T20:27:12.501027Z"}
{"@file":"src/psp/format_2025/operations.rs","@level":"debug","@line":37,"@message":"✅ Operations packed: result=5814484822778100797","@module":"flavor::psp::format_2025::operations","@pid":6368,"@timestamp":"2026-03-31T20:27:12.501037Z"}
{"@file":"src/psp/format_2025/operations.rs","@level":"debug","@line":37,"@message":"✅ Operations packed: result=44783","@module":"flavor::psp::format_2025::operations","@pid":6368,"@timestamp":"2026-03-31T20:27:12.501047Z"}
{"@file":"src/psp/format_2025/operations.rs","@level":"debug","@line":60,"@message":"✅ Operations unpacked: count=8 operations=[61, 188, 150, 205, 35, 51, 177, 80]","@module":"flavor::psp::format_2025::operations","@pid":6368,"@timestamp":"2026-03-31T20:27:12.501055Z"}
{"@file":"src/psp/format_2025/operations.rs","@level":"debug","@line":37,"@message":"✅ Operations packed: result=8829877908124873991","@module":"flavor::psp::format_2025::operations","@pid":6368,"@timestamp":"2026-03-31T20:27:12.501076Z"}
{"@file":"src/psp/format_2025/operations.rs","@level":"debug","@line":37,"@message":"✅ Operations packed: result=0","@module":"flavor::psp::format_2025::operations","@pid":6368,"@timestamp":"2026-03-31T20:27:12.501092Z"}
{"@file":"src/psp/format_2025/operations.rs","@level":"debug","@line":60,"@message":"✅ Operations unpacked: count=8 operations=[172, 240, 21, 173, 93, 87, 163, 233]","@module":"flavor::psp::format_2025::operations","@pid":6368,"@timestamp":"2026-03-31T20:27:12.501102Z"}
{"@file":"src/psp/format_2025/operations.rs","@level":"debug","@line":60,"@message":"✅ Operations unpacked: count=8 operations=[7, 53, 218, 187, 44, 7, 138, 122]","@module":"flavor::psp::format_2025::operations","@pid":6368,"@timestamp":"2026-03-31T20:27:12.501095Z"}
{"@file":"src/psp/format_2025/operations.rs","@level":"debug","@line":37,"@message":"✅ Operations packed: result=16835395891888517292","@module":"flavor::psp::format_2025::operations","@pid":6368,"@timestamp":"2026-03-31T20:27:12.501126Z"}
{"@file":"src/psp/format_2025/operations.rs","@level":"debug","@line":37,"@message":"✅ Operations packed: result=22563708276978769","@module":"flavor::psp::format_2025::operations","@pid":6368,"@timestamp":"2026-03-31T20:27:12.501141Z"}
{"@file":"src/psp/format_2025/operations.rs","@level":"debug","@line":60,"@message":"✅ Operations unpacked: count=8 operations=[172, 240, 21, 173, 93, 87, 163, 233]","@module":"flavor::psp::format_2025::operations","@pid":6368,"@timestamp":"2026-03-31T20:27:12.501157Z"}
{"@file":"src/psp/format_2025/operations.rs","@level":"debug","@line":37,"@message":"✅ Operations packed: result=92","@module":"flavor::psp::format_2025::operations","@pid":6368,"@timestamp":"2026-03-31T20:27:12.501175Z"}
{"@file":"src/psp/format_2025/operations.rs","@level":"debug","@line":37,"@message":"✅ Operations packed: result=51651776550105255","@module":"flavor::psp::format_2025::operations","@pid":6368,"@timestamp":"2026-03-31T20:27:12.501193Z"}
{"@file":"src/psp/format_2025/operations.rs","@level":"debug","@line":60,"@message":"✅ Operations unpacked: count=8 operations=[250, 27, 84, 144, 198, 169, 117, 229]","@module":"flavor::psp::format_2025::operations","@pid":6368,"@timestamp":"2026-03-31T20:27:12.501205Z"}
{"@file":"src/psp/format_2025/operations.rs","@level":"debug","@line":60,"@message":"✅ Operations unpacked: count=1 operations=[92]","@module":"flavor::psp::format_2025::operations","@pid":6368,"@timestamp":"2026-03-31T20:27:12.501201Z"}
{"@file":"src/psp/format_2025/operations.rs","@level":"debug","@line":37,"@message":"✅ Operations packed: result=16534308277250694138","@module":"flavor::psp::format_2025::operations","@pid":6368,"@timestamp":"2026-03-31T20:27:12.501233Z"}
{"@file":"src/psp/format_2025/operations.rs","@level":"debug","@line":37,"@message":"✅ Operations packed: result=501993182761","@module":"flavor::psp::format_2025::operations","@pid":6368,"@timestamp":"2026-03-31T20:27:12.501251Z"}
{"@file":"src/psp/format_2025/operations.rs","@level":"debug","@line":60,"@message":"✅ Operations unpacked: count=8 operations=[250, 27, 84, 144, 198, 169, 117, 229]","@module":"flavor::psp::format_2025::operations","@pid":6368,"@timestamp":"2026-03-31T20:27:12.501257Z"}
{"@file":"src/psp/format_2025/operations.rs","@level":"debug","@line":37,"@message":"✅ Operations packed: result=4306049151249","@module":"flavor::psp::format_2025::operations","@pid":6368,"@timestamp":"2026-03-31T20:27:12.501274Z"}
{"@file":"src/psp/format_2025/operations.rs","@level":"debug","@line":37,"@message":"✅ Operations packed: result=0","@module":"flavor::psp::format_2025::operations","@pid":6368,"@timestamp":"2026-03-31T20:27:12.501299Z"}
{"@file":"src/psp/format_2025/operations.rs","@level":"debug","@line":60,"@message":"✅ Operations unpacked: count=6 operations=[17, 177, 135, 148, 234, 3]","@module":"flavor::psp::format_2025::operations","@pid":6368,"@timestamp":"2026-03-31T20:27:12.501301Z"}
{"@file":"src/psp/format_2025/operations.rs","@level":"debug","@line":60,"@message":"✅ Operations unpacked: count=8 operations=[211, 43, 205, 74, 240, 232, 161, 184]","@module":"flavor::psp::format_2025::operations","@pid":6368,"@timestamp":"2026-03-31T20:27:12.501305Z"}
{"@file":"src/psp/format_2025/operations.rs","@level":"debug","@line":37,"@message":"✅ Operations packed: result=33828781477693121","@module":"flavor::psp::format_2025::operations","@pid":6368,"@timestamp":"2026-03-31T20:27:12.501360Z"}
{"@file":"src/psp/format_2025/operations.rs","@level":"debug","@line":37,"@message":"✅ Operations packed: result=13304170892973910995","@module":"flavor::psp::format_2025::operations","@pid":6368,"@timestamp":"2026-03-31T20:27:12.501366Z"}
{"@file":"src/psp/format_2025/operations.rs","@level":"debug","@line":60,"@message":"✅ Operations unpacked: count=8 operations=[211, 43, 205, 74, 240, 232, 161, 184]","@module":"flavor::psp::format_2025::operations","@pid":6368,"@timestamp":"2026-03-31T20:27:12.501389Z"}
{"@file":"src/psp/format_2025/operations.rs","@level":"debug","@line":37,"@message":"✅ Operations packed: result=83307618615761","@module":"flavor::psp::format_2025::operations","@pid":6368,"@timestamp":"2026-03-31T20:27:12.501384Z"}
{"@file":"src/psp/format_2025/operations.rs","@level":"debug","@line":37,"@message":"✅ Operations packed: result=278641789321515","@module":"flavor::psp::format_2025::operations","@pid":6368,"@timestamp":"2026-03-31T20:27:12.501410Z"}
{"@file":"src/psp/format_2025/operations.rs","@level":"debug","@line":60,"@message":"✅ Operations unpacked: count=6 operations=[209, 193, 3, 145, 196, 75]","@module":"flavor::psp::format_2025::operations","@pid":6368,"@timestamp":"2026-03-31T20:27:12.501432Z"}
{"@file":"src/psp/format_2025/operations.rs","@level":"debug","@line":60,"@message":"✅ Operations unpacked: count=8 operations=[42, 9, 10, 218, 25, 194, 105, 56]","@module":"flavor::psp::format_2025::operations","@pid":6368,"@timestamp":"2026-03-31T20:27:12.501440Z"}
{"@file":"src/psp/format_2025/operations.rs","@level":"debug","@line":37,"@message":"✅ Operations packed: result=4064993554966645034","@module":"flavor::psp::format_2025::operations","@pid":6368,"@timestamp":"2026-03-31T20:27:12.501469Z"}
{"@file":"src/psp/format_2025/operations.rs","@level":"debug","@line":37,"@message":"✅ Operations packed: result=138741623441116","@module":"flavor::psp::format_2025::operations","@pid":6368,"@timestamp":"2026-03-31T20:27:12.501474Z"}
{"@file":"src/psp/format_2025/operations.rs","@level":"debug","@line":60,"@message":"✅ Operations unpacked: count=8 operations=[42, 9, 10, 218, 25, 194, 105, 56]","@module":"flavor::psp::format_2025::operations","@pid":6368,"@timestamp":"2026-03-31T20:27:12.501488Z"}
{"@file":"src/psp/format_2025/operations.rs","@level":"debug","@line":37,"@message":"✅ Operations packed: result=60705055249059068","@module":"flavor::psp::format_2025::operations","@pid":6368,"@timestamp":"2026-03-31T20:27:12.501488Z"}
{"@file":"src/psp/format_2025/operations.rs","@level":"debug","@line":37,"@message":"✅ Operations packed: result=15274","@module":"flavor::psp::format_2025::operations","@pid":6368,"@timestamp":"2026-03-31T20:27:12.501522Z"}
{"@file":"src/psp/format_2025/operations.rs","@level":"debug","@line":60,"@message":"✅ Operations unpacked: count=7 operations=[252, 204, 48, 22, 237, 170, 215]","@module":"flavor::psp::format_2025::operations","@pid":6368,"@timestamp":"2026-03-31T20:27:12.501526Z"}
{"@file":"src/psp/format_2025/operations.rs","@level":"debug","@line":60,"@message":"✅ Operations unpacked: count=8 operations=[222, 6, 1, 190, 245, 159, 193, 171]","@module":"flavor::psp::format_2025::operations","@pid":6368,"@timestamp":"2026-03-31T20:27:12.501540Z"}
{"@file":"src/psp/format_2025/operations.rs","@level":"debug","@line":37,"@message":"✅ Operations packed: result=124","@module":"flavor::psp::format_2025::operations","@pid":6368,"@timestamp":"2026-03-31T20:27:12.501582Z"}
{"@file":"src/psp/format_2025/operations.rs","@level":"debug","@line":37,"@message":"✅ Operations packed: result=39926819412686779","@module":"flavor::psp::format_2025::operations","@pid":6368,"@timestamp":"2026-03-31T20:27:12.501600Z"}
{"@file":"src/psp/format_2025/operations.rs","@level":"debug","@line":37,"@message":"✅ Operations packed: result=12376349128794375902","@module":"flavor::psp::format_2025::operations","@pid":6368,"@timestamp":"2026-03-31T20:27:12.501589Z"}
{"@file":"src/psp/format_2025/operations.rs","@level":"debug","@line":60,"@message":"✅ Operations unpacked: count=7 operations=[187, 183, 26, 16, 59, 217, 141]","@module":"flavor::psp::format_2025::operations","@pid":6368,"@timestamp":"2026-03-31T20:27:12.501633Z"}
{"@file":"src/psp/format_2025/operations.rs","@level":"debug","@line":37,"@message":"✅ Operations packed: result=1110467907","@module":"flavor::psp::format_2025::operations","@pid":6368,"@timestamp":"2026-03-31T20:27:12.501645Z"}
{"@file":"src/psp/format_2025/operations.rs","@level":"debug","@line":60,"@message":"✅ Operations unpacked: count=8 operations=[222, 6, 1, 190, 245, 159, 193, 171]","@module":"flavor::psp::format_2025::operations","@pid":6368,"@timestamp":"2026-03-31T20:27:12.501650Z"}
{"@file":"src/psp/format_2025/operations.rs","@level":"debug","@line":37,"@message":"✅ Operations packed: result=14237402","@module":"flavor::psp::format_2025::operations","@pid":6368,"@timestamp":"2026-03-31T20:27:12.501686Z"}
{"@file":"src/psp/format_2025/operations.rs","@level":"debug","@line":37,"@message":"✅ Operations packed: result=63499","@module":"flavor::psp::format_2025::operations","@pid":6368,"@timestamp":"2026-03-31T20:27:12.501702Z"}
{"@file":"src/psp/format_2025/operations.rs","@level":"debug","@line":60,"@message":"✅ Operations unpacked: count=3 operations=[218, 62, 217]","@module":"flavor::psp::format_2025::operations","@pid":6368,"@timestamp":"2026-03-31T20:27:12.501715Z"}
{"@file":"src/psp/format_2025/operations.rs","@level":"debug","@line":60,"@message":"✅ Operations unpacked: count=8 operations=[103, 74, 31, 69, 77, 146, 246, 39]","@module":"flavor::psp::format_2025::operations","@pid":6368,"@timestamp":"2026-03-31T20:27:12.501719Z"}
{"@file":"src/psp/format_2025/operations.rs","@level":"debug","@line":37,"@message":"✅ Operations packed: result=131126767584490","@module":"flavor::psp::format_2025::operations","@pid":6368,"@timestamp":"2026-03-31T20:27:12.501758Z"}
{"@file":"src/psp/format_2025/operations.rs","@level":"debug","@line":37,"@message":"✅ Operations packed: result=2879649872319826535","@module":"flavor::psp::format_2025::operations","@pid":6368,"@timestamp":"2026-03-31T20:27:12.501759Z"}
{"@file":"src/psp/format_2025/operations.rs","@level":"debug","@line":37,"@message":"✅ Operations packed: result=37253","@module":"flavor::psp::format_2025::operations","@pid":6368,"@timestamp":"2026-03-31T20:27:12.501774Z"}
{"@file":"src/psp/format_2025/operations.rs","@level":"debug","@line":60,"@message":"✅ Operations unpacked: count=8 operations=[103, 74, 31, 69, 77, 146, 246, 39]","@module":"flavor::psp::format_2025::operations","@pid":6368,"@timestamp":"2026-03-31T20:27:12.501790Z"}
{"@file":"src/psp/format_2025/operations.rs","@level":"debug","@line":60,"@message":"✅ Operations unpacked: count=2 operations=[133, 145]","@module":"flavor::psp::format_2025::operations","@pid":6368,"@timestamp":"2026-03-31T20:27:12.501802Z"}
{"@file":"src/psp/format_2025/operations.rs","@level":"debug","@line":37,"@message":"✅ Operations packed: result=0","@module":"flavor::psp::format_2025::operations","@pid":6368,"@timestamp":"2026-03-31T20:27:12.501808Z"}
{"@file":"src/psp/format_2025/operations.rs","@level":"debug","@line":37,"@message":"✅ Operations packed: result=175424169905552","@module":"flavor::psp::format_2025::operations","@pid":6368,"@timestamp":"2026-03-31T20:27:12.501860Z"}
{"@file":"src/psp/format_2025/operations.rs","@level":"debug","@line":60,"@message":"✅ Operations unpacked: count=6 operations=[144, 13, 85, 31, 140, 159]","@module":"flavor::psp::format_2025::operations","@pid":6368,"@timestamp":"2026-03-31T20:27:12.501891Z"}
{"@file":"src/psp/format_2025/operations.rs","@level":"debug","@line":60,"@message":"✅ Operations unpacked: count=8 operations=[164, 22, 101, 231, 89, 75, 56, 161]","@module":"flavor::psp::format_2025::operations","@pid":6368,"@timestamp":"2026-03-31T20:27:12.501845Z"}
{"@file":"src/psp/format_2025/operations.rs","@level":"debug","@line":37,"@message":"✅ Operations packed: result=0","@module":"flavor::psp::format_2025::operations","@pid":6368,"@timestamp":"2026-03-31T20:27:12.501906Z"}
{"@file":"src/psp/format_2025/operations.rs","@level":"debug","@line":37,"@message":"✅ Operations packed: result=11617118088308528804","@module":"flavor::psp::format_2025::operations","@pid":6368,"@timestamp":"2026-03-31T20:27:12.501925Z"}
{"@file":"src/psp/format_2025/operations.rs","@level":"debug","@line":37,"@message":"✅ Operations packed: result=7372135","@module":"flavor::psp::format_2025::operations","@pid":6368,"@timestamp":"2026-03-31T20:27:12.501937Z"}
{"@file":"src/psp/format_2025/operations.rs","@level":"debug","@line":60,"@message":"✅ Operations unpacked: count=8 operations=[164, 22, 101, 231, 89, 75, 56, 161]","@module":"flavor::psp::format_2025::operations","@pid":6368,"@timestamp":"2026-03-31T20:27:12.501955Z"}
{"@file":"src/psp/format_2025/operations.rs","@level":"debug","@line":37,"@message":"✅ Operations packed: result=13103362171105","@module":"flavor::psp::format_2025::operations","@pid":6368,"@timestamp":"2026-03-31T20:27:12.501965Z"}
{"@file":"src/psp/format_2025/operations.rs","@level":"debug","@line":60,"@message":"✅ Operations unpacked: count=3 operations=[103, 125, 112]","@module":"flavor::psp::format_2025::operations","@pid":6368,"@timestamp":"2026-03-31T20:27:12.501965Z"}
{"@file":"src/psp/format_2025/operations.rs","@level":"debug","@line":60,"@message":"✅ Operations unpacked: count=8 operations=[232, 54, 138, 85, 164, 110, 228, 36]","@module":"flavor::psp::format_2025::operations","@pid":6368,"@timestamp":"2026-03-31T20:27:12.502023Z"}
{"@file":"src/psp/format_2025/operations.rs","@level":"debug","@line":37,"@message":"✅ Operations packed: result=6143400232249077","@module":"flavor::psp::format_2025::operations","@pid":6368,"@timestamp":"2026-03-31T20:27:12.502044Z"}
{"@file":"src/psp/format_2025/operations.rs","@level":"debug","@line":37,"@message":"✅ Operations packed: result=3291953168","@module":"flavor::psp::format_2025::operations","@pid":6368,"@timestamp":"2026-03-31T20:27:12.502055Z"}
{"@file":"src/psp/format_2025/operations.rs","@level":"debug","@line":37,"@message":"✅ Operations packed: result=9787583","@module":"flavor::psp::format_2025::operations","@pid":6368,"@timestamp":"2026-03-31T20:27:12.502102Z"}
{"@file":"src/psp/format_2025/operations.rs","@level":"debug","@line":60,"@message":"✅ Operations unpacked: count=4 operations=[16, 56, 55, 196]","@module":"flavor::psp::format_2025::operations","@pid":6368,"@timestamp":"2026-03-31T20:27:12.502117Z"}
{"@file":"src/psp/format_2025/operations.rs","@level":"debug","@line":37,"@message":"✅ Operations packed: result=2658371332144248552","@module":"flavor::psp::format_2025::operations","@pid":6368,"@timestamp":"2026-03-31T20:27:12.502055Z"}
{"@file":"src/psp/format_2025/operations.rs","@level":"debug","@line":37,"@message":"✅ Operations packed: result=3977297209909983493","@module":"flavor::psp::format_2025::operations","@pid":6368,"@timestamp":"2026-03-31T20:27:12.502164Z"}
{"@file":"src/psp/format_2025/operations.rs","@level":"debug","@line":60,"@message":"✅ Operations unpacked: count=8 operations=[232, 54, 138, 85, 164, 110, 228, 36]","@module":"flavor::psp::format_2025::operations","@pid":6368,"@timestamp":"2026-03-31T20:27:12.502166Z"}
{"@file":"src/psp/format_2025/operations.rs","@level":"debug","@line":37,"@message":"✅ Operations packed: result=2688791326","@module":"flavor::psp::format_2025::operations","@pid":6368,"@timestamp":"2026-03-31T20:27:12.502174Z"}
{"@file":"src/psp/format_2025/operations.rs","@level":"debug","@line":60,"@message":"✅ Operations unpacked: count=4 operations=[30, 179, 67, 160]","@module":"flavor::psp::format_2025::operations","@pid":6368,"@timestamp":"2026-03-31T20:27:12.502238Z"}
{"@file":"src/psp/format_2025/operations.rs","@level":"debug","@line":37,"@message":"✅ Operations packed: result=10745696","@module":"flavor::psp::format_2025::operations","@pid":6368,"@timestamp":"2026-03-31T20:27:12.502259Z"}
{"@file":"src/psp/format_2025/operations.rs","@level":"debug","@line":60,"@message":"✅ Operations unpacked: count=8 operations=[146, 196, 146, 143, 45, 191, 68, 90]","@module":"flavor::psp::format_2025::operations","@pid":6368,"@timestamp":"2026-03-31T20:27:12.502268Z"}
{"@file":"src/psp/format_2025/operations.rs","@level":"debug","@line":37,"@message":"✅ Operations packed: result=57","@module":"flavor::psp::format_2025::operations","@pid":6368,"@timestamp":"2026-03-31T20:27:12.502293Z"}
{"@file":"src/psp/format_2025/operations.rs","@level":"debug","@line":37,"@message":"✅ Operations packed: result=6504533964233032850","@module":"flavor::psp::format_2025::operations","@pid":6368,"@timestamp":"2026-03-31T20:27:12.502310Z"}
{"@file":"src/psp/format_2025/operations.rs","@level":"debug","@line":60,"@message":"✅ Operations unpacked: count=1 operations=[57]","@module":"flavor::psp::format_2025::operations","@pid":6368,"@timestamp":"2026-03-31T20:27:12.502322Z"}
{"@file":"src/psp/format_2025/operations.rs","@level":"debug","@line":60,"@message":"✅ Operations unpacked: count=8 operations=[146, 196, 146, 143, 45, 191, 68, 90]","@module":"flavor::psp::format_2025::operations","@pid":6368,"@timestamp":"2026-03-31T20:27:12.502340Z"}
{"@file":"src/psp/format_2025/operations.rs","@level":"debug","@line":37,"@message":"✅ Operations packed: result=12459","@module":"flavor::psp::format_2025::operations","@pid":6368,"@timestamp":"2026-03-31T20:27:12.502323Z"}
{"@file":"src/psp/format_2025/operations.rs","@level":"debug","@line":37,"@message":"✅ Operations packed: result=242","@module":"flavor::psp::format_2025::operations","@pid":6368,"@timestamp":"2026-03-31T20:27:12.502384Z"}
{"@file":"src/psp/format_2025/operations.rs","@level":"debug","@line":60,"@message":"✅ Operations unpacked: count=8 operations=[216, 42, 12, 160, 133, 18, 38, 55]","@module":"flavor::psp::format_2025::operations","@pid":6368,"@timestamp":"2026-03-31T20:27:12.502397Z"}
{"@file":"src/psp/format_2025/operations.rs","@level":"debug","@line":60,"@message":"✅ Operations unpacked: count=1 operations=[242]","@module":"flavor::psp::format_2025::operations","@pid":6368,"@timestamp":"2026-03-31T20:27:12.502415Z"}
{"@file":"src/psp/format_2025/operations.rs","@level":"debug","@line":37,"@message":"✅ Operations packed: result=3973884086326143704","@module":"flavor::psp::format_2025::operations","@pid":6368,"@timestamp":"2026-03-31T20:27:12.502428Z"}
{"@file":"src/psp/format_2025/operations.rs","@level":"debug","@line":37,"@message":"✅ Operations packed: result=4","@module":"flavor::psp::format_2025::operations","@pid":6368,"@timestamp":"2026-03-31T20:27:12.502420Z"}
{"@file":"src/psp/format_2025/operations.rs","@level":"debug","@line":60,"@message":"✅ Operations unpacked: count=8 operations=[216, 42, 12, 160, 133, 18, 38, 55]","@module":"flavor::psp::format_2025::operations","@pid":6368,"@timestamp":"2026-03-31T20:27:12.502457Z"}
{"@file":"src/psp/format_2025/operations.rs","@level":"debug","@line":37,"@message":"✅ Operations packed: result=9959","@module":"flavor::psp::format_2025::operations","@pid":6368,"@timestamp":"2026-03-31T20:27:12.502477Z"}
{"@file":"src/psp/format_2025/operations.rs","@level":"debug","@line":60,"@message":"✅ Operations unpacked: count=2 operations=[231, 38]","@module":"flavor::psp::format_2025::operations","@pid":6368,"@timestamp":"2026-03-31T20:27:12.502506Z"}
{"@file":"src/psp/format_2025/operations.rs","@level":"debug","@line":60,"@message":"✅ Operations unpacked: count=8 operations=[234, 15, 38, 15, 203, 255, 220, 206]","@module":"flavor::psp::format_2025::operations","@pid":6368,"@timestamp":"2026-03-31T20:27:12.502511Z"}
{"@file":"src/psp/format_2025/operations.rs","@level":"debug","@line":37,"@message":"✅ Operations packed: result=91336884432749","@module":"flavor::psp::format_2025::operations","@pid":6368,"@timestamp":"2026-03-31T20:27:12.502511Z"}
{"@file":"src/psp/format_2025/operations.rs","@level":"debug","@line":37,"@message":"✅ Operations packed: result=14906070114287095786","@module":"flavor::psp::format_2025::operations","@pid":6368,"@timestamp":"2026-03-31T20:27:12.502545Z"}
{"@file":"src/psp/format_2025/operations.rs","@level":"debug","@line":37,"@message":"✅ Operations packed: result=0","@module":"flavor::psp::format_2025::operations","@pid":6368,"@timestamp":"2026-03-31T20:27:12.502552Z"}
{"@file":"src/psp/format_2025/operations.rs","@level":"debug","@line":60,"@message":"✅ Operations unpacked: count=8 operations=[234, 15, 38, 15, 203, 255, 220, 206]","@module":"flavor::psp::format_2025::operations","@pid":6368,"@timestamp":"2026-03-31T20:27:12.502568Z"}
{"@file":"src/psp/format_2025/operations.rs","@level":"debug","@line":60,"@message":"✅ Operations unpacked: count=0 operations=[]","@module":"flavor::psp::format_2025::operations","@pid":6368,"@timestamp":"2026-03-31T20:27:12.502583Z"}
{"@file":"src/psp/format_2025/operations.rs","@level":"debug","@line":37,"@message":"✅ Operations packed: result=612220477683","@module":"flavor::psp::format_2025::operations","@pid":6368,"@timestamp":"2026-03-31T20:27:12.502591Z"}
{"@file":"src/psp/format_2025/operations.rs","@level":"debug","@line":60,"@message":"✅ Operations unpacked: count=8 operations=[36, 54, 180, 235, 5, 184, 4, 207]","@module":"flavor::psp::format_2025::operations","@pid":6368,"@timestamp":"2026-03-31T20:27:12.502622Z"}
{"@file":"src/psp/format_2025/operations.rs","@level":"debug","@line":37,"@message":"✅ Operations packed: result=123354808791696","@module":"flavor::psp::format_2025::operations","@pid":6368,"@timestamp":"2026-03-31T20:27:12.502639Z"}
{"@file":"src/psp/format_2025/operations.rs","@level":"debug","@line":37,"@message":"✅ Operations packed: result=14917250201326728740","@module":"flavor::psp::format_2025::operations","@pid":6368,"@timestamp":"2026-03-31T20:27:12.502643Z"}
{"@file":"src/psp/format_2025/operations.rs","@level":"debug","@line":37,"@message":"✅ Operations packed: result=62249175640996218","@module":"flavor::psp::format_2025::operations","@pid":6368,"@timestamp":"2026-03-31T20:27:12.502651Z"}
{"@file":"src/psp/format_2025/operations.rs","@level":"debug","@line":60,"@message":"✅ Operations unpacked: count=8 operations=[36, 54, 180, 235, 5, 184, 4, 207]","@module":"flavor::psp::format_2025::operations","@pid":6368,"@timestamp":"2026-03-31T20:27:12.502690Z"}
{"@file":"src/psp/format_2025/operations.rs","@level":"debug","@line":60,"@message":"✅ Operations unpacked: count=6 operations=[144, 50, 143, 199, 48, 112]","@module":"flavor::psp::format_2025::operations","@pid":6368,"@timestamp":"2026-03-31T20:27:12.502675Z"}
{"@file":"src/psp/format_2025/operations.rs","@level":"debug","@line":37,"@message":"✅ Operations packed: result=0","@module":"flavor::psp::format_2025::operations","@pid":6368,"@timestamp":"2026-03-31T20:27:12.502729Z"}
{"@file":"src/psp/format_2025/operations.rs","@level":"debug","@line":60,"@message":"✅ Operations unpacked: count=8 operations=[202, 215, 117, 37, 157, 10, 34, 122]","@module":"flavor::psp::format_2025::operations","@pid":6368,"@timestamp":"2026-03-31T20:27:12.502742Z"}
{"@file":"src/psp/format_2025/operations.rs","@level":"debug","@line":37,"@message":"✅ Operations packed: result=8800608291889993674","@module":"flavor::psp::format_2025::operations","@pid":6368,"@timestamp":"2026-03-31T20:27:12.502762Z"}
{"@file":"src/psp/format_2025/operations.rs","@level":"debug","@line":37,"@message":"✅ Operations packed: result=36927067344818792","@module":"flavor::psp::format_2025::operations","@pid":6368,"@timestamp":"2026-03-31T20:27:12.502759Z"}
{"@file":"src/psp/format_2025/operations.rs","@level":"debug","@line":60,"@message":"✅ Operations unpacked: count=8 operations=[202, 215, 117, 37, 157, 10, 34, 122]","@module":"flavor::psp::format_2025::operations","@pid":6368,"@timestamp":"2026-03-31T20:27:12.502788Z"}
{"@file":"src/psp/format_2025/operations.rs","@level":"debug","@line":60,"@message":"✅ Operations unpacked: count=7 operations=[104, 82, 175, 219, 248, 48, 131]","@module":"flavor::psp::format_2025::operations","@pid":6368,"@timestamp":"2026-03-31T20:27:12.502800Z"}
{"@file":"src/psp/format_2025/operations.rs","@level":"debug","@line":37,"@message":"✅ Operations packed: result=156","@module":"flavor::psp::format_2025::operations","@pid":6368,"@timestamp":"2026-03-31T20:27:12.502782Z"}
{"@file":"src/psp/format_2025/operations.rs","@level":"debug","@line":60,"@message":"✅ Operations unpacked: count=8 operations=[80, 42, 72, 223, 65, 10, 173, 251]","@module":"flavor::psp::format_2025::operations","@pid":6368,"@timestamp":"2026-03-31T20:27:12.502841Z"}
{"@file":"src/psp/format_2025/operations.rs","@level":"debug","@line":37,"@message":"✅ Operations packed: result=0","@module":"flavor::psp::format_2025::operations","@pid":6368,"@timestamp":"2026-03-31T20:27:12.502850Z"}
{"@file":"src/psp/format_2025/operations.rs","@level":"debug","@line":37,"@message":"✅ Operations packed: result=18135162552526056016","@module":"flavor::psp::format_2025::operations","@pid":6368,"@timestamp":"2026-03-31T20:27:12.502867Z"}
{"@file":"src/psp/format_2025/operations.rs","@level":"debug","@line":37,"@message":"✅ Operations packed: result=154","@module":"flavor::psp::format_2025::operations","@pid":6368,"@timestamp":"2026-03-31T20:27:12.502868Z"}
{"@file":"src/psp/format_2025/operations.rs","@level":"debug","@line":60,"@message":"✅ Operations unpacked: count=8 operations=[80, 42, 72, 223, 65, 10, 173, 251]","@module":"flavor::psp::format_2025::operations","@pid":6368,"@timestamp":"2026-03-31T20:27:12.502887Z"}
{"@file":"src/psp/format_2025/operations.rs","@level":"debug","@line":60,"@message":"✅ Operations unpacked: count=0 operations=[]","@module":"flavor::psp::format_2025::operations","@pid":6368,"@timestamp":"2026-03-31T20:27:12.502875Z"}
{"@file":"src/psp/format_2025/operations.rs","@level":"debug","@line":37,"@message":"✅ Operations packed: result=256727502626","@module":"flavor::psp::format_2025::operations","@pid":6368,"@timestamp":"2026-03-31T20:27:12.502932Z"}
{"@file":"src/psp/format_2025/operations.rs","@level":"debug","@line":60,"@message":"✅ Operations unpacked: count=8 operations=[50, 9, 21, 107, 247, 2, 196, 133]","@module":"flavor::psp::format_2025::operations","@pid":6368,"@timestamp":"2026-03-31T20:27:12.502938Z"}
{"@file":"src/psp/format_2025/operations.rs","@level":"debug","@line":37,"@message":"✅ Operations packed: result=2431127573","@module":"flavor::psp::format_2025::operations","@pid":6368,"@timestamp":"2026-03-31T20:27:12.502951Z"}
{"@file":"src/psp/format_2025/operations.rs","@level":"debug","@line":37,"@message":"✅ Operations packed: result=9638832364156422450","@module":"flavor::psp::format_2025::operations","@pid":6368,"@timestamp":"2026-03-31T20:27:12.502978Z"}
{"@file":"src/psp/format_2025/operations.rs","@level":"debug","@line":60,"@message":"✅ Operations unpacked: count=4 operations=[21, 16, 232, 144]","@module":"flavor::psp::format_2025::operations","@pid":6368,"@timestamp":"2026-03-31T20:27:12.502984Z"}
{"@file":"src/psp/format_2025/operations.rs","@level":"debug","@line":37,"@message":"✅ Operations packed: result=0","@module":"flavor::psp::format_2025::operations","@pid":6368,"@timestamp":"2026-03-31T20:27:12.502989Z"}
{"@file":"src/psp/format_2025/operations.rs","@level":"debug","@line":60,"@message":"✅ Operations unpacked: count=8 operations=[50, 9, 21, 107, 247, 2, 196, 133]","@module":"flavor::psp::format_2025::operations","@pid":6368,"@timestamp":"2026-03-31T20:27:12.502998Z"}
{"@file":"src/psp/format_2025/operations.rs","@level":"debug","@line":37,"@message":"✅ Operations packed: result=2821169","@module":"flavor::psp::format_2025::operations","@pid":6368,"@timestamp":"2026-03-31T20:27:12.503032Z"}
{"@file":"src/psp/format_2025/operations.rs","@level":"debug","@line":37,"@message":"✅ Operations packed: result=200516493790356","@module":"flavor::psp::format_2025::operations","@pid":6368,"@timestamp":"2026-03-31T20:27:12.503048Z"}
{"@file":"src/psp/format_2025/operations.rs","@level":"debug","@line":60,"@message":"✅ Operations unpacked: count=8 operations=[16, 220, 67, 81, 246, 129, 167, 46]","@module":"flavor::psp::format_2025::operations","@pid":6368,"@timestamp":"2026-03-31T20:27:12.503061Z"}
{"@file":"src/psp/format_2025/operations.rs","@level":"debug","@line":60,"@message":"✅ Operations unpacked: count=3 operations=[49, 12, 43]","@module":"flavor::psp::format_2025::operations","@pid":6368,"@timestamp":"2026-03-31T20:27:12.503053Z"}
{"@file":"src/psp/format_2025/operations.rs","@level":"debug","@line":37,"@message":"✅ Operations packed: result=3361798541780704272","@module":"flavor::psp::format_2025::operations","@pid":6368,"@timestamp":"2026-03-31T20:27:12.503088Z"}
{"@file":"src/psp/format_2025/operations.rs","@level":"debug","@line":60,"@message":"✅ Operations unpacked: count=8 operations=[16, 220, 67, 81, 246, 129, 167, 46]","@module":"flavor::psp::format_2025::operations","@pid":6368,"@timestamp":"2026-03-31T20:27:12.503106Z"}
{"@file":"src/psp/format_2025/operations.rs","@level":"debug","@line":37,"@message":"✅ Operations packed: result=16138132906402735596","@module":"flavor::psp::format_2025::operations","@pid":6368,"@timestamp":"2026-03-31T20:27:12.503109Z"}
{"@file":"src/psp/format_2025/operations.rs","@level":"debug","@line":37,"@message":"✅ Operations packed: result=229302397021700","@module":"flavor::psp::format_2025::operations","@pid":6368,"@timestamp":"2026-03-31T20:27:12.503139Z"}
{"@file":"src/psp/format_2025/operations.rs","@level":"debug","@line":60,"@message":"✅ Operations unpacked: count=8 operations=[221, 204, 177, 2, 231, 121, 28, 169]","@module":"flavor::psp::format_2025::operations","@pid":6368,"@timestamp":"2026-03-31T20:27:12.503153Z"}
{"@file":"src/psp/format_2025/operations.rs","@level":"debug","@line":60,"@message":"✅ Operations unpacked: count=6 operations=[4, 174, 235, 159, 140, 208]","@module":"flavor::psp::format_2025::operations","@pid":6368,"@timestamp":"2026-03-31T20:27:12.503161Z"}
{"@file":"src/psp/format_2025/operations.rs","@level":"debug","@line":37,"@message":"✅ Operations packed: result=61832","@module":"flavor::psp::format_2025::operations","@pid":6368,"@timestamp":"2026-03-31T20:27:12.503167Z"}
{"@file":"src/psp/format_2025/operations.rs","@level":"debug","@line":37,"@message":"✅ Operations packed: result=12185748724847332573","@module":"flavor::psp::format_2025::operations","@pid":6368,"@timestamp":"2026-03-31T20:27:12.503180Z"}
{"@file":"src/psp/format_2025/operations.rs","@level":"debug","@line":60,"@message":"✅ Operations unpacked: count=8 operations=[221, 204, 177, 2, 231, 121, 28, 169]","@module":"flavor::psp::format_2025::operations","@pid":6368,"@timestamp":"2026-03-31T20:27:12.503212Z"}
{"@file":"src/psp/format_2025/operations.rs","@level":"debug","@line":37,"@message":"✅ Operations packed: result=4595","@module":"flavor::psp::format_2025::operations","@pid":6368,"@timestamp":"2026-03-31T20:27:12.503222Z"}
{"@file":"src/psp/format_2025/operations.rs","@level":"debug","@line":37,"@message":"✅ Operations packed: result=189","@module":"flavor::psp::format_2025::operations","@pid":6368,"@timestamp":"2026-03-31T20:27:12.503236Z"}
{"@file":"src/psp/format_2025/operations.rs","@level":"debug","@line":60,"@message":"✅ Operations unpacked: count=2 operations=[243, 17]","@module":"flavor::psp::format_2025::operations","@pid":6368,"@timestamp":"2026-03-31T20:27:12.503249Z"}
{"@file":"src/psp/format_2025/operations.rs","@level":"debug","@line":37,"@message":"✅ Operations packed: result=0","@module":"flavor::psp::format_2025::operations","@pid":6368,"@timestamp":"2026-03-31T20:27:12.503295Z"}
{"@file":"src/psp/format_2025/operations.rs","@level":"debug","@line":60,"@message":"✅ Operations unpacked: count=8 operations=[79, 16, 177, 222, 95, 61, 144, 45]","@module":"flavor::psp::format_2025::operations","@pid":6368,"@timestamp":"2026-03-31T20:27:12.503259Z"}
{"@file":"src/psp/format_2025/operations.rs","@level":"debug","@line":37,"@message":"✅ Operations packed: result=0","@module":"flavor::psp::format_2025::operations","@pid":6368,"@timestamp":"2026-03-31T20:27:12.503302Z"}
{"@file":"src/psp/format_2025/operations.rs","@level":"debug","@line":37,"@message":"✅ Operations packed: result=3283191610320425039","@module":"flavor::psp::format_2025::operations","@pid":6368,"@timestamp":"2026-03-31T20:27:12.503335Z"}
{"@file":"src/psp/format_2025/operations.rs","@level":"debug","@line":60,"@message":"✅ Operations unpacked: count=0 operations=[]","@module":"flavor::psp::format_2025::operations","@pid":6368,"@timestamp":"2026-03-31T20:27:12.503348Z"}
{"@file":"src/psp/format_2025/operations.rs","@level":"debug","@line":60,"@message":"✅ Operations unpacked: count=8 operations=[79, 16, 177, 222, 95, 61, 144, 45]","@module":"flavor::psp::format_2025::operations","@pid":6368,"@timestamp":"2026-03-31T20:27:12.503360Z"}
{"@file":"src/psp/format_2025/operations.rs","@level":"debug","@line":37,"@message":"✅ Operations packed: result=264554244545540","@module":"flavor::psp::format_2025::operations","@pid":6368,"@timestamp":"2026-03-31T20:27:12.503354Z"}
{"@file":"src/psp/format_2025/operations.rs","@level":"debug","@line":37,"@message":"✅ Operations packed: result=0","@module":"flavor::psp::format_2025::operations","@pid":6368,"@timestamp":"2026-03-31T20:27:12.503404Z"}
{"@file":"src/psp/format_2025/operations.rs","@level":"debug","@line":37,"@message":"✅ Operations packed: result=16","@module":"flavor::psp::format_2025::operations","@pid":6368,"@timestamp":"2026-03-31T20:27:12.503419Z"}
{"@file":"src/psp/format_2025/operations.rs","@level":"debug","@line":60,"@message":"✅ Operations unpacked: count=8 operations=[140, 77, 195, 248, 66, 45, 54, 4]","@module":"flavor::psp::format_2025::operations","@pid":6368,"@timestamp":"2026-03-31T20:27:12.503412Z"}
{"@file":"src/psp/format_2025/operations.rs","@level":"debug","@line":60,"@message":"✅ Operations unpacked: count=0 operations=[]","@module":"flavor::psp::format_2025::operations","@pid":6368,"@timestamp":"2026-03-31T20:27:12.503437Z"}
{"@file":"src/psp/format_2025/operations.rs","@level":"debug","@line":37,"@message":"✅ Operations packed: result=303479790558727564","@module":"flavor::psp::format_2025::operations","@pid":6368,"@timestamp":"2026-03-31T20:27:12.503453Z"}
{"@file":"src/psp/format_2025/operations.rs","@level":"debug","@line":37,"@message":"✅ Operations packed: result=160","@module":"flavor::psp::format_2025::operations","@pid":6368,"@timestamp":"2026-03-31T20:27:12.503474Z"}
{"@file":"src/psp/format_2025/operations.rs","@level":"debug","@line":60,"@message":"✅ Operations unpacked: count=8 operations=[140, 77, 195, 248, 66, 45, 54, 4]","@module":"flavor::psp::format_2025::operations","@pid":6368,"@timestamp":"2026-03-31T20:27:12.503478Z"}
{"@file":"src/psp/format_2025/operations.rs","@level":"debug","@line":37,"@message":"✅ Operations packed: result=165016980593002","@module":"flavor::psp::format_2025::operations","@pid":6368,"@timestamp":"2026-03-31T20:27:12.503491Z"}
{"@file":"src/psp/format_2025/operations.rs","@level":"debug","@line":60,"@message":"✅ Operations unpacked: count=6 operations=[106, 153, 130, 2, 21, 150]","@module":"flavor::psp::format_2025::operations","@pid":6368,"@timestamp":"2026-03-31T20:27:12.503518Z"}
{"@file":"src/psp/format_2025/operations.rs","@level":"debug","@line":37,"@message":"✅ Operations packed: result=239569321109449","@module":"flavor::psp::format_2025::operations","@pid":6368,"@timestamp":"2026-03-31T20:27:12.503528Z"}
{"@file":"src/psp/format_2025/operations.rs","@level":"debug","@line":60,"@message":"✅ Operations unpacked: count=8 operations=[140, 46, 114, 110, 9, 236, 2, 20]","@module":"flavor::psp::format_2025::operations","@pid":6368,"@timestamp":"2026-03-31T20:27:12.503531Z"}
{"@file":"src/psp/format_2025/operations.rs","@level":"debug","@line":37,"@message":"✅ Operations packed: result=1441974355963817612","@module":"flavor::psp::format_2025::operations","@pid":6368,"@timestamp":"2026-03-31T20:27:12.503564Z"}
{"@file":"src/psp/format_2025/operations.rs","@level":"debug","@line":37,"@message":"✅ Operations packed: result=0","@module":"flavor::psp::format_2025::operations","@pid":6368,"@timestamp":"2026-03-31T20:27:12.503565Z"}
{"@file":"src/psp/format_2025/operations.rs","@level":"debug","@line":60,"@message":"✅ Operations unpacked: count=8 operations=[140, 46, 114, 110, 9, 236, 2, 20]","@module":"flavor::psp::format_2025::operations","@pid":6368,"@timestamp":"2026-03-31T20:27:12.503582Z"}
{"@file":"src/psp/format_2025/operations.rs","@level":"debug","@line":37,"@message":"✅ Operations packed: result=869844","@module":"flavor::psp::format_2025::operations","@pid":6368,"@timestamp":"2026-03-31T20:27:12.503585Z"}
{"@file":"src/psp/format_2025/operations.rs","@level":"debug","@line":60,"@message":"✅ Operations unpacked: count=0 operations=[]","@module":"flavor::psp::format_2025::operations","@pid":6368,"@timestamp":"2026-03-31T20:27:12.503592Z"}
{"@file":"src/psp/format_2025/operations.rs","@level":"debug","@line":60,"@message":"✅ Operations unpacked: count=8 operations=[132, 140, 11, 125, 66, 133, 138, 59]","@module":"flavor::psp::format_2025::operations","@pid":6368,"@timestamp":"2026-03-31T20:27:12.503639Z"}
{"@file":"src/psp/format_2025/operations.rs","@level":"debug","@line":37,"@message":"✅ Operations packed: result=0","@module":"flavor::psp::format_2025::operations","@pid":6368,"@timestamp":"2026-03-31T20:27:12.503659Z"}
{"@file":"src/psp/format_2025/operations.rs","@level":"debug","@line":37,"@message":"✅ Operations packed: result=4290388115636063364","@module":"flavor::psp::format_2025::operations","@pid":6368,"@timestamp":"2026-03-31T20:27:12.503661Z"}
{"@file":"src/psp/format_2025/operations.rs","@level":"debug","@line":37,"@message":"✅ Operations packed: result=9214508172957127827","@module":"flavor::psp::format_2025::operations","@pid":6368,"@timestamp":"2026-03-31T20:27:12.503666Z"}
{"@file":"src/psp/format_2025/operations.rs","@level":"debug","@line":60,"@message":"✅ Operations unpacked: count=8 operations=[132, 140, 11, 125, 66, 133, 138, 59]","@module":"flavor::psp::format_2025::operations","@pid":6368,"@timestamp":"2026-03-31T20:27:12.503705Z"}
{"@file":"src/psp/format_2025/operations.rs","@level":"debug","@line":60,"@message":"✅ Operations unpacked: count=8 operations=[147, 20, 11, 221, 92, 130, 224, 127]","@module":"flavor::psp::format_2025::operations","@pid":6368,"@timestamp":"2026-03-31T20:27:12.503711Z"}
{"@file":"src/psp/format_2025/operations.rs","@level":"debug","@line":37,"@message":"✅ Operations packed: result=2793874","@module":"flavor::psp::format_2025::operations","@pid":6368,"@timestamp":"2026-03-31T20:27:12.503719Z"}
{"@file":"src/psp/format_2025/operations.rs","@level":"debug","@line":60,"@message":"✅ Operations unpacked: count=8 operations=[214, 7, 88, 223, 47, 94, 5, 208]","@module":"flavor::psp::format_2025::operations","@pid":6368,"@timestamp":"2026-03-31T20:27:12.503753Z"}
{"@file":"src/psp/format_2025/operations.rs","@level":"debug","@line":37,"@message":"✅ Operations packed: result=12743860","@module":"flavor::psp::format_2025::operations","@pid":6368,"@timestamp":"2026-03-31T20:27:12.503759Z"}
{"@file":"src/psp/format_2025/operations.rs","@level":"debug","@line":37,"@message":"✅ Operations packed: result=9533110123709614320","@module":"flavor::psp::format_2025::operations","@pid":6368,"@timestamp":"2026-03-31T20:27:12.503775Z"}
{"@file":"src/psp/format_2025/operations.rs","@level":"debug","@line":60,"@message":"✅ Operations unpacked: count=3 operations=[180, 116, 194]","@module":"flavor::psp::format_2025::operations","@pid":6368,"@timestamp":"2026-03-31T20:27:12.503791Z"}
{"@file":"src/psp/format_2025/operations.rs","@level":"debug","@line":37,"@message":"✅ Operations packed: result=14989490494476126166","@module":"flavor::psp::format_2025::operations","@pid":6368,"@timestamp":"2026-03-31T20:27:12.503784Z"}
{"@file":"src/psp/format_2025/operations.rs","@level":"debug","@line":60,"@message":"✅ Operations unpacked: count=8 operations=[214, 7, 88, 223, 47, 94, 5, 208]","@module":"flavor::psp::format_2025::operations","@pid":6368,"@timestamp":"2026-03-31T20:27:12.503821Z"}
{"@file":"src/psp/format_2025/operations.rs","@level":"debug","@line":37,"@message":"✅ Operations packed: result=175","@module":"flavor::psp::format_2025::operations","@pid":6368,"@timestamp":"2026-03-31T20:27:12.503840Z"}
{"@file":"src/psp/format_2025/operations.rs","@level":"debug","@line":37,"@message":"✅ Operations packed: result=226572504562","@module":"flavor::psp::format_2025::operations","@pid":6368,"@timestamp":"2026-03-31T20:27:12.503848Z"}
{"@file":"src/psp/format_2025/operations.rs","@level":"debug","@line":60,"@message":"✅ Operations unpacked: count=8 operations=[118, 133, 20, 69, 42, 200, 179, 30]","@module":"flavor::psp::format_2025::operations","@pid":6368,"@timestamp":"2026-03-31T20:27:12.503866Z"}
{"@file":"src/psp/format_2025/operations.rs","@level":"debug","@line":60,"@message":"✅ Operations unpacked: count=5 operations=[242, 13, 198, 192, 52]","@module":"flavor::psp::format_2025::operations","@pid":6368,"@timestamp":"2026-03-31T20:27:12.503882Z"}
{"@file":"src/psp/format_2025/operations.rs","@level":"debug","@line":37,"@message":"✅ Operations packed: result=2212331925842199926","@module":"flavor::psp::format_2025::operations","@pid":6368,"@timestamp":"2026-03-31T20:27:12.503886Z"}
{"@file":"src/psp/format_2025/operations.rs","@level":"debug","@line":37,"@message":"✅ Operations packed: result=0","@module":"flavor::psp::format_2025::operations","@pid":6368,"@timestamp":"2026-03-31T20:27:12.503897Z"}
{"@file":"src/psp/format_2025/operations.rs","@level":"debug","@line":60,"@message":"✅ Operations unpacked: count=8 operations=[118, 133, 20, 69, 42, 200, 179, 30]","@module":"flavor::psp::format_2025::operations","@pid":6368,"@timestamp":"2026-03-31T20:27:12.503910Z"}
{"@file":"src/psp/format_2025/operations.rs","@level":"debug","@line":37,"@message":"✅ Operations packed: result=181","@module":"flavor::psp::format_2025::operations","@pid":6368,"@timestamp":"2026-03-31T20:27:12.503931Z"}
{"@file":"src/psp/format_2025/operations.rs","@level":"debug","@line":37,"@message":"✅ Operations packed: result=352108598000","@module":"flavor::psp::format_2025::operations","@pid":6368,"@timestamp":"2026-03-31T20:27:12.503953Z"}
{"@file":"src/psp/format_2025/operations.rs","@level":"debug","@line":60,"@message":"✅ Operations unpacked: count=1 operations=[181]","@module":"flavor::psp::format_2025::operations","@pid":6368,"@timestamp":"2026-03-31T20:27:12.503959Z"}
{"@file":"src/psp/format_2025/operations.rs","@level":"debug","@line":60,"@message":"✅ Operations unpacked: count=8 operations=[191, 55, 165, 29, 174, 66, 37, 116]","@module":"flavor::psp::format_2025::operations","@pid":6368,"@timestamp":"2026-03-31T20:27:12.503963Z"}
{"@file":"src/psp/format_2025/operations.rs","@level":"debug","@line":37,"@message":"✅ Operations packed: result=8369168798127044543","@module":"flavor::psp::format_2025::operations","@pid":6368,"@timestamp":"2026-03-31T20:27:12.504004Z"}
{"@file":"src/psp/format_2025/operations.rs","@level":"debug","@line":37,"@message":"✅ Operations packed: result=1216888750","@module":"flavor::psp::format_2025::operations","@pid":6368,"@timestamp":"2026-03-31T20:27:12.504012Z"}
{"@file":"src/psp/format_2025/operations.rs","@level":"debug","@line":60,"@message":"✅ Operations unpacked: count=8 operations=[191, 55, 165, 29, 174, 66, 37, 116]","@module":"flavor::psp::format_2025::operations","@pid":6368,"@timestamp":"2026-03-31T20:27:12.504022Z"}
{"@file":"src/psp/format_2025/operations.rs","@level":"debug","@line":37,"@message":"✅ Operations packed: result=123","@module":"flavor::psp::format_2025::operations","@pid":6368,"@timestamp":"2026-03-31T20:27:12.504026Z"}
{"@file":"src/psp/format_2025/operations.rs","@level":"debug","@line":60,"@message":"✅ Operations unpacked: count=1 operations=[123]","@module":"flavor::psp::format_2025::operations","@pid":6368,"@timestamp":"2026-03-31T20:27:12.504055Z"}
{"@file":"src/psp/format_2025/operations.rs","@level":"debug","@line":37,"@message":"✅ Operations packed: result=26605776261148826","@module":"flavor::psp::format_2025::operations","@pid":6368,"@timestamp":"2026-03-31T20:27:12.504069Z"}
{"@file":"src/psp/format_2025/operations.rs","@level":"debug","@line":60,"@message":"✅ Operations unpacked: count=8 operations=[225, 175, 89, 238, 122, 136, 11, 70]","@module":"flavor::psp::format_2025::operations","@pid":6368,"@timestamp":"2026-03-31T20:27:12.504078Z"}
{"@file":"src/psp/format_2025/operations.rs","@level":"debug","@line":37,"@message":"✅ Operations packed: result=161988095817062","@module":"flavor::psp::format_2025::operations","@pid":6368,"@timestamp":"2026-03-31T20:27:12.504102Z"}
{"@file":"src/psp/format_2025/operations.rs","@level":"debug","@line":37,"@message":"✅ Operations packed: result=5047277868965015521","@module":"flavor::psp::format_2025::operations","@pid":6368,"@timestamp":"2026-03-31T20:27:12.504112Z"}
{"@file":"src/psp/format_2025/operations.rs","@level":"debug","@line":60,"@message":"✅ Operations unpacked: count=6 operations=[102, 181, 232, 202, 83, 147]","@module":"flavor::psp::format_2025::operations","@pid":6368,"@timestamp":"2026-03-31T20:27:12.504122Z"}
{"@file":"src/psp/format_2025/operations.rs","@level":"debug","@line":60,"@message":"✅ Operations unpacked: count=8 operations=[225, 175, 89, 238, 122, 136, 11, 70]","@module":"flavor::psp::format_2025::operations","@pid":6368,"@timestamp":"2026-03-31T20:27:12.504130Z"}
{"@file":"src/psp/format_2025/operations.rs","@level":"debug","@line":37,"@message":"✅ Operations packed: result=716863670980","@module":"flavor::psp::format_2025::operations","@pid":6368,"@timestamp":"2026-03-31T20:27:12.504129Z"}
{"@file":"src/psp/format_2025/operations.rs","@level":"debug","@line":37,"@message":"✅ Operations packed: result=968919208658","@module":"flavor::psp::format_2025::operations","@pid":6368,"@timestamp":"2026-03-31T20:27:12.504188Z"}
{"@file":"src/psp/format_2025/operations.rs","@level":"debug","@line":60,"@message":"✅ Operations unpacked: count=8 operations=[243, 90, 192, 240, 187, 106, 48, 74]","@module":"flavor::psp::format_2025::operations","@pid":6368,"@timestamp":"2026-03-31T20:27:12.504210Z"}
{"@file":"src/psp/format_2025/operations.rs","@level":"debug","@line":60,"@message":"✅ Operations unpacked: count=5 operations=[210, 210, 21, 152, 225]","@module":"flavor::psp::format_2025::operations","@pid":6368,"@timestamp":"2026-03-31T20:27:12.504216Z"}
{"@file":"src/psp/format_2025/operations.rs","@level":"debug","@line":37,"@message":"✅ Operations packed: result=5345890113119345395","@module":"flavor::psp::format_2025::operations","@pid":6368,"@timestamp":"2026-03-31T20:27:12.504248Z"}
{"@file":"src/psp/format_2025/operations.rs","@level":"debug","@line":37,"@message":"✅ Operations packed: result=25286","@module":"flavor::psp::format_2025::operations","@pid":6368,"@timestamp":"2026-03-31T20:27:12.504223Z"}
{"@file":"src/psp/format_2025/operations.rs","@level":"debug","@line":60,"@message":"✅ Operations unpacked: count=8 operations=[243, 90, 192, 240, 187, 106, 48, 74]","@module":"flavor::psp::format_2025::operations","@pid":6368,"@timestamp":"2026-03-31T20:27:12.504280Z"}
{"@file":"src/psp/format_2025/operations.rs","@level":"debug","@line":37,"@message":"✅ Operations packed: result=0","@module":"flavor::psp::format_2025::operations","@pid":6368,"@timestamp":"2026-03-31T20:27:12.504294Z"}
{"@file":"src/psp/format_2025/operations.rs","@level":"debug","@line":60,"@message":"✅ Operations unpacked: count=0 operations=[]","@module":"flavor::psp::format_2025::operations","@pid":6368,"@timestamp":"2026-03-31T20:27:12.504323Z"}
{"@file":"src/psp/format_2025/operations.rs","@level":"debug","@line":37,"@message":"✅ Operations packed: result=280487213","@module":"flavor::psp::format_2025::operations","@pid":6368,"@timestamp":"2026-03-31T20:27:12.504323Z"}
{"@file":"src/psp/format_2025/operations.rs","@level":"debug","@line":60,"@message":"✅ Operations unpacked: count=8 operations=[135, 230, 248, 217, 90, 53, 183, 14]","@module":"flavor::psp::format_2025::operations","@pid":6368,"@timestamp":"2026-03-31T20:27:12.504334Z"}
{"@file":"src/psp/format_2025/operations.rs","@level":"debug","@line":37,"@message":"✅ Operations packed: result=1060374901589337735","@module":"flavor::psp::format_2025::operations","@pid":6368,"@timestamp":"2026-03-31T20:27:12.504373Z"}
{"@file":"src/psp/format_2025/operations.rs","@level":"debug","@line":37,"@message":"✅ Operations packed: result=47457","@module":"flavor::psp::format_2025::operations","@pid":6368,"@timestamp":"2026-03-31T20:27:12.504376Z"}
{"@file":"src/psp/format_2025/operations.rs","@level":"debug","@line":37,"@message":"✅ Operations packed: result=240","@module":"flavor::psp::format_2025::operations","@pid":6368,"@timestamp":"2026-03-31T20:27:12.504392Z"}
{"@file":"src/psp/format_2025/operations.rs","@level":"debug","@line":60,"@message":"✅ Operations unpacked: count=8 operations=[135, 230, 248, 217, 90, 53, 183, 14]","@module":"flavor::psp::format_2025::operations","@pid":6368,"@timestamp":"2026-03-31T20:27:12.504397Z"}
{"@file":"src/psp/format_2025/operations.rs","@level":"debug","@line":60,"@message":"✅ Operations unpacked: count=2 operations=[97, 185]","@module":"flavor::psp::format_2025::operations","@pid":6368,"@timestamp":"2026-03-31T20:27:12.504404Z"}
{"@file":"src/psp/format_2025/operations.rs","@level":"debug","@line":37,"@message":"✅ Operations packed: result=13950731","@module":"flavor::psp::format_2025::operations","@pid":6368,"@timestamp":"2026-03-31T20:27:12.504446Z"}
{"@file":"src/psp/format_2025/operations.rs","@level":"debug","@line":60,"@message":"✅ Operations unpacked: count=8 operations=[54, 187, 180, 41, 91, 8, 111, 201]","@module":"flavor::psp::format_2025::operations","@pid":6368,"@timestamp":"2026-03-31T20:27:12.504445Z"}
{"@file":"src/psp/format_2025/operations.rs","@level":"debug","@line":37,"@message":"✅ Operations packed: result=54962","@module":"flavor::psp::format_2025::operations","@pid":6368,"@timestamp":"2026-03-31T20:27:12.504469Z"}
{"@file":"src/psp/format_2025/operations.rs","@level":"debug","@line":37,"@message":"✅ Operations packed: result=14514829311673154358","@module":"flavor::psp::format_2025::operations","@pid":6368,"@timestamp":"2026-03-31T20:27:12.504490Z"}
{"@file":"src/psp/format_2025/operations.rs","@level":"debug","@line":60,"@message":"✅ Operations unpacked: count=2 operations=[178, 214]","@module":"flavor::psp::format_2025::operations","@pid":6368,"@timestamp":"2026-03-31T20:27:12.504492Z"}
{"@file":"src/psp/format_2025/operations.rs","@level":"debug","@line":60,"@message":"✅ Operations unpacked: count=8 operations=[54, 187, 180, 41, 91, 8, 111, 201]","@module":"flavor::psp::format_2025::operations","@pid":6368,"@timestamp":"2026-03-31T20:27:12.504511Z"}
{"@file":"src/psp/format_2025/operations.rs","@level":"debug","@line":37,"@message":"✅ Operations packed: result=13323451","@module":"flavor::psp::format_2025::operations","@pid":6368,"@timestamp":"2026-03-31T20:27:12.504503Z"}
{"@file":"src/psp/format_2025/operations.rs","@level":"debug","@line":37,"@message":"✅ Operations packed: result=0","@module":"flavor::psp::format_2025::operations","@pid":6368,"@timestamp":"2026-03-31T20:27:12.504553Z"}
{"@file":"src/psp/format_2025/operations.rs","@level":"debug","@line":60,"@message":"✅ Operations unpacked: count=8 operations=[214, 8, 136, 195, 161, 30, 238, 211]","@module":"flavor::psp::format_2025::operations","@pid":6368,"@timestamp":"2026-03-31T20:27:12.504568Z"}
{"@file":"src/psp/format_2025/operations.rs","@level":"debug","@line":37,"@message":"✅ Operations packed: result=235","@module":"flavor::psp::format_2025::operations","@pid":6368,"@timestamp":"2026-03-31T20:27:12.504579Z"}
{"@file":"src/psp/format_2025/operations.rs","@level":"debug","@line":37,"@message":"✅ Operations packed: result=15271177066578970838","@module":"flavor::psp::format_2025::operations","@pid":6368,"@timestamp":"2026-03-31T20:27:12.504591Z"}
{"@file":"src/psp/format_2025/operations.rs","@level":"debug","@line":60,"@message":"✅ Operations unpacked: count=0 operations=[]","@module":"flavor::psp::format_2025::operations","@pid":6368,"@timestamp":"2026-03-31T20:27:12.504572Z"}
{"@file":"src/psp/format_2025/operations.rs","@level":"debug","@line":60,"@message":"✅ Operations unpacked: count=8 operations=[214, 8, 136, 195, 161, 30, 238, 211]","@module":"flavor::psp::format_2025::operations","@pid":6368,"@timestamp":"2026-03-31T20:27:12.504613Z"}
{"@file":"src/psp/format_2025/operations.rs","@level":"debug","@line":37,"@message":"✅ Operations packed: result=0","@module":"flavor::psp::format_2025::operations","@pid":6368,"@timestamp":"2026-03-31T20:27:12.504629Z"}
{"@file":"src/psp/format_2025/operations.rs","@level":"debug","@line":37,"@message":"✅ Operations packed: result=0","@module":"flavor::psp::format_2025::operations","@pid":6368,"@timestamp":"2026-03-31T20:27:12.504655Z"}
{"@file":"src/psp/format_2025/operations.rs","@level":"debug","@line":37,"@message":"✅ Operations packed: result=2325632344","@module":"flavor::psp::format_2025::operations","@pid":6368,"@timestamp":"2026-03-31T20:27:12.504677Z"}
{"@file":"src/psp/format_2025/operations.rs","@level":"debug","@line":60,"@message":"✅ Operations unpacked: count=0 operations=[]","@module":"flavor::psp::format_2025::operations","@pid":6368,"@timestamp":"2026-03-31T20:27:12.504687Z"}
{"@file":"src/psp/format_2025/operations.rs","@level":"debug","@line":60,"@message":"✅ Operations unpacked: count=8 operations=[238, 7, 170, 53, 129, 101, 244, 155]","@module":"flavor::psp::format_2025::operations","@pid":6368,"@timestamp":"2026-03-31T20:27:12.504663Z"}
{"@file":"src/psp/format_2025/operations.rs","@level":"debug","@line":37,"@message":"✅ Operations packed: result=11237718575821752302","@module":"flavor::psp::format_2025::operations","@pid":6368,"@timestamp":"2026-03-31T20:27:12.504729Z"}
{"@file":"src/psp/format_2025/operations.rs","@level":"debug","@line":37,"@message":"✅ Operations packed: result=1075939322","@module":"flavor::psp::format_2025::operations","@pid":6368,"@timestamp":"2026-03-31T20:27:12.504734Z"}
{"@file":"src/psp/format_2025/operations.rs","@level":"debug","@line":37,"@message":"✅ Operations packed: result=6365866","@module":"flavor::psp::format_2025::operations","@pid":6368,"@timestamp":"2026-03-31T20:27:12.504743Z"}
{"@file":"src/psp/format_2025/operations.rs","@level":"debug","@line":60,"@message":"✅ Operations unpacked: count=3 operations=[170, 34, 97]","@module":"flavor::psp::format_2025::operations","@pid":6368,"@timestamp":"2026-03-31T20:27:12.504773Z"}
{"@file":"src/psp/format_2025/operations.rs","@level":"debug","@line":60,"@message":"✅ Operations unpacked: count=8 operations=[238, 7, 170, 53, 129, 101, 244, 155]","@module":"flavor::psp::format_2025::operations","@pid":6368,"@timestamp":"2026-03-31T20:27:12.504748Z"}
{"@file":"src/psp/format_2025/operations.rs","@level":"debug","@line":37,"@message":"✅ Operations packed: result=25150410860714291","@module":"flavor::psp::format_2025::operations","@pid":6368,"@timestamp":"2026-03-31T20:27:12.504790Z"}
{"@file":"src/psp/format_2025/operations.rs","@level":"debug","@line":37,"@message":"✅ Operations packed: result=244947312373077","@module":"flavor::psp::format_2025::operations","@pid":6368,"@timestamp":"2026-03-31T20:27:12.504820Z"}
{"@file":"src/psp/format_2025/operations.rs","@level":"debug","@line":60,"@message":"✅ Operations unpacked: count=8 operations=[27, 208, 107, 12, 220, 67, 162, 175]","@module":"flavor::psp::format_2025::operations","@pid":6368,"@timestamp":"2026-03-31T20:27:12.504826Z"}
{"@file":"src/psp/format_2025/operations.rs","@level":"debug","@line":37,"@message":"✅ Operations packed: result=667889361659","@module":"flavor::psp::format_2025::operations","@pid":6368,"@timestamp":"2026-03-31T20:27:12.504846Z"}
{"@file":"src/psp/format_2025/operations.rs","@level":"debug","@line":60,"@message":"✅ Operations unpacked: count=6 operations=[85, 237, 138, 61, 199, 222]","@module":"flavor::psp::format_2025::operations","@pid":6368,"@timestamp":"2026-03-31T20:27:12.504849Z"}
{"@file":"src/psp/format_2025/operations.rs","@level":"debug","@line":37,"@message":"✅ Operations packed: result=12655752515244773403","@module":"flavor::psp::format_2025::operations","@pid":6368,"@timestamp":"2026-03-31T20:27:12.504857Z"}
{"@file":"src/psp/format_2025/operations.rs","@level":"debug","@line":60,"@message":"✅ Operations unpacked: count=8 operations=[27, 208, 107, 12, 220, 67, 162, 175]","@module":"flavor::psp::format_2025::operations","@pid":6368,"@timestamp":"2026-03-31T20:27:12.504901Z"}
{"@file":"src/psp/format_2025/operations.rs","@level":"debug","@line":37,"@message":"✅ Operations packed: result=749681335918","@module":"flavor::psp::format_2025::operations","@pid":6368,"@timestamp":"2026-03-31T20:27:12.504907Z"}
{"@file":"src/psp/format_2025/operations.rs","@level":"debug","@line":37,"@message":"✅ Operations packed: result=12956691636715567566","@module":"flavor::psp::format_2025::operations","@pid":6368,"@timestamp":"2026-03-31T20:27:12.504922Z"}
{"@file":"src/psp/format_2025/operations.rs","@level":"debug","@line":60,"@message":"✅ Operations unpacked: count=8 operations=[206, 185, 180, 102, 101, 106, 207, 179]","@module":"flavor::psp::format_2025::operations","@pid":6368,"@timestamp":"2026-03-31T20:27:12.504949Z"}
{"@file":"src/psp/format_2025/operations.rs","@level":"debug","@line":37,"@message":"✅ Operations packed: result=13588177991954543977","@module":"flavor::psp::format_2025::operations","@pid":6368,"@timestamp":"2026-03-31T20:27:12.504964Z"}
{"@file":"src/psp/format_2025/operations.rs","@level":"debug","@line":60,"@message":"✅ Operations unpacked: count=8 operations=[60, 91, 243, 75, 51, 158, 118, 250]","@module":"flavor::psp::format_2025::operations","@pid":6368,"@timestamp":"2026-03-31T20:27:12.504949Z"}
{"@file":"src/psp/format_2025/operations.rs","@level":"debug","@line":37,"@message":"✅ Operations packed: result=74546205878126","@module":"flavor::psp::format_2025::operations","@pid":6368,"@timestamp":"2026-03-31T20:27:12.505013Z"}
{"@file":"src/psp/format_2025/operations.rs","@level":"debug","@line":37,"@message":"✅ Operations packed: result=18047786499888601916","@module":"flavor::psp::format_2025::operations","@pid":6368,"@timestamp":"2026-03-31T20:27:12.505015Z"}
{"@file":"src/psp/format_2025/operations.rs","@level":"debug","@line":60,"@message":"✅ Operations unpacked: count=6 operations=[110, 231, 30, 164, 204, 67]","@module":"flavor::psp::format_2025::operations","@pid":6368,"@timestamp":"2026-03-31T20:27:12.505054Z"}
{"@file":"src/psp/format_2025/operations.rs","@level":"debug","@line":60,"@message":"✅ Operations unpacked: count=8 operations=[60, 91, 243, 75, 51, 158, 118, 250]","@module":"flavor::psp::format_2025::operations","@pid":6368,"@timestamp":"2026-03-31T20:27:12.505074Z"}
{"@file":"src/psp/format_2025/operations.rs","@level":"debug","@line":37,"@message":"✅ Operations packed: result=8170","@module":"flavor::psp::format_2025::operations","@pid":6368,"@timestamp":"2026-03-31T20:27:12.505022Z"}
{"@file":"src/psp/format_2025/operations.rs","@level":"debug","@line":60,"@message":"✅ Operations unpacked: count=8 operations=[2, 224, 123, 171, 195, 191, 61, 97]","@module":"flavor::psp::format_2025::operations","@pid":6368,"@timestamp":"2026-03-31T20:27:12.505135Z"}
{"@file":"src/psp/format_2025/operations.rs","@level":"debug","@line":37,"@message":"✅ Operations packed: result=0","@module":"flavor::psp::format_2025::operations","@pid":6368,"@timestamp":"2026-03-31T20:27:12.505145Z"}
{"@file":"src/psp/format_2025/operations.rs","@level":"debug","@line":37,"@message":"✅ Operations packed: result=2319198261","@module":"flavor::psp::format_2025::operations","@pid":6368,"@timestamp":"2026-03-31T20:27:12.505135Z"}
{"@file":"src/psp/format_2025/operations.rs","@level":"debug","@line":37,"@message":"✅ Operations packed: result=7006967442374909954","@module":"flavor::psp::format_2025::operations","@pid":6368,"@timestamp":"2026-03-31T20:27:12.505167Z"}
{"@file":"src/psp/format_2025/operations.rs","@level":"debug","@line":60,"@message":"✅ Operations unpacked: count=4 operations=[53, 40, 60, 138]","@module":"flavor::psp::format_2025::operations","@pid":6368,"@timestamp":"2026-03-31T20:27:12.505191Z"}
{"@file":"src/psp/format_2025/operations.rs","@level":"debug","@line":60,"@message":"✅ Operations unpacked: count=8 operations=[2, 224, 123, 171, 195, 191, 61, 97]","@module":"flavor::psp::format_2025::operations","@pid":6368,"@timestamp":"2026-03-31T20:27:12.505210Z"}
{"@file":"src/psp/format_2025/operations.rs","@level":"debug","@line":37,"@message":"✅ Operations packed: result=2033469844","@module":"flavor::psp::format_2025::operations","@pid":6368,"@timestamp":"2026-03-31T20:27:12.505198Z"}
{"@file":"src/psp/format_2025/operations.rs","@level":"debug","@line":37,"@message":"✅ Operations packed: result=62161","@module":"flavor::psp::format_2025::operations","@pid":6368,"@timestamp":"2026-03-31T20:27:12.505256Z"}
{"@file":"src/psp/format_2025/operations.rs","@level":"debug","@line":60,"@message":"✅ Operations unpacked: count=2 operations=[209, 242]","@module":"flavor::psp::format_2025::operations","@pid":6368,"@timestamp":"2026-03-31T20:27:12.505284Z"}
{"@file":"src/psp/format_2025/operations.rs","@level":"debug","@line":60,"@message":"✅ Operations unpacked: count=8 operations=[40, 243, 204, 85, 140, 148, 212, 192]","@module":"flavor::psp::format_2025::operations","@pid":6368,"@timestamp":"2026-03-31T20:27:12.505284Z"}
{"@file":"src/psp/format_2025/operations.rs","@level":"debug","@line":37,"@message":"✅ Operations packed: result=10355003197927997","@module":"flavor::psp::format_2025::operations","@pid":6368,"@timestamp":"2026-03-31T20:27:12.505287Z"}
{"@file":"src/psp/format_2025/operations.rs","@level":"debug","@line":37,"@message":"✅ Operations packed: result=13894894080800650024","@module":"flavor::psp::format_2025::operations","@pid":6368,"@timestamp":"2026-03-31T20:27:12.505333Z"}
{"@file":"src/psp/format_2025/operations.rs","@level":"debug","@line":37,"@message":"✅ Operations packed: result=161","@module":"flavor::psp::format_2025::operations","@pid":6368,"@timestamp":"2026-03-31T20:27:12.505344Z"}
{"@file":"src/psp/format_2025/operations.rs","@level":"debug","@line":60,"@message":"✅ Operations unpacked: count=8 operations=[40, 243, 204, 85, 140, 148, 212, 192]","@module":"flavor::psp::format_2025::operations","@pid":6368,"@timestamp":"2026-03-31T20:27:12.505363Z"}
{"@file":"src/psp/format_2025/operations.rs","@level":"debug","@line":37,"@message":"✅ Operations packed: result=138226400127585","@module":"flavor::psp::format_2025::operations","@pid":6368,"@timestamp":"2026-03-31T20:27:12.505379Z"}
{"@file":"src/psp/format_2025/operations.rs","@level":"debug","@line":60,"@message":"✅ Operations unpacked: count=1 operations=[161]","@module":"flavor::psp::format_2025::operations","@pid":6368,"@timestamp":"2026-03-31T20:27:12.505386Z"}
{"@file":"src/psp/format_2025/operations.rs","@level":"debug","@line":60,"@message":"✅ Operations unpacked: count=8 operations=[253, 187, 241, 44, 205, 76, 26, 186]","@module":"flavor::psp::format_2025::operations","@pid":6368,"@timestamp":"2026-03-31T20:27:12.505428Z"}
{"@file":"src/psp/format_2025/operations.rs","@level":"debug","@line":37,"@message":"✅ Operations packed: result=0","@module":"flavor::psp::format_2025::operations","@pid":6368,"@timestamp":"2026-03-31T20:27:12.505443Z"}
{"@file":"src/psp/format_2025/operations.rs","@level":"debug","@line":37,"@message":"✅ Operations packed: result=71","@module":"flavor::psp::format_2025::operations","@pid":6368,"@timestamp":"2026-03-31T20:27:12.505460Z"}
{"@file":"src/psp/format_2025/operations.rs","@level":"debug","@line":37,"@message":"✅ Operations packed: result=13410115284555119613","@module":"flavor::psp::format_2025::operations","@pid":6368,"@timestamp":"2026-03-31T20:27:12.505450Z"}
{"@file":"src/psp/format_2025/operations.rs","@level":"debug","@line":60,"@message":"✅ Operations unpacked: count=1 operations=[71]","@module":"flavor::psp::format_2025::operations","@pid":6368,"@timestamp":"2026-03-31T20:27:12.505488Z"}
{"@file":"src/psp/format_2025/operations.rs","@level":"debug","@line":60,"@message":"✅ Operations unpacked: count=8 operations=[253, 187, 241, 44, 205, 76, 26, 186]","@module":"flavor::psp::format_2025::operations","@pid":6368,"@timestamp":"2026-03-31T20:27:12.505509Z"}
{"@file":"src/psp/format_2025/operations.rs","@level":"debug","@line":37,"@message":"✅ Operations packed: result=37684","@module":"flavor::psp::format_2025::operations","@pid":6368,"@timestamp":"2026-03-31T20:27:12.505504Z"}
{"@file":"src/psp/format_2025/operations.rs","@level":"debug","@line":37,"@message":"✅ Operations packed: result=51878","@module":"flavor::psp::format_2025::operations","@pid":6368,"@timestamp":"2026-03-31T20:27:12.505562Z"}
{"@file":"src/psp/format_2025/operations.rs","@level":"debug","@line":60,"@message":"✅ Operations unpacked: count=8 operations=[233, 89, 194, 92, 53, 107, 184, 212]","@module":"flavor::psp::format_2025::operations","@pid":6368,"@timestamp":"2026-03-31T20:27:12.505572Z"}
{"@file":"src/psp/format_2025/operations.rs","@level":"debug","@line":37,"@message":"✅ Operations packed: result=263155553879674","@module":"flavor::psp::format_2025::operations","@pid":6368,"@timestamp":"2026-03-31T20:27:12.505596Z"}
{"@file":"src/psp/format_2025/operations.rs","@level":"debug","@line":37,"@message":"✅ Operations packed: result=15328119208689162729","@module":"flavor::psp::format_2025::operations","@pid":6368,"@timestamp":"2026-03-31T20:27:12.505611Z"}
{"@file":"src/psp/format_2025/operations.rs","@level":"debug","@line":60,"@message":"✅ Operations unpacked: count=2 operations=[166, 202]","@module":"flavor::psp::format_2025::operations","@pid":6368,"@timestamp":"2026-03-31T20:27:12.505595Z"}
{"@file":"src/psp/format_2025/operations.rs","@level":"debug","@line":60,"@message":"✅ Operations unpacked: count=8 operations=[233, 89, 194, 92, 53, 107, 184, 212]","@module":"flavor::psp::format_2025::operations","@pid":6368,"@timestamp":"2026-03-31T20:27:12.505640Z"}
{"@file":"src/psp/format_2025/operations.rs","@level":"debug","@line":37,"@message":"✅ Operations packed: result=412184156798","@module":"flavor::psp::format_2025::operations","@pid":6368,"@timestamp":"2026-03-31T20:27:12.505657Z"}
{"@file":"src/psp/format_2025/operations.rs","@level":"debug","@line":37,"@message":"✅ Operations packed: result=82","@module":"flavor::psp::format_2025::operations","@pid":6368,"@timestamp":"2026-03-31T20:27:12.505683Z"}
{"@file":"src/psp/format_2025/operations.rs","@level":"debug","@line":60,"@message":"✅ Operations unpacked: count=8 operations=[78, 203, 185, 89, 229, 204, 33, 204]","@module":"flavor::psp::format_2025::operations","@pid":6368,"@timestamp":"2026-03-31T20:27:12.505695Z"}
{"@file":"src/psp/format_2025/operations.rs","@level":"debug","@line":37,"@message":"✅ Operations packed: result=0","@module":"flavor::psp::format_2025::operations","@pid":6368,"@timestamp":"2026-03-31T20:27:12.505710Z"}
{"@file":"src/psp/format_2025/operations.rs","@level":"debug","@line":60,"@message":"✅ Operations unpacked: count=1 operations=[82]","@module":"flavor::psp::format_2025::operations","@pid":6368,"@timestamp":"2026-03-31T20:27:12.505703Z"}
{"@file":"src/psp/format_2025/operations.rs","@level":"debug","@line":37,"@message":"✅ Operations packed: result=14709263143393676110","@module":"flavor::psp::format_2025::operations","@pid":6368,"@timestamp":"2026-03-31T20:27:12.505725Z"}
{"@file":"src/psp/format_2025/operations.rs","@level":"debug","@line":37,"@message":"✅ Operations packed: result=5215462","@module":"flavor::psp::format_2025::operations","@pid":6368,"@timestamp":"2026-03-31T20:27:12.505779Z"}
{"@file":"src/psp/format_2025/operations.rs","@level":"debug","@line":37,"@message":"✅ Operations packed: result=7989017","@module":"flavor::psp::format_2025::operations","@pid":6368,"@timestamp":"2026-03-31T20:27:12.505775Z"}
{"@file":"src/psp/format_2025/operations.rs","@level":"debug","@line":60,"@message":"✅ Operations unpacked: count=8 operations=[78, 203, 185, 89, 229, 204, 33, 204]","@module":"flavor::psp::format_2025::operations","@pid":6368,"@timestamp":"2026-03-31T20:27:12.505766Z"}
{"@file":"src/psp/format_2025/operations.rs","@level":"debug","@line":60,"@message":"✅ Operations unpacked: count=3 operations=[230, 148, 79]","@module":"flavor::psp::format_2025::operations","@pid":6368,"@timestamp":"2026-03-31T20:27:12.505807Z"}
{"@file":"src/psp/format_2025/operations.rs","@level":"debug","@line":37,"@message":"✅ Operations packed: result=12","@module":"flavor::psp::format_2025::operations","@pid":6368,"@timestamp":"2026-03-31T20:27:12.505858Z"}
{"@file":"src/psp/format_2025/operations.rs","@level":"debug","@line":60,"@message":"✅ Operations unpacked: count=8 operations=[200, 24, 208, 178, 74, 250, 133, 57]","@module":"flavor::psp::format_2025::operations","@pid":6368,"@timestamp":"2026-03-31T20:27:12.505886Z"}
{"@file":"src/psp/format_2025/operations.rs","@level":"debug","@line":37,"@message":"✅ Operations packed: result=12657822049443194","@module":"flavor::psp::format_2025::operations","@pid":6368,"@timestamp":"2026-03-31T20:27:12.505894Z"}
{"@file":"src/psp/format_2025/operations.rs","@level":"debug","@line":37,"@message":"✅ Operations packed: result=236265788904","@module":"flavor::psp::format_2025::operations","@pid":6368,"@timestamp":"2026-03-31T20:27:12.505915Z"}
{"@file":"src/psp/format_2025/operations.rs","@level":"debug","@line":37,"@message":"✅ Operations packed: result=4144994230798915784","@module":"flavor::psp::format_2025::operations","@pid":6368,"@timestamp":"2026-03-31T20:27:12.505918Z"}
{"@file":"src/psp/format_2025/operations.rs","@level":"debug","@line":60,"@message":"✅ Operations unpacked: count=7 operations=[122, 29, 227, 218, 56, 248, 44]","@module":"flavor::psp::format_2025::operations","@pid":6368,"@timestamp":"2026-03-31T20:27:12.505925Z"}
{"@file":"src/psp/format_2025/operations.rs","@level":"debug","@line":60,"@message":"✅ Operations unpacked: count=8 operations=[200, 24, 208, 178, 74, 250, 133, 57]","@module":"flavor::psp::format_2025::operations","@pid":6368,"@timestamp":"2026-03-31T20:27:12.505964Z"}
{"@file":"src/psp/format_2025/operations.rs","@level":"debug","@line":37,"@message":"✅ Operations packed: result=0","@module":"flavor::psp::format_2025::operations","@pid":6368,"@timestamp":"2026-03-31T20:27:12.505991Z"}
{"@file":"src/psp/format_2025/operations.rs","@level":"debug","@line":60,"@message":"✅ Operations unpacked: count=8 operations=[26, 225, 251, 160, 10, 36, 40, 71]","@module":"flavor::psp::format_2025::operations","@pid":6368,"@timestamp":"2026-03-31T20:27:12.506011Z"}
{"@file":"src/psp/format_2025/operations.rs","@level":"debug","@line":37,"@message":"✅ Operations packed: result=592141674994","@module":"flavor::psp::format_2025::operations","@pid":6368,"@timestamp":"2026-03-31T20:27:12.506014Z"}
{"@file":"src/psp/format_2025/operations.rs","@level":"debug","@line":37,"@message":"✅ Operations packed: result=0","@module":"flavor::psp::format_2025::operations","@pid":6368,"@timestamp":"2026-03-31T20:27:12.506039Z"}
{"@file":"src/psp/format_2025/operations.rs","@level":"debug","@line":37,"@message":"✅ Operations packed: result=5127387803830444314","@module":"flavor::psp::format_2025::operations","@pid":6368,"@timestamp":"2026-03-31T20:27:12.506038Z"}
{"@file":"src/psp/format_2025/operations.rs","@level":"debug","@line":60,"@message":"✅ Operations unpacked: count=5 operations=[242, 233, 100, 222, 137]","@module":"flavor::psp::format_2025::operations","@pid":6368,"@timestamp":"2026-03-31T20:27:12.506054Z"}
{"@file":"src/psp/format_2025/operations.rs","@level":"debug","@line":37,"@message":"✅ Operations packed: result=410854968965","@module":"flavor::psp::format_2025::operations","@pid":6368,"@timestamp":"2026-03-31T20:27:12.506095Z"}
{"@file":"src/psp/format_2025/operations.rs","@level":"debug","@line":60,"@message":"✅ Operations unpacked: count=8 operations=[26, 225, 251, 160, 10, 36, 40, 71]","@module":"flavor::psp::format_2025::operations","@pid":6368,"@timestamp":"2026-03-31T20:27:12.506080Z"}
{"@file":"src/psp/format_2025/operations.rs","@level":"debug","@line":37,"@message":"✅ Operations packed: result=183525205374882","@module":"flavor::psp::format_2025::operations","@pid":6368,"@timestamp":"2026-03-31T20:27:12.506137Z"}
{"@file":"src/psp/format_2025/operations.rs","@level":"debug","@line":37,"@message":"✅ Operations packed: result=83764182681058","@module":"flavor::psp::format_2025::operations","@pid":6368,"@timestamp":"2026-03-31T20:27:12.506153Z"}
{"@file":"src/psp/format_2025/operations.rs","@level":"debug","@line":60,"@message":"✅ Operations unpacked: count=6 operations=[162, 119, 172, 74, 234, 166]","@module":"flavor::psp::format_2025::operations","@pid":6368,"@timestamp":"2026-03-31T20:27:12.506166Z"}
{"@file":"src/psp/format_2025/operations.rs","@level":"debug","@line":60,"@message":"✅ Operations unpacked: count=0 operations=[]","@module":"flavor::psp::format_2025::operations","@pid":6368,"@timestamp":"2026-03-31T20:27:12.506168Z"}
{"@file":"src/psp/format_2025/operations.rs","@level":"debug","@line":37,"@message":"✅ Operations packed: result=155345821826452","@module":"flavor::psp::format_2025::operations","@pid":6368,"@timestamp":"2026-03-31T20:27:12.506212Z"}
{"@file":"src/psp/format_2025/operations.rs","@level":"debug","@line":37,"@message":"✅ Operations packed: result=0","@module":"flavor::psp::format_2025::operations","@pid":6368,"@timestamp":"2026-03-31T20:27:12.506226Z"}
{"@file":"src/psp/format_2025/operations.rs","@level":"debug","@line":37,"@message":"✅ Operations packed: result=33466537186125294","@module":"flavor::psp::format_2025::operations","@pid":6368,"@timestamp":"2026-03-31T20:27:12.506228Z"}
{"@file":"src/psp/format_2025/operations.rs","@level":"debug","@line":37,"@message":"✅ Operations packed: result=3429354","@module":"flavor::psp::format_2025::operations","@pid":6368,"@timestamp":"2026-03-31T20:27:12.506268Z"}
{"@file":"src/psp/format_2025/operations.rs","@level":"debug","@line":60,"@message":"✅ Operations unpacked: count=0 operations=[]","@module":"flavor::psp::format_2025::operations","@pid":6368,"@timestamp":"2026-03-31T20:27:12.506262Z"}
{"@file":"src/psp/format_2025/operations.rs","@level":"debug","@line":60,"@message":"✅ Operations unpacked: count=7 operations=[238, 101, 215, 100, 163, 229, 118]","@module":"flavor::psp::format_2025::operations","@pid":6368,"@timestamp":"2026-03-31T20:27:12.506279Z"}
{"@file":"src/psp/format_2025/operations.rs","@level":"debug","@line":37,"@message":"✅ Operations packed: result=28638","@module":"flavor::psp::format_2025::operations","@pid":6368,"@timestamp":"2026-03-31T20:27:12.506329Z"}
{"@file":"src/psp/format_2025/operations.rs","@level":"debug","@line":60,"@message":"✅ Operations unpacked: count=8 operations=[104, 85, 214, 190, 195, 225, 22, 21]","@module":"flavor::psp::format_2025::operations","@pid":6368,"@timestamp":"2026-03-31T20:27:12.506353Z"}
{"@file":"src/psp/format_2025/operations.rs","@level":"debug","@line":37,"@message":"✅ Operations packed: result=0","@module":"flavor::psp::format_2025::operations","@pid":6368,"@timestamp":"2026-03-31T20:27:12.506368Z"}
{"@file":"src/psp/format_2025/operations.rs","@level":"debug","@line":37,"@message":"✅ Operations packed: result=1519650155120711016","@module":"flavor::psp::format_2025::operations","@pid":6368,"@timestamp":"2026-03-31T20:27:12.506382Z"}
{"@file":"src/psp/format_2025/operations.rs","@level":"debug","@line":60,"@message":"✅ Operations unpacked: count=0 operations=[]","@module":"flavor::psp::format_2025::operations","@pid":6368,"@timestamp":"2026-03-31T20:27:12.506396Z"}
{"@file":"src/psp/format_2025/operations.rs","@level":"debug","@line":60,"@message":"✅ Operations unpacked: count=8 operations=[104, 85, 214, 190, 195, 225, 22, 21]","@module":"flavor::psp::format_2025::operations","@pid":6368,"@timestamp":"2026-03-31T20:27:12.506416Z"}
{"@file":"src/psp/format_2025/operations.rs","@level":"debug","@line":37,"@message":"✅ Operations packed: result=1047370706","@module":"flavor::psp::format_2025::operations","@pid":6368,"@timestamp":"2026-03-31T20:27:12.506389Z"}
{"@file":"src/psp/format_2025/operations.rs","@level":"debug","@line":37,"@message":"✅ Operations packed: result=45","@module":"flavor::psp::format_2025::operations","@pid":6368,"@timestamp":"2026-03-31T20:27:12.506457Z"}
{"@file":"src/psp/format_2025/operations.rs","@level":"debug","@line":60,"@message":"✅ Operations unpacked: count=8 operations=[222, 108, 130, 135, 146, 43, 66, 193]","@module":"flavor::psp::format_2025::operations","@pid":6368,"@timestamp":"2026-03-31T20:27:12.506476Z"}
{"@file":"src/psp/format_2025/operations.rs","@level":"debug","@line":60,"@message":"✅ Operations unpacked: count=1 operations=[45]","@module":"flavor::psp::format_2025::operations","@pid":6368,"@timestamp":"2026-03-31T20:27:12.506489Z"}
{"@file":"src/psp/format_2025/operations.rs","@level":"debug","@line":37,"@message":"✅ Operations packed: result=242451962016304","@module":"flavor::psp::format_2025::operations","@pid":6368,"@timestamp":"2026-03-31T20:27:12.506494Z"}
{"@file":"src/psp/format_2025/operations.rs","@level":"debug","@line":37,"@message":"✅ Operations packed: result=13925740906121686238","@module":"flavor::psp::format_2025::operations","@pid":6368,"@timestamp":"2026-03-31T20:27:12.506507Z"}
{"@file":"src/psp/format_2025/operations.rs","@level":"debug","@line":37,"@message":"✅ Operations packed: result=3035308287","@module":"flavor::psp::format_2025::operations","@pid":6368,"@timestamp":"2026-03-31T20:27:12.506548Z"}
{"@file":"src/psp/format_2025/operations.rs","@level":"debug","@line":60,"@message":"✅ Operations unpacked: count=8 operations=[222, 108, 130, 135, 146, 43, 66, 193]","@module":"flavor::psp::format_2025::operations","@pid":6368,"@timestamp":"2026-03-31T20:27:12.506555Z"}
{"@file":"src/psp/format_2025/operations.rs","@level":"debug","@line":60,"@message":"✅ Operations unpacked: count=4 operations=[255, 32, 235, 180]","@module":"flavor::psp::format_2025::operations","@pid":6368,"@timestamp":"2026-03-31T20:27:12.506583Z"}
{"@file":"src/psp/format_2025/operations.rs","@level":"debug","@line":37,"@message":"✅ Operations packed: result=12617226650439612768","@module":"flavor::psp::format_2025::operations","@pid":6368,"@timestamp":"2026-03-31T20:27:12.506571Z"}
{"@file":"src/psp/format_2025/operations.rs","@level":"debug","@line":60,"@message":"✅ Operations unpacked: count=8 operations=[225, 228, 247, 127, 18, 207, 125, 222]","@module":"flavor::psp::format_2025::operations","@pid":6368,"@timestamp":"2026-03-31T20:27:12.506626Z"}
{"@file":"src/psp/format_2025/operations.rs","@level":"debug","@line":37,"@message":"✅ Operations packed: result=100878031567572","@module":"flavor::psp::format_2025::operations","@pid":6368,"@timestamp":"2026-03-31T20:27:12.506638Z"}
{"@file":"src/psp/format_2025/operations.rs","@level":"debug","@line":37,"@message":"✅ Operations packed: result=16032197926872147169","@module":"flavor::psp::format_2025::operations","@pid":6368,"@timestamp":"2026-03-31T20:27:12.506656Z"}
{"@file":"src/psp/format_2025/operations.rs","@level":"debug","@line":60,"@message":"✅ Operations unpacked: count=6 operations=[212, 186, 60, 127, 191, 91]","@module":"flavor::psp::format_2025::operations","@pid":6368,"@timestamp":"2026-03-31T20:27:12.506697Z"}
{"@file":"src/psp/format_2025/operations.rs","@level":"debug","@line":37,"@message":"✅ Operations packed: result=3310661743","@module":"flavor::psp::format_2025::operations","@pid":6368,"@timestamp":"2026-03-31T20:27:12.506671Z"}
{"@file":"src/psp/format_2025/operations.rs","@level":"debug","@line":60,"@message":"✅ Operations unpacked: count=8 operations=[225, 228, 247, 127, 18, 207, 125, 222]","@module":"flavor::psp::format_2025::operations","@pid":6368,"@timestamp":"2026-03-31T20:27:12.506715Z"}
{"@file":"src/psp/format_2025/operations.rs","@level":"debug","@line":37,"@message":"✅ Operations packed: result=3540840974","@module":"flavor::psp::format_2025::operations","@pid":6368,"@timestamp":"2026-03-31T20:27:12.506755Z"}
{"@file":"src/psp/format_2025/operations.rs","@level":"debug","@line":37,"@message":"✅ Operations packed: result=117","@module":"flavor::psp::format_2025::operations","@pid":6368,"@timestamp":"2026-03-31T20:27:12.506764Z"}
{"@file":"src/psp/format_2025/operations.rs","@level":"debug","@line":60,"@message":"✅ Operations unpacked: count=4 operations=[14, 242, 12, 211]","@module":"flavor::psp::format_2025::operations","@pid":6368,"@timestamp":"2026-03-31T20:27:12.506786Z"}
{"@file":"src/psp/format_2025/operations.rs","@level":"debug","@line":60,"@message":"✅ Operations unpacked: count=8 operations=[112, 229, 188, 253, 100, 87, 165, 241]","@module":"flavor::psp::format_2025::operations","@pid":6368,"@timestamp":"2026-03-31T20:27:12.506772Z"}
{"@file":"src/psp/format_2025/operations.rs","@level":"debug","@line":37,"@message":"✅ Operations packed: result=17412419625563252080","@module":"flavor::psp::format_2025::operations","@pid":6368,"@timestamp":"2026-03-31T20:27:12.506835Z"}
{"@file":"src/psp/format_2025/operations.rs","@level":"debug","@line":37,"@message":"✅ Operations packed: result=782721779","@module":"flavor::psp::format_2025::operations","@pid":6368,"@timestamp":"2026-03-31T20:27:12.506834Z"}
{"@file":"src/psp/format_2025/operations.rs","@level":"debug","@line":60,"@message":"✅ Operations unpacked: count=8 operations=[112, 229, 188, 253, 100, 87, 165, 241]","@module":"flavor::psp::format_2025::operations","@pid":6368,"@timestamp":"2026-03-31T20:27:12.506861Z"}
{"@file":"src/psp/format_2025/operations.rs","@level":"debug","@line":37,"@message":"✅ Operations packed: result=94","@module":"flavor::psp::format_2025::operations","@pid":6368,"@timestamp":"2026-03-31T20:27:12.506846Z"}
{"@file":"src/psp/format_2025/operations.rs","@level":"debug","@line":37,"@message":"✅ Operations packed: result=10714735426773895033","@module":"flavor::psp::format_2025::operations","@pid":6368,"@timestamp":"2026-03-31T20:27:12.506902Z"}
{"@file":"src/psp/format_2025/operations.rs","@level":"debug","@line":60,"@message":"✅ Operations unpacked: count=8 operations=[96, 130, 244, 40, 56, 206, 147, 84]","@module":"flavor::psp::format_2025::operations","@pid":6368,"@timestamp":"2026-03-31T20:27:12.506915Z"}
{"@file":"src/psp/format_2025/operations.rs","@level":"debug","@line":60,"@message":"✅ Operations unpacked: count=1 operations=[94]","@module":"flavor::psp::format_2025::operations","@pid":6368,"@timestamp":"2026-03-31T20:27:12.506904Z"}
{"@file":"src/psp/format_2025/operations.rs","@level":"debug","@line":37,"@message":"✅ Operations packed: result=6094441461363016288","@module":"flavor::psp::format_2025::operations","@pid":6368,"@timestamp":"2026-03-31T20:27:12.506938Z"}
{"@file":"src/psp/format_2025/operations.rs","@level":"debug","@line":37,"@message":"✅ Operations packed: result=3541605574","@module":"flavor::psp::format_2025::operations","@pid":6368,"@timestamp":"2026-03-31T20:27:12.506961Z"}
{"@file":"src/psp/format_2025/operations.rs","@level":"debug","@line":60,"@message":"✅ Operations unpacked: count=8 operations=[96, 130, 244, 40, 56, 206, 147, 84]","@module":"flavor::psp::format_2025::operations","@pid":6368,"@timestamp":"2026-03-31T20:27:12.506962Z"}
{"@file":"src/psp/format_2025/operations.rs","@level":"debug","@line":37,"@message":"✅ Operations packed: result=634915028172","@module":"flavor::psp::format_2025::operations","@pid":6368,"@timestamp":"2026-03-31T20:27:12.506980Z"}
{"@file":"src/psp/format_2025/operations.rs","@level":"debug","@line":60,"@message":"✅ Operations unpacked: count=5 operations=[204, 124, 226, 211, 147]","@module":"flavor::psp::format_2025::operations","@pid":6368,"@timestamp":"2026-03-31T20:27:12.507010Z"}
{"@file":"src/psp/format_2025/operations.rs","@level":"debug","@line":37,"@message":"✅ Operations packed: result=219743062262430","@module":"flavor::psp::format_2025::operations","@pid":6368,"@timestamp":"2026-03-31T20:27:12.507013Z"}
{"@file":"src/psp/format_2025/operations.rs","@level":"debug","@line":60,"@message":"✅ Operations unpacked: count=8 operations=[130, 130, 6, 85, 207, 238, 61, 94]","@module":"flavor::psp::format_2025::operations","@pid":6368,"@timestamp":"2026-03-31T20:27:12.507030Z"}
{"@file":"src/psp/format_2025/operations.rs","@level":"debug","@line":37,"@message":"✅ Operations packed: result=0","@module":"flavor::psp::format_2025::operations","@pid":6368,"@timestamp":"2026-03-31T20:27:12.507057Z"}
{"@file":"src/psp/format_2025/operations.rs","@level":"debug","@line":37,"@message":"✅ Operations packed: result=1577195","@module":"flavor::psp::format_2025::operations","@pid":6368,"@timestamp":"2026-03-31T20:27:12.507070Z"}
{"@file":"src/psp/format_2025/operations.rs","@level":"debug","@line":37,"@message":"✅ Operations packed: result=6790846387396706946","@module":"flavor::psp::format_2025::operations","@pid":6368,"@timestamp":"2026-03-31T20:27:12.507059Z"}
{"@file":"src/psp/format_2025/operations.rs","@level":"debug","@line":60,"@message":"✅ Operations unpacked: count=0 operations=[]","@module":"flavor::psp::format_2025::operations","@pid":6368,"@timestamp":"2026-03-31T20:27:12.507090Z"}
{"@file":"src/psp/format_2025/operations.rs","@level":"debug","@line":60,"@message":"✅ Operations unpacked: count=8 operations=[130, 130, 6, 85, 207, 238, 61, 94]","@module":"flavor::psp::format_2025::operations","@pid":6368,"@timestamp":"2026-03-31T20:27:12.507121Z"}
{"@file":"src/psp/format_2025/operations.rs","@level":"debug","@line":37,"@message":"✅ Operations packed: result=36167","@module":"flavor::psp::format_2025::operations","@pid":6368,"@timestamp":"2026-03-31T20:27:12.507129Z"}
{"@file":"src/psp/format_2025/operations.rs","@level":"debug","@line":37,"@message":"✅ Operations packed: result=15128936","@module":"flavor::psp::format_2025::operations","@pid":6368,"@timestamp":"2026-03-31T20:27:12.507165Z"}
{"@file":"src/psp/format_2025/operations.rs","@level":"debug","@line":60,"@message":"✅ Operations unpacked: count=8 operations=[151, 34, 177, 49, 169, 78, 13, 179]","@module":"flavor::psp::format_2025::operations","@pid":6368,"@timestamp":"2026-03-31T20:27:12.507180Z"}
{"@file":"src/psp/format_2025/operations.rs","@level":"debug","@line":60,"@message":"✅ Operations unpacked: count=3 operations=[104, 217, 230]","@module":"flavor::psp::format_2025::operations","@pid":6368,"@timestamp":"2026-03-31T20:27:12.507184Z"}
{"@file":"src/psp/format_2025/operations.rs","@level":"debug","@line":37,"@message":"✅ Operations packed: result=12902054996076470935","@module":"flavor::psp::format_2025::operations","@pid":6368,"@timestamp":"2026-03-31T20:27:12.507216Z"}
{"@file":"src/psp/format_2025/operations.rs","@level":"debug","@line":37,"@message":"✅ Operations packed: result=0","@module":"flavor::psp::format_2025::operations","@pid":6368,"@timestamp":"2026-03-31T20:27:12.507190Z"}
{"@file":"src/psp/format_2025/operations.rs","@level":"debug","@line":60,"@message":"✅ Operations unpacked: count=8 operations=[151, 34, 177, 49, 169, 78, 13, 179]","@module":"flavor::psp::format_2025::operations","@pid":6368,"@timestamp":"2026-03-31T20:27:12.507243Z"}
{"@file":"src/psp/format_2025/operations.rs","@level":"debug","@line":37,"@message":"✅ Operations packed: result=6114943215217259016","@module":"flavor::psp::format_2025::operations","@pid":6368,"@timestamp":"2026-03-31T20:27:12.507261Z"}
{"@file":"src/psp/format_2025/operations.rs","@level":"debug","@line":37,"@message":"✅ Operations packed: result=2187930172","@module":"flavor::psp::format_2025::operations","@pid":6368,"@timestamp":"2026-03-31T20:27:12.507280Z"}
{"@file":"src/psp/format_2025/operations.rs","@level":"debug","@line":60,"@message":"✅ Operations unpacked: count=8 operations=[8, 178, 181, 180, 116, 164, 220, 84]","@module":"flavor::psp::format_2025::operations","@pid":6368,"@timestamp":"2026-03-31T20:27:12.507289Z"}
{"@file":"src/psp/format_2025/operations.rs","@level":"debug","@line":60,"@message":"✅ Operations unpacked: count=8 operations=[194, 142, 251, 179, 87, 146, 183, 135]","@module":"flavor::psp::format_2025::operations","@pid":6368,"@timestamp":"2026-03-31T20:27:12.507289Z"}
{"@file":"src/psp/format_2025/operations.rs","@level":"debug","@line":37,"@message":"✅ Operations packed: result=9779446021237739202","@module":"flavor::psp::format_2025::operations","@pid":6368,"@timestamp":"2026-03-31T20:27:12.507331Z"}
{"@file":"src/psp/format_2025/operations.rs","@level":"debug","@line":37,"@message":"✅ Operations packed: result=607920664660","@module":"flavor::psp::format_2025::operations","@pid":6368,"@timestamp":"2026-03-31T20:27:12.507337Z"}
{"@file":"src/psp/format_2025/operations.rs","@level":"debug","@line":37,"@message":"✅ Operations packed: result=36764","@module":"flavor::psp::format_2025::operations","@pid":6368,"@timestamp":"2026-03-31T20:27:12.507349Z"}
{"@file":"src/psp/format_2025/operations.rs","@level":"debug","@line":60,"@message":"✅ Operations unpacked: count=8 operations=[194, 142, 251, 179, 87, 146, 183, 135]","@module":"flavor::psp::format_2025::operations","@pid":6368,"@timestamp":"2026-03-31T20:27:12.507352Z"}
{"@file":"src/psp/format_2025/operations.rs","@level":"debug","@line":60,"@message":"✅ Operations unpacked: count=2 operations=[156, 143]","@module":"flavor::psp::format_2025::operations","@pid":6368,"@timestamp":"2026-03-31T20:27:12.507400Z"}
{"@file":"src/psp/format_2025/operations.rs","@level":"debug","@line":37,"@message":"✅ Operations packed: result=18279717792829385","@module":"flavor::psp::format_2025::operations","@pid":6368,"@timestamp":"2026-03-31T20:27:12.507410Z"}
{"@file":"src/psp/format_2025/operations.rs","@level":"debug","@line":60,"@message":"✅ Operations unpacked: count=8 operations=[135, 155, 210, 142, 75, 60, 76, 57]","@module":"flavor::psp::format_2025::operations","@pid":6368,"@timestamp":"2026-03-31T20:27:12.507444Z"}
{"@file":"src/psp/format_2025/operations.rs","@level":"debug","@line":37,"@message":"✅ Operations packed: result=15215420","@module":"flavor::psp::format_2025::operations","@pid":6368,"@timestamp":"2026-03-31T20:27:12.507454Z"}
test psp::format_2025::operations::tests::prop_pack_high_bytes_zero ... {"@file":"src/psp/format_2025/operations.rs","@level":"debug","@line":37,"@message":"✅ Operations packed: result=4128741253608283015","@module":"flavor::psp::format_2025::operations","@pid":6368,"@timestamp":"2026-03-31T20:27:12.507480Z"}
ok
{"@file":"src/psp/format_2025/operations.rs","@level":"debug","@line":60,"@message":"✅ Operations unpacked: count=3 operations=[60, 43, 232]","@module":"flavor::psp::format_2025::operations","@pid":6368,"@timestamp":"2026-03-31T20:27:12.507495Z"}
{"@file":"src/psp/format_2025/operations.rs","@level":"debug","@line":60,"@message":"✅ Operations unpacked: count=8 operations=[135, 155, 210, 142, 75, 60, 76, 57]","@module":"flavor::psp::format_2025::operations","@pid":6368,"@timestamp":"2026-03-31T20:27:12.507502Z"}
{"@file":"src/psp/format_2025/operations.rs","@level":"debug","@line":37,"@message":"✅ Operations packed: result=0","@module":"flavor::psp::format_2025::operations","@pid":6368,"@timestamp":"2026-03-31T20:27:12.507542Z"}
{"@file":"src/psp/format_2025/operations.rs","@level":"debug","@line":60,"@message":"✅ Operations unpacked: count=8 operations=[183, 164, 155, 122, 80, 239, 89, 162]","@module":"flavor::psp::format_2025::operations","@pid":6368,"@timestamp":"2026-03-31T20:27:12.507550Z"}
{"@file":"src/psp/format_2025/operations.rs","@level":"debug","@line":60,"@message":"✅ Operations unpacked: count=0 operations=[]","@module":"flavor::psp::format_2025::operations","@pid":6368,"@timestamp":"2026-03-31T20:27:12.507561Z"}
{"@file":"src/psp/format_2025/operations.rs","@level":"debug","@line":37,"@message":"✅ Operations packed: result=11698644636005016759","@module":"flavor::psp::format_2025::operations","@pid":6368,"@timestamp":"2026-03-31T20:27:12.507570Z"}
{"@file":"src/psp/format_2025/operations.rs","@level":"debug","@line":60,"@message":"✅ Operations unpacked: count=8 operations=[183, 164, 155, 122, 80, 239, 89, 162]","@module":"flavor::psp::format_2025::operations","@pid":6368,"@timestamp":"2026-03-31T20:27:12.507588Z"}
{"@file":"src/psp/format_2025/operations.rs","@level":"debug","@line":37,"@message":"✅ Operations packed: result=0","@module":"flavor::psp::format_2025::operations","@pid":6368,"@timestamp":"2026-03-31T20:27:12.507606Z"}
{"@file":"src/psp/format_2025/operations.rs","@level":"debug","@line":60,"@message":"✅ Operations unpacked: count=0 operations=[]","@module":"flavor::psp::format_2025::operations","@pid":6368,"@timestamp":"2026-03-31T20:27:12.507623Z"}
{"@file":"src/psp/format_2025/operations.rs","@level":"debug","@line":60,"@message":"✅ Operations unpacked: count=8 operations=[218, 186, 113, 125, 161, 29, 2, 68]","@module":"flavor::psp::format_2025::operations","@pid":6368,"@timestamp":"2026-03-31T20:27:12.507632Z"}
{"@file":"src/psp/format_2025/operations.rs","@level":"debug","@line":37,"@message":"✅ Operations packed: result=4900511923964066522","@module":"flavor::psp::format_2025::operations","@pid":6368,"@timestamp":"2026-03-31T20:27:12.507652Z"}
{"@file":"src/psp/format_2025/operations.rs","@level":"debug","@line":37,"@message":"✅ Operations packed: result=141076049480","@module":"flavor::psp::format_2025::operations","@pid":6368,"@timestamp":"2026-03-31T20:27:12.507668Z"}
{"@file":"src/psp/format_2025/operations.rs","@level":"debug","@line":60,"@message":"✅ Operations unpacked: count=8 operations=[218, 186, 113, 125, 161, 29, 2, 68]","@module":"flavor::psp::format_2025::operations","@pid":6368,"@timestamp":"2026-03-31T20:27:12.507669Z"}
{"@file":"src/psp/format_2025/operations.rs","@level":"debug","@line":60,"@message":"✅ Operations unpacked: count=5 operations=[72, 174, 201, 216, 32]","@module":"flavor::psp::format_2025::operations","@pid":6368,"@timestamp":"2026-03-31T20:27:12.507690Z"}
{"@file":"src/psp/format_2025/operations.rs","@level":"debug","@line":60,"@message":"✅ Operations unpacked: count=8 operations=[67, 1, 234, 168, 9, 6, 220, 196]","@module":"flavor::psp::format_2025::operations","@pid":6368,"@timestamp":"2026-03-31T20:27:12.507733Z"}
{"@file":"src/psp/format_2025/operations.rs","@level":"debug","@line":37,"@message":"✅ Operations packed: result=243547639762258","@module":"flavor::psp::format_2025::operations","@pid":6368,"@timestamp":"2026-03-31T20:27:12.507743Z"}
{"@file":"src/psp/format_2025/operations.rs","@level":"debug","@line":37,"@message":"✅ Operations packed: result=14185219564868600131","@module":"flavor::psp::format_2025::operations","@pid":6368,"@timestamp":"2026-03-31T20:27:12.507764Z"}
{"@file":"src/psp/format_2025/operations.rs","@level":"debug","@line":60,"@message":"✅ Operations unpacked: count=6 operations=[82, 205, 141, 90, 129, 221]","@module":"flavor::psp::format_2025::operations","@pid":6368,"@timestamp":"2026-03-31T20:27:12.507777Z"}
{"@file":"src/psp/format_2025/operations.rs","@level":"debug","@line":60,"@message":"✅ Operations unpacked: count=8 operations=[67, 1, 234, 168, 9, 6, 220, 196]","@module":"flavor::psp::format_2025::operations","@pid":6368,"@timestamp":"2026-03-31T20:27:12.507789Z"}
{"@file":"src/psp/format_2025/operations.rs","@level":"debug","@line":37,"@message":"✅ Operations packed: result=0","@module":"flavor::psp::format_2025::operations","@pid":6368,"@timestamp":"2026-03-31T20:27:12.507830Z"}
{"@file":"src/psp/format_2025/operations.rs","@level":"debug","@line":60,"@message":"✅ Operations unpacked: count=8 operations=[142, 202, 118, 105, 19, 158, 21, 177]","@module":"flavor::psp::format_2025::operations","@pid":6368,"@timestamp":"2026-03-31T20:27:12.507844Z"}
{"@file":"src/psp/format_2025/operations.rs","@level":"debug","@line":60,"@message":"✅ Operations unpacked: count=0 operations=[]","@module":"flavor::psp::format_2025::operations","@pid":6368,"@timestamp":"2026-03-31T20:27:12.507856Z"}
{"@file":"src/psp/format_2025/operations.rs","@level":"debug","@line":37,"@message":"✅ Operations packed: result=12760278925435128462","@module":"flavor::psp::format_2025::operations","@pid":6368,"@timestamp":"2026-03-31T20:27:12.507871Z"}
{"@file":"src/psp/format_2025/operations.rs","@level":"debug","@line":60,"@message":"✅ Operations unpacked: count=8 operations=[142, 202, 118, 105, 19, 158, 21, 177]","@module":"flavor::psp::format_2025::operations","@pid":6368,"@timestamp":"2026-03-31T20:27:12.507897Z"}
{"@file":"src/psp/format_2025/operations.rs","@level":"debug","@line":37,"@message":"✅ Operations packed: result=1116387","@module":"flavor::psp::format_2025::operations","@pid":6368,"@timestamp":"2026-03-31T20:27:12.507909Z"}
{"@file":"src/psp/format_2025/operations.rs","@level":"debug","@line":60,"@message":"✅ Operations unpacked: count=3 operations=[227, 8, 17]","@module":"flavor::psp::format_2025::operations","@pid":6368,"@timestamp":"2026-03-31T20:27:12.507935Z"}
{"@file":"src/psp/format_2025/operations.rs","@level":"debug","@line":60,"@message":"✅ Operations unpacked: count=8 operations=[210, 32, 120, 182, 207, 39, 57, 208]","@module":"flavor::psp::format_2025::operations","@pid":6368,"@timestamp":"2026-03-31T20:27:12.507949Z"}
{"@file":"src/psp/format_2025/operations.rs","@level":"debug","@line":37,"@message":"✅ Operations packed: result=15004067406634557650","@module":"flavor::psp::format_2025::operations","@pid":6368,"@timestamp":"2026-03-31T20:27:12.507977Z"}
{"@file":"src/psp/format_2025/operations.rs","@level":"debug","@line":37,"@message":"✅ Operations packed: result=74627635509641","@module":"flavor::psp::format_2025::operations","@pid":6368,"@timestamp":"2026-03-31T20:27:12.507982Z"}
{"@file":"src/psp/format_2025/operations.rs","@level":"debug","@line":60,"@message":"✅ Operations unpacked: count=8 operations=[210, 32, 120, 182, 207, 39, 57, 208]","@module":"flavor::psp::format_2025::operations","@pid":6368,"@timestamp":"2026-03-31T20:27:12.507997Z"}
{"@file":"src/psp/format_2025/operations.rs","@level":"debug","@line":60,"@message":"✅ Operations unpacked: count=6 operations=[137, 121, 180, 153, 223, 67]","@module":"flavor::psp::format_2025::operations","@pid":6368,"@timestamp":"2026-03-31T20:27:12.508009Z"}
{"@file":"src/psp/format_2025/operations.rs","@level":"debug","@line":60,"@message":"✅ Operations unpacked: count=8 operations=[70, 81, 127, 19, 190, 89, 204, 170]","@module":"flavor::psp::format_2025::operations","@pid":6368,"@timestamp":"2026-03-31T20:27:12.508049Z"}
{"@file":"src/psp/format_2025/operations.rs","@level":"debug","@line":37,"@message":"✅ Operations packed: result=1460068927","@module":"flavor::psp::format_2025::operations","@pid":6368,"@timestamp":"2026-03-31T20:27:12.508063Z"}
{"@file":"src/psp/format_2025/operations.rs","@level":"debug","@line":37,"@message":"✅ Operations packed: result=12307310554602492230","@module":"flavor::psp::format_2025::operations","@pid":6368,"@timestamp":"2026-03-31T20:27:12.508077Z"}
{"@file":"src/psp/format_2025/operations.rs","@level":"debug","@line":60,"@message":"✅ Operations unpacked: count=4 operations=[63, 226, 6, 87]","@module":"flavor::psp::format_2025::operations","@pid":6368,"@timestamp":"2026-03-31T20:27:12.508090Z"}
{"@file":"src/psp/format_2025/operations.rs","@level":"debug","@line":60,"@message":"✅ Operations unpacked: count=8 operations=[70, 81, 127, 19, 190, 89, 204, 170]","@module":"flavor::psp::format_2025::operations","@pid":6368,"@timestamp":"2026-03-31T20:27:12.508103Z"}
{"@file":"src/psp/format_2025/operations.rs","@level":"debug","@line":37,"@message":"✅ Operations packed: result=1678996760","@module":"flavor::psp::format_2025::operations","@pid":6368,"@timestamp":"2026-03-31T20:27:12.508146Z"}
{"@file":"src/psp/format_2025/operations.rs","@level":"debug","@line":60,"@message":"✅ Operations unpacked: count=8 operations=[223, 35, 94, 246, 9, 171, 174, 59]","@module":"flavor::psp::format_2025::operations","@pid":6368,"@timestamp":"2026-03-31T20:27:12.508156Z"}
{"@file":"src/psp/format_2025/operations.rs","@level":"debug","@line":60,"@message":"✅ Operations unpacked: count=4 operations=[24, 117, 19, 100]","@module":"flavor::psp::format_2025::operations","@pid":6368,"@timestamp":"2026-03-31T20:27:12.508172Z"}
{"@file":"src/psp/format_2025/operations.rs","@level":"debug","@line":37,"@message":"✅ Operations packed: result=4300562753461822431","@module":"flavor::psp::format_2025::operations","@pid":6368,"@timestamp":"2026-03-31T20:27:12.508184Z"}
{"@file":"src/psp/format_2025/operations.rs","@level":"debug","@line":60,"@message":"✅ Operations unpacked: count=8 operations=[223, 35, 94, 246, 9, 171, 174, 59]","@module":"flavor::psp::format_2025::operations","@pid":6368,"@timestamp":"2026-03-31T20:27:12.508217Z"}
{"@file":"src/psp/format_2025/operations.rs","@level":"debug","@line":37,"@message":"✅ Operations packed: result=192169425109625","@module":"flavor::psp::format_2025::operations","@pid":6368,"@timestamp":"2026-03-31T20:27:12.508227Z"}
{"@file":"src/psp/format_2025/operations.rs","@level":"debug","@line":60,"@message":"✅ Operations unpacked: count=6 operations=[121, 2, 82, 238, 198, 174]","@module":"flavor::psp::format_2025::operations","@pid":6368,"@timestamp":"2026-03-31T20:27:12.508253Z"}
{"@file":"src/psp/format_2025/operations.rs","@level":"debug","@line":60,"@message":"✅ Operations unpacked: count=8 operations=[166, 140, 64, 92, 101, 9, 132, 196]","@module":"flavor::psp::format_2025::operations","@pid":6368,"@timestamp":"2026-03-31T20:27:12.508264Z"}
{"@file":"src/psp/format_2025/operations.rs","@level":"debug","@line":37,"@message":"✅ Operations packed: result=14160453459303763110","@module":"flavor::psp::format_2025::operations","@pid":6368,"@timestamp":"2026-03-31T20:27:12.508293Z"}
{"@file":"src/psp/format_2025/operations.rs","@level":"debug","@line":37,"@message":"✅ Operations packed: result=17516581525309605362","@module":"flavor::psp::format_2025::operations","@pid":6368,"@timestamp":"2026-03-31T20:27:12.508303Z"}
{"@file":"src/psp/format_2025/operations.rs","@level":"debug","@line":60,"@message":"✅ Operations unpacked: count=8 operations=[166, 140, 64, 92, 101, 9, 132, 196]","@module":"flavor::psp::format_2025::operations","@pid":6368,"@timestamp":"2026-03-31T20:27:12.508312Z"}
{"@file":"src/psp/format_2025/operations.rs","@level":"debug","@line":60,"@message":"✅ Operations unpacked: count=8 operations=[242, 197, 63, 39, 23, 102, 23, 243]","@module":"flavor::psp::format_2025::operations","@pid":6368,"@timestamp":"2026-03-31T20:27:12.508335Z"}
{"@file":"src/psp/format_2025/operations.rs","@level":"debug","@line":60,"@message":"✅ Operations unpacked: count=8 operations=[159, 145, 198, 140, 178, 216, 87, 213]","@module":"flavor::psp::format_2025::operations","@pid":6368,"@timestamp":"2026-03-31T20:27:12.508373Z"}
{"@file":"src/psp/format_2025/operations.rs","@level":"debug","@line":37,"@message":"✅ Operations packed: result=0","@module":"flavor::psp::format_2025::operations","@pid":6368,"@timestamp":"2026-03-31T20:27:12.508388Z"}
{"@file":"src/psp/format_2025/operations.rs","@level":"debug","@line":37,"@message":"✅ Operations packed: result=15372994114430079391","@module":"flavor::psp::format_2025::operations","@pid":6368,"@timestamp":"2026-03-31T20:27:12.508411Z"}
{"@file":"src/psp/format_2025/operations.rs","@level":"debug","@line":60,"@message":"✅ Operations unpacked: count=0 operations=[]","@module":"flavor::psp::format_2025::operations","@pid":6368,"@timestamp":"2026-03-31T20:27:12.508425Z"}
{"@file":"src/psp/format_2025/operations.rs","@level":"debug","@line":60,"@message":"✅ Operations unpacked: count=8 operations=[159, 145, 198, 140, 178, 216, 87, 213]","@module":"flavor::psp::format_2025::operations","@pid":6368,"@timestamp":"2026-03-31T20:27:12.508436Z"}
{"@file":"src/psp/format_2025/operations.rs","@level":"debug","@line":37,"@message":"✅ Operations packed: result=281225566320372","@module":"flavor::psp::format_2025::operations","@pid":6368,"@timestamp":"2026-03-31T20:27:12.508480Z"}
{"@file":"src/psp/format_2025/operations.rs","@level":"debug","@line":60,"@message":"✅ Operations unpacked: count=8 operations=[147, 59, 23, 75, 170, 242, 239, 162]","@module":"flavor::psp::format_2025::operations","@pid":6368,"@timestamp":"2026-03-31T20:27:12.508490Z"}
{"@file":"src/psp/format_2025/operations.rs","@level":"debug","@line":60,"@message":"✅ Operations unpacked: count=6 operations=[244, 118, 251, 237, 197, 255]","@module":"flavor::psp::format_2025::operations","@pid":6368,"@timestamp":"2026-03-31T20:27:12.508506Z"}
{"@file":"src/psp/format_2025/operations.rs","@level":"debug","@line":37,"@message":"✅ Operations packed: result=11740869566796348307","@module":"flavor::psp::format_2025::operations","@pid":6368,"@timestamp":"2026-03-31T20:27:12.508517Z"}
{"@file":"src/psp/format_2025/operations.rs","@level":"debug","@line":60,"@message":"✅ Operations unpacked: count=8 operations=[147, 59, 23, 75, 170, 242, 239, 162]","@module":"flavor::psp::format_2025::operations","@pid":6368,"@timestamp":"2026-03-31T20:27:12.508543Z"}
{"@file":"src/psp/format_2025/operations.rs","@level":"debug","@line":37,"@message":"✅ Operations packed: result=543969309","@module":"flavor::psp::format_2025::operations","@pid":6368,"@timestamp":"2026-03-31T20:27:12.508561Z"}
{"@file":"src/psp/format_2025/operations.rs","@level":"debug","@line":60,"@message":"✅ Operations unpacked: count=4 operations=[29, 80, 108, 32]","@module":"flavor::psp::format_2025::operations","@pid":6368,"@timestamp":"2026-03-31T20:27:12.508587Z"}
{"@file":"src/psp/format_2025/operations.rs","@level":"debug","@line":60,"@message":"✅ Operations unpacked: count=1 operations=[247]","@module":"flavor::psp::format_2025::operations","@pid":6368,"@timestamp":"2026-03-31T20:27:12.508587Z"}
{"@file":"src/psp/format_2025/operations.rs","@level":"debug","@line":37,"@message":"✅ Operations packed: result=247","@module":"flavor::psp::format_2025::operations","@pid":6368,"@timestamp":"2026-03-31T20:27:12.508635Z"}
{"@file":"src/psp/format_2025/operations.rs","@level":"debug","@line":37,"@message":"✅ Operations packed: result=1813981057","@module":"flavor::psp::format_2025::operations","@pid":6368,"@timestamp":"2026-03-31T20:27:12.508642Z"}
{"@file":"src/psp/format_2025/operations.rs","@level":"debug","@line":60,"@message":"✅ Operations unpacked: count=1 operations=[247]","@module":"flavor::psp::format_2025::operations","@pid":6368,"@timestamp":"2026-03-31T20:27:12.508659Z"}
{"@file":"src/psp/format_2025/operations.rs","@level":"debug","@line":60,"@message":"✅ Operations unpacked: count=4 operations=[129, 39, 31, 108]","@module":"flavor::psp::format_2025::operations","@pid":6368,"@timestamp":"2026-03-31T20:27:12.508684Z"}
{"@file":"src/psp/format_2025/operations.rs","@level":"debug","@line":60,"@message":"✅ Operations unpacked: count=8 operations=[108, 87, 32, 138, 86, 148, 244, 40]","@module":"flavor::psp::format_2025::operations","@pid":6368,"@timestamp":"2026-03-31T20:27:12.508719Z"}
{"@file":"src/psp/format_2025/operations.rs","@level":"debug","@line":37,"@message":"✅ Operations packed: result=34208","@module":"flavor::psp::format_2025::operations","@pid":6368,"@timestamp":"2026-03-31T20:27:12.508735Z"}
{"@file":"src/psp/format_2025/operations.rs","@level":"debug","@line":37,"@message":"✅ Operations packed: result=2951146755239991148","@module":"flavor::psp::format_2025::operations","@pid":6368,"@timestamp":"2026-03-31T20:27:12.508739Z"}
{"@file":"src/psp/format_2025/operations.rs","@level":"debug","@line":60,"@message":"✅ Operations unpacked: count=2 operations=[160, 133]","@module":"flavor::psp::format_2025::operations","@pid":6368,"@timestamp":"2026-03-31T20:27:12.508756Z"}
{"@file":"src/psp/format_2025/operations.rs","@level":"debug","@line":60,"@message":"✅ Operations unpacked: count=8 operations=[108, 87, 32, 138, 86, 148, 244, 40]","@module":"flavor::psp::format_2025::operations","@pid":6368,"@timestamp":"2026-03-31T20:27:12.508764Z"}
{"@file":"src/psp/format_2025/operations.rs","@level":"debug","@line":37,"@message":"✅ Operations packed: result=56665164622716042","@module":"flavor::psp::format_2025::operations","@pid":6368,"@timestamp":"2026-03-31T20:27:12.508805Z"}
{"@file":"src/psp/format_2025/operations.rs","@level":"debug","@line":60,"@message":"✅ Operations unpacked: count=8 operations=[24, 31, 81, 140, 245, 17, 63, 134]","@module":"flavor::psp::format_2025::operations","@pid":6368,"@timestamp":"2026-03-31T20:27:12.508810Z"}
{"@file":"src/psp/format_2025/operations.rs","@level":"debug","@line":60,"@message":"✅ Operations unpacked: count=7 operations=[138, 220, 121, 192, 170, 80, 201]","@module":"flavor::psp::format_2025::operations","@pid":6368,"@timestamp":"2026-03-31T20:27:12.508823Z"}
{"@file":"src/psp/format_2025/operations.rs","@level":"debug","@line":37,"@message":"✅ Operations packed: result=9673470270933901080","@module":"flavor::psp::format_2025::operations","@pid":6368,"@timestamp":"2026-03-31T20:27:12.508829Z"}
{"@file":"src/psp/format_2025/operations.rs","@level":"debug","@line":60,"@message":"✅ Operations unpacked: count=8 operations=[24, 31, 81, 140, 245, 17, 63, 134]","@module":"flavor::psp::format_2025::operations","@pid":6368,"@timestamp":"2026-03-31T20:27:12.508847Z"}
{"@file":"src/psp/format_2025/operations.rs","@level":"debug","@line":37,"@message":"✅ Operations packed: result=54179","@module":"flavor::psp::format_2025::operations","@pid":6368,"@timestamp":"2026-03-31T20:27:12.508869Z"}
{"@file":"src/psp/format_2025/operations.rs","@level":"debug","@line":60,"@message":"✅ Operations unpacked: count=2 operations=[163, 211]","@module":"flavor::psp::format_2025::operations","@pid":6368,"@timestamp":"2026-03-31T20:27:12.508887Z"}
{"@file":"src/psp/format_2025/operations.rs","@level":"debug","@line":60,"@message":"✅ Operations unpacked: count=8 operations=[228, 242, 208, 114, 226, 105, 164, 145]","@module":"flavor::psp::format_2025::operations","@pid":6368,"@timestamp":"2026-03-31T20:27:12.508892Z"}
{"@file":"src/psp/format_2025/operations.rs","@level":"debug","@line":37,"@message":"✅ Operations packed: result=10494629452989919972","@module":"flavor::psp::format_2025::operations","@pid":6368,"@timestamp":"2026-03-31T20:27:12.508912Z"}
{"@file":"src/psp/format_2025/operations.rs","@level":"debug","@line":60,"@message":"✅ Operations unpacked: count=8 operations=[228, 242, 208, 114, 226, 105, 164, 145]","@module":"flavor::psp::format_2025::operations","@pid":6368,"@timestamp":"2026-03-31T20:27:12.508930Z"}
{"@file":"src/psp/format_2025/operations.rs","@level":"debug","@line":37,"@message":"✅ Operations packed: result=53253888444491820","@module":"flavor::psp::format_2025::operations","@pid":6368,"@timestamp":"2026-03-31T20:27:12.508934Z"}
{"@file":"src/psp/format_2025/operations.rs","@level":"debug","@line":60,"@message":"✅ Operations unpacked: count=7 operations=[44, 104, 164, 31, 33, 50, 189]","@module":"flavor::psp::format_2025::operations","@pid":6368,"@timestamp":"2026-03-31T20:27:12.508953Z"}
{"@file":"src/psp/format_2025/operations.rs","@level":"debug","@line":60,"@message":"✅ Operations unpacked: count=8 operations=[135, 236, 62, 131, 40, 236, 158, 33]","@module":"flavor::psp::format_2025::operations","@pid":6368,"@timestamp":"2026-03-31T20:27:12.508974Z"}
{"@file":"src/psp/format_2025/operations.rs","@level":"debug","@line":37,"@message":"✅ Operations packed: result=7508945157676442329","@module":"flavor::psp::format_2025::operations","@pid":6368,"@timestamp":"2026-03-31T20:27:12.509000Z"}
{"@file":"src/psp/format_2025/operations.rs","@level":"debug","@line":37,"@message":"✅ Operations packed: result=2422633308316691591","@module":"flavor::psp::format_2025::operations","@pid":6368,"@timestamp":"2026-03-31T20:27:12.508994Z"}
{"@file":"src/psp/format_2025/operations.rs","@level":"debug","@line":60,"@message":"✅ Operations unpacked: count=8 operations=[217, 162, 49, 57, 214, 33, 53, 104]","@module":"flavor::psp::format_2025::operations","@pid":6368,"@timestamp":"2026-03-31T20:27:12.509030Z"}
{"@file":"src/psp/format_2025/operations.rs","@level":"debug","@line":60,"@message":"✅ Operations unpacked: count=8 operations=[135, 236, 62, 131, 40, 236, 158, 33]","@module":"flavor::psp::format_2025::operations","@pid":6368,"@timestamp":"2026-03-31T20:27:12.509033Z"}
{"@file":"src/psp/format_2025/operations.rs","@level":"debug","@line":37,"@message":"✅ Operations packed: result=9399310","@module":"flavor::psp::format_2025::operations","@pid":6368,"@timestamp":"2026-03-31T20:27:12.509085Z"}
{"@file":"src/psp/format_2025/operations.rs","@level":"debug","@line":60,"@message":"✅ Operations unpacked: count=8 operations=[220, 138, 241, 14, 32, 67, 114, 133]","@module":"flavor::psp::format_2025::operations","@pid":6368,"@timestamp":"2026-03-31T20:27:12.509099Z"}
{"@file":"src/psp/format_2025/operations.rs","@level":"debug","@line":60,"@message":"✅ Operations unpacked: count=3 operations=[14, 108, 143]","@module":"flavor::psp::format_2025::operations","@pid":6368,"@timestamp":"2026-03-31T20:27:12.509108Z"}
{"@file":"src/psp/format_2025/operations.rs","@level":"debug","@line":37,"@message":"✅ Operations packed: result=9615821959358155484","@module":"flavor::psp::format_2025::operations","@pid":6368,"@timestamp":"2026-03-31T20:27:12.509130Z"}
{"@file":"src/psp/format_2025/operations.rs","@level":"debug","@line":60,"@message":"✅ Operations unpacked: count=8 operations=[220, 138, 241, 14, 32, 67, 114, 133]","@module":"flavor::psp::format_2025::operations","@pid":6368,"@timestamp":"2026-03-31T20:27:12.509156Z"}
{"@file":"src/psp/format_2025/operations.rs","@level":"debug","@line":37,"@message":"✅ Operations packed: result=1058163902371","@module":"flavor::psp::format_2025::operations","@pid":6368,"@timestamp":"2026-03-31T20:27:12.509172Z"}
{"@file":"src/psp/format_2025/operations.rs","@level":"debug","@line":60,"@message":"✅ Operations unpacked: count=5 operations=[163, 199, 123, 95, 246]","@module":"flavor::psp::format_2025::operations","@pid":6368,"@timestamp":"2026-03-31T20:27:12.509199Z"}
{"@file":"src/psp/format_2025/operations.rs","@level":"debug","@line":60,"@message":"✅ Operations unpacked: count=8 operations=[105, 19, 178, 125, 33, 170, 19, 185]","@module":"flavor::psp::format_2025::operations","@pid":6368,"@timestamp":"2026-03-31T20:27:12.509215Z"}
{"@file":"src/psp/format_2025/operations.rs","@level":"debug","@line":37,"@message":"✅ Operations packed: result=13336189982393635689","@module":"flavor::psp::format_2025::operations","@pid":6368,"@timestamp":"2026-03-31T20:27:12.509237Z"}
{"@file":"src/psp/format_2025/operations.rs","@level":"debug","@line":37,"@message":"✅ Operations packed: result=715520879030","@module":"flavor::psp::format_2025::operations","@pid":6368,"@timestamp":"2026-03-31T20:27:12.509246Z"}
{"@file":"src/psp/format_2025/operations.rs","@level":"debug","@line":60,"@message":"✅ Operations unpacked: count=8 operations=[105, 19, 178, 125, 33, 170, 19, 185]","@module":"flavor::psp::format_2025::operations","@pid":6368,"@timestamp":"2026-03-31T20:27:12.509254Z"}
{"@file":"src/psp/format_2025/operations.rs","@level":"debug","@line":60,"@message":"✅ Operations unpacked: count=5 operations=[182, 41, 94, 152, 166]","@module":"flavor::psp::format_2025::operations","@pid":6368,"@timestamp":"2026-03-31T20:27:12.509265Z"}
{"@file":"src/psp/format_2025/operations.rs","@level":"debug","@line":60,"@message":"✅ Operations unpacked: count=8 operations=[181, 65, 241, 52, 134, 250, 122, 71]","@module":"flavor::psp::format_2025::operations","@pid":6368,"@timestamp":"2026-03-31T20:27:12.509300Z"}
{"@file":"src/psp/format_2025/operations.rs","@level":"debug","@line":37,"@message":"✅ Operations packed: result=55471766983944520","@module":"flavor::psp::format_2025::operations","@pid":6368,"@timestamp":"2026-03-31T20:27:12.509312Z"}
{"@file":"src/psp/format_2025/operations.rs","@level":"debug","@line":37,"@message":"✅ Operations packed: result=5150704578172371381","@module":"flavor::psp::format_2025::operations","@pid":6368,"@timestamp":"2026-03-31T20:27:12.509320Z"}
{"@file":"src/psp/format_2025/operations.rs","@level":"debug","@line":60,"@message":"✅ Operations unpacked: count=7 operations=[72, 41, 36, 54, 71, 19, 197]","@module":"flavor::psp::format_2025::operations","@pid":6368,"@timestamp":"2026-03-31T20:27:12.509331Z"}
{"@file":"src/psp/format_2025/operations.rs","@level":"debug","@line":60,"@message":"✅ Operations unpacked: count=8 operations=[181, 65, 241, 52, 134, 250, 122, 71]","@module":"flavor::psp::format_2025::operations","@pid":6368,"@timestamp":"2026-03-31T20:27:12.509337Z"}
{"@file":"src/psp/format_2025/operations.rs","@level":"debug","@line":37,"@message":"✅ Operations packed: result=454829339399","@module":"flavor::psp::format_2025::operations","@pid":6368,"@timestamp":"2026-03-31T20:27:12.509379Z"}
{"@file":"src/psp/format_2025/operations.rs","@level":"debug","@line":60,"@message":"✅ Operations unpacked: count=8 operations=[219, 42, 35, 133, 18, 35, 116, 119]","@module":"flavor::psp::format_2025::operations","@pid":6368,"@timestamp":"2026-03-31T20:27:12.509384Z"}
{"@file":"src/psp/format_2025/operations.rs","@level":"debug","@line":60,"@message":"✅ Operations unpacked: count=5 operations=[7, 243, 240, 229, 105]","@module":"flavor::psp::format_2025::operations","@pid":6368,"@timestamp":"2026-03-31T20:27:12.509398Z"}
{"@file":"src/psp/format_2025/operations.rs","@level":"debug","@line":37,"@message":"✅ Operations packed: result=8607543350261918427","@module":"flavor::psp::format_2025::operations","@pid":6368,"@timestamp":"2026-03-31T20:27:12.509403Z"}
{"@file":"src/psp/format_2025/operations.rs","@level":"debug","@line":60,"@message":"✅ Operations unpacked: count=8 operations=[219, 42, 35, 133, 18, 35, 116, 119]","@module":"flavor::psp::format_2025::operations","@pid":6368,"@timestamp":"2026-03-31T20:27:12.509421Z"}
{"@file":"src/psp/format_2025/operations.rs","@level":"debug","@line":37,"@message":"✅ Operations packed: result=0","@module":"flavor::psp::format_2025::operations","@pid":6368,"@timestamp":"2026-03-31T20:27:12.509444Z"}
{"@file":"src/psp/format_2025/operations.rs","@level":"debug","@line":60,"@message":"✅ Operations unpacked: count=0 operations=[]","@module":"flavor::psp::format_2025::operations","@pid":6368,"@timestamp":"2026-03-31T20:27:12.509463Z"}
{"@file":"src/psp/format_2025/operations.rs","@level":"debug","@line":60,"@message":"✅ Operations unpacked: count=8 operations=[167, 25, 9, 217, 66, 93, 151, 118]","@module":"flavor::psp::format_2025::operations","@pid":6368,"@timestamp":"2026-03-31T20:27:12.509467Z"}
{"@file":"src/psp/format_2025/operations.rs","@level":"debug","@line":37,"@message":"✅ Operations packed: result=8545401359649282471","@module":"flavor::psp::format_2025::operations","@pid":6368,"@timestamp":"2026-03-31T20:27:12.509487Z"}
{"@file":"src/psp/format_2025/operations.rs","@level":"debug","@line":60,"@message":"✅ Operations unpacked: count=8 operations=[167, 25, 9, 217, 66, 93, 151, 118]","@module":"flavor::psp::format_2025::operations","@pid":6368,"@timestamp":"2026-03-31T20:27:12.509505Z"}
{"@file":"src/psp/format_2025/operations.rs","@level":"debug","@line":37,"@message":"✅ Operations packed: result=240","@module":"flavor::psp::format_2025::operations","@pid":6368,"@timestamp":"2026-03-31T20:27:12.509508Z"}
{"@file":"src/psp/format_2025/operations.rs","@level":"debug","@line":60,"@message":"✅ Operations unpacked: count=1 operations=[240]","@module":"flavor::psp::format_2025::operations","@pid":6368,"@timestamp":"2026-03-31T20:27:12.509564Z"}
{"@file":"src/psp/format_2025/operations.rs","@level":"debug","@line":60,"@message":"✅ Operations unpacked: count=8 operations=[135, 128, 123, 54, 167, 71, 9, 54]","@module":"flavor::psp::format_2025::operations","@pid":6368,"@timestamp":"2026-03-31T20:27:12.509574Z"}
{"@file":"src/psp/format_2025/operations.rs","@level":"debug","@line":37,"@message":"✅ Operations packed: result=3893722136337678471","@module":"flavor::psp::format_2025::operations","@pid":6368,"@timestamp":"2026-03-31T20:27:12.509605Z"}
{"@file":"src/psp/format_2025/operations.rs","@level":"debug","@line":37,"@message":"✅ Operations packed: result=165","@module":"flavor::psp::format_2025::operations","@pid":6368,"@timestamp":"2026-03-31T20:27:12.509621Z"}
{"@file":"src/psp/format_2025/operations.rs","@level":"debug","@line":60,"@message":"✅ Operations unpacked: count=8 operations=[135, 128, 123, 54, 167, 71, 9, 54]","@module":"flavor::psp::format_2025::operations","@pid":6368,"@timestamp":"2026-03-31T20:27:12.509627Z"}
{"@file":"src/psp/format_2025/operations.rs","@level":"debug","@line":60,"@message":"✅ Operations unpacked: count=1 operations=[165]","@module":"flavor::psp::format_2025::operations","@pid":6368,"@timestamp":"2026-03-31T20:27:12.509658Z"}
{"@file":"src/psp/format_2025/operations.rs","@level":"debug","@line":60,"@message":"✅ Operations unpacked: count=8 operations=[47, 24, 29, 228, 113, 27, 48, 91]","@module":"flavor::psp::format_2025::operations","@pid":6368,"@timestamp":"2026-03-31T20:27:12.509702Z"}
{"@file":"src/psp/format_2025/operations.rs","@level":"debug","@line":37,"@message":"✅ Operations packed: result=175017516625219","@module":"flavor::psp::format_2025::operations","@pid":6368,"@timestamp":"2026-03-31T20:27:12.509716Z"}
{"@file":"src/psp/format_2025/operations.rs","@level":"debug","@line":37,"@message":"✅ Operations packed: result=6570782032305920047","@module":"flavor::psp::format_2025::operations","@pid":6368,"@timestamp":"2026-03-31T20:27:12.509731Z"}
{"@file":"src/psp/format_2025/operations.rs","@level":"debug","@line":60,"@message":"✅ Operations unpacked: count=6 operations=[67, 109, 232, 112, 45, 159]","@module":"flavor::psp::format_2025::operations","@pid":6368,"@timestamp":"2026-03-31T20:27:12.509744Z"}
{"@file":"src/psp/format_2025/operations.rs","@level":"debug","@line":60,"@message":"✅ Operations unpacked: count=8 operations=[47, 24, 29, 228, 113, 27, 48, 91]","@module":"flavor::psp::format_2025::operations","@pid":6368,"@timestamp":"2026-03-31T20:27:12.509759Z"}
{"@file":"src/psp/format_2025/operations.rs","@level":"debug","@line":37,"@message":"✅ Operations packed: result=15247240","@module":"flavor::psp::format_2025::operations","@pid":6368,"@timestamp":"2026-03-31T20:27:12.509801Z"}
{"@file":"src/psp/format_2025/operations.rs","@level":"debug","@line":60,"@message":"✅ Operations unpacked: count=8 operations=[74, 140, 109, 202, 189, 245, 81, 170]","@module":"flavor::psp::format_2025::operations","@pid":6368,"@timestamp":"2026-03-31T20:27:12.509818Z"}
{"@file":"src/psp/format_2025/operations.rs","@level":"debug","@line":60,"@message":"✅ Operations unpacked: count=3 operations=[136, 167, 232]","@module":"flavor::psp::format_2025::operations","@pid":6368,"@timestamp":"2026-03-31T20:27:12.509829Z"}
{"@file":"src/psp/format_2025/operations.rs","@level":"debug","@line":37,"@message":"✅ Operations packed: result=12272860655055113290","@module":"flavor::psp::format_2025::operations","@pid":6368,"@timestamp":"2026-03-31T20:27:12.509853Z"}
{"@file":"src/psp/format_2025/operations.rs","@level":"debug","@line":60,"@message":"✅ Operations unpacked: count=8 operations=[74, 140, 109, 202, 189, 245, 81, 170]","@module":"flavor::psp::format_2025::operations","@pid":6368,"@timestamp":"2026-03-31T20:27:12.509873Z"}
{"@file":"src/psp/format_2025/operations.rs","@level":"debug","@line":37,"@message":"✅ Operations packed: result=149603424247","@module":"flavor::psp::format_2025::operations","@pid":6368,"@timestamp":"2026-03-31T20:27:12.509898Z"}
{"@file":"src/psp/format_2025/operations.rs","@level":"debug","@line":60,"@message":"✅ Operations unpacked: count=8 operations=[79, 147, 6, 24, 27, 193, 99, 78]","@module":"flavor::psp::format_2025::operations","@pid":6368,"@timestamp":"2026-03-31T20:27:12.509919Z"}
{"@file":"src/psp/format_2025/operations.rs","@level":"debug","@line":60,"@message":"✅ Operations unpacked: count=5 operations=[247, 23, 15, 213, 34]","@module":"flavor::psp::format_2025::operations","@pid":6368,"@timestamp":"2026-03-31T20:27:12.509920Z"}
{"@file":"src/psp/format_2025/operations.rs","@level":"debug","@line":37,"@message":"✅ Operations packed: result=5648570679764095823","@module":"flavor::psp::format_2025::operations","@pid":6368,"@timestamp":"2026-03-31T20:27:12.509940Z"}
{"@file":"src/psp/format_2025/operations.rs","@level":"debug","@line":60,"@message":"✅ Operations unpacked: count=8 operations=[79, 147, 6, 24, 27, 193, 99, 78]","@module":"flavor::psp::format_2025::operations","@pid":6368,"@timestamp":"2026-03-31T20:27:12.509958Z"}
{"@file":"src/psp/format_2025/operations.rs","@level":"debug","@line":37,"@message":"✅ Operations packed: result=2840057555","@module":"flavor::psp::format_2025::operations","@pid":6368,"@timestamp":"2026-03-31T20:27:12.509974Z"}
{"@file":"src/psp/format_2025/operations.rs","@level":"debug","@line":60,"@message":"✅ Operations unpacked: count=4 operations=[211, 214, 71, 169]","@module":"flavor::psp::format_2025::operations","@pid":6368,"@timestamp":"2026-03-31T20:27:12.509992Z"}
{"@file":"src/psp/format_2025/operations.rs","@level":"debug","@line":60,"@message":"✅ Operations unpacked: count=8 operations=[233, 71, 141, 167, 117, 235, 101, 47]","@module":"flavor::psp::format_2025::operations","@pid":6368,"@timestamp":"2026-03-31T20:27:12.510017Z"}
{"@file":"src/psp/format_2025/operations.rs","@level":"debug","@line":37,"@message":"✅ Operations packed: result=39967","@module":"flavor::psp::format_2025::operations","@pid":6368,"@timestamp":"2026-03-31T20:27:12.510038Z"}
{"@file":"src/psp/format_2025/operations.rs","@level":"debug","@line":37,"@message":"✅ Operations packed: result=3415394782985144297","@module":"flavor::psp::format_2025::operations","@pid":6368,"@timestamp":"2026-03-31T20:27:12.510046Z"}
{"@file":"src/psp/format_2025/operations.rs","@level":"debug","@line":60,"@message":"✅ Operations unpacked: count=2 operations=[31, 156]","@module":"flavor::psp::format_2025::operations","@pid":6368,"@timestamp":"2026-03-31T20:27:12.510068Z"}
{"@file":"src/psp/format_2025/operations.rs","@level":"debug","@line":60,"@message":"✅ Operations unpacked: count=8 operations=[233, 71, 141, 167, 117, 235, 101, 47]","@module":"flavor::psp::format_2025::operations","@pid":6368,"@timestamp":"2026-03-31T20:27:12.510082Z"}
{"@file":"src/psp/format_2025/operations.rs","@level":"debug","@line":37,"@message":"✅ Operations packed: result=995823055","@module":"flavor::psp::format_2025::operations","@pid":6368,"@timestamp":"2026-03-31T20:27:12.510122Z"}
{"@file":"src/psp/format_2025/operations.rs","@level":"debug","@line":60,"@message":"✅ Operations unpacked: count=8 operations=[182, 85, 244, 48, 25, 209, 129, 26]","@module":"flavor::psp::format_2025::operations","@pid":6368,"@timestamp":"2026-03-31T20:27:12.510135Z"}
{"@file":"src/psp/format_2025/operations.rs","@level":"debug","@line":60,"@message":"✅ Operations unpacked: count=4 operations=[207, 13, 91, 59]","@module":"flavor::psp::format_2025::operations","@pid":6368,"@timestamp":"2026-03-31T20:27:12.510148Z"}
{"@file":"src/psp/format_2025/operations.rs","@level":"debug","@line":37,"@message":"✅ Operations packed: result=1910037623107507638","@module":"flavor::psp::format_2025::operations","@pid":6368,"@timestamp":"2026-03-31T20:27:12.510162Z"}
{"@file":"src/psp/format_2025/operations.rs","@level":"debug","@line":60,"@message":"✅ Operations unpacked: count=8 operations=[182, 85, 244, 48, 25, 209, 129, 26]","@module":"flavor::psp::format_2025::operations","@pid":6368,"@timestamp":"2026-03-31T20:27:12.510187Z"}
{"@file":"src/psp/format_2025/operations.rs","@level":"debug","@line":37,"@message":"✅ Operations packed: result=0","@module":"flavor::psp::format_2025::operations","@pid":6368,"@timestamp":"2026-03-31T20:27:12.510221Z"}
{"@file":"src/psp/format_2025/operations.rs","@level":"debug","@line":60,"@message":"✅ Operations unpacked: count=8 operations=[13, 65, 32, 209, 212, 253, 99, 206]","@module":"flavor::psp::format_2025::operations","@pid":6368,"@timestamp":"2026-03-31T20:27:12.510232Z"}
{"@file":"src/psp/format_2025/operations.rs","@level":"debug","@line":60,"@message":"✅ Operations unpacked: count=0 operations=[]","@module":"flavor::psp::format_2025::operations","@pid":6368,"@timestamp":"2026-03-31T20:27:12.510241Z"}
{"@file":"src/psp/format_2025/operations.rs","@level":"debug","@line":37,"@message":"✅ Operations packed: result=14872009484990955789","@module":"flavor::psp::format_2025::operations","@pid":6368,"@timestamp":"2026-03-31T20:27:12.510252Z"}
{"@file":"src/psp/format_2025/operations.rs","@level":"debug","@line":60,"@message":"✅ Operations unpacked: count=8 operations=[13, 65, 32, 209, 212, 253, 99, 206]","@module":"flavor::psp::format_2025::operations","@pid":6368,"@timestamp":"2026-03-31T20:27:12.510271Z"}
{"@file":"src/psp/format_2025/operations.rs","@level":"debug","@line":37,"@message":"✅ Operations packed: result=2436045867","@module":"flavor::psp::format_2025::operations","@pid":6368,"@timestamp":"2026-03-31T20:27:12.510288Z"}
{"@file":"src/psp/format_2025/operations.rs","@level":"debug","@line":60,"@message":"✅ Operations unpacked: count=4 operations=[43, 28, 51, 145]","@module":"flavor::psp::format_2025::operations","@pid":6368,"@timestamp":"2026-03-31T20:27:12.510307Z"}
{"@file":"src/psp/format_2025/operations.rs","@level":"debug","@line":60,"@message":"✅ Operations unpacked: count=8 operations=[203, 114, 160, 205, 169, 166, 164, 220]","@module":"flavor::psp::format_2025::operations","@pid":6368,"@timestamp":"2026-03-31T20:27:12.510316Z"}
{"@file":"src/psp/format_2025/operations.rs","@level":"debug","@line":37,"@message":"✅ Operations packed: result=15899015832754221771","@module":"flavor::psp::format_2025::operations","@pid":6368,"@timestamp":"2026-03-31T20:27:12.510335Z"}
{"@file":"src/psp/format_2025/operations.rs","@level":"debug","@line":37,"@message":"✅ Operations packed: result=2743619083","@module":"flavor::psp::format_2025::operations","@pid":6368,"@timestamp":"2026-03-31T20:27:12.510353Z"}
{"@file":"src/psp/format_2025/operations.rs","@level":"debug","@line":60,"@message":"✅ Operations unpacked: count=8 operations=[203, 114, 160, 205, 169, 166, 164, 220]","@module":"flavor::psp::format_2025::operations","@pid":6368,"@timestamp":"2026-03-31T20:27:12.510352Z"}
{"@file":"src/psp/format_2025/operations.rs","@level":"debug","@line":60,"@message":"✅ Operations unpacked: count=4 operations=[11, 78, 136, 163]","@module":"flavor::psp::format_2025::operations","@pid":6368,"@timestamp":"2026-03-31T20:27:12.510375Z"}
{"@file":"src/psp/format_2025/operations.rs","@level":"debug","@line":37,"@message":"✅ Operations packed: result=57693","@module":"flavor::psp::format_2025::operations","@pid":6368,"@timestamp":"2026-03-31T20:27:12.510420Z"}
{"@file":"src/psp/format_2025/operations.rs","@level":"debug","@line":60,"@message":"✅ Operations unpacked: count=8 operations=[188, 82, 20, 194, 26, 46, 77, 182]","@module":"flavor::psp::format_2025::operations","@pid":6368,"@timestamp":"2026-03-31T20:27:12.510421Z"}
{"@file":"src/psp/format_2025/operations.rs","@level":"debug","@line":60,"@message":"✅ Operations unpacked: count=2 operations=[93, 225]","@module":"flavor::psp::format_2025::operations","@pid":6368,"@timestamp":"2026-03-31T20:27:12.510437Z"}
{"@file":"src/psp/format_2025/operations.rs","@level":"debug","@line":37,"@message":"✅ Operations packed: result=13136206380569744060","@module":"flavor::psp::format_2025::operations","@pid":6368,"@timestamp":"2026-03-31T20:27:12.510442Z"}
{"@file":"src/psp/format_2025/operations.rs","@level":"debug","@line":60,"@message":"✅ Operations unpacked: count=8 operations=[188, 82, 20, 194, 26, 46, 77, 182]","@module":"flavor::psp::format_2025::operations","@pid":6368,"@timestamp":"2026-03-31T20:27:12.510459Z"}
{"@file":"src/psp/format_2025/operations.rs","@level":"debug","@line":37,"@message":"✅ Operations packed: result=40835095480162615","@module":"flavor::psp::format_2025::operations","@pid":6368,"@timestamp":"2026-03-31T20:27:12.510483Z"}
{"@file":"src/psp/format_2025/operations.rs","@level":"debug","@line":60,"@message":"✅ Operations unpacked: count=7 operations=[55, 217, 118, 144, 77, 19, 145]","@module":"flavor::psp::format_2025::operations","@pid":6368,"@timestamp":"2026-03-31T20:27:12.510502Z"}
{"@file":"src/psp/format_2025/operations.rs","@level":"debug","@line":60,"@message":"✅ Operations unpacked: count=8 operations=[2, 242, 190, 208, 133, 73, 188, 247]","@module":"flavor::psp::format_2025::operations","@pid":6368,"@timestamp":"2026-03-31T20:27:12.510504Z"}
{"@file":"src/psp/format_2025/operations.rs","@level":"debug","@line":37,"@message":"✅ Operations packed: result=17851223862071456258","@module":"flavor::psp::format_2025::operations","@pid":6368,"@timestamp":"2026-03-31T20:27:12.510528Z"}
{"@file":"src/psp/format_2025/operations.rs","@level":"debug","@line":60,"@message":"✅ Operations unpacked: count=8 operations=[2, 242, 190, 208, 133, 73, 188, 247]","@module":"flavor::psp::format_2025::operations","@pid":6368,"@timestamp":"2026-03-31T20:27:12.510548Z"}
{"@file":"src/psp/format_2025/operations.rs","@level":"debug","@line":37,"@message":"✅ Operations packed: result=54729703187730124","@module":"flavor::psp::format_2025::operations","@pid":6368,"@timestamp":"2026-03-31T20:27:12.510553Z"}
{"@file":"src/psp/format_2025/operations.rs","@level":"debug","@line":60,"@message":"✅ Operations unpacked: count=7 operations=[204, 206, 42, 5, 96, 112, 194]","@module":"flavor::psp::format_2025::operations","@pid":6368,"@timestamp":"2026-03-31T20:27:12.510571Z"}
{"@file":"src/psp/format_2025/operations.rs","@level":"debug","@line":60,"@message":"✅ Operations unpacked: count=8 operations=[82, 201, 241, 94, 106, 234, 46, 48]","@module":"flavor::psp::format_2025::operations","@pid":6368,"@timestamp":"2026-03-31T20:27:12.510592Z"}
{"@file":"src/psp/format_2025/operations.rs","@level":"debug","@line":37,"@message":"✅ Operations packed: result=3471970105329568082","@module":"flavor::psp::format_2025::operations","@pid":6368,"@timestamp":"2026-03-31T20:27:12.510612Z"}
{"@file":"src/psp/format_2025/operations.rs","@level":"debug","@line":37,"@message":"✅ Operations packed: result=0","@module":"flavor::psp::format_2025::operations","@pid":6368,"@timestamp":"2026-03-31T20:27:12.510617Z"}
{"@file":"src/psp/format_2025/operations.rs","@level":"debug","@line":60,"@message":"✅ Operations unpacked: count=8 operations=[82, 201, 241, 94, 106, 234, 46, 48]","@module":"flavor::psp::format_2025::operations","@pid":6368,"@timestamp":"2026-03-31T20:27:12.510630Z"}
{"@file":"src/psp/format_2025/operations.rs","@level":"debug","@line":60,"@message":"✅ Operations unpacked: count=0 operations=[]","@module":"flavor::psp::format_2025::operations","@pid":6368,"@timestamp":"2026-03-31T20:27:12.510635Z"}
{"@file":"src/psp/format_2025/operations.rs","@level":"debug","@line":60,"@message":"✅ Operations unpacked: count=8 operations=[36, 87, 170, 187, 181, 151, 164, 8]","@module":"flavor::psp::format_2025::operations","@pid":6368,"@timestamp":"2026-03-31T20:27:12.510695Z"}
{"@file":"src/psp/format_2025/operations.rs","@level":"debug","@line":37,"@message":"✅ Operations packed: result=622789455277348644","@module":"flavor::psp::format_2025::operations","@pid":6368,"@timestamp":"2026-03-31T20:27:12.510731Z"}
{"@file":"src/psp/format_2025/operations.rs","@level":"debug","@line":37,"@message":"✅ Operations packed: result=953352173","@module":"flavor::psp::format_2025::operations","@pid":6368,"@timestamp":"2026-03-31T20:27:12.510743Z"}
{"@file":"src/psp/format_2025/operations.rs","@level":"debug","@line":60,"@message":"✅ Operations unpacked: count=8 operations=[36, 87, 170, 187, 181, 151, 164, 8]","@module":"flavor::psp::format_2025::operations","@pid":6368,"@timestamp":"2026-03-31T20:27:12.510752Z"}
{"@file":"src/psp/format_2025/operations.rs","@level":"debug","@line":60,"@message":"✅ Operations unpacked: count=4 operations=[237, 255, 210, 56]","@module":"flavor::psp::format_2025::operations","@pid":6368,"@timestamp":"2026-03-31T20:27:12.510773Z"}
{"@file":"src/psp/format_2025/operations.rs","@level":"debug","@line":60,"@message":"✅ Operations unpacked: count=8 operations=[135, 113, 245, 200, 208, 172, 19, 84]","@module":"flavor::psp::format_2025::operations","@pid":6368,"@timestamp":"2026-03-31T20:27:12.510814Z"}
{"@file":"src/psp/format_2025/operations.rs","@level":"debug","@line":37,"@message":"✅ Operations packed: result=1019024767896","@module":"flavor::psp::format_2025::operations","@pid":6368,"@timestamp":"2026-03-31T20:27:12.510824Z"}
{"@file":"src/psp/format_2025/operations.rs","@level":"debug","@line":37,"@message":"✅ Operations packed: result=6058375936468152711","@module":"flavor::psp::format_2025::operations","@pid":6368,"@timestamp":"2026-03-31T20:27:12.510847Z"}
{"@file":"src/psp/format_2025/operations.rs","@level":"debug","@line":60,"@message":"✅ Operations unpacked: count=5 operations=[152, 251, 155, 66, 237]","@module":"flavor::psp::format_2025::operations","@pid":6368,"@timestamp":"2026-03-31T20:27:12.510872Z"}
{"@file":"src/psp/format_2025/operations.rs","@level":"debug","@line":60,"@message":"✅ Operations unpacked: count=8 operations=[135, 113, 245, 200, 208, 172, 19, 84]","@module":"flavor::psp::format_2025::operations","@pid":6368,"@timestamp":"2026-03-31T20:27:12.510893Z"}
{"@file":"src/psp/format_2025/operations.rs","@level":"debug","@line":37,"@message":"✅ Operations packed: result=1934960730","@module":"flavor::psp::format_2025::operations","@pid":6368,"@timestamp":"2026-03-31T20:27:12.510925Z"}
{"@file":"src/psp/format_2025/operations.rs","@level":"debug","@line":60,"@message":"✅ Operations unpacked: count=4 operations=[90, 40, 85, 115]","@module":"flavor::psp::format_2025::operations","@pid":6368,"@timestamp":"2026-03-31T20:27:12.510944Z"}
{"@file":"src/psp/format_2025/operations.rs","@level":"debug","@line":60,"@message":"✅ Operations unpacked: count=8 operations=[232, 245, 59, 64, 47, 165, 98, 29]","@module":"flavor::psp::format_2025::operations","@pid":6368,"@timestamp":"2026-03-31T20:27:12.510943Z"}
{"@file":"src/psp/format_2025/operations.rs","@level":"debug","@line":37,"@message":"✅ Operations packed: result=2117436397177271784","@module":"flavor::psp::format_2025::operations","@pid":6368,"@timestamp":"2026-03-31T20:27:12.510972Z"}
{"@file":"src/psp/format_2025/operations.rs","@level":"debug","@line":60,"@message":"✅ Operations unpacked: count=8 operations=[232, 245, 59, 64, 47, 165, 98, 29]","@module":"flavor::psp::format_2025::operations","@pid":6368,"@timestamp":"2026-03-31T20:27:12.511005Z"}
{"@file":"src/psp/format_2025/operations.rs","@level":"debug","@line":37,"@message":"✅ Operations packed: result=489253382","@module":"flavor::psp::format_2025::operations","@pid":6368,"@timestamp":"2026-03-31T20:27:12.510999Z"}
{"@file":"src/psp/format_2025/operations.rs","@level":"debug","@line":60,"@message":"✅ Operations unpacked: count=4 operations=[6, 106, 41, 29]","@module":"flavor::psp::format_2025::operations","@pid":6368,"@timestamp":"2026-03-31T20:27:12.511040Z"}
{"@file":"src/psp/format_2025/operations.rs","@level":"debug","@line":60,"@message":"✅ Operations unpacked: count=8 operations=[178, 216, 24, 210, 203, 98, 103, 46]","@module":"flavor::psp::format_2025::operations","@pid":6368,"@timestamp":"2026-03-31T20:27:12.511067Z"}
{"@file":"src/psp/format_2025/operations.rs","@level":"debug","@line":37,"@message":"✅ Operations packed: result=3343749875888609458","@module":"flavor::psp::format_2025::operations","@pid":6368,"@timestamp":"2026-03-31T20:27:12.511089Z"}
{"@file":"src/psp/format_2025/operations.rs","@level":"debug","@line":60,"@message":"✅ Operations unpacked: count=8 operations=[178, 216, 24, 210, 203, 98, 103, 46]","@module":"flavor::psp::format_2025::operations","@pid":6368,"@timestamp":"2026-03-31T20:27:12.511109Z"}
{"@file":"src/psp/format_2025/operations.rs","@level":"debug","@line":37,"@message":"✅ Operations packed: result=42094715569525838","@module":"flavor::psp::format_2025::operations","@pid":6368,"@timestamp":"2026-03-31T20:27:12.511091Z"}
{"@file":"src/psp/format_2025/operations.rs","@level":"debug","@line":60,"@message":"✅ Operations unpacked: count=7 operations=[78, 84, 113, 184, 235, 140, 149]","@module":"flavor::psp::format_2025::operations","@pid":6368,"@timestamp":"2026-03-31T20:27:12.511146Z"}
{"@file":"src/psp/format_2025/operations.rs","@level":"debug","@line":60,"@message":"✅ Operations unpacked: count=8 operations=[102, 214, 236, 238, 248, 26, 166, 81]","@module":"flavor::psp::format_2025::operations","@pid":6368,"@timestamp":"2026-03-31T20:27:12.511166Z"}
{"@file":"src/psp/format_2025/operations.rs","@level":"debug","@line":37,"@message":"✅ Operations packed: result=5883419619668842086","@module":"flavor::psp::format_2025::operations","@pid":6368,"@timestamp":"2026-03-31T20:27:12.511186Z"}
{"@file":"src/psp/format_2025/operations.rs","@level":"debug","@line":37,"@message":"✅ Operations packed: result=10","@module":"flavor::psp::format_2025::operations","@pid":6368,"@timestamp":"2026-03-31T20:27:12.511196Z"}
{"@file":"src/psp/format_2025/operations.rs","@level":"debug","@line":60,"@message":"✅ Operations unpacked: count=8 operations=[102, 214, 236, 238, 248, 26, 166, 81]","@module":"flavor::psp::format_2025::operations","@pid":6368,"@timestamp":"2026-03-31T20:27:12.511203Z"}
{"@file":"src/psp/format_2025/operations.rs","@level":"debug","@line":60,"@message":"✅ Operations unpacked: count=1 operations=[10]","@module":"flavor::psp::format_2025::operations","@pid":6368,"@timestamp":"2026-03-31T20:27:12.511215Z"}
{"@file":"src/psp/format_2025/operations.rs","@level":"debug","@line":60,"@message":"✅ Operations unpacked: count=8 operations=[210, 154, 64, 47, 213, 70, 30, 133]","@module":"flavor::psp::format_2025::operations","@pid":6368,"@timestamp":"2026-03-31T20:27:12.511250Z"}
{"@file":"src/psp/format_2025/operations.rs","@level":"debug","@line":37,"@message":"✅ Operations packed: result=2287621056","@module":"flavor::psp::format_2025::operations","@pid":6368,"@timestamp":"2026-03-31T20:27:12.511261Z"}
{"@file":"src/psp/format_2025/operations.rs","@level":"debug","@line":37,"@message":"✅ Operations packed: result=9592182137780476626","@module":"flavor::psp::format_2025::operations","@pid":6368,"@timestamp":"2026-03-31T20:27:12.511270Z"}
{"@file":"src/psp/format_2025/operations.rs","@level":"debug","@line":60,"@message":"✅ Operations unpacked: count=4 operations=[192, 83, 90, 136]","@module":"flavor::psp::format_2025::operations","@pid":6368,"@timestamp":"2026-03-31T20:27:12.511281Z"}
{"@file":"src/psp/format_2025/operations.rs","@level":"debug","@line":60,"@message":"✅ Operations unpacked: count=8 operations=[210, 154, 64, 47, 213, 70, 30, 133]","@module":"flavor::psp::format_2025::operations","@pid":6368,"@timestamp":"2026-03-31T20:27:12.511288Z"}
{"@file":"src/psp/format_2025/operations.rs","@level":"debug","@line":37,"@message":"✅ Operations packed: result=57185171664681468","@module":"flavor::psp::format_2025::operations","@pid":6368,"@timestamp":"2026-03-31T20:27:12.511328Z"}
{"@file":"src/psp/format_2025/operations.rs","@level":"debug","@line":60,"@message":"✅ Operations unpacked: count=8 operations=[64, 62, 192, 13, 14, 78, 162, 114]","@module":"flavor::psp::format_2025::operations","@pid":6368,"@timestamp":"2026-03-31T20:27:12.511335Z"}
{"@file":"src/psp/format_2025/operations.rs","@level":"debug","@line":60,"@message":"✅ Operations unpacked: count=7 operations=[252, 57, 126, 83, 156, 41, 203]","@module":"flavor::psp::format_2025::operations","@pid":6368,"@timestamp":"2026-03-31T20:27:12.511347Z"}
{"@file":"src/psp/format_2025/operations.rs","@level":"debug","@line":37,"@message":"✅ Operations packed: result=8260250488818122304","@module":"flavor::psp::format_2025::operations","@pid":6368,"@timestamp":"2026-03-31T20:27:12.511354Z"}
{"@file":"src/psp/format_2025/operations.rs","@level":"debug","@line":37,"@message":"✅ Operations packed: result=10576170835761","@module":"flavor::psp::format_2025::operations","@pid":6368,"@timestamp":"2026-03-31T20:27:12.511396Z"}
{"@file":"src/psp/format_2025/operations.rs","@level":"debug","@line":60,"@message":"✅ Operations unpacked: count=8 operations=[64, 62, 192, 13, 14, 78, 162, 114]","@module":"flavor::psp::format_2025::operations","@pid":6368,"@timestamp":"2026-03-31T20:27:12.511408Z"}
{"@file":"src/psp/format_2025/operations.rs","@level":"debug","@line":60,"@message":"✅ Operations unpacked: count=6 operations=[49, 223, 231, 116, 158, 9]","@module":"flavor::psp::format_2025::operations","@pid":6368,"@timestamp":"2026-03-31T20:27:12.511415Z"}
{"@file":"src/psp/format_2025/operations.rs","@level":"debug","@line":60,"@message":"✅ Operations unpacked: count=8 operations=[230, 52, 233, 72, 180, 28, 213, 126]","@module":"flavor::psp::format_2025::operations","@pid":6368,"@timestamp":"2026-03-31T20:27:12.511454Z"}
{"@file":"src/psp/format_2025/operations.rs","@level":"debug","@line":37,"@message":"✅ Operations packed: result=1288250672","@module":"flavor::psp::format_2025::operations","@pid":6368,"@timestamp":"2026-03-31T20:27:12.511462Z"}
{"@file":"src/psp/format_2025/operations.rs","@level":"debug","@line":37,"@message":"✅ Operations packed: result=9139242579461223654","@module":"flavor::psp::format_2025::operations","@pid":6368,"@timestamp":"2026-03-31T20:27:12.511475Z"}
{"@file":"src/psp/format_2025/operations.rs","@level":"debug","@line":60,"@message":"✅ Operations unpacked: count=4 operations=[48, 37, 201, 76]","@module":"flavor::psp::format_2025::operations","@pid":6368,"@timestamp":"2026-03-31T20:27:12.511480Z"}
{"@file":"src/psp/format_2025/operations.rs","@level":"debug","@line":60,"@message":"✅ Operations unpacked: count=8 operations=[230, 52, 233, 72, 180, 28, 213, 126]","@module":"flavor::psp::format_2025::operations","@pid":6368,"@timestamp":"2026-03-31T20:27:12.511492Z"}
{"@file":"src/psp/format_2025/operations.rs","@level":"debug","@line":37,"@message":"✅ Operations packed: result=2883965973878139194","@module":"flavor::psp::format_2025::operations","@pid":6368,"@timestamp":"2026-03-31T20:27:12.511527Z"}
{"@file":"src/psp/format_2025/operations.rs","@level":"debug","@line":60,"@message":"✅ Operations unpacked: count=8 operations=[55, 246, 202, 135, 66, 248, 136, 121]","@module":"flavor::psp::format_2025::operations","@pid":6368,"@timestamp":"2026-03-31T20:27:12.511539Z"}
{"@file":"src/psp/format_2025/operations.rs","@level":"debug","@line":60,"@message":"✅ Operations unpacked: count=8 operations=[58, 233, 81, 249, 197, 231, 5, 40]","@module":"flavor::psp::format_2025::operations","@pid":6368,"@timestamp":"2026-03-31T20:27:12.511546Z"}
{"@file":"src/psp/format_2025/operations.rs","@level":"debug","@line":37,"@message":"✅ Operations packed: result=8757522440051684919","@module":"flavor::psp::format_2025::operations","@pid":6368,"@timestamp":"2026-03-31T20:27:12.511560Z"}
{"@file":"src/psp/format_2025/operations.rs","@level":"debug","@line":60,"@message":"✅ Operations unpacked: count=8 operations=[55, 246, 202, 135, 66, 248, 136, 121]","@module":"flavor::psp::format_2025::operations","@pid":6368,"@timestamp":"2026-03-31T20:27:12.511579Z"}
{"@file":"src/psp/format_2025/operations.rs","@level":"debug","@line":37,"@message":"✅ Operations packed: result=44111","@module":"flavor::psp::format_2025::operations","@pid":6368,"@timestamp":"2026-03-31T20:27:12.511593Z"}
{"@file":"src/psp/format_2025/operations.rs","@level":"debug","@line":60,"@message":"✅ Operations unpacked: count=2 operations=[79, 172]","@module":"flavor::psp::format_2025::operations","@pid":6368,"@timestamp":"2026-03-31T20:27:12.511612Z"}
{"@file":"src/psp/format_2025/operations.rs","@level":"debug","@line":60,"@message":"✅ Operations unpacked: count=8 operations=[168, 92, 244, 221, 54, 115, 126, 3]","@module":"flavor::psp::format_2025::operations","@pid":6368,"@timestamp":"2026-03-31T20:27:12.511625Z"}
{"@file":"src/psp/format_2025/operations.rs","@level":"debug","@line":37,"@message":"✅ Operations packed: result=251765308668533928","@module":"flavor::psp::format_2025::operations","@pid":6368,"@timestamp":"2026-03-31T20:27:12.511645Z"}
{"@file":"src/psp/format_2025/operations.rs","@level":"debug","@line":37,"@message":"✅ Operations packed: result=0","@module":"flavor::psp::format_2025::operations","@pid":6368,"@timestamp":"2026-03-31T20:27:12.511656Z"}
{"@file":"src/psp/format_2025/operations.rs","@level":"debug","@line":60,"@message":"✅ Operations unpacked: count=8 operations=[168, 92, 244, 221, 54, 115, 126, 3]","@module":"flavor::psp::format_2025::operations","@pid":6368,"@timestamp":"2026-03-31T20:27:12.511663Z"}
{"@file":"src/psp/format_2025/operations.rs","@level":"debug","@line":60,"@message":"✅ Operations unpacked: count=0 operations=[]","@module":"flavor::psp::format_2025::operations","@pid":6368,"@timestamp":"2026-03-31T20:27:12.511675Z"}
{"@file":"src/psp/format_2025/operations.rs","@level":"debug","@line":60,"@message":"✅ Operations unpacked: count=8 operations=[22, 11, 195, 179, 45, 140, 195, 238]","@module":"flavor::psp::format_2025::operations","@pid":6368,"@timestamp":"2026-03-31T20:27:12.511709Z"}
{"@file":"src/psp/format_2025/operations.rs","@level":"debug","@line":37,"@message":"✅ Operations packed: result=627365678","@module":"flavor::psp::format_2025::operations","@pid":6368,"@timestamp":"2026-03-31T20:27:12.511722Z"}
{"@file":"src/psp/format_2025/operations.rs","@level":"debug","@line":37,"@message":"✅ Operations packed: result=17204749129402747670","@module":"flavor::psp::format_2025::operations","@pid":6368,"@timestamp":"2026-03-31T20:27:12.511728Z"}
{"@file":"src/psp/format_2025/operations.rs","@level":"debug","@line":60,"@message":"✅ Operations unpacked: count=4 operations=[46, 215, 100, 37]","@module":"flavor::psp::format_2025::operations","@pid":6368,"@timestamp":"2026-03-31T20:27:12.511741Z"}
{"@file":"src/psp/format_2025/operations.rs","@level":"debug","@line":60,"@message":"✅ Operations unpacked: count=8 operations=[22, 11, 195, 179, 45, 140, 195, 238]","@module":"flavor::psp::format_2025::operations","@pid":6368,"@timestamp":"2026-03-31T20:27:12.511747Z"}
{"@file":"src/psp/format_2025/operations.rs","@level":"debug","@line":37,"@message":"✅ Operations packed: result=0","@module":"flavor::psp::format_2025::operations","@pid":6368,"@timestamp":"2026-03-31T20:27:12.511787Z"}
{"@file":"src/psp/format_2025/operations.rs","@level":"debug","@line":60,"@message":"✅ Operations unpacked: count=8 operations=[2, 155, 165, 202, 5, 244, 117, 109]","@module":"flavor::psp::format_2025::operations","@pid":6368,"@timestamp":"2026-03-31T20:27:12.511792Z"}
{"@file":"src/psp/format_2025/operations.rs","@level":"debug","@line":60,"@message":"✅ Operations unpacked: count=0 operations=[]","@module":"flavor::psp::format_2025::operations","@pid":6368,"@timestamp":"2026-03-31T20:27:12.511805Z"}
{"@file":"src/psp/format_2025/operations.rs","@level":"debug","@line":37,"@message":"✅ Operations packed: result=7887478628121156354","@module":"flavor::psp::format_2025::operations","@pid":6368,"@timestamp":"2026-03-31T20:27:12.511811Z"}
{"@file":"src/psp/format_2025/operations.rs","@level":"debug","@line":60,"@message":"✅ Operations unpacked: count=8 operations=[2, 155, 165, 202, 5, 244, 117, 109]","@module":"flavor::psp::format_2025::operations","@pid":6368,"@timestamp":"2026-03-31T20:27:12.511829Z"}
{"@file":"src/psp/format_2025/operations.rs","@level":"debug","@line":37,"@message":"✅ Operations packed: result=247","@module":"flavor::psp::format_2025::operations","@pid":6368,"@timestamp":"2026-03-31T20:27:12.511851Z"}
{"@file":"src/psp/format_2025/operations.rs","@level":"debug","@line":60,"@message":"✅ Operations unpacked: count=1 operations=[247]","@module":"flavor::psp::format_2025::operations","@pid":6368,"@timestamp":"2026-03-31T20:27:12.511870Z"}
{"@file":"src/psp/format_2025/operations.rs","@level":"debug","@line":60,"@message":"✅ Operations unpacked: count=8 operations=[198, 144, 203, 11, 101, 224, 82, 249]","@module":"flavor::psp::format_2025::operations","@pid":6368,"@timestamp":"2026-03-31T20:27:12.511875Z"}
{"@file":"src/psp/format_2025/operations.rs","@level":"debug","@line":37,"@message":"✅ Operations packed: result=17965668588128538822","@module":"flavor::psp::format_2025::operations","@pid":6368,"@timestamp":"2026-03-31T20:27:12.511895Z"}
{"@file":"src/psp/format_2025/operations.rs","@level":"debug","@line":60,"@message":"✅ Operations unpacked: count=8 operations=[198, 144, 203, 11, 101, 224, 82, 249]","@module":"flavor::psp::format_2025::operations","@pid":6368,"@timestamp":"2026-03-31T20:27:12.511913Z"}
{"@file":"src/psp/format_2025/operations.rs","@level":"debug","@line":37,"@message":"✅ Operations packed: result=4455996454449930469","@module":"flavor::psp::format_2025::operations","@pid":6368,"@timestamp":"2026-03-31T20:27:12.511917Z"}
{"@file":"src/psp/format_2025/operations.rs","@level":"debug","@line":60,"@message":"✅ Operations unpacked: count=8 operations=[229, 96, 227, 155, 42, 225, 214, 61]","@module":"flavor::psp::format_2025::operations","@pid":6368,"@timestamp":"2026-03-31T20:27:12.511957Z"}
{"@file":"src/psp/format_2025/operations.rs","@level":"debug","@line":60,"@message":"✅ Operations unpacked: count=8 operations=[167, 109, 176, 64, 217, 33, 12, 170]","@module":"flavor::psp::format_2025::operations","@pid":6368,"@timestamp":"2026-03-31T20:27:12.511961Z"}
{"@file":"src/psp/format_2025/operations.rs","@level":"debug","@line":37,"@message":"✅ Operations packed: result=12253205903145201063","@module":"flavor::psp::format_2025::operations","@pid":6368,"@timestamp":"2026-03-31T20:27:12.511995Z"}
{"@file":"src/psp/format_2025/operations.rs","@level":"debug","@line":37,"@message":"✅ Operations packed: result=49946178251410600","@module":"flavor::psp::format_2025::operations","@pid":6368,"@timestamp":"2026-03-31T20:27:12.512014Z"}
{"@file":"src/psp/format_2025/operations.rs","@level":"debug","@line":60,"@message":"✅ Operations unpacked: count=8 operations=[167, 109, 176, 64, 217, 33, 12, 170]","@module":"flavor::psp::format_2025::operations","@pid":6368,"@timestamp":"2026-03-31T20:27:12.512015Z"}
{"@file":"src/psp/format_2025/operations.rs","@level":"debug","@line":60,"@message":"✅ Operations unpacked: count=7 operations=[168, 76, 144, 212, 200, 113, 177]","@module":"flavor::psp::format_2025::operations","@pid":6368,"@timestamp":"2026-03-31T20:27:12.512048Z"}
{"@file":"src/psp/format_2025/operations.rs","@level":"debug","@line":60,"@message":"✅ Operations unpacked: count=8 operations=[27, 33, 141, 85, 142, 135, 66, 239]","@module":"flavor::psp::format_2025::operations","@pid":6368,"@timestamp":"2026-03-31T20:27:12.512090Z"}
{"@file":"src/psp/format_2025/operations.rs","@level":"debug","@line":37,"@message":"✅ Operations packed: result=689941955526","@module":"flavor::psp::format_2025::operations","@pid":6368,"@timestamp":"2026-03-31T20:27:12.512101Z"}
{"@file":"src/psp/format_2025/operations.rs","@level":"debug","@line":37,"@message":"✅ Operations packed: result=17240491368918098203","@module":"flavor::psp::format_2025::operations","@pid":6368,"@timestamp":"2026-03-31T20:27:12.512111Z"}
{"@file":"src/psp/format_2025/operations.rs","@level":"debug","@line":60,"@message":"✅ Operations unpacked: count=5 operations=[198, 195, 190, 163, 160]","@module":"flavor::psp::format_2025::operations","@pid":6368,"@timestamp":"2026-03-31T20:27:12.512120Z"}
{"@file":"src/psp/format_2025/operations.rs","@level":"debug","@line":60,"@message":"✅ Operations unpacked: count=8 operations=[27, 33, 141, 85, 142, 135, 66, 239]","@module":"flavor::psp::format_2025::operations","@pid":6368,"@timestamp":"2026-03-31T20:27:12.512130Z"}
{"@file":"src/psp/format_2025/operations.rs","@level":"debug","@line":37,"@message":"✅ Operations packed: result=6640175914579434261","@module":"flavor::psp::format_2025::operations","@pid":6368,"@timestamp":"2026-03-31T20:27:12.512168Z"}
{"@file":"src/psp/format_2025/operations.rs","@level":"debug","@line":60,"@message":"✅ Operations unpacked: count=8 operations=[56, 62, 67, 243, 156, 79, 173, 50]","@module":"flavor::psp::format_2025::operations","@pid":6368,"@timestamp":"2026-03-31T20:27:12.512176Z"}
{"@file":"src/psp/format_2025/operations.rs","@level":"debug","@line":60,"@message":"✅ Operations unpacked: count=8 operations=[21, 155, 156, 42, 208, 164, 38, 92]","@module":"flavor::psp::format_2025::operations","@pid":6368,"@timestamp":"2026-03-31T20:27:12.512222Z"}
{"@file":"src/psp/format_2025/operations.rs","@level":"debug","@line":37,"@message":"✅ Operations packed: result=3651662408382103096","@module":"flavor::psp::format_2025::operations","@pid":6368,"@timestamp":"2026-03-31T20:27:12.512234Z"}
{"@file":"src/psp/format_2025/operations.rs","@level":"debug","@line":60,"@message":"✅ Operations unpacked: count=8 operations=[56, 62, 67, 243, 156, 79, 173, 50]","@module":"flavor::psp::format_2025::operations","@pid":6368,"@timestamp":"2026-03-31T20:27:12.512254Z"}
{"@file":"src/psp/format_2025/operations.rs","@level":"debug","@line":37,"@message":"✅ Operations packed: result=2714731","@module":"flavor::psp::format_2025::operations","@pid":6368,"@timestamp":"2026-03-31T20:27:12.512277Z"}
{"@file":"src/psp/format_2025/operations.rs","@level":"debug","@line":60,"@message":"✅ Operations unpacked: count=3 operations=[107, 108, 41]","@module":"flavor::psp::format_2025::operations","@pid":6368,"@timestamp":"2026-03-31T20:27:12.512295Z"}
{"@file":"src/psp/format_2025/operations.rs","@level":"debug","@line":60,"@message":"✅ Operations unpacked: count=8 operations=[86, 125, 45, 16, 64, 244, 14, 149]","@module":"flavor::psp::format_2025::operations","@pid":6368,"@timestamp":"2026-03-31T20:27:12.512301Z"}
{"@file":"src/psp/format_2025/operations.rs","@level":"debug","@line":37,"@message":"✅ Operations packed: result=10740790717311712598","@module":"flavor::psp::format_2025::operations","@pid":6368,"@timestamp":"2026-03-31T20:27:12.512320Z"}
{"@file":"src/psp/format_2025/operations.rs","@level":"debug","@line":60,"@message":"✅ Operations unpacked: count=8 operations=[86, 125, 45, 16, 64, 244, 14, 149]","@module":"flavor::psp::format_2025::operations","@pid":6368,"@timestamp":"2026-03-31T20:27:12.512338Z"}
{"@file":"src/psp/format_2025/operations.rs","@level":"debug","@line":37,"@message":"✅ Operations packed: result=6012856","@module":"flavor::psp::format_2025::operations","@pid":6368,"@timestamp":"2026-03-31T20:27:12.512341Z"}
{"@file":"src/psp/format_2025/operations.rs","@level":"debug","@line":60,"@message":"✅ Operations unpacked: count=5 operations=[31, 21, 12, 144, 117]","@module":"flavor::psp::format_2025::operations","@pid":6368,"@timestamp":"2026-03-31T20:27:12.512385Z"}
{"@file":"src/psp/format_2025/operations.rs","@level":"debug","@line":60,"@message":"✅ Operations unpacked: count=3 operations=[184, 191, 91]","@module":"flavor::psp::format_2025::operations","@pid":6368,"@timestamp":"2026-03-31T20:27:12.512385Z"}
{"@file":"src/psp/format_2025/operations.rs","@level":"debug","@line":37,"@message":"✅ Operations packed: result=504927884575","@module":"flavor::psp::format_2025::operations","@pid":6368,"@timestamp":"2026-03-31T20:27:12.512420Z"}
{"@file":"src/psp/format_2025/operations.rs","@level":"debug","@line":60,"@message":"✅ Operations unpacked: count=5 operations=[31, 21, 12, 144, 117]","@module":"flavor::psp::format_2025::operations","@pid":6368,"@timestamp":"2026-03-31T20:27:12.512447Z"}
{"@file":"src/psp/format_2025/operations.rs","@level":"debug","@line":37,"@message":"✅ Operations packed: result=0","@module":"flavor::psp::format_2025::operations","@pid":6368,"@timestamp":"2026-03-31T20:27:12.512467Z"}
{"@file":"src/psp/format_2025/operations.rs","@level":"debug","@line":60,"@message":"✅ Operations unpacked: count=8 operations=[147, 125, 152, 70, 114, 241, 70, 89]","@module":"flavor::psp::format_2025::operations","@pid":6368,"@timestamp":"2026-03-31T20:27:12.512491Z"}
{"@file":"src/psp/format_2025/operations.rs","@level":"debug","@line":60,"@message":"✅ Operations unpacked: count=0 operations=[]","@module":"flavor::psp::format_2025::operations","@pid":6368,"@timestamp":"2026-03-31T20:27:12.512503Z"}
{"@file":"src/psp/format_2025/operations.rs","@level":"debug","@line":37,"@message":"✅ Operations packed: result=6433094590858296723","@module":"flavor::psp::format_2025::operations","@pid":6368,"@timestamp":"2026-03-31T20:27:12.512520Z"}
{"@file":"src/psp/format_2025/operations.rs","@level":"debug","@line":60,"@message":"✅ Operations unpacked: count=8 operations=[147, 125, 152, 70, 114, 241, 70, 89]","@module":"flavor::psp::format_2025::operations","@pid":6368,"@timestamp":"2026-03-31T20:27:12.512547Z"}
{"@file":"src/psp/format_2025/operations.rs","@level":"debug","@line":37,"@message":"✅ Operations packed: result=28903","@module":"flavor::psp::format_2025::operations","@pid":6368,"@timestamp":"2026-03-31T20:27:12.512559Z"}
{"@file":"src/psp/format_2025/operations.rs","@level":"debug","@line":60,"@message":"✅ Operations unpacked: count=2 operations=[231, 112]","@module":"flavor::psp::format_2025::operations","@pid":6368,"@timestamp":"2026-03-31T20:27:12.512589Z"}
{"@file":"src/psp/format_2025/operations.rs","@level":"debug","@line":60,"@message":"✅ Operations unpacked: count=8 operations=[223, 154, 132, 98, 169, 157, 133, 164]","@module":"flavor::psp::format_2025::operations","@pid":6368,"@timestamp":"2026-03-31T20:27:12.512597Z"}
{"@file":"src/psp/format_2025/operations.rs","@level":"debug","@line":37,"@message":"✅ Operations packed: result=11855054944950590175","@module":"flavor::psp::format_2025::operations","@pid":6368,"@timestamp":"2026-03-31T20:27:12.512626Z"}
{"@file":"src/psp/format_2025/operations.rs","@level":"debug","@line":37,"@message":"✅ Operations packed: result=9027","@module":"flavor::psp::format_2025::operations","@pid":6368,"@timestamp":"2026-03-31T20:27:12.512637Z"}
{"@file":"src/psp/format_2025/operations.rs","@level":"debug","@line":60,"@message":"✅ Operations unpacked: count=8 operations=[223, 154, 132, 98, 169, 157, 133, 164]","@module":"flavor::psp::format_2025::operations","@pid":6368,"@timestamp":"2026-03-31T20:27:12.512647Z"}
{"@file":"src/psp/format_2025/operations.rs","@level":"debug","@line":60,"@message":"✅ Operations unpacked: count=2 operations=[67, 35]","@module":"flavor::psp::format_2025::operations","@pid":6368,"@timestamp":"2026-03-31T20:27:12.512675Z"}
{"@file":"src/psp/format_2025/operations.rs","@level":"debug","@line":60,"@message":"✅ Operations unpacked: count=8 operations=[126, 119, 87, 226, 21, 252, 20, 44]","@module":"flavor::psp::format_2025::operations","@pid":6368,"@timestamp":"2026-03-31T20:27:12.512731Z"}
{"@file":"src/psp/format_2025/operations.rs","@level":"debug","@line":37,"@message":"✅ Operations packed: result=766442280","@module":"flavor::psp::format_2025::operations","@pid":6368,"@timestamp":"2026-03-31T20:27:12.512753Z"}
{"@file":"src/psp/format_2025/operations.rs","@level":"debug","@line":37,"@message":"✅ Operations packed: result=3176440808124938110","@module":"flavor::psp::format_2025::operations","@pid":6368,"@timestamp":"2026-03-31T20:27:12.512764Z"}
{"@file":"src/psp/format_2025/operations.rs","@level":"debug","@line":60,"@message":"✅ Operations unpacked: count=4 operations=[40, 251, 174, 45]","@module":"flavor::psp::format_2025::operations","@pid":6368,"@timestamp":"2026-03-31T20:27:12.512788Z"}
{"@file":"src/psp/format_2025/operations.rs","@level":"debug","@line":60,"@message":"✅ Operations unpacked: count=8 operations=[126, 119, 87, 226, 21, 252, 20, 44]","@module":"flavor::psp::format_2025::operations","@pid":6368,"@timestamp":"2026-03-31T20:27:12.512802Z"}
{"@file":"src/psp/format_2025/operations.rs","@level":"debug","@line":37,"@message":"✅ Operations packed: result=51627","@module":"flavor::psp::format_2025::operations","@pid":6368,"@timestamp":"2026-03-31T20:27:12.512845Z"}
{"@file":"src/psp/format_2025/operations.rs","@level":"debug","@line":60,"@message":"✅ Operations unpacked: count=8 operations=[181, 187, 20, 116, 247, 152, 117, 70]","@module":"flavor::psp::format_2025::operations","@pid":6368,"@timestamp":"2026-03-31T20:27:12.512858Z"}
{"@file":"src/psp/format_2025/operations.rs","@level":"debug","@line":60,"@message":"✅ Operations unpacked: count=2 operations=[171, 201]","@module":"flavor::psp::format_2025::operations","@pid":6368,"@timestamp":"2026-03-31T20:27:12.512874Z"}
{"@file":"src/psp/format_2025/operations.rs","@level":"debug","@line":37,"@message":"✅ Operations packed: result=5077132343501962165","@module":"flavor::psp::format_2025::operations","@pid":6368,"@timestamp":"2026-03-31T20:27:12.512887Z"}
{"@file":"src/psp/format_2025/operations.rs","@level":"debug","@line":60,"@message":"✅ Operations unpacked: count=8 operations=[181, 187, 20, 116, 247, 152, 117, 70]","@module":"flavor::psp::format_2025::operations","@pid":6368,"@timestamp":"2026-03-31T20:27:12.512916Z"}
{"@file":"src/psp/format_2025/operations.rs","@level":"debug","@line":37,"@message":"✅ Operations packed: result=58487948059932728","@module":"flavor::psp::format_2025::operations","@pid":6368,"@timestamp":"2026-03-31T20:27:12.512931Z"}
{"@file":"src/psp/format_2025/operations.rs","@level":"debug","@line":60,"@message":"✅ Operations unpacked: count=8 operations=[140, 63, 137, 16, 247, 82, 180, 85]","@module":"flavor::psp::format_2025::operations","@pid":6368,"@timestamp":"2026-03-31T20:27:12.512963Z"}
{"@file":"src/psp/format_2025/operations.rs","@level":"debug","@line":60,"@message":"✅ Operations unpacked: count=7 operations=[56, 248, 192, 151, 122, 202, 207]","@module":"flavor::psp::format_2025::operations","@pid":6368,"@timestamp":"2026-03-31T20:27:12.512972Z"}
{"@file":"src/psp/format_2025/operations.rs","@level":"debug","@line":37,"@message":"✅ Operations packed: result=6175652210119622540","@module":"flavor::psp::format_2025::operations","@pid":6368,"@timestamp":"2026-03-31T20:27:12.512984Z"}
{"@file":"src/psp/format_2025/operations.rs","@level":"debug","@line":60,"@message":"✅ Operations unpacked: count=8 operations=[140, 63, 137, 16, 247, 82, 180, 85]","@module":"flavor::psp::format_2025::operations","@pid":6368,"@timestamp":"2026-03-31T20:27:12.513004Z"}
{"@file":"src/psp/format_2025/operations.rs","@level":"debug","@line":37,"@message":"✅ Operations packed: result=71284794957971611","@module":"flavor::psp::format_2025::operations","@pid":6368,"@timestamp":"2026-03-31T20:27:12.513023Z"}
{"@file":"src/psp/format_2025/operations.rs","@level":"debug","@line":60,"@message":"✅ Operations unpacked: count=7 operations=[155, 64, 91, 177, 36, 65, 253]","@module":"flavor::psp::format_2025::operations","@pid":6368,"@timestamp":"2026-03-31T20:27:12.513042Z"}
{"@file":"src/psp/format_2025/operations.rs","@level":"debug","@line":60,"@message":"✅ Operations unpacked: count=8 operations=[230, 116, 35, 238, 59, 21, 204, 13]","@module":"flavor::psp::format_2025::operations","@pid":6368,"@timestamp":"2026-03-31T20:27:12.513051Z"}
{"@file":"src/psp/format_2025/operations.rs","@level":"debug","@line":37,"@message":"✅ Operations packed: result=994192964884591846","@module":"flavor::psp::format_2025::operations","@pid":6368,"@timestamp":"2026-03-31T20:27:12.513071Z"}
{"@file":"src/psp/format_2025/operations.rs","@level":"debug","@line":60,"@message":"✅ Operations unpacked: count=8 operations=[230, 116, 35, 238, 59, 21, 204, 13]","@module":"flavor::psp::format_2025::operations","@pid":6368,"@timestamp":"2026-03-31T20:27:12.513089Z"}
{"@file":"src/psp/format_2025/operations.rs","@level":"debug","@line":37,"@message":"✅ Operations packed: result=14359424831796540006","@module":"flavor::psp::format_2025::operations","@pid":6368,"@timestamp":"2026-03-31T20:27:12.513090Z"}
{"@file":"src/psp/format_2025/operations.rs","@level":"debug","@line":60,"@message":"✅ Operations unpacked: count=8 operations=[102, 242, 39, 22, 206, 236, 70, 199]","@module":"flavor::psp::format_2025::operations","@pid":6368,"@timestamp":"2026-03-31T20:27:12.513132Z"}
{"@file":"src/psp/format_2025/operations.rs","@level":"debug","@line":60,"@message":"✅ Operations unpacked: count=8 operations=[55, 166, 82, 233, 159, 154, 64, 208]","@module":"flavor::psp::format_2025::operations","@pid":6368,"@timestamp":"2026-03-31T20:27:12.513136Z"}
{"@file":"src/psp/format_2025/operations.rs","@level":"debug","@line":37,"@message":"✅ Operations packed: result=15006163970003478071","@module":"flavor::psp::format_2025::operations","@pid":6368,"@timestamp":"2026-03-31T20:27:12.513186Z"}
{"@file":"src/psp/format_2025/operations.rs","@level":"debug","@line":60,"@message":"✅ Operations unpacked: count=8 operations=[55, 166, 82, 233, 159, 154, 64, 208]","@module":"flavor::psp::format_2025::operations","@pid":6368,"@timestamp":"2026-03-31T20:27:12.513205Z"}
{"@file":"src/psp/format_2025/operations.rs","@level":"debug","@line":37,"@message":"✅ Operations packed: result=32186366659783042","@module":"flavor::psp::format_2025::operations","@pid":6368,"@timestamp":"2026-03-31T20:27:12.513212Z"}
{"@file":"src/psp/format_2025/operations.rs","@level":"debug","@line":60,"@message":"✅ Operations unpacked: count=7 operations=[130, 233, 93, 119, 84, 89, 114]","@module":"flavor::psp::format_2025::operations","@pid":6368,"@timestamp":"2026-03-31T20:27:12.513243Z"}
{"@file":"src/psp/format_2025/operations.rs","@level":"debug","@line":60,"@message":"✅ Operations unpacked: count=8 operations=[90, 3, 16, 29, 196, 244, 125, 217]","@module":"flavor::psp::format_2025::operations","@pid":6368,"@timestamp":"2026-03-31T20:27:12.513253Z"}
{"@file":"src/psp/format_2025/operations.rs","@level":"debug","@line":37,"@message":"✅ Operations packed: result=15671951401457550170","@module":"flavor::psp::format_2025::operations","@pid":6368,"@timestamp":"2026-03-31T20:27:12.513283Z"}
{"@file":"src/psp/format_2025/operations.rs","@level":"debug","@line":37,"@message":"✅ Operations packed: result=886937543872","@module":"flavor::psp::format_2025::operations","@pid":6368,"@timestamp":"2026-03-31T20:27:12.513293Z"}
{"@file":"src/psp/format_2025/operations.rs","@level":"debug","@line":60,"@message":"✅ Operations unpacked: count=5 operations=[192, 228, 152, 129, 206]","@module":"flavor::psp::format_2025::operations","@pid":6368,"@timestamp":"2026-03-31T20:27:12.513328Z"}
{"@file":"src/psp/format_2025/operations.rs","@level":"debug","@line":60,"@message":"✅ Operations unpacked: count=8 operations=[90, 3, 16, 29, 196, 244, 125, 217]","@module":"flavor::psp::format_2025::operations","@pid":6368,"@timestamp":"2026-03-31T20:27:12.513303Z"}
{"@file":"src/psp/format_2025/operations.rs","@level":"debug","@line":37,"@message":"✅ Operations packed: result=8664089","@module":"flavor::psp::format_2025::operations","@pid":6368,"@timestamp":"2026-03-31T20:27:12.513380Z"}
{"@file":"src/psp/format_2025/operations.rs","@level":"debug","@line":60,"@message":"✅ Operations unpacked: count=3 operations=[25, 52, 132]","@module":"flavor::psp::format_2025::operations","@pid":6368,"@timestamp":"2026-03-31T20:27:12.513403Z"}
{"@file":"src/psp/format_2025/operations.rs","@level":"debug","@line":60,"@message":"✅ Operations unpacked: count=8 operations=[36, 98, 146, 165, 159, 155, 22, 153]","@module":"flavor::psp::format_2025::operations","@pid":6368,"@timestamp":"2026-03-31T20:27:12.513414Z"}
{"@file":"src/psp/format_2025/operations.rs","@level":"debug","@line":37,"@message":"✅ Operations packed: result=11031175447270548004","@module":"flavor::psp::format_2025::operations","@pid":6368,"@timestamp":"2026-03-31T20:27:12.513442Z"}
{"@file":"src/psp/format_2025/operations.rs","@level":"debug","@line":37,"@message":"✅ Operations packed: result=22477302293498","@module":"flavor::psp::format_2025::operations","@pid":6368,"@timestamp":"2026-03-31T20:27:12.513450Z"}
{"@file":"src/psp/format_2025/operations.rs","@level":"debug","@line":60,"@message":"✅ Operations unpacked: count=8 operations=[36, 98, 146, 165, 159, 155, 22, 153]","@module":"flavor::psp::format_2025::operations","@pid":6368,"@timestamp":"2026-03-31T20:27:12.513462Z"}
{"@file":"src/psp/format_2025/operations.rs","@level":"debug","@line":60,"@message":"✅ Operations unpacked: count=6 operations=[250, 99, 158, 103, 113, 20]","@module":"flavor::psp::format_2025::operations","@pid":6368,"@timestamp":"2026-03-31T20:27:12.513477Z"}
{"@file":"src/psp/format_2025/operations.rs","@level":"debug","@line":60,"@message":"✅ Operations unpacked: count=8 operations=[223, 6, 247, 17, 118, 236, 46, 71]","@module":"flavor::psp::format_2025::operations","@pid":6368,"@timestamp":"2026-03-31T20:27:12.513515Z"}
{"@file":"src/psp/format_2025/operations.rs","@level":"debug","@line":37,"@message":"✅ Operations packed: result=38773","@module":"flavor::psp::format_2025::operations","@pid":6368,"@timestamp":"2026-03-31T20:27:12.513533Z"}
{"@file":"src/psp/format_2025/operations.rs","@level":"debug","@line":37,"@message":"✅ Operations packed: result=5129297017473271519","@module":"flavor::psp::format_2025::operations","@pid":6368,"@timestamp":"2026-03-31T20:27:12.513544Z"}
{"@file":"src/psp/format_2025/operations.rs","@level":"debug","@line":60,"@message":"✅ Operations unpacked: count=2 operations=[117, 151]","@module":"flavor::psp::format_2025::operations","@pid":6368,"@timestamp":"2026-03-31T20:27:12.513558Z"}
{"@file":"src/psp/format_2025/operations.rs","@level":"debug","@line":60,"@message":"✅ Operations unpacked: count=8 operations=[223, 6, 247, 17, 118, 236, 46, 71]","@module":"flavor::psp::format_2025::operations","@pid":6368,"@timestamp":"2026-03-31T20:27:12.513570Z"}
{"@file":"src/psp/format_2025/operations.rs","@level":"debug","@line":37,"@message":"✅ Operations packed: result=215807186415183","@module":"flavor::psp::format_2025::operations","@pid":6368,"@timestamp":"2026-03-31T20:27:12.513613Z"}
{"@file":"src/psp/format_2025/operations.rs","@level":"debug","@line":60,"@message":"✅ Operations unpacked: count=8 operations=[14, 55, 63, 120, 154, 4, 6, 47]","@module":"flavor::psp::format_2025::operations","@pid":6368,"@timestamp":"2026-03-31T20:27:12.513625Z"}
{"@file":"src/psp/format_2025/operations.rs","@level":"debug","@line":60,"@message":"✅ Operations unpacked: count=6 operations=[79, 174, 175, 134, 70, 196]","@module":"flavor::psp::format_2025::operations","@pid":6368,"@timestamp":"2026-03-31T20:27:12.513639Z"}
{"@file":"src/psp/format_2025/operations.rs","@level":"debug","@line":37,"@message":"✅ Operations packed: result=3388400831131760398","@module":"flavor::psp::format_2025::operations","@pid":6368,"@timestamp":"2026-03-31T20:27:12.513652Z"}
{"@file":"src/psp/format_2025/operations.rs","@level":"debug","@line":60,"@message":"✅ Operations unpacked: count=8 operations=[14, 55, 63, 120, 154, 4, 6, 47]","@module":"flavor::psp::format_2025::operations","@pid":6368,"@timestamp":"2026-03-31T20:27:12.513677Z"}
{"@file":"src/psp/format_2025/operations.rs","@level":"debug","@line":37,"@message":"✅ Operations packed: result=171303038872543","@module":"flavor::psp::format_2025::operations","@pid":6368,"@timestamp":"2026-03-31T20:27:12.513695Z"}
{"@file":"src/psp/format_2025/operations.rs","@level":"debug","@line":60,"@message":"✅ Operations unpacked: count=6 operations=[223, 235, 199, 152, 204, 155]","@module":"flavor::psp::format_2025::operations","@pid":6368,"@timestamp":"2026-03-31T20:27:12.513721Z"}
{"@file":"src/psp/format_2025/operations.rs","@level":"debug","@line":60,"@message":"✅ Operations unpacked: count=8 operations=[96, 107, 135, 30, 243, 208, 111, 36]","@module":"flavor::psp::format_2025::operations","@pid":6368,"@timestamp":"2026-03-31T20:27:12.513722Z"}
{"@file":"src/psp/format_2025/operations.rs","@level":"debug","@line":37,"@message":"✅ Operations packed: result=2625546850388110176","@module":"flavor::psp::format_2025::operations","@pid":6368,"@timestamp":"2026-03-31T20:27:12.513752Z"}
{"@file":"src/psp/format_2025/operations.rs","@level":"debug","@line":60,"@message":"✅ Operations unpacked: count=8 operations=[96, 107, 135, 30, 243, 208, 111, 36]","@module":"flavor::psp::format_2025::operations","@pid":6368,"@timestamp":"2026-03-31T20:27:12.513770Z"}
{"@file":"src/psp/format_2025/operations.rs","@level":"debug","@line":37,"@message":"✅ Operations packed: result=0","@module":"flavor::psp::format_2025::operations","@pid":6368,"@timestamp":"2026-03-31T20:27:12.513770Z"}
{"@file":"src/psp/format_2025/operations.rs","@level":"debug","@line":60,"@message":"✅ Operations unpacked: count=0 operations=[]","@module":"flavor::psp::format_2025::operations","@pid":6368,"@timestamp":"2026-03-31T20:27:12.513809Z"}
{"@file":"src/psp/format_2025/operations.rs","@level":"debug","@line":60,"@message":"✅ Operations unpacked: count=8 operations=[79, 208, 41, 221, 244, 125, 13, 215]","@module":"flavor::psp::format_2025::operations","@pid":6368,"@timestamp":"2026-03-31T20:27:12.513820Z"}
{"@file":"src/psp/format_2025/operations.rs","@level":"debug","@line":37,"@message":"✅ Operations packed: result=15496180383487742031","@module":"flavor::psp::format_2025::operations","@pid":6368,"@timestamp":"2026-03-31T20:27:12.513840Z"}
{"@file":"src/psp/format_2025/operations.rs","@level":"debug","@line":60,"@message":"✅ Operations unpacked: count=8 operations=[79, 208, 41, 221, 244, 125, 13, 215]","@module":"flavor::psp::format_2025::operations","@pid":6368,"@timestamp":"2026-03-31T20:27:12.513857Z"}
{"@file":"src/psp/format_2025/operations.rs","@level":"debug","@line":37,"@message":"✅ Operations packed: result=0","@module":"flavor::psp::format_2025::operations","@pid":6368,"@timestamp":"2026-03-31T20:27:12.513858Z"}
{"@file":"src/psp/format_2025/operations.rs","@level":"debug","@line":60,"@message":"✅ Operations unpacked: count=0 operations=[]","@module":"flavor::psp::format_2025::operations","@pid":6368,"@timestamp":"2026-03-31T20:27:12.513888Z"}
{"@file":"src/psp/format_2025/operations.rs","@level":"debug","@line":60,"@message":"✅ Operations unpacked: count=8 operations=[171, 128, 213, 198, 23, 81, 53, 5]","@module":"flavor::psp::format_2025::operations","@pid":6368,"@timestamp":"2026-03-31T20:27:12.513909Z"}
{"@file":"src/psp/format_2025/operations.rs","@level":"debug","@line":37,"@message":"✅ Operations packed: result=375295306517282987","@module":"flavor::psp::format_2025::operations","@pid":6368,"@timestamp":"2026-03-31T20:27:12.513929Z"}
{"@file":"src/psp/format_2025/operations.rs","@level":"debug","@line":37,"@message":"✅ Operations packed: result=202","@module":"flavor::psp::format_2025::operations","@pid":6368,"@timestamp":"2026-03-31T20:27:12.513934Z"}
{"@file":"src/psp/format_2025/operations.rs","@level":"debug","@line":60,"@message":"✅ Operations unpacked: count=8 operations=[171, 128, 213, 198, 23, 81, 53, 5]","@module":"flavor::psp::format_2025::operations","@pid":6368,"@timestamp":"2026-03-31T20:27:12.513947Z"}
{"@file":"src/psp/format_2025/operations.rs","@level":"debug","@line":60,"@message":"✅ Operations unpacked: count=1 operations=[202]","@module":"flavor::psp::format_2025::operations","@pid":6368,"@timestamp":"2026-03-31T20:27:12.513953Z"}
{"@file":"src/psp/format_2025/operations.rs","@level":"debug","@line":60,"@message":"✅ Operations unpacked: count=8 operations=[82, 93, 208, 150, 141, 21, 122, 56]","@module":"flavor::psp::format_2025::operations","@pid":6368,"@timestamp":"2026-03-31T20:27:12.513992Z"}
{"@file":"src/psp/format_2025/operations.rs","@level":"debug","@line":37,"@message":"✅ Operations packed: result=226294695623211","@module":"flavor::psp::format_2025::operations","@pid":6368,"@timestamp":"2026-03-31T20:27:12.514000Z"}
{"@file":"src/psp/format_2025/operations.rs","@level":"debug","@line":37,"@message":"✅ Operations packed: result=4069588911147474258","@module":"flavor::psp::format_2025::operations","@pid":6368,"@timestamp":"2026-03-31T20:27:12.514012Z"}
{"@file":"src/psp/format_2025/operations.rs","@level":"debug","@line":60,"@message":"✅ Operations unpacked: count=6 operations=[43, 122, 242, 86, 208, 205]","@module":"flavor::psp::format_2025::operations","@pid":6368,"@timestamp":"2026-03-31T20:27:12.514019Z"}
{"@file":"src/psp/format_2025/operations.rs","@level":"debug","@line":60,"@message":"✅ Operations unpacked: count=8 operations=[82, 93, 208, 150, 141, 21, 122, 56]","@module":"flavor::psp::format_2025::operations","@pid":6368,"@timestamp":"2026-03-31T20:27:12.514030Z"}
{"@file":"src/psp/format_2025/operations.rs","@level":"debug","@line":37,"@message":"✅ Operations packed: result=141790274143","@module":"flavor::psp::format_2025::operations","@pid":6368,"@timestamp":"2026-03-31T20:27:12.514066Z"}
{"@file":"src/psp/format_2025/operations.rs","@level":"debug","@line":60,"@message":"✅ Operations unpacked: count=8 operations=[26, 50, 84, 238, 157, 109, 205, 88]","@module":"flavor::psp::format_2025::operations","@pid":6368,"@timestamp":"2026-03-31T20:27:12.514075Z"}
{"@file":"src/psp/format_2025/operations.rs","@level":"debug","@line":60,"@message":"✅ Operations unpacked: count=5 operations=[95, 226, 91, 3, 33]","@module":"flavor::psp::format_2025::operations","@pid":6368,"@timestamp":"2026-03-31T20:27:12.514084Z"}
{"@file":"src/psp/format_2025/operations.rs","@level":"debug","@line":37,"@message":"✅ Operations packed: result=6398891170639131162","@module":"flavor::psp::format_2025::operations","@pid":6368,"@timestamp":"2026-03-31T20:27:12.514094Z"}
{"@file":"src/psp/format_2025/operations.rs","@level":"debug","@line":60,"@message":"✅ Operations unpacked: count=8 operations=[26, 50, 84, 238, 157, 109, 205, 88]","@module":"flavor::psp::format_2025::operations","@pid":6368,"@timestamp":"2026-03-31T20:27:12.514112Z"}
{"@file":"src/psp/format_2025/operations.rs","@level":"debug","@line":37,"@message":"✅ Operations packed: result=961634970886","@module":"flavor::psp::format_2025::operations","@pid":6368,"@timestamp":"2026-03-31T20:27:12.514131Z"}
{"@file":"src/psp/format_2025/operations.rs","@level":"debug","@line":60,"@message":"✅ Operations unpacked: count=5 operations=[6, 45, 233, 229, 223]","@module":"flavor::psp::format_2025::operations","@pid":6368,"@timestamp":"2026-03-31T20:27:12.514149Z"}
{"@file":"src/psp/format_2025/operations.rs","@level":"debug","@line":60,"@message":"✅ Operations unpacked: count=8 operations=[110, 9, 73, 111, 177, 194, 215, 50]","@module":"flavor::psp::format_2025::operations","@pid":6368,"@timestamp":"2026-03-31T20:27:12.514157Z"}
{"@file":"src/psp/format_2025/operations.rs","@level":"debug","@line":37,"@message":"✅ Operations packed: result=3663610889221245294","@module":"flavor::psp::format_2025::operations","@pid":6368,"@timestamp":"2026-03-31T20:27:12.514194Z"}
{"@file":"src/psp/format_2025/operations.rs","@level":"debug","@line":37,"@message":"✅ Operations packed: result=135094057581","@module":"flavor::psp::format_2025::operations","@pid":6368,"@timestamp":"2026-03-31T20:27:12.514202Z"}
{"@file":"src/psp/format_2025/operations.rs","@level":"debug","@line":60,"@message":"✅ Operations unpacked: count=8 operations=[110, 9, 73, 111, 177, 194, 215, 50]","@module":"flavor::psp::format_2025::operations","@pid":6368,"@timestamp":"2026-03-31T20:27:12.514215Z"}
{"@file":"src/psp/format_2025/operations.rs","@level":"debug","@line":60,"@message":"✅ Operations unpacked: count=5 operations=[109, 186, 59, 116, 31]","@module":"flavor::psp::format_2025::operations","@pid":6368,"@timestamp":"2026-03-31T20:27:12.514228Z"}
{"@file":"src/psp/format_2025/operations.rs","@level":"debug","@line":60,"@message":"✅ Operations unpacked: count=8 operations=[72, 137, 106, 27, 79, 152, 139, 49]","@module":"flavor::psp::format_2025::operations","@pid":6368,"@timestamp":"2026-03-31T20:27:12.514270Z"}
{"@file":"src/psp/format_2025/operations.rs","@level":"debug","@line":37,"@message":"✅ Operations packed: result=5969652","@module":"flavor::psp::format_2025::operations","@pid":6368,"@timestamp":"2026-03-31T20:27:12.514282Z"}
{"@file":"src/psp/format_2025/operations.rs","@level":"debug","@line":37,"@message":"✅ Operations packed: result=3570114595151055176","@module":"flavor::psp::format_2025::operations","@pid":6368,"@timestamp":"2026-03-31T20:27:12.514298Z"}
{"@file":"src/psp/format_2025/operations.rs","@level":"debug","@line":60,"@message":"✅ Operations unpacked: count=3 operations=[244, 22, 91]","@module":"flavor::psp::format_2025::operations","@pid":6368,"@timestamp":"2026-03-31T20:27:12.514308Z"}
{"@file":"src/psp/format_2025/operations.rs","@level":"debug","@line":60,"@message":"✅ Operations unpacked: count=8 operations=[72, 137, 106, 27, 79, 152, 139, 49]","@module":"flavor::psp::format_2025::operations","@pid":6368,"@timestamp":"2026-03-31T20:27:12.514323Z"}
{"@file":"src/psp/format_2025/operations.rs","@level":"debug","@line":60,"@message":"✅ Operations unpacked: count=8 operations=[216, 207, 237, 178, 123, 233, 139, 191]","@module":"flavor::psp::format_2025::operations","@pid":6368,"@timestamp":"2026-03-31T20:27:12.514375Z"}
{"@file":"src/psp/format_2025/operations.rs","@level":"debug","@line":37,"@message":"✅ Operations packed: result=79","@module":"flavor::psp::format_2025::operations","@pid":6368,"@timestamp":"2026-03-31T20:27:12.514364Z"}
{"@file":"src/psp/format_2025/operations.rs","@level":"debug","@line":37,"@message":"✅ Operations packed: result=13802382200499195864","@module":"flavor::psp::format_2025::operations","@pid":6368,"@timestamp":"2026-03-31T20:27:12.514397Z"}
{"@file":"src/psp/format_2025/operations.rs","@level":"debug","@line":60,"@message":"✅ Operations unpacked: count=1 operations=[79]","@module":"flavor::psp::format_2025::operations","@pid":6368,"@timestamp":"2026-03-31T20:27:12.514411Z"}
{"@file":"src/psp/format_2025/operations.rs","@level":"debug","@line":60,"@message":"✅ Operations unpacked: count=8 operations=[216, 207, 237, 178, 123, 233, 139, 191]","@module":"flavor::psp::format_2025::operations","@pid":6368,"@timestamp":"2026-03-31T20:27:12.514424Z"}
{"@file":"src/psp/format_2025/operations.rs","@level":"debug","@line":37,"@message":"✅ Operations packed: result=22","@module":"flavor::psp::format_2025::operations","@pid":6368,"@timestamp":"2026-03-31T20:27:12.514468Z"}
{"@file":"src/psp/format_2025/operations.rs","@level":"debug","@line":60,"@message":"✅ Operations unpacked: count=8 operations=[171, 1, 182, 229, 199, 249, 147, 69]","@module":"flavor::psp::format_2025::operations","@pid":6368,"@timestamp":"2026-03-31T20:27:12.514478Z"}
{"@file":"src/psp/format_2025/operations.rs","@level":"debug","@line":60,"@message":"✅ Operations unpacked: count=1 operations=[22]","@module":"flavor::psp::format_2025::operations","@pid":6368,"@timestamp":"2026-03-31T20:27:12.514496Z"}
{"@file":"src/psp/format_2025/operations.rs","@level":"debug","@line":37,"@message":"✅ Operations packed: result=5013625447141212587","@module":"flavor::psp::format_2025::operations","@pid":6368,"@timestamp":"2026-03-31T20:27:12.514508Z"}
test psp::format_2025::operations::tests::prop_pack_unpack_roundtrip ... {"@file":"src/psp/format_2025/operations.rs","@level":"debug","@line":60,"@message":"✅ Operations unpacked: count=8 operations=[171, 1, 182, 229, 199, 249, 147, 69]","@module":"flavor::psp::format_2025::operations","@pid":6368,"@timestamp":"2026-03-31T20:27:12.514537Z"}
ok
{"@file":"src/psp/format_2025/operations.rs","@level":"debug","@line":60,"@message":"✅ Operations unpacked: count=8 operations=[222, 184, 42, 64, 201, 18, 205, 63]","@module":"flavor::psp::format_2025::operations","@pid":6368,"@timestamp":"2026-03-31T20:27:12.514597Z"}
{"@file":"src/psp/format_2025/operations.rs","@level":"debug","@line":37,"@message":"✅ Operations packed: result=4597351450189412574","@module":"flavor::psp::format_2025::operations","@pid":6368,"@timestamp":"2026-03-31T20:27:12.514622Z"}
{"@file":"src/psp/format_2025/operations.rs","@level":"debug","@line":60,"@message":"✅ Operations unpacked: count=8 operations=[222, 184, 42, 64, 201, 18, 205, 63]","@module":"flavor::psp::format_2025::operations","@pid":6368,"@timestamp":"2026-03-31T20:27:12.514641Z"}
{"@file":"src/psp/format_2025/operations.rs","@level":"debug","@line":60,"@message":"✅ Operations unpacked: count=8 operations=[91, 143, 96, 30, 48, 213, 126, 78]","@module":"flavor::psp::format_2025::operations","@pid":6368,"@timestamp":"2026-03-31T20:27:12.514685Z"}
{"@file":"src/psp/format_2025/operations.rs","@level":"debug","@line":37,"@message":"✅ Operations packed: result=5656192584668712795","@module":"flavor::psp::format_2025::operations","@pid":6368,"@timestamp":"2026-03-31T20:27:12.514704Z"}
{"@file":"src/psp/format_2025/operations.rs","@level":"debug","@line":60,"@message":"✅ Operations unpacked: count=8 operations=[91, 143, 96, 30, 48, 213, 126, 78]","@module":"flavor::psp::format_2025::operations","@pid":6368,"@timestamp":"2026-03-31T20:27:12.514724Z"}
{"@file":"src/psp/format_2025/operations.rs","@level":"debug","@line":60,"@message":"✅ Operations unpacked: count=8 operations=[3, 222, 195, 74, 245, 174, 125, 206]","@module":"flavor::psp::format_2025::operations","@pid":6368,"@timestamp":"2026-03-31T20:27:12.514769Z"}
{"@file":"src/psp/format_2025/operations.rs","@level":"debug","@line":37,"@message":"✅ Operations packed: result=14879241112446557699","@module":"flavor::psp::format_2025::operations","@pid":6368,"@timestamp":"2026-03-31T20:27:12.514788Z"}
{"@file":"src/psp/format_2025/operations.rs","@level":"debug","@line":60,"@message":"✅ Operations unpacked: count=8 operations=[3, 222, 195, 74, 245, 174, 125, 206]","@module":"flavor::psp::format_2025::operations","@pid":6368,"@timestamp":"2026-03-31T20:27:12.514806Z"}
{"@file":"src/psp/format_2025/operations.rs","@level":"debug","@line":60,"@message":"✅ Operations unpacked: count=8 operations=[141, 177, 238, 138, 110, 231, 9, 86]","@module":"flavor::psp::format_2025::operations","@pid":6368,"@timestamp":"2026-03-31T20:27:12.514850Z"}
{"@file":"src/psp/format_2025/operations.rs","@level":"debug","@line":37,"@message":"✅ Operations packed: result=6199740824015516045","@module":"flavor::psp::format_2025::operations","@pid":6368,"@timestamp":"2026-03-31T20:27:12.514876Z"}
{"@file":"src/psp/format_2025/operations.rs","@level":"debug","@line":60,"@message":"✅ Operations unpacked: count=8 operations=[141, 177, 238, 138, 110, 231, 9, 86]","@module":"flavor::psp::format_2025::operations","@pid":6368,"@timestamp":"2026-03-31T20:27:12.514894Z"}
{"@file":"src/psp/format_2025/operations.rs","@level":"debug","@line":60,"@message":"✅ Operations unpacked: count=8 operations=[101, 101, 210, 10, 80, 181, 144, 69]","@module":"flavor::psp::format_2025::operations","@pid":6368,"@timestamp":"2026-03-31T20:27:12.514939Z"}
{"@file":"src/psp/format_2025/operations.rs","@level":"debug","@line":37,"@message":"✅ Operations packed: result=5012705740646933861","@module":"flavor::psp::format_2025::operations","@pid":6368,"@timestamp":"2026-03-31T20:27:12.514965Z"}
{"@file":"src/psp/format_2025/operations.rs","@level":"debug","@line":60,"@message":"✅ Operations unpacked: count=8 operations=[101, 101, 210, 10, 80, 181, 144, 69]","@module":"flavor::psp::format_2025::operations","@pid":6368,"@timestamp":"2026-03-31T20:27:12.514981Z"}
{"@file":"src/psp/format_2025/operations.rs","@level":"debug","@line":60,"@message":"✅ Operations unpacked: count=8 operations=[137, 141, 142, 179, 32, 18, 27, 1]","@module":"flavor::psp::format_2025::operations","@pid":6368,"@timestamp":"2026-03-31T20:27:12.515027Z"}
{"@file":"src/psp/format_2025/operations.rs","@level":"debug","@line":37,"@message":"✅ Operations packed: result=79677350069833097","@module":"flavor::psp::format_2025::operations","@pid":6368,"@timestamp":"2026-03-31T20:27:12.515046Z"}
{"@file":"src/psp/format_2025/operations.rs","@level":"debug","@line":60,"@message":"✅ Operations unpacked: count=8 operations=[137, 141, 142, 179, 32, 18, 27, 1]","@module":"flavor::psp::format_2025::operations","@pid":6368,"@timestamp":"2026-03-31T20:27:12.515062Z"}
{"@file":"src/psp/format_2025/operations.rs","@level":"debug","@line":60,"@message":"✅ Operations unpacked: count=8 operations=[67, 214, 213, 190, 78, 32, 5, 72]","@module":"flavor::psp::format_2025::operations","@pid":6368,"@timestamp":"2026-03-31T20:27:12.515106Z"}
{"@file":"src/psp/format_2025/operations.rs","@level":"debug","@line":37,"@message":"✅ Operations packed: result=5189589668195587651","@module":"flavor::psp::format_2025::operations","@pid":6368,"@timestamp":"2026-03-31T20:27:12.515125Z"}
{"@file":"src/psp/format_2025/operations.rs","@level":"debug","@line":60,"@message":"✅ Operations unpacked: count=8 operations=[67, 214, 213, 190, 78, 32, 5, 72]","@module":"flavor::psp::format_2025::operations","@pid":6368,"@timestamp":"2026-03-31T20:27:12.515141Z"}
{"@file":"src/psp/format_2025/operations.rs","@level":"debug","@line":60,"@message":"✅ Operations unpacked: count=8 operations=[31, 168, 247, 74, 245, 250, 119, 156]","@module":"flavor::psp::format_2025::operations","@pid":6368,"@timestamp":"2026-03-31T20:27:12.515186Z"}
{"@file":"src/psp/format_2025/operations.rs","@level":"debug","@line":37,"@message":"✅ Operations packed: result=11274756123577002015","@module":"flavor::psp::format_2025::operations","@pid":6368,"@timestamp":"2026-03-31T20:27:12.515205Z"}
{"@file":"src/psp/format_2025/operations.rs","@level":"debug","@line":60,"@message":"✅ Operations unpacked: count=8 operations=[31, 168, 247, 74, 245, 250, 119, 156]","@module":"flavor::psp::format_2025::operations","@pid":6368,"@timestamp":"2026-03-31T20:27:12.515225Z"}
{"@file":"src/psp/format_2025/operations.rs","@level":"debug","@line":60,"@message":"✅ Operations unpacked: count=8 operations=[38, 148, 243, 187, 15, 245, 155, 227]","@module":"flavor::psp::format_2025::operations","@pid":6368,"@timestamp":"2026-03-31T20:27:12.515270Z"}
{"@file":"src/psp/format_2025/operations.rs","@level":"debug","@line":37,"@message":"✅ Operations packed: result=16400971915926410278","@module":"flavor::psp::format_2025::operations","@pid":6368,"@timestamp":"2026-03-31T20:27:12.515288Z"}
{"@file":"src/psp/format_2025/operations.rs","@level":"debug","@line":60,"@message":"✅ Operations unpacked: count=8 operations=[38, 148, 243, 187, 15, 245, 155, 227]","@module":"flavor::psp::format_2025::operations","@pid":6368,"@timestamp":"2026-03-31T20:27:12.515304Z"}
{"@file":"src/psp/format_2025/operations.rs","@level":"debug","@line":60,"@message":"✅ Operations unpacked: count=8 operations=[44, 13, 170, 132, 233, 25, 125, 66]","@module":"flavor::psp::format_2025::operations","@pid":6368,"@timestamp":"2026-03-31T20:27:12.515348Z"}
{"@file":"src/psp/format_2025/operations.rs","@level":"debug","@line":37,"@message":"✅ Operations packed: result=4791014069335887148","@module":"flavor::psp::format_2025::operations","@pid":6368,"@timestamp":"2026-03-31T20:27:12.515366Z"}
{"@file":"src/psp/format_2025/operations.rs","@level":"debug","@line":60,"@message":"✅ Operations unpacked: count=8 operations=[44, 13, 170, 132, 233, 25, 125, 66]","@module":"flavor::psp::format_2025::operations","@pid":6368,"@timestamp":"2026-03-31T20:27:12.515382Z"}
{"@file":"src/psp/format_2025/operations.rs","@level":"debug","@line":60,"@message":"✅ Operations unpacked: count=8 operations=[124, 34, 225, 124, 249, 80, 203, 53]","@module":"flavor::psp::format_2025::operations","@pid":6368,"@timestamp":"2026-03-31T20:27:12.515426Z"}
{"@file":"src/psp/format_2025/operations.rs","@level":"debug","@line":37,"@message":"✅ Operations packed: result=3876280936754651772","@module":"flavor::psp::format_2025::operations","@pid":6368,"@timestamp":"2026-03-31T20:27:12.515445Z"}
{"@file":"src/psp/format_2025/operations.rs","@level":"debug","@line":60,"@message":"✅ Operations unpacked: count=8 operations=[124, 34, 225, 124, 249, 80, 203, 53]","@module":"flavor::psp::format_2025::operations","@pid":6368,"@timestamp":"2026-03-31T20:27:12.515462Z"}
{"@file":"src/psp/format_2025/operations.rs","@level":"debug","@line":60,"@message":"✅ Operations unpacked: count=8 operations=[120, 85, 164, 57, 138, 106, 129, 131]","@module":"flavor::psp::format_2025::operations","@pid":6368,"@timestamp":"2026-03-31T20:27:12.515507Z"}
{"@file":"src/psp/format_2025/operations.rs","@level":"debug","@line":37,"@message":"✅ Operations packed: result=9475972232869336440","@module":"flavor::psp::format_2025::operations","@pid":6368,"@timestamp":"2026-03-31T20:27:12.515527Z"}
{"@file":"src/psp/format_2025/operations.rs","@level":"debug","@line":60,"@message":"✅ Operations unpacked: count=8 operations=[120, 85, 164, 57, 138, 106, 129, 131]","@module":"flavor::psp::format_2025::operations","@pid":6368,"@timestamp":"2026-03-31T20:27:12.515545Z"}
{"@file":"src/psp/format_2025/operations.rs","@level":"debug","@line":60,"@message":"✅ Operations unpacked: count=8 operations=[248, 14, 115, 70, 168, 163, 117, 89]","@module":"flavor::psp::format_2025::operations","@pid":6368,"@timestamp":"2026-03-31T20:27:12.515590Z"}
{"@file":"src/psp/format_2025/operations.rs","@level":"debug","@line":37,"@message":"✅ Operations packed: result=6446238384782511864","@module":"flavor::psp::format_2025::operations","@pid":6368,"@timestamp":"2026-03-31T20:27:12.515609Z"}
{"@file":"src/psp/format_2025/operations.rs","@level":"debug","@line":60,"@message":"✅ Operations unpacked: count=8 operations=[248, 14, 115, 70, 168, 163, 117, 89]","@module":"flavor::psp::format_2025::operations","@pid":6368,"@timestamp":"2026-03-31T20:27:12.515625Z"}
{"@file":"src/psp/format_2025/operations.rs","@level":"debug","@line":60,"@message":"✅ Operations unpacked: count=8 operations=[95, 145, 172, 192, 93, 220, 175, 47]","@module":"flavor::psp::format_2025::operations","@pid":6368,"@timestamp":"2026-03-31T20:27:12.515670Z"}
{"@file":"src/psp/format_2025/operations.rs","@level":"debug","@line":37,"@message":"✅ Operations packed: result=3436207335929581919","@module":"flavor::psp::format_2025::operations","@pid":6368,"@timestamp":"2026-03-31T20:27:12.515689Z"}
{"@file":"src/psp/format_2025/operations.rs","@level":"debug","@line":60,"@message":"✅ Operations unpacked: count=8 operations=[95, 145, 172, 192, 93, 220, 175, 47]","@module":"flavor::psp::format_2025::operations","@pid":6368,"@timestamp":"2026-03-31T20:27:12.515706Z"}
{"@file":"src/psp/format_2025/operations.rs","@level":"debug","@line":60,"@message":"✅ Operations unpacked: count=8 operations=[145, 57, 191, 100, 165, 158, 200, 142]","@module":"flavor::psp::format_2025::operations","@pid":6368,"@timestamp":"2026-03-31T20:27:12.515751Z"}
{"@file":"src/psp/format_2025/operations.rs","@level":"debug","@line":37,"@message":"✅ Operations packed: result=10288647781924944273","@module":"flavor::psp::format_2025::operations","@pid":6368,"@timestamp":"2026-03-31T20:27:12.515784Z"}
{"@file":"src/psp/format_2025/operations.rs","@level":"debug","@line":60,"@message":"✅ Operations unpacked: count=8 operations=[145, 57, 191, 100, 165, 158, 200, 142]","@module":"flavor::psp::format_2025::operations","@pid":6368,"@timestamp":"2026-03-31T20:27:12.515801Z"}
{"@file":"src/psp/format_2025/operations.rs","@level":"debug","@line":60,"@message":"✅ Operations unpacked: count=8 operations=[214, 52, 231, 104, 61, 196, 159, 129]","@module":"flavor::psp::format_2025::operations","@pid":6368,"@timestamp":"2026-03-31T20:27:12.515845Z"}
{"@file":"src/psp/format_2025/operations.rs","@level":"debug","@line":37,"@message":"✅ Operations packed: result=9340399920221730006","@module":"flavor::psp::format_2025::operations","@pid":6368,"@timestamp":"2026-03-31T20:27:12.515864Z"}
{"@file":"src/psp/format_2025/operations.rs","@level":"debug","@line":60,"@message":"✅ Operations unpacked: count=8 operations=[214, 52, 231, 104, 61, 196, 159, 129]","@module":"flavor::psp::format_2025::operations","@pid":6368,"@timestamp":"2026-03-31T20:27:12.515881Z"}
{"@file":"src/psp/format_2025/operations.rs","@level":"debug","@line":60,"@message":"✅ Operations unpacked: count=8 operations=[56, 200, 24, 200, 127, 239, 171, 192]","@module":"flavor::psp::format_2025::operations","@pid":6368,"@timestamp":"2026-03-31T20:27:12.515925Z"}
{"@file":"src/psp/format_2025/operations.rs","@level":"debug","@line":37,"@message":"✅ Operations packed: result=13883453608396638264","@module":"flavor::psp::format_2025::operations","@pid":6368,"@timestamp":"2026-03-31T20:27:12.515943Z"}
{"@file":"src/psp/format_2025/operations.rs","@level":"debug","@line":60,"@message":"✅ Operations unpacked: count=8 operations=[56, 200, 24, 200, 127, 239, 171, 192]","@module":"flavor::psp::format_2025::operations","@pid":6368,"@timestamp":"2026-03-31T20:27:12.515961Z"}
{"@file":"src/psp/format_2025/operations.rs","@level":"debug","@line":60,"@message":"✅ Operations unpacked: count=8 operations=[128, 90, 171, 119, 172, 245, 124, 150]","@module":"flavor::psp::format_2025::operations","@pid":6368,"@timestamp":"2026-03-31T20:27:12.516006Z"}
{"@file":"src/psp/format_2025/operations.rs","@level":"debug","@line":37,"@message":"✅ Operations packed: result=10843812123892210304","@module":"flavor::psp::format_2025::operations","@pid":6368,"@timestamp":"2026-03-31T20:27:12.516024Z"}
{"@file":"src/psp/format_2025/operations.rs","@level":"debug","@line":60,"@message":"✅ Operations unpacked: count=8 operations=[128, 90, 171, 119, 172, 245, 124, 150]","@module":"flavor::psp::format_2025::operations","@pid":6368,"@timestamp":"2026-03-31T20:27:12.516042Z"}
{"@file":"src/psp/format_2025/operations.rs","@level":"debug","@line":60,"@message":"✅ Operations unpacked: count=8 operations=[162, 185, 216, 108, 156, 7, 66, 13]","@module":"flavor::psp::format_2025::operations","@pid":6368,"@timestamp":"2026-03-31T20:27:12.516116Z"}
{"@file":"src/psp/format_2025/operations.rs","@level":"debug","@line":37,"@message":"✅ Operations packed: result=955334439378401698","@module":"flavor::psp::format_2025::operations","@pid":6368,"@timestamp":"2026-03-31T20:27:12.516143Z"}
{"@file":"src/psp/format_2025/operations.rs","@level":"debug","@line":60,"@message":"✅ Operations unpacked: count=8 operations=[162, 185, 216, 108, 156, 7, 66, 13]","@module":"flavor::psp::format_2025::operations","@pid":6368,"@timestamp":"2026-03-31T20:27:12.516162Z"}
{"@file":"src/psp/format_2025/operations.rs","@level":"debug","@line":60,"@message":"✅ Operations unpacked: count=8 operations=[22, 119, 250, 61, 176, 178, 251, 7]","@module":"flavor::psp::format_2025::operations","@pid":6368,"@timestamp":"2026-03-31T20:27:12.516212Z"}
{"@file":"src/psp/format_2025/operations.rs","@level":"debug","@line":37,"@message":"✅ Operations packed: result=575249847443683094","@module":"flavor::psp::format_2025::operations","@pid":6368,"@timestamp":"2026-03-31T20:27:12.516232Z"}
{"@file":"src/psp/format_2025/operations.rs","@level":"debug","@line":60,"@message":"✅ Operations unpacked: count=8 operations=[22, 119, 250, 61, 176, 178, 251, 7]","@module":"flavor::psp::format_2025::operations","@pid":6368,"@timestamp":"2026-03-31T20:27:12.516250Z"}
{"@file":"src/psp/format_2025/operations.rs","@level":"debug","@line":60,"@message":"✅ Operations unpacked: count=8 operations=[126, 116, 18, 247, 218, 192, 103, 31]","@module":"flavor::psp::format_2025::operations","@pid":6368,"@timestamp":"2026-03-31T20:27:12.516296Z"}
{"@file":"src/psp/format_2025/operations.rs","@level":"debug","@line":37,"@message":"✅ Operations packed: result=2262989384457548926","@module":"flavor::psp::format_2025::operations","@pid":6368,"@timestamp":"2026-03-31T20:27:12.516315Z"}
{"@file":"src/psp/format_2025/operations.rs","@level":"debug","@line":60,"@message":"✅ Operations unpacked: count=8 operations=[126, 116, 18, 247, 218, 192, 103, 31]","@module":"flavor::psp::format_2025::operations","@pid":6368,"@timestamp":"2026-03-31T20:27:12.516331Z"}
{"@file":"src/psp/format_2025/operations.rs","@level":"debug","@line":60,"@message":"✅ Operations unpacked: count=8 operations=[135, 94, 237, 121, 48, 12, 68, 62]","@module":"flavor::psp::format_2025::operations","@pid":6368,"@timestamp":"2026-03-31T20:27:12.516375Z"}
{"@file":"src/psp/format_2025/operations.rs","@level":"debug","@line":37,"@message":"✅ Operations packed: result=4486724531111419527","@module":"flavor::psp::format_2025::operations","@pid":6368,"@timestamp":"2026-03-31T20:27:12.516394Z"}
{"@file":"src/psp/format_2025/operations.rs","@level":"debug","@line":60,"@message":"✅ Operations unpacked: count=8 operations=[135, 94, 237, 121, 48, 12, 68, 62]","@module":"flavor::psp::format_2025::operations","@pid":6368,"@timestamp":"2026-03-31T20:27:12.516411Z"}
{"@file":"src/psp/format_2025/operations.rs","@level":"debug","@line":60,"@message":"✅ Operations unpacked: count=8 operations=[221, 77, 10, 105, 43, 181, 149, 206]","@module":"flavor::psp::format_2025::operations","@pid":6368,"@timestamp":"2026-03-31T20:27:12.516454Z"}
{"@file":"src/psp/format_2025/operations.rs","@level":"debug","@line":37,"@message":"✅ Operations packed: result=14886003341393546717","@module":"flavor::psp::format_2025::operations","@pid":6368,"@timestamp":"2026-03-31T20:27:12.516474Z"}
{"@file":"src/psp/format_2025/operations.rs","@level":"debug","@line":60,"@message":"✅ Operations unpacked: count=8 operations=[221, 77, 10, 105, 43, 181, 149, 206]","@module":"flavor::psp::format_2025::operations","@pid":6368,"@timestamp":"2026-03-31T20:27:12.516498Z"}
{"@file":"src/psp/format_2025/operations.rs","@level":"debug","@line":60,"@message":"✅ Operations unpacked: count=8 operations=[38, 84, 218, 147, 154, 73, 62, 58]","@module":"flavor::psp::format_2025::operations","@pid":6368,"@timestamp":"2026-03-31T20:27:12.516540Z"}
{"@file":"src/psp/format_2025/operations.rs","@level":"debug","@line":37,"@message":"✅ Operations packed: result=4196872831010231334","@module":"flavor::psp::format_2025::operations","@pid":6368,"@timestamp":"2026-03-31T20:27:12.516559Z"}
{"@file":"src/psp/format_2025/operations.rs","@level":"debug","@line":60,"@message":"✅ Operations unpacked: count=8 operations=[38, 84, 218, 147, 154, 73, 62, 58]","@module":"flavor::psp::format_2025::operations","@pid":6368,"@timestamp":"2026-03-31T20:27:12.516574Z"}
{"@file":"src/psp/format_2025/operations.rs","@level":"debug","@line":60,"@message":"✅ Operations unpacked: count=8 operations=[245, 11, 176, 14, 163, 81, 110, 119]","@module":"flavor::psp::format_2025::operations","@pid":6368,"@timestamp":"2026-03-31T20:27:12.516625Z"}
{"@file":"src/psp/format_2025/operations.rs","@level":"debug","@line":37,"@message":"✅ Operations packed: result=8605905698719534069","@module":"flavor::psp::format_2025::operations","@pid":6368,"@timestamp":"2026-03-31T20:27:12.516645Z"}
{"@file":"src/psp/format_2025/operations.rs","@level":"debug","@line":60,"@message":"✅ Operations unpacked: count=8 operations=[245, 11, 176, 14, 163, 81, 110, 119]","@module":"flavor::psp::format_2025::operations","@pid":6368,"@timestamp":"2026-03-31T20:27:12.516661Z"}
{"@file":"src/psp/format_2025/operations.rs","@level":"debug","@line":60,"@message":"✅ Operations unpacked: count=8 operations=[187, 164, 71, 38, 82, 127, 174, 106]","@module":"flavor::psp::format_2025::operations","@pid":6368,"@timestamp":"2026-03-31T20:27:12.516706Z"}
{"@file":"src/psp/format_2025/operations.rs","@level":"debug","@line":37,"@message":"✅ Operations packed: result=7687221604774290619","@module":"flavor::psp::format_2025::operations","@pid":6368,"@timestamp":"2026-03-31T20:27:12.516726Z"}
{"@file":"src/psp/format_2025/operations.rs","@level":"debug","@line":60,"@message":"✅ Operations unpacked: count=8 operations=[187, 164, 71, 38, 82, 127, 174, 106]","@module":"flavor::psp::format_2025::operations","@pid":6368,"@timestamp":"2026-03-31T20:27:12.516743Z"}
{"@file":"src/psp/format_2025/operations.rs","@level":"debug","@line":60,"@message":"✅ Operations unpacked: count=8 operations=[188, 170, 136, 11, 205, 181, 52, 22]","@module":"flavor::psp::format_2025::operations","@pid":6368,"@timestamp":"2026-03-31T20:27:12.516786Z"}
{"@file":"src/psp/format_2025/operations.rs","@level":"debug","@line":37,"@message":"✅ Operations packed: result=1600103659889797820","@module":"flavor::psp::format_2025::operations","@pid":6368,"@timestamp":"2026-03-31T20:27:12.516805Z"}
{"@file":"src/psp/format_2025/operations.rs","@level":"debug","@line":60,"@message":"✅ Operations unpacked: count=8 operations=[188, 170, 136, 11, 205, 181, 52, 22]","@module":"flavor::psp::format_2025::operations","@pid":6368,"@timestamp":"2026-03-31T20:27:12.516821Z"}
{"@file":"src/psp/format_2025/operations.rs","@level":"debug","@line":60,"@message":"✅ Operations unpacked: count=8 operations=[26, 8, 12, 186, 96, 48, 202, 124]","@module":"flavor::psp::format_2025::operations","@pid":6368,"@timestamp":"2026-03-31T20:27:12.516864Z"}
{"@file":"src/psp/format_2025/operations.rs","@level":"debug","@line":37,"@message":"✅ Operations packed: result=8992052797994960922","@module":"flavor::psp::format_2025::operations","@pid":6368,"@timestamp":"2026-03-31T20:27:12.516883Z"}
{"@file":"src/psp/format_2025/operations.rs","@level":"debug","@line":60,"@message":"✅ Operations unpacked: count=8 operations=[26, 8, 12, 186, 96, 48, 202, 124]","@module":"flavor::psp::format_2025::operations","@pid":6368,"@timestamp":"2026-03-31T20:27:12.516937Z"}
{"@file":"src/psp/format_2025/operations.rs","@level":"debug","@line":60,"@message":"✅ Operations unpacked: count=3 operations=[125, 248, 102]","@module":"flavor::psp::format_2025::operations","@pid":6368,"@timestamp":"2026-03-31T20:27:12.516983Z"}
{"@file":"src/psp/format_2025/operations.rs","@level":"debug","@line":37,"@message":"✅ Operations packed: result=6748285","@module":"flavor::psp::format_2025::operations","@pid":6368,"@timestamp":"2026-03-31T20:27:12.517001Z"}
{"@file":"src/psp/format_2025/operations.rs","@level":"debug","@line":60,"@message":"✅ Operations unpacked: count=3 operations=[125, 248, 102]","@module":"flavor::psp::format_2025::operations","@pid":6368,"@timestamp":"2026-03-31T20:27:12.517018Z"}
{"@file":"src/psp/format_2025/operations.rs","@level":"debug","@line":60,"@message":"✅ Operations unpacked: count=8 operations=[195, 151, 255, 252, 121, 149, 136, 164]","@module":"flavor::psp::format_2025::operations","@pid":6368,"@timestamp":"2026-03-31T20:27:12.517061Z"}
{"@file":"src/psp/format_2025/operations.rs","@level":"debug","@line":37,"@message":"✅ Operations packed: result=11855890370221021123","@module":"flavor::psp::format_2025::operations","@pid":6368,"@timestamp":"2026-03-31T20:27:12.517080Z"}
{"@file":"src/psp/format_2025/operations.rs","@level":"debug","@line":60,"@message":"✅ Operations unpacked: count=8 operations=[195, 151, 255, 252, 121, 149, 136, 164]","@module":"flavor::psp::format_2025::operations","@pid":6368,"@timestamp":"2026-03-31T20:27:12.517096Z"}
{"@file":"src/psp/format_2025/operations.rs","@level":"debug","@line":60,"@message":"✅ Operations unpacked: count=8 operations=[248, 153, 75, 68, 47, 73, 129, 19]","@module":"flavor::psp::format_2025::operations","@pid":6368,"@timestamp":"2026-03-31T20:27:12.517140Z"}
{"@file":"src/psp/format_2025/operations.rs","@level":"debug","@line":37,"@message":"✅ Operations packed: result=1405485026074401272","@module":"flavor::psp::format_2025::operations","@pid":6368,"@timestamp":"2026-03-31T20:27:12.517158Z"}
{"@file":"src/psp/format_2025/operations.rs","@level":"debug","@line":60,"@message":"✅ Operations unpacked: count=8 operations=[248, 153, 75, 68, 47, 73, 129, 19]","@module":"flavor::psp::format_2025::operations","@pid":6368,"@timestamp":"2026-03-31T20:27:12.517175Z"}
{"@file":"src/psp/format_2025/operations.rs","@level":"debug","@line":60,"@message":"✅ Operations unpacked: count=8 operations=[16, 165, 239, 40, 55, 206, 69, 3]","@module":"flavor::psp::format_2025::operations","@pid":6368,"@timestamp":"2026-03-31T20:27:12.517222Z"}
{"@file":"src/psp/format_2025/operations.rs","@level":"debug","@line":37,"@message":"✅ Operations packed: result=235821291812136208","@module":"flavor::psp::format_2025::operations","@pid":6368,"@timestamp":"2026-03-31T20:27:12.517240Z"}
{"@file":"src/psp/format_2025/operations.rs","@level":"debug","@line":60,"@message":"✅ Operations unpacked: count=8 operations=[16, 165, 239, 40, 55, 206, 69, 3]","@module":"flavor::psp::format_2025::operations","@pid":6368,"@timestamp":"2026-03-31T20:27:12.517257Z"}
{"@file":"src/psp/format_2025/operations.rs","@level":"debug","@line":60,"@message":"✅ Operations unpacked: count=8 operations=[39, 90, 35, 157, 106, 135, 96, 195]","@module":"flavor::psp::format_2025::operations","@pid":6368,"@timestamp":"2026-03-31T20:27:12.517301Z"}
{"@file":"src/psp/format_2025/operations.rs","@level":"debug","@line":37,"@message":"✅ Operations packed: result=14078401327132793383","@module":"flavor::psp::format_2025::operations","@pid":6368,"@timestamp":"2026-03-31T20:27:12.517320Z"}
{"@file":"src/psp/format_2025/operations.rs","@level":"debug","@line":60,"@message":"✅ Operations unpacked: count=8 operations=[39, 90, 35, 157, 106, 135, 96, 195]","@module":"flavor::psp::format_2025::operations","@pid":6368,"@timestamp":"2026-03-31T20:27:12.517337Z"}
{"@file":"src/psp/format_2025/operations.rs","@level":"debug","@line":60,"@message":"✅ Operations unpacked: count=8 operations=[140, 70, 170, 242, 250, 104, 231, 82]","@module":"flavor::psp::format_2025::operations","@pid":6368,"@timestamp":"2026-03-31T20:27:12.517381Z"}
{"@file":"src/psp/format_2025/operations.rs","@level":"debug","@line":37,"@message":"✅ Operations packed: result=5973858857752610444","@module":"flavor::psp::format_2025::operations","@pid":6368,"@timestamp":"2026-03-31T20:27:12.517400Z"}
{"@file":"src/psp/format_2025/operations.rs","@level":"debug","@line":60,"@message":"✅ Operations unpacked: count=8 operations=[140, 70, 170, 242, 250, 104, 231, 82]","@module":"flavor::psp::format_2025::operations","@pid":6368,"@timestamp":"2026-03-31T20:27:12.517417Z"}
{"@file":"src/psp/format_2025/operations.rs","@level":"debug","@line":60,"@message":"✅ Operations unpacked: count=8 operations=[235, 129, 66, 147, 129, 166, 77, 210]","@module":"flavor::psp::format_2025::operations","@pid":6368,"@timestamp":"2026-03-31T20:27:12.517465Z"}
{"@file":"src/psp/format_2025/operations.rs","@level":"debug","@line":37,"@message":"✅ Operations packed: result=15153951396623188459","@module":"flavor::psp::format_2025::operations","@pid":6368,"@timestamp":"2026-03-31T20:27:12.517484Z"}
{"@file":"src/psp/format_2025/operations.rs","@level":"debug","@line":60,"@message":"✅ Operations unpacked: count=8 operations=[235, 129, 66, 147, 129, 166, 77, 210]","@module":"flavor::psp::format_2025::operations","@pid":6368,"@timestamp":"2026-03-31T20:27:12.517501Z"}
{"@file":"src/psp/format_2025/operations.rs","@level":"debug","@line":60,"@message":"✅ Operations unpacked: count=8 operations=[59, 23, 84, 139, 77, 226, 236, 147]","@module":"flavor::psp::format_2025::operations","@pid":6368,"@timestamp":"2026-03-31T20:27:12.517547Z"}
{"@file":"src/psp/format_2025/operations.rs","@level":"debug","@line":37,"@message":"✅ Operations packed: result=10659143240757024571","@module":"flavor::psp::format_2025::operations","@pid":6368,"@timestamp":"2026-03-31T20:27:12.517566Z"}
{"@file":"src/psp/format_2025/operations.rs","@level":"debug","@line":60,"@message":"✅ Operations unpacked: count=8 operations=[59, 23, 84, 139, 77, 226, 236, 147]","@module":"flavor::psp::format_2025::operations","@pid":6368,"@timestamp":"2026-03-31T20:27:12.517583Z"}
{"@file":"src/psp/format_2025/operations.rs","@level":"debug","@line":60,"@message":"✅ Operations unpacked: count=8 operations=[124, 248, 124, 246, 132, 234, 68, 111]","@module":"flavor::psp::format_2025::operations","@pid":6368,"@timestamp":"2026-03-31T20:27:12.517630Z"}
{"@file":"src/psp/format_2025/operations.rs","@level":"debug","@line":37,"@message":"✅ Operations packed: result=8017791093418293372","@module":"flavor::psp::format_2025::operations","@pid":6368,"@timestamp":"2026-03-31T20:27:12.517649Z"}
{"@file":"src/psp/format_2025/operations.rs","@level":"debug","@line":60,"@message":"✅ Operations unpacked: count=8 operations=[124, 248, 124, 246, 132, 234, 68, 111]","@module":"flavor::psp::format_2025::operations","@pid":6368,"@timestamp":"2026-03-31T20:27:12.517665Z"}
{"@file":"src/psp/format_2025/operations.rs","@level":"debug","@line":60,"@message":"✅ Operations unpacked: count=8 operations=[173, 180, 118, 55, 197, 114, 245, 36]","@module":"flavor::psp::format_2025::operations","@pid":6368,"@timestamp":"2026-03-31T20:27:12.517712Z"}
{"@file":"src/psp/format_2025/operations.rs","@level":"debug","@line":37,"@message":"✅ Operations packed: result=2663160946024166573","@module":"flavor::psp::format_2025::operations","@pid":6368,"@timestamp":"2026-03-31T20:27:12.517731Z"}
{"@file":"src/psp/format_2025/operations.rs","@level":"debug","@line":60,"@message":"✅ Operations unpacked: count=8 operations=[173, 180, 118, 55, 197, 114, 245, 36]","@module":"flavor::psp::format_2025::operations","@pid":6368,"@timestamp":"2026-03-31T20:27:12.517748Z"}
{"@file":"src/psp/format_2025/operations.rs","@level":"debug","@line":60,"@message":"✅ Operations unpacked: count=8 operations=[212, 54, 116, 163, 59, 123, 190, 91]","@module":"flavor::psp::format_2025::operations","@pid":6368,"@timestamp":"2026-03-31T20:27:12.517792Z"}
{"@file":"src/psp/format_2025/operations.rs","@level":"debug","@line":37,"@message":"✅ Operations packed: result=6610856799102056148","@module":"flavor::psp::format_2025::operations","@pid":6368,"@timestamp":"2026-03-31T20:27:12.517812Z"}
{"@file":"src/psp/format_2025/operations.rs","@level":"debug","@line":60,"@message":"✅ Operations unpacked: count=8 operations=[212, 54, 116, 163, 59, 123, 190, 91]","@module":"flavor::psp::format_2025::operations","@pid":6368,"@timestamp":"2026-03-31T20:27:12.517829Z"}
{"@file":"src/psp/format_2025/operations.rs","@level":"debug","@line":60,"@message":"✅ Operations unpacked: count=2 operations=[5, 251]","@module":"flavor::psp::format_2025::operations","@pid":6368,"@timestamp":"2026-03-31T20:27:12.517872Z"}
{"@file":"src/psp/format_2025/operations.rs","@level":"debug","@line":37,"@message":"✅ Operations packed: result=64261","@module":"flavor::psp::format_2025::operations","@pid":6368,"@timestamp":"2026-03-31T20:27:12.517889Z"}
{"@file":"src/psp/format_2025/operations.rs","@level":"debug","@line":60,"@message":"✅ Operations unpacked: count=2 operations=[5, 251]","@module":"flavor::psp::format_2025::operations","@pid":6368,"@timestamp":"2026-03-31T20:27:12.517908Z"}
{"@file":"src/psp/format_2025/operations.rs","@level":"debug","@line":60,"@message":"✅ Operations unpacked: count=8 operations=[251, 60, 44, 95, 35, 198, 248, 51]","@module":"flavor::psp::format_2025::operations","@pid":6368,"@timestamp":"2026-03-31T20:27:12.517954Z"}
{"@file":"src/psp/format_2025/operations.rs","@level":"debug","@line":37,"@message":"✅ Operations packed: result=3744960945381457147","@module":"flavor::psp::format_2025::operations","@pid":6368,"@timestamp":"2026-03-31T20:27:12.517973Z"}
{"@file":"src/psp/format_2025/operations.rs","@level":"debug","@line":60,"@message":"✅ Operations unpacked: count=8 operations=[251, 60, 44, 95, 35, 198, 248, 51]","@module":"flavor::psp::format_2025::operations","@pid":6368,"@timestamp":"2026-03-31T20:27:12.517990Z"}
{"@file":"src/psp/format_2025/operations.rs","@level":"debug","@line":60,"@message":"✅ Operations unpacked: count=8 operations=[162, 135, 51, 204, 171, 82, 207, 57]","@module":"flavor::psp::format_2025::operations","@pid":6368,"@timestamp":"2026-03-31T20:27:12.518035Z"}
{"@file":"src/psp/format_2025/operations.rs","@level":"debug","@line":37,"@message":"✅ Operations packed: result=4165639078159812514","@module":"flavor::psp::format_2025::operations","@pid":6368,"@timestamp":"2026-03-31T20:27:12.518054Z"}
{"@file":"src/psp/format_2025/operations.rs","@level":"debug","@line":60,"@message":"✅ Operations unpacked: count=8 operations=[162, 135, 51, 204, 171, 82, 207, 57]","@module":"flavor::psp::format_2025::operations","@pid":6368,"@timestamp":"2026-03-31T20:27:12.518071Z"}
{"@file":"src/psp/format_2025/operations.rs","@level":"debug","@line":60,"@message":"✅ Operations unpacked: count=8 operations=[66, 14, 193, 37, 139, 235, 185, 20]","@module":"flavor::psp::format_2025::operations","@pid":6368,"@timestamp":"2026-03-31T20:27:12.518115Z"}
{"@file":"src/psp/format_2025/operations.rs","@level":"debug","@line":37,"@message":"✅ Operations packed: result=1493483734316420674","@module":"flavor::psp::format_2025::operations","@pid":6368,"@timestamp":"2026-03-31T20:27:12.518135Z"}
{"@file":"src/psp/format_2025/operations.rs","@level":"debug","@line":60,"@message":"✅ Operations unpacked: count=8 operations=[66, 14, 193, 37, 139, 235, 185, 20]","@module":"flavor::psp::format_2025::operations","@pid":6368,"@timestamp":"2026-03-31T20:27:12.518152Z"}
{"@file":"src/psp/format_2025/operations.rs","@level":"debug","@line":60,"@message":"✅ Operations unpacked: count=8 operations=[58, 103, 202, 182, 166, 213, 19, 98]","@module":"flavor::psp::format_2025::operations","@pid":6368,"@timestamp":"2026-03-31T20:27:12.518201Z"}
{"@file":"src/psp/format_2025/operations.rs","@level":"debug","@line":37,"@message":"✅ Operations packed: result=7067227152282445626","@module":"flavor::psp::format_2025::operations","@pid":6368,"@timestamp":"2026-03-31T20:27:12.518222Z"}
{"@file":"src/psp/format_2025/operations.rs","@level":"debug","@line":60,"@message":"✅ Operations unpacked: count=8 operations=[58, 103, 202, 182, 166, 213, 19, 98]","@module":"flavor::psp::format_2025::operations","@pid":6368,"@timestamp":"2026-03-31T20:27:12.518238Z"}
{"@file":"src/psp/format_2025/operations.rs","@level":"debug","@line":60,"@message":"✅ Operations unpacked: count=8 operations=[93, 203, 212, 185, 39, 180, 12, 27]","@module":"flavor::psp::format_2025::operations","@pid":6368,"@timestamp":"2026-03-31T20:27:12.518283Z"}
{"@file":"src/psp/format_2025/operations.rs","@level":"debug","@line":37,"@message":"✅ Operations packed: result=1949130821459037021","@module":"flavor::psp::format_2025::operations","@pid":6368,"@timestamp":"2026-03-31T20:27:12.518302Z"}
{"@file":"src/psp/format_2025/operations.rs","@level":"debug","@line":60,"@message":"✅ Operations unpacked: count=8 operations=[93, 203, 212, 185, 39, 180, 12, 27]","@module":"flavor::psp::format_2025::operations","@pid":6368,"@timestamp":"2026-03-31T20:27:12.518319Z"}
{"@file":"src/psp/format_2025/operations.rs","@level":"debug","@line":60,"@message":"✅ Operations unpacked: count=8 operations=[228, 76, 79, 5, 94, 144, 62, 54]","@module":"flavor::psp::format_2025::operations","@pid":6368,"@timestamp":"2026-03-31T20:27:12.518364Z"}
{"@file":"src/psp/format_2025/operations.rs","@level":"debug","@line":37,"@message":"✅ Operations packed: result=3908720260094577892","@module":"flavor::psp::format_2025::operations","@pid":6368,"@timestamp":"2026-03-31T20:27:12.518383Z"}
{"@file":"src/psp/format_2025/operations.rs","@level":"debug","@line":60,"@message":"✅ Operations unpacked: count=8 operations=[228, 76, 79, 5, 94, 144, 62, 54]","@module":"flavor::psp::format_2025::operations","@pid":6368,"@timestamp":"2026-03-31T20:27:12.518401Z"}
{"@file":"src/psp/format_2025/operations.rs","@level":"debug","@line":60,"@message":"✅ Operations unpacked: count=8 operations=[176, 245, 35, 42, 243, 33, 167, 19]","@module":"flavor::psp::format_2025::operations","@pid":6368,"@timestamp":"2026-03-31T20:27:12.518445Z"}
{"@file":"src/psp/format_2025/operations.rs","@level":"debug","@line":37,"@message":"✅ Operations packed: result=1416137936099079600","@module":"flavor::psp::format_2025::operations","@pid":6368,"@timestamp":"2026-03-31T20:27:12.518464Z"}
{"@file":"src/psp/format_2025/operations.rs","@level":"debug","@line":60,"@message":"✅ Operations unpacked: count=8 operations=[176, 245, 35, 42, 243, 33, 167, 19]","@module":"flavor::psp::format_2025::operations","@pid":6368,"@timestamp":"2026-03-31T20:27:12.518480Z"}
{"@file":"src/psp/format_2025/operations.rs","@level":"debug","@line":60,"@message":"✅ Operations unpacked: count=8 operations=[243, 149, 240, 148, 208, 98, 53, 86]","@module":"flavor::psp::format_2025::operations","@pid":6368,"@timestamp":"2026-03-31T20:27:12.518525Z"}
{"@file":"src/psp/format_2025/operations.rs","@level":"debug","@line":37,"@message":"✅ Operations packed: result=6211979909018981875","@module":"flavor::psp::format_2025::operations","@pid":6368,"@timestamp":"2026-03-31T20:27:12.518543Z"}
{"@file":"src/psp/format_2025/operations.rs","@level":"debug","@line":60,"@message":"✅ Operations unpacked: count=8 operations=[243, 149, 240, 148, 208, 98, 53, 86]","@module":"flavor::psp::format_2025::operations","@pid":6368,"@timestamp":"2026-03-31T20:27:12.518563Z"}
{"@file":"src/psp/format_2025/operations.rs","@level":"debug","@line":60,"@message":"✅ Operations unpacked: count=8 operations=[6, 161, 200, 181, 35, 212, 2, 9]","@module":"flavor::psp::format_2025::operations","@pid":6368,"@timestamp":"2026-03-31T20:27:12.518610Z"}
{"@file":"src/psp/format_2025/operations.rs","@level":"debug","@line":37,"@message":"✅ Operations packed: result=649314546133541126","@module":"flavor::psp::format_2025::operations","@pid":6368,"@timestamp":"2026-03-31T20:27:12.518629Z"}
{"@file":"src/psp/format_2025/operations.rs","@level":"debug","@line":60,"@message":"✅ Operations unpacked: count=8 operations=[6, 161, 200, 181, 35, 212, 2, 9]","@module":"flavor::psp::format_2025::operations","@pid":6368,"@timestamp":"2026-03-31T20:27:12.518650Z"}
{"@file":"src/psp/format_2025/operations.rs","@level":"debug","@line":60,"@message":"✅ Operations unpacked: count=8 operations=[244, 54, 225, 120, 202, 194, 13, 201]","@module":"flavor::psp::format_2025::operations","@pid":6368,"@timestamp":"2026-03-31T20:27:12.518697Z"}
{"@file":"src/psp/format_2025/operations.rs","@level":"debug","@line":37,"@message":"✅ Operations packed: result=14487449751187961588","@module":"flavor::psp::format_2025::operations","@pid":6368,"@timestamp":"2026-03-31T20:27:12.518718Z"}
{"@file":"src/psp/format_2025/operations.rs","@level":"debug","@line":60,"@message":"✅ Operations unpacked: count=8 operations=[244, 54, 225, 120, 202, 194, 13, 201]","@module":"flavor::psp::format_2025::operations","@pid":6368,"@timestamp":"2026-03-31T20:27:12.518737Z"}
{"@file":"src/psp/format_2025/operations.rs","@level":"debug","@line":60,"@message":"✅ Operations unpacked: count=8 operations=[142, 74, 229, 71, 223, 210, 11, 107]","@module":"flavor::psp::format_2025::operations","@pid":6368,"@timestamp":"2026-03-31T20:27:12.518787Z"}
{"@file":"src/psp/format_2025/operations.rs","@level":"debug","@line":37,"@message":"✅ Operations packed: result=7713490643227855502","@module":"flavor::psp::format_2025::operations","@pid":6368,"@timestamp":"2026-03-31T20:27:12.518807Z"}
{"@file":"src/psp/format_2025/operations.rs","@level":"debug","@line":60,"@message":"✅ Operations unpacked: count=8 operations=[142, 74, 229, 71, 223, 210, 11, 107]","@module":"flavor::psp::format_2025::operations","@pid":6368,"@timestamp":"2026-03-31T20:27:12.518827Z"}
{"@file":"src/psp/format_2025/operations.rs","@level":"debug","@line":60,"@message":"✅ Operations unpacked: count=8 operations=[14, 103, 245, 111, 202, 159, 192, 89]","@module":"flavor::psp::format_2025::operations","@pid":6368,"@timestamp":"2026-03-31T20:27:12.518873Z"}
{"@file":"src/psp/format_2025/operations.rs","@level":"debug","@line":37,"@message":"✅ Operations packed: result=6467344756714596110","@module":"flavor::psp::format_2025::operations","@pid":6368,"@timestamp":"2026-03-31T20:27:12.518895Z"}
{"@file":"src/psp/format_2025/operations.rs","@level":"debug","@line":60,"@message":"✅ Operations unpacked: count=8 operations=[14, 103, 245, 111, 202, 159, 192, 89]","@module":"flavor::psp::format_2025::operations","@pid":6368,"@timestamp":"2026-03-31T20:27:12.518914Z"}
{"@file":"src/psp/format_2025/operations.rs","@level":"debug","@line":60,"@message":"✅ Operations unpacked: count=8 operations=[13, 119, 187, 198, 230, 171, 154, 250]","@module":"flavor::psp::format_2025::operations","@pid":6368,"@timestamp":"2026-03-31T20:27:12.518959Z"}
{"@file":"src/psp/format_2025/operations.rs","@level":"debug","@line":37,"@message":"✅ Operations packed: result=18057934663560427277","@module":"flavor::psp::format_2025::operations","@pid":6368,"@timestamp":"2026-03-31T20:27:12.518979Z"}
{"@file":"src/psp/format_2025/operations.rs","@level":"debug","@line":60,"@message":"✅ Operations unpacked: count=8 operations=[13, 119, 187, 198, 230, 171, 154, 250]","@module":"flavor::psp::format_2025::operations","@pid":6368,"@timestamp":"2026-03-31T20:27:12.518995Z"}
{"@file":"src/psp/format_2025/operations.rs","@level":"debug","@line":60,"@message":"✅ Operations unpacked: count=8 operations=[32, 205, 153, 179, 162, 68, 245, 218]","@module":"flavor::psp::format_2025::operations","@pid":6368,"@timestamp":"2026-03-31T20:27:12.519037Z"}
{"@file":"src/psp/format_2025/operations.rs","@level":"debug","@line":37,"@message":"✅ Operations packed: result=15777592335150992672","@module":"flavor::psp::format_2025::operations","@pid":6368,"@timestamp":"2026-03-31T20:27:12.519055Z"}
{"@file":"src/psp/format_2025/operations.rs","@level":"debug","@line":60,"@message":"✅ Operations unpacked: count=8 operations=[32, 205, 153, 179, 162, 68, 245, 218]","@module":"flavor::psp::format_2025::operations","@pid":6368,"@timestamp":"2026-03-31T20:27:12.519072Z"}
{"@file":"src/psp/format_2025/operations.rs","@level":"debug","@line":60,"@message":"✅ Operations unpacked: count=8 operations=[198, 254, 233, 197, 9, 29, 236, 213]","@module":"flavor::psp::format_2025::operations","@pid":6368,"@timestamp":"2026-03-31T20:27:12.519116Z"}
{"@file":"src/psp/format_2025/operations.rs","@level":"debug","@line":37,"@message":"✅ Operations packed: result=15414727552394723014","@module":"flavor::psp::format_2025::operations","@pid":6368,"@timestamp":"2026-03-31T20:27:12.519134Z"}
{"@file":"src/psp/format_2025/operations.rs","@level":"debug","@line":60,"@message":"✅ Operations unpacked: count=8 operations=[198, 254, 233, 197, 9, 29, 236, 213]","@module":"flavor::psp::format_2025::operations","@pid":6368,"@timestamp":"2026-03-31T20:27:12.519150Z"}
{"@file":"src/psp/format_2025/operations.rs","@level":"debug","@line":60,"@message":"✅ Operations unpacked: count=8 operations=[63, 106, 91, 18, 28, 28, 204, 85]","@module":"flavor::psp::format_2025::operations","@pid":6368,"@timestamp":"2026-03-31T20:27:12.519195Z"}
{"@file":"src/psp/format_2025/operations.rs","@level":"debug","@line":37,"@message":"✅ Operations packed: result=6182347295365491263","@module":"flavor::psp::format_2025::operations","@pid":6368,"@timestamp":"2026-03-31T20:27:12.519213Z"}
{"@file":"src/psp/format_2025/operations.rs","@level":"debug","@line":60,"@message":"✅ Operations unpacked: count=8 operations=[63, 106, 91, 18, 28, 28, 204, 85]","@module":"flavor::psp::format_2025::operations","@pid":6368,"@timestamp":"2026-03-31T20:27:12.519230Z"}
test psp::format_2025::operations::tests::prop_unpack_pack_idempotent ... ok

test result: ok. 109 passed; 0 failed; 0 ignored; 0 measured; 0 filtered out; finished in 0.04s

     Running `/private/var/folders/sg/wy47gw996f78fznt898m8x540000gn/T/cargo-mutants-flavor-rs-AJnnRY.tmp/target/debug/deps/flavor_rs_builder-8b703e7e9be23f48`

running 0 tests

test result: ok. 0 passed; 0 failed; 0 ignored; 0 measured; 0 filtered out; finished in 0.00s

     Running `/private/var/folders/sg/wy47gw996f78fznt898m8x540000gn/T/cargo-mutants-flavor-rs-AJnnRY.tmp/target/debug/deps/flavor_rs_launcher-30d5c8f9cc0f7e8a`

running 0 tests

test result: ok. 0 passed; 0 failed; 0 ignored; 0 measured; 0 filtered out; finished in 0.00s

   Doc-tests flavor
     Running `/Users/tim/.rustup/toolchains/stable-aarch64-apple-darwin/bin/rustdoc --edition=2024 --crate-type lib --color auto --crate-name flavor --test src/lib.rs --test-run-directory /private/var/folders/sg/wy47gw996f78fznt898m8x540000gn/T/cargo-mutants-flavor-rs-AJnnRY.tmp --extern adler2=/private/var/folders/sg/wy47gw996f78fznt898m8x540000gn/T/cargo-mutants-flavor-rs-AJnnRY.tmp/target/debug/deps/libadler2-1237be17f08066aa.rlib --extern anyhow=/private/var/folders/sg/wy47gw996f78fznt898m8x540000gn/T/cargo-mutants-flavor-rs-AJnnRY.tmp/target/debug/deps/libanyhow-d9b6d410a1361442.rlib --extern chrono=/private/var/folders/sg/wy47gw996f78fznt898m8x540000gn/T/cargo-mutants-flavor-rs-AJnnRY.tmp/target/debug/deps/libchrono-b7affcfd136ee226.rlib --extern clap=/private/var/folders/sg/wy47gw996f78fznt898m8x540000gn/T/cargo-mutants-flavor-rs-AJnnRY.tmp/target/debug/deps/libclap-c2746911242c53dc.rlib --extern ed25519_dalek=/private/var/folders/sg/wy47gw996f78fznt898m8x540000gn/T/cargo-mutants-flavor-rs-AJnnRY.tmp/target/debug/deps/libed25519_dalek-42293ea3dc57f31c.rlib --extern env_logger=/private/var/folders/sg/wy47gw996f78fznt898m8x540000gn/T/cargo-mutants-flavor-rs-AJnnRY.tmp/target/debug/deps/libenv_logger-75173f29843c9a52.rlib --extern flate2=/private/var/folders/sg/wy47gw996f78fznt898m8x540000gn/T/cargo-mutants-flavor-rs-AJnnRY.tmp/target/debug/deps/libflate2-96cd3d855b9115ec.rlib --extern flavor=/private/var/folders/sg/wy47gw996f78fznt898m8x540000gn/T/cargo-mutants-flavor-rs-AJnnRY.tmp/target/debug/deps/libflavor-88d82f8937f7a117.rlib --extern fs2=/private/var/folders/sg/wy47gw996f78fznt898m8x540000gn/T/cargo-mutants-flavor-rs-AJnnRY.tmp/target/debug/deps/libfs2-71900ee401453af8.rlib --extern gethostname=/private/var/folders/sg/wy47gw996f78fznt898m8x540000gn/T/cargo-mutants-flavor-rs-AJnnRY.tmp/target/debug/deps/libgethostname-e6576ba3912663df.rlib --extern glob=/private/var/folders/sg/wy47gw996f78fznt898m8x540000gn/T/cargo-mutants-flavor-rs-AJnnRY.tmp/target/debug/deps/libglob-56daeb017c976e69.rlib --extern hex=/private/var/folders/sg/wy47gw996f78fznt898m8x540000gn/T/cargo-mutants-flavor-rs-AJnnRY.tmp/target/debug/deps/libhex-6a16846156d7c862.rlib --extern libc=/private/var/folders/sg/wy47gw996f78fznt898m8x540000gn/T/cargo-mutants-flavor-rs-AJnnRY.tmp/target/debug/deps/liblibc-26979bb06dae4666.rlib --extern log=/private/var/folders/sg/wy47gw996f78fznt898m8x540000gn/T/cargo-mutants-flavor-rs-AJnnRY.tmp/target/debug/deps/liblog-8a7d20b8c005bc83.rlib --extern memmap2=/private/var/folders/sg/wy47gw996f78fznt898m8x540000gn/T/cargo-mutants-flavor-rs-AJnnRY.tmp/target/debug/deps/libmemmap2-413e3a480d8f5878.rlib --extern pem=/private/var/folders/sg/wy47gw996f78fznt898m8x540000gn/T/cargo-mutants-flavor-rs-AJnnRY.tmp/target/debug/deps/libpem-baee24606d736ef7.rlib --extern proptest=/private/var/folders/sg/wy47gw996f78fznt898m8x540000gn/T/cargo-mutants-flavor-rs-AJnnRY.tmp/target/debug/deps/libproptest-387450d3dcbd40ff.rlib --extern rand=/private/var/folders/sg/wy47gw996f78fznt898m8x540000gn/T/cargo-mutants-flavor-rs-AJnnRY.tmp/target/debug/deps/librand-a25bcd883a2e2285.rlib --extern serde=/private/var/folders/sg/wy47gw996f78fznt898m8x540000gn/T/cargo-mutants-flavor-rs-AJnnRY.tmp/target/debug/deps/libserde-02be1dd65d3ef57a.rlib --extern serde_json=/private/var/folders/sg/wy47gw996f78fznt898m8x540000gn/T/cargo-mutants-flavor-rs-AJnnRY.tmp/target/debug/deps/libserde_json-469eaea1fff499db.rlib --extern sha2=/private/var/folders/sg/wy47gw996f78fznt898m8x540000gn/T/cargo-mutants-flavor-rs-AJnnRY.tmp/target/debug/deps/libsha2-28b9a530c85e9fef.rlib --extern signal_hook=/private/var/folders/sg/wy47gw996f78fznt898m8x540000gn/T/cargo-mutants-flavor-rs-AJnnRY.tmp/target/debug/deps/libsignal_hook-0a34b12e866764fc.rlib --extern tar=/private/var/folders/sg/wy47gw996f78fznt898m8x540000gn/T/cargo-mutants-flavor-rs-AJnnRY.tmp/target/debug/deps/libtar-9468371f38505d5a.rlib --extern tempfile=/private/var/folders/sg/wy47gw996f78fznt898m8x540000gn/T/cargo-mutants-flavor-rs-AJnnRY.tmp/target/debug/deps/libtempfile-f67b0e214d8dd2e3.rlib --extern which=/private/var/folders/sg/wy47gw996f78fznt898m8x540000gn/T/cargo-mutants-flavor-rs-AJnnRY.tmp/target/debug/deps/libwhich-a2a3c9536beaf592.rlib -L dependency=/private/var/folders/sg/wy47gw996f78fznt898m8x540000gn/T/cargo-mutants-flavor-rs-AJnnRY.tmp/target/debug/deps -C embed-bitcode=no --cfg 'feature="default"' --check-cfg 'cfg(docsrs,test)' --check-cfg 'cfg(feature, values("default"))' --error-format human`

running 0 tests

test result: ok. 0 passed; 0 failed; 0 ignored; 0 measured; 0 filtered out; finished in 0.00s


*** result: Success
