
*** src/psp/format_2025/backends.rs:434:24: replace > with == in <impl Backend for HybridBackend>::read_at

*** mutation diff:
--- src/psp/format_2025/backends.rs
+++ replace > with == in <impl Backend for HybridBackend>::read_at
@@ -426,17 +426,17 @@
     fn close(&mut self) -> Result<()> {
         self.header_mmap = None;
         self.file = None;
         self.path = None;
         Ok(())
     }
 
     fn read_at(&mut self, offset: u64, size: usize) -> Result<Vec<u8>> {
-        if size as u64 > MAX_SLOT_SIZE {
+        if size as u64 == /* ~ changed by cargo-mutants ~ */ MAX_SLOT_SIZE {
             return Err(FlavorError::Generic(format!(
                 "Read size {} exceeds maximum allowed ({} bytes)",
                 size, MAX_SLOT_SIZE
             )));
         }
         // Use safe file I/O for all operations
         if let Some(file) = &mut self.file {
             file.seek(SeekFrom::Start(offset))


*** /Users/tim/.rustup/toolchains/stable-aarch64-apple-darwin/bin/cargo test --no-run --verbose --package=flavor@0.3.21 --all-features
       Fresh cfg-if v1.0.4
       Fresh bitflags v2.11.0
       Fresh version_check v0.9.5
       Fresh unicode-ident v1.0.24
       Fresh memchr v2.8.0
       Fresh autocfg v1.5.0
       Fresh utf8parse v0.2.2
       Fresh semver v1.0.27
       Fresh regex-syntax v0.8.10
       Fresh anstyle v1.0.14
       Fresh anstyle-query v1.1.5
       Fresh is_terminal_polyfill v1.70.2
       Fresh colorchoice v1.0.5
       Fresh libc v0.2.183
       Fresh aho-corasick v1.1.4
       Fresh rustc_version v0.4.1
       Fresh anstyle-parse v1.0.0
       Fresh once_cell v1.21.4
       Fresh fastrand v2.3.0
       Fresh simd-adler32 v0.3.9
       Fresh core-foundation-sys v0.8.7
       Fresh signature v2.2.0
       Fresh subtle v2.6.1
       Fresh errno v0.3.14
       Fresh typenum v1.19.0
       Fresh proc-macro2 v1.0.106
       Fresh zerocopy v0.8.48
       Fresh getrandom v0.3.4
       Fresh regex-automata v0.4.14
       Fresh anstream v1.0.0
       Fresh getrandom v0.4.2
       Fresh getrandom v0.2.17
       Fresh serde_core v1.0.228
       Fresh cpufeatures v0.2.17
       Fresh strsim v0.11.1
       Fresh heck v0.5.0
       Fresh clap_lex v1.1.0
       Fresh log v0.4.29
       Fresh adler2 v2.0.1
       Fresh zeroize v1.8.2
       Fresh ed25519 v2.2.3
       Fresh iana-time-zone v0.1.65
       Fresh generic-array v0.14.7
       Fresh rustix v1.1.4
       Fresh quote v1.0.45
       Fresh ppv-lite86 v0.2.21
       Fresh rand_core v0.9.5
       Fresh regex v1.12.3
       Fresh rustix v0.38.44
       Fresh rand_core v0.6.4
       Fresh num-traits v0.2.19
       Fresh miniz_oxide v0.8.9
       Fresh signal-hook-registry v1.4.8
       Fresh clap_builder v4.6.0
       Fresh crc32fast v1.5.0
       Fresh wait-timeout v0.2.1
       Fresh zmij v1.0.21
       Fresh filetime v0.2.27
       Fresh jiff v0.2.23
       Fresh quick-error v1.2.3
       Fresh bit-vec v0.8.0
       Fresh fnv v1.0.7
       Fresh crypto-common v0.1.7
       Fresh block-buffer v0.10.4
       Fresh syn v2.0.117
       Fresh tempfile v3.27.0
       Fresh rand_chacha v0.3.1
       Fresh env_filter v1.0.1
       Fresh xattr v1.6.1
       Fresh home v0.5.11
       Fresh itoa v1.0.18
       Fresh either v1.15.0
       Fresh base64 v0.22.1
       Fresh flate2 v1.1.9
       Fresh chrono v0.4.44
       Dirty flavor v0.3.21 (/private/var/folders/sg/wy47gw996f78fznt898m8x540000gn/T/cargo-mutants-flavor-rs-AJnnRY.tmp): the file `../../VERSION` is missing
   Compiling flavor v0.3.21 (/private/var/folders/sg/wy47gw996f78fznt898m8x540000gn/T/cargo-mutants-flavor-rs-AJnnRY.tmp)
       Fresh bit-set v0.8.0
       Fresh anyhow v1.0.102
       Fresh rand_chacha v0.9.0
       Fresh gethostname v0.5.0
       Fresh rand v0.9.2
       Fresh rand_xorshift v0.4.0
       Fresh signal-hook v0.3.18
       Fresh fs2 v0.4.3
       Fresh memmap2 v0.9.10
       Fresh hex v0.4.3
       Fresh unarray v0.1.4
     Running `/private/var/folders/sg/wy47gw996f78fznt898m8x540000gn/T/cargo-mutants-flavor-rs-AJnnRY.tmp/target/debug/build/flavor-d6cea4267b429fe1/build-script-build`
       Fresh digest v0.10.7
       Fresh clap_derive v4.6.0
       Fresh serde_derive v1.0.228
       Fresh serde_json v1.0.149
       Fresh rand v0.8.5
       Fresh pem v3.0.6
       Fresh env_logger v0.11.10
       Fresh rusty-fork v0.3.1
       Fresh tar v0.4.45
       Fresh which v6.0.3
       Fresh glob v0.3.3
       Fresh sha2 v0.10.9
       Fresh curve25519-dalek v4.1.3
       Fresh clap v4.6.0
       Fresh serde v1.0.228
       Fresh proptest v1.11.0
       Fresh ed25519-dalek v2.2.0
     Running `/Users/tim/.rustup/toolchains/stable-aarch64-apple-darwin/bin/rustc --crate-name flavor --edition=2024 src/lib.rs --error-format=json --json=diagnostic-rendered-ansi,artifacts,future-incompat --crate-type lib --emit=dep-info,metadata,link -C embed-bitcode=no -C debuginfo=2 -C split-debuginfo=unpacked --cfg 'feature="default"' --check-cfg 'cfg(docsrs,test)' --check-cfg 'cfg(feature, values("default"))' -C metadata=638a3856e0fcd0df -C extra-filename=-88d82f8937f7a117 --out-dir /private/var/folders/sg/wy47gw996f78fznt898m8x540000gn/T/cargo-mutants-flavor-rs-AJnnRY.tmp/target/debug/deps -C incremental=/private/var/folders/sg/wy47gw996f78fznt898m8x540000gn/T/cargo-mutants-flavor-rs-AJnnRY.tmp/target/debug/incremental -L dependency=/private/var/folders/sg/wy47gw996f78fznt898m8x540000gn/T/cargo-mutants-flavor-rs-AJnnRY.tmp/target/debug/deps --extern adler2=/private/var/folders/sg/wy47gw996f78fznt898m8x540000gn/T/cargo-mutants-flavor-rs-AJnnRY.tmp/target/debug/deps/libadler2-1237be17f08066aa.rmeta --extern anyhow=/private/var/folders/sg/wy47gw996f78fznt898m8x540000gn/T/cargo-mutants-flavor-rs-AJnnRY.tmp/target/debug/deps/libanyhow-d9b6d410a1361442.rmeta --extern chrono=/private/var/folders/sg/wy47gw996f78fznt898m8x540000gn/T/cargo-mutants-flavor-rs-AJnnRY.tmp/target/debug/deps/libchrono-b7affcfd136ee226.rmeta --extern clap=/private/var/folders/sg/wy47gw996f78fznt898m8x540000gn/T/cargo-mutants-flavor-rs-AJnnRY.tmp/target/debug/deps/libclap-c2746911242c53dc.rmeta --extern ed25519_dalek=/private/var/folders/sg/wy47gw996f78fznt898m8x540000gn/T/cargo-mutants-flavor-rs-AJnnRY.tmp/target/debug/deps/libed25519_dalek-42293ea3dc57f31c.rmeta --extern env_logger=/private/var/folders/sg/wy47gw996f78fznt898m8x540000gn/T/cargo-mutants-flavor-rs-AJnnRY.tmp/target/debug/deps/libenv_logger-75173f29843c9a52.rmeta --extern flate2=/private/var/folders/sg/wy47gw996f78fznt898m8x540000gn/T/cargo-mutants-flavor-rs-AJnnRY.tmp/target/debug/deps/libflate2-96cd3d855b9115ec.rmeta --extern fs2=/private/var/folders/sg/wy47gw996f78fznt898m8x540000gn/T/cargo-mutants-flavor-rs-AJnnRY.tmp/target/debug/deps/libfs2-71900ee401453af8.rmeta --extern gethostname=/private/var/folders/sg/wy47gw996f78fznt898m8x540000gn/T/cargo-mutants-flavor-rs-AJnnRY.tmp/target/debug/deps/libgethostname-e6576ba3912663df.rmeta --extern glob=/private/var/folders/sg/wy47gw996f78fznt898m8x540000gn/T/cargo-mutants-flavor-rs-AJnnRY.tmp/target/debug/deps/libglob-56daeb017c976e69.rmeta --extern hex=/private/var/folders/sg/wy47gw996f78fznt898m8x540000gn/T/cargo-mutants-flavor-rs-AJnnRY.tmp/target/debug/deps/libhex-6a16846156d7c862.rmeta --extern libc=/private/var/folders/sg/wy47gw996f78fznt898m8x540000gn/T/cargo-mutants-flavor-rs-AJnnRY.tmp/target/debug/deps/liblibc-26979bb06dae4666.rmeta --extern log=/private/var/folders/sg/wy47gw996f78fznt898m8x540000gn/T/cargo-mutants-flavor-rs-AJnnRY.tmp/target/debug/deps/liblog-8a7d20b8c005bc83.rmeta --extern memmap2=/private/var/folders/sg/wy47gw996f78fznt898m8x540000gn/T/cargo-mutants-flavor-rs-AJnnRY.tmp/target/debug/deps/libmemmap2-413e3a480d8f5878.rmeta --extern pem=/private/var/folders/sg/wy47gw996f78fznt898m8x540000gn/T/cargo-mutants-flavor-rs-AJnnRY.tmp/target/debug/deps/libpem-baee24606d736ef7.rmeta --extern rand=/private/var/folders/sg/wy47gw996f78fznt898m8x540000gn/T/cargo-mutants-flavor-rs-AJnnRY.tmp/target/debug/deps/librand-a25bcd883a2e2285.rmeta --extern serde=/private/var/folders/sg/wy47gw996f78fznt898m8x540000gn/T/cargo-mutants-flavor-rs-AJnnRY.tmp/target/debug/deps/libserde-02be1dd65d3ef57a.rmeta --extern serde_json=/private/var/folders/sg/wy47gw996f78fznt898m8x540000gn/T/cargo-mutants-flavor-rs-AJnnRY.tmp/target/debug/deps/libserde_json-469eaea1fff499db.rmeta --extern sha2=/private/var/folders/sg/wy47gw996f78fznt898m8x540000gn/T/cargo-mutants-flavor-rs-AJnnRY.tmp/target/debug/deps/libsha2-28b9a530c85e9fef.rmeta --extern signal_hook=/private/var/folders/sg/wy47gw996f78fznt898m8x540000gn/T/cargo-mutants-flavor-rs-AJnnRY.tmp/target/debug/deps/libsignal_hook-0a34b12e866764fc.rmeta --extern tar=/private/var/folders/sg/wy47gw996f78fznt898m8x540000gn/T/cargo-mutants-flavor-rs-AJnnRY.tmp/target/debug/deps/libtar-9468371f38505d5a.rmeta --extern tempfile=/private/var/folders/sg/wy47gw996f78fznt898m8x540000gn/T/cargo-mutants-flavor-rs-AJnnRY.tmp/target/debug/deps/libtempfile-f67b0e214d8dd2e3.rmeta --extern which=/private/var/folders/sg/wy47gw996f78fznt898m8x540000gn/T/cargo-mutants-flavor-rs-AJnnRY.tmp/target/debug/deps/libwhich-a2a3c9536beaf592.rmeta`
     Running `/Users/tim/.rustup/toolchains/stable-aarch64-apple-darwin/bin/rustc --crate-name flavor --edition=2024 src/lib.rs --error-format=json --json=diagnostic-rendered-ansi,artifacts,future-incompat --emit=dep-info,link -C embed-bitcode=no -C debuginfo=2 -C split-debuginfo=unpacked --test --cfg 'feature="default"' --check-cfg 'cfg(docsrs,test)' --check-cfg 'cfg(feature, values("default"))' -C metadata=b72348e8a9d7df2e -C extra-filename=-19035fd48ff337ba --out-dir /private/var/folders/sg/wy47gw996f78fznt898m8x540000gn/T/cargo-mutants-flavor-rs-AJnnRY.tmp/target/debug/deps -C incremental=/private/var/folders/sg/wy47gw996f78fznt898m8x540000gn/T/cargo-mutants-flavor-rs-AJnnRY.tmp/target/debug/incremental -L dependency=/private/var/folders/sg/wy47gw996f78fznt898m8x540000gn/T/cargo-mutants-flavor-rs-AJnnRY.tmp/target/debug/deps --extern adler2=/private/var/folders/sg/wy47gw996f78fznt898m8x540000gn/T/cargo-mutants-flavor-rs-AJnnRY.tmp/target/debug/deps/libadler2-1237be17f08066aa.rlib --extern anyhow=/private/var/folders/sg/wy47gw996f78fznt898m8x540000gn/T/cargo-mutants-flavor-rs-AJnnRY.tmp/target/debug/deps/libanyhow-d9b6d410a1361442.rlib --extern chrono=/private/var/folders/sg/wy47gw996f78fznt898m8x540000gn/T/cargo-mutants-flavor-rs-AJnnRY.tmp/target/debug/deps/libchrono-b7affcfd136ee226.rlib --extern clap=/private/var/folders/sg/wy47gw996f78fznt898m8x540000gn/T/cargo-mutants-flavor-rs-AJnnRY.tmp/target/debug/deps/libclap-c2746911242c53dc.rlib --extern ed25519_dalek=/private/var/folders/sg/wy47gw996f78fznt898m8x540000gn/T/cargo-mutants-flavor-rs-AJnnRY.tmp/target/debug/deps/libed25519_dalek-42293ea3dc57f31c.rlib --extern env_logger=/private/var/folders/sg/wy47gw996f78fznt898m8x540000gn/T/cargo-mutants-flavor-rs-AJnnRY.tmp/target/debug/deps/libenv_logger-75173f29843c9a52.rlib --extern flate2=/private/var/folders/sg/wy47gw996f78fznt898m8x540000gn/T/cargo-mutants-flavor-rs-AJnnRY.tmp/target/debug/deps/libflate2-96cd3d855b9115ec.rlib --extern fs2=/private/var/folders/sg/wy47gw996f78fznt898m8x540000gn/T/cargo-mutants-flavor-rs-AJnnRY.tmp/target/debug/deps/libfs2-71900ee401453af8.rlib --extern gethostname=/private/var/folders/sg/wy47gw996f78fznt898m8x540000gn/T/cargo-mutants-flavor-rs-AJnnRY.tmp/target/debug/deps/libgethostname-e6576ba3912663df.rlib --extern glob=/private/var/folders/sg/wy47gw996f78fznt898m8x540000gn/T/cargo-mutants-flavor-rs-AJnnRY.tmp/target/debug/deps/libglob-56daeb017c976e69.rlib --extern hex=/private/var/folders/sg/wy47gw996f78fznt898m8x540000gn/T/cargo-mutants-flavor-rs-AJnnRY.tmp/target/debug/deps/libhex-6a16846156d7c862.rlib --extern libc=/private/var/folders/sg/wy47gw996f78fznt898m8x540000gn/T/cargo-mutants-flavor-rs-AJnnRY.tmp/target/debug/deps/liblibc-26979bb06dae4666.rlib --extern log=/private/var/folders/sg/wy47gw996f78fznt898m8x540000gn/T/cargo-mutants-flavor-rs-AJnnRY.tmp/target/debug/deps/liblog-8a7d20b8c005bc83.rlib --extern memmap2=/private/var/folders/sg/wy47gw996f78fznt898m8x540000gn/T/cargo-mutants-flavor-rs-AJnnRY.tmp/target/debug/deps/libmemmap2-413e3a480d8f5878.rlib --extern pem=/private/var/folders/sg/wy47gw996f78fznt898m8x540000gn/T/cargo-mutants-flavor-rs-AJnnRY.tmp/target/debug/deps/libpem-baee24606d736ef7.rlib --extern proptest=/private/var/folders/sg/wy47gw996f78fznt898m8x540000gn/T/cargo-mutants-flavor-rs-AJnnRY.tmp/target/debug/deps/libproptest-387450d3dcbd40ff.rlib --extern rand=/private/var/folders/sg/wy47gw996f78fznt898m8x540000gn/T/cargo-mutants-flavor-rs-AJnnRY.tmp/target/debug/deps/librand-a25bcd883a2e2285.rlib --extern serde=/private/var/folders/sg/wy47gw996f78fznt898m8x540000gn/T/cargo-mutants-flavor-rs-AJnnRY.tmp/target/debug/deps/libserde-02be1dd65d3ef57a.rlib --extern serde_json=/private/var/folders/sg/wy47gw996f78fznt898m8x540000gn/T/cargo-mutants-flavor-rs-AJnnRY.tmp/target/debug/deps/libserde_json-469eaea1fff499db.rlib --extern sha2=/private/var/folders/sg/wy47gw996f78fznt898m8x540000gn/T/cargo-mutants-flavor-rs-AJnnRY.tmp/target/debug/deps/libsha2-28b9a530c85e9fef.rlib --extern signal_hook=/private/var/folders/sg/wy47gw996f78fznt898m8x540000gn/T/cargo-mutants-flavor-rs-AJnnRY.tmp/target/debug/deps/libsignal_hook-0a34b12e866764fc.rlib --extern tar=/private/var/folders/sg/wy47gw996f78fznt898m8x540000gn/T/cargo-mutants-flavor-rs-AJnnRY.tmp/target/debug/deps/libtar-9468371f38505d5a.rlib --extern tempfile=/private/var/folders/sg/wy47gw996f78fznt898m8x540000gn/T/cargo-mutants-flavor-rs-AJnnRY.tmp/target/debug/deps/libtempfile-f67b0e214d8dd2e3.rlib --extern which=/private/var/folders/sg/wy47gw996f78fznt898m8x540000gn/T/cargo-mutants-flavor-rs-AJnnRY.tmp/target/debug/deps/libwhich-a2a3c9536beaf592.rlib`
     Running `/Users/tim/.rustup/toolchains/stable-aarch64-apple-darwin/bin/rustc --crate-name flavor_rs_builder --edition=2024 src/bin/flavor-rs-builder.rs --error-format=json --json=diagnostic-rendered-ansi,artifacts,future-incompat --emit=dep-info,link -C embed-bitcode=no -C debuginfo=2 -C split-debuginfo=unpacked --test --cfg 'feature="default"' --check-cfg 'cfg(docsrs,test)' --check-cfg 'cfg(feature, values("default"))' -C metadata=069fa1d69c2b4683 -C extra-filename=-8b703e7e9be23f48 --out-dir /private/var/folders/sg/wy47gw996f78fznt898m8x540000gn/T/cargo-mutants-flavor-rs-AJnnRY.tmp/target/debug/deps -C incremental=/private/var/folders/sg/wy47gw996f78fznt898m8x540000gn/T/cargo-mutants-flavor-rs-AJnnRY.tmp/target/debug/incremental -L dependency=/private/var/folders/sg/wy47gw996f78fznt898m8x540000gn/T/cargo-mutants-flavor-rs-AJnnRY.tmp/target/debug/deps --extern adler2=/private/var/folders/sg/wy47gw996f78fznt898m8x540000gn/T/cargo-mutants-flavor-rs-AJnnRY.tmp/target/debug/deps/libadler2-1237be17f08066aa.rlib --extern anyhow=/private/var/folders/sg/wy47gw996f78fznt898m8x540000gn/T/cargo-mutants-flavor-rs-AJnnRY.tmp/target/debug/deps/libanyhow-d9b6d410a1361442.rlib --extern chrono=/private/var/folders/sg/wy47gw996f78fznt898m8x540000gn/T/cargo-mutants-flavor-rs-AJnnRY.tmp/target/debug/deps/libchrono-b7affcfd136ee226.rlib --extern clap=/private/var/folders/sg/wy47gw996f78fznt898m8x540000gn/T/cargo-mutants-flavor-rs-AJnnRY.tmp/target/debug/deps/libclap-c2746911242c53dc.rlib --extern ed25519_dalek=/private/var/folders/sg/wy47gw996f78fznt898m8x540000gn/T/cargo-mutants-flavor-rs-AJnnRY.tmp/target/debug/deps/libed25519_dalek-42293ea3dc57f31c.rlib --extern env_logger=/private/var/folders/sg/wy47gw996f78fznt898m8x540000gn/T/cargo-mutants-flavor-rs-AJnnRY.tmp/target/debug/deps/libenv_logger-75173f29843c9a52.rlib --extern flate2=/private/var/folders/sg/wy47gw996f78fznt898m8x540000gn/T/cargo-mutants-flavor-rs-AJnnRY.tmp/target/debug/deps/libflate2-96cd3d855b9115ec.rlib --extern flavor=/private/var/folders/sg/wy47gw996f78fznt898m8x540000gn/T/cargo-mutants-flavor-rs-AJnnRY.tmp/target/debug/deps/libflavor-88d82f8937f7a117.rlib --extern fs2=/private/var/folders/sg/wy47gw996f78fznt898m8x540000gn/T/cargo-mutants-flavor-rs-AJnnRY.tmp/target/debug/deps/libfs2-71900ee401453af8.rlib --extern gethostname=/private/var/folders/sg/wy47gw996f78fznt898m8x540000gn/T/cargo-mutants-flavor-rs-AJnnRY.tmp/target/debug/deps/libgethostname-e6576ba3912663df.rlib --extern glob=/private/var/folders/sg/wy47gw996f78fznt898m8x540000gn/T/cargo-mutants-flavor-rs-AJnnRY.tmp/target/debug/deps/libglob-56daeb017c976e69.rlib --extern hex=/private/var/folders/sg/wy47gw996f78fznt898m8x540000gn/T/cargo-mutants-flavor-rs-AJnnRY.tmp/target/debug/deps/libhex-6a16846156d7c862.rlib --extern libc=/private/var/folders/sg/wy47gw996f78fznt898m8x540000gn/T/cargo-mutants-flavor-rs-AJnnRY.tmp/target/debug/deps/liblibc-26979bb06dae4666.rlib --extern log=/private/var/folders/sg/wy47gw996f78fznt898m8x540000gn/T/cargo-mutants-flavor-rs-AJnnRY.tmp/target/debug/deps/liblog-8a7d20b8c005bc83.rlib --extern memmap2=/private/var/folders/sg/wy47gw996f78fznt898m8x540000gn/T/cargo-mutants-flavor-rs-AJnnRY.tmp/target/debug/deps/libmemmap2-413e3a480d8f5878.rlib --extern pem=/private/var/folders/sg/wy47gw996f78fznt898m8x540000gn/T/cargo-mutants-flavor-rs-AJnnRY.tmp/target/debug/deps/libpem-baee24606d736ef7.rlib --extern proptest=/private/var/folders/sg/wy47gw996f78fznt898m8x540000gn/T/cargo-mutants-flavor-rs-AJnnRY.tmp/target/debug/deps/libproptest-387450d3dcbd40ff.rlib --extern rand=/private/var/folders/sg/wy47gw996f78fznt898m8x540000gn/T/cargo-mutants-flavor-rs-AJnnRY.tmp/target/debug/deps/librand-a25bcd883a2e2285.rlib --extern serde=/private/var/folders/sg/wy47gw996f78fznt898m8x540000gn/T/cargo-mutants-flavor-rs-AJnnRY.tmp/target/debug/deps/libserde-02be1dd65d3ef57a.rlib --extern serde_json=/private/var/folders/sg/wy47gw996f78fznt898m8x540000gn/T/cargo-mutants-flavor-rs-AJnnRY.tmp/target/debug/deps/libserde_json-469eaea1fff499db.rlib --extern sha2=/private/var/folders/sg/wy47gw996f78fznt898m8x540000gn/T/cargo-mutants-flavor-rs-AJnnRY.tmp/target/debug/deps/libsha2-28b9a530c85e9fef.rlib --extern signal_hook=/private/var/folders/sg/wy47gw996f78fznt898m8x540000gn/T/cargo-mutants-flavor-rs-AJnnRY.tmp/target/debug/deps/libsignal_hook-0a34b12e866764fc.rlib --extern tar=/private/var/folders/sg/wy47gw996f78fznt898m8x540000gn/T/cargo-mutants-flavor-rs-AJnnRY.tmp/target/debug/deps/libtar-9468371f38505d5a.rlib --extern tempfile=/private/var/folders/sg/wy47gw996f78fznt898m8x540000gn/T/cargo-mutants-flavor-rs-AJnnRY.tmp/target/debug/deps/libtempfile-f67b0e214d8dd2e3.rlib --extern which=/private/var/folders/sg/wy47gw996f78fznt898m8x540000gn/T/cargo-mutants-flavor-rs-AJnnRY.tmp/target/debug/deps/libwhich-a2a3c9536beaf592.rlib`
     Running `/Users/tim/.rustup/toolchains/stable-aarch64-apple-darwin/bin/rustc --crate-name flavor_rs_launcher --edition=2024 src/bin/flavor-rs-launcher.rs --error-format=json --json=diagnostic-rendered-ansi,artifacts,future-incompat --emit=dep-info,link -C embed-bitcode=no -C debuginfo=2 -C split-debuginfo=unpacked --test --cfg 'feature="default"' --check-cfg 'cfg(docsrs,test)' --check-cfg 'cfg(feature, values("default"))' -C metadata=1e86bd574fcae1c3 -C extra-filename=-30d5c8f9cc0f7e8a --out-dir /private/var/folders/sg/wy47gw996f78fznt898m8x540000gn/T/cargo-mutants-flavor-rs-AJnnRY.tmp/target/debug/deps -C incremental=/private/var/folders/sg/wy47gw996f78fznt898m8x540000gn/T/cargo-mutants-flavor-rs-AJnnRY.tmp/target/debug/incremental -L dependency=/private/var/folders/sg/wy47gw996f78fznt898m8x540000gn/T/cargo-mutants-flavor-rs-AJnnRY.tmp/target/debug/deps --extern adler2=/private/var/folders/sg/wy47gw996f78fznt898m8x540000gn/T/cargo-mutants-flavor-rs-AJnnRY.tmp/target/debug/deps/libadler2-1237be17f08066aa.rlib --extern anyhow=/private/var/folders/sg/wy47gw996f78fznt898m8x540000gn/T/cargo-mutants-flavor-rs-AJnnRY.tmp/target/debug/deps/libanyhow-d9b6d410a1361442.rlib --extern chrono=/private/var/folders/sg/wy47gw996f78fznt898m8x540000gn/T/cargo-mutants-flavor-rs-AJnnRY.tmp/target/debug/deps/libchrono-b7affcfd136ee226.rlib --extern clap=/private/var/folders/sg/wy47gw996f78fznt898m8x540000gn/T/cargo-mutants-flavor-rs-AJnnRY.tmp/target/debug/deps/libclap-c2746911242c53dc.rlib --extern ed25519_dalek=/private/var/folders/sg/wy47gw996f78fznt898m8x540000gn/T/cargo-mutants-flavor-rs-AJnnRY.tmp/target/debug/deps/libed25519_dalek-42293ea3dc57f31c.rlib --extern env_logger=/private/var/folders/sg/wy47gw996f78fznt898m8x540000gn/T/cargo-mutants-flavor-rs-AJnnRY.tmp/target/debug/deps/libenv_logger-75173f29843c9a52.rlib --extern flate2=/private/var/folders/sg/wy47gw996f78fznt898m8x540000gn/T/cargo-mutants-flavor-rs-AJnnRY.tmp/target/debug/deps/libflate2-96cd3d855b9115ec.rlib --extern flavor=/private/var/folders/sg/wy47gw996f78fznt898m8x540000gn/T/cargo-mutants-flavor-rs-AJnnRY.tmp/target/debug/deps/libflavor-88d82f8937f7a117.rlib --extern fs2=/private/var/folders/sg/wy47gw996f78fznt898m8x540000gn/T/cargo-mutants-flavor-rs-AJnnRY.tmp/target/debug/deps/libfs2-71900ee401453af8.rlib --extern gethostname=/private/var/folders/sg/wy47gw996f78fznt898m8x540000gn/T/cargo-mutants-flavor-rs-AJnnRY.tmp/target/debug/deps/libgethostname-e6576ba3912663df.rlib --extern glob=/private/var/folders/sg/wy47gw996f78fznt898m8x540000gn/T/cargo-mutants-flavor-rs-AJnnRY.tmp/target/debug/deps/libglob-56daeb017c976e69.rlib --extern hex=/private/var/folders/sg/wy47gw996f78fznt898m8x540000gn/T/cargo-mutants-flavor-rs-AJnnRY.tmp/target/debug/deps/libhex-6a16846156d7c862.rlib --extern libc=/private/var/folders/sg/wy47gw996f78fznt898m8x540000gn/T/cargo-mutants-flavor-rs-AJnnRY.tmp/target/debug/deps/liblibc-26979bb06dae4666.rlib --extern log=/private/var/folders/sg/wy47gw996f78fznt898m8x540000gn/T/cargo-mutants-flavor-rs-AJnnRY.tmp/target/debug/deps/liblog-8a7d20b8c005bc83.rlib --extern memmap2=/private/var/folders/sg/wy47gw996f78fznt898m8x540000gn/T/cargo-mutants-flavor-rs-AJnnRY.tmp/target/debug/deps/libmemmap2-413e3a480d8f5878.rlib --extern pem=/private/var/folders/sg/wy47gw996f78fznt898m8x540000gn/T/cargo-mutants-flavor-rs-AJnnRY.tmp/target/debug/deps/libpem-baee24606d736ef7.rlib --extern proptest=/private/var/folders/sg/wy47gw996f78fznt898m8x540000gn/T/cargo-mutants-flavor-rs-AJnnRY.tmp/target/debug/deps/libproptest-387450d3dcbd40ff.rlib --extern rand=/private/var/folders/sg/wy47gw996f78fznt898m8x540000gn/T/cargo-mutants-flavor-rs-AJnnRY.tmp/target/debug/deps/librand-a25bcd883a2e2285.rlib --extern serde=/private/var/folders/sg/wy47gw996f78fznt898m8x540000gn/T/cargo-mutants-flavor-rs-AJnnRY.tmp/target/debug/deps/libserde-02be1dd65d3ef57a.rlib --extern serde_json=/private/var/folders/sg/wy47gw996f78fznt898m8x540000gn/T/cargo-mutants-flavor-rs-AJnnRY.tmp/target/debug/deps/libserde_json-469eaea1fff499db.rlib --extern sha2=/private/var/folders/sg/wy47gw996f78fznt898m8x540000gn/T/cargo-mutants-flavor-rs-AJnnRY.tmp/target/debug/deps/libsha2-28b9a530c85e9fef.rlib --extern signal_hook=/private/var/folders/sg/wy47gw996f78fznt898m8x540000gn/T/cargo-mutants-flavor-rs-AJnnRY.tmp/target/debug/deps/libsignal_hook-0a34b12e866764fc.rlib --extern tar=/private/var/folders/sg/wy47gw996f78fznt898m8x540000gn/T/cargo-mutants-flavor-rs-AJnnRY.tmp/target/debug/deps/libtar-9468371f38505d5a.rlib --extern tempfile=/private/var/folders/sg/wy47gw996f78fznt898m8x540000gn/T/cargo-mutants-flavor-rs-AJnnRY.tmp/target/debug/deps/libtempfile-f67b0e214d8dd2e3.rlib --extern which=/private/var/folders/sg/wy47gw996f78fznt898m8x540000gn/T/cargo-mutants-flavor-rs-AJnnRY.tmp/target/debug/deps/libwhich-a2a3c9536beaf592.rlib`
    Finished `test` profile [unoptimized + debuginfo] target(s) in 1.44s
  Executable `/private/var/folders/sg/wy47gw996f78fznt898m8x540000gn/T/cargo-mutants-flavor-rs-AJnnRY.tmp/target/debug/deps/flavor-19035fd48ff337ba`
  Executable `/private/var/folders/sg/wy47gw996f78fznt898m8x540000gn/T/cargo-mutants-flavor-rs-AJnnRY.tmp/target/debug/deps/flavor_rs_builder-8b703e7e9be23f48`
  Executable `/private/var/folders/sg/wy47gw996f78fznt898m8x540000gn/T/cargo-mutants-flavor-rs-AJnnRY.tmp/target/debug/deps/flavor_rs_launcher-30d5c8f9cc0f7e8a`

*** result: Success

*** /Users/tim/.rustup/toolchains/stable-aarch64-apple-darwin/bin/cargo test --verbose --package=flavor@0.3.21 --all-features
       Fresh cfg-if v1.0.4
       Fresh bitflags v2.11.0
       Fresh version_check v0.9.5
       Fresh unicode-ident v1.0.24
       Fresh memchr v2.8.0
       Fresh autocfg v1.5.0
       Fresh semver v1.0.27
       Fresh utf8parse v0.2.2
       Fresh regex-syntax v0.8.10
       Fresh is_terminal_polyfill v1.70.2
       Fresh anstyle-query v1.1.5
       Fresh anstyle v1.0.14
       Fresh colorchoice v1.0.5
       Fresh libc v0.2.183
       Fresh rustc_version v0.4.1
       Fresh anstyle-parse v1.0.0
       Fresh aho-corasick v1.1.4
       Fresh fastrand v2.3.0
       Fresh once_cell v1.21.4
       Fresh clap_lex v1.1.0
       Fresh core-foundation-sys v0.8.7
       Fresh log v0.4.29
       Fresh subtle v2.6.1
       Fresh errno v0.3.14
       Fresh typenum v1.19.0
       Fresh proc-macro2 v1.0.106
       Fresh zerocopy v0.8.48
       Fresh getrandom v0.3.4
       Fresh getrandom v0.4.2
       Fresh getrandom v0.2.17
       Fresh anstream v1.0.0
       Fresh regex-automata v0.4.14
       Fresh serde_core v1.0.228
       Fresh cpufeatures v0.2.17
       Fresh strsim v0.11.1
       Fresh heck v0.5.0
       Fresh simd-adler32 v0.3.9
       Fresh adler2 v2.0.1
       Fresh signature v2.2.0
       Fresh zeroize v1.8.2
       Fresh filetime v0.2.27
       Fresh generic-array v0.14.7
       Fresh rustix v1.1.4
       Fresh quote v1.0.45
       Fresh ppv-lite86 v0.2.21
       Fresh rand_core v0.9.5
       Fresh rand_core v0.6.4
       Fresh regex v1.12.3
       Fresh num-traits v0.2.19
       Fresh rustix v0.38.44
       Fresh clap_builder v4.6.0
       Fresh miniz_oxide v0.8.9
       Fresh signal-hook-registry v1.4.8
       Fresh ed25519 v2.2.3
       Fresh wait-timeout v0.2.1
       Fresh zmij v1.0.21
       Fresh iana-time-zone v0.1.65
       Fresh crc32fast v1.5.0
       Fresh either v1.15.0
       Fresh bit-vec v0.8.0
       Fresh quick-error v1.2.3
       Fresh base64 v0.22.1
       Fresh block-buffer v0.10.4
       Fresh crypto-common v0.1.7
       Fresh syn v2.0.117
       Fresh tempfile v3.27.0
       Fresh rand_chacha v0.3.1
       Fresh env_filter v1.0.1
       Fresh xattr v1.6.1
       Fresh home v0.5.11
       Fresh itoa v1.0.18
       Fresh fnv v1.0.7
       Fresh jiff v0.2.23
       Fresh pem v3.0.6
       Fresh bit-set v0.8.0
       Fresh gethostname v0.5.0
       Dirty flavor v0.3.21 (/private/var/folders/sg/wy47gw996f78fznt898m8x540000gn/T/cargo-mutants-flavor-rs-AJnnRY.tmp): the file `../../VERSION` is missing
   Compiling flavor v0.3.21 (/private/var/folders/sg/wy47gw996f78fznt898m8x540000gn/T/cargo-mutants-flavor-rs-AJnnRY.tmp)
       Fresh flate2 v1.1.9
       Fresh signal-hook v0.3.18
       Fresh rand v0.9.2
       Fresh rand_chacha v0.9.0
       Fresh rand_xorshift v0.4.0
       Fresh chrono v0.4.44
       Fresh anyhow v1.0.102
       Fresh memmap2 v0.9.10
       Fresh fs2 v0.4.3
       Fresh hex v0.4.3
     Running `/private/var/folders/sg/wy47gw996f78fznt898m8x540000gn/T/cargo-mutants-flavor-rs-AJnnRY.tmp/target/debug/build/flavor-d6cea4267b429fe1/build-script-build`
       Fresh digest v0.10.7
       Fresh clap_derive v4.6.0
       Fresh serde_derive v1.0.228
       Fresh rusty-fork v0.3.1
       Fresh rand v0.8.5
       Fresh serde_json v1.0.149
       Fresh env_logger v0.11.10
       Fresh tar v0.4.45
       Fresh which v6.0.3
       Fresh glob v0.3.3
       Fresh unarray v0.1.4
       Fresh sha2 v0.10.9
       Fresh curve25519-dalek v4.1.3
       Fresh serde v1.0.228
       Fresh clap v4.6.0
       Fresh proptest v1.11.0
       Fresh ed25519-dalek v2.2.0
     Running `/Users/tim/.rustup/toolchains/stable-aarch64-apple-darwin/bin/rustc --crate-name flavor --edition=2024 src/lib.rs --error-format=json --json=diagnostic-rendered-ansi,artifacts,future-incompat --emit=dep-info,link -C embed-bitcode=no -C debuginfo=2 -C split-debuginfo=unpacked --test --cfg 'feature="default"' --check-cfg 'cfg(docsrs,test)' --check-cfg 'cfg(feature, values("default"))' -C metadata=b72348e8a9d7df2e -C extra-filename=-19035fd48ff337ba --out-dir /private/var/folders/sg/wy47gw996f78fznt898m8x540000gn/T/cargo-mutants-flavor-rs-AJnnRY.tmp/target/debug/deps -C incremental=/private/var/folders/sg/wy47gw996f78fznt898m8x540000gn/T/cargo-mutants-flavor-rs-AJnnRY.tmp/target/debug/incremental -L dependency=/private/var/folders/sg/wy47gw996f78fznt898m8x540000gn/T/cargo-mutants-flavor-rs-AJnnRY.tmp/target/debug/deps --extern adler2=/private/var/folders/sg/wy47gw996f78fznt898m8x540000gn/T/cargo-mutants-flavor-rs-AJnnRY.tmp/target/debug/deps/libadler2-1237be17f08066aa.rlib --extern anyhow=/private/var/folders/sg/wy47gw996f78fznt898m8x540000gn/T/cargo-mutants-flavor-rs-AJnnRY.tmp/target/debug/deps/libanyhow-d9b6d410a1361442.rlib --extern chrono=/private/var/folders/sg/wy47gw996f78fznt898m8x540000gn/T/cargo-mutants-flavor-rs-AJnnRY.tmp/target/debug/deps/libchrono-b7affcfd136ee226.rlib --extern clap=/private/var/folders/sg/wy47gw996f78fznt898m8x540000gn/T/cargo-mutants-flavor-rs-AJnnRY.tmp/target/debug/deps/libclap-c2746911242c53dc.rlib --extern ed25519_dalek=/private/var/folders/sg/wy47gw996f78fznt898m8x540000gn/T/cargo-mutants-flavor-rs-AJnnRY.tmp/target/debug/deps/libed25519_dalek-42293ea3dc57f31c.rlib --extern env_logger=/private/var/folders/sg/wy47gw996f78fznt898m8x540000gn/T/cargo-mutants-flavor-rs-AJnnRY.tmp/target/debug/deps/libenv_logger-75173f29843c9a52.rlib --extern flate2=/private/var/folders/sg/wy47gw996f78fznt898m8x540000gn/T/cargo-mutants-flavor-rs-AJnnRY.tmp/target/debug/deps/libflate2-96cd3d855b9115ec.rlib --extern fs2=/private/var/folders/sg/wy47gw996f78fznt898m8x540000gn/T/cargo-mutants-flavor-rs-AJnnRY.tmp/target/debug/deps/libfs2-71900ee401453af8.rlib --extern gethostname=/private/var/folders/sg/wy47gw996f78fznt898m8x540000gn/T/cargo-mutants-flavor-rs-AJnnRY.tmp/target/debug/deps/libgethostname-e6576ba3912663df.rlib --extern glob=/private/var/folders/sg/wy47gw996f78fznt898m8x540000gn/T/cargo-mutants-flavor-rs-AJnnRY.tmp/target/debug/deps/libglob-56daeb017c976e69.rlib --extern hex=/private/var/folders/sg/wy47gw996f78fznt898m8x540000gn/T/cargo-mutants-flavor-rs-AJnnRY.tmp/target/debug/deps/libhex-6a16846156d7c862.rlib --extern libc=/private/var/folders/sg/wy47gw996f78fznt898m8x540000gn/T/cargo-mutants-flavor-rs-AJnnRY.tmp/target/debug/deps/liblibc-26979bb06dae4666.rlib --extern log=/private/var/folders/sg/wy47gw996f78fznt898m8x540000gn/T/cargo-mutants-flavor-rs-AJnnRY.tmp/target/debug/deps/liblog-8a7d20b8c005bc83.rlib --extern memmap2=/private/var/folders/sg/wy47gw996f78fznt898m8x540000gn/T/cargo-mutants-flavor-rs-AJnnRY.tmp/target/debug/deps/libmemmap2-413e3a480d8f5878.rlib --extern pem=/private/var/folders/sg/wy47gw996f78fznt898m8x540000gn/T/cargo-mutants-flavor-rs-AJnnRY.tmp/target/debug/deps/libpem-baee24606d736ef7.rlib --extern proptest=/private/var/folders/sg/wy47gw996f78fznt898m8x540000gn/T/cargo-mutants-flavor-rs-AJnnRY.tmp/target/debug/deps/libproptest-387450d3dcbd40ff.rlib --extern rand=/private/var/folders/sg/wy47gw996f78fznt898m8x540000gn/T/cargo-mutants-flavor-rs-AJnnRY.tmp/target/debug/deps/librand-a25bcd883a2e2285.rlib --extern serde=/private/var/folders/sg/wy47gw996f78fznt898m8x540000gn/T/cargo-mutants-flavor-rs-AJnnRY.tmp/target/debug/deps/libserde-02be1dd65d3ef57a.rlib --extern serde_json=/private/var/folders/sg/wy47gw996f78fznt898m8x540000gn/T/cargo-mutants-flavor-rs-AJnnRY.tmp/target/debug/deps/libserde_json-469eaea1fff499db.rlib --extern sha2=/private/var/folders/sg/wy47gw996f78fznt898m8x540000gn/T/cargo-mutants-flavor-rs-AJnnRY.tmp/target/debug/deps/libsha2-28b9a530c85e9fef.rlib --extern signal_hook=/private/var/folders/sg/wy47gw996f78fznt898m8x540000gn/T/cargo-mutants-flavor-rs-AJnnRY.tmp/target/debug/deps/libsignal_hook-0a34b12e866764fc.rlib --extern tar=/private/var/folders/sg/wy47gw996f78fznt898m8x540000gn/T/cargo-mutants-flavor-rs-AJnnRY.tmp/target/debug/deps/libtar-9468371f38505d5a.rlib --extern tempfile=/private/var/folders/sg/wy47gw996f78fznt898m8x540000gn/T/cargo-mutants-flavor-rs-AJnnRY.tmp/target/debug/deps/libtempfile-f67b0e214d8dd2e3.rlib --extern which=/private/var/folders/sg/wy47gw996f78fznt898m8x540000gn/T/cargo-mutants-flavor-rs-AJnnRY.tmp/target/debug/deps/libwhich-a2a3c9536beaf592.rlib`
     Running `/Users/tim/.rustup/toolchains/stable-aarch64-apple-darwin/bin/rustc --crate-name flavor --edition=2024 src/lib.rs --error-format=json --json=diagnostic-rendered-ansi,artifacts,future-incompat --crate-type lib --emit=dep-info,metadata,link -C embed-bitcode=no -C debuginfo=2 -C split-debuginfo=unpacked --cfg 'feature="default"' --check-cfg 'cfg(docsrs,test)' --check-cfg 'cfg(feature, values("default"))' -C metadata=638a3856e0fcd0df -C extra-filename=-88d82f8937f7a117 --out-dir /private/var/folders/sg/wy47gw996f78fznt898m8x540000gn/T/cargo-mutants-flavor-rs-AJnnRY.tmp/target/debug/deps -C incremental=/private/var/folders/sg/wy47gw996f78fznt898m8x540000gn/T/cargo-mutants-flavor-rs-AJnnRY.tmp/target/debug/incremental -L dependency=/private/var/folders/sg/wy47gw996f78fznt898m8x540000gn/T/cargo-mutants-flavor-rs-AJnnRY.tmp/target/debug/deps --extern adler2=/private/var/folders/sg/wy47gw996f78fznt898m8x540000gn/T/cargo-mutants-flavor-rs-AJnnRY.tmp/target/debug/deps/libadler2-1237be17f08066aa.rmeta --extern anyhow=/private/var/folders/sg/wy47gw996f78fznt898m8x540000gn/T/cargo-mutants-flavor-rs-AJnnRY.tmp/target/debug/deps/libanyhow-d9b6d410a1361442.rmeta --extern chrono=/private/var/folders/sg/wy47gw996f78fznt898m8x540000gn/T/cargo-mutants-flavor-rs-AJnnRY.tmp/target/debug/deps/libchrono-b7affcfd136ee226.rmeta --extern clap=/private/var/folders/sg/wy47gw996f78fznt898m8x540000gn/T/cargo-mutants-flavor-rs-AJnnRY.tmp/target/debug/deps/libclap-c2746911242c53dc.rmeta --extern ed25519_dalek=/private/var/folders/sg/wy47gw996f78fznt898m8x540000gn/T/cargo-mutants-flavor-rs-AJnnRY.tmp/target/debug/deps/libed25519_dalek-42293ea3dc57f31c.rmeta --extern env_logger=/private/var/folders/sg/wy47gw996f78fznt898m8x540000gn/T/cargo-mutants-flavor-rs-AJnnRY.tmp/target/debug/deps/libenv_logger-75173f29843c9a52.rmeta --extern flate2=/private/var/folders/sg/wy47gw996f78fznt898m8x540000gn/T/cargo-mutants-flavor-rs-AJnnRY.tmp/target/debug/deps/libflate2-96cd3d855b9115ec.rmeta --extern fs2=/private/var/folders/sg/wy47gw996f78fznt898m8x540000gn/T/cargo-mutants-flavor-rs-AJnnRY.tmp/target/debug/deps/libfs2-71900ee401453af8.rmeta --extern gethostname=/private/var/folders/sg/wy47gw996f78fznt898m8x540000gn/T/cargo-mutants-flavor-rs-AJnnRY.tmp/target/debug/deps/libgethostname-e6576ba3912663df.rmeta --extern glob=/private/var/folders/sg/wy47gw996f78fznt898m8x540000gn/T/cargo-mutants-flavor-rs-AJnnRY.tmp/target/debug/deps/libglob-56daeb017c976e69.rmeta --extern hex=/private/var/folders/sg/wy47gw996f78fznt898m8x540000gn/T/cargo-mutants-flavor-rs-AJnnRY.tmp/target/debug/deps/libhex-6a16846156d7c862.rmeta --extern libc=/private/var/folders/sg/wy47gw996f78fznt898m8x540000gn/T/cargo-mutants-flavor-rs-AJnnRY.tmp/target/debug/deps/liblibc-26979bb06dae4666.rmeta --extern log=/private/var/folders/sg/wy47gw996f78fznt898m8x540000gn/T/cargo-mutants-flavor-rs-AJnnRY.tmp/target/debug/deps/liblog-8a7d20b8c005bc83.rmeta --extern memmap2=/private/var/folders/sg/wy47gw996f78fznt898m8x540000gn/T/cargo-mutants-flavor-rs-AJnnRY.tmp/target/debug/deps/libmemmap2-413e3a480d8f5878.rmeta --extern pem=/private/var/folders/sg/wy47gw996f78fznt898m8x540000gn/T/cargo-mutants-flavor-rs-AJnnRY.tmp/target/debug/deps/libpem-baee24606d736ef7.rmeta --extern rand=/private/var/folders/sg/wy47gw996f78fznt898m8x540000gn/T/cargo-mutants-flavor-rs-AJnnRY.tmp/target/debug/deps/librand-a25bcd883a2e2285.rmeta --extern serde=/private/var/folders/sg/wy47gw996f78fznt898m8x540000gn/T/cargo-mutants-flavor-rs-AJnnRY.tmp/target/debug/deps/libserde-02be1dd65d3ef57a.rmeta --extern serde_json=/private/var/folders/sg/wy47gw996f78fznt898m8x540000gn/T/cargo-mutants-flavor-rs-AJnnRY.tmp/target/debug/deps/libserde_json-469eaea1fff499db.rmeta --extern sha2=/private/var/folders/sg/wy47gw996f78fznt898m8x540000gn/T/cargo-mutants-flavor-rs-AJnnRY.tmp/target/debug/deps/libsha2-28b9a530c85e9fef.rmeta --extern signal_hook=/private/var/folders/sg/wy47gw996f78fznt898m8x540000gn/T/cargo-mutants-flavor-rs-AJnnRY.tmp/target/debug/deps/libsignal_hook-0a34b12e866764fc.rmeta --extern tar=/private/var/folders/sg/wy47gw996f78fznt898m8x540000gn/T/cargo-mutants-flavor-rs-AJnnRY.tmp/target/debug/deps/libtar-9468371f38505d5a.rmeta --extern tempfile=/private/var/folders/sg/wy47gw996f78fznt898m8x540000gn/T/cargo-mutants-flavor-rs-AJnnRY.tmp/target/debug/deps/libtempfile-f67b0e214d8dd2e3.rmeta --extern which=/private/var/folders/sg/wy47gw996f78fznt898m8x540000gn/T/cargo-mutants-flavor-rs-AJnnRY.tmp/target/debug/deps/libwhich-a2a3c9536beaf592.rmeta`
     Running `/Users/tim/.rustup/toolchains/stable-aarch64-apple-darwin/bin/rustc --crate-name flavor_rs_builder --edition=2024 src/bin/flavor-rs-builder.rs --error-format=json --json=diagnostic-rendered-ansi,artifacts,future-incompat --emit=dep-info,link -C embed-bitcode=no -C debuginfo=2 -C split-debuginfo=unpacked --test --cfg 'feature="default"' --check-cfg 'cfg(docsrs,test)' --check-cfg 'cfg(feature, values("default"))' -C metadata=069fa1d69c2b4683 -C extra-filename=-8b703e7e9be23f48 --out-dir /private/var/folders/sg/wy47gw996f78fznt898m8x540000gn/T/cargo-mutants-flavor-rs-AJnnRY.tmp/target/debug/deps -C incremental=/private/var/folders/sg/wy47gw996f78fznt898m8x540000gn/T/cargo-mutants-flavor-rs-AJnnRY.tmp/target/debug/incremental -L dependency=/private/var/folders/sg/wy47gw996f78fznt898m8x540000gn/T/cargo-mutants-flavor-rs-AJnnRY.tmp/target/debug/deps --extern adler2=/private/var/folders/sg/wy47gw996f78fznt898m8x540000gn/T/cargo-mutants-flavor-rs-AJnnRY.tmp/target/debug/deps/libadler2-1237be17f08066aa.rlib --extern anyhow=/private/var/folders/sg/wy47gw996f78fznt898m8x540000gn/T/cargo-mutants-flavor-rs-AJnnRY.tmp/target/debug/deps/libanyhow-d9b6d410a1361442.rlib --extern chrono=/private/var/folders/sg/wy47gw996f78fznt898m8x540000gn/T/cargo-mutants-flavor-rs-AJnnRY.tmp/target/debug/deps/libchrono-b7affcfd136ee226.rlib --extern clap=/private/var/folders/sg/wy47gw996f78fznt898m8x540000gn/T/cargo-mutants-flavor-rs-AJnnRY.tmp/target/debug/deps/libclap-c2746911242c53dc.rlib --extern ed25519_dalek=/private/var/folders/sg/wy47gw996f78fznt898m8x540000gn/T/cargo-mutants-flavor-rs-AJnnRY.tmp/target/debug/deps/libed25519_dalek-42293ea3dc57f31c.rlib --extern env_logger=/private/var/folders/sg/wy47gw996f78fznt898m8x540000gn/T/cargo-mutants-flavor-rs-AJnnRY.tmp/target/debug/deps/libenv_logger-75173f29843c9a52.rlib --extern flate2=/private/var/folders/sg/wy47gw996f78fznt898m8x540000gn/T/cargo-mutants-flavor-rs-AJnnRY.tmp/target/debug/deps/libflate2-96cd3d855b9115ec.rlib --extern flavor=/private/var/folders/sg/wy47gw996f78fznt898m8x540000gn/T/cargo-mutants-flavor-rs-AJnnRY.tmp/target/debug/deps/libflavor-88d82f8937f7a117.rlib --extern fs2=/private/var/folders/sg/wy47gw996f78fznt898m8x540000gn/T/cargo-mutants-flavor-rs-AJnnRY.tmp/target/debug/deps/libfs2-71900ee401453af8.rlib --extern gethostname=/private/var/folders/sg/wy47gw996f78fznt898m8x540000gn/T/cargo-mutants-flavor-rs-AJnnRY.tmp/target/debug/deps/libgethostname-e6576ba3912663df.rlib --extern glob=/private/var/folders/sg/wy47gw996f78fznt898m8x540000gn/T/cargo-mutants-flavor-rs-AJnnRY.tmp/target/debug/deps/libglob-56daeb017c976e69.rlib --extern hex=/private/var/folders/sg/wy47gw996f78fznt898m8x540000gn/T/cargo-mutants-flavor-rs-AJnnRY.tmp/target/debug/deps/libhex-6a16846156d7c862.rlib --extern libc=/private/var/folders/sg/wy47gw996f78fznt898m8x540000gn/T/cargo-mutants-flavor-rs-AJnnRY.tmp/target/debug/deps/liblibc-26979bb06dae4666.rlib --extern log=/private/var/folders/sg/wy47gw996f78fznt898m8x540000gn/T/cargo-mutants-flavor-rs-AJnnRY.tmp/target/debug/deps/liblog-8a7d20b8c005bc83.rlib --extern memmap2=/private/var/folders/sg/wy47gw996f78fznt898m8x540000gn/T/cargo-mutants-flavor-rs-AJnnRY.tmp/target/debug/deps/libmemmap2-413e3a480d8f5878.rlib --extern pem=/private/var/folders/sg/wy47gw996f78fznt898m8x540000gn/T/cargo-mutants-flavor-rs-AJnnRY.tmp/target/debug/deps/libpem-baee24606d736ef7.rlib --extern proptest=/private/var/folders/sg/wy47gw996f78fznt898m8x540000gn/T/cargo-mutants-flavor-rs-AJnnRY.tmp/target/debug/deps/libproptest-387450d3dcbd40ff.rlib --extern rand=/private/var/folders/sg/wy47gw996f78fznt898m8x540000gn/T/cargo-mutants-flavor-rs-AJnnRY.tmp/target/debug/deps/librand-a25bcd883a2e2285.rlib --extern serde=/private/var/folders/sg/wy47gw996f78fznt898m8x540000gn/T/cargo-mutants-flavor-rs-AJnnRY.tmp/target/debug/deps/libserde-02be1dd65d3ef57a.rlib --extern serde_json=/private/var/folders/sg/wy47gw996f78fznt898m8x540000gn/T/cargo-mutants-flavor-rs-AJnnRY.tmp/target/debug/deps/libserde_json-469eaea1fff499db.rlib --extern sha2=/private/var/folders/sg/wy47gw996f78fznt898m8x540000gn/T/cargo-mutants-flavor-rs-AJnnRY.tmp/target/debug/deps/libsha2-28b9a530c85e9fef.rlib --extern signal_hook=/private/var/folders/sg/wy47gw996f78fznt898m8x540000gn/T/cargo-mutants-flavor-rs-AJnnRY.tmp/target/debug/deps/libsignal_hook-0a34b12e866764fc.rlib --extern tar=/private/var/folders/sg/wy47gw996f78fznt898m8x540000gn/T/cargo-mutants-flavor-rs-AJnnRY.tmp/target/debug/deps/libtar-9468371f38505d5a.rlib --extern tempfile=/private/var/folders/sg/wy47gw996f78fznt898m8x540000gn/T/cargo-mutants-flavor-rs-AJnnRY.tmp/target/debug/deps/libtempfile-f67b0e214d8dd2e3.rlib --extern which=/private/var/folders/sg/wy47gw996f78fznt898m8x540000gn/T/cargo-mutants-flavor-rs-AJnnRY.tmp/target/debug/deps/libwhich-a2a3c9536beaf592.rlib`
     Running `/Users/tim/.rustup/toolchains/stable-aarch64-apple-darwin/bin/rustc --crate-name flavor_rs_launcher --edition=2024 src/bin/flavor-rs-launcher.rs --error-format=json --json=diagnostic-rendered-ansi,artifacts,future-incompat --emit=dep-info,link -C embed-bitcode=no -C debuginfo=2 -C split-debuginfo=unpacked --test --cfg 'feature="default"' --check-cfg 'cfg(docsrs,test)' --check-cfg 'cfg(feature, values("default"))' -C metadata=1e86bd574fcae1c3 -C extra-filename=-30d5c8f9cc0f7e8a --out-dir /private/var/folders/sg/wy47gw996f78fznt898m8x540000gn/T/cargo-mutants-flavor-rs-AJnnRY.tmp/target/debug/deps -C incremental=/private/var/folders/sg/wy47gw996f78fznt898m8x540000gn/T/cargo-mutants-flavor-rs-AJnnRY.tmp/target/debug/incremental -L dependency=/private/var/folders/sg/wy47gw996f78fznt898m8x540000gn/T/cargo-mutants-flavor-rs-AJnnRY.tmp/target/debug/deps --extern adler2=/private/var/folders/sg/wy47gw996f78fznt898m8x540000gn/T/cargo-mutants-flavor-rs-AJnnRY.tmp/target/debug/deps/libadler2-1237be17f08066aa.rlib --extern anyhow=/private/var/folders/sg/wy47gw996f78fznt898m8x540000gn/T/cargo-mutants-flavor-rs-AJnnRY.tmp/target/debug/deps/libanyhow-d9b6d410a1361442.rlib --extern chrono=/private/var/folders/sg/wy47gw996f78fznt898m8x540000gn/T/cargo-mutants-flavor-rs-AJnnRY.tmp/target/debug/deps/libchrono-b7affcfd136ee226.rlib --extern clap=/private/var/folders/sg/wy47gw996f78fznt898m8x540000gn/T/cargo-mutants-flavor-rs-AJnnRY.tmp/target/debug/deps/libclap-c2746911242c53dc.rlib --extern ed25519_dalek=/private/var/folders/sg/wy47gw996f78fznt898m8x540000gn/T/cargo-mutants-flavor-rs-AJnnRY.tmp/target/debug/deps/libed25519_dalek-42293ea3dc57f31c.rlib --extern env_logger=/private/var/folders/sg/wy47gw996f78fznt898m8x540000gn/T/cargo-mutants-flavor-rs-AJnnRY.tmp/target/debug/deps/libenv_logger-75173f29843c9a52.rlib --extern flate2=/private/var/folders/sg/wy47gw996f78fznt898m8x540000gn/T/cargo-mutants-flavor-rs-AJnnRY.tmp/target/debug/deps/libflate2-96cd3d855b9115ec.rlib --extern flavor=/private/var/folders/sg/wy47gw996f78fznt898m8x540000gn/T/cargo-mutants-flavor-rs-AJnnRY.tmp/target/debug/deps/libflavor-88d82f8937f7a117.rlib --extern fs2=/private/var/folders/sg/wy47gw996f78fznt898m8x540000gn/T/cargo-mutants-flavor-rs-AJnnRY.tmp/target/debug/deps/libfs2-71900ee401453af8.rlib --extern gethostname=/private/var/folders/sg/wy47gw996f78fznt898m8x540000gn/T/cargo-mutants-flavor-rs-AJnnRY.tmp/target/debug/deps/libgethostname-e6576ba3912663df.rlib --extern glob=/private/var/folders/sg/wy47gw996f78fznt898m8x540000gn/T/cargo-mutants-flavor-rs-AJnnRY.tmp/target/debug/deps/libglob-56daeb017c976e69.rlib --extern hex=/private/var/folders/sg/wy47gw996f78fznt898m8x540000gn/T/cargo-mutants-flavor-rs-AJnnRY.tmp/target/debug/deps/libhex-6a16846156d7c862.rlib --extern libc=/private/var/folders/sg/wy47gw996f78fznt898m8x540000gn/T/cargo-mutants-flavor-rs-AJnnRY.tmp/target/debug/deps/liblibc-26979bb06dae4666.rlib --extern log=/private/var/folders/sg/wy47gw996f78fznt898m8x540000gn/T/cargo-mutants-flavor-rs-AJnnRY.tmp/target/debug/deps/liblog-8a7d20b8c005bc83.rlib --extern memmap2=/private/var/folders/sg/wy47gw996f78fznt898m8x540000gn/T/cargo-mutants-flavor-rs-AJnnRY.tmp/target/debug/deps/libmemmap2-413e3a480d8f5878.rlib --extern pem=/private/var/folders/sg/wy47gw996f78fznt898m8x540000gn/T/cargo-mutants-flavor-rs-AJnnRY.tmp/target/debug/deps/libpem-baee24606d736ef7.rlib --extern proptest=/private/var/folders/sg/wy47gw996f78fznt898m8x540000gn/T/cargo-mutants-flavor-rs-AJnnRY.tmp/target/debug/deps/libproptest-387450d3dcbd40ff.rlib --extern rand=/private/var/folders/sg/wy47gw996f78fznt898m8x540000gn/T/cargo-mutants-flavor-rs-AJnnRY.tmp/target/debug/deps/librand-a25bcd883a2e2285.rlib --extern serde=/private/var/folders/sg/wy47gw996f78fznt898m8x540000gn/T/cargo-mutants-flavor-rs-AJnnRY.tmp/target/debug/deps/libserde-02be1dd65d3ef57a.rlib --extern serde_json=/private/var/folders/sg/wy47gw996f78fznt898m8x540000gn/T/cargo-mutants-flavor-rs-AJnnRY.tmp/target/debug/deps/libserde_json-469eaea1fff499db.rlib --extern sha2=/private/var/folders/sg/wy47gw996f78fznt898m8x540000gn/T/cargo-mutants-flavor-rs-AJnnRY.tmp/target/debug/deps/libsha2-28b9a530c85e9fef.rlib --extern signal_hook=/private/var/folders/sg/wy47gw996f78fznt898m8x540000gn/T/cargo-mutants-flavor-rs-AJnnRY.tmp/target/debug/deps/libsignal_hook-0a34b12e866764fc.rlib --extern tar=/private/var/folders/sg/wy47gw996f78fznt898m8x540000gn/T/cargo-mutants-flavor-rs-AJnnRY.tmp/target/debug/deps/libtar-9468371f38505d5a.rlib --extern tempfile=/private/var/folders/sg/wy47gw996f78fznt898m8x540000gn/T/cargo-mutants-flavor-rs-AJnnRY.tmp/target/debug/deps/libtempfile-f67b0e214d8dd2e3.rlib --extern which=/private/var/folders/sg/wy47gw996f78fznt898m8x540000gn/T/cargo-mutants-flavor-rs-AJnnRY.tmp/target/debug/deps/libwhich-a2a3c9536beaf592.rlib`
    Finished `test` profile [unoptimized + debuginfo] target(s) in 1.39s
     Running `/private/var/folders/sg/wy47gw996f78fznt898m8x540000gn/T/cargo-mutants-flavor-rs-AJnnRY.tmp/target/debug/deps/flavor-19035fd48ff337ba`

running 109 tests
test logger::tests::parse_level_mode_handles_plain_and_json_levels ... ok
test logger::tests::is_json_logging_tracks_environment_prefix ... ok
test logger::tests::parse_level_mode_defaults_json_mode_to_info ... ok
test logger::tests::init_with_level_json_mode_returns_actual_level_and_source ... ok
test logger::tests::parse_level_mode_defaults_invalid_json_level_to_trace ... ok
test psp::format_2025::defaults::tests::get_validation_level_uses_env_override ... ok
test psp::format_2025::defaults::tests::get_validation_level_falls_back_to_strict_for_invalid_value ... ok
test psp::format_2025::defaults::tests::validation_level_rejects_unknown_values ... ok
test psp::format_2025::execution::commands::tests::test_shell_split_empty ... ok
test psp::format_2025::defaults::tests::validation_level_roundtrips_all_known_values ... ok
test psp::format_2025::execution::commands::tests::test_build_workenv_path_without_existing_path_uses_only_bin_dir ... ok
test psp::format_2025::execution::commands::tests::test_shell_split_basic ... ok
test psp::format_2025::execution::commands::tests::test_shell_split_quoted ... ok
test psp::format_2025::execution::commands::tests::test_shell_split_single_quoted ... ok
test psp::format_2025::checksums::tests::test_parse_checksum_prefixed_and_legacy_formats ... ok
test psp::format_2025::extraction::tests::test_resolve_in_workenv_rejects_absolute_paths ... ok
test psp::format_2025::crypto::tests::test_verify_signature_rejects_invalid_length ... ok
test psp::format_2025::execution::commands::tests::test_run_command_path_has_correct_bin_dir_and_separator ... ok
test psp::format_2025::extraction::tests::test_resolve_in_workenv_rejects_parent_traversal ... ok
test psp::format_2025::checksums::tests::test_calculate_checksum_streaming_and_blake2b_error ... ok
{"@file":"src/psp/format_2025/builder/slot_processor.rs","@level":"debug","@line":47,"@message":"🎰 Processing 1 slots","@module":"flavor::psp::format_2025::builder::slot_processor","@pid":11921,"@timestamp":"2026-03-31T20:29:04.448218Z"}
test psp::format_2025::launcher::command::tests::test_path_prepend_uses_correct_bin_dir_and_separator ... ok
{"@file":"src/psp/format_2025/builder/slot_processor.rs","@level":"debug","@line":47,"@message":"🎰 Processing 1 slots","@module":"flavor::psp::format_2025::builder::slot_processor","@pid":11921,"@timestamp":"2026-03-31T20:29:04.448242Z"}
{"@file":"src/psp/format_2025/operations.rs","@level":"debug","@line":37,"@message":"✅ Operations packed: result=4097","@module":"flavor::psp::format_2025::operations","@pid":11921,"@timestamp":"2026-03-31T20:29:04.449170Z"}
test psp::format_2025::launcher::command::tests::test_path_not_set_uses_only_bin_dir ... {"@file":"unknown","@level":"info","@line":0,"@message":"stderr fallback","@module":"flavor::tests","@pid":11921,"@timestamp":"2026-03-31T20:29:04.448204Z"}
ok
{"@file":"src/psp/format_2025/builder/slot_processor.rs","@level":"info","@line":181,"@message":"🔍 No FLAVOR_WORKENV_BASE, using CWD: /private/var/folders/sg/wy47gw996f78fznt898m8x540000gn/T/.tmpZurE7s","@module":"flavor::psp::format_2025::builder::slot_processor","@pid":11921,"@timestamp":"2026-03-31T20:29:04.448878Z"}
{"@file":"src/psp/format_2025/builder/slot_processor.rs","@level":"info","@line":193,"@message":"📍 Slot path has no {workenv}: /var/folders/sg/wy47gw996f78fznt898m8x540000gn/T/.tmpCZC3pa/payload.txt","@module":"flavor::psp::format_2025::builder::slot_processor","@pid":11921,"@timestamp":"2026-03-31T20:29:04.449206Z"}
test api::tests::build_package_rejects_unknown_format ... ok{"@file":"src/psp/format_2025/execution/validation.rs","@level":"warn","@line":71,"@message":"⚠️ SECURITY WARNING: Package checksum mismatch! cached: deadbeef, current: cafebabe","@module":"flavor::psp::format_2025::execution::validation","@pid":11921,"@timestamp":"2026-03-31T20:29:04.448677Z"}

{"@file":"src/psp/format_2025/builder/slot_processor.rs","@level":"debug","@line":47,"@message":"🎰 Processing 1 slots","@module":"flavor::psp::format_2025::builder::slot_processor","@pid":11921,"@timestamp":"2026-03-31T20:29:04.448109Z"}
{"@file":"src/psp/format_2025/execution/validation.rs","@level":"warn","@line":75,"@message":"⚠️ Cache may be compromised or package has changed","@module":"flavor::psp::format_2025::execution::validation","@pid":11921,"@timestamp":"2026-03-31T20:29:04.449401Z"}
test api::tests::verify_package_rejects_unknown_format ... ok
{"@file":"src/psp/format_2025/execution/validation.rs","@level":"debug","@line":205,"@message":"🔍 No extraction completion marker found","@module":"flavor::psp::format_2025::execution::validation","@pid":11921,"@timestamp":"2026-03-31T20:29:04.449162Z"}
test psp::format_2025::checksums::tests::test_calculate_checksum_bytes_and_verify ... ok
{"@file":"src/psp/format_2025/builder/slot_processor.rs","@level":"debug","@line":333,"@message":"📍 Slot 0: payload size 5 bytes, checksum 00000000deadbeef","@module":"flavor::psp::format_2025::builder::slot_processor","@pid":11921,"@timestamp":"2026-03-31T20:29:04.449290Z"}
test psp::format_2025::builder::slot_processor::tests::test_process_slots_rejects_slot_number_mismatch ... ok
{"@file":"src/psp/format_2025/index.rs","@level":"debug","@line":181,"@message":"Parsed metadata_offset: 0x0000000000000000 (0)","@module":"flavor::psp::format_2025::index","@pid":11921,"@timestamp":"2026-03-31T20:29:04.449308Z"}
test psp::format_2025::launcher::command::tests::test_platform_separator ... {"@file":"src/psp/format_2025/operations.rs","@level":"debug","@line":37,"@message":"✅ Operations packed: result=4097","@module":"flavor::psp::format_2025::operations","@pid":11921,"@timestamp":"2026-03-31T20:29:04.449547Z"}
ok
{"@file":"src/psp/format_2025/builder/slot_processor.rs","@level":"info","@line":185,"@message":"📍 Resolved slot path: {workenv}/nested/file.txt -> /private/var/folders/sg/wy47gw996f78fznt898m8x540000gn/T/.tmpZurE7s/nested/file.txt (base: /private/var/folders/sg/wy47gw996f78fznt898m8x540000gn/T/.tmpZurE7s)","@module":"flavor::psp::format_2025::builder::slot_processor","@pid":11921,"@timestamp":"2026-03-31T20:29:04.449356Z"}
test psp::format_2025::crypto::tests::test_sign_and_verify_roundtrip ... {"@file":"src/psp/format_2025/index.rs","@level":"debug","@line":181,"@message":"Parsed metadata_offset: 0x00000000000186a0 (100000)","@module":"flavor::psp::format_2025::index","@pid":11921,"@timestamp":"2026-03-31T20:29:04.449243Z"}
ok
{"@file":"src/psp/format_2025/builder/slot_processor.rs","@level":"info","@line":197,"@message":"Attempting to open slot file at: \"/private/var/folders/sg/wy47gw996f78fznt898m8x540000gn/T/.tmpZurE7s/nested/file.txt\"","@module":"flavor::psp::format_2025::builder::slot_processor","@pid":11921,"@timestamp":"2026-03-31T20:29:04.449601Z"}
test api::tests::launch_package_rejects_unknown_format ... ok{"@file":"src/psp/format_2025/execution/validation.rs","@level":"warn","@line":76,"@message":"⚠️ Continuing due to relaxed validation","@module":"flavor::psp::format_2025::execution::validation","@pid":11921,"@timestamp":"2026-03-31T20:29:04.449437Z"}

{"@file":"src/psp/format_2025/builder/slot_processor.rs","@level":"info","@line":197,"@message":"Attempting to open slot file at: \"/var/folders/sg/wy47gw996f78fznt898m8x540000gn/T/.tmpCZC3pa/payload.txt\"","@module":"flavor::psp::format_2025::builder::slot_processor","@pid":11921,"@timestamp":"2026-03-31T20:29:04.449383Z"}
{"@file":"src/psp/format_2025/index.rs","@level":"debug","@line":182,"@message":"Parsed metadata_size: 0 bytes","@module":"flavor::psp::format_2025::index","@pid":11921,"@timestamp":"2026-03-31T20:29:04.449564Z"}
test logger::tests::json_logger_handles_stderr_fallback_without_a_file ... ok
{"@file":"src/psp/format_2025/builder/slot_processor.rs","@level":"info","@line":70,"@message":"✨ Slot 0 is self-referential ($SELF), skipping packaging","@module":"flavor::psp::format_2025::builder::slot_processor","@pid":11921,"@timestamp":"2026-03-31T20:29:04.449421Z"}
test api::tests::detect_package_format_rejects_plain_files ... {"@file":"src/psp/format_2025/operations.rs","@level":"debug","@line":37,"@message":"✅ Operations packed: result=0","@module":"flavor::psp::format_2025::operations","@pid":11921,"@timestamp":"2026-03-31T20:29:04.449715Z"}
ok
{"@file":"src/psp/format_2025/operations.rs","@level":"debug","@line":37,"@message":"✅ Operations packed: result=4097","@module":"flavor::psp::format_2025::operations","@pid":11921,"@timestamp":"2026-03-31T20:29:04.449751Z"}
test psp::format_2025::launcher::workenv::tests::test_ensure_sufficient_disk_space_accepts_available_capacity ... {"@file":"src/psp/format_2025/builder/slot_processor.rs","@level":"debug","@line":163,"@message":"✅ Processed 1 slots in 328.083µs","@module":"flavor::psp::format_2025::builder::slot_processor","@pid":11921,"@timestamp":"2026-03-31T20:29:04.449748Z"}
ok
{"@file":"src/psp/format_2025/execution/validation.rs","@level":"warn","@line":88,"@message":"⚠️ Package checksum mismatch, continuing with standard validation: cached: deadbeef, current: cafebabe","@module":"flavor::psp::format_2025::execution::validation","@pid":11921,"@timestamp":"2026-03-31T20:29:04.449685Z"}
{"@file":"src/psp/format_2025/index.rs","@level":"debug","@line":182,"@message":"Parsed metadata_size: 50000 bytes","@module":"flavor::psp::format_2025::index","@pid":11921,"@timestamp":"2026-03-31T20:29:04.449624Z"}
test psp::format_2025::launcher::workenv::tests::test_calculate_total_size_needed_uses_multiplier ... ok{"@file":"src/psp/format_2025/operations.rs","@level":"debug","@line":37,"@message":"✅ Operations packed: result=16","@module":"flavor::psp::format_2025::operations","@pid":11921,"@timestamp":"2026-03-31T20:29:04.449860Z"}

{"@file":"src/psp/format_2025/operations.rs","@level":"debug","@line":37,"@message":"✅ Operations packed: result=4097","@module":"flavor::psp::format_2025::operations","@pid":11921,"@timestamp":"2026-03-31T20:29:04.449880Z"}
test psp::format_2025::launcher::workenv::tests::test_ensure_sufficient_disk_space_rejects_insufficient_capacity ... {"@file":"src/psp/format_2025/operations.rs","@level":"debug","@line":60,"@message":"✅ Operations unpacked: count=0 operations=[]","@module":"flavor::psp::format_2025::operations","@pid":11921,"@timestamp":"2026-03-31T20:29:04.449762Z"}
ok
{"@file":"src/psp/format_2025/extraction.rs","@level":"debug","@line":307,"@message":"📦 Extracting tarball to \"/var/folders/sg/wy47gw996f78fznt898m8x540000gn/T/.tmpXdrvBC\"","@module":"flavor::psp::format_2025::extraction","@pid":11921,"@timestamp":"2026-03-31T20:29:04.449637Z"}
test psp::format_2025::builder::slot_processor::tests::test_create_slot_descriptor_uses_default_permissions_for_invalid_octal ... ok
{"@file":"src/psp/format_2025/operations.rs","@level":"debug","@line":60,"@message":"✅ Operations unpacked: count=2 operations=[1, 16]","@module":"flavor::psp::format_2025::operations","@pid":11921,"@timestamp":"2026-03-31T20:29:04.450006Z"}
test psp::format_2025::operations::tests::test_pack_multiple_operations ... ok
{"@file":"src/psp/format_2025/operations.rs","@level":"debug","@line":60,"@message":"✅ Operations unpacked: count=2 operations=[1, 16]","@module":"flavor::psp::format_2025::operations","@pid":11921,"@timestamp":"2026-03-31T20:29:04.449925Z"}
test psp::format_2025::index::tests::test_pack_verify_roundtrip ... ok
{"@file":"src/psp/format_2025/operations.rs","@level":"warn","@line":20,"@message":"⚠️ Too many operations, truncating to 8: provided=10","@module":"flavor::psp::format_2025::operations","@pid":11921,"@timestamp":"2026-03-31T20:29:04.449933Z"}
test psp::format_2025::builder::slot_processor::tests::test_process_slots_self_ref_sets_defaults ... ok
{"@file":"src/psp/format_2025/execution/validation.rs","@level":"error","@line":95,"@message":"🚨 CRITICAL: Package checksum mismatch! cached: deadbeef, current: cafebabe","@module":"flavor::psp::format_2025::execution::validation","@pid":11921,"@timestamp":"2026-03-31T20:29:04.449840Z"}
test psp::format_2025::operations::tests::test_pack_single_operation ... ok
{"@file":"src/psp/format_2025/operations.rs","@level":"debug","@line":60,"@message":"✅ Operations unpacked: count=1 operations=[16]","@module":"flavor::psp::format_2025::operations","@pid":11921,"@timestamp":"2026-03-31T20:29:04.450062Z"}
test psp::format_2025::operations::tests::test_empty_operations ... {"@file":"src/psp/format_2025/operations.rs","@level":"debug","@line":37,"@message":"✅ Operations packed: result=578437695752307201","@module":"flavor::psp::format_2025::operations","@pid":11921,"@timestamp":"2026-03-31T20:29:04.450119Z"}
ok
{"@file":"src/psp/format_2025/execution/validation.rs","@level":"error","@line":100,"@message":"🚨 Cache may be compromised or package has changed","@module":"flavor::psp::format_2025::execution::validation","@pid":11921,"@timestamp":"2026-03-31T20:29:04.450178Z"}
test psp::format_2025::operations::tests::test_unpack_multiple_operations ... ok
test psp::format_2025::operations::tests::test_round_trip ... {"@file":"src/psp/format_2025/execution/validation.rs","@level":"error","@line":101,"@message":"🚨 Refusing to continue. Set FLAVOR_VALIDATION=relaxed to bypass (NOT RECOMMENDED)","@module":"flavor::psp::format_2025::execution::validation","@pid":11921,"@timestamp":"2026-03-31T20:29:04.450300Z"}
ok
{"@file":"src/psp/format_2025/builder/slot_processor.rs","@level":"info","@line":248,"@message":"Slot 0: SHA256 checksum: sha256:4878649abe08d9faaa6f7b948502e4144ec4fb1859e108f6367d65254c7b983c","@module":"flavor::psp::format_2025::builder::slot_processor","@pid":11921,"@timestamp":"2026-03-31T20:29:04.450240Z"}
{"@file":"src/psp/format_2025/pe_utils.rs","@level":"debug","@line":88,"@message":"Detected Go binary with minimal DOS stub: pe_offset=0x80 (128 bytes)","@module":"flavor::psp::format_2025::pe_utils","@pid":11921,"@timestamp":"2026-03-31T20:29:04.450247Z"}
{"@file":"src/psp/format_2025/builder/slot_processor.rs","@level":"debug","@line":249,"@message":"Slot 0: SHA256 u64 (first 8 bytes): fad908be9a647848","@module":"flavor::psp::format_2025::builder::slot_processor","@pid":11921,"@timestamp":"2026-03-31T20:29:04.450351Z"}
{"@file":"src/psp/format_2025/operations.rs","@level":"debug","@line":60,"@message":"✅ Operations unpacked: count=8 operations=[1, 2, 3, 4, 5, 6, 7, 8]","@module":"flavor::psp::format_2025::operations","@pid":11921,"@timestamp":"2026-03-31T20:29:04.450244Z"}
test psp::format_2025::paths::tests::test_paths_structure ... ok{"@file":"src/psp/format_2025/operations.rs","@level":"debug","@line":37,"@message":"✅ Operations packed: result=4097","@module":"flavor::psp::format_2025::operations","@pid":11921,"@timestamp":"2026-03-31T20:29:04.450400Z"}

{"@file":"src/psp/format_2025/builder/slot_processor.rs","@level":"debug","@line":333,"@message":"📍 Slot 0: payload size 12 bytes, checksum fad908be9a647848","@module":"flavor::psp::format_2025::builder::slot_processor","@pid":11921,"@timestamp":"2026-03-31T20:29:04.450476Z"}
test psp::format_2025::index::tests::test_pack_verify_with_values ... ok
{"@file":"src/psp/format_2025/builder/slot_processor.rs","@level":"debug","@line":163,"@message":"✅ Processed 1 slots in 1.29975ms","@module":"flavor::psp::format_2025::builder::slot_processor","@pid":11921,"@timestamp":"2026-03-31T20:29:04.450504Z"}
test psp::format_2025::pe_utils::tests::test_is_pe_executable ... {"@file":"src/psp/format_2025/operations.rs","@level":"debug","@line":37,"@message":"✅ Operations packed: result=4097","@module":"flavor::psp::format_2025::operations","@pid":11921,"@timestamp":"2026-03-31T20:29:04.450528Z"}
ok
test psp::format_2025::pe_resources::tests::test_non_windows_stub ... {"@file":"src/psp/format_2025/operations.rs","@level":"debug","@line":60,"@message":"✅ Operations unpacked: count=8 operations=[150, 184, 96, 191, 120, 207, 64, 145]","@module":"flavor::psp::format_2025::operations","@pid":11921,"@timestamp":"2026-03-31T20:29:04.450560Z"}
ok
{"@file":"src/psp/format_2025/operations.rs","@level":"debug","@line":37,"@message":"✅ Operations packed: result=10466593651522844822","@module":"flavor::psp::format_2025::operations","@pid":11921,"@timestamp":"2026-03-31T20:29:04.450592Z"}
test psp::format_2025::operations::tests::test_unpack_single_operation ... ok
{"@file":"src/psp/format_2025/operations.rs","@level":"debug","@line":60,"@message":"✅ Operations unpacked: count=8 operations=[150, 184, 96, 191, 120, 207, 64, 145]","@module":"flavor::psp::format_2025::operations","@pid":11921,"@timestamp":"2026-03-31T20:29:04.450620Z"}
test psp::format_2025::policy::tests::test_enforce_policy_age_exceeded ... ok
test psp::format_2025::policy::tests::test_enforce_policy_env_var_missing ... ok{"@file":"src/psp/format_2025/operations.rs","@level":"debug","@line":60,"@message":"✅ Operations unpacked: count=8 operations=[10, 108, 158, 134, 236, 102, 184, 230]","@module":"flavor::psp::format_2025::operations","@pid":11921,"@timestamp":"2026-03-31T20:29:04.450680Z"}

{"@file":"src/psp/format_2025/operations.rs","@level":"debug","@line":37,"@message":"✅ Operations packed: result=16625151190495030282","@module":"flavor::psp::format_2025::operations","@pid":11921,"@timestamp":"2026-03-31T20:29:04.450709Z"}
test psp::format_2025::execution::validation::tests::validate_package_checksum_mismatch_varies_by_validation_level ... ok{"@file":"src/psp/format_2025/operations.rs","@level":"debug","@line":60,"@message":"✅ Operations unpacked: count=8 operations=[10, 108, 158, 134, 236, 102, 184, 230]","@module":"flavor::psp::format_2025::operations","@pid":11921,"@timestamp":"2026-03-31T20:29:04.450738Z"}

test psp::format_2025::pe_utils::tests::test_needs_dos_stub_expansion ... ok
{"@file":"src/psp/format_2025/operations.rs","@level":"debug","@line":60,"@message":"✅ Operations unpacked: count=8 operations=[195, 185, 181, 56, 38, 122, 84, 201]","@module":"flavor::psp::format_2025::operations","@pid":11921,"@timestamp":"2026-03-31T20:29:04.450795Z"}
test psp::format_2025::policy::tests::test_enforce_policy_env_var_present ... {"@file":"src/psp/format_2025/operations.rs","@level":"debug","@line":37,"@message":"✅ Operations packed: result=3474444352579561","@module":"flavor::psp::format_2025::operations","@pid":11921,"@timestamp":"2026-03-31T20:29:04.450811Z"}
ok{"@file":"src/psp/format_2025/operations.rs","@level":"debug","@line":37,"@message":"✅ Operations packed: result=14507354604245989827","@module":"flavor::psp::format_2025::operations","@pid":11921,"@timestamp":"2026-03-31T20:29:04.450824Z"}

{"@file":"src/psp/format_2025/operations.rs","@level":"debug","@line":37,"@message":"✅ Operations packed: result=220","@module":"flavor::psp::format_2025::operations","@pid":11921,"@timestamp":"2026-03-31T20:29:04.450837Z"}
test psp::format_2025::operations::tests::test_too_many_operations ... ok
{"@file":"src/psp/format_2025/operations.rs","@level":"debug","@line":60,"@message":"✅ Operations unpacked: count=7 operations=[233, 103, 109, 29, 253, 87, 12]","@module":"flavor::psp::format_2025::operations","@pid":11921,"@timestamp":"2026-03-31T20:29:04.450843Z"}
test psp::format_2025::extraction::tests::test_extract_tarball_rejects_symlink_entries ... ok{"@file":"src/psp/format_2025/operations.rs","@level":"debug","@line":60,"@message":"✅ Operations unpacked: count=8 operations=[195, 185, 181, 56, 38, 122, 84, 201]","@module":"flavor::psp::format_2025::operations","@pid":11921,"@timestamp":"2026-03-31T20:29:04.450855Z"}

{"@file":"src/psp/format_2025/operations.rs","@level":"debug","@line":37,"@message":"✅ Operations packed: result=4047846913551587555","@module":"flavor::psp::format_2025::operations","@pid":11921,"@timestamp":"2026-03-31T20:29:04.450938Z"}
test psp::format_2025::policy::tests::test_enforce_policy_permissive ... ok
{"@file":"src/psp/format_2025/operations.rs","@level":"debug","@line":37,"@message":"✅ Operations packed: result=51786","@module":"flavor::psp::format_2025::operations","@pid":11921,"@timestamp":"2026-03-31T20:29:04.451005Z"}
test psp::format_2025::policy::tests::test_enforce_policy_platform_blocked ... ok
{"@file":"src/psp/format_2025/operations.rs","@level":"debug","@line":60,"@message":"✅ Operations unpacked: count=8 operations=[34, 178, 149, 212, 14, 100, 105, 178]","@module":"flavor::psp::format_2025::operations","@pid":11921,"@timestamp":"2026-03-31T20:29:04.451032Z"}
{"@file":"src/psp/format_2025/operations.rs","@level":"debug","@line":60,"@message":"✅ Operations unpacked: count=2 operations=[74, 202]","@module":"flavor::psp::format_2025::operations","@pid":11921,"@timestamp":"2026-03-31T20:29:04.451039Z"}
test psp::format_2025::policy::tests::test_enforce_policy_refuse_root_current_platform ... {"@file":"src/psp/format_2025/operations.rs","@level":"debug","@line":37,"@message":"✅ Operations packed: result=12855916626164691490","@module":"flavor::psp::format_2025::operations","@pid":11921,"@timestamp":"2026-03-31T20:29:04.451071Z"}
ok
{"@file":"src/psp/format_2025/operations.rs","@level":"debug","@line":37,"@message":"✅ Operations packed: result=4624450122933456","@module":"flavor::psp::format_2025::operations","@pid":11921,"@timestamp":"2026-03-31T20:29:04.451078Z"}
{"@file":"src/psp/format_2025/operations.rs","@level":"debug","@line":60,"@message":"✅ Operations unpacked: count=8 operations=[34, 178, 149, 212, 14, 100, 105, 178]","@module":"flavor::psp::format_2025::operations","@pid":11921,"@timestamp":"2026-03-31T20:29:04.451112Z"}
test psp::format_2025::policy::tests::test_enforce_policy_require_trusted_key_not_required ... {"@file":"src/psp/format_2025/operations.rs","@level":"debug","@line":37,"@message":"✅ Operations packed: result=1062056992021","@module":"flavor::psp::format_2025::operations","@pid":11921,"@timestamp":"2026-03-31T20:29:04.451125Z"}
ok
{"@file":"src/psp/format_2025/operations.rs","@level":"debug","@line":37,"@message":"✅ Operations packed: result=0","@module":"flavor::psp::format_2025::operations","@pid":11921,"@timestamp":"2026-03-31T20:29:04.451156Z"}
{"@file":"src/psp/format_2025/operations.rs","@level":"debug","@line":60,"@message":"✅ Operations unpacked: count=5 operations=[21, 157, 135, 71, 247]","@module":"flavor::psp::format_2025::operations","@pid":11921,"@timestamp":"2026-03-31T20:29:04.451163Z"}
test psp::format_2025::policy::tests::test_enforce_policy_require_trusted_key_trusted ... ok{"@file":"src/psp/format_2025/operations.rs","@level":"debug","@line":60,"@message":"✅ Operations unpacked: count=8 operations=[57, 140, 226, 53, 215, 164, 24, 24]","@module":"flavor::psp::format_2025::operations","@pid":11921,"@timestamp":"2026-03-31T20:29:04.451171Z"}

{"@file":"src/psp/format_2025/operations.rs","@level":"debug","@line":37,"@message":"✅ Operations packed: result=15","@module":"flavor::psp::format_2025::operations","@pid":11921,"@timestamp":"2026-03-31T20:29:04.451209Z"}
test psp::format_2025::policy::tests::test_enforce_policy_require_trusted_key_untrusted ... ok{"@file":"src/psp/format_2025/execution/validation.rs","@level":"debug","@line":121,"@message":"💾 Saved package checksum: deadbeef","@module":"flavor::psp::format_2025::execution::validation","@pid":11921,"@timestamp":"2026-03-31T20:29:04.451215Z"}

{"@file":"src/psp/format_2025/operations.rs","@level":"debug","@line":37,"@message":"✅ Operations packed: result=1736318900580289593","@module":"flavor::psp::format_2025::operations","@pid":11921,"@timestamp":"2026-03-31T20:29:04.451218Z"}
test psp::format_2025::policy::tests::test_enforce_policy_sbom_required ... {"@file":"src/psp/format_2025/operations.rs","@level":"debug","@line":37,"@message":"✅ Operations packed: result=67","@module":"flavor::psp::format_2025::operations","@pid":11921,"@timestamp":"2026-03-31T20:29:04.451226Z"}
ok
{"@file":"src/psp/format_2025/operations.rs","@level":"debug","@line":37,"@message":"✅ Operations packed: result=252","@module":"flavor::psp::format_2025::operations","@pid":11921,"@timestamp":"2026-03-31T20:29:04.451284Z"}
{"@file":"src/psp/format_2025/operations.rs","@level":"debug","@line":60,"@message":"✅ Operations unpacked: count=1 operations=[67]","@module":"flavor::psp::format_2025::operations","@pid":11921,"@timestamp":"2026-03-31T20:29:04.451310Z"}
test psp::format_2025::policy::tests::test_get_current_platform_nonempty ... {"@file":"src/psp/format_2025/operations.rs","@level":"debug","@line":60,"@message":"✅ Operations unpacked: count=8 operations=[57, 140, 226, 53, 215, 164, 24, 24]","@module":"flavor::psp::format_2025::operations","@pid":11921,"@timestamp":"2026-03-31T20:29:04.451285Z"}
ok
{"@file":"src/psp/format_2025/operations.rs","@level":"debug","@line":37,"@message":"✅ Operations packed: result=0","@module":"flavor::psp::format_2025::operations","@pid":11921,"@timestamp":"2026-03-31T20:29:04.451355Z"}
test psp::format_2025::policy::tests::test_load_operator_policy_missing_file ... ok
{"@file":"src/psp/format_2025/operations.rs","@level":"debug","@line":37,"@message":"✅ Operations packed: result=3359032745","@module":"flavor::psp::format_2025::operations","@pid":11921,"@timestamp":"2026-03-31T20:29:04.451372Z"}
{"@file":"src/psp/format_2025/operations.rs","@level":"debug","@line":60,"@message":"✅ Operations unpacked: count=8 operations=[74, 21, 140, 234, 225, 251, 199, 96]","@module":"flavor::psp::format_2025::operations","@pid":11921,"@timestamp":"2026-03-31T20:29:04.451389Z"}
test psp::format_2025::policy::tests::test_merge_policy_max_age_days_min ... {"@file":"src/psp/format_2025/operations.rs","@level":"debug","@line":60,"@message":"✅ Operations unpacked: count=4 operations=[169, 197, 54, 200]","@module":"flavor::psp::format_2025::operations","@pid":11921,"@timestamp":"2026-03-31T20:29:04.451403Z"}
ok{"@file":"src/psp/format_2025/operations.rs","@level":"debug","@line":37,"@message":"✅ Operations packed: result=6973819495727764810","@module":"flavor::psp::format_2025::operations","@pid":11921,"@timestamp":"2026-03-31T20:29:04.451417Z"}

{"@file":"src/psp/format_2025/operations.rs","@level":"debug","@line":37,"@message":"✅ Operations packed: result=7236711108855862613","@module":"flavor::psp::format_2025::operations","@pid":11921,"@timestamp":"2026-03-31T20:29:04.451409Z"}
test psp::format_2025::policy::tests::test_merge_policy_max_age_only_pkg ... {"@file":"src/psp/format_2025/operations.rs","@level":"debug","@line":60,"@message":"✅ Operations unpacked: count=8 operations=[74, 21, 140, 234, 225, 251, 199, 96]","@module":"flavor::psp::format_2025::operations","@pid":11921,"@timestamp":"2026-03-31T20:29:04.451453Z"}
ok
{"@file":"src/psp/format_2025/execution/validation.rs","@level":"debug","@line":25,"@message":"✅ Package checksum matches cached version: deadbeef","@module":"flavor::psp::format_2025::execution::validation","@pid":11921,"@timestamp":"2026-03-31T20:29:04.451441Z"}
{"@file":"src/psp/format_2025/operations.rs","@level":"debug","@line":37,"@message":"✅ Operations packed: result=54062603912313293","@module":"flavor::psp::format_2025::operations","@pid":11921,"@timestamp":"2026-03-31T20:29:04.451468Z"}
test api::tests::detect_package_format_recognizes_pspf_magic_trailer ... {"@file":"src/psp/format_2025/runtime.rs","@level":"debug","@line":174,"@message":"📋 Pattern processor: 2 patterns (1 exact)","@module":"flavor::psp::format_2025::runtime::runtime_impl::patterns","@pid":11921,"@timestamp":"2026-03-31T20:29:04.451518Z"}
ok{"@file":"src/psp/format_2025/operations.rs","@level":"debug","@line":60,"@message":"✅ Operations unpacked: count=8 operations=[94, 217, 150, 118, 9, 31, 221, 133]","@module":"flavor::psp::format_2025::operations","@pid":11921,"@timestamp":"2026-03-31T20:29:04.451523Z"}

{"@file":"src/psp/format_2025/operations.rs","@level":"debug","@line":37,"@message":"✅ Operations packed: result=597102848417","@module":"flavor::psp::format_2025::operations","@pid":11921,"@timestamp":"2026-03-31T20:29:04.451519Z"}
{"@file":"src/psp/format_2025/operations.rs","@level":"debug","@line":37,"@message":"✅ Operations packed: result=9645900102402234718","@module":"flavor::psp::format_2025::operations","@pid":11921,"@timestamp":"2026-03-31T20:29:04.451564Z"}
test psp::format_2025::policy::tests::test_merge_policy_platforms_intersection ... ok{"@file":"src/psp/format_2025/runtime.rs","@level":"debug","@line":39,"@message":"🔧 Processing runtime environment configuration","@module":"flavor::psp::format_2025::runtime::runtime_impl","@pid":11921,"@timestamp":"2026-03-31T20:29:04.451551Z"}

{"@file":"src/psp/format_2025/operations.rs","@level":"debug","@line":60,"@message":"✅ Operations unpacked: count=8 operations=[94, 217, 150, 118, 9, 31, 221, 133]","@module":"flavor::psp::format_2025::operations","@pid":11921,"@timestamp":"2026-03-31T20:29:04.451597Z"}
test psp::format_2025::policy::tests::test_merge_policy_platforms_only_operator ... {"@file":"src/psp/format_2025/operations.rs","@level":"debug","@line":60,"@message":"✅ Operations unpacked: count=7 operations=[205, 121, 211, 221, 166, 17, 192]","@module":"flavor::psp::format_2025::operations","@pid":11921,"@timestamp":"2026-03-31T20:29:04.451534Z"}
ok
{"@file":"src/psp/format_2025/runtime.rs","@level":"debug","@line":39,"@message":"🔧 Processing runtime environment configuration","@module":"flavor::psp::format_2025::runtime::runtime_impl","@pid":11921,"@timestamp":"2026-03-31T20:29:04.451601Z"}
test logger::tests::json_logger_writes_structured_records_to_file ... {"@file":"src/psp/format_2025/operations.rs","@level":"debug","@line":37,"@message":"✅ Operations packed: result=41469","@module":"flavor::psp::format_2025::operations","@pid":11921,"@timestamp":"2026-03-31T20:29:04.451614Z"}
ok
{"@file":"src/psp/format_2025/runtime.rs","@level":"debug","@line":174,"@message":"📋 Pattern processor: 2 patterns (1 exact)","@module":"flavor::psp::format_2025::runtime::runtime_impl::patterns","@pid":11921,"@timestamp":"2026-03-31T20:29:04.451628Z"}
test psp::format_2025::policy::tests::test_merge_policy_refuse_root ... {"@file":"src/psp/format_2025/runtime.rs","@level":"debug","@line":39,"@message":"🔧 Processing runtime environment configuration","@module":"flavor::psp::format_2025::runtime::runtime_impl","@pid":11921,"@timestamp":"2026-03-31T20:29:04.451644Z"}
ok{"@file":"src/psp/format_2025/runtime.rs","@level":"debug","@line":75,"@message":"📋 Unset patterns found: [\"DROP_*\"]","@module":"flavor::psp::format_2025::runtime::runtime_impl","@pid":11921,"@timestamp":"2026-03-31T20:29:04.451714Z"}

{"@file":"src/psp/format_2025/operations.rs","@level":"debug","@line":37,"@message":"✅ Operations packed: result=222079506125571","@module":"flavor::psp::format_2025::operations","@pid":11921,"@timestamp":"2026-03-31T20:29:04.451729Z"}
{"@file":"src/psp/format_2025/runtime.rs","@level":"debug","@line":174,"@message":"📋 Pattern processor: 1 patterns (1 exact)","@module":"flavor::psp::format_2025::runtime::runtime_impl::patterns","@pid":11921,"@timestamp":"2026-03-31T20:29:04.451682Z"}
test psp::format_2025::policy::tests::test_parse_policy_file_all_fields ... ok
{"@file":"src/psp/format_2025/runtime.rs","@level":"debug","@line":253,"@message":"🗑️ Processing 1 unset patterns","@module":"flavor::psp::format_2025::runtime::runtime_impl::operations","@pid":11921,"@timestamp":"2026-03-31T20:29:04.451757Z"}
{"@file":"src/psp/format_2025/runtime.rs","@level":"debug","@line":75,"@message":"📋 Unset patterns found: [\"REMOVE_ME\"]","@module":"flavor::psp::format_2025::runtime::runtime_impl","@pid":11921,"@timestamp":"2026-03-31T20:29:04.451772Z"}
test psp::format_2025::policy::tests::test_parse_policy_file_allow_platforms ... ok{"@file":"src/psp/format_2025/operations.rs","@level":"debug","@line":37,"@message":"✅ Operations packed: result=231208039088555","@module":"flavor::psp::format_2025::operations","@pid":11921,"@timestamp":"2026-03-31T20:29:04.451789Z"}

{"@file":"src/psp/format_2025/runtime.rs","@level":"debug","@line":253,"@message":"🗑️ Processing 1 unset patterns","@module":"flavor::psp::format_2025::runtime::runtime_impl::operations","@pid":11921,"@timestamp":"2026-03-31T20:29:04.451808Z"}
test psp::format_2025::policy::tests::test_parse_policy_file_ignores_comments ... {"@file":"src/psp/format_2025/operations.rs","@level":"debug","@line":37,"@message":"✅ Operations packed: result=233","@module":"flavor::psp::format_2025::operations","@pid":11921,"@timestamp":"2026-03-31T20:29:04.451688Z"}
ok
{"@file":"src/psp/format_2025/execution/validation.rs","@level":"debug","@line":191,"@message":"💾 Saved index metadata to \"/var/folders/sg/wy47gw996f78fznt898m8x540000gn/T/.tmpPnL1gr/workenv/.demo.pspf/instance/index.json\"","@module":"flavor::psp::format_2025::execution::validation","@pid":11921,"@timestamp":"2026-03-31T20:29:04.451638Z"}
{"@file":"src/psp/format_2025/operations.rs","@level":"debug","@line":60,"@message":"✅ Operations unpacked: count=1 operations=[233]","@module":"flavor::psp::format_2025::operations","@pid":11921,"@timestamp":"2026-03-31T20:29:04.451863Z"}
test psp::format_2025::builder::slot_processor::tests::test_resolve_slot_path_uses_current_dir_when_workenv_base_is_unset ... ok{"@file":"src/psp/format_2025/runtime.rs","@level":"debug","@line":256,"@message":"  Processing unset pattern: 'DROP_*'","@module":"flavor::psp::format_2025::runtime::runtime_impl::operations","@pid":11921,"@timestamp":"2026-03-31T20:29:04.451794Z"}

{"@file":"src/psp/format_2025/runtime.rs","@level":"debug","@line":174,"@message":"📋 Pattern processor: 1 patterns (1 exact)","@module":"flavor::psp::format_2025::runtime::runtime_impl::patterns","@pid":11921,"@timestamp":"2026-03-31T20:29:04.451738Z"}
{"@file":"src/psp/format_2025/runtime.rs","@level":"debug","@line":261,"@message":"  Match: glob pattern","@module":"flavor::psp::format_2025::runtime::runtime_impl::operations","@pid":11921,"@timestamp":"2026-03-31T20:29:04.451919Z"}
test psp::format_2025::policy::tests::test_parse_policy_file_inline_comment ... {"@file":"src/psp/format_2025/operations.rs","@level":"debug","@line":37,"@message":"✅ Operations packed: result=4112618","@module":"flavor::psp::format_2025::operations","@pid":11921,"@timestamp":"2026-03-31T20:29:04.451928Z"}
ok
{"@file":"src/psp/format_2025/operations.rs","@level":"debug","@line":60,"@message":"✅ Operations unpacked: count=8 operations=[31, 81, 56, 117, 61, 23, 193, 119]","@module":"flavor::psp::format_2025::operations","@pid":11921,"@timestamp":"2026-03-31T20:29:04.451664Z"}
{"@file":"src/psp/format_2025/operations.rs","@level":"debug","@line":60,"@message":"✅ Operations unpacked: count=3 operations=[234, 192, 62]","@module":"flavor::psp::format_2025::operations","@pid":11921,"@timestamp":"2026-03-31T20:29:04.451964Z"}
test psp::format_2025::policy::tests::test_parse_toml_string_list_empty ... {"@file":"src/psp/format_2025/runtime.rs","@level":"debug","@line":86,"@message":"🧹 Stripped 1 env vars from child environment: DROP_ME","@module":"flavor::psp::format_2025::runtime::runtime_impl","@pid":11921,"@timestamp":"2026-03-31T20:29:04.451971Z"}
ok
{"@file":"src/psp/format_2025/runtime.rs","@level":"debug","@line":75,"@message":"📋 Unset patterns found: [\"DROP_*\"]","@module":"flavor::psp::format_2025::runtime::runtime_impl","@pid":11921,"@timestamp":"2026-03-31T20:29:04.451935Z"}
{"@file":"src/psp/format_2025/runtime.rs","@level":"debug","@line":92,"@message":"✅ Unset operations completed successfully","@module":"flavor::psp::format_2025::runtime::runtime_impl","@pid":11921,"@timestamp":"2026-03-31T20:29:04.452008Z"}
test psp::format_2025::policy::tests::test_parse_toml_string_list_invalid ... {"@file":"src/psp/format_2025/execution/validation.rs","@level":"debug","@line":121,"@message":"💾 Saved package checksum: 12345678","@module":"flavor::psp::format_2025::execution::validation","@pid":11921,"@timestamp":"2026-03-31T20:29:04.451881Z"}
ok
{"@file":"src/psp/format_2025/runtime.rs","@level":"debug","@line":351,"@message":"🔄 Processing 1 map operations","@module":"flavor::psp::format_2025::runtime::runtime_impl::operations","@pid":11921,"@timestamp":"2026-03-31T20:29:04.452042Z"}
test psp::format_2025::policy::tests::test_parse_toml_string_list_single_quotes ... ok
{"@file":"src/psp/format_2025/operations.rs","@level":"debug","@line":37,"@message":"✅ Operations packed: result=8629203913745649951","@module":"flavor::psp::format_2025::operations","@pid":11921,"@timestamp":"2026-03-31T20:29:04.451981Z"}
test psp::format_2025::builder::slot_processor::tests::test_process_slots_regular_file_builds_descriptor ... ok
{"@file":"src/psp/format_2025/operations.rs","@level":"debug","@line":37,"@message":"✅ Operations packed: result=0","@module":"flavor::psp::format_2025::operations","@pid":11921,"@timestamp":"2026-03-31T20:29:04.451852Z"}
{"@file":"src/psp/format_2025/operations.rs","@level":"debug","@line":60,"@message":"✅ Operations unpacked: count=8 operations=[31, 81, 56, 117, 61, 23, 193, 119]","@module":"flavor::psp::format_2025::operations","@pid":11921,"@timestamp":"2026-03-31T20:29:04.452152Z"}
{"@file":"src/psp/format_2025/operations.rs","@level":"debug","@line":37,"@message":"✅ Operations packed: result=146299429079824","@module":"flavor::psp::format_2025::operations","@pid":11921,"@timestamp":"2026-03-31T20:29:04.452025Z"}
test psp::format_2025::runtime::runtime_impl::tests::pattern_processor_requires_exact_pass_patterns ... {"@file":"src/psp/format_2025/execution/validation.rs","@level":"debug","@line":25,"@message":"✅ Package checksum matches cached version: 12345678","@module":"flavor::psp::format_2025::execution::validation","@pid":11921,"@timestamp":"2026-03-31T20:29:04.452178Z"}
ok
{"@file":"src/psp/format_2025/runtime.rs","@level":"debug","@line":253,"@message":"🗑️ Processing 1 unset patterns","@module":"flavor::psp::format_2025::runtime::runtime_impl::operations","@pid":11921,"@timestamp":"2026-03-31T20:29:04.452028Z"}
test psp::format_2025::trust::tests::test_compute_key_fingerprint_valid ... ok
{"@file":"src/psp/format_2025/runtime.rs","@level":"debug","@line":256,"@message":"  Processing unset pattern: 'REMOVE_ME'","@module":"flavor::psp::format_2025::runtime::runtime_impl::operations","@pid":11921,"@timestamp":"2026-03-31T20:29:04.451836Z"}
{"@file":"src/psp/format_2025/runtime.rs","@level":"debug","@line":256,"@message":"  Processing unset pattern: 'DROP_*'","@module":"flavor::psp::format_2025::runtime::runtime_impl::operations","@pid":11921,"@timestamp":"2026-03-31T20:29:04.452264Z"}
test psp::format_2025::trust::tests::test_compute_key_fingerprint_wrong_length ... {"@file":"src/psp/format_2025/runtime.rs","@level":"debug","@line":264,"@message":"  Match: exact pattern","@module":"flavor::psp::format_2025::runtime::runtime_impl::operations","@pid":11921,"@timestamp":"2026-03-31T20:29:04.452279Z"}
ok{"@file":"src/psp/format_2025/operations.rs","@level":"debug","@line":60,"@message":"✅ Operations unpacked: count=6 operations=[16, 75, 128, 253, 14, 133]","@module":"flavor::psp::format_2025::operations","@pid":11921,"@timestamp":"2026-03-31T20:29:04.452204Z"}

{"@file":"src/psp/format_2025/runtime.rs","@level":"debug","@line":330,"@message":"🗑️ Unset: REMOVE_ME","@module":"flavor::psp::format_2025::runtime::runtime_impl::operations","@pid":11921,"@timestamp":"2026-03-31T20:29:04.452309Z"}
test psp::format_2025::trust::tests::test_extract_ed25519_raw_key_valid_spki ... ok
{"@file":"src/psp/format_2025/runtime.rs","@level":"debug","@line":365,"@message":"🔄 Mapped: SOURCE -> RENAMED","@module":"flavor::psp::format_2025::runtime::runtime_impl::operations","@pid":11921,"@timestamp":"2026-03-31T20:29:04.452078Z"}
test psp::format_2025::trust::tests::test_extract_ed25519_raw_key_wrong_length ... ok
{"@file":"src/psp/format_2025/runtime.rs","@level":"debug","@line":86,"@message":"🧹 Stripped 1 env vars from child environment: REMOVE_ME","@module":"flavor::psp::format_2025::runtime::runtime_impl","@pid":11921,"@timestamp":"2026-03-31T20:29:04.452342Z"}
test psp::format_2025::trust::tests::test_extract_ed25519_raw_key_wrong_prefix ... ok
test psp::format_2025::trust::tests::test_is_key_trusted_no_store ... ok
{"@file":"src/psp/format_2025/operations.rs","@level":"debug","@line":60,"@message":"✅ Operations unpacked: count=8 operations=[201, 198, 172, 229, 179, 247, 181, 215]","@module":"flavor::psp::format_2025::operations","@pid":11921,"@timestamp":"2026-03-31T20:29:04.452218Z"}
test psp::format_2025::trust::tests::test_load_keys_from_dir_missing ... ok
{"@file":"src/psp/format_2025/operations.rs","@level":"debug","@line":37,"@message":"✅ Operations packed: result=790313416624","@module":"flavor::psp::format_2025::operations","@pid":11921,"@timestamp":"2026-03-31T20:29:04.452215Z"}
{"@file":"src/psp/format_2025/runtime.rs","@level":"debug","@line":92,"@message":"✅ Unset operations completed successfully","@module":"flavor::psp::format_2025::runtime::runtime_impl","@pid":11921,"@timestamp":"2026-03-31T20:29:04.452424Z"}
test psp::format_2025::verifier::tests::test_verify_slot_checksum_detects_tampering ... ok
{"@file":"src/psp/format_2025/runtime.rs","@level":"debug","@line":261,"@message":"  Match: glob pattern","@module":"flavor::psp::format_2025::runtime::runtime_impl::operations","@pid":11921,"@timestamp":"2026-03-31T20:29:04.452289Z"}
{"@file":"src/psp/format_2025/runtime.rs","@level":"debug","@line":386,"@message":"📝 Processing 1 set operations","@module":"flavor::psp::format_2025::runtime::runtime_impl::operations","@pid":11921,"@timestamp":"2026-03-31T20:29:04.452406Z"}
{"@file":"src/psp/format_2025/runtime.rs","@level":"debug","@line":86,"@message":"🧹 Stripped 2 env vars from child environment: DROP_A, DROP_B","@module":"flavor::psp::format_2025::runtime::runtime_impl","@pid":11921,"@timestamp":"2026-03-31T20:29:04.452578Z"}
{"@file":"src/psp/format_2025/runtime.rs","@level":"debug","@line":135,"@message":"✅ Runtime environment processing complete","@module":"flavor::psp::format_2025::runtime::runtime_impl","@pid":11921,"@timestamp":"2026-03-31T20:29:04.452554Z"}
{"@file":"src/psp/format_2025/runtime.rs","@level":"debug","@line":397,"@message":"📝 Set: ADDED = 'value'","@module":"flavor::psp::format_2025::runtime::runtime_impl::operations","@pid":11921,"@timestamp":"2026-03-31T20:29:04.452606Z"}
{"@file":"src/psp/format_2025/operations.rs","@level":"debug","@line":37,"@message":"✅ Operations packed: result=238","@module":"flavor::psp::format_2025::operations","@pid":11921,"@timestamp":"2026-03-31T20:29:04.452351Z"}
{"@file":"src/psp/format_2025/operations.rs","@level":"debug","@line":60,"@message":"✅ Operations unpacked: count=1 operations=[238]","@module":"flavor::psp::format_2025::operations","@pid":11921,"@timestamp":"2026-03-31T20:29:04.452719Z"}
{"@file":"src/psp/format_2025/runtime.rs","@level":"debug","@line":92,"@message":"✅ Unset operations completed successfully","@module":"flavor::psp::format_2025::runtime::runtime_impl","@pid":11921,"@timestamp":"2026-03-31T20:29:04.452610Z"}
test psp::format_2025::runtime::runtime_impl::tests::process_runtime_env_unset_exact_match_removes_variable ... ok
{"@file":"src/psp/format_2025/launcher/filesystem.rs","@level":"debug","@line":70,"@message":"Fixed shebang in \"tool\"","@module":"flavor::psp::format_2025::launcher::filesystem","@pid":11921,"@timestamp":"2026-03-31T20:29:04.452629Z"}
{"@file":"src/psp/format_2025/operations.rs","@level":"debug","@line":37,"@message":"✅ Operations packed: result=4662644012433195890","@module":"flavor::psp::format_2025::operations","@pid":11921,"@timestamp":"2026-03-31T20:29:04.452783Z"}
{"@file":"src/psp/format_2025/runtime.rs","@level":"debug","@line":135,"@message":"✅ Runtime environment processing complete","@module":"flavor::psp::format_2025::runtime::runtime_impl","@pid":11921,"@timestamp":"2026-03-31T20:29:04.452778Z"}
{"@file":"src/psp/format_2025/runtime.rs","@level":"debug","@line":135,"@message":"✅ Runtime environment processing complete","@module":"flavor::psp::format_2025::runtime::runtime_impl","@pid":11921,"@timestamp":"2026-03-31T20:29:04.452679Z"}
test psp::format_2025::runtime::runtime_impl::tests::process_runtime_env_unset_glob_pattern_removes_matching_variables ... ok
{"@file":"src/psp/format_2025/operations.rs","@level":"debug","@line":37,"@message":"✅ Operations packed: result=3","@module":"flavor::psp::format_2025::operations","@pid":11921,"@timestamp":"2026-03-31T20:29:04.452622Z"}
test psp::format_2025::runtime::runtime_impl::tests::process_runtime_env_applies_unset_map_and_set_operations ... ok
{"@file":"src/psp/format_2025/operations.rs","@level":"debug","@line":60,"@message":"✅ Operations unpacked: count=8 operations=[114, 195, 46, 139, 6, 10, 181, 64]","@module":"flavor::psp::format_2025::operations","@pid":11921,"@timestamp":"2026-03-31T20:29:04.452818Z"}
{"@file":"src/psp/format_2025/operations.rs","@level":"debug","@line":37,"@message":"✅ Operations packed: result=15543602040963647177","@module":"flavor::psp::format_2025::operations","@pid":11921,"@timestamp":"2026-03-31T20:29:04.452474Z"}
{"@file":"src/psp/format_2025/operations.rs","@level":"debug","@line":60,"@message":"✅ Operations unpacked: count=8 operations=[201, 198, 172, 229, 179, 247, 181, 215]","@module":"flavor::psp::format_2025::operations","@pid":11921,"@timestamp":"2026-03-31T20:29:04.453162Z"}
{"@file":"src/psp/format_2025/operations.rs","@level":"debug","@line":37,"@message":"✅ Operations packed: result=2157613648","@module":"flavor::psp::format_2025::operations","@pid":11921,"@timestamp":"2026-03-31T20:29:04.453197Z"}
{"@file":"src/psp/format_2025/operations.rs","@level":"debug","@line":37,"@message":"✅ Operations packed: result=1096062763485","@module":"flavor::psp::format_2025::operations","@pid":11921,"@timestamp":"2026-03-31T20:29:04.453178Z"}
{"@file":"src/psp/format_2025/operations.rs","@level":"debug","@line":60,"@message":"✅ Operations unpacked: count=4 operations=[80, 146, 154, 128]","@module":"flavor::psp::format_2025::operations","@pid":11921,"@timestamp":"2026-03-31T20:29:04.453265Z"}
{"@file":"src/psp/format_2025/operations.rs","@level":"debug","@line":37,"@message":"✅ Operations packed: result=246972150479817","@module":"flavor::psp::format_2025::operations","@pid":11921,"@timestamp":"2026-03-31T20:29:04.453310Z"}
{"@file":"src/psp/format_2025/operations.rs","@level":"debug","@line":60,"@message":"✅ Operations unpacked: count=8 operations=[204, 139, 6, 198, 85, 113, 203, 119]","@module":"flavor::psp::format_2025::operations","@pid":11921,"@timestamp":"2026-03-31T20:29:04.453310Z"}
{"@file":"src/psp/format_2025/operations.rs","@level":"debug","@line":37,"@message":"✅ Operations packed: result=228","@module":"flavor::psp::format_2025::operations","@pid":11921,"@timestamp":"2026-03-31T20:29:04.453365Z"}
{"@file":"src/psp/format_2025/operations.rs","@level":"debug","@line":37,"@message":"✅ Operations packed: result=8632117723994164172","@module":"flavor::psp::format_2025::operations","@pid":11921,"@timestamp":"2026-03-31T20:29:04.453371Z"}
{"@file":"src/psp/format_2025/operations.rs","@level":"debug","@line":37,"@message":"✅ Operations packed: result=207","@module":"flavor::psp::format_2025::operations","@pid":11921,"@timestamp":"2026-03-31T20:29:04.453420Z"}
{"@file":"src/psp/format_2025/operations.rs","@level":"debug","@line":37,"@message":"✅ Operations packed: result=0","@module":"flavor::psp::format_2025::operations","@pid":11921,"@timestamp":"2026-03-31T20:29:04.453403Z"}
{"@file":"src/psp/format_2025/operations.rs","@level":"debug","@line":60,"@message":"✅ Operations unpacked: count=8 operations=[204, 139, 6, 198, 85, 113, 203, 119]","@module":"flavor::psp::format_2025::operations","@pid":11921,"@timestamp":"2026-03-31T20:29:04.453526Z"}
{"@file":"src/psp/format_2025/operations.rs","@level":"debug","@line":60,"@message":"✅ Operations unpacked: count=0 operations=[]","@module":"flavor::psp::format_2025::operations","@pid":11921,"@timestamp":"2026-03-31T20:29:04.453596Z"}
{"@file":"src/psp/format_2025/operations.rs","@level":"debug","@line":37,"@message":"✅ Operations packed: result=2703041047303656745","@module":"flavor::psp::format_2025::operations","@pid":11921,"@timestamp":"2026-03-31T20:29:04.453655Z"}
{"@file":"src/psp/format_2025/operations.rs","@level":"debug","@line":60,"@message":"✅ Operations unpacked: count=8 operations=[38, 43, 107, 245, 148, 118, 239, 220]","@module":"flavor::psp::format_2025::operations","@pid":11921,"@timestamp":"2026-03-31T20:29:04.453705Z"}
{"@file":"src/psp/format_2025/operations.rs","@level":"debug","@line":37,"@message":"✅ Operations packed: result=15920073589922671398","@module":"flavor::psp::format_2025::operations","@pid":11921,"@timestamp":"2026-03-31T20:29:04.453763Z"}
{"@file":"src/psp/format_2025/operations.rs","@level":"debug","@line":37,"@message":"✅ Operations packed: result=702","@module":"flavor::psp::format_2025::operations","@pid":11921,"@timestamp":"2026-03-31T20:29:04.453780Z"}
{"@file":"src/psp/format_2025/operations.rs","@level":"debug","@line":37,"@message":"✅ Operations packed: result=185622646442850","@module":"flavor::psp::format_2025::operations","@pid":11921,"@timestamp":"2026-03-31T20:29:04.453784Z"}
{"@file":"src/psp/format_2025/operations.rs","@level":"debug","@line":60,"@message":"✅ Operations unpacked: count=6 operations=[98, 75, 231, 163, 210, 168]","@module":"flavor::psp::format_2025::operations","@pid":11921,"@timestamp":"2026-03-31T20:29:04.453908Z"}
test psp::format_2025::trust::tests::test_load_keys_from_dir_empty ... ok
{"@file":"src/psp/format_2025/operations.rs","@level":"debug","@line":37,"@message":"✅ Operations packed: result=134","@module":"flavor::psp::format_2025::operations","@pid":11921,"@timestamp":"2026-03-31T20:29:04.453981Z"}
{"@file":"src/psp/format_2025/operations.rs","@level":"debug","@line":37,"@message":"✅ Operations packed: result=1809234597","@module":"flavor::psp::format_2025::operations","@pid":11921,"@timestamp":"2026-03-31T20:29:04.454008Z"}
{"@file":"src/psp/format_2025/operations.rs","@level":"debug","@line":60,"@message":"✅ Operations unpacked: count=8 operations=[38, 43, 107, 245, 148, 118, 239, 220]","@module":"flavor::psp::format_2025::operations","@pid":11921,"@timestamp":"2026-03-31T20:29:04.453818Z"}
{"@file":"src/psp/format_2025/operations.rs","@level":"debug","@line":60,"@message":"✅ Operations unpacked: count=4 operations=[165, 186, 214, 107]","@module":"flavor::psp::format_2025::operations","@pid":11921,"@timestamp":"2026-03-31T20:29:04.454030Z"}
{"@file":"src/psp/format_2025/operations.rs","@level":"debug","@line":37,"@message":"✅ Operations packed: result=29935","@module":"flavor::psp::format_2025::operations","@pid":11921,"@timestamp":"2026-03-31T20:29:04.454035Z"}
{"@file":"src/psp/format_2025/operations.rs","@level":"debug","@line":37,"@message":"✅ Operations packed: result=13350774773","@module":"flavor::psp::format_2025::operations","@pid":11921,"@timestamp":"2026-03-31T20:29:04.454121Z"}
{"@file":"src/psp/format_2025/operations.rs","@level":"debug","@line":60,"@message":"✅ Operations unpacked: count=5 operations=[245, 167, 196, 27, 3]","@module":"flavor::psp::format_2025::operations","@pid":11921,"@timestamp":"2026-03-31T20:29:04.454149Z"}
{"@file":"src/psp/format_2025/operations.rs","@level":"debug","@line":60,"@message":"✅ Operations unpacked: count=8 operations=[226, 68, 11, 74, 218, 144, 129, 85]","@module":"flavor::psp::format_2025::operations","@pid":11921,"@timestamp":"2026-03-31T20:29:04.454166Z"}
{"@file":"src/psp/format_2025/operations.rs","@level":"debug","@line":37,"@message":"✅ Operations packed: result=6161365032439071970","@module":"flavor::psp::format_2025::operations","@pid":11921,"@timestamp":"2026-03-31T20:29:04.454190Z"}
{"@file":"src/psp/format_2025/operations.rs","@level":"debug","@line":37,"@message":"✅ Operations packed: result=62","@module":"flavor::psp::format_2025::operations","@pid":11921,"@timestamp":"2026-03-31T20:29:04.454198Z"}
{"@file":"src/psp/format_2025/operations.rs","@level":"debug","@line":60,"@message":"✅ Operations unpacked: count=8 operations=[226, 68, 11, 74, 218, 144, 129, 85]","@module":"flavor::psp::format_2025::operations","@pid":11921,"@timestamp":"2026-03-31T20:29:04.454213Z"}
{"@file":"src/psp/format_2025/operations.rs","@level":"debug","@line":60,"@message":"✅ Operations unpacked: count=1 operations=[62]","@module":"flavor::psp::format_2025::operations","@pid":11921,"@timestamp":"2026-03-31T20:29:04.454220Z"}
{"@file":"src/psp/format_2025/operations.rs","@level":"debug","@line":60,"@message":"✅ Operations unpacked: count=8 operations=[72, 202, 3, 136, 60, 34, 2, 216]","@module":"flavor::psp::format_2025::operations","@pid":11921,"@timestamp":"2026-03-31T20:29:04.454261Z"}
{"@file":"src/psp/format_2025/operations.rs","@level":"debug","@line":37,"@message":"✅ Operations packed: result=58203","@module":"flavor::psp::format_2025::operations","@pid":11921,"@timestamp":"2026-03-31T20:29:04.454267Z"}
{"@file":"src/psp/format_2025/operations.rs","@level":"debug","@line":37,"@message":"✅ Operations packed: result=15565040905521187400","@module":"flavor::psp::format_2025::operations","@pid":11921,"@timestamp":"2026-03-31T20:29:04.454296Z"}
{"@file":"src/psp/format_2025/operations.rs","@level":"debug","@line":37,"@message":"✅ Operations packed: result=706226962065","@module":"flavor::psp::format_2025::operations","@pid":11921,"@timestamp":"2026-03-31T20:29:04.454298Z"}
{"@file":"src/psp/format_2025/operations.rs","@level":"debug","@line":60,"@message":"✅ Operations unpacked: count=8 operations=[72, 202, 3, 136, 60, 34, 2, 216]","@module":"flavor::psp::format_2025::operations","@pid":11921,"@timestamp":"2026-03-31T20:29:04.454373Z"}
{"@file":"src/psp/format_2025/operations.rs","@level":"debug","@line":37,"@message":"✅ Operations packed: result=271160649540813","@module":"flavor::psp::format_2025::operations","@pid":11921,"@timestamp":"2026-03-31T20:29:04.454419Z"}
{"@file":"src/psp/format_2025/operations.rs","@level":"debug","@line":60,"@message":"✅ Operations unpacked: count=2 operations=[91, 227]","@module":"flavor::psp::format_2025::operations","@pid":11921,"@timestamp":"2026-03-31T20:29:04.454340Z"}
{"@file":"src/psp/format_2025/operations.rs","@level":"debug","@line":37,"@message":"✅ Operations packed: result=4825309","@module":"flavor::psp::format_2025::operations","@pid":11921,"@timestamp":"2026-03-31T20:29:04.454471Z"}
{"@file":"src/psp/format_2025/operations.rs","@level":"debug","@line":60,"@message":"✅ Operations unpacked: count=8 operations=[75, 241, 148, 159, 34, 250, 96, 52]","@module":"flavor::psp::format_2025::operations","@pid":11921,"@timestamp":"2026-03-31T20:29:04.454449Z"}
{"@file":"src/psp/format_2025/operations.rs","@level":"debug","@line":37,"@message":"✅ Operations packed: result=57","@module":"flavor::psp::format_2025::operations","@pid":11921,"@timestamp":"2026-03-31T20:29:04.454532Z"}
{"@file":"src/psp/format_2025/operations.rs","@level":"debug","@line":37,"@message":"✅ Operations packed: result=3774291514349646155","@module":"flavor::psp::format_2025::operations","@pid":11921,"@timestamp":"2026-03-31T20:29:04.454548Z"}
{"@file":"src/psp/format_2025/operations.rs","@level":"debug","@line":37,"@message":"✅ Operations packed: result=1904967609","@module":"flavor::psp::format_2025::operations","@pid":11921,"@timestamp":"2026-03-31T20:29:04.454591Z"}
{"@file":"src/psp/format_2025/operations.rs","@level":"debug","@line":37,"@message":"✅ Operations packed: result=109328953233983","@module":"flavor::psp::format_2025::operations","@pid":11921,"@timestamp":"2026-03-31T20:29:04.454609Z"}
{"@file":"src/psp/format_2025/operations.rs","@level":"debug","@line":60,"@message":"✅ Operations unpacked: count=8 operations=[75, 241, 148, 159, 34, 250, 96, 52]","@module":"flavor::psp::format_2025::operations","@pid":11921,"@timestamp":"2026-03-31T20:29:04.454654Z"}
{"@file":"src/psp/format_2025/operations.rs","@level":"debug","@line":60,"@message":"✅ Operations unpacked: count=6 operations=[63, 210, 107, 33, 111, 99]","@module":"flavor::psp::format_2025::operations","@pid":11921,"@timestamp":"2026-03-31T20:29:04.454716Z"}
{"@file":"src/psp/format_2025/operations.rs","@level":"debug","@line":37,"@message":"✅ Operations packed: result=159","@module":"flavor::psp::format_2025::operations","@pid":11921,"@timestamp":"2026-03-31T20:29:04.454759Z"}
{"@file":"src/psp/format_2025/operations.rs","@level":"debug","@line":37,"@message":"✅ Operations packed: result=24640190510800","@module":"flavor::psp::format_2025::operations","@pid":11921,"@timestamp":"2026-03-31T20:29:04.454874Z"}
test psp::format_2025::execution::validation::tests::save_and_validate_package_checksum_round_trip ... {"@file":"src/psp/format_2025/operations.rs","@level":"debug","@line":60,"@message":"✅ Operations unpacked: count=8 operations=[165, 138, 26, 164, 172, 213, 98, 8]","@module":"flavor::psp::format_2025::operations","@pid":11921,"@timestamp":"2026-03-31T20:29:04.454864Z"}
ok
{"@file":"src/psp/format_2025/operations.rs","@level":"debug","@line":37,"@message":"✅ Operations packed: result=113999006176","@module":"flavor::psp::format_2025::operations","@pid":11921,"@timestamp":"2026-03-31T20:29:04.454937Z"}
{"@file":"src/psp/format_2025/operations.rs","@level":"debug","@line":37,"@message":"✅ Operations packed: result=604280237485361829","@module":"flavor::psp::format_2025::operations","@pid":11921,"@timestamp":"2026-03-31T20:29:04.455013Z"}
{"@file":"src/psp/format_2025/backends.rs","@level":"debug","@line":204,"@message":"📁 File backend opened /var/folders/sg/wy47gw996f78fznt898m8x540000gn/T/.tmpxQaY1e (8367 bytes) in 132.875µs","@module":"flavor::psp::format_2025::backends","@pid":11921,"@timestamp":"2026-03-31T20:29:04.454866Z"}
{"@file":"src/psp/format_2025/reader.rs","@level":"debug","@line":274,"@message":"Trailer size: 8200, file size: 8367 bytes","@module":"flavor::psp::format_2025::reader","@pid":11921,"@timestamp":"2026-03-31T20:29:04.455130Z"}
{"@file":"src/psp/format_2025/operations.rs","@level":"debug","@line":37,"@message":"✅ Operations packed: result=846969165123336","@module":"flavor::psp::format_2025::operations","@pid":11921,"@timestamp":"2026-03-31T20:29:04.454891Z"}
{"@file":"src/psp/format_2025/operations.rs","@level":"debug","@line":37,"@message":"✅ Operations packed: result=73","@module":"flavor::psp::format_2025::operations","@pid":11921,"@timestamp":"2026-03-31T20:29:04.455064Z"}
{"@file":"src/psp/format_2025/backends.rs","@level":"debug","@line":204,"@message":"📁 File backend opened /var/folders/sg/wy47gw996f78fznt898m8x540000gn/T/.tmpSCtNXl (8352 bytes) in 362.209µs","@module":"flavor::psp::format_2025::backends","@pid":11921,"@timestamp":"2026-03-31T20:29:04.455211Z"}
{"@file":"src/psp/format_2025/operations.rs","@level":"debug","@line":60,"@message":"✅ Operations unpacked: count=8 operations=[165, 138, 26, 164, 172, 213, 98, 8]","@module":"flavor::psp::format_2025::operations","@pid":11921,"@timestamp":"2026-03-31T20:29:04.455079Z"}
{"@file":"src/psp/format_2025/operations.rs","@level":"debug","@line":37,"@message":"✅ Operations packed: result=929294501879","@module":"flavor::psp::format_2025::operations","@pid":11921,"@timestamp":"2026-03-31T20:29:04.455257Z"}
{"@file":"src/psp/format_2025/reader.rs","@level":"debug","@line":274,"@message":"Trailer size: 8200, file size: 8352 bytes","@module":"flavor::psp::format_2025::reader","@pid":11921,"@timestamp":"2026-03-31T20:29:04.455268Z"}
{"@file":"src/psp/format_2025/index.rs","@level":"debug","@line":181,"@message":"Parsed metadata_offset: 0x0000000000000000 (0)","@module":"flavor::psp::format_2025::index","@pid":11921,"@timestamp":"2026-03-31T20:29:04.455303Z"}
{"@file":"src/psp/format_2025/operations.rs","@level":"debug","@line":37,"@message":"✅ Operations packed: result=182","@module":"flavor::psp::format_2025::operations","@pid":11921,"@timestamp":"2026-03-31T20:29:04.455313Z"}
{"@file":"src/psp/format_2025/index.rs","@level":"debug","@line":182,"@message":"Parsed metadata_size: 152 bytes","@module":"flavor::psp::format_2025::index","@pid":11921,"@timestamp":"2026-03-31T20:29:04.455325Z"}
{"@file":"src/psp/format_2025/index.rs","@level":"debug","@line":181,"@message":"Parsed metadata_offset: 0x0000000000000058 (88)","@module":"flavor::psp::format_2025::index","@pid":11921,"@timestamp":"2026-03-31T20:29:04.455165Z"}
{"@file":"src/psp/format_2025/reader.rs","@level":"debug","@line":99,"@message":"Parsed index values:","@module":"flavor::psp::format_2025::reader","@pid":11921,"@timestamp":"2026-03-31T20:29:04.455361Z"}
{"@file":"src/psp/format_2025/operations.rs","@level":"debug","@line":37,"@message":"✅ Operations packed: result=14835","@module":"flavor::psp::format_2025::operations","@pid":11921,"@timestamp":"2026-03-31T20:29:04.455370Z"}
{"@file":"src/psp/format_2025/reader.rs","@level":"debug","@line":100,"@message":"  package_size: 8352","@module":"flavor::psp::format_2025::reader","@pid":11921,"@timestamp":"2026-03-31T20:29:04.455388Z"}
{"@file":"src/psp/format_2025/index.rs","@level":"debug","@line":182,"@message":"Parsed metadata_size: 79 bytes","@module":"flavor::psp::format_2025::index","@pid":11921,"@timestamp":"2026-03-31T20:29:04.455372Z"}
{"@file":"src/psp/format_2025/operations.rs","@level":"debug","@line":60,"@message":"✅ Operations unpacked: count=7 operations=[8, 15, 57, 96, 80, 2, 3]","@module":"flavor::psp::format_2025::operations","@pid":11921,"@timestamp":"2026-03-31T20:29:04.455211Z"}
{"@file":"src/psp/format_2025/operations.rs","@level":"debug","@line":60,"@message":"✅ Operations unpacked: count=8 operations=[201, 129, 35, 203, 119, 57, 42, 120]","@module":"flavor::psp::format_2025::operations","@pid":11921,"@timestamp":"2026-03-31T20:29:04.455340Z"}
{"@file":"src/psp/format_2025/backends.rs","@level":"debug","@line":204,"@message":"📁 File backend opened /var/folders/sg/wy47gw996f78fznt898m8x540000gn/T/.tmpQjlOXK (8279 bytes) in 428.666µs","@module":"flavor::psp::format_2025::backends","@pid":11921,"@timestamp":"2026-03-31T20:29:04.455392Z"}
{"@file":"src/psp/format_2025/operations.rs","@level":"debug","@line":37,"@message":"✅ Operations packed: result=8658796420245193161","@module":"flavor::psp::format_2025::operations","@pid":11921,"@timestamp":"2026-03-31T20:29:04.455465Z"}
{"@file":"src/psp/format_2025/reader.rs","@level":"debug","@line":101,"@message":"  launcher_size: 0","@module":"flavor::psp::format_2025::reader","@pid":11921,"@timestamp":"2026-03-31T20:29:04.455416Z"}
{"@file":"src/psp/format_2025/backends.rs","@level":"debug","@line":204,"@message":"📁 File backend opened /var/folders/sg/wy47gw996f78fznt898m8x540000gn/T/.tmpHyFBaE (8363 bytes) in 503.125µs","@module":"flavor::psp::format_2025::backends","@pid":11921,"@timestamp":"2026-03-31T20:29:04.455403Z"}
{"@file":"src/psp/format_2025/reader.rs","@level":"debug","@line":102,"@message":"  metadata_offset: 0x0000000000000000 (0)","@module":"flavor::psp::format_2025::reader","@pid":11921,"@timestamp":"2026-03-31T20:29:04.455506Z"}
{"@file":"src/psp/format_2025/operations.rs","@level":"debug","@line":37,"@message":"✅ Operations packed: result=107827084609524","@module":"flavor::psp::format_2025::operations","@pid":11921,"@timestamp":"2026-03-31T20:29:04.455435Z"}
{"@file":"src/psp/format_2025/reader.rs","@level":"debug","@line":274,"@message":"Trailer size: 8200, file size: 8363 bytes","@module":"flavor::psp::format_2025::reader","@pid":11921,"@timestamp":"2026-03-31T20:29:04.455536Z"}
{"@file":"src/psp/format_2025/backends.rs","@level":"debug","@line":204,"@message":"📁 File backend opened /var/folders/sg/wy47gw996f78fznt898m8x540000gn/T/.tmpzhLUo9 (8364 bytes) in 370.542µs","@module":"flavor::psp::format_2025::backends","@pid":11921,"@timestamp":"2026-03-31T20:29:04.455547Z"}
{"@file":"src/psp/format_2025/index.rs","@level":"debug","@line":181,"@message":"Parsed metadata_offset: 0x0000000000000054 (84)","@module":"flavor::psp::format_2025::index","@pid":11921,"@timestamp":"2026-03-31T20:29:04.455573Z"}
{"@file":"src/psp/format_2025/operations.rs","@level":"debug","@line":60,"@message":"✅ Operations unpacked: count=8 operations=[201, 129, 35, 203, 119, 57, 42, 120]","@module":"flavor::psp::format_2025::operations","@pid":11921,"@timestamp":"2026-03-31T20:29:04.455495Z"}
{"@file":"src/psp/format_2025/index.rs","@level":"debug","@line":182,"@message":"Parsed metadata_size: 79 bytes","@module":"flavor::psp::format_2025::index","@pid":11921,"@timestamp":"2026-03-31T20:29:04.455602Z"}
{"@file":"src/psp/format_2025/backends.rs","@level":"debug","@line":204,"@message":"📁 File backend opened /var/folders/sg/wy47gw996f78fznt898m8x540000gn/T/.tmpN1TPwt (8364 bytes) in 542µs","@module":"flavor::psp::format_2025::backends","@pid":11921,"@timestamp":"2026-03-31T20:29:04.455522Z"}
test psp::format_2025::trust::tests::test_load_keys_from_dir_bad_pub_file_skipped ... ok{"@file":"src/psp/format_2025/reader.rs","@level":"debug","@line":99,"@message":"Parsed index values:","@module":"flavor::psp::format_2025::reader","@pid":11921,"@timestamp":"2026-03-31T20:29:04.455640Z"}

{"@file":"src/psp/format_2025/operations.rs","@level":"debug","@line":60,"@message":"✅ Operations unpacked: count=8 operations=[61, 136, 243, 241, 52, 105, 118, 95]","@module":"flavor::psp::format_2025::operations","@pid":11921,"@timestamp":"2026-03-31T20:29:04.455652Z"}
{"@file":"src/psp/format_2025/reader.rs","@level":"debug","@line":100,"@message":"  package_size: 8363","@module":"flavor::psp::format_2025::reader","@pid":11921,"@timestamp":"2026-03-31T20:29:04.455673Z"}
{"@file":"src/psp/format_2025/reader.rs","@level":"debug","@line":274,"@message":"Trailer size: 8200, file size: 8279 bytes","@module":"flavor::psp::format_2025::reader","@pid":11921,"@timestamp":"2026-03-31T20:29:04.455491Z"}
{"@file":"src/psp/format_2025/reader.rs","@level":"debug","@line":101,"@message":"  launcher_size: 0","@module":"flavor::psp::format_2025::reader","@pid":11921,"@timestamp":"2026-03-31T20:29:04.455697Z"}
{"@file":"src/psp/format_2025/index.rs","@level":"debug","@line":181,"@message":"Parsed metadata_offset: 0x0000000000000000 (0)","@module":"flavor::psp::format_2025::index","@pid":11921,"@timestamp":"2026-03-31T20:29:04.455712Z"}
test psp::format_2025::execution::validation::tests::save_index_metadata_writes_expected_json_fields ... {"@file":"src/psp/format_2025/reader.rs","@level":"debug","@line":102,"@message":"  metadata_offset: 0x0000000000000054 (84)","@module":"flavor::psp::format_2025::reader","@pid":11921,"@timestamp":"2026-03-31T20:29:04.455721Z"}
ok{"@file":"src/psp/format_2025/reader.rs","@level":"debug","@line":99,"@message":"Parsed index values:","@module":"flavor::psp::format_2025::reader","@pid":11921,"@timestamp":"2026-03-31T20:29:04.455431Z"}

{"@file":"src/psp/format_2025/reader.rs","@level":"debug","@line":106,"@message":"  metadata_size: 79 bytes","@module":"flavor::psp::format_2025::reader","@pid":11921,"@timestamp":"2026-03-31T20:29:04.455746Z"}
{"@file":"src/psp/format_2025/reader.rs","@level":"debug","@line":106,"@message":"  metadata_size: 152 bytes","@module":"flavor::psp::format_2025::reader","@pid":11921,"@timestamp":"2026-03-31T20:29:04.455546Z"}
{"@file":"src/psp/format_2025/reader.rs","@level":"debug","@line":107,"@message":"  slot_table_offset: 0x0000000000000014","@module":"flavor::psp::format_2025::reader","@pid":11921,"@timestamp":"2026-03-31T20:29:04.455769Z"}
{"@file":"src/psp/format_2025/backends.rs","@level":"debug","@line":204,"@message":"📁 File backend opened /var/folders/sg/wy47gw996f78fznt898m8x540000gn/T/.tmpPLS9bt (8329 bytes) in 426.375µs","@module":"flavor::psp::format_2025::backends","@pid":11921,"@timestamp":"2026-03-31T20:29:04.455551Z"}
{"@file":"src/psp/format_2025/reader.rs","@level":"debug","@line":108,"@message":"  slot_count: 1","@module":"flavor::psp::format_2025::reader","@pid":11921,"@timestamp":"2026-03-31T20:29:04.455797Z"}
{"@file":"src/psp/format_2025/backends.rs","@level":"debug","@line":204,"@message":"📁 File backend opened /var/folders/sg/wy47gw996f78fznt898m8x540000gn/T/.tmpfrePug (8329 bytes) in 522.834µs","@module":"flavor::psp::format_2025::backends","@pid":11921,"@timestamp":"2026-03-31T20:29:04.455411Z"}
{"@file":"src/psp/format_2025/operations.rs","@level":"debug","@line":37,"@message":"✅ Operations packed: result=0","@module":"flavor::psp::format_2025::operations","@pid":11921,"@timestamp":"2026-03-31T20:29:04.455595Z"}
{"@file":"src/psp/format_2025/reader.rs","@level":"debug","@line":274,"@message":"Trailer size: 8200, file size: 8364 bytes","@module":"flavor::psp::format_2025::reader","@pid":11921,"@timestamp":"2026-03-31T20:29:04.455603Z"}
{"@file":"src/psp/format_2025/reader.rs","@level":"debug","@line":274,"@message":"Trailer size: 8200, file size: 8329 bytes","@module":"flavor::psp::format_2025::reader","@pid":11921,"@timestamp":"2026-03-31T20:29:04.455860Z"}
{"@file":"src/psp/format_2025/operations.rs","@level":"debug","@line":37,"@message":"✅ Operations packed: result=19531661876639","@module":"flavor::psp::format_2025::operations","@pid":11921,"@timestamp":"2026-03-31T20:29:04.455479Z"}
test psp::format_2025::launcher::filesystem::tests::fix_shebangs_rewrites_matching_scripts_only ... {"@file":"src/psp/format_2025/index.rs","@level":"debug","@line":181,"@message":"Parsed metadata_offset: 0x0000000000000000 (0)","@module":"flavor::psp::format_2025::index","@pid":11921,"@timestamp":"2026-03-31T20:29:04.455887Z"}
ok{"@file":"src/psp/format_2025/reader.rs","@level":"debug","@line":274,"@message":"Trailer size: 8200, file size: 8364 bytes","@module":"flavor::psp::format_2025::reader","@pid":11921,"@timestamp":"2026-03-31T20:29:04.455667Z"}

{"@file":"src/psp/format_2025/index.rs","@level":"debug","@line":182,"@message":"Parsed metadata_size: 129 bytes","@module":"flavor::psp::format_2025::index","@pid":11921,"@timestamp":"2026-03-31T20:29:04.455923Z"}
{"@file":"src/psp/format_2025/operations.rs","@level":"debug","@line":37,"@message":"✅ Operations packed: result=6878801156973496381","@module":"flavor::psp::format_2025::operations","@pid":11921,"@timestamp":"2026-03-31T20:29:04.455689Z"}
{"@file":"src/psp/format_2025/reader.rs","@level":"debug","@line":274,"@message":"Trailer size: 8200, file size: 8329 bytes","@module":"flavor::psp::format_2025::reader","@pid":11921,"@timestamp":"2026-03-31T20:29:04.455830Z"}
{"@file":"src/psp/format_2025/index.rs","@level":"debug","@line":182,"@message":"Parsed metadata_size: 79 bytes","@module":"flavor::psp::format_2025::index","@pid":11921,"@timestamp":"2026-03-31T20:29:04.455737Z"}
{"@file":"src/psp/format_2025/index.rs","@level":"debug","@line":181,"@message":"Parsed metadata_offset: 0x0000000000000000 (0)","@module":"flavor::psp::format_2025::index","@pid":11921,"@timestamp":"2026-03-31T20:29:04.455980Z"}
{"@file":"src/psp/format_2025/reader.rs","@level":"debug","@line":100,"@message":"  package_size: 8367","@module":"flavor::psp::format_2025::reader","@pid":11921,"@timestamp":"2026-03-31T20:29:04.455760Z"}
{"@file":"src/psp/format_2025/reader.rs","@level":"debug","@line":99,"@message":"Parsed index values:","@module":"flavor::psp::format_2025::reader","@pid":11921,"@timestamp":"2026-03-31T20:29:04.455997Z"}
{"@file":"src/psp/format_2025/reader.rs","@level":"debug","@line":101,"@message":"  launcher_size: 0","@module":"flavor::psp::format_2025::reader","@pid":11921,"@timestamp":"2026-03-31T20:29:04.456014Z"}
{"@file":"src/psp/format_2025/operations.rs","@level":"debug","@line":60,"@message":"✅ Operations unpacked: count=6 operations=[159, 157, 196, 145, 195, 17]","@module":"flavor::psp::format_2025::operations","@pid":11921,"@timestamp":"2026-03-31T20:29:04.455901Z"}
{"@file":"src/psp/format_2025/reader.rs","@level":"debug","@line":107,"@message":"  slot_table_offset: 0x0000000000000000","@module":"flavor::psp::format_2025::reader","@pid":11921,"@timestamp":"2026-03-31T20:29:04.455786Z"}
{"@file":"src/psp/format_2025/index.rs","@level":"debug","@line":181,"@message":"Parsed metadata_offset: 0x0000000000000000 (0)","@module":"flavor::psp::format_2025::index","@pid":11921,"@timestamp":"2026-03-31T20:29:04.455942Z"}
{"@file":"src/psp/format_2025/reader.rs","@level":"debug","@line":108,"@message":"  slot_count: 0","@module":"flavor::psp::format_2025::reader","@pid":11921,"@timestamp":"2026-03-31T20:29:04.456065Z"}
{"@file":"src/psp/format_2025/operations.rs","@level":"debug","@line":37,"@message":"✅ Operations packed: result=18","@module":"flavor::psp::format_2025::operations","@pid":11921,"@timestamp":"2026-03-31T20:29:04.456080Z"}
{"@file":"src/psp/format_2025/index.rs","@level":"debug","@line":181,"@message":"Parsed metadata_offset: 0x0000000000000055 (85)","@module":"flavor::psp::format_2025::index","@pid":11921,"@timestamp":"2026-03-31T20:29:04.455878Z"}
{"@file":"src/psp/format_2025/operations.rs","@level":"debug","@line":37,"@message":"✅ Operations packed: result=130","@module":"flavor::psp::format_2025::operations","@pid":11921,"@timestamp":"2026-03-31T20:29:04.455892Z"}
{"@file":"src/psp/format_2025/index.rs","@level":"debug","@line":182,"@message":"Parsed metadata_size: 129 bytes","@module":"flavor::psp::format_2025::index","@pid":11921,"@timestamp":"2026-03-31T20:29:04.456004Z"}
{"@file":"src/psp/format_2025/reader.rs","@level":"debug","@line":117,"@message":"Index loaded in 374.667µs","@module":"flavor::psp::format_2025::reader","@pid":11921,"@timestamp":"2026-03-31T20:29:04.455897Z"}
{"@file":"src/psp/format_2025/reader.rs","@level":"debug","@line":100,"@message":"  package_size: 8279","@module":"flavor::psp::format_2025::reader","@pid":11921,"@timestamp":"2026-03-31T20:29:04.456025Z"}
{"@file":"src/psp/format_2025/reader.rs","@level":"debug","@line":297,"@message":"📊 Reading 1 slot descriptors from offset 0x14","@module":"flavor::psp::format_2025::reader","@pid":11921,"@timestamp":"2026-03-31T20:29:04.456139Z"}
{"@file":"src/psp/format_2025/reader.rs","@level":"debug","@line":101,"@message":"  launcher_size: 0","@module":"flavor::psp::format_2025::reader","@pid":11921,"@timestamp":"2026-03-31T20:29:04.456150Z"}
{"@file":"src/psp/format_2025/reader.rs","@level":"debug","@line":117,"@message":"Index loaded in 906.083µs","@module":"flavor::psp::format_2025::reader","@pid":11921,"@timestamp":"2026-03-31T20:29:04.456160Z"}
{"@file":"src/psp/format_2025/reader.rs","@level":"debug","@line":102,"@message":"  metadata_offset: 0x0000000000000000 (0)","@module":"flavor::psp::format_2025::reader","@pid":11921,"@timestamp":"2026-03-31T20:29:04.456175Z"}
{"@file":"src/psp/format_2025/operations.rs","@level":"debug","@line":60,"@message":"✅ Operations unpacked: count=1 operations=[18]","@module":"flavor::psp::format_2025::operations","@pid":11921,"@timestamp":"2026-03-31T20:29:04.456106Z"}
test psp::format_2025::execution::validation::tests::check_workenv_validity_requires_complete_marker_and_matching_checksum ... ok{"@file":"src/psp/format_2025/reader.rs","@level":"debug","@line":106,"@message":"  metadata_size: 79 bytes","@module":"flavor::psp::format_2025::reader","@pid":11921,"@timestamp":"2026-03-31T20:29:04.456203Z"}

{"@file":"src/psp/format_2025/reader.rs","@level":"debug","@line":99,"@message":"Parsed index values:","@module":"flavor::psp::format_2025::reader","@pid":11921,"@timestamp":"2026-03-31T20:29:04.456133Z"}
{"@file":"src/psp/format_2025/reader.rs","@level":"debug","@line":107,"@message":"  slot_table_offset: 0x0000000000000000","@module":"flavor::psp::format_2025::reader","@pid":11921,"@timestamp":"2026-03-31T20:29:04.456228Z"}
{"@file":"src/psp/format_2025/operations.rs","@level":"debug","@line":37,"@message":"✅ Operations packed: result=369403978844","@module":"flavor::psp::format_2025::operations","@pid":11921,"@timestamp":"2026-03-31T20:29:04.456151Z"}
{"@file":"src/psp/format_2025/reader.rs","@level":"debug","@line":108,"@message":"  slot_count: 0","@module":"flavor::psp::format_2025::reader","@pid":11921,"@timestamp":"2026-03-31T20:29:04.456254Z"}
{"@file":"src/psp/format_2025/operations.rs","@level":"debug","@line":60,"@message":"✅ Operations unpacked: count=8 operations=[61, 136, 243, 241, 52, 105, 118, 95]","@module":"flavor::psp::format_2025::operations","@pid":11921,"@timestamp":"2026-03-31T20:29:04.455969Z"}
{"@file":"src/psp/format_2025/index.rs","@level":"debug","@line":182,"@message":"Parsed metadata_size: 164 bytes","@module":"flavor::psp::format_2025::index","@pid":11921,"@timestamp":"2026-03-31T20:29:04.456079Z"}
{"@file":"src/psp/format_2025/reader.rs","@level":"debug","@line":141,"@message":"📖 Reading metadata from offset 0x0, size 152 bytes","@module":"flavor::psp::format_2025::reader","@pid":11921,"@timestamp":"2026-03-31T20:29:04.456191Z"}
{"@file":"src/psp/format_2025/operations.rs","@level":"debug","@line":37,"@message":"✅ Operations packed: result=964638460556","@module":"flavor::psp::format_2025::operations","@pid":11921,"@timestamp":"2026-03-31T20:29:04.456309Z"}
test psp::format_2025::verifier::tests::test_attestation_sbom_digest_match ... {"@file":"src/psp/format_2025/operations.rs","@level":"debug","@line":60,"@message":"✅ Operations unpacked: count=8 operations=[107, 183, 6, 237, 15, 2, 252, 142]","@module":"flavor::psp::format_2025::operations","@pid":11921,"@timestamp":"2026-03-31T20:29:04.456326Z"}
ok
{"@file":"src/psp/format_2025/reader.rs","@level":"debug","@line":117,"@message":"Index loaded in 867.333µs","@module":"flavor::psp::format_2025::reader","@pid":11921,"@timestamp":"2026-03-31T20:29:04.456346Z"}
{"@file":"src/psp/format_2025/operations.rs","@level":"debug","@line":37,"@message":"✅ Operations packed: result=10303112314941257579","@module":"flavor::psp::format_2025::operations","@pid":11921,"@timestamp":"2026-03-31T20:29:04.456361Z"}
{"@file":"src/psp/format_2025/reader.rs","@level":"debug","@line":297,"@message":"📊 Reading 0 slot descriptors from offset 0x0","@module":"flavor::psp::format_2025::reader","@pid":11921,"@timestamp":"2026-03-31T20:29:04.456377Z"}
{"@file":"src/psp/format_2025/reader.rs","@level":"debug","@line":99,"@message":"Parsed index values:","@module":"flavor::psp::format_2025::reader","@pid":11921,"@timestamp":"2026-03-31T20:29:04.456313Z"}
{"@file":"src/psp/format_2025/index.rs","@level":"debug","@line":182,"@message":"Parsed metadata_size: 79 bytes","@module":"flavor::psp::format_2025::index","@pid":11921,"@timestamp":"2026-03-31T20:29:04.456114Z"}
{"@file":"src/psp/format_2025/reader.rs","@level":"debug","@line":102,"@message":"  metadata_offset: 0x0000000000000058 (88)","@module":"flavor::psp::format_2025::reader","@pid":11921,"@timestamp":"2026-03-31T20:29:04.456038Z"}
{"@file":"src/psp/format_2025/reader.rs","@level":"debug","@line":99,"@message":"Parsed index values:","@module":"flavor::psp::format_2025::reader","@pid":11921,"@timestamp":"2026-03-31T20:29:04.456433Z"}
{"@file":"src/psp/format_2025/operations.rs","@level":"debug","@line":37,"@message":"✅ Operations packed: result=10508692083159530014","@module":"flavor::psp::format_2025::operations","@pid":11921,"@timestamp":"2026-03-31T20:29:04.456246Z"}
{"@file":"src/psp/format_2025/operations.rs","@level":"debug","@line":37,"@message":"✅ Operations packed: result=76658402824979","@module":"flavor::psp::format_2025::operations","@pid":11921,"@timestamp":"2026-03-31T20:29:04.456370Z"}
{"@file":"src/psp/format_2025/operations.rs","@level":"debug","@line":60,"@message":"✅ Operations unpacked: count=8 operations=[30, 250, 174, 174, 197, 95, 214, 145]","@module":"flavor::psp::format_2025::operations","@pid":11921,"@timestamp":"2026-03-31T20:29:04.456470Z"}
{"@file":"src/psp/format_2025/operations.rs","@level":"debug","@line":60,"@message":"✅ Operations unpacked: count=8 operations=[107, 183, 6, 237, 15, 2, 252, 142]","@module":"flavor::psp::format_2025::operations","@pid":11921,"@timestamp":"2026-03-31T20:29:04.456399Z"}
{"@file":"src/psp/format_2025/reader.rs","@level":"debug","@line":100,"@message":"  package_size: 8364","@module":"flavor::psp::format_2025::reader","@pid":11921,"@timestamp":"2026-03-31T20:29:04.456421Z"}
{"@file":"src/psp/format_2025/operations.rs","@level":"debug","@line":37,"@message":"✅ Operations packed: result=5031310155068755964","@module":"flavor::psp::format_2025::operations","@pid":11921,"@timestamp":"2026-03-31T20:29:04.456519Z"}
{"@file":"src/psp/format_2025/reader.rs","@level":"debug","@line":101,"@message":"  launcher_size: 0","@module":"flavor::psp::format_2025::reader","@pid":11921,"@timestamp":"2026-03-31T20:29:04.456531Z"}
{"@file":"src/psp/format_2025/reader.rs","@level":"debug","@line":100,"@message":"  package_size: 8364","@module":"flavor::psp::format_2025::reader","@pid":11921,"@timestamp":"2026-03-31T20:29:04.456457Z"}
test psp::format_2025::verifier::tests::test_attestation_sbom_digest_present_no_slot ... {"@file":"src/psp/format_2025/reader.rs","@level":"debug","@line":102,"@message":"  metadata_offset: 0x0000000000000000 (0)","@module":"flavor::psp::format_2025::reader","@pid":11921,"@timestamp":"2026-03-31T20:29:04.456561Z"}
ok{"@file":"src/psp/format_2025/reader.rs","@level":"debug","@line":101,"@message":"  launcher_size: 0","@module":"flavor::psp::format_2025::reader","@pid":11921,"@timestamp":"2026-03-31T20:29:04.456576Z"}

{"@file":"src/psp/format_2025/operations.rs","@level":"debug","@line":37,"@message":"✅ Operations packed: result=10873708490562067911","@module":"flavor::psp::format_2025::operations","@pid":11921,"@timestamp":"2026-03-31T20:29:04.456531Z"}
{"@file":"src/psp/format_2025/reader.rs","@level":"debug","@line":106,"@message":"  metadata_size: 79 bytes","@module":"flavor::psp::format_2025::reader","@pid":11921,"@timestamp":"2026-03-31T20:29:04.456447Z"}
{"@file":"src/psp/format_2025/reader.rs","@level":"debug","@line":233,"@message":"✅ Successfully parsed metadata for test v0.0.1","@module":"flavor::psp::format_2025::reader","@pid":11921,"@timestamp":"2026-03-31T20:29:04.456605Z"}
{"@file":"src/psp/format_2025/reader.rs","@level":"debug","@line":107,"@message":"  slot_table_offset: 0x0000000000000018","@module":"flavor::psp::format_2025::reader","@pid":11921,"@timestamp":"2026-03-31T20:29:04.456625Z"}
{"@file":"src/psp/format_2025/operations.rs","@level":"debug","@line":37,"@message":"✅ Operations packed: result=24201","@module":"flavor::psp::format_2025::operations","@pid":11921,"@timestamp":"2026-03-31T20:29:04.456577Z"}
{"@file":"src/psp/format_2025/reader.rs","@level":"debug","@line":100,"@message":"  package_size: 8329","@module":"flavor::psp::format_2025::reader","@pid":11921,"@timestamp":"2026-03-31T20:29:04.456246Z"}
{"@file":"src/psp/format_2025/reader.rs","@level":"debug","@line":108,"@message":"  slot_count: 1","@module":"flavor::psp::format_2025::reader","@pid":11921,"@timestamp":"2026-03-31T20:29:04.456650Z"}
{"@file":"src/psp/format_2025/reader.rs","@level":"debug","@line":106,"@message":"  metadata_size: 164 bytes","@module":"flavor::psp::format_2025::reader","@pid":11921,"@timestamp":"2026-03-31T20:29:04.456594Z"}
{"@file":"src/psp/format_2025/operations.rs","@level":"debug","@line":60,"@message":"✅ Operations unpacked: count=8 operations=[211, 145, 45, 255, 76, 157, 231, 105]","@module":"flavor::psp::format_2025::operations","@pid":11921,"@timestamp":"2026-03-31T20:29:04.456537Z"}
{"@file":"src/psp/format_2025/reader.rs","@level":"debug","@line":107,"@message":"  slot_table_offset: 0x0000000000000000","@module":"flavor::psp::format_2025::reader","@pid":11921,"@timestamp":"2026-03-31T20:29:04.456682Z"}
{"@file":"src/psp/format_2025/operations.rs","@level":"debug","@line":37,"@message":"✅ Operations packed: result=7631241047626846675","@module":"flavor::psp::format_2025::operations","@pid":11921,"@timestamp":"2026-03-31T20:29:04.456702Z"}
{"@file":"src/psp/format_2025/operations.rs","@level":"debug","@line":60,"@message":"✅ Operations unpacked: count=8 operations=[199, 221, 25, 195, 66, 44, 231, 150]","@module":"flavor::psp::format_2025::operations","@pid":11921,"@timestamp":"2026-03-31T20:29:04.456615Z"}
{"@file":"src/psp/format_2025/reader.rs","@level":"debug","@line":101,"@message":"  launcher_size: 0","@module":"flavor::psp::format_2025::reader","@pid":11921,"@timestamp":"2026-03-31T20:29:04.456665Z"}
{"@file":"src/psp/format_2025/reader.rs","@level":"debug","@line":117,"@message":"Index loaded in 1.626667ms","@module":"flavor::psp::format_2025::reader","@pid":11921,"@timestamp":"2026-03-31T20:29:04.456741Z"}
{"@file":"src/psp/format_2025/reader.rs","@level":"debug","@line":102,"@message":"  metadata_offset: 0x0000000000000000 (0)","@module":"flavor::psp::format_2025::reader","@pid":11921,"@timestamp":"2026-03-31T20:29:04.456758Z"}
test psp::format_2025::verifier::tests::test_verify_attestation_policy_hash_mismatch ... {"@file":"src/psp/format_2025/reader.rs","@level":"debug","@line":102,"@message":"  metadata_offset: 0x0000000000000055 (85)","@module":"flavor::psp::format_2025::reader","@pid":11921,"@timestamp":"2026-03-31T20:29:04.456603Z"}
ok{"@file":"src/psp/format_2025/reader.rs","@level":"debug","@line":99,"@message":"Parsed index values:","@module":"flavor::psp::format_2025::reader","@pid":11921,"@timestamp":"2026-03-31T20:29:04.455957Z"}

{"@file":"src/psp/format_2025/reader.rs","@level":"debug","@line":106,"@message":"  metadata_size: 79 bytes","@module":"flavor::psp::format_2025::reader","@pid":11921,"@timestamp":"2026-03-31T20:29:04.456807Z"}
{"@file":"src/psp/format_2025/reader.rs","@level":"debug","@line":100,"@message":"  package_size: 8329","@module":"flavor::psp::format_2025::reader","@pid":11921,"@timestamp":"2026-03-31T20:29:04.456823Z"}
test psp::format_2025::launcher::filesystem::tests::copy_dir_all_recursively_copies_tree ... {"@file":"src/psp/format_2025/reader.rs","@level":"debug","@line":108,"@message":"  slot_count: 0","@module":"flavor::psp::format_2025::reader","@pid":11921,"@timestamp":"2026-03-31T20:29:04.456716Z"}
ok{"@file":"src/psp/format_2025/reader.rs","@level":"debug","@line":101,"@message":"  launcher_size: 0","@module":"flavor::psp::format_2025::reader","@pid":11921,"@timestamp":"2026-03-31T20:29:04.456844Z"}

{"@file":"src/psp/format_2025/operations.rs","@level":"debug","@line":37,"@message":"✅ Operations packed: result=34332224054762947","@module":"flavor::psp::format_2025::operations","@pid":11921,"@timestamp":"2026-03-31T20:29:04.456778Z"}
{"@file":"src/psp/format_2025/reader.rs","@level":"debug","@line":106,"@message":"  metadata_size: 129 bytes","@module":"flavor::psp::format_2025::reader","@pid":11921,"@timestamp":"2026-03-31T20:29:04.456788Z"}
{"@file":"src/psp/format_2025/operations.rs","@level":"debug","@line":60,"@message":"✅ Operations unpacked: count=7 operations=[195, 29, 34, 211, 249, 248, 121]","@module":"flavor::psp::format_2025::operations","@pid":11921,"@timestamp":"2026-03-31T20:29:04.456887Z"}
{"@file":"src/psp/format_2025/operations.rs","@level":"debug","@line":60,"@message":"✅ Operations unpacked: count=8 operations=[211, 145, 45, 255, 76, 157, 231, 105]","@module":"flavor::psp::format_2025::operations","@pid":11921,"@timestamp":"2026-03-31T20:29:04.456734Z"}
{"@file":"src/psp/format_2025/reader.rs","@level":"debug","@line":107,"@message":"  slot_table_offset: 0x0000000000000015","@module":"flavor::psp::format_2025::reader","@pid":11921,"@timestamp":"2026-03-31T20:29:04.456836Z"}
{"@file":"src/psp/format_2025/reader.rs","@level":"debug","@line":297,"@message":"📊 Reading 1 slot descriptors from offset 0x18","@module":"flavor::psp::format_2025::reader","@pid":11921,"@timestamp":"2026-03-31T20:29:04.456776Z"}
{"@file":"src/psp/format_2025/reader.rs","@level":"debug","@line":108,"@message":"  slot_count: 1","@module":"flavor::psp::format_2025::reader","@pid":11921,"@timestamp":"2026-03-31T20:29:04.456934Z"}
{"@file":"src/psp/format_2025/operations.rs","@level":"debug","@line":37,"@message":"✅ Operations packed: result=3104283745","@module":"flavor::psp::format_2025::operations","@pid":11921,"@timestamp":"2026-03-31T20:29:04.456946Z"}
{"@file":"src/psp/format_2025/reader.rs","@level":"debug","@line":107,"@message":"  slot_table_offset: 0x0000000000000000","@module":"flavor::psp::format_2025::reader","@pid":11921,"@timestamp":"2026-03-31T20:29:04.456902Z"}
{"@file":"src/psp/format_2025/reader.rs","@level":"debug","@line":102,"@message":"  metadata_offset: 0x0000000000000000 (0)","@module":"flavor::psp::format_2025::reader","@pid":11921,"@timestamp":"2026-03-31T20:29:04.456873Z"}
{"@file":"src/psp/format_2025/reader.rs","@level":"debug","@line":108,"@message":"  slot_count: 0","@module":"flavor::psp::format_2025::reader","@pid":11921,"@timestamp":"2026-03-31T20:29:04.457026Z"}
{"@file":"src/psp/format_2025/reader.rs","@level":"debug","@line":106,"@message":"  metadata_size: 129 bytes","@module":"flavor::psp::format_2025::reader","@pid":11921,"@timestamp":"2026-03-31T20:29:04.457041Z"}
test psp::format_2025::verifier::tests::test_attestation_sbom_digest_absent_skipped ... {"@file":"src/psp/format_2025/operations.rs","@level":"debug","@line":60,"@message":"✅ Operations unpacked: count=8 operations=[126, 106, 55, 235, 191, 44, 204, 69]","@module":"flavor::psp::format_2025::operations","@pid":11921,"@timestamp":"2026-03-31T20:29:04.456954Z"}
ok
{"@file":"src/psp/format_2025/reader.rs","@level":"debug","@line":107,"@message":"  slot_table_offset: 0x0000000000000000","@module":"flavor::psp::format_2025::reader","@pid":11921,"@timestamp":"2026-03-31T20:29:04.457068Z"}
{"@file":"src/psp/format_2025/reader.rs","@level":"debug","@line":117,"@message":"Index loaded in 1.277334ms","@module":"flavor::psp::format_2025::reader","@pid":11921,"@timestamp":"2026-03-31T20:29:04.456935Z"}
{"@file":"src/psp/format_2025/reader.rs","@level":"debug","@line":117,"@message":"Index loaded in 1.443375ms","@module":"flavor::psp::format_2025::reader","@pid":11921,"@timestamp":"2026-03-31T20:29:04.457032Z"}
{"@file":"src/psp/format_2025/operations.rs","@level":"debug","@line":37,"@message":"✅ Operations packed: result=878273755278311015","@module":"flavor::psp::format_2025::operations","@pid":11921,"@timestamp":"2026-03-31T20:29:04.456690Z"}
{"@file":"src/psp/format_2025/reader.rs","@level":"debug","@line":141,"@message":"📖 Reading metadata from offset 0x0, size 164 bytes","@module":"flavor::psp::format_2025::reader","@pid":11921,"@timestamp":"2026-03-31T20:29:04.457099Z"}
{"@file":"src/psp/format_2025/operations.rs","@level":"debug","@line":37,"@message":"✅ Operations packed: result=5029444086662654590","@module":"flavor::psp::format_2025::operations","@pid":11921,"@timestamp":"2026-03-31T20:29:04.457078Z"}
{"@file":"src/psp/format_2025/reader.rs","@level":"debug","@line":108,"@message":"  slot_count: 0","@module":"flavor::psp::format_2025::reader","@pid":11921,"@timestamp":"2026-03-31T20:29:04.457088Z"}
{"@file":"src/psp/format_2025/operations.rs","@level":"debug","@line":60,"@message":"✅ Operations unpacked: count=4 operations=[97, 156, 7, 185]","@module":"flavor::psp::format_2025::operations","@pid":11921,"@timestamp":"2026-03-31T20:29:04.456975Z"}
{"@file":"src/psp/format_2025/operations.rs","@level":"debug","@line":37,"@message":"✅ Operations packed: result=815787082758","@module":"flavor::psp::format_2025::operations","@pid":11921,"@timestamp":"2026-03-31T20:29:04.457143Z"}
{"@file":"src/psp/format_2025/reader.rs","@level":"debug","@line":117,"@message":"Index loaded in 1.308125ms","@module":"flavor::psp::format_2025::reader","@pid":11921,"@timestamp":"2026-03-31T20:29:04.457127Z"}
{"@file":"src/psp/format_2025/operations.rs","@level":"debug","@line":60,"@message":"✅ Operations unpacked: count=8 operations=[126, 106, 55, 235, 191, 44, 204, 69]","@module":"flavor::psp::format_2025::operations","@pid":11921,"@timestamp":"2026-03-31T20:29:04.457134Z"}
{"@file":"src/psp/format_2025/operations.rs","@level":"debug","@line":37,"@message":"✅ Operations packed: result=0","@module":"flavor::psp::format_2025::operations","@pid":11921,"@timestamp":"2026-03-31T20:29:04.457188Z"}
{"@file":"src/psp/format_2025/operations.rs","@level":"debug","@line":37,"@message":"✅ Operations packed: result=240337872586062","@module":"flavor::psp::format_2025::operations","@pid":11921,"@timestamp":"2026-03-31T20:29:04.457202Z"}
{"@file":"src/psp/format_2025/reader.rs","@level":"debug","@line":117,"@message":"Index loaded in 1.372125ms","@module":"flavor::psp::format_2025::reader","@pid":11921,"@timestamp":"2026-03-31T20:29:04.457217Z"}
{"@file":"src/psp/format_2025/operations.rs","@level":"debug","@line":60,"@message":"✅ Operations unpacked: count=8 operations=[178, 93, 108, 106, 94, 110, 154, 12]","@module":"flavor::psp::format_2025::operations","@pid":11921,"@timestamp":"2026-03-31T20:29:04.457227Z"}
{"@file":"src/psp/format_2025/reader.rs","@level":"debug","@line":297,"@message":"📊 Reading 1 slot descriptors from offset 0x15","@module":"flavor::psp::format_2025::reader","@pid":11921,"@timestamp":"2026-03-31T20:29:04.457106Z"}
{"@file":"src/psp/format_2025/operations.rs","@level":"debug","@line":37,"@message":"✅ Operations packed: result=908159626660044210","@module":"flavor::psp::format_2025::operations","@pid":11921,"@timestamp":"2026-03-31T20:29:04.457258Z"}
{"@file":"src/psp/format_2025/operations.rs","@level":"debug","@line":37,"@message":"✅ Operations packed: result=267191570439644","@module":"flavor::psp::format_2025::operations","@pid":11921,"@timestamp":"2026-03-31T20:29:04.457265Z"}
{"@file":"src/psp/format_2025/reader.rs","@level":"debug","@line":141,"@message":"📖 Reading metadata from offset 0x0, size 129 bytes","@module":"flavor::psp::format_2025::reader","@pid":11921,"@timestamp":"2026-03-31T20:29:04.457249Z"}
{"@file":"src/psp/format_2025/operations.rs","@level":"debug","@line":60,"@message":"✅ Operations unpacked: count=0 operations=[]","@module":"flavor::psp::format_2025::operations","@pid":11921,"@timestamp":"2026-03-31T20:29:04.457218Z"}
test psp::format_2025::verifier::tests::test_verify_attestation_policy_hash_zero_field_skip ... ok
{"@file":"src/psp/format_2025/reader.rs","@level":"debug","@line":233,"@message":"✅ Successfully parsed metadata for test v0.0.1","@module":"flavor::psp::format_2025::reader","@pid":11921,"@timestamp":"2026-03-31T20:29:04.457232Z"}
{"@file":"src/psp/format_2025/operations.rs","@level":"debug","@line":37,"@message":"✅ Operations packed: result=51816276213834355","@module":"flavor::psp::format_2025::operations","@pid":11921,"@timestamp":"2026-03-31T20:29:04.457326Z"}
{"@file":"src/psp/format_2025/operations.rs","@level":"debug","@line":60,"@message":"✅ Operations unpacked: count=8 operations=[178, 93, 108, 106, 94, 110, 154, 12]","@module":"flavor::psp::format_2025::operations","@pid":11921,"@timestamp":"2026-03-31T20:29:04.457285Z"}
{"@file":"src/psp/format_2025/operations.rs","@level":"debug","@line":37,"@message":"✅ Operations packed: result=134259924003424","@module":"flavor::psp::format_2025::operations","@pid":11921,"@timestamp":"2026-03-31T20:29:04.457354Z"}
{"@file":"src/psp/format_2025/operations.rs","@level":"debug","@line":60,"@message":"✅ Operations unpacked: count=6 operations=[96, 234, 19, 211, 27, 122]","@module":"flavor::psp::format_2025::operations","@pid":11921,"@timestamp":"2026-03-31T20:29:04.457383Z"}
{"@file":"src/psp/format_2025/operations.rs","@level":"debug","@line":60,"@message":"✅ Operations unpacked: count=8 operations=[130, 156, 175, 7, 96, 157, 233, 229]","@module":"flavor::psp::format_2025::operations","@pid":11921,"@timestamp":"2026-03-31T20:29:04.457395Z"}
{"@file":"src/psp/format_2025/operations.rs","@level":"debug","@line":37,"@message":"✅ Operations packed: result=535961527","@module":"flavor::psp::format_2025::operations","@pid":11921,"@timestamp":"2026-03-31T20:29:04.457385Z"}
{"@file":"src/psp/format_2025/reader.rs","@level":"debug","@line":233,"@message":"✅ Successfully parsed metadata for test v0.0.1","@module":"flavor::psp::format_2025::reader","@pid":11921,"@timestamp":"2026-03-31T20:29:04.457385Z"}
test psp::format_2025::verifier::tests::test_attestation_sbom_digest_mismatch ... {"@file":"src/psp/format_2025/operations.rs","@level":"debug","@line":37,"@message":"✅ Operations packed: result=0","@module":"flavor::psp::format_2025::operations","@pid":11921,"@timestamp":"2026-03-31T20:29:04.457438Z"}
ok
{"@file":"src/psp/format_2025/operations.rs","@level":"debug","@line":37,"@message":"✅ Operations packed: result=16566945740030450818","@module":"flavor::psp::format_2025::operations","@pid":11921,"@timestamp":"2026-03-31T20:29:04.457426Z"}
{"@file":"src/psp/format_2025/operations.rs","@level":"debug","@line":37,"@message":"✅ Operations packed: result=154665286102951","@module":"flavor::psp::format_2025::operations","@pid":11921,"@timestamp":"2026-03-31T20:29:04.457465Z"}
{"@file":"src/psp/format_2025/operations.rs","@level":"debug","@line":60,"@message":"✅ Operations unpacked: count=0 operations=[]","@module":"flavor::psp::format_2025::operations","@pid":11921,"@timestamp":"2026-03-31T20:29:04.457472Z"}
{"@file":"src/psp/format_2025/operations.rs","@level":"debug","@line":60,"@message":"✅ Operations unpacked: count=8 operations=[130, 156, 175, 7, 96, 157, 233, 229]","@module":"flavor::psp::format_2025::operations","@pid":11921,"@timestamp":"2026-03-31T20:29:04.457486Z"}
test psp::format_2025::verifier::tests::test_verify_attestation_policy_hash_match ... ok
{"@file":"src/psp/format_2025/operations.rs","@level":"debug","@line":37,"@message":"✅ Operations packed: result=860630520424","@module":"flavor::psp::format_2025::operations","@pid":11921,"@timestamp":"2026-03-31T20:29:04.457524Z"}
{"@file":"src/psp/format_2025/operations.rs","@level":"debug","@line":37,"@message":"✅ Operations packed: result=67","@module":"flavor::psp::format_2025::operations","@pid":11921,"@timestamp":"2026-03-31T20:29:04.457539Z"}
{"@file":"src/psp/format_2025/operations.rs","@level":"debug","@line":60,"@message":"✅ Operations unpacked: count=8 operations=[39, 211, 185, 7, 197, 159, 25, 151]","@module":"flavor::psp::format_2025::operations","@pid":11921,"@timestamp":"2026-03-31T20:29:04.457546Z"}
{"@file":"src/psp/format_2025/operations.rs","@level":"debug","@line":60,"@message":"✅ Operations unpacked: count=1 operations=[67]","@module":"flavor::psp::format_2025::operations","@pid":11921,"@timestamp":"2026-03-31T20:29:04.457560Z"}
test psp::format_2025::verifier::tests::test_verify_attestation_policy_hash_present_no_policy_fails ... {"@file":"src/psp/format_2025/operations.rs","@level":"debug","@line":37,"@message":"✅ Operations packed: result=10887909242731877159","@module":"flavor::psp::format_2025::operations","@pid":11921,"@timestamp":"2026-03-31T20:29:04.457568Z"}
ok{"@file":"src/psp/format_2025/operations.rs","@level":"debug","@line":37,"@message":"✅ Operations packed: result=3734845572","@module":"flavor::psp::format_2025::operations","@pid":11921,"@timestamp":"2026-03-31T20:29:04.457576Z"}

{"@file":"src/psp/format_2025/operations.rs","@level":"debug","@line":60,"@message":"✅ Operations unpacked: count=8 operations=[39, 211, 185, 7, 197, 159, 25, 151]","@module":"flavor::psp::format_2025::operations","@pid":11921,"@timestamp":"2026-03-31T20:29:04.457596Z"}
{"@file":"src/psp/format_2025/operations.rs","@level":"debug","@line":37,"@message":"✅ Operations packed: result=125038122606510","@module":"flavor::psp::format_2025::operations","@pid":11921,"@timestamp":"2026-03-31T20:29:04.457609Z"}
{"@file":"src/psp/format_2025/operations.rs","@level":"debug","@line":60,"@message":"✅ Operations unpacked: count=6 operations=[174, 159, 225, 180, 184, 113]","@module":"flavor::psp::format_2025::operations","@pid":11921,"@timestamp":"2026-03-31T20:29:04.457628Z"}
{"@file":"src/psp/format_2025/operations.rs","@level":"debug","@line":37,"@message":"✅ Operations packed: result=1434380010","@module":"flavor::psp::format_2025::operations","@pid":11921,"@timestamp":"2026-03-31T20:29:04.457636Z"}
{"@file":"src/psp/format_2025/operations.rs","@level":"debug","@line":60,"@message":"✅ Operations unpacked: count=8 operations=[125, 246, 168, 22, 231, 161, 176, 231]","@module":"flavor::psp::format_2025::operations","@pid":11921,"@timestamp":"2026-03-31T20:29:04.457647Z"}
{"@file":"src/psp/format_2025/operations.rs","@level":"debug","@line":37,"@message":"✅ Operations packed: result=16695021832552117885","@module":"flavor::psp::format_2025::operations","@pid":11921,"@timestamp":"2026-03-31T20:29:04.457666Z"}
{"@file":"src/psp/format_2025/operations.rs","@level":"debug","@line":37,"@message":"✅ Operations packed: result=85354698356576","@module":"flavor::psp::format_2025::operations","@pid":11921,"@timestamp":"2026-03-31T20:29:04.457675Z"}
{"@file":"src/psp/format_2025/operations.rs","@level":"debug","@line":37,"@message":"✅ Operations packed: result=1925118303","@module":"flavor::psp::format_2025::operations","@pid":11921,"@timestamp":"2026-03-31T20:29:04.457683Z"}
{"@file":"src/psp/format_2025/operations.rs","@level":"debug","@line":60,"@message":"✅ Operations unpacked: count=8 operations=[125, 246, 168, 22, 231, 161, 176, 231]","@module":"flavor::psp::format_2025::operations","@pid":11921,"@timestamp":"2026-03-31T20:29:04.457686Z"}
{"@file":"src/psp/format_2025/operations.rs","@level":"debug","@line":60,"@message":"✅ Operations unpacked: count=6 operations=[96, 183, 121, 48, 161, 77]","@module":"flavor::psp::format_2025::operations","@pid":11921,"@timestamp":"2026-03-31T20:29:04.457693Z"}
{"@file":"src/psp/format_2025/operations.rs","@level":"debug","@line":37,"@message":"✅ Operations packed: result=105237378314688","@module":"flavor::psp::format_2025::operations","@pid":11921,"@timestamp":"2026-03-31T20:29:04.457732Z"}
{"@file":"src/psp/format_2025/operations.rs","@level":"debug","@line":60,"@message":"✅ Operations unpacked: count=8 operations=[205, 232, 246, 68, 137, 114, 117, 99]","@module":"flavor::psp::format_2025::operations","@pid":11921,"@timestamp":"2026-03-31T20:29:04.457739Z"}
{"@file":"src/psp/format_2025/operations.rs","@level":"debug","@line":37,"@message":"✅ Operations packed: result=804614862752","@module":"flavor::psp::format_2025::operations","@pid":11921,"@timestamp":"2026-03-31T20:29:04.457746Z"}
{"@file":"src/psp/format_2025/operations.rs","@level":"debug","@line":37,"@message":"✅ Operations packed: result=7166760315923130573","@module":"flavor::psp::format_2025::operations","@pid":11921,"@timestamp":"2026-03-31T20:29:04.457758Z"}
{"@file":"src/psp/format_2025/operations.rs","@level":"debug","@line":60,"@message":"✅ Operations unpacked: count=5 operations=[160, 119, 200, 86, 187]","@module":"flavor::psp::format_2025::operations","@pid":11921,"@timestamp":"2026-03-31T20:29:04.457765Z"}
{"@file":"src/psp/format_2025/operations.rs","@level":"debug","@line":37,"@message":"✅ Operations packed: result=176","@module":"flavor::psp::format_2025::operations","@pid":11921,"@timestamp":"2026-03-31T20:29:04.457778Z"}
{"@file":"src/psp/format_2025/operations.rs","@level":"debug","@line":60,"@message":"✅ Operations unpacked: count=8 operations=[205, 232, 246, 68, 137, 114, 117, 99]","@module":"flavor::psp::format_2025::operations","@pid":11921,"@timestamp":"2026-03-31T20:29:04.457777Z"}
{"@file":"src/psp/format_2025/operations.rs","@level":"debug","@line":37,"@message":"✅ Operations packed: result=6815493336138454807","@module":"flavor::psp::format_2025::operations","@pid":11921,"@timestamp":"2026-03-31T20:29:04.457812Z"}
{"@file":"src/psp/format_2025/operations.rs","@level":"debug","@line":37,"@message":"✅ Operations packed: result=2591999001","@module":"flavor::psp::format_2025::operations","@pid":11921,"@timestamp":"2026-03-31T20:29:04.457829Z"}
{"@file":"src/psp/format_2025/operations.rs","@level":"debug","@line":60,"@message":"✅ Operations unpacked: count=8 operations=[23, 23, 147, 69, 20, 127, 149, 94]","@module":"flavor::psp::format_2025::operations","@pid":11921,"@timestamp":"2026-03-31T20:29:04.457835Z"}
{"@file":"src/psp/format_2025/operations.rs","@level":"debug","@line":60,"@message":"✅ Operations unpacked: count=8 operations=[228, 173, 220, 147, 19, 102, 85, 218]","@module":"flavor::psp::format_2025::operations","@pid":11921,"@timestamp":"2026-03-31T20:29:04.457850Z"}
{"@file":"src/psp/format_2025/operations.rs","@level":"debug","@line":37,"@message":"✅ Operations packed: result=13","@module":"flavor::psp::format_2025::operations","@pid":11921,"@timestamp":"2026-03-31T20:29:04.457877Z"}
{"@file":"src/psp/format_2025/operations.rs","@level":"debug","@line":37,"@message":"✅ Operations packed: result=15732593107559820772","@module":"flavor::psp::format_2025::operations","@pid":11921,"@timestamp":"2026-03-31T20:29:04.457878Z"}
{"@file":"src/psp/format_2025/operations.rs","@level":"debug","@line":37,"@message":"✅ Operations packed: result=7951","@module":"flavor::psp::format_2025::operations","@pid":11921,"@timestamp":"2026-03-31T20:29:04.457884Z"}
{"@file":"src/psp/format_2025/operations.rs","@level":"debug","@line":60,"@message":"✅ Operations unpacked: count=8 operations=[228, 173, 220, 147, 19, 102, 85, 218]","@module":"flavor::psp::format_2025::operations","@pid":11921,"@timestamp":"2026-03-31T20:29:04.457917Z"}
{"@file":"src/psp/format_2025/operations.rs","@level":"debug","@line":60,"@message":"✅ Operations unpacked: count=2 operations=[15, 31]","@module":"flavor::psp::format_2025::operations","@pid":11921,"@timestamp":"2026-03-31T20:29:04.457922Z"}
{"@file":"src/psp/format_2025/operations.rs","@level":"debug","@line":37,"@message":"✅ Operations packed: result=14243359","@module":"flavor::psp::format_2025::operations","@pid":11921,"@timestamp":"2026-03-31T20:29:04.457936Z"}
{"@file":"src/psp/format_2025/operations.rs","@level":"debug","@line":60,"@message":"✅ Operations unpacked: count=8 operations=[68, 11, 97, 161, 187, 57, 202, 207]","@module":"flavor::psp::format_2025::operations","@pid":11921,"@timestamp":"2026-03-31T20:29:04.457969Z"}
{"@file":"src/psp/format_2025/operations.rs","@level":"debug","@line":37,"@message":"✅ Operations packed: result=0","@module":"flavor::psp::format_2025::operations","@pid":11921,"@timestamp":"2026-03-31T20:29:04.457975Z"}
{"@file":"src/psp/format_2025/operations.rs","@level":"debug","@line":37,"@message":"✅ Operations packed: result=38289","@module":"flavor::psp::format_2025::operations","@pid":11921,"@timestamp":"2026-03-31T20:29:04.457982Z"}
{"@file":"src/psp/format_2025/operations.rs","@level":"debug","@line":37,"@message":"✅ Operations packed: result=14972843389175794500","@module":"flavor::psp::format_2025::operations","@pid":11921,"@timestamp":"2026-03-31T20:29:04.457991Z"}
{"@file":"src/psp/format_2025/operations.rs","@level":"debug","@line":60,"@message":"✅ Operations unpacked: count=0 operations=[]","@module":"flavor::psp::format_2025::operations","@pid":11921,"@timestamp":"2026-03-31T20:29:04.458000Z"}
{"@file":"src/psp/format_2025/operations.rs","@level":"debug","@line":60,"@message":"✅ Operations unpacked: count=8 operations=[68, 11, 97, 161, 187, 57, 202, 207]","@module":"flavor::psp::format_2025::operations","@pid":11921,"@timestamp":"2026-03-31T20:29:04.458016Z"}
{"@file":"src/psp/format_2025/operations.rs","@level":"debug","@line":37,"@message":"✅ Operations packed: result=3836899896","@module":"flavor::psp::format_2025::operations","@pid":11921,"@timestamp":"2026-03-31T20:29:04.458036Z"}
{"@file":"src/psp/format_2025/operations.rs","@level":"debug","@line":37,"@message":"✅ Operations packed: result=5181847","@module":"flavor::psp::format_2025::operations","@pid":11921,"@timestamp":"2026-03-31T20:29:04.458051Z"}
{"@file":"src/psp/format_2025/operations.rs","@level":"debug","@line":60,"@message":"✅ Operations unpacked: count=8 operations=[72, 8, 218, 143, 150, 125, 231, 80]","@module":"flavor::psp::format_2025::operations","@pid":11921,"@timestamp":"2026-03-31T20:29:04.458063Z"}
{"@file":"src/psp/format_2025/operations.rs","@level":"debug","@line":60,"@message":"✅ Operations unpacked: count=3 operations=[151, 17, 79]","@module":"flavor::psp::format_2025::operations","@pid":11921,"@timestamp":"2026-03-31T20:29:04.458076Z"}
{"@file":"src/psp/format_2025/operations.rs","@level":"debug","@line":37,"@message":"✅ Operations packed: result=5829766328266393672","@module":"flavor::psp::format_2025::operations","@pid":11921,"@timestamp":"2026-03-31T20:29:04.458083Z"}
{"@file":"src/psp/format_2025/operations.rs","@level":"debug","@line":37,"@message":"✅ Operations packed: result=11548768112817372980","@module":"flavor::psp::format_2025::operations","@pid":11921,"@timestamp":"2026-03-31T20:29:04.458085Z"}
{"@file":"src/psp/format_2025/operations.rs","@level":"debug","@line":60,"@message":"✅ Operations unpacked: count=8 operations=[72, 8, 218, 143, 150, 125, 231, 80]","@module":"flavor::psp::format_2025::operations","@pid":11921,"@timestamp":"2026-03-31T20:29:04.458104Z"}
{"@file":"src/psp/format_2025/operations.rs","@level":"debug","@line":37,"@message":"✅ Operations packed: result=3575505","@module":"flavor::psp::format_2025::operations","@pid":11921,"@timestamp":"2026-03-31T20:29:04.458122Z"}
{"@file":"src/psp/format_2025/operations.rs","@level":"debug","@line":37,"@message":"✅ Operations packed: result=1867973","@module":"flavor::psp::format_2025::operations","@pid":11921,"@timestamp":"2026-03-31T20:29:04.458138Z"}
{"@file":"src/psp/format_2025/operations.rs","@level":"debug","@line":60,"@message":"✅ Operations unpacked: count=3 operations=[209, 142, 54]","@module":"flavor::psp::format_2025::operations","@pid":11921,"@timestamp":"2026-03-31T20:29:04.458142Z"}
{"@file":"src/psp/format_2025/operations.rs","@level":"debug","@line":60,"@message":"✅ Operations unpacked: count=8 operations=[232, 13, 227, 182, 13, 159, 93, 125]","@module":"flavor::psp::format_2025::operations","@pid":11921,"@timestamp":"2026-03-31T20:29:04.458151Z"}
{"@file":"src/psp/format_2025/operations.rs","@level":"debug","@line":37,"@message":"✅ Operations packed: result=9033551308826807784","@module":"flavor::psp::format_2025::operations","@pid":11921,"@timestamp":"2026-03-31T20:29:04.458171Z"}
{"@file":"src/psp/format_2025/operations.rs","@level":"debug","@line":37,"@message":"✅ Operations packed: result=840018288113","@module":"flavor::psp::format_2025::operations","@pid":11921,"@timestamp":"2026-03-31T20:29:04.458187Z"}
{"@file":"src/psp/format_2025/operations.rs","@level":"debug","@line":60,"@message":"✅ Operations unpacked: count=8 operations=[232, 13, 227, 182, 13, 159, 93, 125]","@module":"flavor::psp::format_2025::operations","@pid":11921,"@timestamp":"2026-03-31T20:29:04.458189Z"}
{"@file":"src/psp/format_2025/operations.rs","@level":"debug","@line":37,"@message":"✅ Operations packed: result=13184686","@module":"flavor::psp::format_2025::operations","@pid":11921,"@timestamp":"2026-03-31T20:29:04.458192Z"}
{"@file":"src/psp/format_2025/operations.rs","@level":"debug","@line":60,"@message":"✅ Operations unpacked: count=3 operations=[174, 46, 201]","@module":"flavor::psp::format_2025::operations","@pid":11921,"@timestamp":"2026-03-31T20:29:04.458223Z"}
{"@file":"src/psp/format_2025/operations.rs","@level":"debug","@line":37,"@message":"✅ Operations packed: result=63009087742845422","@module":"flavor::psp::format_2025::operations","@pid":11921,"@timestamp":"2026-03-31T20:29:04.458237Z"}
{"@file":"src/psp/format_2025/operations.rs","@level":"debug","@line":60,"@message":"✅ Operations unpacked: count=8 operations=[20, 208, 160, 71, 244, 212, 80, 120]","@module":"flavor::psp::format_2025::operations","@pid":11921,"@timestamp":"2026-03-31T20:29:04.458242Z"}
{"@file":"src/psp/format_2025/operations.rs","@level":"debug","@line":37,"@message":"✅ Operations packed: result=8669663428327034900","@module":"flavor::psp::format_2025::operations","@pid":11921,"@timestamp":"2026-03-31T20:29:04.458262Z"}
{"@file":"src/psp/format_2025/operations.rs","@level":"debug","@line":37,"@message":"✅ Operations packed: result=13801","@module":"flavor::psp::format_2025::operations","@pid":11921,"@timestamp":"2026-03-31T20:29:04.458269Z"}
{"@file":"src/psp/format_2025/operations.rs","@level":"debug","@line":60,"@message":"✅ Operations unpacked: count=8 operations=[20, 208, 160, 71, 244, 212, 80, 120]","@module":"flavor::psp::format_2025::operations","@pid":11921,"@timestamp":"2026-03-31T20:29:04.458282Z"}
{"@file":"src/psp/format_2025/operations.rs","@level":"debug","@line":37,"@message":"✅ Operations packed: result=58895131903354118","@module":"flavor::psp::format_2025::operations","@pid":11921,"@timestamp":"2026-03-31T20:29:04.458285Z"}
{"@file":"src/psp/format_2025/operations.rs","@level":"debug","@line":60,"@message":"✅ Operations unpacked: count=2 operations=[233, 53]","@module":"flavor::psp::format_2025::operations","@pid":11921,"@timestamp":"2026-03-31T20:29:04.458288Z"}
{"@file":"src/psp/format_2025/operations.rs","@level":"debug","@line":60,"@message":"✅ Operations unpacked: count=8 operations=[98, 18, 254, 112, 122, 66, 208, 6]","@module":"flavor::psp::format_2025::operations","@pid":11921,"@timestamp":"2026-03-31T20:29:04.458332Z"}
{"@file":"src/psp/format_2025/operations.rs","@level":"debug","@line":37,"@message":"✅ Operations packed: result=71798766325623119","@module":"flavor::psp::format_2025::operations","@pid":11921,"@timestamp":"2026-03-31T20:29:04.458342Z"}
{"@file":"src/psp/format_2025/operations.rs","@level":"debug","@line":37,"@message":"✅ Operations packed: result=278691385214953","@module":"flavor::psp::format_2025::operations","@pid":11921,"@timestamp":"2026-03-31T20:29:04.458348Z"}
{"@file":"src/psp/format_2025/operations.rs","@level":"debug","@line":37,"@message":"✅ Operations packed: result=490965453032526434","@module":"flavor::psp::format_2025::operations","@pid":11921,"@timestamp":"2026-03-31T20:29:04.458353Z"}
{"@file":"src/psp/format_2025/operations.rs","@level":"debug","@line":60,"@message":"✅ Operations unpacked: count=6 operations=[233, 135, 4, 229, 119, 253]","@module":"flavor::psp::format_2025::operations","@pid":11921,"@timestamp":"2026-03-31T20:29:04.458369Z"}
{"@file":"src/psp/format_2025/operations.rs","@level":"debug","@line":60,"@message":"✅ Operations unpacked: count=8 operations=[98, 18, 254, 112, 122, 66, 208, 6]","@module":"flavor::psp::format_2025::operations","@pid":11921,"@timestamp":"2026-03-31T20:29:04.458377Z"}
{"@file":"src/psp/format_2025/operations.rs","@level":"debug","@line":37,"@message":"✅ Operations packed: result=191622497","@module":"flavor::psp::format_2025::operations","@pid":11921,"@timestamp":"2026-03-31T20:29:04.458390Z"}
{"@file":"src/psp/format_2025/operations.rs","@level":"debug","@line":37,"@message":"✅ Operations packed: result=125594587471515","@module":"flavor::psp::format_2025::operations","@pid":11921,"@timestamp":"2026-03-31T20:29:04.458418Z"}
{"@file":"src/psp/format_2025/operations.rs","@level":"debug","@line":60,"@message":"✅ Operations unpacked: count=8 operations=[167, 58, 13, 170, 38, 12, 243, 150]","@module":"flavor::psp::format_2025::operations","@pid":11921,"@timestamp":"2026-03-31T20:29:04.458423Z"}
{"@file":"src/psp/format_2025/operations.rs","@level":"debug","@line":37,"@message":"✅ Operations packed: result=2736920181","@module":"flavor::psp::format_2025::operations","@pid":11921,"@timestamp":"2026-03-31T20:29:04.458436Z"}
{"@file":"src/psp/format_2025/operations.rs","@level":"debug","@line":37,"@message":"✅ Operations packed: result=10877050885231164071","@module":"flavor::psp::format_2025::operations","@pid":11921,"@timestamp":"2026-03-31T20:29:04.458443Z"}
{"@file":"src/psp/format_2025/operations.rs","@level":"debug","@line":60,"@message":"✅ Operations unpacked: count=6 operations=[155, 158, 197, 68, 58, 114]","@module":"flavor::psp::format_2025::operations","@pid":11921,"@timestamp":"2026-03-31T20:29:04.458437Z"}
{"@file":"src/psp/format_2025/operations.rs","@level":"debug","@line":60,"@message":"✅ Operations unpacked: count=8 operations=[167, 58, 13, 170, 38, 12, 243, 150]","@module":"flavor::psp::format_2025::operations","@pid":11921,"@timestamp":"2026-03-31T20:29:04.458462Z"}
{"@file":"src/psp/format_2025/operations.rs","@level":"debug","@line":37,"@message":"✅ Operations packed: result=751144959","@module":"flavor::psp::format_2025::operations","@pid":11921,"@timestamp":"2026-03-31T20:29:04.458484Z"}
{"@file":"src/psp/format_2025/operations.rs","@level":"debug","@line":37,"@message":"✅ Operations packed: result=0","@module":"flavor::psp::format_2025::operations","@pid":11921,"@timestamp":"2026-03-31T20:29:04.458495Z"}
{"@file":"src/psp/format_2025/operations.rs","@level":"debug","@line":60,"@message":"✅ Operations unpacked: count=8 operations=[243, 67, 91, 175, 205, 229, 188, 238]","@module":"flavor::psp::format_2025::operations","@pid":11921,"@timestamp":"2026-03-31T20:29:04.458509Z"}
{"@file":"src/psp/format_2025/operations.rs","@level":"debug","@line":60,"@message":"✅ Operations unpacked: count=0 operations=[]","@module":"flavor::psp::format_2025::operations","@pid":11921,"@timestamp":"2026-03-31T20:29:04.458513Z"}
{"@file":"src/psp/format_2025/operations.rs","@level":"debug","@line":37,"@message":"✅ Operations packed: result=2009515125","@module":"flavor::psp::format_2025::operations","@pid":11921,"@timestamp":"2026-03-31T20:29:04.458531Z"}
{"@file":"src/psp/format_2025/operations.rs","@level":"debug","@line":37,"@message":"✅ Operations packed: result=17202877348221502451","@module":"flavor::psp::format_2025::operations","@pid":11921,"@timestamp":"2026-03-31T20:29:04.458532Z"}
{"@file":"src/psp/format_2025/operations.rs","@level":"debug","@line":60,"@message":"✅ Operations unpacked: count=8 operations=[243, 67, 91, 175, 205, 229, 188, 238]","@module":"flavor::psp::format_2025::operations","@pid":11921,"@timestamp":"2026-03-31T20:29:04.458560Z"}
{"@file":"src/psp/format_2025/operations.rs","@level":"debug","@line":37,"@message":"✅ Operations packed: result=1024990260302","@module":"flavor::psp::format_2025::operations","@pid":11921,"@timestamp":"2026-03-31T20:29:04.458567Z"}
{"@file":"src/psp/format_2025/operations.rs","@level":"debug","@line":37,"@message":"✅ Operations packed: result=6927","@module":"flavor::psp::format_2025::operations","@pid":11921,"@timestamp":"2026-03-31T20:29:04.458582Z"}
{"@file":"src/psp/format_2025/operations.rs","@level":"debug","@line":60,"@message":"✅ Operations unpacked: count=5 operations=[78, 44, 46, 166, 238]","@module":"flavor::psp::format_2025::operations","@pid":11921,"@timestamp":"2026-03-31T20:29:04.458588Z"}
{"@file":"src/psp/format_2025/operations.rs","@level":"debug","@line":60,"@message":"✅ Operations unpacked: count=8 operations=[177, 153, 66, 4, 218, 32, 40, 212]","@module":"flavor::psp::format_2025::operations","@pid":11921,"@timestamp":"2026-03-31T20:29:04.458607Z"}
{"@file":"src/psp/format_2025/operations.rs","@level":"debug","@line":37,"@message":"✅ Operations packed: result=15287505055855581617","@module":"flavor::psp::format_2025::operations","@pid":11921,"@timestamp":"2026-03-31T20:29:04.458630Z"}
{"@file":"src/psp/format_2025/operations.rs","@level":"debug","@line":37,"@message":"✅ Operations packed: result=52","@module":"flavor::psp::format_2025::operations","@pid":11921,"@timestamp":"2026-03-31T20:29:04.458632Z"}
{"@file":"src/psp/format_2025/operations.rs","@level":"debug","@line":37,"@message":"✅ Operations packed: result=239","@module":"flavor::psp::format_2025::operations","@pid":11921,"@timestamp":"2026-03-31T20:29:04.458639Z"}
{"@file":"src/psp/format_2025/operations.rs","@level":"debug","@line":60,"@message":"✅ Operations unpacked: count=8 operations=[177, 153, 66, 4, 218, 32, 40, 212]","@module":"flavor::psp::format_2025::operations","@pid":11921,"@timestamp":"2026-03-31T20:29:04.458650Z"}
{"@file":"src/psp/format_2025/operations.rs","@level":"debug","@line":60,"@message":"✅ Operations unpacked: count=1 operations=[239]","@module":"flavor::psp::format_2025::operations","@pid":11921,"@timestamp":"2026-03-31T20:29:04.458663Z"}
{"@file":"src/psp/format_2025/operations.rs","@level":"debug","@line":37,"@message":"✅ Operations packed: result=63635","@module":"flavor::psp::format_2025::operations","@pid":11921,"@timestamp":"2026-03-31T20:29:04.458684Z"}
{"@file":"src/psp/format_2025/operations.rs","@level":"debug","@line":60,"@message":"✅ Operations unpacked: count=8 operations=[62, 42, 131, 98, 198, 74, 119, 7]","@module":"flavor::psp::format_2025::operations","@pid":11921,"@timestamp":"2026-03-31T20:29:04.458698Z"}
{"@file":"src/psp/format_2025/operations.rs","@level":"debug","@line":37,"@message":"✅ Operations packed: result=12587696330685650","@module":"flavor::psp::format_2025::operations","@pid":11921,"@timestamp":"2026-03-31T20:29:04.458711Z"}
{"@file":"src/psp/format_2025/operations.rs","@level":"debug","@line":37,"@message":"✅ Operations packed: result=537980896410806846","@module":"flavor::psp::format_2025::operations","@pid":11921,"@timestamp":"2026-03-31T20:29:04.458719Z"}
{"@file":"src/psp/format_2025/operations.rs","@level":"debug","@line":60,"@message":"✅ Operations unpacked: count=7 operations=[210, 188, 84, 112, 113, 184, 44]","@module":"flavor::psp::format_2025::operations","@pid":11921,"@timestamp":"2026-03-31T20:29:04.458731Z"}
{"@file":"src/psp/format_2025/operations.rs","@level":"debug","@line":60,"@message":"✅ Operations unpacked: count=8 operations=[62, 42, 131, 98, 198, 74, 119, 7]","@module":"flavor::psp::format_2025::operations","@pid":11921,"@timestamp":"2026-03-31T20:29:04.458737Z"}
{"@file":"src/psp/format_2025/operations.rs","@level":"debug","@line":37,"@message":"✅ Operations packed: result=693178176437","@module":"flavor::psp::format_2025::operations","@pid":11921,"@timestamp":"2026-03-31T20:29:04.458732Z"}
{"@file":"src/psp/format_2025/operations.rs","@level":"debug","@line":37,"@message":"✅ Operations packed: result=30039814388331","@module":"flavor::psp::format_2025::operations","@pid":11921,"@timestamp":"2026-03-31T20:29:04.458780Z"}
{"@file":"src/psp/format_2025/operations.rs","@level":"debug","@line":60,"@message":"✅ Operations unpacked: count=8 operations=[92, 24, 72, 191, 112, 80, 98, 248]","@module":"flavor::psp::format_2025::operations","@pid":11921,"@timestamp":"2026-03-31T20:29:04.458785Z"}
{"@file":"src/psp/format_2025/operations.rs","@level":"debug","@line":37,"@message":"✅ Operations packed: result=0","@module":"flavor::psp::format_2025::operations","@pid":11921,"@timestamp":"2026-03-31T20:29:04.458791Z"}
{"@file":"src/psp/format_2025/operations.rs","@level":"debug","@line":60,"@message":"✅ Operations unpacked: count=6 operations=[107, 58, 119, 48, 82, 27]","@module":"flavor::psp::format_2025::operations","@pid":11921,"@timestamp":"2026-03-31T20:29:04.458801Z"}
{"@file":"src/psp/format_2025/operations.rs","@level":"debug","@line":37,"@message":"✅ Operations packed: result=17897956314299504732","@module":"flavor::psp::format_2025::operations","@pid":11921,"@timestamp":"2026-03-31T20:29:04.458811Z"}
{"@file":"src/psp/format_2025/operations.rs","@level":"debug","@line":60,"@message":"✅ Operations unpacked: count=8 operations=[92, 24, 72, 191, 112, 80, 98, 248]","@module":"flavor::psp::format_2025::operations","@pid":11921,"@timestamp":"2026-03-31T20:29:04.458830Z"}
{"@file":"src/psp/format_2025/operations.rs","@level":"debug","@line":37,"@message":"✅ Operations packed: result=765856668585","@module":"flavor::psp::format_2025::operations","@pid":11921,"@timestamp":"2026-03-31T20:29:04.458846Z"}
{"@file":"src/psp/format_2025/operations.rs","@level":"debug","@line":37,"@message":"✅ Operations packed: result=28072009271863409","@module":"flavor::psp::format_2025::operations","@pid":11921,"@timestamp":"2026-03-31T20:29:04.458853Z"}
{"@file":"src/psp/format_2025/operations.rs","@level":"debug","@line":60,"@message":"✅ Operations unpacked: count=8 operations=[123, 65, 131, 40, 69, 110, 20, 250]","@module":"flavor::psp::format_2025::operations","@pid":11921,"@timestamp":"2026-03-31T20:29:04.458878Z"}
{"@file":"src/psp/format_2025/operations.rs","@level":"debug","@line":60,"@message":"✅ Operations unpacked: count=7 operations=[113, 232, 199, 252, 87, 187, 99]","@module":"flavor::psp::format_2025::operations","@pid":11921,"@timestamp":"2026-03-31T20:29:04.458872Z"}
{"@file":"src/psp/format_2025/operations.rs","@level":"debug","@line":37,"@message":"✅ Operations packed: result=93","@module":"flavor::psp::format_2025::operations","@pid":11921,"@timestamp":"2026-03-31T20:29:04.458893Z"}
{"@file":"src/psp/format_2025/operations.rs","@level":"debug","@line":37,"@message":"✅ Operations packed: result=18020149252327686523","@module":"flavor::psp::format_2025::operations","@pid":11921,"@timestamp":"2026-03-31T20:29:04.458899Z"}
{"@file":"src/psp/format_2025/operations.rs","@level":"debug","@line":60,"@message":"✅ Operations unpacked: count=8 operations=[123, 65, 131, 40, 69, 110, 20, 250]","@module":"flavor::psp::format_2025::operations","@pid":11921,"@timestamp":"2026-03-31T20:29:04.458942Z"}
{"@file":"src/psp/format_2025/operations.rs","@level":"debug","@line":37,"@message":"✅ Operations packed: result=160905871993338","@module":"flavor::psp::format_2025::operations","@pid":11921,"@timestamp":"2026-03-31T20:29:04.458954Z"}
{"@file":"src/psp/format_2025/operations.rs","@level":"debug","@line":37,"@message":"✅ Operations packed: result=1898336092","@module":"flavor::psp::format_2025::operations","@pid":11921,"@timestamp":"2026-03-31T20:29:04.458964Z"}
{"@file":"src/psp/format_2025/operations.rs","@level":"debug","@line":60,"@message":"✅ Operations unpacked: count=6 operations=[250, 169, 87, 209, 87, 146]","@module":"flavor::psp::format_2025::operations","@pid":11921,"@timestamp":"2026-03-31T20:29:04.458988Z"}
{"@file":"src/psp/format_2025/operations.rs","@level":"debug","@line":60,"@message":"✅ Operations unpacked: count=8 operations=[142, 224, 154, 103, 227, 67, 13, 161]","@module":"flavor::psp::format_2025::operations","@pid":11921,"@timestamp":"2026-03-31T20:29:04.458992Z"}
{"@file":"src/psp/format_2025/operations.rs","@level":"debug","@line":37,"@message":"✅ Operations packed: result=11605006458778476686","@module":"flavor::psp::format_2025::operations","@pid":11921,"@timestamp":"2026-03-31T20:29:04.459022Z"}
{"@file":"src/psp/format_2025/operations.rs","@level":"debug","@line":37,"@message":"✅ Operations packed: result=35585","@module":"flavor::psp::format_2025::operations","@pid":11921,"@timestamp":"2026-03-31T20:29:04.459035Z"}
{"@file":"src/psp/format_2025/operations.rs","@level":"debug","@line":37,"@message":"✅ Operations packed: result=44301056940562","@module":"flavor::psp::format_2025::operations","@pid":11921,"@timestamp":"2026-03-31T20:29:04.459040Z"}
{"@file":"src/psp/format_2025/operations.rs","@level":"debug","@line":60,"@message":"✅ Operations unpacked: count=8 operations=[142, 224, 154, 103, 227, 67, 13, 161]","@module":"flavor::psp::format_2025::operations","@pid":11921,"@timestamp":"2026-03-31T20:29:04.459043Z"}
{"@file":"src/psp/format_2025/operations.rs","@level":"debug","@line":60,"@message":"✅ Operations unpacked: count=6 operations=[18, 26, 195, 164, 74, 40]","@module":"flavor::psp::format_2025::operations","@pid":11921,"@timestamp":"2026-03-31T20:29:04.459083Z"}
{"@file":"src/psp/format_2025/operations.rs","@level":"debug","@line":37,"@message":"✅ Operations packed: result=217","@module":"flavor::psp::format_2025::operations","@pid":11921,"@timestamp":"2026-03-31T20:29:04.459095Z"}
{"@file":"src/psp/format_2025/operations.rs","@level":"debug","@line":60,"@message":"✅ Operations unpacked: count=8 operations=[80, 96, 58, 128, 117, 140, 100, 203]","@module":"flavor::psp::format_2025::operations","@pid":11921,"@timestamp":"2026-03-31T20:29:04.459117Z"}
{"@file":"src/psp/format_2025/operations.rs","@level":"debug","@line":37,"@message":"✅ Operations packed: result=5479283508523098808","@module":"flavor::psp::format_2025::operations","@pid":11921,"@timestamp":"2026-03-31T20:29:04.459137Z"}
{"@file":"src/psp/format_2025/operations.rs","@level":"debug","@line":37,"@message":"✅ Operations packed: result=14655993523660808272","@module":"flavor::psp::format_2025::operations","@pid":11921,"@timestamp":"2026-03-31T20:29:04.459143Z"}
{"@file":"src/psp/format_2025/operations.rs","@level":"debug","@line":37,"@message":"✅ Operations packed: result=519764125","@module":"flavor::psp::format_2025::operations","@pid":11921,"@timestamp":"2026-03-31T20:29:04.459151Z"}
{"@file":"src/psp/format_2025/operations.rs","@level":"debug","@line":60,"@message":"✅ Operations unpacked: count=8 operations=[80, 96, 58, 128, 117, 140, 100, 203]","@module":"flavor::psp::format_2025::operations","@pid":11921,"@timestamp":"2026-03-31T20:29:04.459170Z"}
{"@file":"src/psp/format_2025/operations.rs","@level":"debug","@line":60,"@message":"✅ Operations unpacked: count=8 operations=[184, 226, 44, 13, 82, 83, 10, 76]","@module":"flavor::psp::format_2025::operations","@pid":11921,"@timestamp":"2026-03-31T20:29:04.459162Z"}
{"@file":"src/psp/format_2025/operations.rs","@level":"debug","@line":37,"@message":"✅ Operations packed: result=3979982793","@module":"flavor::psp::format_2025::operations","@pid":11921,"@timestamp":"2026-03-31T20:29:04.459215Z"}
{"@file":"src/psp/format_2025/operations.rs","@level":"debug","@line":60,"@message":"✅ Operations unpacked: count=8 operations=[2, 217, 148, 82, 61, 223, 140, 222]","@module":"flavor::psp::format_2025::operations","@pid":11921,"@timestamp":"2026-03-31T20:29:04.459229Z"}
{"@file":"src/psp/format_2025/operations.rs","@level":"debug","@line":37,"@message":"✅ Operations packed: result=5286116","@module":"flavor::psp::format_2025::operations","@pid":11921,"@timestamp":"2026-03-31T20:29:04.459249Z"}
{"@file":"src/psp/format_2025/operations.rs","@level":"debug","@line":37,"@message":"✅ Operations packed: result=16036437827630979330","@module":"flavor::psp::format_2025::operations","@pid":11921,"@timestamp":"2026-03-31T20:29:04.459258Z"}
{"@file":"src/psp/format_2025/operations.rs","@level":"debug","@line":60,"@message":"✅ Operations unpacked: count=3 operations=[228, 168, 80]","@module":"flavor::psp::format_2025::operations","@pid":11921,"@timestamp":"2026-03-31T20:29:04.459274Z"}
{"@file":"src/psp/format_2025/operations.rs","@level":"debug","@line":60,"@message":"✅ Operations unpacked: count=8 operations=[2, 217, 148, 82, 61, 223, 140, 222]","@module":"flavor::psp::format_2025::operations","@pid":11921,"@timestamp":"2026-03-31T20:29:04.459289Z"}
{"@file":"src/psp/format_2025/operations.rs","@level":"debug","@line":37,"@message":"✅ Operations packed: result=0","@module":"flavor::psp::format_2025::operations","@pid":11921,"@timestamp":"2026-03-31T20:29:04.459265Z"}
{"@file":"src/psp/format_2025/operations.rs","@level":"debug","@line":60,"@message":"✅ Operations unpacked: count=8 operations=[86, 26, 92, 145, 130, 249, 35, 94]","@module":"flavor::psp::format_2025::operations","@pid":11921,"@timestamp":"2026-03-31T20:29:04.459344Z"}
{"@file":"src/psp/format_2025/operations.rs","@level":"debug","@line":37,"@message":"✅ Operations packed: result=791974327524","@module":"flavor::psp::format_2025::operations","@pid":11921,"@timestamp":"2026-03-31T20:29:04.459360Z"}
{"@file":"src/psp/format_2025/operations.rs","@level":"debug","@line":37,"@message":"✅ Operations packed: result=275856209671570","@module":"flavor::psp::format_2025::operations","@pid":11921,"@timestamp":"2026-03-31T20:29:04.459348Z"}
{"@file":"src/psp/format_2025/operations.rs","@level":"debug","@line":37,"@message":"✅ Operations packed: result=6783539802929896022","@module":"flavor::psp::format_2025::operations","@pid":11921,"@timestamp":"2026-03-31T20:29:04.459370Z"}
{"@file":"src/psp/format_2025/operations.rs","@level":"debug","@line":60,"@message":"✅ Operations unpacked: count=6 operations=[146, 245, 98, 199, 227, 250]","@module":"flavor::psp::format_2025::operations","@pid":11921,"@timestamp":"2026-03-31T20:29:04.459410Z"}
{"@file":"src/psp/format_2025/operations.rs","@level":"debug","@line":37,"@message":"✅ Operations packed: result=12","@module":"flavor::psp::format_2025::operations","@pid":11921,"@timestamp":"2026-03-31T20:29:04.459419Z"}
{"@file":"src/psp/format_2025/operations.rs","@level":"debug","@line":60,"@message":"✅ Operations unpacked: count=8 operations=[86, 26, 92, 145, 130, 249, 35, 94]","@module":"flavor::psp::format_2025::operations","@pid":11921,"@timestamp":"2026-03-31T20:29:04.459433Z"}
{"@file":"src/psp/format_2025/operations.rs","@level":"debug","@line":37,"@message":"✅ Operations packed: result=73875813053242","@module":"flavor::psp::format_2025::operations","@pid":11921,"@timestamp":"2026-03-31T20:29:04.459480Z"}
{"@file":"src/psp/format_2025/operations.rs","@level":"debug","@line":37,"@message":"✅ Operations packed: result=324589040","@module":"flavor::psp::format_2025::operations","@pid":11921,"@timestamp":"2026-03-31T20:29:04.459491Z"}
{"@file":"src/psp/format_2025/operations.rs","@level":"debug","@line":60,"@message":"✅ Operations unpacked: count=6 operations=[58, 51, 152, 141, 48, 67]","@module":"flavor::psp::format_2025::operations","@pid":11921,"@timestamp":"2026-03-31T20:29:04.459508Z"}
{"@file":"src/psp/format_2025/operations.rs","@level":"debug","@line":60,"@message":"✅ Operations unpacked: count=8 operations=[181, 177, 119, 94, 197, 11, 23, 174]","@module":"flavor::psp::format_2025::operations","@pid":11921,"@timestamp":"2026-03-31T20:29:04.459508Z"}
{"@file":"src/psp/format_2025/operations.rs","@level":"debug","@line":37,"@message":"✅ Operations packed: result=11497410","@module":"flavor::psp::format_2025::operations","@pid":11921,"@timestamp":"2026-03-31T20:29:04.459546Z"}
{"@file":"src/psp/format_2025/operations.rs","@level":"debug","@line":37,"@message":"✅ Operations packed: result=12544508229385171381","@module":"flavor::psp::format_2025::operations","@pid":11921,"@timestamp":"2026-03-31T20:29:04.459551Z"}
{"@file":"src/psp/format_2025/operations.rs","@level":"debug","@line":37,"@message":"✅ Operations packed: result=516675422","@module":"flavor::psp::format_2025::operations","@pid":11921,"@timestamp":"2026-03-31T20:29:04.459567Z"}
{"@file":"src/psp/format_2025/operations.rs","@level":"debug","@line":60,"@message":"✅ Operations unpacked: count=8 operations=[181, 177, 119, 94, 197, 11, 23, 174]","@module":"flavor::psp::format_2025::operations","@pid":11921,"@timestamp":"2026-03-31T20:29:04.459592Z"}
{"@file":"src/psp/format_2025/operations.rs","@level":"debug","@line":37,"@message":"✅ Operations packed: result=37820","@module":"flavor::psp::format_2025::operations","@pid":11921,"@timestamp":"2026-03-31T20:29:04.459604Z"}
{"@file":"src/psp/format_2025/operations.rs","@level":"debug","@line":60,"@message":"✅ Operations unpacked: count=4 operations=[94, 215, 203, 30]","@module":"flavor::psp::format_2025::operations","@pid":11921,"@timestamp":"2026-03-31T20:29:04.459602Z"}
{"@file":"src/psp/format_2025/operations.rs","@level":"debug","@line":60,"@message":"✅ Operations unpacked: count=8 operations=[75, 63, 74, 105, 41, 161, 174, 215]","@module":"flavor::psp::format_2025::operations","@pid":11921,"@timestamp":"2026-03-31T20:29:04.459647Z"}
{"@file":"src/psp/format_2025/operations.rs","@level":"debug","@line":37,"@message":"✅ Operations packed: result=394588670000","@module":"flavor::psp::format_2025::operations","@pid":11921,"@timestamp":"2026-03-31T20:29:04.459658Z"}
{"@file":"src/psp/format_2025/operations.rs","@level":"debug","@line":37,"@message":"✅ Operations packed: result=5674011","@module":"flavor::psp::format_2025::operations","@pid":11921,"@timestamp":"2026-03-31T20:29:04.459664Z"}
{"@file":"src/psp/format_2025/operations.rs","@level":"debug","@line":37,"@message":"✅ Operations packed: result=15541536563334365003","@module":"flavor::psp::format_2025::operations","@pid":11921,"@timestamp":"2026-03-31T20:29:04.459676Z"}
{"@file":"src/psp/format_2025/operations.rs","@level":"debug","@line":60,"@message":"✅ Operations unpacked: count=3 operations=[27, 148, 86]","@module":"flavor::psp::format_2025::operations","@pid":11921,"@timestamp":"2026-03-31T20:29:04.459694Z"}
{"@file":"src/psp/format_2025/operations.rs","@level":"debug","@line":60,"@message":"✅ Operations unpacked: count=8 operations=[75, 63, 74, 105, 41, 161, 174, 215]","@module":"flavor::psp::format_2025::operations","@pid":11921,"@timestamp":"2026-03-31T20:29:04.459704Z"}
{"@file":"src/psp/format_2025/operations.rs","@level":"debug","@line":37,"@message":"✅ Operations packed: result=249861587130164","@module":"flavor::psp::format_2025::operations","@pid":11921,"@timestamp":"2026-03-31T20:29:04.459715Z"}
{"@file":"src/psp/format_2025/operations.rs","@level":"debug","@line":37,"@message":"✅ Operations packed: result=729607258529","@module":"flavor::psp::format_2025::operations","@pid":11921,"@timestamp":"2026-03-31T20:29:04.459747Z"}
{"@file":"src/psp/format_2025/operations.rs","@level":"debug","@line":60,"@message":"✅ Operations unpacked: count=8 operations=[49, 98, 221, 242, 191, 210, 60, 4]","@module":"flavor::psp::format_2025::operations","@pid":11921,"@timestamp":"2026-03-31T20:29:04.459758Z"}
{"@file":"src/psp/format_2025/operations.rs","@level":"debug","@line":37,"@message":"✅ Operations packed: result=12920754498437559","@module":"flavor::psp::format_2025::operations","@pid":11921,"@timestamp":"2026-03-31T20:29:04.459770Z"}
{"@file":"src/psp/format_2025/operations.rs","@level":"debug","@line":60,"@message":"✅ Operations unpacked: count=5 operations=[161, 65, 251, 223, 169]","@module":"flavor::psp::format_2025::operations","@pid":11921,"@timestamp":"2026-03-31T20:29:04.459767Z"}
{"@file":"src/psp/format_2025/operations.rs","@level":"debug","@line":37,"@message":"✅ Operations packed: result=305350596609532465","@module":"flavor::psp::format_2025::operations","@pid":11921,"@timestamp":"2026-03-31T20:29:04.459791Z"}
{"@file":"src/psp/format_2025/operations.rs","@level":"debug","@line":60,"@message":"✅ Operations unpacked: count=8 operations=[49, 98, 221, 242, 191, 210, 60, 4]","@module":"flavor::psp::format_2025::operations","@pid":11921,"@timestamp":"2026-03-31T20:29:04.459828Z"}
{"@file":"src/psp/format_2025/operations.rs","@level":"debug","@line":37,"@message":"✅ Operations packed: result=12282088368799191132","@module":"flavor::psp::format_2025::operations","@pid":11921,"@timestamp":"2026-03-31T20:29:04.459832Z"}
{"@file":"src/psp/format_2025/operations.rs","@level":"debug","@line":37,"@message":"✅ Operations packed: result=5286109470284","@module":"flavor::psp::format_2025::operations","@pid":11921,"@timestamp":"2026-03-31T20:29:04.459842Z"}
{"@file":"src/psp/format_2025/operations.rs","@level":"debug","@line":60,"@message":"✅ Operations unpacked: count=6 operations=[76, 94, 173, 196, 206, 4]","@module":"flavor::psp::format_2025::operations","@pid":11921,"@timestamp":"2026-03-31T20:29:04.459866Z"}
{"@file":"src/psp/format_2025/operations.rs","@level":"debug","@line":60,"@message":"✅ Operations unpacked: count=8 operations=[117, 34, 41, 42, 98, 5, 1, 187]","@module":"flavor::psp::format_2025::operations","@pid":11921,"@timestamp":"2026-03-31T20:29:04.459879Z"}
{"@file":"src/psp/format_2025/operations.rs","@level":"debug","@line":37,"@message":"✅ Operations packed: result=55","@module":"flavor::psp::format_2025::operations","@pid":11921,"@timestamp":"2026-03-31T20:29:04.459887Z"}
{"@file":"src/psp/format_2025/operations.rs","@level":"debug","@line":37,"@message":"✅ Operations packed: result=13475057479241507445","@module":"flavor::psp::format_2025::operations","@pid":11921,"@timestamp":"2026-03-31T20:29:04.459899Z"}
{"@file":"src/psp/format_2025/operations.rs","@level":"debug","@line":37,"@message":"✅ Operations packed: result=2815642166041","@module":"flavor::psp::format_2025::operations","@pid":11921,"@timestamp":"2026-03-31T20:29:04.459913Z"}
{"@file":"src/psp/format_2025/operations.rs","@level":"debug","@line":60,"@message":"✅ Operations unpacked: count=8 operations=[117, 34, 41, 42, 98, 5, 1, 187]","@module":"flavor::psp::format_2025::operations","@pid":11921,"@timestamp":"2026-03-31T20:29:04.459919Z"}
{"@file":"src/psp/format_2025/operations.rs","@level":"debug","@line":60,"@message":"✅ Operations unpacked: count=6 operations=[25, 227, 89, 145, 143, 2]","@module":"flavor::psp::format_2025::operations","@pid":11921,"@timestamp":"2026-03-31T20:29:04.459933Z"}
{"@file":"src/psp/format_2025/operations.rs","@level":"debug","@line":37,"@message":"✅ Operations packed: result=2164909873","@module":"flavor::psp::format_2025::operations","@pid":11921,"@timestamp":"2026-03-31T20:29:04.459934Z"}
{"@file":"src/psp/format_2025/operations.rs","@level":"debug","@line":60,"@message":"✅ Operations unpacked: count=8 operations=[28, 70, 97, 145, 15, 92, 54, 125]","@module":"flavor::psp::format_2025::operations","@pid":11921,"@timestamp":"2026-03-31T20:29:04.459965Z"}
{"@file":"src/psp/format_2025/operations.rs","@level":"debug","@line":37,"@message":"✅ Operations packed: result=6315782","@module":"flavor::psp::format_2025::operations","@pid":11921,"@timestamp":"2026-03-31T20:29:04.459983Z"}
{"@file":"src/psp/format_2025/operations.rs","@level":"debug","@line":37,"@message":"✅ Operations packed: result=494835591256","@module":"flavor::psp::format_2025::operations","@pid":11921,"@timestamp":"2026-03-31T20:29:04.459989Z"}
{"@file":"src/psp/format_2025/operations.rs","@level":"debug","@line":37,"@message":"✅ Operations packed: result=9022500125416703516","@module":"flavor::psp::format_2025::operations","@pid":11921,"@timestamp":"2026-03-31T20:29:04.459985Z"}
{"@file":"src/psp/format_2025/operations.rs","@level":"debug","@line":60,"@message":"✅ Operations unpacked: count=3 operations=[6, 95, 96]","@module":"flavor::psp::format_2025::operations","@pid":11921,"@timestamp":"2026-03-31T20:29:04.460003Z"}
{"@file":"src/psp/format_2025/operations.rs","@level":"debug","@line":60,"@message":"✅ Operations unpacked: count=8 operations=[28, 70, 97, 145, 15, 92, 54, 125]","@module":"flavor::psp::format_2025::operations","@pid":11921,"@timestamp":"2026-03-31T20:29:04.460014Z"}
{"@file":"src/psp/format_2025/operations.rs","@level":"debug","@line":37,"@message":"✅ Operations packed: result=207","@module":"flavor::psp::format_2025::operations","@pid":11921,"@timestamp":"2026-03-31T20:29:04.460036Z"}
{"@file":"src/psp/format_2025/operations.rs","@level":"debug","@line":37,"@message":"✅ Operations packed: result=0","@module":"flavor::psp::format_2025::operations","@pid":11921,"@timestamp":"2026-03-31T20:29:04.460048Z"}
{"@file":"src/psp/format_2025/operations.rs","@level":"debug","@line":60,"@message":"✅ Operations unpacked: count=8 operations=[106, 194, 119, 243, 133, 3, 225, 18]","@module":"flavor::psp::format_2025::operations","@pid":11921,"@timestamp":"2026-03-31T20:29:04.460063Z"}
{"@file":"src/psp/format_2025/operations.rs","@level":"debug","@line":60,"@message":"✅ Operations unpacked: count=0 operations=[]","@module":"flavor::psp::format_2025::operations","@pid":11921,"@timestamp":"2026-03-31T20:29:04.460066Z"}
{"@file":"src/psp/format_2025/operations.rs","@level":"debug","@line":37,"@message":"✅ Operations packed: result=9537576845478113793","@module":"flavor::psp::format_2025::operations","@pid":11921,"@timestamp":"2026-03-31T20:29:04.460083Z"}
{"@file":"src/psp/format_2025/operations.rs","@level":"debug","@line":37,"@message":"✅ Operations packed: result=1360372436292846186","@module":"flavor::psp::format_2025::operations","@pid":11921,"@timestamp":"2026-03-31T20:29:04.460085Z"}
{"@file":"src/psp/format_2025/operations.rs","@level":"debug","@line":60,"@message":"✅ Operations unpacked: count=8 operations=[106, 194, 119, 243, 133, 3, 225, 18]","@module":"flavor::psp::format_2025::operations","@pid":11921,"@timestamp":"2026-03-31T20:29:04.460108Z"}
{"@file":"src/psp/format_2025/operations.rs","@level":"debug","@line":37,"@message":"✅ Operations packed: result=1936020392","@module":"flavor::psp::format_2025::operations","@pid":11921,"@timestamp":"2026-03-31T20:29:04.460119Z"}
{"@file":"src/psp/format_2025/operations.rs","@level":"debug","@line":37,"@message":"✅ Operations packed: result=160959962237","@module":"flavor::psp::format_2025::operations","@pid":11921,"@timestamp":"2026-03-31T20:29:04.460131Z"}
{"@file":"src/psp/format_2025/operations.rs","@level":"debug","@line":60,"@message":"✅ Operations unpacked: count=4 operations=[168, 83, 101, 115]","@module":"flavor::psp::format_2025::operations","@pid":11921,"@timestamp":"2026-03-31T20:29:04.460139Z"}
{"@file":"src/psp/format_2025/operations.rs","@level":"debug","@line":60,"@message":"✅ Operations unpacked: count=8 operations=[1, 160, 48, 153, 67, 111, 46, 226]","@module":"flavor::psp::format_2025::operations","@pid":11921,"@timestamp":"2026-03-31T20:29:04.460154Z"}
{"@file":"src/psp/format_2025/operations.rs","@level":"debug","@line":37,"@message":"✅ Operations packed: result=16298086437623996417","@module":"flavor::psp::format_2025::operations","@pid":11921,"@timestamp":"2026-03-31T20:29:04.460173Z"}
{"@file":"src/psp/format_2025/operations.rs","@level":"debug","@line":37,"@message":"✅ Operations packed: result=14617854022397342309","@module":"flavor::psp::format_2025::operations","@pid":11921,"@timestamp":"2026-03-31T20:29:04.460178Z"}
{"@file":"src/psp/format_2025/operations.rs","@level":"debug","@line":37,"@message":"✅ Operations packed: result=1054649684413","@module":"flavor::psp::format_2025::operations","@pid":11921,"@timestamp":"2026-03-31T20:29:04.460186Z"}
{"@file":"src/psp/format_2025/operations.rs","@level":"debug","@line":60,"@message":"✅ Operations unpacked: count=8 operations=[1, 160, 48, 153, 67, 111, 46, 226]","@module":"flavor::psp::format_2025::operations","@pid":11921,"@timestamp":"2026-03-31T20:29:04.460192Z"}
{"@file":"src/psp/format_2025/operations.rs","@level":"debug","@line":60,"@message":"✅ Operations unpacked: count=5 operations=[189, 17, 5, 142, 245]","@module":"flavor::psp::format_2025::operations","@pid":11921,"@timestamp":"2026-03-31T20:29:04.460204Z"}
{"@file":"src/psp/format_2025/operations.rs","@level":"debug","@line":37,"@message":"✅ Operations packed: result=222849","@module":"flavor::psp::format_2025::operations","@pid":11921,"@timestamp":"2026-03-31T20:29:04.460225Z"}
{"@file":"src/psp/format_2025/operations.rs","@level":"debug","@line":60,"@message":"✅ Operations unpacked: count=8 operations=[212, 152, 36, 64, 204, 33, 217, 204]","@module":"flavor::psp::format_2025::operations","@pid":11921,"@timestamp":"2026-03-31T20:29:04.460238Z"}
{"@file":"src/psp/format_2025/operations.rs","@level":"debug","@line":37,"@message":"✅ Operations packed: result=1614354","@module":"flavor::psp::format_2025::operations","@pid":11921,"@timestamp":"2026-03-31T20:29:04.460255Z"}
{"@file":"src/psp/format_2025/operations.rs","@level":"debug","@line":37,"@message":"✅ Operations packed: result=14760866414816696532","@module":"flavor::psp::format_2025::operations","@pid":11921,"@timestamp":"2026-03-31T20:29:04.460258Z"}
{"@file":"src/psp/format_2025/operations.rs","@level":"debug","@line":37,"@message":"✅ Operations packed: result=21975","@module":"flavor::psp::format_2025::operations","@pid":11921,"@timestamp":"2026-03-31T20:29:04.460270Z"}
{"@file":"src/psp/format_2025/operations.rs","@level":"debug","@line":60,"@message":"✅ Operations unpacked: count=3 operations=[18, 162, 24]","@module":"flavor::psp::format_2025::operations","@pid":11921,"@timestamp":"2026-03-31T20:29:04.460274Z"}
{"@file":"src/psp/format_2025/operations.rs","@level":"debug","@line":60,"@message":"✅ Operations unpacked: count=8 operations=[212, 152, 36, 64, 204, 33, 217, 204]","@module":"flavor::psp::format_2025::operations","@pid":11921,"@timestamp":"2026-03-31T20:29:04.460281Z"}
{"@file":"src/psp/format_2025/operations.rs","@level":"debug","@line":37,"@message":"✅ Operations packed: result=197","@module":"flavor::psp::format_2025::operations","@pid":11921,"@timestamp":"2026-03-31T20:29:04.460321Z"}
{"@file":"src/psp/format_2025/operations.rs","@level":"debug","@line":37,"@message":"✅ Operations packed: result=23443799797016360","@module":"flavor::psp::format_2025::operations","@pid":11921,"@timestamp":"2026-03-31T20:29:04.460328Z"}
{"@file":"src/psp/format_2025/operations.rs","@level":"debug","@line":60,"@message":"✅ Operations unpacked: count=8 operations=[147, 113, 217, 194, 33, 237, 42, 11]","@module":"flavor::psp::format_2025::operations","@pid":11921,"@timestamp":"2026-03-31T20:29:04.460329Z"}
{"@file":"src/psp/format_2025/operations.rs","@level":"debug","@line":60,"@message":"✅ Operations unpacked: count=1 operations=[197]","@module":"flavor::psp::format_2025::operations","@pid":11921,"@timestamp":"2026-03-31T20:29:04.460340Z"}
{"@file":"src/psp/format_2025/operations.rs","@level":"debug","@line":37,"@message":"✅ Operations packed: result=804716212697788819","@module":"flavor::psp::format_2025::operations","@pid":11921,"@timestamp":"2026-03-31T20:29:04.460374Z"}
{"@file":"src/psp/format_2025/operations.rs","@level":"debug","@line":37,"@message":"✅ Operations packed: result=8689903","@module":"flavor::psp::format_2025::operations","@pid":11921,"@timestamp":"2026-03-31T20:29:04.460388Z"}
{"@file":"src/psp/format_2025/operations.rs","@level":"debug","@line":60,"@message":"✅ Operations unpacked: count=8 operations=[147, 113, 217, 194, 33, 237, 42, 11]","@module":"flavor::psp::format_2025::operations","@pid":11921,"@timestamp":"2026-03-31T20:29:04.460395Z"}
{"@file":"src/psp/format_2025/operations.rs","@level":"debug","@line":37,"@message":"✅ Operations packed: result=272754591585802","@module":"flavor::psp::format_2025::operations","@pid":11921,"@timestamp":"2026-03-31T20:29:04.460409Z"}
{"@file":"src/psp/format_2025/operations.rs","@level":"debug","@line":60,"@message":"✅ Operations unpacked: count=6 operations=[10, 214, 138, 160, 17, 248]","@module":"flavor::psp::format_2025::operations","@pid":11921,"@timestamp":"2026-03-31T20:29:04.460443Z"}
{"@file":"src/psp/format_2025/operations.rs","@level":"debug","@line":37,"@message":"✅ Operations packed: result=241354785828557","@module":"flavor::psp::format_2025::operations","@pid":11921,"@timestamp":"2026-03-31T20:29:04.460451Z"}
{"@file":"src/psp/format_2025/operations.rs","@level":"debug","@line":60,"@message":"✅ Operations unpacked: count=8 operations=[44, 220, 107, 243, 252, 51, 139, 184]","@module":"flavor::psp::format_2025::operations","@pid":11921,"@timestamp":"2026-03-31T20:29:04.460464Z"}
{"@file":"src/psp/format_2025/operations.rs","@level":"debug","@line":37,"@message":"✅ Operations packed: result=13297779486250228780","@module":"flavor::psp::format_2025::operations","@pid":11921,"@timestamp":"2026-03-31T20:29:04.460490Z"}
{"@file":"src/psp/format_2025/operations.rs","@level":"debug","@line":37,"@message":"✅ Operations packed: result=93","@module":"flavor::psp::format_2025::operations","@pid":11921,"@timestamp":"2026-03-31T20:29:04.460494Z"}
{"@file":"src/psp/format_2025/operations.rs","@level":"debug","@line":37,"@message":"✅ Operations packed: result=13158524361994012082","@module":"flavor::psp::format_2025::operations","@pid":11921,"@timestamp":"2026-03-31T20:29:04.460507Z"}
{"@file":"src/psp/format_2025/operations.rs","@level":"debug","@line":60,"@message":"✅ Operations unpacked: count=8 operations=[44, 220, 107, 243, 252, 51, 139, 184]","@module":"flavor::psp::format_2025::operations","@pid":11921,"@timestamp":"2026-03-31T20:29:04.460512Z"}
{"@file":"src/psp/format_2025/operations.rs","@level":"debug","@line":60,"@message":"✅ Operations unpacked: count=1 operations=[93]","@module":"flavor::psp::format_2025::operations","@pid":11921,"@timestamp":"2026-03-31T20:29:04.460517Z"}
{"@file":"src/psp/format_2025/operations.rs","@level":"debug","@line":37,"@message":"✅ Operations packed: result=2491492627","@module":"flavor::psp::format_2025::operations","@pid":11921,"@timestamp":"2026-03-31T20:29:04.460569Z"}
{"@file":"src/psp/format_2025/operations.rs","@level":"debug","@line":60,"@message":"✅ Operations unpacked: count=8 operations=[244, 13, 116, 103, 158, 224, 81, 90]","@module":"flavor::psp::format_2025::operations","@pid":11921,"@timestamp":"2026-03-31T20:29:04.460583Z"}
{"@file":"src/psp/format_2025/operations.rs","@level":"debug","@line":37,"@message":"✅ Operations packed: result=109545138438704","@module":"flavor::psp::format_2025::operations","@pid":11921,"@timestamp":"2026-03-31T20:29:04.460589Z"}
{"@file":"src/psp/format_2025/operations.rs","@level":"debug","@line":37,"@message":"✅ Operations packed: result=6508229907472190964","@module":"flavor::psp::format_2025::operations","@pid":11921,"@timestamp":"2026-03-31T20:29:04.460611Z"}
{"@file":"src/psp/format_2025/operations.rs","@level":"debug","@line":60,"@message":"✅ Operations unpacked: count=6 operations=[48, 66, 16, 119, 161, 99]","@module":"flavor::psp::format_2025::operations","@pid":11921,"@timestamp":"2026-03-31T20:29:04.460616Z"}
{"@file":"src/psp/format_2025/operations.rs","@level":"debug","@line":37,"@message":"✅ Operations packed: result=4483579929955015918","@module":"flavor::psp::format_2025::operations","@pid":11921,"@timestamp":"2026-03-31T20:29:04.460625Z"}
{"@file":"src/psp/format_2025/operations.rs","@level":"debug","@line":60,"@message":"✅ Operations unpacked: count=8 operations=[244, 13, 116, 103, 158, 224, 81, 90]","@module":"flavor::psp::format_2025::operations","@pid":11921,"@timestamp":"2026-03-31T20:29:04.460632Z"}
{"@file":"src/psp/format_2025/operations.rs","@level":"debug","@line":37,"@message":"✅ Operations packed: result=2987228472","@module":"flavor::psp::format_2025::operations","@pid":11921,"@timestamp":"2026-03-31T20:29:04.460664Z"}
{"@file":"src/psp/format_2025/operations.rs","@level":"debug","@line":37,"@message":"✅ Operations packed: result=3311711321","@module":"flavor::psp::format_2025::operations","@pid":11921,"@timestamp":"2026-03-31T20:29:04.460685Z"}
{"@file":"src/psp/format_2025/operations.rs","@level":"debug","@line":60,"@message":"✅ Operations unpacked: count=4 operations=[56, 125, 13, 178]","@module":"flavor::psp::format_2025::operations","@pid":11921,"@timestamp":"2026-03-31T20:29:04.460694Z"}
{"@file":"src/psp/format_2025/operations.rs","@level":"debug","@line":60,"@message":"✅ Operations unpacked: count=8 operations=[34, 158, 22, 134, 81, 139, 93, 23]","@module":"flavor::psp::format_2025::operations","@pid":11921,"@timestamp":"2026-03-31T20:29:04.460715Z"}
{"@file":"src/psp/format_2025/operations.rs","@level":"debug","@line":37,"@message":"✅ Operations packed: result=1683655017964674594","@module":"flavor::psp::format_2025::operations","@pid":11921,"@timestamp":"2026-03-31T20:29:04.460735Z"}
{"@file":"src/psp/format_2025/operations.rs","@level":"debug","@line":37,"@message":"✅ Operations packed: result=33009","@module":"flavor::psp::format_2025::operations","@pid":11921,"@timestamp":"2026-03-31T20:29:04.460744Z"}
{"@file":"src/psp/format_2025/operations.rs","@level":"debug","@line":60,"@message":"✅ Operations unpacked: count=8 operations=[34, 158, 22, 134, 81, 139, 93, 23]","@module":"flavor::psp::format_2025::operations","@pid":11921,"@timestamp":"2026-03-31T20:29:04.460754Z"}
{"@file":"src/psp/format_2025/operations.rs","@level":"debug","@line":37,"@message":"✅ Operations packed: result=10008817259443113","@module":"flavor::psp::format_2025::operations","@pid":11921,"@timestamp":"2026-03-31T20:29:04.460756Z"}
{"@file":"src/psp/format_2025/operations.rs","@level":"debug","@line":60,"@message":"✅ Operations unpacked: count=7 operations=[169, 243, 94, 93, 247, 142, 35]","@module":"flavor::psp::format_2025::operations","@pid":11921,"@timestamp":"2026-03-31T20:29:04.460788Z"}
{"@file":"src/psp/format_2025/operations.rs","@level":"debug","@line":37,"@message":"✅ Operations packed: result=12126156","@module":"flavor::psp::format_2025::operations","@pid":11921,"@timestamp":"2026-03-31T20:29:04.460799Z"}
{"@file":"src/psp/format_2025/operations.rs","@level":"debug","@line":60,"@message":"✅ Operations unpacked: count=8 operations=[213, 199, 9, 180, 11, 143, 241, 88]","@module":"flavor::psp::format_2025::operations","@pid":11921,"@timestamp":"2026-03-31T20:29:04.460810Z"}
{"@file":"src/psp/format_2025/operations.rs","@level":"debug","@line":37,"@message":"✅ Operations packed: result=720084119","@module":"flavor::psp::format_2025::operations","@pid":11921,"@timestamp":"2026-03-31T20:29:04.460835Z"}
{"@file":"src/psp/format_2025/operations.rs","@level":"debug","@line":37,"@message":"✅ Operations packed: result=6409061025152878549","@module":"flavor::psp::format_2025::operations","@pid":11921,"@timestamp":"2026-03-31T20:29:04.460836Z"}
{"@file":"src/psp/format_2025/operations.rs","@level":"debug","@line":37,"@message":"✅ Operations packed: result=18275725985142","@module":"flavor::psp::format_2025::operations","@pid":11921,"@timestamp":"2026-03-31T20:29:04.460854Z"}
{"@file":"src/psp/format_2025/operations.rs","@level":"debug","@line":60,"@message":"✅ Operations unpacked: count=4 operations=[151, 156, 235, 42]","@module":"flavor::psp::format_2025::operations","@pid":11921,"@timestamp":"2026-03-31T20:29:04.460858Z"}
{"@file":"src/psp/format_2025/operations.rs","@level":"debug","@line":60,"@message":"✅ Operations unpacked: count=8 operations=[213, 199, 9, 180, 11, 143, 241, 88]","@module":"flavor::psp::format_2025::operations","@pid":11921,"@timestamp":"2026-03-31T20:29:04.460865Z"}
{"@file":"src/psp/format_2025/operations.rs","@level":"debug","@line":37,"@message":"✅ Operations packed: result=35948310661601722","@module":"flavor::psp::format_2025::operations","@pid":11921,"@timestamp":"2026-03-31T20:29:04.460918Z"}
{"@file":"src/psp/format_2025/operations.rs","@level":"debug","@line":37,"@message":"✅ Operations packed: result=21947","@module":"flavor::psp::format_2025::operations","@pid":11921,"@timestamp":"2026-03-31T20:29:04.460928Z"}
{"@file":"src/psp/format_2025/operations.rs","@level":"debug","@line":60,"@message":"✅ Operations unpacked: count=2 operations=[187, 85]","@module":"flavor::psp::format_2025::operations","@pid":11921,"@timestamp":"2026-03-31T20:29:04.460947Z"}
{"@file":"src/psp/format_2025/operations.rs","@level":"debug","@line":60,"@message":"✅ Operations unpacked: count=8 operations=[212, 92, 211, 82, 164, 49, 212, 19]","@module":"flavor::psp::format_2025::operations","@pid":11921,"@timestamp":"2026-03-31T20:29:04.460949Z"}
{"@file":"src/psp/format_2025/operations.rs","@level":"debug","@line":37,"@message":"✅ Operations packed: result=43","@module":"flavor::psp::format_2025::operations","@pid":11921,"@timestamp":"2026-03-31T20:29:04.460967Z"}
{"@file":"src/psp/format_2025/operations.rs","@level":"debug","@line":37,"@message":"✅ Operations packed: result=1428821563617270996","@module":"flavor::psp::format_2025::operations","@pid":11921,"@timestamp":"2026-03-31T20:29:04.460994Z"}
{"@file":"src/psp/format_2025/operations.rs","@level":"debug","@line":37,"@message":"✅ Operations packed: result=0","@module":"flavor::psp::format_2025::operations","@pid":11921,"@timestamp":"2026-03-31T20:29:04.460997Z"}
{"@file":"src/psp/format_2025/operations.rs","@level":"debug","@line":60,"@message":"✅ Operations unpacked: count=8 operations=[212, 92, 211, 82, 164, 49, 212, 19]","@module":"flavor::psp::format_2025::operations","@pid":11921,"@timestamp":"2026-03-31T20:29:04.461028Z"}
{"@file":"src/psp/format_2025/operations.rs","@level":"debug","@line":37,"@message":"✅ Operations packed: result=150005766","@module":"flavor::psp::format_2025::operations","@pid":11921,"@timestamp":"2026-03-31T20:29:04.461033Z"}
{"@file":"src/psp/format_2025/operations.rs","@level":"debug","@line":60,"@message":"✅ Operations unpacked: count=0 operations=[]","@module":"flavor::psp::format_2025::operations","@pid":11921,"@timestamp":"2026-03-31T20:29:04.461039Z"}
{"@file":"src/psp/format_2025/operations.rs","@level":"debug","@line":37,"@message":"✅ Operations packed: result=0","@module":"flavor::psp::format_2025::operations","@pid":11921,"@timestamp":"2026-03-31T20:29:04.461103Z"}
{"@file":"src/psp/format_2025/operations.rs","@level":"debug","@line":37,"@message":"✅ Operations packed: result=4487","@module":"flavor::psp::format_2025::operations","@pid":11921,"@timestamp":"2026-03-31T20:29:04.461112Z"}
{"@file":"src/psp/format_2025/operations.rs","@level":"debug","@line":60,"@message":"✅ Operations unpacked: count=8 operations=[155, 197, 105, 210, 25, 212, 15, 75]","@module":"flavor::psp::format_2025::operations","@pid":11921,"@timestamp":"2026-03-31T20:29:04.461104Z"}
{"@file":"src/psp/format_2025/operations.rs","@level":"debug","@line":60,"@message":"✅ Operations unpacked: count=2 operations=[135, 17]","@module":"flavor::psp::format_2025::operations","@pid":11921,"@timestamp":"2026-03-31T20:29:04.461133Z"}
{"@file":"src/psp/format_2025/operations.rs","@level":"debug","@line":37,"@message":"✅ Operations packed: result=5071","@module":"flavor::psp::format_2025::operations","@pid":11921,"@timestamp":"2026-03-31T20:29:04.461152Z"}
{"@file":"src/psp/format_2025/operations.rs","@level":"debug","@line":37,"@message":"✅ Operations packed: result=5408774884864673179","@module":"flavor::psp::format_2025::operations","@pid":11921,"@timestamp":"2026-03-31T20:29:04.461147Z"}
{"@file":"src/psp/format_2025/operations.rs","@level":"debug","@line":37,"@message":"✅ Operations packed: result=8115033167079910295","@module":"flavor::psp::format_2025::operations","@pid":11921,"@timestamp":"2026-03-31T20:29:04.461185Z"}
{"@file":"src/psp/format_2025/operations.rs","@level":"debug","@line":60,"@message":"✅ Operations unpacked: count=8 operations=[155, 197, 105, 210, 25, 212, 15, 75]","@module":"flavor::psp::format_2025::operations","@pid":11921,"@timestamp":"2026-03-31T20:29:04.461191Z"}
{"@file":"src/psp/format_2025/operations.rs","@level":"debug","@line":37,"@message":"✅ Operations packed: result=14084487349655417495","@module":"flavor::psp::format_2025::operations","@pid":11921,"@timestamp":"2026-03-31T20:29:04.461203Z"}
{"@file":"src/psp/format_2025/operations.rs","@level":"debug","@line":60,"@message":"✅ Operations unpacked: count=8 operations=[151, 171, 79, 144, 171, 99, 158, 112]","@module":"flavor::psp::format_2025::operations","@pid":11921,"@timestamp":"2026-03-31T20:29:04.461204Z"}
{"@file":"src/psp/format_2025/operations.rs","@level":"debug","@line":60,"@message":"✅ Operations unpacked: count=8 operations=[1, 247, 240, 176, 226, 27, 4, 13]","@module":"flavor::psp::format_2025::operations","@pid":11921,"@timestamp":"2026-03-31T20:29:04.461240Z"}
{"@file":"src/psp/format_2025/operations.rs","@level":"debug","@line":37,"@message":"✅ Operations packed: result=2379601254428979","@module":"flavor::psp::format_2025::operations","@pid":11921,"@timestamp":"2026-03-31T20:29:04.461252Z"}
{"@file":"src/psp/format_2025/operations.rs","@level":"debug","@line":37,"@message":"✅ Operations packed: result=937905282845046529","@module":"flavor::psp::format_2025::operations","@pid":11921,"@timestamp":"2026-03-31T20:29:04.461263Z"}
{"@file":"src/psp/format_2025/operations.rs","@level":"debug","@line":60,"@message":"✅ Operations unpacked: count=8 operations=[1, 247, 240, 176, 226, 27, 4, 13]","@module":"flavor::psp::format_2025::operations","@pid":11921,"@timestamp":"2026-03-31T20:29:04.461282Z"}
{"@file":"src/psp/format_2025/operations.rs","@level":"debug","@line":37,"@message":"✅ Operations packed: result=25400","@module":"flavor::psp::format_2025::operations","@pid":11921,"@timestamp":"2026-03-31T20:29:04.461300Z"}
{"@file":"src/psp/format_2025/operations.rs","@level":"debug","@line":37,"@message":"✅ Operations packed: result=9859","@module":"flavor::psp::format_2025::operations","@pid":11921,"@timestamp":"2026-03-31T20:29:04.461284Z"}
{"@file":"src/psp/format_2025/operations.rs","@level":"debug","@line":60,"@message":"✅ Operations unpacked: count=2 operations=[131, 38]","@module":"flavor::psp::format_2025::operations","@pid":11921,"@timestamp":"2026-03-31T20:29:04.461331Z"}
{"@file":"src/psp/format_2025/operations.rs","@level":"debug","@line":60,"@message":"✅ Operations unpacked: count=8 operations=[222, 204, 179, 233, 68, 100, 198, 65]","@module":"flavor::psp::format_2025::operations","@pid":11921,"@timestamp":"2026-03-31T20:29:04.461330Z"}
{"@file":"src/psp/format_2025/operations.rs","@level":"debug","@line":37,"@message":"✅ Operations packed: result=425850530538","@module":"flavor::psp::format_2025::operations","@pid":11921,"@timestamp":"2026-03-31T20:29:04.461350Z"}
{"@file":"src/psp/format_2025/operations.rs","@level":"debug","@line":37,"@message":"✅ Operations packed: result=240","@module":"flavor::psp::format_2025::operations","@pid":11921,"@timestamp":"2026-03-31T20:29:04.461383Z"}
{"@file":"src/psp/format_2025/operations.rs","@level":"debug","@line":37,"@message":"✅ Operations packed: result=4739585904995454174","@module":"flavor::psp::format_2025::operations","@pid":11921,"@timestamp":"2026-03-31T20:29:04.461376Z"}
{"@file":"src/psp/format_2025/operations.rs","@level":"debug","@line":60,"@message":"✅ Operations unpacked: count=1 operations=[240]","@module":"flavor::psp::format_2025::operations","@pid":11921,"@timestamp":"2026-03-31T20:29:04.461405Z"}
{"@file":"src/psp/format_2025/operations.rs","@level":"debug","@line":37,"@message":"✅ Operations packed: result=0","@module":"flavor::psp::format_2025::operations","@pid":11921,"@timestamp":"2026-03-31T20:29:04.461414Z"}
{"@file":"src/psp/format_2025/operations.rs","@level":"debug","@line":60,"@message":"✅ Operations unpacked: count=8 operations=[222, 204, 179, 233, 68, 100, 198, 65]","@module":"flavor::psp::format_2025::operations","@pid":11921,"@timestamp":"2026-03-31T20:29:04.461413Z"}
{"@file":"src/psp/format_2025/operations.rs","@level":"debug","@line":37,"@message":"✅ Operations packed: result=1074553373766","@module":"flavor::psp::format_2025::operations","@pid":11921,"@timestamp":"2026-03-31T20:29:04.461453Z"}
{"@file":"src/psp/format_2025/operations.rs","@level":"debug","@line":37,"@message":"✅ Operations packed: result=8969500","@module":"flavor::psp::format_2025::operations","@pid":11921,"@timestamp":"2026-03-31T20:29:04.461465Z"}
{"@file":"src/psp/format_2025/operations.rs","@level":"debug","@line":60,"@message":"✅ Operations unpacked: count=5 operations=[70, 68, 95, 48, 250]","@module":"flavor::psp::format_2025::operations","@pid":11921,"@timestamp":"2026-03-31T20:29:04.461478Z"}
{"@file":"src/psp/format_2025/operations.rs","@level":"debug","@line":37,"@message":"✅ Operations packed: result=16280298202747486086","@module":"flavor::psp::format_2025::operations","@pid":11921,"@timestamp":"2026-03-31T20:29:04.461513Z"}
{"@file":"src/psp/format_2025/operations.rs","@level":"debug","@line":60,"@message":"✅ Operations unpacked: count=8 operations=[93, 231, 131, 128, 135, 114, 155, 230]","@module":"flavor::psp::format_2025::operations","@pid":11921,"@timestamp":"2026-03-31T20:29:04.461514Z"}
{"@file":"src/psp/format_2025/operations.rs","@level":"debug","@line":37,"@message":"✅ Operations packed: result=4251723083","@module":"flavor::psp::format_2025::operations","@pid":11921,"@timestamp":"2026-03-31T20:29:04.461526Z"}
{"@file":"src/psp/format_2025/operations.rs","@level":"debug","@line":37,"@message":"✅ Operations packed: result=16617001176415856477","@module":"flavor::psp::format_2025::operations","@pid":11921,"@timestamp":"2026-03-31T20:29:04.461554Z"}
{"@file":"src/psp/format_2025/operations.rs","@level":"debug","@line":37,"@message":"✅ Operations packed: result=10213466","@module":"flavor::psp::format_2025::operations","@pid":11921,"@timestamp":"2026-03-31T20:29:04.461563Z"}
{"@file":"src/psp/format_2025/operations.rs","@level":"debug","@line":60,"@message":"✅ Operations unpacked: count=4 operations=[75, 37, 108, 253]","@module":"flavor::psp::format_2025::operations","@pid":11921,"@timestamp":"2026-03-31T20:29:04.461571Z"}
{"@file":"src/psp/format_2025/operations.rs","@level":"debug","@line":60,"@message":"✅ Operations unpacked: count=8 operations=[93, 231, 131, 128, 135, 114, 155, 230]","@module":"flavor::psp::format_2025::operations","@pid":11921,"@timestamp":"2026-03-31T20:29:04.461583Z"}
{"@file":"src/psp/format_2025/operations.rs","@level":"debug","@line":37,"@message":"✅ Operations packed: result=4664088","@module":"flavor::psp::format_2025::operations","@pid":11921,"@timestamp":"2026-03-31T20:29:04.461625Z"}
{"@file":"src/psp/format_2025/operations.rs","@level":"debug","@line":37,"@message":"✅ Operations packed: result=0","@module":"flavor::psp::format_2025::operations","@pid":11921,"@timestamp":"2026-03-31T20:29:04.461650Z"}
{"@file":"src/psp/format_2025/operations.rs","@level":"debug","@line":60,"@message":"✅ Operations unpacked: count=8 operations=[216, 17, 4, 94, 206, 99, 119, 68]","@module":"flavor::psp::format_2025::operations","@pid":11921,"@timestamp":"2026-03-31T20:29:04.461652Z"}
{"@file":"src/psp/format_2025/operations.rs","@level":"debug","@line":60,"@message":"✅ Operations unpacked: count=0 operations=[]","@module":"flavor::psp::format_2025::operations","@pid":11921,"@timestamp":"2026-03-31T20:29:04.461672Z"}
{"@file":"src/psp/format_2025/operations.rs","@level":"debug","@line":37,"@message":"✅ Operations packed: result=954187671312","@module":"flavor::psp::format_2025::operations","@pid":11921,"@timestamp":"2026-03-31T20:29:04.461679Z"}
{"@file":"src/psp/format_2025/operations.rs","@level":"debug","@line":37,"@message":"✅ Operations packed: result=4933521654799405528","@module":"flavor::psp::format_2025::operations","@pid":11921,"@timestamp":"2026-03-31T20:29:04.461687Z"}
{"@file":"src/psp/format_2025/operations.rs","@level":"debug","@line":37,"@message":"✅ Operations packed: result=3044843375","@module":"flavor::psp::format_2025::operations","@pid":11921,"@timestamp":"2026-03-31T20:29:04.461728Z"}
{"@file":"src/psp/format_2025/operations.rs","@level":"debug","@line":60,"@message":"✅ Operations unpacked: count=8 operations=[216, 17, 4, 94, 206, 99, 119, 68]","@module":"flavor::psp::format_2025::operations","@pid":11921,"@timestamp":"2026-03-31T20:29:04.461722Z"}
{"@file":"src/psp/format_2025/operations.rs","@level":"debug","@line":37,"@message":"✅ Operations packed: result=0","@module":"flavor::psp::format_2025::operations","@pid":11921,"@timestamp":"2026-03-31T20:29:04.461736Z"}
{"@file":"src/psp/format_2025/operations.rs","@level":"debug","@line":60,"@message":"✅ Operations unpacked: count=4 operations=[111, 159, 124, 181]","@module":"flavor::psp::format_2025::operations","@pid":11921,"@timestamp":"2026-03-31T20:29:04.461756Z"}
{"@file":"src/psp/format_2025/operations.rs","@level":"debug","@line":60,"@message":"✅ Operations unpacked: count=8 operations=[141, 16, 18, 65, 207, 70, 10, 40]","@module":"flavor::psp::format_2025::operations","@pid":11921,"@timestamp":"2026-03-31T20:29:04.461792Z"}
{"@file":"src/psp/format_2025/operations.rs","@level":"debug","@line":37,"@message":"✅ Operations packed: result=782877613923","@module":"flavor::psp::format_2025::operations","@pid":11921,"@timestamp":"2026-03-31T20:29:04.461799Z"}
{"@file":"src/psp/format_2025/operations.rs","@level":"debug","@line":37,"@message":"✅ Operations packed: result=88933083961963","@module":"flavor::psp::format_2025::operations","@pid":11921,"@timestamp":"2026-03-31T20:29:04.461803Z"}
{"@file":"src/psp/format_2025/operations.rs","@level":"debug","@line":60,"@message":"✅ Operations unpacked: count=6 operations=[107, 218, 224, 88, 226, 80]","@module":"flavor::psp::format_2025::operations","@pid":11921,"@timestamp":"2026-03-31T20:29:04.461823Z"}
{"@file":"src/psp/format_2025/operations.rs","@level":"debug","@line":37,"@message":"✅ Operations packed: result=2885196367248101517","@module":"flavor::psp::format_2025::operations","@pid":11921,"@timestamp":"2026-03-31T20:29:04.461822Z"}
{"@file":"src/psp/format_2025/operations.rs","@level":"debug","@line":37,"@message":"✅ Operations packed: result=2653","@module":"flavor::psp::format_2025::operations","@pid":11921,"@timestamp":"2026-03-31T20:29:04.461846Z"}
{"@file":"src/psp/format_2025/operations.rs","@level":"debug","@line":60,"@message":"✅ Operations unpacked: count=8 operations=[141, 16, 18, 65, 207, 70, 10, 40]","@module":"flavor::psp::format_2025::operations","@pid":11921,"@timestamp":"2026-03-31T20:29:04.461860Z"}
{"@file":"src/psp/format_2025/operations.rs","@level":"debug","@line":37,"@message":"✅ Operations packed: result=4282623168","@module":"flavor::psp::format_2025::operations","@pid":11921,"@timestamp":"2026-03-31T20:29:04.461876Z"}
{"@file":"src/psp/format_2025/operations.rs","@level":"debug","@line":37,"@message":"✅ Operations packed: result=9042921","@module":"flavor::psp::format_2025::operations","@pid":11921,"@timestamp":"2026-03-31T20:29:04.461899Z"}
{"@file":"src/psp/format_2025/operations.rs","@level":"debug","@line":60,"@message":"✅ Operations unpacked: count=4 operations=[192, 164, 67, 255]","@module":"flavor::psp::format_2025::operations","@pid":11921,"@timestamp":"2026-03-31T20:29:04.461901Z"}
{"@file":"src/psp/format_2025/operations.rs","@level":"debug","@line":60,"@message":"✅ Operations unpacked: count=8 operations=[108, 213, 20, 255, 129, 16, 249, 229]","@module":"flavor::psp::format_2025::operations","@pid":11921,"@timestamp":"2026-03-31T20:29:04.461915Z"}
{"@file":"src/psp/format_2025/operations.rs","@level":"debug","@line":37,"@message":"✅ Operations packed: result=16571294454402831724","@module":"flavor::psp::format_2025::operations","@pid":11921,"@timestamp":"2026-03-31T20:29:04.461944Z"}
{"@file":"src/psp/format_2025/operations.rs","@level":"debug","@line":37,"@message":"✅ Operations packed: result=45563640031585","@module":"flavor::psp::format_2025::operations","@pid":11921,"@timestamp":"2026-03-31T20:29:04.461950Z"}
{"@file":"src/psp/format_2025/operations.rs","@level":"debug","@line":60,"@message":"✅ Operations unpacked: count=8 operations=[108, 213, 20, 255, 129, 16, 249, 229]","@module":"flavor::psp::format_2025::operations","@pid":11921,"@timestamp":"2026-03-31T20:29:04.461964Z"}
{"@file":"src/psp/format_2025/operations.rs","@level":"debug","@line":37,"@message":"✅ Operations packed: result=0","@module":"flavor::psp::format_2025::operations","@pid":11921,"@timestamp":"2026-03-31T20:29:04.461966Z"}
{"@file":"src/psp/format_2025/operations.rs","@level":"debug","@line":60,"@message":"✅ Operations unpacked: count=0 operations=[]","@module":"flavor::psp::format_2025::operations","@pid":11921,"@timestamp":"2026-03-31T20:29:04.461997Z"}
{"@file":"src/psp/format_2025/operations.rs","@level":"debug","@line":37,"@message":"✅ Operations packed: result=3940967794","@module":"flavor::psp::format_2025::operations","@pid":11921,"@timestamp":"2026-03-31T20:29:04.462004Z"}
{"@file":"src/psp/format_2025/operations.rs","@level":"debug","@line":60,"@message":"✅ Operations unpacked: count=8 operations=[233, 208, 103, 169, 197, 176, 17, 164]","@module":"flavor::psp::format_2025::operations","@pid":11921,"@timestamp":"2026-03-31T20:29:04.462019Z"}
{"@file":"src/psp/format_2025/operations.rs","@level":"debug","@line":37,"@message":"✅ Operations packed: result=11822424859821461737","@module":"flavor::psp::format_2025::operations","@pid":11921,"@timestamp":"2026-03-31T20:29:04.462045Z"}
{"@file":"src/psp/format_2025/operations.rs","@level":"debug","@line":37,"@message":"✅ Operations packed: result=16155105880587786","@module":"flavor::psp::format_2025::operations","@pid":11921,"@timestamp":"2026-03-31T20:29:04.462055Z"}
{"@file":"src/psp/format_2025/operations.rs","@level":"debug","@line":60,"@message":"✅ Operations unpacked: count=8 operations=[233, 208, 103, 169, 197, 176, 17, 164]","@module":"flavor::psp::format_2025::operations","@pid":11921,"@timestamp":"2026-03-31T20:29:04.462065Z"}
{"@file":"src/psp/format_2025/operations.rs","@level":"debug","@line":37,"@message":"✅ Operations packed: result=16230124","@module":"flavor::psp::format_2025::operations","@pid":11921,"@timestamp":"2026-03-31T20:29:04.462060Z"}
{"@file":"src/psp/format_2025/operations.rs","@level":"debug","@line":60,"@message":"✅ Operations unpacked: count=7 operations=[10, 62, 82, 179, 251, 100, 57]","@module":"flavor::psp::format_2025::operations","@pid":11921,"@timestamp":"2026-03-31T20:29:04.462084Z"}
{"@file":"src/psp/format_2025/operations.rs","@level":"debug","@line":60,"@message":"✅ Operations unpacked: count=8 operations=[91, 100, 15, 246, 210, 206, 48, 171]","@module":"flavor::psp::format_2025::operations","@pid":11921,"@timestamp":"2026-03-31T20:29:04.462122Z"}
{"@file":"src/psp/format_2025/operations.rs","@level":"debug","@line":37,"@message":"✅ Operations packed: result=765413765","@module":"flavor::psp::format_2025::operations","@pid":11921,"@timestamp":"2026-03-31T20:29:04.462137Z"}
{"@file":"src/psp/format_2025/operations.rs","@level":"debug","@line":37,"@message":"✅ Operations packed: result=12335586784834446427","@module":"flavor::psp::format_2025::operations","@pid":11921,"@timestamp":"2026-03-31T20:29:04.462146Z"}
{"@file":"src/psp/format_2025/operations.rs","@level":"debug","@line":37,"@message":"✅ Operations packed: result=1333766282","@module":"flavor::psp::format_2025::operations","@pid":11921,"@timestamp":"2026-03-31T20:29:04.462153Z"}
{"@file":"src/psp/format_2025/operations.rs","@level":"debug","@line":60,"@message":"✅ Operations unpacked: count=8 operations=[91, 100, 15, 246, 210, 206, 48, 171]","@module":"flavor::psp::format_2025::operations","@pid":11921,"@timestamp":"2026-03-31T20:29:04.462171Z"}
{"@file":"src/psp/format_2025/operations.rs","@level":"debug","@line":60,"@message":"✅ Operations unpacked: count=4 operations=[138, 168, 127, 79]","@module":"flavor::psp::format_2025::operations","@pid":11921,"@timestamp":"2026-03-31T20:29:04.462178Z"}
{"@file":"src/psp/format_2025/operations.rs","@level":"debug","@line":37,"@message":"✅ Operations packed: result=423539323","@module":"flavor::psp::format_2025::operations","@pid":11921,"@timestamp":"2026-03-31T20:29:04.462192Z"}
{"@file":"src/psp/format_2025/operations.rs","@level":"debug","@line":60,"@message":"✅ Operations unpacked: count=8 operations=[15, 196, 242, 186, 174, 87, 221, 120]","@module":"flavor::psp::format_2025::operations","@pid":11921,"@timestamp":"2026-03-31T20:29:04.462219Z"}
{"@file":"src/psp/format_2025/operations.rs","@level":"debug","@line":37,"@message":"✅ Operations packed: result=958273756841","@module":"flavor::psp::format_2025::operations","@pid":11921,"@timestamp":"2026-03-31T20:29:04.462225Z"}
{"@file":"src/psp/format_2025/operations.rs","@level":"debug","@line":37,"@message":"✅ Operations packed: result=8709213662376805391","@module":"flavor::psp::format_2025::operations","@pid":11921,"@timestamp":"2026-03-31T20:29:04.462246Z"}
{"@file":"src/psp/format_2025/operations.rs","@level":"debug","@line":37,"@message":"✅ Operations packed: result=875900023045","@module":"flavor::psp::format_2025::operations","@pid":11921,"@timestamp":"2026-03-31T20:29:04.462246Z"}
{"@file":"src/psp/format_2025/operations.rs","@level":"debug","@line":60,"@message":"✅ Operations unpacked: count=5 operations=[169, 30, 145, 29, 223]","@module":"flavor::psp::format_2025::operations","@pid":11921,"@timestamp":"2026-03-31T20:29:04.462254Z"}
{"@file":"src/psp/format_2025/operations.rs","@level":"debug","@line":60,"@message":"✅ Operations unpacked: count=8 operations=[15, 196, 242, 186, 174, 87, 221, 120]","@module":"flavor::psp::format_2025::operations","@pid":11921,"@timestamp":"2026-03-31T20:29:04.462267Z"}
{"@file":"src/psp/format_2025/operations.rs","@level":"debug","@line":37,"@message":"✅ Operations packed: result=15941465","@module":"flavor::psp::format_2025::operations","@pid":11921,"@timestamp":"2026-03-31T20:29:04.462306Z"}
{"@file":"src/psp/format_2025/operations.rs","@level":"debug","@line":37,"@message":"✅ Operations packed: result=58245970448346623","@module":"flavor::psp::format_2025::operations","@pid":11921,"@timestamp":"2026-03-31T20:29:04.462321Z"}
{"@file":"src/psp/format_2025/operations.rs","@level":"debug","@line":60,"@message":"✅ Operations unpacked: count=8 operations=[208, 4, 200, 15, 217, 255, 147, 7]","@module":"flavor::psp::format_2025::operations","@pid":11921,"@timestamp":"2026-03-31T20:29:04.462323Z"}
{"@file":"src/psp/format_2025/operations.rs","@level":"debug","@line":60,"@message":"✅ Operations unpacked: count=7 operations=[255, 237, 43, 202, 102, 238, 206]","@module":"flavor::psp::format_2025::operations","@pid":11921,"@timestamp":"2026-03-31T20:29:04.462349Z"}
{"@file":"src/psp/format_2025/operations.rs","@level":"debug","@line":37,"@message":"✅ Operations packed: result=546061287579714768","@module":"flavor::psp::format_2025::operations","@pid":11921,"@timestamp":"2026-03-31T20:29:04.462354Z"}
{"@file":"src/psp/format_2025/operations.rs","@level":"debug","@line":37,"@message":"✅ Operations packed: result=1094971653","@module":"flavor::psp::format_2025::operations","@pid":11921,"@timestamp":"2026-03-31T20:29:04.462360Z"}
{"@file":"src/psp/format_2025/operations.rs","@level":"debug","@line":60,"@message":"✅ Operations unpacked: count=8 operations=[208, 4, 200, 15, 217, 255, 147, 7]","@module":"flavor::psp::format_2025::operations","@pid":11921,"@timestamp":"2026-03-31T20:29:04.462378Z"}
{"@file":"src/psp/format_2025/operations.rs","@level":"debug","@line":37,"@message":"✅ Operations packed: result=0","@module":"flavor::psp::format_2025::operations","@pid":11921,"@timestamp":"2026-03-31T20:29:04.462399Z"}
{"@file":"src/psp/format_2025/operations.rs","@level":"debug","@line":37,"@message":"✅ Operations packed: result=58732","@module":"flavor::psp::format_2025::operations","@pid":11921,"@timestamp":"2026-03-31T20:29:04.462416Z"}
{"@file":"src/psp/format_2025/operations.rs","@level":"debug","@line":60,"@message":"✅ Operations unpacked: count=8 operations=[52, 226, 96, 218, 4, 2, 199, 127]","@module":"flavor::psp::format_2025::operations","@pid":11921,"@timestamp":"2026-03-31T20:29:04.462429Z"}
{"@file":"src/psp/format_2025/operations.rs","@level":"debug","@line":60,"@message":"✅ Operations unpacked: count=0 operations=[]","@module":"flavor::psp::format_2025::operations","@pid":11921,"@timestamp":"2026-03-31T20:29:04.462419Z"}
{"@file":"src/psp/format_2025/operations.rs","@level":"debug","@line":37,"@message":"✅ Operations packed: result=9207330183049175604","@module":"flavor::psp::format_2025::operations","@pid":11921,"@timestamp":"2026-03-31T20:29:04.462456Z"}
{"@file":"src/psp/format_2025/operations.rs","@level":"debug","@line":37,"@message":"✅ Operations packed: result=986737481274","@module":"flavor::psp::format_2025::operations","@pid":11921,"@timestamp":"2026-03-31T20:29:04.462480Z"}
{"@file":"src/psp/format_2025/operations.rs","@level":"debug","@line":60,"@message":"✅ Operations unpacked: count=8 operations=[52, 226, 96, 218, 4, 2, 199, 127]","@module":"flavor::psp::format_2025::operations","@pid":11921,"@timestamp":"2026-03-31T20:29:04.462494Z"}
{"@file":"src/psp/format_2025/operations.rs","@level":"debug","@line":37,"@message":"✅ Operations packed: result=70917068122181799","@module":"flavor::psp::format_2025::operations","@pid":11921,"@timestamp":"2026-03-31T20:29:04.462534Z"}
{"@file":"src/psp/format_2025/operations.rs","@level":"debug","@line":37,"@message":"✅ Operations packed: result=9680310688856047463","@module":"flavor::psp::format_2025::operations","@pid":11921,"@timestamp":"2026-03-31T20:29:04.462513Z"}
{"@file":"src/psp/format_2025/operations.rs","@level":"debug","@line":60,"@message":"✅ Operations unpacked: count=8 operations=[211, 222, 66, 11, 25, 249, 108, 45]","@module":"flavor::psp::format_2025::operations","@pid":11921,"@timestamp":"2026-03-31T20:29:04.462572Z"}
{"@file":"src/psp/format_2025/operations.rs","@level":"debug","@line":60,"@message":"✅ Operations unpacked: count=8 operations=[103, 127, 174, 116, 72, 95, 87, 134]","@module":"flavor::psp::format_2025::operations","@pid":11921,"@timestamp":"2026-03-31T20:29:04.462576Z"}
{"@file":"src/psp/format_2025/operations.rs","@level":"debug","@line":37,"@message":"✅ Operations packed: result=36952852227843491","@module":"flavor::psp::format_2025::operations","@pid":11921,"@timestamp":"2026-03-31T20:29:04.462586Z"}
{"@file":"src/psp/format_2025/operations.rs","@level":"debug","@line":37,"@message":"✅ Operations packed: result=3273264915149938387","@module":"flavor::psp::format_2025::operations","@pid":11921,"@timestamp":"2026-03-31T20:29:04.462596Z"}
{"@file":"src/psp/format_2025/operations.rs","@level":"debug","@line":60,"@message":"✅ Operations unpacked: count=8 operations=[211, 222, 66, 11, 25, 249, 108, 45]","@module":"flavor::psp::format_2025::operations","@pid":11921,"@timestamp":"2026-03-31T20:29:04.462626Z"}
{"@file":"src/psp/format_2025/operations.rs","@level":"debug","@line":37,"@message":"✅ Operations packed: result=58912330","@module":"flavor::psp::format_2025::operations","@pid":11921,"@timestamp":"2026-03-31T20:29:04.462636Z"}
{"@file":"src/psp/format_2025/operations.rs","@level":"debug","@line":37,"@message":"✅ Operations packed: result=3376125997199633014","@module":"flavor::psp::format_2025::operations","@pid":11921,"@timestamp":"2026-03-31T20:29:04.462644Z"}
{"@file":"src/psp/format_2025/operations.rs","@level":"debug","@line":60,"@message":"✅ Operations unpacked: count=4 operations=[74, 238, 130, 3]","@module":"flavor::psp::format_2025::operations","@pid":11921,"@timestamp":"2026-03-31T20:29:04.462655Z"}
{"@file":"src/psp/format_2025/operations.rs","@level":"debug","@line":60,"@message":"✅ Operations unpacked: count=8 operations=[60, 169, 62, 154, 34, 240, 152, 78]","@module":"flavor::psp::format_2025::operations","@pid":11921,"@timestamp":"2026-03-31T20:29:04.462673Z"}
{"@file":"src/psp/format_2025/operations.rs","@level":"debug","@line":37,"@message":"✅ Operations packed: result=206637397175141","@module":"flavor::psp::format_2025::operations","@pid":11921,"@timestamp":"2026-03-31T20:29:04.462690Z"}
{"@file":"src/psp/format_2025/operations.rs","@level":"debug","@line":37,"@message":"✅ Operations packed: result=5663540562825750844","@module":"flavor::psp::format_2025::operations","@pid":11921,"@timestamp":"2026-03-31T20:29:04.462692Z"}
{"@file":"src/psp/format_2025/operations.rs","@level":"debug","@line":37,"@message":"✅ Operations packed: result=0","@module":"flavor::psp::format_2025::operations","@pid":11921,"@timestamp":"2026-03-31T20:29:04.462699Z"}
{"@file":"src/psp/format_2025/operations.rs","@level":"debug","@line":60,"@message":"✅ Operations unpacked: count=8 operations=[60, 169, 62, 154, 34, 240, 152, 78]","@module":"flavor::psp::format_2025::operations","@pid":11921,"@timestamp":"2026-03-31T20:29:04.462748Z"}
{"@file":"src/psp/format_2025/operations.rs","@level":"debug","@line":60,"@message":"✅ Operations unpacked: count=0 operations=[]","@module":"flavor::psp::format_2025::operations","@pid":11921,"@timestamp":"2026-03-31T20:29:04.462769Z"}
{"@file":"src/psp/format_2025/operations.rs","@level":"debug","@line":37,"@message":"✅ Operations packed: result=0","@module":"flavor::psp::format_2025::operations","@pid":11921,"@timestamp":"2026-03-31T20:29:04.462783Z"}
{"@file":"src/psp/format_2025/operations.rs","@level":"debug","@line":60,"@message":"✅ Operations unpacked: count=8 operations=[235, 82, 20, 201, 180, 32, 141, 38]","@module":"flavor::psp::format_2025::operations","@pid":11921,"@timestamp":"2026-03-31T20:29:04.462811Z"}
{"@file":"src/psp/format_2025/operations.rs","@level":"debug","@line":37,"@message":"✅ Operations packed: result=266794604884416","@module":"flavor::psp::format_2025::operations","@pid":11921,"@timestamp":"2026-03-31T20:29:04.462831Z"}
{"@file":"src/psp/format_2025/operations.rs","@level":"debug","@line":37,"@message":"✅ Operations packed: result=2777912505997218539","@module":"flavor::psp::format_2025::operations","@pid":11921,"@timestamp":"2026-03-31T20:29:04.462841Z"}
{"@file":"src/psp/format_2025/operations.rs","@level":"debug","@line":37,"@message":"✅ Operations packed: result=164","@module":"flavor::psp::format_2025::operations","@pid":11921,"@timestamp":"2026-03-31T20:29:04.462837Z"}
{"@file":"src/psp/format_2025/operations.rs","@level":"debug","@line":60,"@message":"✅ Operations unpacked: count=8 operations=[235, 82, 20, 201, 180, 32, 141, 38]","@module":"flavor::psp::format_2025::operations","@pid":11921,"@timestamp":"2026-03-31T20:29:04.462875Z"}
{"@file":"src/psp/format_2025/operations.rs","@level":"debug","@line":60,"@message":"✅ Operations unpacked: count=6 operations=[192, 241, 166, 245, 165, 242]","@module":"flavor::psp::format_2025::operations","@pid":11921,"@timestamp":"2026-03-31T20:29:04.462863Z"}
{"@file":"src/psp/format_2025/operations.rs","@level":"debug","@line":37,"@message":"✅ Operations packed: result=14990192","@module":"flavor::psp::format_2025::operations","@pid":11921,"@timestamp":"2026-03-31T20:29:04.462922Z"}
{"@file":"src/psp/format_2025/operations.rs","@level":"debug","@line":60,"@message":"✅ Operations unpacked: count=5 operations=[70, 212, 87, 144, 242]","@module":"flavor::psp::format_2025::operations","@pid":11921,"@timestamp":"2026-03-31T20:29:04.462931Z"}
{"@file":"src/psp/format_2025/operations.rs","@level":"debug","@line":37,"@message":"✅ Operations packed: result=0","@module":"flavor::psp::format_2025::operations","@pid":11921,"@timestamp":"2026-03-31T20:29:04.462938Z"}
{"@file":"src/psp/format_2025/operations.rs","@level":"debug","@line":37,"@message":"✅ Operations packed: result=1041803760710","@module":"flavor::psp::format_2025::operations","@pid":11921,"@timestamp":"2026-03-31T20:29:04.462959Z"}
{"@file":"src/psp/format_2025/operations.rs","@level":"debug","@line":60,"@message":"✅ Operations unpacked: count=0 operations=[]","@module":"flavor::psp::format_2025::operations","@pid":11921,"@timestamp":"2026-03-31T20:29:04.462964Z"}
{"@file":"src/psp/format_2025/operations.rs","@level":"debug","@line":60,"@message":"✅ Operations unpacked: count=5 operations=[70, 212, 87, 144, 242]","@module":"flavor::psp::format_2025::operations","@pid":11921,"@timestamp":"2026-03-31T20:29:04.462978Z"}
{"@file":"src/psp/format_2025/operations.rs","@level":"debug","@line":37,"@message":"✅ Operations packed: result=14160","@module":"flavor::psp::format_2025::operations","@pid":11921,"@timestamp":"2026-03-31T20:29:04.462990Z"}
{"@file":"src/psp/format_2025/operations.rs","@level":"debug","@line":37,"@message":"✅ Operations packed: result=45477449837916387","@module":"flavor::psp::format_2025::operations","@pid":11921,"@timestamp":"2026-03-31T20:29:04.463012Z"}
{"@file":"src/psp/format_2025/operations.rs","@level":"debug","@line":60,"@message":"✅ Operations unpacked: count=8 operations=[92, 127, 204, 78, 38, 39, 176, 182]","@module":"flavor::psp::format_2025::operations","@pid":11921,"@timestamp":"2026-03-31T20:29:04.463026Z"}
{"@file":"src/psp/format_2025/operations.rs","@level":"debug","@line":60,"@message":"✅ Operations unpacked: count=7 operations=[227, 48, 225, 234, 127, 145, 161]","@module":"flavor::psp::format_2025::operations","@pid":11921,"@timestamp":"2026-03-31T20:29:04.463039Z"}
{"@file":"src/psp/format_2025/operations.rs","@level":"debug","@line":37,"@message":"✅ Operations packed: result=13164064756288225116","@module":"flavor::psp::format_2025::operations","@pid":11921,"@timestamp":"2026-03-31T20:29:04.463047Z"}
{"@file":"src/psp/format_2025/operations.rs","@level":"debug","@line":37,"@message":"✅ Operations packed: result=55181","@module":"flavor::psp::format_2025::operations","@pid":11921,"@timestamp":"2026-03-31T20:29:04.463049Z"}
{"@file":"src/psp/format_2025/operations.rs","@level":"debug","@line":60,"@message":"✅ Operations unpacked: count=8 operations=[92, 127, 204, 78, 38, 39, 176, 182]","@module":"flavor::psp::format_2025::operations","@pid":11921,"@timestamp":"2026-03-31T20:29:04.463067Z"}
{"@file":"src/psp/format_2025/operations.rs","@level":"debug","@line":37,"@message":"✅ Operations packed: result=184","@module":"flavor::psp::format_2025::operations","@pid":11921,"@timestamp":"2026-03-31T20:29:04.463088Z"}
{"@file":"src/psp/format_2025/operations.rs","@level":"debug","@line":60,"@message":"✅ Operations unpacked: count=1 operations=[184]","@module":"flavor::psp::format_2025::operations","@pid":11921,"@timestamp":"2026-03-31T20:29:04.463107Z"}
{"@file":"src/psp/format_2025/operations.rs","@level":"debug","@line":60,"@message":"✅ Operations unpacked: count=8 operations=[149, 166, 133, 29, 115, 67, 208, 188]","@module":"flavor::psp::format_2025::operations","@pid":11921,"@timestamp":"2026-03-31T20:29:04.463121Z"}
{"@file":"src/psp/format_2025/operations.rs","@level":"debug","@line":37,"@message":"✅ Operations packed: result=551155051720","@module":"flavor::psp::format_2025::operations","@pid":11921,"@timestamp":"2026-03-31T20:29:04.463107Z"}
{"@file":"src/psp/format_2025/operations.rs","@level":"debug","@line":37,"@message":"✅ Operations packed: result=13605448635981866645","@module":"flavor::psp::format_2025::operations","@pid":11921,"@timestamp":"2026-03-31T20:29:04.463148Z"}
{"@file":"src/psp/format_2025/operations.rs","@level":"debug","@line":37,"@message":"✅ Operations packed: result=1001204737858","@module":"flavor::psp::format_2025::operations","@pid":11921,"@timestamp":"2026-03-31T20:29:04.463161Z"}
{"@file":"src/psp/format_2025/operations.rs","@level":"debug","@line":60,"@message":"✅ Operations unpacked: count=8 operations=[149, 166, 133, 29, 115, 67, 208, 188]","@module":"flavor::psp::format_2025::operations","@pid":11921,"@timestamp":"2026-03-31T20:29:04.463171Z"}
{"@file":"src/psp/format_2025/operations.rs","@level":"debug","@line":60,"@message":"✅ Operations unpacked: count=5 operations=[66, 231, 115, 28, 233]","@module":"flavor::psp::format_2025::operations","@pid":11921,"@timestamp":"2026-03-31T20:29:04.463181Z"}
{"@file":"src/psp/format_2025/operations.rs","@level":"debug","@line":37,"@message":"✅ Operations packed: result=0","@module":"flavor::psp::format_2025::operations","@pid":11921,"@timestamp":"2026-03-31T20:29:04.463192Z"}
{"@file":"src/psp/format_2025/operations.rs","@level":"debug","@line":60,"@message":"✅ Operations unpacked: count=8 operations=[50, 116, 87, 120, 216, 123, 56, 253]","@module":"flavor::psp::format_2025::operations","@pid":11921,"@timestamp":"2026-03-31T20:29:04.463218Z"}
{"@file":"src/psp/format_2025/operations.rs","@level":"debug","@line":37,"@message":"✅ Operations packed: result=192","@module":"flavor::psp::format_2025::operations","@pid":11921,"@timestamp":"2026-03-31T20:29:04.463230Z"}
{"@file":"src/psp/format_2025/operations.rs","@level":"debug","@line":37,"@message":"✅ Operations packed: result=18246470059953714226","@module":"flavor::psp::format_2025::operations","@pid":11921,"@timestamp":"2026-03-31T20:29:04.463244Z"}
{"@file":"src/psp/format_2025/operations.rs","@level":"debug","@line":60,"@message":"✅ Operations unpacked: count=1 operations=[192]","@module":"flavor::psp::format_2025::operations","@pid":11921,"@timestamp":"2026-03-31T20:29:04.463249Z"}
{"@file":"src/psp/format_2025/operations.rs","@level":"debug","@line":60,"@message":"✅ Operations unpacked: count=8 operations=[50, 116, 87, 120, 216, 123, 56, 253]","@module":"flavor::psp::format_2025::operations","@pid":11921,"@timestamp":"2026-03-31T20:29:04.463262Z"}
{"@file":"src/psp/format_2025/operations.rs","@level":"debug","@line":37,"@message":"✅ Operations packed: result=5031007","@module":"flavor::psp::format_2025::operations","@pid":11921,"@timestamp":"2026-03-31T20:29:04.463249Z"}
{"@file":"src/psp/format_2025/operations.rs","@level":"debug","@line":37,"@message":"✅ Operations packed: result=435670603271","@module":"flavor::psp::format_2025::operations","@pid":11921,"@timestamp":"2026-03-31T20:29:04.463305Z"}
{"@file":"src/psp/format_2025/operations.rs","@level":"debug","@line":60,"@message":"✅ Operations unpacked: count=8 operations=[200, 229, 222, 123, 26, 113, 190, 23]","@module":"flavor::psp::format_2025::operations","@pid":11921,"@timestamp":"2026-03-31T20:29:04.463313Z"}
{"@file":"src/psp/format_2025/operations.rs","@level":"debug","@line":60,"@message":"✅ Operations unpacked: count=5 operations=[7, 214, 253, 111, 101]","@module":"flavor::psp::format_2025::operations","@pid":11921,"@timestamp":"2026-03-31T20:29:04.463331Z"}
{"@file":"src/psp/format_2025/operations.rs","@level":"debug","@line":37,"@message":"✅ Operations packed: result=1710929267008660936","@module":"flavor::psp::format_2025::operations","@pid":11921,"@timestamp":"2026-03-31T20:29:04.463339Z"}
{"@file":"src/psp/format_2025/operations.rs","@level":"debug","@line":37,"@message":"✅ Operations packed: result=506192594800","@module":"flavor::psp::format_2025::operations","@pid":11921,"@timestamp":"2026-03-31T20:29:04.463328Z"}
{"@file":"src/psp/format_2025/operations.rs","@level":"debug","@line":60,"@message":"✅ Operations unpacked: count=8 operations=[200, 229, 222, 123, 26, 113, 190, 23]","@module":"flavor::psp::format_2025::operations","@pid":11921,"@timestamp":"2026-03-31T20:29:04.463358Z"}
{"@file":"src/psp/format_2025/operations.rs","@level":"debug","@line":37,"@message":"✅ Operations packed: result=3910698417405525","@module":"flavor::psp::format_2025::operations","@pid":11921,"@timestamp":"2026-03-31T20:29:04.463381Z"}
{"@file":"src/psp/format_2025/operations.rs","@level":"debug","@line":60,"@message":"✅ Operations unpacked: count=7 operations=[85, 62, 254, 109, 194, 228, 13]","@module":"flavor::psp::format_2025::operations","@pid":11921,"@timestamp":"2026-03-31T20:29:04.463401Z"}
{"@file":"src/psp/format_2025/operations.rs","@level":"debug","@line":37,"@message":"✅ Operations packed: result=0","@module":"flavor::psp::format_2025::operations","@pid":11921,"@timestamp":"2026-03-31T20:29:04.463402Z"}
{"@file":"src/psp/format_2025/operations.rs","@level":"debug","@line":60,"@message":"✅ Operations unpacked: count=8 operations=[188, 145, 145, 245, 219, 229, 183, 133]","@module":"flavor::psp::format_2025::operations","@pid":11921,"@timestamp":"2026-03-31T20:29:04.463408Z"}
{"@file":"src/psp/format_2025/operations.rs","@level":"debug","@line":37,"@message":"✅ Operations packed: result=9635422660663022012","@module":"flavor::psp::format_2025::operations","@pid":11921,"@timestamp":"2026-03-31T20:29:04.463446Z"}
{"@file":"src/psp/format_2025/operations.rs","@level":"debug","@line":37,"@message":"✅ Operations packed: result=982961426633","@module":"flavor::psp::format_2025::operations","@pid":11921,"@timestamp":"2026-03-31T20:29:04.463449Z"}
{"@file":"src/psp/format_2025/operations.rs","@level":"debug","@line":37,"@message":"✅ Operations packed: result=405871048085","@module":"flavor::psp::format_2025::operations","@pid":11921,"@timestamp":"2026-03-31T20:29:04.463464Z"}
{"@file":"src/psp/format_2025/operations.rs","@level":"debug","@line":60,"@message":"✅ Operations unpacked: count=8 operations=[188, 145, 145, 245, 219, 229, 183, 133]","@module":"flavor::psp::format_2025::operations","@pid":11921,"@timestamp":"2026-03-31T20:29:04.463470Z"}
{"@file":"src/psp/format_2025/operations.rs","@level":"debug","@line":60,"@message":"✅ Operations unpacked: count=5 operations=[201, 16, 17, 221, 228]","@module":"flavor::psp::format_2025::operations","@pid":11921,"@timestamp":"2026-03-31T20:29:04.463476Z"}
{"@file":"src/psp/format_2025/operations.rs","@level":"debug","@line":37,"@message":"✅ Operations packed: result=34103","@module":"flavor::psp::format_2025::operations","@pid":11921,"@timestamp":"2026-03-31T20:29:04.463525Z"}
{"@file":"src/psp/format_2025/operations.rs","@level":"debug","@line":60,"@message":"✅ Operations unpacked: count=8 operations=[95, 54, 102, 251, 98, 104, 47, 56]","@module":"flavor::psp::format_2025::operations","@pid":11921,"@timestamp":"2026-03-31T20:29:04.463540Z"}
{"@file":"src/psp/format_2025/operations.rs","@level":"debug","@line":37,"@message":"✅ Operations packed: result=13102370052775","@module":"flavor::psp::format_2025::operations","@pid":11921,"@timestamp":"2026-03-31T20:29:04.463552Z"}
{"@file":"src/psp/format_2025/operations.rs","@level":"debug","@line":37,"@message":"✅ Operations packed: result=4048569364363228767","@module":"flavor::psp::format_2025::operations","@pid":11921,"@timestamp":"2026-03-31T20:29:04.463563Z"}
{"@file":"src/psp/format_2025/operations.rs","@level":"debug","@line":37,"@message":"✅ Operations packed: result=823684610195","@module":"flavor::psp::format_2025::operations","@pid":11921,"@timestamp":"2026-03-31T20:29:04.463578Z"}
{"@file":"src/psp/format_2025/operations.rs","@level":"debug","@line":60,"@message":"✅ Operations unpacked: count=6 operations=[167, 218, 28, 162, 234, 11]","@module":"flavor::psp::format_2025::operations","@pid":11921,"@timestamp":"2026-03-31T20:29:04.463579Z"}
{"@file":"src/psp/format_2025/operations.rs","@level":"debug","@line":60,"@message":"✅ Operations unpacked: count=8 operations=[95, 54, 102, 251, 98, 104, 47, 56]","@module":"flavor::psp::format_2025::operations","@pid":11921,"@timestamp":"2026-03-31T20:29:04.463589Z"}
{"@file":"src/psp/format_2025/operations.rs","@level":"debug","@line":37,"@message":"✅ Operations packed: result=2873625944632625128","@module":"flavor::psp::format_2025::operations","@pid":11921,"@timestamp":"2026-03-31T20:29:04.463633Z"}
{"@file":"src/psp/format_2025/operations.rs","@level":"debug","@line":37,"@message":"✅ Operations packed: result=0","@module":"flavor::psp::format_2025::operations","@pid":11921,"@timestamp":"2026-03-31T20:29:04.463645Z"}
{"@file":"src/psp/format_2025/operations.rs","@level":"debug","@line":60,"@message":"✅ Operations unpacked: count=8 operations=[139, 183, 255, 176, 218, 244, 222, 92]","@module":"flavor::psp::format_2025::operations","@pid":11921,"@timestamp":"2026-03-31T20:29:04.463667Z"}
{"@file":"src/psp/format_2025/operations.rs","@level":"debug","@line":60,"@message":"✅ Operations unpacked: count=0 operations=[]","@module":"flavor::psp::format_2025::operations","@pid":11921,"@timestamp":"2026-03-31T20:29:04.463671Z"}
{"@file":"src/psp/format_2025/operations.rs","@level":"debug","@line":37,"@message":"✅ Operations packed: result=6692055316428732299","@module":"flavor::psp::format_2025::operations","@pid":11921,"@timestamp":"2026-03-31T20:29:04.463691Z"}
{"@file":"src/psp/format_2025/operations.rs","@level":"debug","@line":60,"@message":"✅ Operations unpacked: count=8 operations=[139, 183, 255, 176, 218, 244, 222, 92]","@module":"flavor::psp::format_2025::operations","@pid":11921,"@timestamp":"2026-03-31T20:29:04.463711Z"}
{"@file":"src/psp/format_2025/operations.rs","@level":"debug","@line":37,"@message":"✅ Operations packed: result=944884119","@module":"flavor::psp::format_2025::operations","@pid":11921,"@timestamp":"2026-03-31T20:29:04.463698Z"}
{"@file":"src/psp/format_2025/operations.rs","@level":"debug","@line":37,"@message":"✅ Operations packed: result=20135555839740520","@module":"flavor::psp::format_2025::operations","@pid":11921,"@timestamp":"2026-03-31T20:29:04.463729Z"}
{"@file":"src/psp/format_2025/operations.rs","@level":"debug","@line":60,"@message":"✅ Operations unpacked: count=7 operations=[104, 202, 46, 109, 46, 137, 71]","@module":"flavor::psp::format_2025::operations","@pid":11921,"@timestamp":"2026-03-31T20:29:04.463764Z"}
{"@file":"src/psp/format_2025/operations.rs","@level":"debug","@line":60,"@message":"✅ Operations unpacked: count=8 operations=[99, 120, 84, 173, 34, 242, 55, 128]","@module":"flavor::psp::format_2025::operations","@pid":11921,"@timestamp":"2026-03-31T20:29:04.463765Z"}
{"@file":"src/psp/format_2025/operations.rs","@level":"debug","@line":37,"@message":"✅ Operations packed: result=41849","@module":"flavor::psp::format_2025::operations","@pid":11921,"@timestamp":"2026-03-31T20:29:04.463784Z"}
{"@file":"src/psp/format_2025/operations.rs","@level":"debug","@line":37,"@message":"✅ Operations packed: result=9239119391324665955","@module":"flavor::psp::format_2025::operations","@pid":11921,"@timestamp":"2026-03-31T20:29:04.463807Z"}
{"@file":"src/psp/format_2025/operations.rs","@level":"debug","@line":37,"@message":"✅ Operations packed: result=38342","@module":"flavor::psp::format_2025::operations","@pid":11921,"@timestamp":"2026-03-31T20:29:04.463821Z"}
{"@file":"src/psp/format_2025/operations.rs","@level":"debug","@line":60,"@message":"✅ Operations unpacked: count=8 operations=[99, 120, 84, 173, 34, 242, 55, 128]","@module":"flavor::psp::format_2025::operations","@pid":11921,"@timestamp":"2026-03-31T20:29:04.463834Z"}
{"@file":"src/psp/format_2025/operations.rs","@level":"debug","@line":37,"@message":"✅ Operations packed: result=160","@module":"flavor::psp::format_2025::operations","@pid":11921,"@timestamp":"2026-03-31T20:29:04.463845Z"}
{"@file":"src/psp/format_2025/operations.rs","@level":"debug","@line":60,"@message":"✅ Operations unpacked: count=2 operations=[198, 149]","@module":"flavor::psp::format_2025::operations","@pid":11921,"@timestamp":"2026-03-31T20:29:04.463847Z"}
{"@file":"src/psp/format_2025/operations.rs","@level":"debug","@line":60,"@message":"✅ Operations unpacked: count=8 operations=[10, 239, 234, 133, 162, 173, 158, 94]","@module":"flavor::psp::format_2025::operations","@pid":11921,"@timestamp":"2026-03-31T20:29:04.463887Z"}
{"@file":"src/psp/format_2025/operations.rs","@level":"debug","@line":37,"@message":"✅ Operations packed: result=239468755611895","@module":"flavor::psp::format_2025::operations","@pid":11921,"@timestamp":"2026-03-31T20:29:04.463901Z"}
{"@file":"src/psp/format_2025/operations.rs","@level":"debug","@line":37,"@message":"✅ Operations packed: result=6818077799428583178","@module":"flavor::psp::format_2025::operations","@pid":11921,"@timestamp":"2026-03-31T20:29:04.463910Z"}
{"@file":"src/psp/format_2025/operations.rs","@level":"debug","@line":37,"@message":"✅ Operations packed: result=0","@module":"flavor::psp::format_2025::operations","@pid":11921,"@timestamp":"2026-03-31T20:29:04.463915Z"}
{"@file":"src/psp/format_2025/operations.rs","@level":"debug","@line":60,"@message":"✅ Operations unpacked: count=8 operations=[10, 239, 234, 133, 162, 173, 158, 94]","@module":"flavor::psp::format_2025::operations","@pid":11921,"@timestamp":"2026-03-31T20:29:04.463952Z"}
{"@file":"src/psp/format_2025/operations.rs","@level":"debug","@line":60,"@message":"✅ Operations unpacked: count=0 operations=[]","@module":"flavor::psp::format_2025::operations","@pid":11921,"@timestamp":"2026-03-31T20:29:04.463966Z"}
{"@file":"src/psp/format_2025/operations.rs","@level":"debug","@line":37,"@message":"✅ Operations packed: result=56248145007811","@module":"flavor::psp::format_2025::operations","@pid":11921,"@timestamp":"2026-03-31T20:29:04.463966Z"}
{"@file":"src/psp/format_2025/operations.rs","@level":"debug","@line":60,"@message":"✅ Operations unpacked: count=8 operations=[126, 135, 88, 88, 91, 163, 121, 246]","@module":"flavor::psp::format_2025::operations","@pid":11921,"@timestamp":"2026-03-31T20:29:04.464006Z"}
{"@file":"src/psp/format_2025/operations.rs","@level":"debug","@line":37,"@message":"✅ Operations packed: result=247124520383921","@module":"flavor::psp::format_2025::operations","@pid":11921,"@timestamp":"2026-03-31T20:29:04.464026Z"}
{"@file":"src/psp/format_2025/operations.rs","@level":"debug","@line":37,"@message":"✅ Operations packed: result=49710950825137545","@module":"flavor::psp::format_2025::operations","@pid":11921,"@timestamp":"2026-03-31T20:29:04.464039Z"}
{"@file":"src/psp/format_2025/operations.rs","@level":"debug","@line":37,"@message":"✅ Operations packed: result=17760406218231809918","@module":"flavor::psp::format_2025::operations","@pid":11921,"@timestamp":"2026-03-31T20:29:04.464029Z"}
{"@file":"src/psp/format_2025/operations.rs","@level":"debug","@line":60,"@message":"✅ Operations unpacked: count=6 operations=[177, 181, 64, 41, 194, 224]","@module":"flavor::psp::format_2025::operations","@pid":11921,"@timestamp":"2026-03-31T20:29:04.464058Z"}
{"@file":"src/psp/format_2025/operations.rs","@level":"debug","@line":60,"@message":"✅ Operations unpacked: count=8 operations=[126, 135, 88, 88, 91, 163, 121, 246]","@module":"flavor::psp::format_2025::operations","@pid":11921,"@timestamp":"2026-03-31T20:29:04.464077Z"}
{"@file":"src/psp/format_2025/operations.rs","@level":"debug","@line":37,"@message":"✅ Operations packed: result=18","@module":"flavor::psp::format_2025::operations","@pid":11921,"@timestamp":"2026-03-31T20:29:04.464094Z"}
{"@file":"src/psp/format_2025/operations.rs","@level":"debug","@line":37,"@message":"✅ Operations packed: result=616328492614","@module":"flavor::psp::format_2025::operations","@pid":11921,"@timestamp":"2026-03-31T20:29:04.464110Z"}
{"@file":"src/psp/format_2025/operations.rs","@level":"debug","@line":60,"@message":"✅ Operations unpacked: count=8 operations=[188, 81, 60, 50, 134, 165, 90, 235]","@module":"flavor::psp::format_2025::operations","@pid":11921,"@timestamp":"2026-03-31T20:29:04.464127Z"}
{"@file":"src/psp/format_2025/operations.rs","@level":"debug","@line":60,"@message":"✅ Operations unpacked: count=5 operations=[70, 118, 10, 128, 143]","@module":"flavor::psp::format_2025::operations","@pid":11921,"@timestamp":"2026-03-31T20:29:04.464136Z"}
{"@file":"src/psp/format_2025/operations.rs","@level":"debug","@line":37,"@message":"✅ Operations packed: result=16959049342604038588","@module":"flavor::psp::format_2025::operations","@pid":11921,"@timestamp":"2026-03-31T20:29:04.464148Z"}
{"@file":"src/psp/format_2025/operations.rs","@level":"debug","@line":37,"@message":"✅ Operations packed: result=21848155729938351","@module":"flavor::psp::format_2025::operations","@pid":11921,"@timestamp":"2026-03-31T20:29:04.464152Z"}
{"@file":"src/psp/format_2025/operations.rs","@level":"debug","@line":60,"@message":"✅ Operations unpacked: count=8 operations=[188, 81, 60, 50, 134, 165, 90, 235]","@module":"flavor::psp::format_2025::operations","@pid":11921,"@timestamp":"2026-03-31T20:29:04.464168Z"}
{"@file":"src/psp/format_2025/operations.rs","@level":"debug","@line":37,"@message":"✅ Operations packed: result=14161454305113313625","@module":"flavor::psp::format_2025::operations","@pid":11921,"@timestamp":"2026-03-31T20:29:04.464185Z"}
{"@file":"src/psp/format_2025/operations.rs","@level":"debug","@line":60,"@message":"✅ Operations unpacked: count=8 operations=[89, 145, 52, 239, 168, 151, 135, 196]","@module":"flavor::psp::format_2025::operations","@pid":11921,"@timestamp":"2026-03-31T20:29:04.464205Z"}
{"@file":"src/psp/format_2025/operations.rs","@level":"debug","@line":37,"@message":"✅ Operations packed: result=53382","@module":"flavor::psp::format_2025::operations","@pid":11921,"@timestamp":"2026-03-31T20:29:04.464206Z"}
{"@file":"src/psp/format_2025/operations.rs","@level":"debug","@line":60,"@message":"✅ Operations unpacked: count=8 operations=[141, 181, 47, 178, 143, 7, 165, 182]","@module":"flavor::psp::format_2025::operations","@pid":11921,"@timestamp":"2026-03-31T20:29:04.464219Z"}
{"@file":"src/psp/format_2025/operations.rs","@level":"debug","@line":37,"@message":"✅ Operations packed: result=13160933799811331469","@module":"flavor::psp::format_2025::operations","@pid":11921,"@timestamp":"2026-03-31T20:29:04.464258Z"}
{"@file":"src/psp/format_2025/operations.rs","@level":"debug","@line":37,"@message":"✅ Operations packed: result=1112725056","@module":"flavor::psp::format_2025::operations","@pid":11921,"@timestamp":"2026-03-31T20:29:04.464258Z"}
{"@file":"src/psp/format_2025/operations.rs","@level":"debug","@line":37,"@message":"✅ Operations packed: result=66127523053625701","@module":"flavor::psp::format_2025::operations","@pid":11921,"@timestamp":"2026-03-31T20:29:04.464276Z"}
{"@file":"src/psp/format_2025/operations.rs","@level":"debug","@line":60,"@message":"✅ Operations unpacked: count=8 operations=[141, 181, 47, 178, 143, 7, 165, 182]","@module":"flavor::psp::format_2025::operations","@pid":11921,"@timestamp":"2026-03-31T20:29:04.464281Z"}
{"@file":"src/psp/format_2025/operations.rs","@level":"debug","@line":60,"@message":"✅ Operations unpacked: count=4 operations=[64, 214, 82, 66]","@module":"flavor::psp::format_2025::operations","@pid":11921,"@timestamp":"2026-03-31T20:29:04.464286Z"}
{"@file":"src/psp/format_2025/operations.rs","@level":"debug","@line":37,"@message":"✅ Operations packed: result=1502105760","@module":"flavor::psp::format_2025::operations","@pid":11921,"@timestamp":"2026-03-31T20:29:04.464337Z"}
{"@file":"src/psp/format_2025/operations.rs","@level":"debug","@line":60,"@message":"✅ Operations unpacked: count=8 operations=[38, 14, 215, 214, 122, 68, 221, 184]","@module":"flavor::psp::format_2025::operations","@pid":11921,"@timestamp":"2026-03-31T20:29:04.464350Z"}
{"@file":"src/psp/format_2025/operations.rs","@level":"debug","@line":37,"@message":"✅ Operations packed: result=74","@module":"flavor::psp::format_2025::operations","@pid":11921,"@timestamp":"2026-03-31T20:29:04.464356Z"}
{"@file":"src/psp/format_2025/operations.rs","@level":"debug","@line":37,"@message":"✅ Operations packed: result=13320878567212912166","@module":"flavor::psp::format_2025::operations","@pid":11921,"@timestamp":"2026-03-31T20:29:04.464378Z"}
{"@file":"src/psp/format_2025/operations.rs","@level":"debug","@line":60,"@message":"✅ Operations unpacked: count=1 operations=[74]","@module":"flavor::psp::format_2025::operations","@pid":11921,"@timestamp":"2026-03-31T20:29:04.464383Z"}
{"@file":"src/psp/format_2025/operations.rs","@level":"debug","@line":37,"@message":"✅ Operations packed: result=67594425823937865","@module":"flavor::psp::format_2025::operations","@pid":11921,"@timestamp":"2026-03-31T20:29:04.464393Z"}
{"@file":"src/psp/format_2025/operations.rs","@level":"debug","@line":60,"@message":"✅ Operations unpacked: count=8 operations=[38, 14, 215, 214, 122, 68, 221, 184]","@module":"flavor::psp::format_2025::operations","@pid":11921,"@timestamp":"2026-03-31T20:29:04.464398Z"}
{"@file":"src/psp/format_2025/operations.rs","@level":"debug","@line":37,"@message":"✅ Operations packed: result=15384928480208444530","@module":"flavor::psp::format_2025::operations","@pid":11921,"@timestamp":"2026-03-31T20:29:04.464431Z"}
{"@file":"src/psp/format_2025/operations.rs","@level":"debug","@line":60,"@message":"✅ Operations unpacked: count=8 operations=[114, 92, 157, 157, 240, 62, 130, 213]","@module":"flavor::psp::format_2025::operations","@pid":11921,"@timestamp":"2026-03-31T20:29:04.464451Z"}
{"@file":"src/psp/format_2025/operations.rs","@level":"debug","@line":37,"@message":"✅ Operations packed: result=4201518965","@module":"flavor::psp::format_2025::operations","@pid":11921,"@timestamp":"2026-03-31T20:29:04.464454Z"}
{"@file":"src/psp/format_2025/operations.rs","@level":"debug","@line":60,"@message":"✅ Operations unpacked: count=8 operations=[193, 20, 162, 69, 25, 223, 90, 64]","@module":"flavor::psp::format_2025::operations","@pid":11921,"@timestamp":"2026-03-31T20:29:04.464465Z"}
{"@file":"src/psp/format_2025/operations.rs","@level":"debug","@line":37,"@message":"✅ Operations packed: result=4637264065966773441","@module":"flavor::psp::format_2025::operations","@pid":11921,"@timestamp":"2026-03-31T20:29:04.464503Z"}
{"@file":"src/psp/format_2025/operations.rs","@level":"debug","@line":37,"@message":"✅ Operations packed: result=15164588","@module":"flavor::psp::format_2025::operations","@pid":11921,"@timestamp":"2026-03-31T20:29:04.464504Z"}
{"@file":"src/psp/format_2025/operations.rs","@level":"debug","@line":37,"@message":"✅ Operations packed: result=10079664","@module":"flavor::psp::format_2025::operations","@pid":11921,"@timestamp":"2026-03-31T20:29:04.464520Z"}
{"@file":"src/psp/format_2025/operations.rs","@level":"debug","@line":60,"@message":"✅ Operations unpacked: count=8 operations=[193, 20, 162, 69, 25, 223, 90, 64]","@module":"flavor::psp::format_2025::operations","@pid":11921,"@timestamp":"2026-03-31T20:29:04.464526Z"}
{"@file":"src/psp/format_2025/operations.rs","@level":"debug","@line":60,"@message":"✅ Operations unpacked: count=3 operations=[172, 100, 231]","@module":"flavor::psp::format_2025::operations","@pid":11921,"@timestamp":"2026-03-31T20:29:04.464532Z"}
{"@file":"src/psp/format_2025/operations.rs","@level":"debug","@line":37,"@message":"✅ Operations packed: result=59809","@module":"flavor::psp::format_2025::operations","@pid":11921,"@timestamp":"2026-03-31T20:29:04.464579Z"}
{"@file":"src/psp/format_2025/operations.rs","@level":"debug","@line":60,"@message":"✅ Operations unpacked: count=8 operations=[226, 222, 12, 219, 53, 58, 131, 150]","@module":"flavor::psp::format_2025::operations","@pid":11921,"@timestamp":"2026-03-31T20:29:04.464592Z"}
{"@file":"src/psp/format_2025/operations.rs","@level":"debug","@line":37,"@message":"✅ Operations packed: result=14067477","@module":"flavor::psp::format_2025::operations","@pid":11921,"@timestamp":"2026-03-31T20:29:04.464598Z"}
{"@file":"src/psp/format_2025/operations.rs","@level":"debug","@line":37,"@message":"✅ Operations packed: result=10845576330621017826","@module":"flavor::psp::format_2025::operations","@pid":11921,"@timestamp":"2026-03-31T20:29:04.464620Z"}
{"@file":"src/psp/format_2025/operations.rs","@level":"debug","@line":60,"@message":"✅ Operations unpacked: count=3 operations=[21, 167, 214]","@module":"flavor::psp::format_2025::operations","@pid":11921,"@timestamp":"2026-03-31T20:29:04.464626Z"}
{"@file":"src/psp/format_2025/operations.rs","@level":"debug","@line":37,"@message":"✅ Operations packed: result=458428074","@module":"flavor::psp::format_2025::operations","@pid":11921,"@timestamp":"2026-03-31T20:29:04.464633Z"}
{"@file":"src/psp/format_2025/operations.rs","@level":"debug","@line":60,"@message":"✅ Operations unpacked: count=8 operations=[226, 222, 12, 219, 53, 58, 131, 150]","@module":"flavor::psp::format_2025::operations","@pid":11921,"@timestamp":"2026-03-31T20:29:04.464639Z"}
{"@file":"src/psp/format_2025/operations.rs","@level":"debug","@line":37,"@message":"✅ Operations packed: result=52380577201671622","@module":"flavor::psp::format_2025::operations","@pid":11921,"@timestamp":"2026-03-31T20:29:04.464675Z"}
{"@file":"src/psp/format_2025/operations.rs","@level":"debug","@line":37,"@message":"✅ Operations packed: result=3105288","@module":"flavor::psp::format_2025::operations","@pid":11921,"@timestamp":"2026-03-31T20:29:04.464693Z"}
{"@file":"src/psp/format_2025/operations.rs","@level":"debug","@line":60,"@message":"✅ Operations unpacked: count=7 operations=[198, 77, 60, 129, 219, 23, 186]","@module":"flavor::psp::format_2025::operations","@pid":11921,"@timestamp":"2026-03-31T20:29:04.464696Z"}
{"@file":"src/psp/format_2025/operations.rs","@level":"debug","@line":60,"@message":"✅ Operations unpacked: count=8 operations=[60, 239, 118, 240, 198, 69, 197, 155]","@module":"flavor::psp::format_2025::operations","@pid":11921,"@timestamp":"2026-03-31T20:29:04.464719Z"}
{"@file":"src/psp/format_2025/operations.rs","@level":"debug","@line":37,"@message":"✅ Operations packed: result=125279188795256","@module":"flavor::psp::format_2025::operations","@pid":11921,"@timestamp":"2026-03-31T20:29:04.464752Z"}
{"@file":"src/psp/format_2025/operations.rs","@level":"debug","@line":37,"@message":"✅ Operations packed: result=11224454367030996796","@module":"flavor::psp::format_2025::operations","@pid":11921,"@timestamp":"2026-03-31T20:29:04.464772Z"}
{"@file":"src/psp/format_2025/operations.rs","@level":"debug","@line":37,"@message":"✅ Operations packed: result=1018283260","@module":"flavor::psp::format_2025::operations","@pid":11921,"@timestamp":"2026-03-31T20:29:04.464787Z"}
{"@file":"src/psp/format_2025/operations.rs","@level":"debug","@line":37,"@message":"✅ Operations packed: result=2593","@module":"flavor::psp::format_2025::operations","@pid":11921,"@timestamp":"2026-03-31T20:29:04.464805Z"}
{"@file":"src/psp/format_2025/operations.rs","@level":"debug","@line":60,"@message":"✅ Operations unpacked: count=8 operations=[60, 239, 118, 240, 198, 69, 197, 155]","@module":"flavor::psp::format_2025::operations","@pid":11921,"@timestamp":"2026-03-31T20:29:04.464792Z"}
{"@file":"src/psp/format_2025/operations.rs","@level":"debug","@line":60,"@message":"✅ Operations unpacked: count=4 operations=[252, 196, 177, 60]","@module":"flavor::psp::format_2025::operations","@pid":11921,"@timestamp":"2026-03-31T20:29:04.464821Z"}
{"@file":"src/psp/format_2025/operations.rs","@level":"debug","@line":37,"@message":"✅ Operations packed: result=13657452556654011218","@module":"flavor::psp::format_2025::operations","@pid":11921,"@timestamp":"2026-03-31T20:29:04.464862Z"}
{"@file":"src/psp/format_2025/operations.rs","@level":"debug","@line":37,"@message":"✅ Operations packed: result=0","@module":"flavor::psp::format_2025::operations","@pid":11921,"@timestamp":"2026-03-31T20:29:04.464878Z"}
{"@file":"src/psp/format_2025/operations.rs","@level":"debug","@line":60,"@message":"✅ Operations unpacked: count=8 operations=[244, 70, 245, 130, 101, 179, 224, 209]","@module":"flavor::psp::format_2025::operations","@pid":11921,"@timestamp":"2026-03-31T20:29:04.464875Z"}
{"@file":"src/psp/format_2025/operations.rs","@level":"debug","@line":60,"@message":"✅ Operations unpacked: count=0 operations=[]","@module":"flavor::psp::format_2025::operations","@pid":11921,"@timestamp":"2026-03-31T20:29:04.464903Z"}
{"@file":"src/psp/format_2025/operations.rs","@level":"debug","@line":37,"@message":"✅ Operations packed: result=15123284797280306932","@module":"flavor::psp::format_2025::operations","@pid":11921,"@timestamp":"2026-03-31T20:29:04.464908Z"}
{"@file":"src/psp/format_2025/operations.rs","@level":"debug","@line":37,"@message":"✅ Operations packed: result=4244087513","@module":"flavor::psp::format_2025::operations","@pid":11921,"@timestamp":"2026-03-31T20:29:04.464918Z"}
{"@file":"src/psp/format_2025/operations.rs","@level":"debug","@line":60,"@message":"✅ Operations unpacked: count=8 operations=[244, 70, 245, 130, 101, 179, 224, 209]","@module":"flavor::psp::format_2025::operations","@pid":11921,"@timestamp":"2026-03-31T20:29:04.464928Z"}
{"@file":"src/psp/format_2025/operations.rs","@level":"debug","@line":37,"@message":"✅ Operations packed: result=829360158843","@module":"flavor::psp::format_2025::operations","@pid":11921,"@timestamp":"2026-03-31T20:29:04.464951Z"}
{"@file":"src/psp/format_2025/operations.rs","@level":"debug","@line":60,"@message":"✅ Operations unpacked: count=5 operations=[123, 184, 183, 25, 193]","@module":"flavor::psp::format_2025::operations","@pid":11921,"@timestamp":"2026-03-31T20:29:04.464972Z"}
{"@file":"src/psp/format_2025/operations.rs","@level":"debug","@line":37,"@message":"✅ Operations packed: result=25394","@module":"flavor::psp::format_2025::operations","@pid":11921,"@timestamp":"2026-03-31T20:29:04.464978Z"}
{"@file":"src/psp/format_2025/operations.rs","@level":"debug","@line":60,"@message":"✅ Operations unpacked: count=8 operations=[64, 114, 106, 85, 135, 157, 23, 76]","@module":"flavor::psp::format_2025::operations","@pid":11921,"@timestamp":"2026-03-31T20:29:04.464988Z"}
{"@file":"src/psp/format_2025/operations.rs","@level":"debug","@line":37,"@message":"✅ Operations packed: result=5483024275926053440","@module":"flavor::psp::format_2025::operations","@pid":11921,"@timestamp":"2026-03-31T20:29:04.465014Z"}
{"@file":"src/psp/format_2025/operations.rs","@level":"debug","@line":37,"@message":"✅ Operations packed: result=64","@module":"flavor::psp::format_2025::operations","@pid":11921,"@timestamp":"2026-03-31T20:29:04.465018Z"}
{"@file":"src/psp/format_2025/operations.rs","@level":"debug","@line":60,"@message":"✅ Operations unpacked: count=8 operations=[64, 114, 106, 85, 135, 157, 23, 76]","@module":"flavor::psp::format_2025::operations","@pid":11921,"@timestamp":"2026-03-31T20:29:04.465035Z"}
{"@file":"src/psp/format_2025/operations.rs","@level":"debug","@line":37,"@message":"✅ Operations packed: result=1498234","@module":"flavor::psp::format_2025::operations","@pid":11921,"@timestamp":"2026-03-31T20:29:04.465034Z"}
{"@file":"src/psp/format_2025/operations.rs","@level":"debug","@line":60,"@message":"✅ Operations unpacked: count=1 operations=[64]","@module":"flavor::psp::format_2025::operations","@pid":11921,"@timestamp":"2026-03-31T20:29:04.465042Z"}
{"@file":"src/psp/format_2025/operations.rs","@level":"debug","@line":60,"@message":"✅ Operations unpacked: count=0 operations=[]","@module":"flavor::psp::format_2025::operations","@pid":11921,"@timestamp":"2026-03-31T20:29:04.465087Z"}
{"@file":"src/psp/format_2025/operations.rs","@level":"debug","@line":37,"@message":"✅ Operations packed: result=0","@module":"flavor::psp::format_2025::operations","@pid":11921,"@timestamp":"2026-03-31T20:29:04.465101Z"}
{"@file":"src/psp/format_2025/operations.rs","@level":"debug","@line":37,"@message":"✅ Operations packed: result=0","@module":"flavor::psp::format_2025::operations","@pid":11921,"@timestamp":"2026-03-31T20:29:04.465112Z"}
{"@file":"src/psp/format_2025/operations.rs","@level":"debug","@line":37,"@message":"✅ Operations packed: result=0","@module":"flavor::psp::format_2025::operations","@pid":11921,"@timestamp":"2026-03-31T20:29:04.465116Z"}
{"@file":"src/psp/format_2025/operations.rs","@level":"debug","@line":60,"@message":"✅ Operations unpacked: count=0 operations=[]","@module":"flavor::psp::format_2025::operations","@pid":11921,"@timestamp":"2026-03-31T20:29:04.465131Z"}
{"@file":"src/psp/format_2025/operations.rs","@level":"debug","@line":60,"@message":"✅ Operations unpacked: count=0 operations=[]","@module":"flavor::psp::format_2025::operations","@pid":11921,"@timestamp":"2026-03-31T20:29:04.465144Z"}
{"@file":"src/psp/format_2025/operations.rs","@level":"debug","@line":37,"@message":"✅ Operations packed: result=1672320312066313612","@module":"flavor::psp::format_2025::operations","@pid":11921,"@timestamp":"2026-03-31T20:29:04.465151Z"}
{"@file":"src/psp/format_2025/operations.rs","@level":"debug","@line":60,"@message":"✅ Operations unpacked: count=8 operations=[192, 194, 211, 94, 107, 161, 42, 121]","@module":"flavor::psp::format_2025::operations","@pid":11921,"@timestamp":"2026-03-31T20:29:04.465182Z"}
{"@file":"src/psp/format_2025/operations.rs","@level":"debug","@line":37,"@message":"✅ Operations packed: result=8730968310135636672","@module":"flavor::psp::format_2025::operations","@pid":11921,"@timestamp":"2026-03-31T20:29:04.465204Z"}
{"@file":"src/psp/format_2025/operations.rs","@level":"debug","@line":37,"@message":"✅ Operations packed: result=15837869129651957630","@module":"flavor::psp::format_2025::operations","@pid":11921,"@timestamp":"2026-03-31T20:29:04.465205Z"}
{"@file":"src/psp/format_2025/operations.rs","@level":"debug","@line":60,"@message":"✅ Operations unpacked: count=8 operations=[192, 194, 211, 94, 107, 161, 42, 121]","@module":"flavor::psp::format_2025::operations","@pid":11921,"@timestamp":"2026-03-31T20:29:04.465223Z"}
{"@file":"src/psp/format_2025/operations.rs","@level":"debug","@line":37,"@message":"✅ Operations packed: result=0","@module":"flavor::psp::format_2025::operations","@pid":11921,"@timestamp":"2026-03-31T20:29:04.465215Z"}
{"@file":"src/psp/format_2025/operations.rs","@level":"debug","@line":60,"@message":"✅ Operations unpacked: count=8 operations=[126, 175, 7, 144, 15, 106, 203, 219]","@module":"flavor::psp::format_2025::operations","@pid":11921,"@timestamp":"2026-03-31T20:29:04.465238Z"}
{"@file":"src/psp/format_2025/operations.rs","@level":"debug","@line":37,"@message":"✅ Operations packed: result=60193","@module":"flavor::psp::format_2025::operations","@pid":11921,"@timestamp":"2026-03-31T20:29:04.465284Z"}
{"@file":"src/psp/format_2025/operations.rs","@level":"debug","@line":37,"@message":"✅ Operations packed: result=244782330","@module":"flavor::psp::format_2025::operations","@pid":11921,"@timestamp":"2026-03-31T20:29:04.465294Z"}
{"@file":"src/psp/format_2025/operations.rs","@level":"debug","@line":60,"@message":"✅ Operations unpacked: count=8 operations=[185, 100, 244, 129, 242, 7, 173, 7]","@module":"flavor::psp::format_2025::operations","@pid":11921,"@timestamp":"2026-03-31T20:29:04.465292Z"}
{"@file":"src/psp/format_2025/operations.rs","@level":"debug","@line":60,"@message":"✅ Operations unpacked: count=4 operations=[250, 20, 151, 14]","@module":"flavor::psp::format_2025::operations","@pid":11921,"@timestamp":"2026-03-31T20:29:04.465321Z"}
{"@file":"src/psp/format_2025/operations.rs","@level":"debug","@line":37,"@message":"✅ Operations packed: result=553107067380196537","@module":"flavor::psp::format_2025::operations","@pid":11921,"@timestamp":"2026-03-31T20:29:04.465341Z"}
{"@file":"src/psp/format_2025/operations.rs","@level":"debug","@line":37,"@message":"✅ Operations packed: result=1469386367","@module":"flavor::psp::format_2025::operations","@pid":11921,"@timestamp":"2026-03-31T20:29:04.465339Z"}
{"@file":"src/psp/format_2025/operations.rs","@level":"debug","@line":60,"@message":"✅ Operations unpacked: count=8 operations=[185, 100, 244, 129, 242, 7, 173, 7]","@module":"flavor::psp::format_2025::operations","@pid":11921,"@timestamp":"2026-03-31T20:29:04.465368Z"}
{"@file":"src/psp/format_2025/operations.rs","@level":"debug","@line":37,"@message":"✅ Operations packed: result=3137516822196611137","@module":"flavor::psp::format_2025::operations","@pid":11921,"@timestamp":"2026-03-31T20:29:04.465382Z"}
{"@file":"src/psp/format_2025/operations.rs","@level":"debug","@line":37,"@message":"✅ Operations packed: result=4588287","@module":"flavor::psp::format_2025::operations","@pid":11921,"@timestamp":"2026-03-31T20:29:04.465412Z"}
{"@file":"src/psp/format_2025/operations.rs","@level":"debug","@line":60,"@message":"✅ Operations unpacked: count=8 operations=[65, 104, 215, 47, 237, 178, 138, 43]","@module":"flavor::psp::format_2025::operations","@pid":11921,"@timestamp":"2026-03-31T20:29:04.465410Z"}
{"@file":"src/psp/format_2025/operations.rs","@level":"debug","@line":60,"@message":"✅ Operations unpacked: count=8 operations=[103, 131, 89, 143, 151, 60, 139, 118]","@module":"flavor::psp::format_2025::operations","@pid":11921,"@timestamp":"2026-03-31T20:29:04.465420Z"}
{"@file":"src/psp/format_2025/operations.rs","@level":"debug","@line":37,"@message":"✅ Operations packed: result=8541987739881014119","@module":"flavor::psp::format_2025::operations","@pid":11921,"@timestamp":"2026-03-31T20:29:04.465456Z"}
{"@file":"src/psp/format_2025/operations.rs","@level":"debug","@line":37,"@message":"✅ Operations packed: result=1096779023021","@module":"flavor::psp::format_2025::operations","@pid":11921,"@timestamp":"2026-03-31T20:29:04.465464Z"}
{"@file":"src/psp/format_2025/operations.rs","@level":"debug","@line":60,"@message":"✅ Operations unpacked: count=8 operations=[103, 131, 89, 143, 151, 60, 139, 118]","@module":"flavor::psp::format_2025::operations","@pid":11921,"@timestamp":"2026-03-31T20:29:04.465478Z"}
{"@file":"src/psp/format_2025/operations.rs","@level":"debug","@line":37,"@message":"✅ Operations packed: result=21311525740703","@module":"flavor::psp::format_2025::operations","@pid":11921,"@timestamp":"2026-03-31T20:29:04.465482Z"}
{"@file":"src/psp/format_2025/operations.rs","@level":"debug","@line":60,"@message":"✅ Operations unpacked: count=6 operations=[159, 224, 235, 249, 97, 19]","@module":"flavor::psp::format_2025::operations","@pid":11921,"@timestamp":"2026-03-31T20:29:04.465514Z"}
{"@file":"src/psp/format_2025/operations.rs","@level":"debug","@line":37,"@message":"✅ Operations packed: result=214988426108","@module":"flavor::psp::format_2025::operations","@pid":11921,"@timestamp":"2026-03-31T20:29:04.465521Z"}
{"@file":"src/psp/format_2025/operations.rs","@level":"debug","@line":60,"@message":"✅ Operations unpacked: count=8 operations=[112, 203, 235, 240, 219, 12, 197, 2]","@module":"flavor::psp::format_2025::operations","@pid":11921,"@timestamp":"2026-03-31T20:29:04.465535Z"}
{"@file":"src/psp/format_2025/operations.rs","@level":"debug","@line":37,"@message":"✅ Operations packed: result=141","@module":"flavor::psp::format_2025::operations","@pid":11921,"@timestamp":"2026-03-31T20:29:04.465564Z"}
{"@file":"src/psp/format_2025/operations.rs","@level":"debug","@line":37,"@message":"✅ Operations packed: result=257503203636237","@module":"flavor::psp::format_2025::operations","@pid":11921,"@timestamp":"2026-03-31T20:29:04.465578Z"}
{"@file":"src/psp/format_2025/operations.rs","@level":"debug","@line":60,"@message":"✅ Operations unpacked: count=1 operations=[141]","@module":"flavor::psp::format_2025::operations","@pid":11921,"@timestamp":"2026-03-31T20:29:04.465596Z"}
{"@file":"src/psp/format_2025/operations.rs","@level":"debug","@line":37,"@message":"✅ Operations packed: result=199579897267211120","@module":"flavor::psp::format_2025::operations","@pid":11921,"@timestamp":"2026-03-31T20:29:04.465561Z"}
{"@file":"src/psp/format_2025/operations.rs","@level":"debug","@line":37,"@message":"✅ Operations packed: result=12688404","@module":"flavor::psp::format_2025::operations","@pid":11921,"@timestamp":"2026-03-31T20:29:04.465628Z"}
{"@file":"src/psp/format_2025/operations.rs","@level":"debug","@line":60,"@message":"✅ Operations unpacked: count=8 operations=[112, 203, 235, 240, 219, 12, 197, 2]","@module":"flavor::psp::format_2025::operations","@pid":11921,"@timestamp":"2026-03-31T20:29:04.465636Z"}
{"@file":"src/psp/format_2025/operations.rs","@level":"debug","@line":37,"@message":"✅ Operations packed: result=143101742327723","@module":"flavor::psp::format_2025::operations","@pid":11921,"@timestamp":"2026-03-31T20:29:04.465650Z"}
{"@file":"src/psp/format_2025/operations.rs","@level":"debug","@line":60,"@message":"✅ Operations unpacked: count=6 operations=[171, 167, 132, 120, 38, 130]","@module":"flavor::psp::format_2025::operations","@pid":11921,"@timestamp":"2026-03-31T20:29:04.465675Z"}
{"@file":"src/psp/format_2025/operations.rs","@level":"debug","@line":37,"@message":"✅ Operations packed: result=5327513","@module":"flavor::psp::format_2025::operations","@pid":11921,"@timestamp":"2026-03-31T20:29:04.465680Z"}
{"@file":"src/psp/format_2025/operations.rs","@level":"debug","@line":60,"@message":"✅ Operations unpacked: count=8 operations=[36, 150, 24, 234, 151, 111, 167, 67]","@module":"flavor::psp::format_2025::operations","@pid":11921,"@timestamp":"2026-03-31T20:29:04.465692Z"}
{"@file":"src/psp/format_2025/operations.rs","@level":"debug","@line":37,"@message":"✅ Operations packed: result=4874987819910075940","@module":"flavor::psp::format_2025::operations","@pid":11921,"@timestamp":"2026-03-31T20:29:04.465721Z"}
{"@file":"src/psp/format_2025/operations.rs","@level":"debug","@line":37,"@message":"✅ Operations packed: result=3326597","@module":"flavor::psp::format_2025::operations","@pid":11921,"@timestamp":"2026-03-31T20:29:04.465726Z"}
{"@file":"src/psp/format_2025/operations.rs","@level":"debug","@line":37,"@message":"✅ Operations packed: result=94394161291822","@module":"flavor::psp::format_2025::operations","@pid":11921,"@timestamp":"2026-03-31T20:29:04.465733Z"}
{"@file":"src/psp/format_2025/operations.rs","@level":"debug","@line":60,"@message":"✅ Operations unpacked: count=8 operations=[36, 150, 24, 234, 151, 111, 167, 67]","@module":"flavor::psp::format_2025::operations","@pid":11921,"@timestamp":"2026-03-31T20:29:04.465743Z"}
{"@file":"src/psp/format_2025/operations.rs","@level":"debug","@line":60,"@message":"✅ Operations unpacked: count=3 operations=[133, 194, 50]","@module":"flavor::psp::format_2025::operations","@pid":11921,"@timestamp":"2026-03-31T20:29:04.465754Z"}
{"@file":"src/psp/format_2025/operations.rs","@level":"debug","@line":37,"@message":"✅ Operations packed: result=43949","@module":"flavor::psp::format_2025::operations","@pid":11921,"@timestamp":"2026-03-31T20:29:04.465786Z"}
{"@file":"src/psp/format_2025/operations.rs","@level":"debug","@line":60,"@message":"✅ Operations unpacked: count=8 operations=[21, 223, 91, 252, 150, 229, 117, 238]","@module":"flavor::psp::format_2025::operations","@pid":11921,"@timestamp":"2026-03-31T20:29:04.465805Z"}
{"@file":"src/psp/format_2025/operations.rs","@level":"debug","@line":37,"@message":"✅ Operations packed: result=62850954714337410","@module":"flavor::psp::format_2025::operations","@pid":11921,"@timestamp":"2026-03-31T20:29:04.465808Z"}
{"@file":"src/psp/format_2025/operations.rs","@level":"debug","@line":37,"@message":"✅ Operations packed: result=8431329","@module":"flavor::psp::format_2025::operations","@pid":11921,"@timestamp":"2026-03-31T20:29:04.465834Z"}
{"@file":"src/psp/format_2025/operations.rs","@level":"debug","@line":37,"@message":"✅ Operations packed: result=17182892389943729941","@module":"flavor::psp::format_2025::operations","@pid":11921,"@timestamp":"2026-03-31T20:29:04.465839Z"}
{"@file":"src/psp/format_2025/operations.rs","@level":"debug","@line":60,"@message":"✅ Operations unpacked: count=7 operations=[130, 208, 138, 61, 156, 74, 223]","@module":"flavor::psp::format_2025::operations","@pid":11921,"@timestamp":"2026-03-31T20:29:04.465853Z"}
{"@file":"src/psp/format_2025/operations.rs","@level":"debug","@line":60,"@message":"✅ Operations unpacked: count=8 operations=[21, 223, 91, 252, 150, 229, 117, 238]","@module":"flavor::psp::format_2025::operations","@pid":11921,"@timestamp":"2026-03-31T20:29:04.465889Z"}
{"@file":"src/psp/format_2025/operations.rs","@level":"debug","@line":37,"@message":"✅ Operations packed: result=3477104482","@module":"flavor::psp::format_2025::operations","@pid":11921,"@timestamp":"2026-03-31T20:29:04.465918Z"}
{"@file":"src/psp/format_2025/operations.rs","@level":"debug","@line":37,"@message":"✅ Operations packed: result=0","@module":"flavor::psp::format_2025::operations","@pid":11921,"@timestamp":"2026-03-31T20:29:04.465927Z"}
{"@file":"src/psp/format_2025/operations.rs","@level":"debug","@line":60,"@message":"✅ Operations unpacked: count=0 operations=[]","@module":"flavor::psp::format_2025::operations","@pid":11921,"@timestamp":"2026-03-31T20:29:04.465973Z"}
{"@file":"src/psp/format_2025/operations.rs","@level":"debug","@line":60,"@message":"✅ Operations unpacked: count=8 operations=[242, 215, 66, 132, 97, 83, 161, 35]","@module":"flavor::psp::format_2025::operations","@pid":11921,"@timestamp":"2026-03-31T20:29:04.465966Z"}
{"@file":"src/psp/format_2025/operations.rs","@level":"debug","@line":37,"@message":"✅ Operations packed: result=113","@module":"flavor::psp::format_2025::operations","@pid":11921,"@timestamp":"2026-03-31T20:29:04.465988Z"}
{"@file":"src/psp/format_2025/operations.rs","@level":"debug","@line":37,"@message":"✅ Operations packed: result=2567424940873799666","@module":"flavor::psp::format_2025::operations","@pid":11921,"@timestamp":"2026-03-31T20:29:04.466014Z"}
{"@file":"src/psp/format_2025/operations.rs","@level":"debug","@line":37,"@message":"✅ Operations packed: result=24798","@module":"flavor::psp::format_2025::operations","@pid":11921,"@timestamp":"2026-03-31T20:29:04.466023Z"}
{"@file":"src/psp/format_2025/operations.rs","@level":"debug","@line":60,"@message":"✅ Operations unpacked: count=8 operations=[242, 215, 66, 132, 97, 83, 161, 35]","@module":"flavor::psp::format_2025::operations","@pid":11921,"@timestamp":"2026-03-31T20:29:04.466042Z"}
{"@file":"src/psp/format_2025/operations.rs","@level":"debug","@line":60,"@message":"✅ Operations unpacked: count=2 operations=[222, 96]","@module":"flavor::psp::format_2025::operations","@pid":11921,"@timestamp":"2026-03-31T20:29:04.466054Z"}
{"@file":"src/psp/format_2025/operations.rs","@level":"debug","@line":37,"@message":"✅ Operations packed: result=3944796986","@module":"flavor::psp::format_2025::operations","@pid":11921,"@timestamp":"2026-03-31T20:29:04.466060Z"}
{"@file":"src/psp/format_2025/operations.rs","@level":"debug","@line":60,"@message":"✅ Operations unpacked: count=8 operations=[35, 118, 118, 157, 33, 179, 34, 88]","@module":"flavor::psp::format_2025::operations","@pid":11921,"@timestamp":"2026-03-31T20:29:04.466101Z"}
{"@file":"src/psp/format_2025/operations.rs","@level":"debug","@line":37,"@message":"✅ Operations packed: result=0","@module":"flavor::psp::format_2025::operations","@pid":11921,"@timestamp":"2026-03-31T20:29:04.466113Z"}
{"@file":"src/psp/format_2025/operations.rs","@level":"debug","@line":37,"@message":"✅ Operations packed: result=1359174808","@module":"flavor::psp::format_2025::operations","@pid":11921,"@timestamp":"2026-03-31T20:29:04.466125Z"}
{"@file":"src/psp/format_2025/operations.rs","@level":"debug","@line":60,"@message":"✅ Operations unpacked: count=0 operations=[]","@module":"flavor::psp::format_2025::operations","@pid":11921,"@timestamp":"2026-03-31T20:29:04.466142Z"}
{"@file":"src/psp/format_2025/operations.rs","@level":"debug","@line":37,"@message":"✅ Operations packed: result=6350835381502899747","@module":"flavor::psp::format_2025::operations","@pid":11921,"@timestamp":"2026-03-31T20:29:04.466131Z"}
{"@file":"src/psp/format_2025/operations.rs","@level":"debug","@line":37,"@message":"✅ Operations packed: result=138","@module":"flavor::psp::format_2025::operations","@pid":11921,"@timestamp":"2026-03-31T20:29:04.466185Z"}
{"@file":"src/psp/format_2025/operations.rs","@level":"debug","@line":60,"@message":"✅ Operations unpacked: count=8 operations=[35, 118, 118, 157, 33, 179, 34, 88]","@module":"flavor::psp::format_2025::operations","@pid":11921,"@timestamp":"2026-03-31T20:29:04.466186Z"}
{"@file":"src/psp/format_2025/operations.rs","@level":"debug","@line":37,"@message":"✅ Operations packed: result=8409356","@module":"flavor::psp::format_2025::operations","@pid":11921,"@timestamp":"2026-03-31T20:29:04.466200Z"}
{"@file":"src/psp/format_2025/operations.rs","@level":"debug","@line":60,"@message":"✅ Operations unpacked: count=3 operations=[12, 81, 128]","@module":"flavor::psp::format_2025::operations","@pid":11921,"@timestamp":"2026-03-31T20:29:04.466228Z"}
{"@file":"src/psp/format_2025/operations.rs","@level":"debug","@line":37,"@message":"✅ Operations packed: result=400211351866","@module":"flavor::psp::format_2025::operations","@pid":11921,"@timestamp":"2026-03-31T20:29:04.466237Z"}
{"@file":"src/psp/format_2025/operations.rs","@level":"debug","@line":60,"@message":"✅ Operations unpacked: count=8 operations=[195, 216, 169, 122, 68, 64, 208, 76]","@module":"flavor::psp::format_2025::operations","@pid":11921,"@timestamp":"2026-03-31T20:29:04.466243Z"}
{"@file":"src/psp/format_2025/operations.rs","@level":"debug","@line":37,"@message":"✅ Operations packed: result=5534994604898244803","@module":"flavor::psp::format_2025::operations","@pid":11921,"@timestamp":"2026-03-31T20:29:04.466272Z"}
{"@file":"src/psp/format_2025/operations.rs","@level":"debug","@line":37,"@message":"✅ Operations packed: result=65047","@module":"flavor::psp::format_2025::operations","@pid":11921,"@timestamp":"2026-03-31T20:29:04.466277Z"}
{"@file":"src/psp/format_2025/operations.rs","@level":"debug","@line":60,"@message":"✅ Operations unpacked: count=8 operations=[195, 216, 169, 122, 68, 64, 208, 76]","@module":"flavor::psp::format_2025::operations","@pid":11921,"@timestamp":"2026-03-31T20:29:04.466293Z"}
{"@file":"src/psp/format_2025/operations.rs","@level":"debug","@line":37,"@message":"✅ Operations packed: result=92805869726","@module":"flavor::psp::format_2025::operations","@pid":11921,"@timestamp":"2026-03-31T20:29:04.466294Z"}
{"@file":"src/psp/format_2025/operations.rs","@level":"debug","@line":60,"@message":"✅ Operations unpacked: count=2 operations=[23, 254]","@module":"flavor::psp::format_2025::operations","@pid":11921,"@timestamp":"2026-03-31T20:29:04.466307Z"}
{"@file":"src/psp/format_2025/operations.rs","@level":"debug","@line":37,"@message":"✅ Operations packed: result=109672232694706","@module":"flavor::psp::format_2025::operations","@pid":11921,"@timestamp":"2026-03-31T20:29:04.466361Z"}
{"@file":"src/psp/format_2025/operations.rs","@level":"debug","@line":60,"@message":"✅ Operations unpacked: count=8 operations=[36, 8, 174, 186, 24, 5, 246, 202]","@module":"flavor::psp::format_2025::operations","@pid":11921,"@timestamp":"2026-03-31T20:29:04.466358Z"}
{"@file":"src/psp/format_2025/operations.rs","@level":"debug","@line":37,"@message":"✅ Operations packed: result=51573","@module":"flavor::psp::format_2025::operations","@pid":11921,"@timestamp":"2026-03-31T20:29:04.466384Z"}
{"@file":"src/psp/format_2025/operations.rs","@level":"debug","@line":37,"@message":"✅ Operations packed: result=14624882443701585956","@module":"flavor::psp::format_2025::operations","@pid":11921,"@timestamp":"2026-03-31T20:29:04.466400Z"}
{"@file":"src/psp/format_2025/operations.rs","@level":"debug","@line":60,"@message":"✅ Operations unpacked: count=2 operations=[117, 201]","@module":"flavor::psp::format_2025::operations","@pid":11921,"@timestamp":"2026-03-31T20:29:04.466411Z"}
{"@file":"src/psp/format_2025/operations.rs","@level":"debug","@line":37,"@message":"✅ Operations packed: result=33798","@module":"flavor::psp::format_2025::operations","@pid":11921,"@timestamp":"2026-03-31T20:29:04.466414Z"}
{"@file":"src/psp/format_2025/operations.rs","@level":"debug","@line":60,"@message":"✅ Operations unpacked: count=8 operations=[36, 8, 174, 186, 24, 5, 246, 202]","@module":"flavor::psp::format_2025::operations","@pid":11921,"@timestamp":"2026-03-31T20:29:04.466430Z"}
{"@file":"src/psp/format_2025/operations.rs","@level":"debug","@line":37,"@message":"✅ Operations packed: result=16277545151325855069","@module":"flavor::psp::format_2025::operations","@pid":11921,"@timestamp":"2026-03-31T20:29:04.466471Z"}
{"@file":"src/psp/format_2025/operations.rs","@level":"debug","@line":37,"@message":"✅ Operations packed: result=1201738476","@module":"flavor::psp::format_2025::operations","@pid":11921,"@timestamp":"2026-03-31T20:29:04.466476Z"}
{"@file":"src/psp/format_2025/operations.rs","@level":"debug","@line":60,"@message":"✅ Operations unpacked: count=8 operations=[74, 158, 113, 232, 157, 183, 50, 192]","@module":"flavor::psp::format_2025::operations","@pid":11921,"@timestamp":"2026-03-31T20:29:04.466488Z"}
{"@file":"src/psp/format_2025/operations.rs","@level":"debug","@line":60,"@message":"✅ Operations unpacked: count=8 operations=[93, 221, 40, 176, 18, 117, 229, 225]","@module":"flavor::psp::format_2025::operations","@pid":11921,"@timestamp":"2026-03-31T20:29:04.466502Z"}
{"@file":"src/psp/format_2025/operations.rs","@level":"debug","@line":37,"@message":"✅ Operations packed: result=13849333692955205194","@module":"flavor::psp::format_2025::operations","@pid":11921,"@timestamp":"2026-03-31T20:29:04.466520Z"}
{"@file":"src/psp/format_2025/operations.rs","@level":"debug","@line":37,"@message":"✅ Operations packed: result=116379807153036","@module":"flavor::psp::format_2025::operations","@pid":11921,"@timestamp":"2026-03-31T20:29:04.466536Z"}
{"@file":"src/psp/format_2025/operations.rs","@level":"debug","@line":60,"@message":"✅ Operations unpacked: count=8 operations=[74, 158, 113, 232, 157, 183, 50, 192]","@module":"flavor::psp::format_2025::operations","@pid":11921,"@timestamp":"2026-03-31T20:29:04.466549Z"}
{"@file":"src/psp/format_2025/operations.rs","@level":"debug","@line":37,"@message":"✅ Operations packed: result=0","@module":"flavor::psp::format_2025::operations","@pid":11921,"@timestamp":"2026-03-31T20:29:04.466579Z"}
{"@file":"src/psp/format_2025/operations.rs","@level":"debug","@line":60,"@message":"✅ Operations unpacked: count=0 operations=[]","@module":"flavor::psp::format_2025::operations","@pid":11921,"@timestamp":"2026-03-31T20:29:04.466601Z"}
{"@file":"src/psp/format_2025/operations.rs","@level":"debug","@line":60,"@message":"✅ Operations unpacked: count=8 operations=[98, 188, 225, 140, 124, 27, 175, 123]","@module":"flavor::psp::format_2025::operations","@pid":11921,"@timestamp":"2026-03-31T20:29:04.466618Z"}
{"@file":"src/psp/format_2025/operations.rs","@level":"debug","@line":37,"@message":"✅ Operations packed: result=275180744932368","@module":"flavor::psp::format_2025::operations","@pid":11921,"@timestamp":"2026-03-31T20:29:04.466618Z"}
{"@file":"src/psp/format_2025/operations.rs","@level":"debug","@line":37,"@message":"✅ Operations packed: result=8912372409342999650","@module":"flavor::psp::format_2025::operations","@pid":11921,"@timestamp":"2026-03-31T20:29:04.466641Z"}
{"@file":"src/psp/format_2025/operations.rs","@level":"debug","@line":37,"@message":"✅ Operations packed: result=19098","@module":"flavor::psp::format_2025::operations","@pid":11921,"@timestamp":"2026-03-31T20:29:04.466651Z"}
{"@file":"src/psp/format_2025/operations.rs","@level":"debug","@line":60,"@message":"✅ Operations unpacked: count=8 operations=[98, 188, 225, 140, 124, 27, 175, 123]","@module":"flavor::psp::format_2025::operations","@pid":11921,"@timestamp":"2026-03-31T20:29:04.466669Z"}
{"@file":"src/psp/format_2025/operations.rs","@level":"debug","@line":60,"@message":"✅ Operations unpacked: count=2 operations=[154, 74]","@module":"flavor::psp::format_2025::operations","@pid":11921,"@timestamp":"2026-03-31T20:29:04.466678Z"}
{"@file":"src/psp/format_2025/operations.rs","@level":"debug","@line":37,"@message":"✅ Operations packed: result=36405","@module":"flavor::psp::format_2025::operations","@pid":11921,"@timestamp":"2026-03-31T20:29:04.466682Z"}
{"@file":"src/psp/format_2025/operations.rs","@level":"debug","@line":60,"@message":"✅ Operations unpacked: count=8 operations=[1, 160, 243, 158, 36, 48, 28, 74]","@module":"flavor::psp::format_2025::operations","@pid":11921,"@timestamp":"2026-03-31T20:29:04.466717Z"}
{"@file":"src/psp/format_2025/operations.rs","@level":"debug","@line":37,"@message":"✅ Operations packed: result=0","@module":"flavor::psp::format_2025::operations","@pid":11921,"@timestamp":"2026-03-31T20:29:04.466728Z"}
{"@file":"src/psp/format_2025/operations.rs","@level":"debug","@line":37,"@message":"✅ Operations packed: result=54","@module":"flavor::psp::format_2025::operations","@pid":11921,"@timestamp":"2026-03-31T20:29:04.466739Z"}
{"@file":"src/psp/format_2025/operations.rs","@level":"debug","@line":37,"@message":"✅ Operations packed: result=5340196191998287873","@module":"flavor::psp::format_2025::operations","@pid":11921,"@timestamp":"2026-03-31T20:29:04.466747Z"}
{"@file":"src/psp/format_2025/operations.rs","@level":"debug","@line":60,"@message":"✅ Operations unpacked: count=0 operations=[]","@module":"flavor::psp::format_2025::operations","@pid":11921,"@timestamp":"2026-03-31T20:29:04.466772Z"}
{"@file":"src/psp/format_2025/operations.rs","@level":"debug","@line":60,"@message":"✅ Operations unpacked: count=8 operations=[1, 160, 243, 158, 36, 48, 28, 74]","@module":"flavor::psp::format_2025::operations","@pid":11921,"@timestamp":"2026-03-31T20:29:04.466803Z"}
{"@file":"src/psp/format_2025/operations.rs","@level":"debug","@line":37,"@message":"✅ Operations packed: result=0","@module":"flavor::psp::format_2025::operations","@pid":11921,"@timestamp":"2026-03-31T20:29:04.466811Z"}
{"@file":"src/psp/format_2025/operations.rs","@level":"debug","@line":37,"@message":"✅ Operations packed: result=262564002914132","@module":"flavor::psp::format_2025::operations","@pid":11921,"@timestamp":"2026-03-31T20:29:04.466851Z"}
{"@file":"src/psp/format_2025/operations.rs","@level":"debug","@line":60,"@message":"✅ Operations unpacked: count=8 operations=[116, 188, 163, 66, 30, 94, 84, 169]","@module":"flavor::psp::format_2025::operations","@pid":11921,"@timestamp":"2026-03-31T20:29:04.466859Z"}
{"@file":"src/psp/format_2025/operations.rs","@level":"debug","@line":37,"@message":"✅ Operations packed: result=0","@module":"flavor::psp::format_2025::operations","@pid":11921,"@timestamp":"2026-03-31T20:29:04.466879Z"}
{"@file":"src/psp/format_2025/operations.rs","@level":"debug","@line":37,"@message":"✅ Operations packed: result=12201480774513572980","@module":"flavor::psp::format_2025::operations","@pid":11921,"@timestamp":"2026-03-31T20:29:04.466918Z"}
{"@file":"src/psp/format_2025/operations.rs","@level":"debug","@line":60,"@message":"✅ Operations unpacked: count=6 operations=[84, 223, 31, 242, 204, 238]","@module":"flavor::psp::format_2025::operations","@pid":11921,"@timestamp":"2026-03-31T20:29:04.466884Z"}
{"@file":"src/psp/format_2025/operations.rs","@level":"debug","@line":60,"@message":"✅ Operations unpacked: count=8 operations=[116, 188, 163, 66, 30, 94, 84, 169]","@module":"flavor::psp::format_2025::operations","@pid":11921,"@timestamp":"2026-03-31T20:29:04.466942Z"}
{"@file":"src/psp/format_2025/operations.rs","@level":"debug","@line":37,"@message":"✅ Operations packed: result=0","@module":"flavor::psp::format_2025::operations","@pid":11921,"@timestamp":"2026-03-31T20:29:04.466969Z"}
{"@file":"src/psp/format_2025/operations.rs","@level":"debug","@line":60,"@message":"✅ Operations unpacked: count=8 operations=[4, 168, 49, 242, 229, 177, 129, 197]","@module":"flavor::psp::format_2025::operations","@pid":11921,"@timestamp":"2026-03-31T20:29:04.466995Z"}
{"@file":"src/psp/format_2025/operations.rs","@level":"debug","@line":37,"@message":"✅ Operations packed: result=11308","@module":"flavor::psp::format_2025::operations","@pid":11921,"@timestamp":"2026-03-31T20:29:04.466999Z"}
{"@file":"src/psp/format_2025/operations.rs","@level":"debug","@line":37,"@message":"✅ Operations packed: result=58184824959310902","@module":"flavor::psp::format_2025::operations","@pid":11921,"@timestamp":"2026-03-31T20:29:04.467017Z"}
{"@file":"src/psp/format_2025/operations.rs","@level":"debug","@line":60,"@message":"✅ Operations unpacked: count=2 operations=[44, 44]","@module":"flavor::psp::format_2025::operations","@pid":11921,"@timestamp":"2026-03-31T20:29:04.467024Z"}
{"@file":"src/psp/format_2025/operations.rs","@level":"debug","@line":37,"@message":"✅ Operations packed: result=14231851898636445700","@module":"flavor::psp::format_2025::operations","@pid":11921,"@timestamp":"2026-03-31T20:29:04.467018Z"}
{"@file":"src/psp/format_2025/operations.rs","@level":"debug","@line":60,"@message":"✅ Operations unpacked: count=8 operations=[4, 168, 49, 242, 229, 177, 129, 197]","@module":"flavor::psp::format_2025::operations","@pid":11921,"@timestamp":"2026-03-31T20:29:04.467058Z"}
{"@file":"src/psp/format_2025/operations.rs","@level":"debug","@line":37,"@message":"✅ Operations packed: result=48876","@module":"flavor::psp::format_2025::operations","@pid":11921,"@timestamp":"2026-03-31T20:29:04.467065Z"}
{"@file":"src/psp/format_2025/operations.rs","@level":"debug","@line":37,"@message":"✅ Operations packed: result=8776202","@module":"flavor::psp::format_2025::operations","@pid":11921,"@timestamp":"2026-03-31T20:29:04.467072Z"}
{"@file":"src/psp/format_2025/operations.rs","@level":"debug","@line":60,"@message":"✅ Operations unpacked: count=3 operations=[10, 234, 133]","@module":"flavor::psp::format_2025::operations","@pid":11921,"@timestamp":"2026-03-31T20:29:04.467105Z"}
{"@file":"src/psp/format_2025/operations.rs","@level":"debug","@line":60,"@message":"✅ Operations unpacked: count=8 operations=[78, 114, 41, 151, 48, 85, 193, 176]","@module":"flavor::psp::format_2025::operations","@pid":11921,"@timestamp":"2026-03-31T20:29:04.467112Z"}
{"@file":"src/psp/format_2025/operations.rs","@level":"debug","@line":37,"@message":"✅ Operations packed: result=0","@module":"flavor::psp::format_2025::operations","@pid":11921,"@timestamp":"2026-03-31T20:29:04.467122Z"}
{"@file":"src/psp/format_2025/operations.rs","@level":"debug","@line":37,"@message":"✅ Operations packed: result=12736554888363340366","@module":"flavor::psp::format_2025::operations","@pid":11921,"@timestamp":"2026-03-31T20:29:04.467146Z"}
{"@file":"src/psp/format_2025/operations.rs","@level":"debug","@line":37,"@message":"✅ Operations packed: result=626715143322","@module":"flavor::psp::format_2025::operations","@pid":11921,"@timestamp":"2026-03-31T20:29:04.467157Z"}
{"@file":"src/psp/format_2025/operations.rs","@level":"debug","@line":60,"@message":"✅ Operations unpacked: count=8 operations=[78, 114, 41, 151, 48, 85, 193, 176]","@module":"flavor::psp::format_2025::operations","@pid":11921,"@timestamp":"2026-03-31T20:29:04.467170Z"}
{"@file":"src/psp/format_2025/operations.rs","@level":"debug","@line":37,"@message":"✅ Operations packed: result=34477","@module":"flavor::psp::format_2025::operations","@pid":11921,"@timestamp":"2026-03-31T20:29:04.467186Z"}
{"@file":"src/psp/format_2025/operations.rs","@level":"debug","@line":60,"@message":"✅ Operations unpacked: count=5 operations=[154, 44, 34, 235, 145]","@module":"flavor::psp::format_2025::operations","@pid":11921,"@timestamp":"2026-03-31T20:29:04.467188Z"}
{"@file":"src/psp/format_2025/operations.rs","@level":"debug","@line":60,"@message":"✅ Operations unpacked: count=8 operations=[205, 229, 218, 86, 93, 39, 38, 63]","@module":"flavor::psp::format_2025::operations","@pid":11921,"@timestamp":"2026-03-31T20:29:04.467227Z"}
{"@file":"src/psp/format_2025/operations.rs","@level":"debug","@line":37,"@message":"✅ Operations packed: result=19066","@module":"flavor::psp::format_2025::operations","@pid":11921,"@timestamp":"2026-03-31T20:29:04.467239Z"}
{"@file":"src/psp/format_2025/operations.rs","@level":"debug","@line":37,"@message":"✅ Operations packed: result=9172134272266176820","@module":"flavor::psp::format_2025::operations","@pid":11921,"@timestamp":"2026-03-31T20:29:04.467252Z"}
{"@file":"src/psp/format_2025/operations.rs","@level":"debug","@line":37,"@message":"✅ Operations packed: result=4550367755347092941","@module":"flavor::psp::format_2025::operations","@pid":11921,"@timestamp":"2026-03-31T20:29:04.467259Z"}
{"@file":"src/psp/format_2025/operations.rs","@level":"debug","@line":60,"@message":"✅ Operations unpacked: count=8 operations=[52, 137, 156, 74, 134, 247, 73, 127]","@module":"flavor::psp::format_2025::operations","@pid":11921,"@timestamp":"2026-03-31T20:29:04.467289Z"}
{"@file":"src/psp/format_2025/operations.rs","@level":"debug","@line":37,"@message":"✅ Operations packed: result=2984361526","@module":"flavor::psp::format_2025::operations","@pid":11921,"@timestamp":"2026-03-31T20:29:04.467303Z"}
{"@file":"src/psp/format_2025/operations.rs","@level":"debug","@line":60,"@message":"✅ Operations unpacked: count=8 operations=[205, 229, 218, 86, 93, 39, 38, 63]","@module":"flavor::psp::format_2025::operations","@pid":11921,"@timestamp":"2026-03-31T20:29:04.467306Z"}
{"@file":"src/psp/format_2025/operations.rs","@level":"debug","@line":37,"@message":"✅ Operations packed: result=4098428485","@module":"flavor::psp::format_2025::operations","@pid":11921,"@timestamp":"2026-03-31T20:29:04.467364Z"}
{"@file":"src/psp/format_2025/operations.rs","@level":"debug","@line":37,"@message":"✅ Operations packed: result=0","@module":"flavor::psp::format_2025::operations","@pid":11921,"@timestamp":"2026-03-31T20:29:04.467347Z"}
{"@file":"src/psp/format_2025/operations.rs","@level":"debug","@line":60,"@message":"✅ Operations unpacked: count=8 operations=[195, 193, 141, 146, 6, 39, 129, 207]","@module":"flavor::psp::format_2025::operations","@pid":11921,"@timestamp":"2026-03-31T20:29:04.467371Z"}
{"@file":"src/psp/format_2025/operations.rs","@level":"debug","@line":60,"@message":"✅ Operations unpacked: count=0 operations=[]","@module":"flavor::psp::format_2025::operations","@pid":11921,"@timestamp":"2026-03-31T20:29:04.467408Z"}
{"@file":"src/psp/format_2025/operations.rs","@level":"debug","@line":37,"@message":"✅ Operations packed: result=1314955522453","@module":"flavor::psp::format_2025::operations","@pid":11921,"@timestamp":"2026-03-31T20:29:04.467419Z"}
{"@file":"src/psp/format_2025/operations.rs","@level":"debug","@line":37,"@message":"✅ Operations packed: result=14952275147028808131","@module":"flavor::psp::format_2025::operations","@pid":11921,"@timestamp":"2026-03-31T20:29:04.467433Z"}
{"@file":"src/psp/format_2025/operations.rs","@level":"debug","@line":37,"@message":"✅ Operations packed: result=0","@module":"flavor::psp::format_2025::operations","@pid":11921,"@timestamp":"2026-03-31T20:29:04.467471Z"}
{"@file":"src/psp/format_2025/operations.rs","@level":"debug","@line":60,"@message":"✅ Operations unpacked: count=8 operations=[195, 193, 141, 146, 6, 39, 129, 207]","@module":"flavor::psp::format_2025::operations","@pid":11921,"@timestamp":"2026-03-31T20:29:04.467487Z"}
{"@file":"src/psp/format_2025/operations.rs","@level":"debug","@line":37,"@message":"✅ Operations packed: result=455568672361","@module":"flavor::psp::format_2025::operations","@pid":11921,"@timestamp":"2026-03-31T20:29:04.467501Z"}
{"@file":"src/psp/format_2025/operations.rs","@level":"debug","@line":60,"@message":"✅ Operations unpacked: count=0 operations=[]","@module":"flavor::psp::format_2025::operations","@pid":11921,"@timestamp":"2026-03-31T20:29:04.467497Z"}
{"@file":"src/psp/format_2025/operations.rs","@level":"debug","@line":60,"@message":"✅ Operations unpacked: count=8 operations=[232, 80, 92, 166, 252, 217, 43, 16]","@module":"flavor::psp::format_2025::operations","@pid":11921,"@timestamp":"2026-03-31T20:29:04.467550Z"}
{"@file":"src/psp/format_2025/operations.rs","@level":"debug","@line":37,"@message":"✅ Operations packed: result=3706788787","@module":"flavor::psp::format_2025::operations","@pid":11921,"@timestamp":"2026-03-31T20:29:04.467562Z"}
{"@file":"src/psp/format_2025/operations.rs","@level":"debug","@line":37,"@message":"✅ Operations packed: result=1165264607751459048","@module":"flavor::psp::format_2025::operations","@pid":11921,"@timestamp":"2026-03-31T20:29:04.467580Z"}
{"@file":"src/psp/format_2025/operations.rs","@level":"debug","@line":37,"@message":"✅ Operations packed: result=34511133245001285","@module":"flavor::psp::format_2025::operations","@pid":11921,"@timestamp":"2026-03-31T20:29:04.467585Z"}
{"@file":"src/psp/format_2025/operations.rs","@level":"debug","@line":60,"@message":"✅ Operations unpacked: count=8 operations=[232, 80, 92, 166, 252, 217, 43, 16]","@module":"flavor::psp::format_2025::operations","@pid":11921,"@timestamp":"2026-03-31T20:29:04.467613Z"}
{"@file":"src/psp/format_2025/operations.rs","@level":"debug","@line":60,"@message":"✅ Operations unpacked: count=7 operations=[69, 78, 221, 93, 177, 155, 122]","@module":"flavor::psp::format_2025::operations","@pid":11921,"@timestamp":"2026-03-31T20:29:04.467630Z"}
{"@file":"src/psp/format_2025/operations.rs","@level":"debug","@line":37,"@message":"✅ Operations packed: result=238681323906754","@module":"flavor::psp::format_2025::operations","@pid":11921,"@timestamp":"2026-03-31T20:29:04.467621Z"}
{"@file":"src/psp/format_2025/operations.rs","@level":"debug","@line":60,"@message":"✅ Operations unpacked: count=8 operations=[2, 12, 189, 103, 162, 43, 20, 68]","@module":"flavor::psp::format_2025::operations","@pid":11921,"@timestamp":"2026-03-31T20:29:04.467670Z"}
{"@file":"src/psp/format_2025/operations.rs","@level":"debug","@line":37,"@message":"✅ Operations packed: result=152","@module":"flavor::psp::format_2025::operations","@pid":11921,"@timestamp":"2026-03-31T20:29:04.467692Z"}
{"@file":"src/psp/format_2025/operations.rs","@level":"debug","@line":37,"@message":"✅ Operations packed: result=988886434527","@module":"flavor::psp::format_2025::operations","@pid":11921,"@timestamp":"2026-03-31T20:29:04.467705Z"}
{"@file":"src/psp/format_2025/operations.rs","@level":"debug","@line":37,"@message":"✅ Operations packed: result=4905593870638451714","@module":"flavor::psp::format_2025::operations","@pid":11921,"@timestamp":"2026-03-31T20:29:04.467700Z"}
{"@file":"src/psp/format_2025/operations.rs","@level":"debug","@line":60,"@message":"✅ Operations unpacked: count=1 operations=[152]","@module":"flavor::psp::format_2025::operations","@pid":11921,"@timestamp":"2026-03-31T20:29:04.467725Z"}
{"@file":"src/psp/format_2025/operations.rs","@level":"debug","@line":60,"@message":"✅ Operations unpacked: count=8 operations=[2, 12, 189, 103, 162, 43, 20, 68]","@module":"flavor::psp::format_2025::operations","@pid":11921,"@timestamp":"2026-03-31T20:29:04.467742Z"}
{"@file":"src/psp/format_2025/operations.rs","@level":"debug","@line":37,"@message":"✅ Operations packed: result=636646456882","@module":"flavor::psp::format_2025::operations","@pid":11921,"@timestamp":"2026-03-31T20:29:04.467761Z"}
{"@file":"src/psp/format_2025/operations.rs","@level":"debug","@line":37,"@message":"✅ Operations packed: result=24555","@module":"flavor::psp::format_2025::operations","@pid":11921,"@timestamp":"2026-03-31T20:29:04.467788Z"}
{"@file":"src/psp/format_2025/operations.rs","@level":"debug","@line":60,"@message":"✅ Operations unpacked: count=8 operations=[158, 183, 112, 17, 87, 92, 157, 232]","@module":"flavor::psp::format_2025::operations","@pid":11921,"@timestamp":"2026-03-31T20:29:04.467792Z"}
{"@file":"src/psp/format_2025/operations.rs","@level":"debug","@line":60,"@message":"✅ Operations unpacked: count=2 operations=[235, 95]","@module":"flavor::psp::format_2025::operations","@pid":11921,"@timestamp":"2026-03-31T20:29:04.467806Z"}
{"@file":"src/psp/format_2025/operations.rs","@level":"debug","@line":37,"@message":"✅ Operations packed: result=16761654917167363998","@module":"flavor::psp::format_2025::operations","@pid":11921,"@timestamp":"2026-03-31T20:29:04.467812Z"}
{"@file":"src/psp/format_2025/operations.rs","@level":"debug","@line":37,"@message":"✅ Operations packed: result=68","@module":"flavor::psp::format_2025::operations","@pid":11921,"@timestamp":"2026-03-31T20:29:04.467808Z"}
{"@file":"src/psp/format_2025/operations.rs","@level":"debug","@line":60,"@message":"✅ Operations unpacked: count=8 operations=[158, 183, 112, 17, 87, 92, 157, 232]","@module":"flavor::psp::format_2025::operations","@pid":11921,"@timestamp":"2026-03-31T20:29:04.467830Z"}
{"@file":"src/psp/format_2025/operations.rs","@level":"debug","@line":37,"@message":"✅ Operations packed: result=50255","@module":"flavor::psp::format_2025::operations","@pid":11921,"@timestamp":"2026-03-31T20:29:04.467853Z"}
{"@file":"src/psp/format_2025/operations.rs","@level":"debug","@line":60,"@message":"✅ Operations unpacked: count=2 operations=[79, 196]","@module":"flavor::psp::format_2025::operations","@pid":11921,"@timestamp":"2026-03-31T20:29:04.467872Z"}
{"@file":"src/psp/format_2025/operations.rs","@level":"debug","@line":60,"@message":"✅ Operations unpacked: count=8 operations=[204, 156, 98, 248, 246, 39, 93, 227]","@module":"flavor::psp::format_2025::operations","@pid":11921,"@timestamp":"2026-03-31T20:29:04.467881Z"}
{"@file":"src/psp/format_2025/operations.rs","@level":"debug","@line":37,"@message":"✅ Operations packed: result=0","@module":"flavor::psp::format_2025::operations","@pid":11921,"@timestamp":"2026-03-31T20:29:04.467871Z"}
{"@file":"src/psp/format_2025/operations.rs","@level":"debug","@line":37,"@message":"✅ Operations packed: result=16383294961126382796","@module":"flavor::psp::format_2025::operations","@pid":11921,"@timestamp":"2026-03-31T20:29:04.467902Z"}
{"@file":"src/psp/format_2025/operations.rs","@level":"debug","@line":60,"@message":"✅ Operations unpacked: count=8 operations=[204, 156, 98, 248, 246, 39, 93, 227]","@module":"flavor::psp::format_2025::operations","@pid":11921,"@timestamp":"2026-03-31T20:29:04.467920Z"}
{"@file":"src/psp/format_2025/operations.rs","@level":"debug","@line":37,"@message":"✅ Operations packed: result=37202320654604826","@module":"flavor::psp::format_2025::operations","@pid":11921,"@timestamp":"2026-03-31T20:29:04.467943Z"}
{"@file":"src/psp/format_2025/operations.rs","@level":"debug","@line":60,"@message":"✅ Operations unpacked: count=8 operations=[177, 81, 95, 169, 158, 89, 67, 183]","@module":"flavor::psp::format_2025::operations","@pid":11921,"@timestamp":"2026-03-31T20:29:04.467966Z"}
{"@file":"src/psp/format_2025/operations.rs","@level":"debug","@line":60,"@message":"✅ Operations unpacked: count=7 operations=[26, 26, 112, 67, 80, 43, 132]","@module":"flavor::psp::format_2025::operations","@pid":11921,"@timestamp":"2026-03-31T20:29:04.467974Z"}
{"@file":"src/psp/format_2025/operations.rs","@level":"debug","@line":37,"@message":"✅ Operations packed: result=13205497070361727409","@module":"flavor::psp::format_2025::operations","@pid":11921,"@timestamp":"2026-03-31T20:29:04.467997Z"}
{"@file":"src/psp/format_2025/operations.rs","@level":"debug","@line":37,"@message":"✅ Operations packed: result=58386787221851","@module":"flavor::psp::format_2025::operations","@pid":11921,"@timestamp":"2026-03-31T20:29:04.467968Z"}
{"@file":"src/psp/format_2025/operations.rs","@level":"debug","@line":60,"@message":"✅ Operations unpacked: count=8 operations=[177, 81, 95, 169, 158, 89, 67, 183]","@module":"flavor::psp::format_2025::operations","@pid":11921,"@timestamp":"2026-03-31T20:29:04.468027Z"}
{"@file":"src/psp/format_2025/operations.rs","@level":"debug","@line":37,"@message":"✅ Operations packed: result=8290341","@module":"flavor::psp::format_2025::operations","@pid":11921,"@timestamp":"2026-03-31T20:29:04.468041Z"}
{"@file":"src/psp/format_2025/operations.rs","@level":"debug","@line":60,"@message":"✅ Operations unpacked: count=3 operations=[37, 128, 126]","@module":"flavor::psp::format_2025::operations","@pid":11921,"@timestamp":"2026-03-31T20:29:04.468071Z"}
{"@file":"src/psp/format_2025/operations.rs","@level":"debug","@line":37,"@message":"✅ Operations packed: result=2438604744","@module":"flavor::psp::format_2025::operations","@pid":11921,"@timestamp":"2026-03-31T20:29:04.468076Z"}
{"@file":"src/psp/format_2025/operations.rs","@level":"debug","@line":60,"@message":"✅ Operations unpacked: count=8 operations=[57, 8, 141, 159, 106, 102, 254, 154]","@module":"flavor::psp::format_2025::operations","@pid":11921,"@timestamp":"2026-03-31T20:29:04.468081Z"}
{"@file":"src/psp/format_2025/operations.rs","@level":"debug","@line":37,"@message":"✅ Operations packed: result=322961957","@module":"flavor::psp::format_2025::operations","@pid":11921,"@timestamp":"2026-03-31T20:29:04.468122Z"}
{"@file":"src/psp/format_2025/operations.rs","@level":"debug","@line":37,"@message":"✅ Operations packed: result=11168476734054795321","@module":"flavor::psp::format_2025::operations","@pid":11921,"@timestamp":"2026-03-31T20:29:04.468124Z"}
{"@file":"src/psp/format_2025/operations.rs","@level":"debug","@line":60,"@message":"✅ Operations unpacked: count=4 operations=[37, 2, 64, 19]","@module":"flavor::psp::format_2025::operations","@pid":11921,"@timestamp":"2026-03-31T20:29:04.468153Z"}
{"@file":"src/psp/format_2025/operations.rs","@level":"debug","@line":60,"@message":"✅ Operations unpacked: count=8 operations=[57, 8, 141, 159, 106, 102, 254, 154]","@module":"flavor::psp::format_2025::operations","@pid":11921,"@timestamp":"2026-03-31T20:29:04.468171Z"}
{"@file":"src/psp/format_2025/operations.rs","@level":"debug","@line":37,"@message":"✅ Operations packed: result=8","@module":"flavor::psp::format_2025::operations","@pid":11921,"@timestamp":"2026-03-31T20:29:04.468142Z"}
{"@file":"src/psp/format_2025/operations.rs","@level":"debug","@line":37,"@message":"✅ Operations packed: result=37527","@module":"flavor::psp::format_2025::operations","@pid":11921,"@timestamp":"2026-03-31T20:29:04.468213Z"}
{"@file":"src/psp/format_2025/operations.rs","@level":"debug","@line":60,"@message":"✅ Operations unpacked: count=8 operations=[33, 107, 123, 237, 174, 84, 182, 210]","@module":"flavor::psp::format_2025::operations","@pid":11921,"@timestamp":"2026-03-31T20:29:04.468227Z"}
{"@file":"src/psp/format_2025/operations.rs","@level":"debug","@line":60,"@message":"✅ Operations unpacked: count=2 operations=[151, 146]","@module":"flavor::psp::format_2025::operations","@pid":11921,"@timestamp":"2026-03-31T20:29:04.468242Z"}
{"@file":"src/psp/format_2025/operations.rs","@level":"debug","@line":37,"@message":"✅ Operations packed: result=15183416304011537185","@module":"flavor::psp::format_2025::operations","@pid":11921,"@timestamp":"2026-03-31T20:29:04.468260Z"}
{"@file":"src/psp/format_2025/operations.rs","@level":"debug","@line":37,"@message":"✅ Operations packed: result=29999","@module":"flavor::psp::format_2025::operations","@pid":11921,"@timestamp":"2026-03-31T20:29:04.468235Z"}
{"@file":"src/psp/format_2025/operations.rs","@level":"debug","@line":60,"@message":"✅ Operations unpacked: count=8 operations=[33, 107, 123, 237, 174, 84, 182, 210]","@module":"flavor::psp::format_2025::operations","@pid":11921,"@timestamp":"2026-03-31T20:29:04.468289Z"}
{"@file":"src/psp/format_2025/operations.rs","@level":"debug","@line":37,"@message":"✅ Operations packed: result=2657106057","@module":"flavor::psp::format_2025::operations","@pid":11921,"@timestamp":"2026-03-31T20:29:04.468303Z"}
{"@file":"src/psp/format_2025/operations.rs","@level":"debug","@line":60,"@message":"✅ Operations unpacked: count=4 operations=[137, 56, 96, 158]","@module":"flavor::psp::format_2025::operations","@pid":11921,"@timestamp":"2026-03-31T20:29:04.468332Z"}
{"@file":"src/psp/format_2025/operations.rs","@level":"debug","@line":60,"@message":"✅ Operations unpacked: count=8 operations=[145, 106, 70, 183, 37, 91, 177, 192]","@module":"flavor::psp::format_2025::operations","@pid":11921,"@timestamp":"2026-03-31T20:29:04.468341Z"}
{"@file":"src/psp/format_2025/operations.rs","@level":"debug","@line":37,"@message":"✅ Operations packed: result=15796770960773110448","@module":"flavor::psp::format_2025::operations","@pid":11921,"@timestamp":"2026-03-31T20:29:04.468341Z"}
{"@file":"src/psp/format_2025/operations.rs","@level":"debug","@line":37,"@message":"✅ Operations packed: result=13884979343706712721","@module":"flavor::psp::format_2025::operations","@pid":11921,"@timestamp":"2026-03-31T20:29:04.468376Z"}
{"@file":"src/psp/format_2025/operations.rs","@level":"debug","@line":37,"@message":"✅ Operations packed: result=804793270586","@module":"flavor::psp::format_2025::operations","@pid":11921,"@timestamp":"2026-03-31T20:29:04.468381Z"}
{"@file":"src/psp/format_2025/operations.rs","@level":"debug","@line":60,"@message":"✅ Operations unpacked: count=8 operations=[145, 106, 70, 183, 37, 91, 177, 192]","@module":"flavor::psp::format_2025::operations","@pid":11921,"@timestamp":"2026-03-31T20:29:04.468398Z"}
{"@file":"src/psp/format_2025/operations.rs","@level":"debug","@line":60,"@message":"✅ Operations unpacked: count=5 operations=[58, 193, 106, 97, 187]","@module":"flavor::psp::format_2025::operations","@pid":11921,"@timestamp":"2026-03-31T20:29:04.468412Z"}
{"@file":"src/psp/format_2025/operations.rs","@level":"debug","@line":37,"@message":"✅ Operations packed: result=6736795362694712078","@module":"flavor::psp::format_2025::operations","@pid":11921,"@timestamp":"2026-03-31T20:29:04.468417Z"}
{"@file":"src/psp/format_2025/operations.rs","@level":"debug","@line":60,"@message":"✅ Operations unpacked: count=8 operations=[40, 147, 228, 150, 167, 150, 58, 98]","@module":"flavor::psp::format_2025::operations","@pid":11921,"@timestamp":"2026-03-31T20:29:04.468453Z"}
{"@file":"src/psp/format_2025/operations.rs","@level":"debug","@line":37,"@message":"✅ Operations packed: result=0","@module":"flavor::psp::format_2025::operations","@pid":11921,"@timestamp":"2026-03-31T20:29:04.468473Z"}
{"@file":"src/psp/format_2025/operations.rs","@level":"debug","@line":37,"@message":"✅ Operations packed: result=106","@module":"flavor::psp::format_2025::operations","@pid":11921,"@timestamp":"2026-03-31T20:29:04.468493Z"}
{"@file":"src/psp/format_2025/operations.rs","@level":"debug","@line":37,"@message":"✅ Operations packed: result=7078135410901422888","@module":"flavor::psp::format_2025::operations","@pid":11921,"@timestamp":"2026-03-31T20:29:04.468481Z"}
{"@file":"src/psp/format_2025/operations.rs","@level":"debug","@line":60,"@message":"✅ Operations unpacked: count=0 operations=[]","@module":"flavor::psp::format_2025::operations","@pid":11921,"@timestamp":"2026-03-31T20:29:04.468507Z"}
{"@file":"src/psp/format_2025/operations.rs","@level":"debug","@line":60,"@message":"✅ Operations unpacked: count=8 operations=[40, 147, 228, 150, 167, 150, 58, 98]","@module":"flavor::psp::format_2025::operations","@pid":11921,"@timestamp":"2026-03-31T20:29:04.468537Z"}
{"@file":"src/psp/format_2025/operations.rs","@level":"debug","@line":37,"@message":"✅ Operations packed: result=2603042986","@module":"flavor::psp::format_2025::operations","@pid":11921,"@timestamp":"2026-03-31T20:29:04.468553Z"}
{"@file":"src/psp/format_2025/operations.rs","@level":"debug","@line":37,"@message":"✅ Operations packed: result=2950883264","@module":"flavor::psp::format_2025::operations","@pid":11921,"@timestamp":"2026-03-31T20:29:04.468580Z"}
{"@file":"src/psp/format_2025/operations.rs","@level":"debug","@line":60,"@message":"✅ Operations unpacked: count=8 operations=[83, 139, 56, 6, 223, 176, 178, 48]","@module":"flavor::psp::format_2025::operations","@pid":11921,"@timestamp":"2026-03-31T20:29:04.468593Z"}
{"@file":"src/psp/format_2025/operations.rs","@level":"debug","@line":60,"@message":"✅ Operations unpacked: count=4 operations=[192, 231, 226, 175]","@module":"flavor::psp::format_2025::operations","@pid":11921,"@timestamp":"2026-03-31T20:29:04.468607Z"}
{"@file":"src/psp/format_2025/operations.rs","@level":"debug","@line":37,"@message":"✅ Operations packed: result=4501806883154417","@module":"flavor::psp::format_2025::operations","@pid":11921,"@timestamp":"2026-03-31T20:29:04.468602Z"}
{"@file":"src/psp/format_2025/operations.rs","@level":"debug","@line":37,"@message":"✅ Operations packed: result=3509061531603602259","@module":"flavor::psp::format_2025::operations","@pid":11921,"@timestamp":"2026-03-31T20:29:04.468622Z"}
{"@file":"src/psp/format_2025/operations.rs","@level":"debug","@line":60,"@message":"✅ Operations unpacked: count=8 operations=[83, 139, 56, 6, 223, 176, 178, 48]","@module":"flavor::psp::format_2025::operations","@pid":11921,"@timestamp":"2026-03-31T20:29:04.468654Z"}
{"@file":"src/psp/format_2025/operations.rs","@level":"debug","@line":37,"@message":"✅ Operations packed: result=17511","@module":"flavor::psp::format_2025::operations","@pid":11921,"@timestamp":"2026-03-31T20:29:04.468663Z"}
{"@file":"src/psp/format_2025/operations.rs","@level":"debug","@line":37,"@message":"✅ Operations packed: result=1254542","@module":"flavor::psp::format_2025::operations","@pid":11921,"@timestamp":"2026-03-31T20:29:04.468678Z"}
{"@file":"src/psp/format_2025/operations.rs","@level":"debug","@line":60,"@message":"✅ Operations unpacked: count=2 operations=[103, 68]","@module":"flavor::psp::format_2025::operations","@pid":11921,"@timestamp":"2026-03-31T20:29:04.468690Z"}
{"@file":"src/psp/format_2025/operations.rs","@level":"debug","@line":60,"@message":"✅ Operations unpacked: count=5 operations=[86, 75, 24, 246, 59]","@module":"flavor::psp::format_2025::operations","@pid":11921,"@timestamp":"2026-03-31T20:29:04.468702Z"}
{"@file":"src/psp/format_2025/operations.rs","@level":"debug","@line":37,"@message":"✅ Operations packed: result=257531857750","@module":"flavor::psp::format_2025::operations","@pid":11921,"@timestamp":"2026-03-31T20:29:04.468728Z"}
{"@file":"src/psp/format_2025/operations.rs","@level":"debug","@line":37,"@message":"✅ Operations packed: result=80","@module":"flavor::psp::format_2025::operations","@pid":11921,"@timestamp":"2026-03-31T20:29:04.468731Z"}
{"@file":"src/psp/format_2025/operations.rs","@level":"debug","@line":37,"@message":"✅ Operations packed: result=5536599","@module":"flavor::psp::format_2025::operations","@pid":11921,"@timestamp":"2026-03-31T20:29:04.468744Z"}
{"@file":"src/psp/format_2025/operations.rs","@level":"debug","@line":60,"@message":"✅ Operations unpacked: count=5 operations=[86, 75, 24, 246, 59]","@module":"flavor::psp::format_2025::operations","@pid":11921,"@timestamp":"2026-03-31T20:29:04.468750Z"}
{"@file":"src/psp/format_2025/operations.rs","@level":"debug","@line":60,"@message":"✅ Operations unpacked: count=3 operations=[87, 123, 84]","@module":"flavor::psp::format_2025::operations","@pid":11921,"@timestamp":"2026-03-31T20:29:04.468774Z"}
{"@file":"src/psp/format_2025/operations.rs","@level":"debug","@line":37,"@message":"✅ Operations packed: result=1090620249881","@module":"flavor::psp::format_2025::operations","@pid":11921,"@timestamp":"2026-03-31T20:29:04.468791Z"}
{"@file":"src/psp/format_2025/operations.rs","@level":"debug","@line":60,"@message":"✅ Operations unpacked: count=8 operations=[96, 9, 248, 78, 25, 76, 225, 231]","@module":"flavor::psp::format_2025::operations","@pid":11921,"@timestamp":"2026-03-31T20:29:04.468819Z"}
{"@file":"src/psp/format_2025/operations.rs","@level":"debug","@line":37,"@message":"✅ Operations packed: result=17099085873283842","@module":"flavor::psp::format_2025::operations","@pid":11921,"@timestamp":"2026-03-31T20:29:04.468824Z"}
{"@file":"src/psp/format_2025/operations.rs","@level":"debug","@line":37,"@message":"✅ Operations packed: result=16708719764104022368","@module":"flavor::psp::format_2025::operations","@pid":11921,"@timestamp":"2026-03-31T20:29:04.468847Z"}
{"@file":"src/psp/format_2025/operations.rs","@level":"debug","@line":60,"@message":"✅ Operations unpacked: count=7 operations=[2, 3, 118, 43, 135, 191, 60]","@module":"flavor::psp::format_2025::operations","@pid":11921,"@timestamp":"2026-03-31T20:29:04.468853Z"}
{"@file":"src/psp/format_2025/operations.rs","@level":"debug","@line":37,"@message":"✅ Operations packed: result=48","@module":"flavor::psp::format_2025::operations","@pid":11921,"@timestamp":"2026-03-31T20:29:04.468846Z"}
{"@file":"src/psp/format_2025/operations.rs","@level":"debug","@line":60,"@message":"✅ Operations unpacked: count=8 operations=[96, 9, 248, 78, 25, 76, 225, 231]","@module":"flavor::psp::format_2025::operations","@pid":11921,"@timestamp":"2026-03-31T20:29:04.468872Z"}
{"@file":"src/psp/format_2025/operations.rs","@level":"debug","@line":37,"@message":"✅ Operations packed: result=6334255","@module":"flavor::psp::format_2025::operations","@pid":11921,"@timestamp":"2026-03-31T20:29:04.468902Z"}
{"@file":"src/psp/format_2025/operations.rs","@level":"debug","@line":37,"@message":"✅ Operations packed: result=5292013589624297786","@module":"flavor::psp::format_2025::operations","@pid":11921,"@timestamp":"2026-03-31T20:29:04.468919Z"}
{"@file":"src/psp/format_2025/operations.rs","@level":"debug","@line":60,"@message":"✅ Operations unpacked: count=3 operations=[47, 167, 96]","@module":"flavor::psp::format_2025::operations","@pid":11921,"@timestamp":"2026-03-31T20:29:04.468921Z"}
{"@file":"src/psp/format_2025/operations.rs","@level":"debug","@line":60,"@message":"✅ Operations unpacked: count=8 operations=[31, 188, 171, 173, 228, 89, 187, 253]","@module":"flavor::psp::format_2025::operations","@pid":11921,"@timestamp":"2026-03-31T20:29:04.468924Z"}
{"@file":"src/psp/format_2025/operations.rs","@level":"debug","@line":37,"@message":"✅ Operations packed: result=3238439083","@module":"flavor::psp::format_2025::operations","@pid":11921,"@timestamp":"2026-03-31T20:29:04.468981Z"}
{"@file":"src/psp/format_2025/operations.rs","@level":"debug","@line":37,"@message":"✅ Operations packed: result=18283305950941789215","@module":"flavor::psp::format_2025::operations","@pid":11921,"@timestamp":"2026-03-31T20:29:04.468984Z"}
{"@file":"src/psp/format_2025/operations.rs","@level":"debug","@line":37,"@message":"✅ Operations packed: result=15364376745013490626","@module":"flavor::psp::format_2025::operations","@pid":11921,"@timestamp":"2026-03-31T20:29:04.469003Z"}
{"@file":"src/psp/format_2025/operations.rs","@level":"debug","@line":60,"@message":"✅ Operations unpacked: count=8 operations=[31, 188, 171, 173, 228, 89, 187, 253]","@module":"flavor::psp::format_2025::operations","@pid":11921,"@timestamp":"2026-03-31T20:29:04.469024Z"}
{"@file":"src/psp/format_2025/operations.rs","@level":"debug","@line":37,"@message":"✅ Operations packed: result=16094480","@module":"flavor::psp::format_2025::operations","@pid":11921,"@timestamp":"2026-03-31T20:29:04.469039Z"}
{"@file":"src/psp/format_2025/operations.rs","@level":"debug","@line":60,"@message":"✅ Operations unpacked: count=8 operations=[194, 51, 205, 225, 62, 59, 57, 213]","@module":"flavor::psp::format_2025::operations","@pid":11921,"@timestamp":"2026-03-31T20:29:04.469035Z"}
{"@file":"src/psp/format_2025/operations.rs","@level":"debug","@line":60,"@message":"✅ Operations unpacked: count=8 operations=[76, 45, 160, 253, 74, 124, 96, 72]","@module":"flavor::psp::format_2025::operations","@pid":11921,"@timestamp":"2026-03-31T20:29:04.469093Z"}
{"@file":"src/psp/format_2025/operations.rs","@level":"debug","@line":37,"@message":"✅ Operations packed: result=0","@module":"flavor::psp::format_2025::operations","@pid":11921,"@timestamp":"2026-03-31T20:29:04.469104Z"}
{"@file":"src/psp/format_2025/operations.rs","@level":"debug","@line":37,"@message":"✅ Operations packed: result=5215305030019591500","@module":"flavor::psp::format_2025::operations","@pid":11921,"@timestamp":"2026-03-31T20:29:04.469119Z"}
{"@file":"src/psp/format_2025/operations.rs","@level":"debug","@line":37,"@message":"✅ Operations packed: result=170349017978943","@module":"flavor::psp::format_2025::operations","@pid":11921,"@timestamp":"2026-03-31T20:29:04.469121Z"}
{"@file":"src/psp/format_2025/operations.rs","@level":"debug","@line":60,"@message":"✅ Operations unpacked: count=8 operations=[76, 45, 160, 253, 74, 124, 96, 72]","@module":"flavor::psp::format_2025::operations","@pid":11921,"@timestamp":"2026-03-31T20:29:04.469140Z"}
{"@file":"src/psp/format_2025/operations.rs","@level":"debug","@line":60,"@message":"✅ Operations unpacked: count=6 operations=[63, 88, 180, 120, 238, 154]","@module":"flavor::psp::format_2025::operations","@pid":11921,"@timestamp":"2026-03-31T20:29:04.469150Z"}
{"@file":"src/psp/format_2025/operations.rs","@level":"debug","@line":37,"@message":"✅ Operations packed: result=129313801708591","@module":"flavor::psp::format_2025::operations","@pid":11921,"@timestamp":"2026-03-31T20:29:04.469153Z"}
{"@file":"src/psp/format_2025/operations.rs","@level":"debug","@line":60,"@message":"✅ Operations unpacked: count=8 operations=[70, 120, 99, 152, 33, 216, 178, 152]","@module":"flavor::psp::format_2025::operations","@pid":11921,"@timestamp":"2026-03-31T20:29:04.469193Z"}
{"@file":"src/psp/format_2025/operations.rs","@level":"debug","@line":37,"@message":"✅ Operations packed: result=16525416","@module":"flavor::psp::format_2025::operations","@pid":11921,"@timestamp":"2026-03-31T20:29:04.469210Z"}
{"@file":"src/psp/format_2025/operations.rs","@level":"debug","@line":37,"@message":"✅ Operations packed: result=23499528557353","@module":"flavor::psp::format_2025::operations","@pid":11921,"@timestamp":"2026-03-31T20:29:04.469219Z"}
{"@file":"src/psp/format_2025/operations.rs","@level":"debug","@line":37,"@message":"✅ Operations packed: result=11003094478421719110","@module":"flavor::psp::format_2025::operations","@pid":11921,"@timestamp":"2026-03-31T20:29:04.469219Z"}
{"@file":"src/psp/format_2025/operations.rs","@level":"debug","@line":60,"@message":"✅ Operations unpacked: count=3 operations=[104, 40, 252]","@module":"flavor::psp::format_2025::operations","@pid":11921,"@timestamp":"2026-03-31T20:29:04.469237Z"}
{"@file":"src/psp/format_2025/operations.rs","@level":"debug","@line":60,"@message":"✅ Operations unpacked: count=8 operations=[70, 120, 99, 152, 33, 216, 178, 152]","@module":"flavor::psp::format_2025::operations","@pid":11921,"@timestamp":"2026-03-31T20:29:04.469263Z"}
{"@file":"src/psp/format_2025/operations.rs","@level":"debug","@line":37,"@message":"✅ Operations packed: result=2643745","@module":"flavor::psp::format_2025::operations","@pid":11921,"@timestamp":"2026-03-31T20:29:04.469274Z"}
{"@file":"src/psp/format_2025/operations.rs","@level":"debug","@line":37,"@message":"✅ Operations packed: result=52899724069939","@module":"flavor::psp::format_2025::operations","@pid":11921,"@timestamp":"2026-03-31T20:29:04.469303Z"}
{"@file":"src/psp/format_2025/operations.rs","@level":"debug","@line":60,"@message":"✅ Operations unpacked: count=8 operations=[82, 186, 27, 39, 171, 171, 181, 69]","@module":"flavor::psp::format_2025::operations","@pid":11921,"@timestamp":"2026-03-31T20:29:04.469317Z"}
{"@file":"src/psp/format_2025/operations.rs","@level":"debug","@line":37,"@message":"✅ Operations packed: result=54789038571100802","@module":"flavor::psp::format_2025::operations","@pid":11921,"@timestamp":"2026-03-31T20:29:04.469329Z"}
{"@file":"src/psp/format_2025/operations.rs","@level":"debug","@line":60,"@message":"✅ Operations unpacked: count=6 operations=[51, 12, 67, 173, 28, 48]","@module":"flavor::psp::format_2025::operations","@pid":11921,"@timestamp":"2026-03-31T20:29:04.469324Z"}
{"@file":"src/psp/format_2025/operations.rs","@level":"debug","@line":37,"@message":"✅ Operations packed: result=5023109710985542226","@module":"flavor::psp::format_2025::operations","@pid":11921,"@timestamp":"2026-03-31T20:29:04.469344Z"}
{"@file":"src/psp/format_2025/operations.rs","@level":"debug","@line":60,"@message":"✅ Operations unpacked: count=8 operations=[82, 186, 27, 39, 171, 171, 181, 69]","@module":"flavor::psp::format_2025::operations","@pid":11921,"@timestamp":"2026-03-31T20:29:04.469376Z"}
{"@file":"src/psp/format_2025/operations.rs","@level":"debug","@line":37,"@message":"✅ Operations packed: result=64827","@module":"flavor::psp::format_2025::operations","@pid":11921,"@timestamp":"2026-03-31T20:29:04.469386Z"}
{"@file":"src/psp/format_2025/operations.rs","@level":"debug","@line":37,"@message":"✅ Operations packed: result=147","@module":"flavor::psp::format_2025::operations","@pid":11921,"@timestamp":"2026-03-31T20:29:04.469399Z"}
{"@file":"src/psp/format_2025/operations.rs","@level":"debug","@line":60,"@message":"✅ Operations unpacked: count=1 operations=[147]","@module":"flavor::psp::format_2025::operations","@pid":11921,"@timestamp":"2026-03-31T20:29:04.469424Z"}
{"@file":"src/psp/format_2025/operations.rs","@level":"debug","@line":60,"@message":"✅ Operations unpacked: count=8 operations=[182, 170, 56, 85, 238, 74, 14, 63]","@module":"flavor::psp::format_2025::operations","@pid":11921,"@timestamp":"2026-03-31T20:29:04.469423Z"}
{"@file":"src/psp/format_2025/operations.rs","@level":"debug","@line":37,"@message":"✅ Operations packed: result=162415147019647","@module":"flavor::psp::format_2025::operations","@pid":11921,"@timestamp":"2026-03-31T20:29:04.469443Z"}
{"@file":"src/psp/format_2025/operations.rs","@level":"debug","@line":37,"@message":"✅ Operations packed: result=4543651461555858102","@module":"flavor::psp::format_2025::operations","@pid":11921,"@timestamp":"2026-03-31T20:29:04.469451Z"}
{"@file":"src/psp/format_2025/operations.rs","@level":"debug","@line":37,"@message":"✅ Operations packed: result=198537325955","@module":"flavor::psp::format_2025::operations","@pid":11921,"@timestamp":"2026-03-31T20:29:04.469473Z"}
{"@file":"src/psp/format_2025/operations.rs","@level":"debug","@line":60,"@message":"✅ Operations unpacked: count=8 operations=[182, 170, 56, 85, 238, 74, 14, 63]","@module":"flavor::psp::format_2025::operations","@pid":11921,"@timestamp":"2026-03-31T20:29:04.469485Z"}
{"@file":"src/psp/format_2025/operations.rs","@level":"debug","@line":60,"@message":"✅ Operations unpacked: count=5 operations=[131, 45, 191, 57, 46]","@module":"flavor::psp::format_2025::operations","@pid":11921,"@timestamp":"2026-03-31T20:29:04.469493Z"}
{"@file":"src/psp/format_2025/operations.rs","@level":"debug","@line":37,"@message":"✅ Operations packed: result=1672719433","@module":"flavor::psp::format_2025::operations","@pid":11921,"@timestamp":"2026-03-31T20:29:04.469503Z"}
{"@file":"src/psp/format_2025/operations.rs","@level":"debug","@line":60,"@message":"✅ Operations unpacked: count=8 operations=[21, 33, 79, 92, 66, 217, 15, 67]","@module":"flavor::psp::format_2025::operations","@pid":11921,"@timestamp":"2026-03-31T20:29:04.469533Z"}
{"@file":"src/psp/format_2025/operations.rs","@level":"debug","@line":37,"@message":"✅ Operations packed: result=3933416835","@module":"flavor::psp::format_2025::operations","@pid":11921,"@timestamp":"2026-03-31T20:29:04.469542Z"}
{"@file":"src/psp/format_2025/operations.rs","@level":"debug","@line":37,"@message":"✅ Operations packed: result=12252125","@module":"flavor::psp::format_2025::operations","@pid":11921,"@timestamp":"2026-03-31T20:29:04.469558Z"}
{"@file":"src/psp/format_2025/operations.rs","@level":"debug","@line":37,"@message":"✅ Operations packed: result=4832319804231590165","@module":"flavor::psp::format_2025::operations","@pid":11921,"@timestamp":"2026-03-31T20:29:04.469562Z"}
{"@file":"src/psp/format_2025/operations.rs","@level":"debug","@line":60,"@message":"✅ Operations unpacked: count=4 operations=[131, 45, 115, 234]","@module":"flavor::psp::format_2025::operations","@pid":11921,"@timestamp":"2026-03-31T20:29:04.469568Z"}
{"@file":"src/psp/format_2025/operations.rs","@level":"debug","@line":60,"@message":"✅ Operations unpacked: count=8 operations=[21, 33, 79, 92, 66, 217, 15, 67]","@module":"flavor::psp::format_2025::operations","@pid":11921,"@timestamp":"2026-03-31T20:29:04.469605Z"}
{"@file":"src/psp/format_2025/operations.rs","@level":"debug","@line":37,"@message":"✅ Operations packed: result=299617466169","@module":"flavor::psp::format_2025::operations","@pid":11921,"@timestamp":"2026-03-31T20:29:04.469620Z"}
{"@file":"src/psp/format_2025/operations.rs","@level":"debug","@line":37,"@message":"✅ Operations packed: result=148678051538864","@module":"flavor::psp::format_2025::operations","@pid":11921,"@timestamp":"2026-03-31T20:29:04.469640Z"}
{"@file":"src/psp/format_2025/operations.rs","@level":"debug","@line":60,"@message":"✅ Operations unpacked: count=8 operations=[188, 204, 138, 105, 203, 94, 235, 201]","@module":"flavor::psp::format_2025::operations","@pid":11921,"@timestamp":"2026-03-31T20:29:04.469653Z"}
{"@file":"src/psp/format_2025/operations.rs","@level":"debug","@line":60,"@message":"✅ Operations unpacked: count=6 operations=[176, 167, 114, 206, 56, 135]","@module":"flavor::psp::format_2025::operations","@pid":11921,"@timestamp":"2026-03-31T20:29:04.469665Z"}
{"@file":"src/psp/format_2025/operations.rs","@level":"debug","@line":37,"@message":"✅ Operations packed: result=14549827248892595388","@module":"flavor::psp::format_2025::operations","@pid":11921,"@timestamp":"2026-03-31T20:29:04.469674Z"}
{"@file":"src/psp/format_2025/operations.rs","@level":"debug","@line":37,"@message":"✅ Operations packed: result=6741855219339001968","@module":"flavor::psp::format_2025::operations","@pid":11921,"@timestamp":"2026-03-31T20:29:04.469676Z"}
{"@file":"src/psp/format_2025/operations.rs","@level":"debug","@line":60,"@message":"✅ Operations unpacked: count=8 operations=[188, 204, 138, 105, 203, 94, 235, 201]","@module":"flavor::psp::format_2025::operations","@pid":11921,"@timestamp":"2026-03-31T20:29:04.469693Z"}
{"@file":"src/psp/format_2025/operations.rs","@level":"debug","@line":37,"@message":"✅ Operations packed: result=184762980","@module":"flavor::psp::format_2025::operations","@pid":11921,"@timestamp":"2026-03-31T20:29:04.469713Z"}
{"@file":"src/psp/format_2025/operations.rs","@level":"debug","@line":60,"@message":"✅ Operations unpacked: count=4 operations=[100, 66, 3, 11]","@module":"flavor::psp::format_2025::operations","@pid":11921,"@timestamp":"2026-03-31T20:29:04.469733Z"}
{"@file":"src/psp/format_2025/operations.rs","@level":"debug","@line":37,"@message":"✅ Operations packed: result=15156182440903920778","@module":"flavor::psp::format_2025::operations","@pid":11921,"@timestamp":"2026-03-31T20:29:04.469734Z"}
{"@file":"src/psp/format_2025/operations.rs","@level":"debug","@line":60,"@message":"✅ Operations unpacked: count=8 operations=[185, 145, 153, 183, 240, 203, 121, 161]","@module":"flavor::psp::format_2025::operations","@pid":11921,"@timestamp":"2026-03-31T20:29:04.469745Z"}
{"@file":"src/psp/format_2025/operations.rs","@level":"debug","@line":37,"@message":"✅ Operations packed: result=11635555347021271481","@module":"flavor::psp::format_2025::operations","@pid":11921,"@timestamp":"2026-03-31T20:29:04.469772Z"}
{"@file":"src/psp/format_2025/operations.rs","@level":"debug","@line":37,"@message":"✅ Operations packed: result=36","@module":"flavor::psp::format_2025::operations","@pid":11921,"@timestamp":"2026-03-31T20:29:04.469781Z"}
{"@file":"src/psp/format_2025/operations.rs","@level":"debug","@line":60,"@message":"✅ Operations unpacked: count=8 operations=[185, 145, 153, 183, 240, 203, 121, 161]","@module":"flavor::psp::format_2025::operations","@pid":11921,"@timestamp":"2026-03-31T20:29:04.469791Z"}
{"@file":"src/psp/format_2025/operations.rs","@level":"debug","@line":60,"@message":"✅ Operations unpacked: count=1 operations=[36]","@module":"flavor::psp::format_2025::operations","@pid":11921,"@timestamp":"2026-03-31T20:29:04.469800Z"}
test psp::format_2025::operations::tests::prop_pack_high_bytes_zero ... ok
{"@file":"src/psp/format_2025/operations.rs","@level":"debug","@line":60,"@message":"✅ Operations unpacked: count=8 operations=[232, 253, 254, 198, 100, 87, 223, 5]","@module":"flavor::psp::format_2025::operations","@pid":11921,"@timestamp":"2026-03-31T20:29:04.469838Z"}
{"@file":"src/psp/format_2025/operations.rs","@level":"debug","@line":37,"@message":"✅ Operations packed: result=126","@module":"flavor::psp::format_2025::operations","@pid":11921,"@timestamp":"2026-03-31T20:29:04.469845Z"}
{"@file":"src/psp/format_2025/operations.rs","@level":"debug","@line":60,"@message":"✅ Operations unpacked: count=1 operations=[126]","@module":"flavor::psp::format_2025::operations","@pid":11921,"@timestamp":"2026-03-31T20:29:04.469876Z"}
{"@file":"src/psp/format_2025/operations.rs","@level":"debug","@line":37,"@message":"✅ Operations packed: result=423152980343061992","@module":"flavor::psp::format_2025::operations","@pid":11921,"@timestamp":"2026-03-31T20:29:04.469866Z"}
{"@file":"src/psp/format_2025/operations.rs","@level":"debug","@line":60,"@message":"✅ Operations unpacked: count=8 operations=[232, 253, 254, 198, 100, 87, 223, 5]","@module":"flavor::psp::format_2025::operations","@pid":11921,"@timestamp":"2026-03-31T20:29:04.469910Z"}
{"@file":"src/psp/format_2025/operations.rs","@level":"debug","@line":37,"@message":"✅ Operations packed: result=2164459083","@module":"flavor::psp::format_2025::operations","@pid":11921,"@timestamp":"2026-03-31T20:29:04.469923Z"}
{"@file":"src/psp/format_2025/operations.rs","@level":"debug","@line":60,"@message":"✅ Operations unpacked: count=4 operations=[75, 6, 3, 129]","@module":"flavor::psp::format_2025::operations","@pid":11921,"@timestamp":"2026-03-31T20:29:04.469952Z"}
{"@file":"src/psp/format_2025/operations.rs","@level":"debug","@line":60,"@message":"✅ Operations unpacked: count=8 operations=[36, 126, 48, 31, 2, 144, 86, 5]","@module":"flavor::psp::format_2025::operations","@pid":11921,"@timestamp":"2026-03-31T20:29:04.469960Z"}
{"@file":"src/psp/format_2025/operations.rs","@level":"debug","@line":37,"@message":"✅ Operations packed: result=384653156974362148","@module":"flavor::psp::format_2025::operations","@pid":11921,"@timestamp":"2026-03-31T20:29:04.469987Z"}
{"@file":"src/psp/format_2025/operations.rs","@level":"debug","@line":37,"@message":"✅ Operations packed: result=2469124413","@module":"flavor::psp::format_2025::operations","@pid":11921,"@timestamp":"2026-03-31T20:29:04.470000Z"}
{"@file":"src/psp/format_2025/operations.rs","@level":"debug","@line":60,"@message":"✅ Operations unpacked: count=8 operations=[36, 126, 48, 31, 2, 144, 86, 5]","@module":"flavor::psp::format_2025::operations","@pid":11921,"@timestamp":"2026-03-31T20:29:04.470006Z"}
{"@file":"src/psp/format_2025/operations.rs","@level":"debug","@line":60,"@message":"✅ Operations unpacked: count=4 operations=[61, 217, 43, 147]","@module":"flavor::psp::format_2025::operations","@pid":11921,"@timestamp":"2026-03-31T20:29:04.470036Z"}
{"@file":"src/psp/format_2025/operations.rs","@level":"debug","@line":60,"@message":"✅ Operations unpacked: count=8 operations=[110, 187, 222, 49, 39, 90, 61, 3]","@module":"flavor::psp::format_2025::operations","@pid":11921,"@timestamp":"2026-03-31T20:29:04.470080Z"}
{"@file":"src/psp/format_2025/operations.rs","@level":"debug","@line":37,"@message":"✅ Operations packed: result=67996155683175","@module":"flavor::psp::format_2025::operations","@pid":11921,"@timestamp":"2026-03-31T20:29:04.470091Z"}
{"@file":"src/psp/format_2025/operations.rs","@level":"debug","@line":37,"@message":"✅ Operations packed: result=233441880080038766","@module":"flavor::psp::format_2025::operations","@pid":11921,"@timestamp":"2026-03-31T20:29:04.470113Z"}
{"@file":"src/psp/format_2025/operations.rs","@level":"debug","@line":60,"@message":"✅ Operations unpacked: count=6 operations=[103, 161, 180, 150, 215, 61]","@module":"flavor::psp::format_2025::operations","@pid":11921,"@timestamp":"2026-03-31T20:29:04.470126Z"}
{"@file":"src/psp/format_2025/operations.rs","@level":"debug","@line":60,"@message":"✅ Operations unpacked: count=8 operations=[110, 187, 222, 49, 39, 90, 61, 3]","@module":"flavor::psp::format_2025::operations","@pid":11921,"@timestamp":"2026-03-31T20:29:04.470139Z"}
{"@file":"src/psp/format_2025/operations.rs","@level":"debug","@line":37,"@message":"✅ Operations packed: result=6458176712433346818","@module":"flavor::psp::format_2025::operations","@pid":11921,"@timestamp":"2026-03-31T20:29:04.470183Z"}
{"@file":"src/psp/format_2025/operations.rs","@level":"debug","@line":60,"@message":"✅ Operations unpacked: count=8 operations=[229, 176, 241, 152, 189, 78, 229, 62]","@module":"flavor::psp::format_2025::operations","@pid":11921,"@timestamp":"2026-03-31T20:29:04.470195Z"}
{"@file":"src/psp/format_2025/operations.rs","@level":"debug","@line":60,"@message":"✅ Operations unpacked: count=8 operations=[2, 41, 74, 201, 128, 13, 160, 89]","@module":"flavor::psp::format_2025::operations","@pid":11921,"@timestamp":"2026-03-31T20:29:04.470210Z"}
{"@file":"src/psp/format_2025/operations.rs","@level":"debug","@line":37,"@message":"✅ Operations packed: result=4532115176240034021","@module":"flavor::psp::format_2025::operations","@pid":11921,"@timestamp":"2026-03-31T20:29:04.470222Z"}
{"@file":"src/psp/format_2025/operations.rs","@level":"debug","@line":60,"@message":"✅ Operations unpacked: count=8 operations=[229, 176, 241, 152, 189, 78, 229, 62]","@module":"flavor::psp::format_2025::operations","@pid":11921,"@timestamp":"2026-03-31T20:29:04.470249Z"}
{"@file":"src/psp/format_2025/operations.rs","@level":"debug","@line":37,"@message":"✅ Operations packed: result=210","@module":"flavor::psp::format_2025::operations","@pid":11921,"@timestamp":"2026-03-31T20:29:04.470265Z"}
{"@file":"src/psp/format_2025/operations.rs","@level":"debug","@line":60,"@message":"✅ Operations unpacked: count=1 operations=[210]","@module":"flavor::psp::format_2025::operations","@pid":11921,"@timestamp":"2026-03-31T20:29:04.470290Z"}
{"@file":"src/psp/format_2025/operations.rs","@level":"debug","@line":60,"@message":"✅ Operations unpacked: count=8 operations=[47, 138, 94, 178, 171, 129, 244, 108]","@module":"flavor::psp::format_2025::operations","@pid":11921,"@timestamp":"2026-03-31T20:29:04.470312Z"}
{"@file":"src/psp/format_2025/operations.rs","@level":"debug","@line":37,"@message":"✅ Operations packed: result=7851042624845548079","@module":"flavor::psp::format_2025::operations","@pid":11921,"@timestamp":"2026-03-31T20:29:04.470332Z"}
{"@file":"src/psp/format_2025/operations.rs","@level":"debug","@line":37,"@message":"✅ Operations packed: result=14284177285958029868","@module":"flavor::psp::format_2025::operations","@pid":11921,"@timestamp":"2026-03-31T20:29:04.470337Z"}
{"@file":"src/psp/format_2025/operations.rs","@level":"debug","@line":60,"@message":"✅ Operations unpacked: count=8 operations=[47, 138, 94, 178, 171, 129, 244, 108]","@module":"flavor::psp::format_2025::operations","@pid":11921,"@timestamp":"2026-03-31T20:29:04.470350Z"}
{"@file":"src/psp/format_2025/operations.rs","@level":"debug","@line":60,"@message":"✅ Operations unpacked: count=8 operations=[44, 82, 59, 142, 143, 151, 59, 198]","@module":"flavor::psp::format_2025::operations","@pid":11921,"@timestamp":"2026-03-31T20:29:04.470356Z"}
{"@file":"src/psp/format_2025/operations.rs","@level":"debug","@line":60,"@message":"✅ Operations unpacked: count=8 operations=[130, 38, 127, 236, 74, 240, 174, 10]","@module":"flavor::psp::format_2025::operations","@pid":11921,"@timestamp":"2026-03-31T20:29:04.470396Z"}
{"@file":"src/psp/format_2025/operations.rs","@level":"debug","@line":37,"@message":"✅ Operations packed: result=41027","@module":"flavor::psp::format_2025::operations","@pid":11921,"@timestamp":"2026-03-31T20:29:04.470402Z"}
{"@file":"src/psp/format_2025/operations.rs","@level":"debug","@line":60,"@message":"✅ Operations unpacked: count=2 operations=[67, 160]","@module":"flavor::psp::format_2025::operations","@pid":11921,"@timestamp":"2026-03-31T20:29:04.470447Z"}
{"@file":"src/psp/format_2025/operations.rs","@level":"debug","@line":37,"@message":"✅ Operations packed: result=769816790912935554","@module":"flavor::psp::format_2025::operations","@pid":11921,"@timestamp":"2026-03-31T20:29:04.470418Z"}
{"@file":"src/psp/format_2025/operations.rs","@level":"debug","@line":37,"@message":"✅ Operations packed: result=3031031551","@module":"flavor::psp::format_2025::operations","@pid":11921,"@timestamp":"2026-03-31T20:29:04.470495Z"}
{"@file":"src/psp/format_2025/operations.rs","@level":"debug","@line":60,"@message":"✅ Operations unpacked: count=8 operations=[130, 38, 127, 236, 74, 240, 174, 10]","@module":"flavor::psp::format_2025::operations","@pid":11921,"@timestamp":"2026-03-31T20:29:04.470533Z"}
{"@file":"src/psp/format_2025/operations.rs","@level":"debug","@line":60,"@message":"✅ Operations unpacked: count=4 operations=[255, 222, 169, 180]","@module":"flavor::psp::format_2025::operations","@pid":11921,"@timestamp":"2026-03-31T20:29:04.470543Z"}
{"@file":"src/psp/format_2025/operations.rs","@level":"debug","@line":60,"@message":"✅ Operations unpacked: count=8 operations=[102, 246, 61, 203, 252, 206, 39, 221]","@module":"flavor::psp::format_2025::operations","@pid":11921,"@timestamp":"2026-03-31T20:29:04.470584Z"}
{"@file":"src/psp/format_2025/operations.rs","@level":"debug","@line":37,"@message":"✅ Operations packed: result=10217068626829126150","@module":"flavor::psp::format_2025::operations","@pid":11921,"@timestamp":"2026-03-31T20:29:04.470594Z"}
{"@file":"src/psp/format_2025/operations.rs","@level":"debug","@line":37,"@message":"✅ Operations packed: result=15935933391610705510","@module":"flavor::psp::format_2025::operations","@pid":11921,"@timestamp":"2026-03-31T20:29:04.470605Z"}
{"@file":"src/psp/format_2025/operations.rs","@level":"debug","@line":60,"@message":"✅ Operations unpacked: count=8 operations=[6, 42, 240, 163, 200, 81, 202, 141]","@module":"flavor::psp::format_2025::operations","@pid":11921,"@timestamp":"2026-03-31T20:29:04.470612Z"}
{"@file":"src/psp/format_2025/operations.rs","@level":"debug","@line":60,"@message":"✅ Operations unpacked: count=8 operations=[102, 246, 61, 203, 252, 206, 39, 221]","@module":"flavor::psp::format_2025::operations","@pid":11921,"@timestamp":"2026-03-31T20:29:04.470625Z"}
{"@file":"src/psp/format_2025/operations.rs","@level":"debug","@line":37,"@message":"✅ Operations packed: result=984619287235","@module":"flavor::psp::format_2025::operations","@pid":11921,"@timestamp":"2026-03-31T20:29:04.470659Z"}
{"@file":"src/psp/format_2025/operations.rs","@level":"debug","@line":60,"@message":"✅ Operations unpacked: count=8 operations=[30, 225, 23, 132, 171, 27, 132, 119]","@module":"flavor::psp::format_2025::operations","@pid":11921,"@timestamp":"2026-03-31T20:29:04.470671Z"}
{"@file":"src/psp/format_2025/operations.rs","@level":"debug","@line":60,"@message":"✅ Operations unpacked: count=5 operations=[195, 2, 226, 63, 229]","@module":"flavor::psp::format_2025::operations","@pid":11921,"@timestamp":"2026-03-31T20:29:04.470678Z"}
{"@file":"src/psp/format_2025/operations.rs","@level":"debug","@line":37,"@message":"✅ Operations packed: result=8612038810908746014","@module":"flavor::psp::format_2025::operations","@pid":11921,"@timestamp":"2026-03-31T20:29:04.470691Z"}
{"@file":"src/psp/format_2025/operations.rs","@level":"debug","@line":60,"@message":"✅ Operations unpacked: count=8 operations=[30, 225, 23, 132, 171, 27, 132, 119]","@module":"flavor::psp::format_2025::operations","@pid":11921,"@timestamp":"2026-03-31T20:29:04.470713Z"}
{"@file":"src/psp/format_2025/operations.rs","@level":"debug","@line":37,"@message":"✅ Operations packed: result=223","@module":"flavor::psp::format_2025::operations","@pid":11921,"@timestamp":"2026-03-31T20:29:04.470723Z"}
{"@file":"src/psp/format_2025/operations.rs","@level":"debug","@line":60,"@message":"✅ Operations unpacked: count=1 operations=[223]","@module":"flavor::psp::format_2025::operations","@pid":11921,"@timestamp":"2026-03-31T20:29:04.470741Z"}
{"@file":"src/psp/format_2025/operations.rs","@level":"debug","@line":60,"@message":"✅ Operations unpacked: count=8 operations=[254, 186, 144, 54, 165, 84, 94, 27]","@module":"flavor::psp::format_2025::operations","@pid":11921,"@timestamp":"2026-03-31T20:29:04.470759Z"}
{"@file":"src/psp/format_2025/operations.rs","@level":"debug","@line":37,"@message":"✅ Operations packed: result=1972106755396647678","@module":"flavor::psp::format_2025::operations","@pid":11921,"@timestamp":"2026-03-31T20:29:04.470779Z"}
{"@file":"src/psp/format_2025/operations.rs","@level":"debug","@line":37,"@message":"✅ Operations packed: result=11041644503194100017","@module":"flavor::psp::format_2025::operations","@pid":11921,"@timestamp":"2026-03-31T20:29:04.470787Z"}
{"@file":"src/psp/format_2025/operations.rs","@level":"debug","@line":60,"@message":"✅ Operations unpacked: count=8 operations=[254, 186, 144, 54, 165, 84, 94, 27]","@module":"flavor::psp::format_2025::operations","@pid":11921,"@timestamp":"2026-03-31T20:29:04.470796Z"}
{"@file":"src/psp/format_2025/operations.rs","@level":"debug","@line":60,"@message":"✅ Operations unpacked: count=8 operations=[49, 97, 7, 173, 44, 205, 59, 153]","@module":"flavor::psp::format_2025::operations","@pid":11921,"@timestamp":"2026-03-31T20:29:04.470805Z"}
{"@file":"src/psp/format_2025/operations.rs","@level":"debug","@line":60,"@message":"✅ Operations unpacked: count=8 operations=[178, 125, 126, 75, 55, 133, 130, 185]","@module":"flavor::psp::format_2025::operations","@pid":11921,"@timestamp":"2026-03-31T20:29:04.470842Z"}
{"@file":"src/psp/format_2025/operations.rs","@level":"debug","@line":37,"@message":"✅ Operations packed: result=71","@module":"flavor::psp::format_2025::operations","@pid":11921,"@timestamp":"2026-03-31T20:29:04.470852Z"}
{"@file":"src/psp/format_2025/operations.rs","@level":"debug","@line":37,"@message":"✅ Operations packed: result=13367393116525329842","@module":"flavor::psp::format_2025::operations","@pid":11921,"@timestamp":"2026-03-31T20:29:04.470862Z"}
{"@file":"src/psp/format_2025/operations.rs","@level":"debug","@line":60,"@message":"✅ Operations unpacked: count=1 operations=[71]","@module":"flavor::psp::format_2025::operations","@pid":11921,"@timestamp":"2026-03-31T20:29:04.470870Z"}
{"@file":"src/psp/format_2025/operations.rs","@level":"debug","@line":60,"@message":"✅ Operations unpacked: count=8 operations=[178, 125, 126, 75, 55, 133, 130, 185]","@module":"flavor::psp::format_2025::operations","@pid":11921,"@timestamp":"2026-03-31T20:29:04.470879Z"}
{"@file":"src/psp/format_2025/operations.rs","@level":"debug","@line":37,"@message":"✅ Operations packed: result=154","@module":"flavor::psp::format_2025::operations","@pid":11921,"@timestamp":"2026-03-31T20:29:04.470915Z"}
{"@file":"src/psp/format_2025/operations.rs","@level":"debug","@line":60,"@message":"✅ Operations unpacked: count=8 operations=[198, 211, 141, 196, 21, 158, 189, 20]","@module":"flavor::psp::format_2025::operations","@pid":11921,"@timestamp":"2026-03-31T20:29:04.470925Z"}
{"@file":"src/psp/format_2025/operations.rs","@level":"debug","@line":60,"@message":"✅ Operations unpacked: count=1 operations=[154]","@module":"flavor::psp::format_2025::operations","@pid":11921,"@timestamp":"2026-03-31T20:29:04.470934Z"}
{"@file":"src/psp/format_2025/operations.rs","@level":"debug","@line":37,"@message":"✅ Operations packed: result=1494524467686003654","@module":"flavor::psp::format_2025::operations","@pid":11921,"@timestamp":"2026-03-31T20:29:04.470950Z"}
{"@file":"src/psp/format_2025/operations.rs","@level":"debug","@line":60,"@message":"✅ Operations unpacked: count=8 operations=[198, 211, 141, 196, 21, 158, 189, 20]","@module":"flavor::psp::format_2025::operations","@pid":11921,"@timestamp":"2026-03-31T20:29:04.470986Z"}
{"@file":"src/psp/format_2025/operations.rs","@level":"debug","@line":37,"@message":"✅ Operations packed: result=37679","@module":"flavor::psp::format_2025::operations","@pid":11921,"@timestamp":"2026-03-31T20:29:04.471015Z"}
{"@file":"src/psp/format_2025/operations.rs","@level":"debug","@line":60,"@message":"✅ Operations unpacked: count=2 operations=[47, 147]","@module":"flavor::psp::format_2025::operations","@pid":11921,"@timestamp":"2026-03-31T20:29:04.471034Z"}
{"@file":"src/psp/format_2025/operations.rs","@level":"debug","@line":60,"@message":"✅ Operations unpacked: count=8 operations=[193, 203, 20, 130, 45, 243, 170, 210]","@module":"flavor::psp::format_2025::operations","@pid":11921,"@timestamp":"2026-03-31T20:29:04.471035Z"}
{"@file":"src/psp/format_2025/operations.rs","@level":"debug","@line":37,"@message":"✅ Operations packed: result=15180212870787156929","@module":"flavor::psp::format_2025::operations","@pid":11921,"@timestamp":"2026-03-31T20:29:04.471072Z"}
{"@file":"src/psp/format_2025/operations.rs","@level":"debug","@line":37,"@message":"✅ Operations packed: result=0","@module":"flavor::psp::format_2025::operations","@pid":11921,"@timestamp":"2026-03-31T20:29:04.471081Z"}
{"@file":"src/psp/format_2025/operations.rs","@level":"debug","@line":60,"@message":"✅ Operations unpacked: count=8 operations=[193, 203, 20, 130, 45, 243, 170, 210]","@module":"flavor::psp::format_2025::operations","@pid":11921,"@timestamp":"2026-03-31T20:29:04.471094Z"}
{"@file":"src/psp/format_2025/operations.rs","@level":"debug","@line":60,"@message":"✅ Operations unpacked: count=0 operations=[]","@module":"flavor::psp::format_2025::operations","@pid":11921,"@timestamp":"2026-03-31T20:29:04.471108Z"}
{"@file":"src/psp/format_2025/operations.rs","@level":"debug","@line":60,"@message":"✅ Operations unpacked: count=8 operations=[82, 1, 120, 232, 51, 212, 29, 241]","@module":"flavor::psp::format_2025::operations","@pid":11921,"@timestamp":"2026-03-31T20:29:04.471150Z"}
{"@file":"src/psp/format_2025/operations.rs","@level":"debug","@line":37,"@message":"✅ Operations packed: result=0","@module":"flavor::psp::format_2025::operations","@pid":11921,"@timestamp":"2026-03-31T20:29:04.471161Z"}
{"@file":"src/psp/format_2025/operations.rs","@level":"debug","@line":37,"@message":"✅ Operations packed: result=17374276256873840978","@module":"flavor::psp::format_2025::operations","@pid":11921,"@timestamp":"2026-03-31T20:29:04.471189Z"}
{"@file":"src/psp/format_2025/operations.rs","@level":"debug","@line":60,"@message":"✅ Operations unpacked: count=0 operations=[]","@module":"flavor::psp::format_2025::operations","@pid":11921,"@timestamp":"2026-03-31T20:29:04.471202Z"}
{"@file":"src/psp/format_2025/operations.rs","@level":"debug","@line":60,"@message":"✅ Operations unpacked: count=8 operations=[82, 1, 120, 232, 51, 212, 29, 241]","@module":"flavor::psp::format_2025::operations","@pid":11921,"@timestamp":"2026-03-31T20:29:04.471212Z"}
{"@file":"src/psp/format_2025/operations.rs","@level":"debug","@line":37,"@message":"✅ Operations packed: result=81992058167929","@module":"flavor::psp::format_2025::operations","@pid":11921,"@timestamp":"2026-03-31T20:29:04.471259Z"}
{"@file":"src/psp/format_2025/operations.rs","@level":"debug","@line":60,"@message":"✅ Operations unpacked: count=8 operations=[27, 203, 250, 2, 236, 141, 212, 122]","@module":"flavor::psp::format_2025::operations","@pid":11921,"@timestamp":"2026-03-31T20:29:04.471267Z"}
{"@file":"src/psp/format_2025/operations.rs","@level":"debug","@line":60,"@message":"✅ Operations unpacked: count=6 operations=[121, 98, 128, 67, 146, 74]","@module":"flavor::psp::format_2025::operations","@pid":11921,"@timestamp":"2026-03-31T20:29:04.471286Z"}
{"@file":"src/psp/format_2025/operations.rs","@level":"debug","@line":37,"@message":"✅ Operations packed: result=8850855212491655963","@module":"flavor::psp::format_2025::operations","@pid":11921,"@timestamp":"2026-03-31T20:29:04.471294Z"}
{"@file":"src/psp/format_2025/operations.rs","@level":"debug","@line":60,"@message":"✅ Operations unpacked: count=8 operations=[27, 203, 250, 2, 236, 141, 212, 122]","@module":"flavor::psp::format_2025::operations","@pid":11921,"@timestamp":"2026-03-31T20:29:04.471338Z"}
{"@file":"src/psp/format_2025/operations.rs","@level":"debug","@line":37,"@message":"✅ Operations packed: result=683117348647372418","@module":"flavor::psp::format_2025::operations","@pid":11921,"@timestamp":"2026-03-31T20:29:04.471346Z"}
{"@file":"src/psp/format_2025/operations.rs","@level":"debug","@line":60,"@message":"✅ Operations unpacked: count=8 operations=[130, 134, 8, 250, 155, 235, 122, 9]","@module":"flavor::psp::format_2025::operations","@pid":11921,"@timestamp":"2026-03-31T20:29:04.471372Z"}
{"@file":"src/psp/format_2025/operations.rs","@level":"debug","@line":60,"@message":"✅ Operations unpacked: count=8 operations=[17, 7, 157, 5, 198, 239, 224, 186]","@module":"flavor::psp::format_2025::operations","@pid":11921,"@timestamp":"2026-03-31T20:29:04.471390Z"}
{"@file":"src/psp/format_2025/operations.rs","@level":"debug","@line":37,"@message":"✅ Operations packed: result=13466026519614523153","@module":"flavor::psp::format_2025::operations","@pid":11921,"@timestamp":"2026-03-31T20:29:04.471417Z"}
{"@file":"src/psp/format_2025/operations.rs","@level":"debug","@line":60,"@message":"✅ Operations unpacked: count=8 operations=[17, 7, 157, 5, 198, 239, 224, 186]","@module":"flavor::psp::format_2025::operations","@pid":11921,"@timestamp":"2026-03-31T20:29:04.471436Z"}
{"@file":"src/psp/format_2025/operations.rs","@level":"debug","@line":37,"@message":"✅ Operations packed: result=14869298196304297825","@module":"flavor::psp::format_2025::operations","@pid":11921,"@timestamp":"2026-03-31T20:29:04.471443Z"}
{"@file":"src/psp/format_2025/operations.rs","@level":"debug","@line":60,"@message":"✅ Operations unpacked: count=8 operations=[97, 255, 18, 186, 237, 91, 90, 206]","@module":"flavor::psp::format_2025::operations","@pid":11921,"@timestamp":"2026-03-31T20:29:04.471463Z"}
{"@file":"src/psp/format_2025/operations.rs","@level":"debug","@line":60,"@message":"✅ Operations unpacked: count=8 operations=[19, 8, 153, 58, 109, 44, 211, 143]","@module":"flavor::psp::format_2025::operations","@pid":11921,"@timestamp":"2026-03-31T20:29:04.471480Z"}
{"@file":"src/psp/format_2025/operations.rs","@level":"debug","@line":37,"@message":"✅ Operations packed: result=10363676015155808275","@module":"flavor::psp::format_2025::operations","@pid":11921,"@timestamp":"2026-03-31T20:29:04.471500Z"}
{"@file":"src/psp/format_2025/operations.rs","@level":"debug","@line":37,"@message":"✅ Operations packed: result=620867","@module":"flavor::psp::format_2025::operations","@pid":11921,"@timestamp":"2026-03-31T20:29:04.471509Z"}
{"@file":"src/psp/format_2025/operations.rs","@level":"debug","@line":60,"@message":"✅ Operations unpacked: count=8 operations=[19, 8, 153, 58, 109, 44, 211, 143]","@module":"flavor::psp::format_2025::operations","@pid":11921,"@timestamp":"2026-03-31T20:29:04.471517Z"}
{"@file":"src/psp/format_2025/operations.rs","@level":"debug","@line":60,"@message":"✅ Operations unpacked: count=3 operations=[67, 121, 9]","@module":"flavor::psp::format_2025::operations","@pid":11921,"@timestamp":"2026-03-31T20:29:04.471527Z"}
{"@file":"src/psp/format_2025/operations.rs","@level":"debug","@line":60,"@message":"✅ Operations unpacked: count=8 operations=[135, 15, 24, 113, 54, 249, 165, 121]","@module":"flavor::psp::format_2025::operations","@pid":11921,"@timestamp":"2026-03-31T20:29:04.471563Z"}
{"@file":"src/psp/format_2025/operations.rs","@level":"debug","@line":37,"@message":"✅ Operations packed: result=177","@module":"flavor::psp::format_2025::operations","@pid":11921,"@timestamp":"2026-03-31T20:29:04.471573Z"}
{"@file":"src/psp/format_2025/operations.rs","@level":"debug","@line":37,"@message":"✅ Operations packed: result=8765686261967490951","@module":"flavor::psp::format_2025::operations","@pid":11921,"@timestamp":"2026-03-31T20:29:04.471582Z"}
{"@file":"src/psp/format_2025/operations.rs","@level":"debug","@line":60,"@message":"✅ Operations unpacked: count=1 operations=[177]","@module":"flavor::psp::format_2025::operations","@pid":11921,"@timestamp":"2026-03-31T20:29:04.471591Z"}
{"@file":"src/psp/format_2025/operations.rs","@level":"debug","@line":60,"@message":"✅ Operations unpacked: count=8 operations=[135, 15, 24, 113, 54, 249, 165, 121]","@module":"flavor::psp::format_2025::operations","@pid":11921,"@timestamp":"2026-03-31T20:29:04.471600Z"}
{"@file":"src/psp/format_2025/operations.rs","@level":"debug","@line":37,"@message":"✅ Operations packed: result=1015218958415","@module":"flavor::psp::format_2025::operations","@pid":11921,"@timestamp":"2026-03-31T20:29:04.471637Z"}
{"@file":"src/psp/format_2025/operations.rs","@level":"debug","@line":60,"@message":"✅ Operations unpacked: count=8 operations=[67, 120, 233, 51, 122, 176, 3, 223]","@module":"flavor::psp::format_2025::operations","@pid":11921,"@timestamp":"2026-03-31T20:29:04.471646Z"}
{"@file":"src/psp/format_2025/operations.rs","@level":"debug","@line":60,"@message":"✅ Operations unpacked: count=5 operations=[79, 240, 195, 95, 236]","@module":"flavor::psp::format_2025::operations","@pid":11921,"@timestamp":"2026-03-31T20:29:04.471655Z"}
{"@file":"src/psp/format_2025/operations.rs","@level":"debug","@line":37,"@message":"✅ Operations packed: result=16069881934291499075","@module":"flavor::psp::format_2025::operations","@pid":11921,"@timestamp":"2026-03-31T20:29:04.471665Z"}
{"@file":"src/psp/format_2025/operations.rs","@level":"debug","@line":60,"@message":"✅ Operations unpacked: count=8 operations=[67, 120, 233, 51, 122, 176, 3, 223]","@module":"flavor::psp::format_2025::operations","@pid":11921,"@timestamp":"2026-03-31T20:29:04.471683Z"}
{"@file":"src/psp/format_2025/operations.rs","@level":"debug","@line":37,"@message":"✅ Operations packed: result=2451009444","@module":"flavor::psp::format_2025::operations","@pid":11921,"@timestamp":"2026-03-31T20:29:04.471702Z"}
{"@file":"src/psp/format_2025/operations.rs","@level":"debug","@line":60,"@message":"✅ Operations unpacked: count=4 operations=[164, 111, 23, 146]","@module":"flavor::psp::format_2025::operations","@pid":11921,"@timestamp":"2026-03-31T20:29:04.471720Z"}
{"@file":"src/psp/format_2025/operations.rs","@level":"debug","@line":60,"@message":"✅ Operations unpacked: count=4 operations=[4, 33, 39, 45]","@module":"flavor::psp::format_2025::operations","@pid":11921,"@timestamp":"2026-03-31T20:29:04.471727Z"}
{"@file":"src/psp/format_2025/operations.rs","@level":"debug","@line":37,"@message":"✅ Operations packed: result=757539076","@module":"flavor::psp::format_2025::operations","@pid":11921,"@timestamp":"2026-03-31T20:29:04.471745Z"}
{"@file":"src/psp/format_2025/operations.rs","@level":"debug","@line":60,"@message":"✅ Operations unpacked: count=4 operations=[4, 33, 39, 45]","@module":"flavor::psp::format_2025::operations","@pid":11921,"@timestamp":"2026-03-31T20:29:04.471762Z"}
{"@file":"src/psp/format_2025/operations.rs","@level":"debug","@line":37,"@message":"✅ Operations packed: result=55716","@module":"flavor::psp::format_2025::operations","@pid":11921,"@timestamp":"2026-03-31T20:29:04.471765Z"}
{"@file":"src/psp/format_2025/operations.rs","@level":"debug","@line":60,"@message":"✅ Operations unpacked: count=2 operations=[164, 217]","@module":"flavor::psp::format_2025::operations","@pid":11921,"@timestamp":"2026-03-31T20:29:04.471800Z"}
{"@file":"src/psp/format_2025/operations.rs","@level":"debug","@line":60,"@message":"✅ Operations unpacked: count=8 operations=[187, 167, 223, 188, 167, 94, 49, 232]","@module":"flavor::psp::format_2025::operations","@pid":11921,"@timestamp":"2026-03-31T20:29:04.471810Z"}
{"@file":"src/psp/format_2025/operations.rs","@level":"debug","@line":37,"@message":"✅ Operations packed: result=16731258165179426747","@module":"flavor::psp::format_2025::operations","@pid":11921,"@timestamp":"2026-03-31T20:29:04.471838Z"}
{"@file":"src/psp/format_2025/operations.rs","@level":"debug","@line":37,"@message":"✅ Operations packed: result=4421088","@module":"flavor::psp::format_2025::operations","@pid":11921,"@timestamp":"2026-03-31T20:29:04.471853Z"}
{"@file":"src/psp/format_2025/operations.rs","@level":"debug","@line":60,"@message":"✅ Operations unpacked: count=8 operations=[187, 167, 223, 188, 167, 94, 49, 232]","@module":"flavor::psp::format_2025::operations","@pid":11921,"@timestamp":"2026-03-31T20:29:04.471857Z"}
{"@file":"src/psp/format_2025/operations.rs","@level":"debug","@line":60,"@message":"✅ Operations unpacked: count=3 operations=[224, 117, 67]","@module":"flavor::psp::format_2025::operations","@pid":11921,"@timestamp":"2026-03-31T20:29:04.471885Z"}
{"@file":"src/psp/format_2025/operations.rs","@level":"debug","@line":60,"@message":"✅ Operations unpacked: count=8 operations=[78, 148, 115, 244, 102, 1, 29, 148]","@module":"flavor::psp::format_2025::operations","@pid":11921,"@timestamp":"2026-03-31T20:29:04.471927Z"}
{"@file":"src/psp/format_2025/operations.rs","@level":"debug","@line":37,"@message":"✅ Operations packed: result=0","@module":"flavor::psp::format_2025::operations","@pid":11921,"@timestamp":"2026-03-31T20:29:04.471933Z"}
{"@file":"src/psp/format_2025/operations.rs","@level":"debug","@line":37,"@message":"✅ Operations packed: result=10672688233637450830","@module":"flavor::psp::format_2025::operations","@pid":11921,"@timestamp":"2026-03-31T20:29:04.471953Z"}
{"@file":"src/psp/format_2025/operations.rs","@level":"debug","@line":60,"@message":"✅ Operations unpacked: count=0 operations=[]","@module":"flavor::psp::format_2025::operations","@pid":11921,"@timestamp":"2026-03-31T20:29:04.471958Z"}
{"@file":"src/psp/format_2025/operations.rs","@level":"debug","@line":60,"@message":"✅ Operations unpacked: count=8 operations=[78, 148, 115, 244, 102, 1, 29, 148]","@module":"flavor::psp::format_2025::operations","@pid":11921,"@timestamp":"2026-03-31T20:29:04.471975Z"}
{"@file":"src/psp/format_2025/operations.rs","@level":"debug","@line":37,"@message":"✅ Operations packed: result=45671410278451642","@module":"flavor::psp::format_2025::operations","@pid":11921,"@timestamp":"2026-03-31T20:29:04.472012Z"}
{"@file":"src/psp/format_2025/operations.rs","@level":"debug","@line":60,"@message":"✅ Operations unpacked: count=8 operations=[40, 141, 212, 12, 122, 67, 15, 194]","@module":"flavor::psp::format_2025::operations","@pid":11921,"@timestamp":"2026-03-31T20:29:04.472022Z"}
{"@file":"src/psp/format_2025/operations.rs","@level":"debug","@line":60,"@message":"✅ Operations unpacked: count=7 operations=[186, 201, 9, 218, 231, 65, 162]","@module":"flavor::psp::format_2025::operations","@pid":11921,"@timestamp":"2026-03-31T20:29:04.472032Z"}
{"@file":"src/psp/format_2025/operations.rs","@level":"debug","@line":37,"@message":"✅ Operations packed: result=13983469559489006888","@module":"flavor::psp::format_2025::operations","@pid":11921,"@timestamp":"2026-03-31T20:29:04.472042Z"}
{"@file":"src/psp/format_2025/operations.rs","@level":"debug","@line":60,"@message":"✅ Operations unpacked: count=8 operations=[40, 141, 212, 12, 122, 67, 15, 194]","@module":"flavor::psp::format_2025::operations","@pid":11921,"@timestamp":"2026-03-31T20:29:04.472061Z"}
{"@file":"src/psp/format_2025/operations.rs","@level":"debug","@line":37,"@message":"✅ Operations packed: result=43675861219557079","@module":"flavor::psp::format_2025::operations","@pid":11921,"@timestamp":"2026-03-31T20:29:04.472079Z"}
{"@file":"src/psp/format_2025/operations.rs","@level":"debug","@line":60,"@message":"✅ Operations unpacked: count=7 operations=[215, 62, 64, 225, 246, 42, 155]","@module":"flavor::psp::format_2025::operations","@pid":11921,"@timestamp":"2026-03-31T20:29:04.472100Z"}
{"@file":"src/psp/format_2025/operations.rs","@level":"debug","@line":60,"@message":"✅ Operations unpacked: count=8 operations=[33, 189, 12, 124, 248, 224, 154, 114]","@module":"flavor::psp::format_2025::operations","@pid":11921,"@timestamp":"2026-03-31T20:29:04.472107Z"}
{"@file":"src/psp/format_2025/operations.rs","@level":"debug","@line":37,"@message":"✅ Operations packed: result=8258160224574946593","@module":"flavor::psp::format_2025::operations","@pid":11921,"@timestamp":"2026-03-31T20:29:04.472126Z"}
{"@file":"src/psp/format_2025/operations.rs","@level":"debug","@line":60,"@message":"✅ Operations unpacked: count=8 operations=[33, 189, 12, 124, 248, 224, 154, 114]","@module":"flavor::psp::format_2025::operations","@pid":11921,"@timestamp":"2026-03-31T20:29:04.472144Z"}
{"@file":"src/psp/format_2025/operations.rs","@level":"debug","@line":37,"@message":"✅ Operations packed: result=0","@module":"flavor::psp::format_2025::operations","@pid":11921,"@timestamp":"2026-03-31T20:29:04.472146Z"}
{"@file":"src/psp/format_2025/operations.rs","@level":"debug","@line":60,"@message":"✅ Operations unpacked: count=0 operations=[]","@module":"flavor::psp::format_2025::operations","@pid":11921,"@timestamp":"2026-03-31T20:29:04.472181Z"}
{"@file":"src/psp/format_2025/operations.rs","@level":"debug","@line":60,"@message":"✅ Operations unpacked: count=8 operations=[193, 224, 99, 103, 79, 243, 64, 194]","@module":"flavor::psp::format_2025::operations","@pid":11921,"@timestamp":"2026-03-31T20:29:04.472194Z"}
{"@file":"src/psp/format_2025/operations.rs","@level":"debug","@line":37,"@message":"✅ Operations packed: result=13997455164230066369","@module":"flavor::psp::format_2025::operations","@pid":11921,"@timestamp":"2026-03-31T20:29:04.472222Z"}
{"@file":"src/psp/format_2025/operations.rs","@level":"debug","@line":37,"@message":"✅ Operations packed: result=18337257976741040","@module":"flavor::psp::format_2025::operations","@pid":11921,"@timestamp":"2026-03-31T20:29:04.472233Z"}
{"@file":"src/psp/format_2025/operations.rs","@level":"debug","@line":60,"@message":"✅ Operations unpacked: count=8 operations=[193, 224, 99, 103, 79, 243, 64, 194]","@module":"flavor::psp::format_2025::operations","@pid":11921,"@timestamp":"2026-03-31T20:29:04.472241Z"}
{"@file":"src/psp/format_2025/operations.rs","@level":"debug","@line":60,"@message":"✅ Operations unpacked: count=7 operations=[176, 188, 219, 147, 163, 37, 65]","@module":"flavor::psp::format_2025::operations","@pid":11921,"@timestamp":"2026-03-31T20:29:04.472259Z"}
{"@file":"src/psp/format_2025/operations.rs","@level":"debug","@line":60,"@message":"✅ Operations unpacked: count=8 operations=[64, 159, 227, 62, 51, 146, 26, 188]","@module":"flavor::psp::format_2025::operations","@pid":11921,"@timestamp":"2026-03-31T20:29:04.472296Z"}
{"@file":"src/psp/format_2025/operations.rs","@level":"debug","@line":37,"@message":"✅ Operations packed: result=0","@module":"flavor::psp::format_2025::operations","@pid":11921,"@timestamp":"2026-03-31T20:29:04.472312Z"}
{"@file":"src/psp/format_2025/operations.rs","@level":"debug","@line":37,"@message":"✅ Operations packed: result=13554306777321021248","@module":"flavor::psp::format_2025::operations","@pid":11921,"@timestamp":"2026-03-31T20:29:04.472324Z"}
{"@file":"src/psp/format_2025/operations.rs","@level":"debug","@line":60,"@message":"✅ Operations unpacked: count=0 operations=[]","@module":"flavor::psp::format_2025::operations","@pid":11921,"@timestamp":"2026-03-31T20:29:04.472338Z"}
{"@file":"src/psp/format_2025/operations.rs","@level":"debug","@line":60,"@message":"✅ Operations unpacked: count=8 operations=[64, 159, 227, 62, 51, 146, 26, 188]","@module":"flavor::psp::format_2025::operations","@pid":11921,"@timestamp":"2026-03-31T20:29:04.472350Z"}
{"@file":"src/psp/format_2025/operations.rs","@level":"debug","@line":37,"@message":"✅ Operations packed: result=0","@module":"flavor::psp::format_2025::operations","@pid":11921,"@timestamp":"2026-03-31T20:29:04.472390Z"}
{"@file":"src/psp/format_2025/operations.rs","@level":"debug","@line":60,"@message":"✅ Operations unpacked: count=8 operations=[248, 28, 148, 60, 232, 114, 82, 144]","@module":"flavor::psp::format_2025::operations","@pid":11921,"@timestamp":"2026-03-31T20:29:04.472403Z"}
{"@file":"src/psp/format_2025/operations.rs","@level":"debug","@line":60,"@message":"✅ Operations unpacked: count=0 operations=[]","@module":"flavor::psp::format_2025::operations","@pid":11921,"@timestamp":"2026-03-31T20:29:04.472416Z"}
{"@file":"src/psp/format_2025/operations.rs","@level":"debug","@line":37,"@message":"✅ Operations packed: result=10399500831326215416","@module":"flavor::psp::format_2025::operations","@pid":11921,"@timestamp":"2026-03-31T20:29:04.472429Z"}
{"@file":"src/psp/format_2025/operations.rs","@level":"debug","@line":60,"@message":"✅ Operations unpacked: count=8 operations=[248, 28, 148, 60, 232, 114, 82, 144]","@module":"flavor::psp::format_2025::operations","@pid":11921,"@timestamp":"2026-03-31T20:29:04.472454Z"}
{"@file":"src/psp/format_2025/operations.rs","@level":"debug","@line":37,"@message":"✅ Operations packed: result=0","@module":"flavor::psp::format_2025::operations","@pid":11921,"@timestamp":"2026-03-31T20:29:04.472468Z"}
{"@file":"src/psp/format_2025/operations.rs","@level":"debug","@line":60,"@message":"✅ Operations unpacked: count=0 operations=[]","@module":"flavor::psp::format_2025::operations","@pid":11921,"@timestamp":"2026-03-31T20:29:04.472493Z"}
{"@file":"src/psp/format_2025/operations.rs","@level":"debug","@line":60,"@message":"✅ Operations unpacked: count=8 operations=[33, 172, 238, 74, 103, 160, 88, 30]","@module":"flavor::psp::format_2025::operations","@pid":11921,"@timestamp":"2026-03-31T20:29:04.472503Z"}
{"@file":"src/psp/format_2025/operations.rs","@level":"debug","@line":37,"@message":"✅ Operations packed: result=2186673984587607073","@module":"flavor::psp::format_2025::operations","@pid":11921,"@timestamp":"2026-03-31T20:29:04.472529Z"}
{"@file":"src/psp/format_2025/operations.rs","@level":"debug","@line":37,"@message":"✅ Operations packed: result=0","@module":"flavor::psp::format_2025::operations","@pid":11921,"@timestamp":"2026-03-31T20:29:04.472540Z"}
{"@file":"src/psp/format_2025/operations.rs","@level":"debug","@line":60,"@message":"✅ Operations unpacked: count=8 operations=[33, 172, 238, 74, 103, 160, 88, 30]","@module":"flavor::psp::format_2025::operations","@pid":11921,"@timestamp":"2026-03-31T20:29:04.472550Z"}
{"@file":"src/psp/format_2025/operations.rs","@level":"debug","@line":60,"@message":"✅ Operations unpacked: count=0 operations=[]","@module":"flavor::psp::format_2025::operations","@pid":11921,"@timestamp":"2026-03-31T20:29:04.472566Z"}
{"@file":"src/psp/format_2025/operations.rs","@level":"debug","@line":60,"@message":"✅ Operations unpacked: count=8 operations=[19, 233, 56, 195, 41, 241, 3, 147]","@module":"flavor::psp::format_2025::operations","@pid":11921,"@timestamp":"2026-03-31T20:29:04.472602Z"}
{"@file":"src/psp/format_2025/operations.rs","@level":"debug","@line":37,"@message":"✅ Operations packed: result=2462571993","@module":"flavor::psp::format_2025::operations","@pid":11921,"@timestamp":"2026-03-31T20:29:04.472619Z"}
{"@file":"src/psp/format_2025/operations.rs","@level":"debug","@line":37,"@message":"✅ Operations packed: result=10593575910176778515","@module":"flavor::psp::format_2025::operations","@pid":11921,"@timestamp":"2026-03-31T20:29:04.472630Z"}
{"@file":"src/psp/format_2025/operations.rs","@level":"debug","@line":60,"@message":"✅ Operations unpacked: count=4 operations=[217, 221, 199, 146]","@module":"flavor::psp::format_2025::operations","@pid":11921,"@timestamp":"2026-03-31T20:29:04.472646Z"}
{"@file":"src/psp/format_2025/operations.rs","@level":"debug","@line":60,"@message":"✅ Operations unpacked: count=8 operations=[19, 233, 56, 195, 41, 241, 3, 147]","@module":"flavor::psp::format_2025::operations","@pid":11921,"@timestamp":"2026-03-31T20:29:04.472657Z"}
{"@file":"src/psp/format_2025/operations.rs","@level":"debug","@line":37,"@message":"✅ Operations packed: result=930591672259","@module":"flavor::psp::format_2025::operations","@pid":11921,"@timestamp":"2026-03-31T20:29:04.472700Z"}
{"@file":"src/psp/format_2025/operations.rs","@level":"debug","@line":60,"@message":"✅ Operations unpacked: count=8 operations=[245, 16, 231, 211, 211, 187, 91, 95]","@module":"flavor::psp::format_2025::operations","@pid":11921,"@timestamp":"2026-03-31T20:29:04.472710Z"}
{"@file":"src/psp/format_2025/operations.rs","@level":"debug","@line":60,"@message":"✅ Operations unpacked: count=5 operations=[195, 7, 150, 171, 216]","@module":"flavor::psp::format_2025::operations","@pid":11921,"@timestamp":"2026-03-31T20:29:04.472726Z"}
{"@file":"src/psp/format_2025/operations.rs","@level":"debug","@line":37,"@message":"✅ Operations packed: result=6871292174951452917","@module":"flavor::psp::format_2025::operations","@pid":11921,"@timestamp":"2026-03-31T20:29:04.472738Z"}
{"@file":"src/psp/format_2025/operations.rs","@level":"debug","@line":60,"@message":"✅ Operations unpacked: count=8 operations=[245, 16, 231, 211, 211, 187, 91, 95]","@module":"flavor::psp::format_2025::operations","@pid":11921,"@timestamp":"2026-03-31T20:29:04.472764Z"}
{"@file":"src/psp/format_2025/operations.rs","@level":"debug","@line":37,"@message":"✅ Operations packed: result=0","@module":"flavor::psp::format_2025::operations","@pid":11921,"@timestamp":"2026-03-31T20:29:04.472779Z"}
{"@file":"src/psp/format_2025/operations.rs","@level":"debug","@line":60,"@message":"✅ Operations unpacked: count=0 operations=[]","@module":"flavor::psp::format_2025::operations","@pid":11921,"@timestamp":"2026-03-31T20:29:04.472818Z"}
{"@file":"src/psp/format_2025/operations.rs","@level":"debug","@line":60,"@message":"✅ Operations unpacked: count=8 operations=[88, 85, 13, 189, 139, 198, 232, 223]","@module":"flavor::psp::format_2025::operations","@pid":11921,"@timestamp":"2026-03-31T20:29:04.472831Z"}
{"@file":"src/psp/format_2025/operations.rs","@level":"debug","@line":37,"@message":"✅ Operations packed: result=16134363968529323352","@module":"flavor::psp::format_2025::operations","@pid":11921,"@timestamp":"2026-03-31T20:29:04.472858Z"}
{"@file":"src/psp/format_2025/operations.rs","@level":"debug","@line":37,"@message":"✅ Operations packed: result=1988155877","@module":"flavor::psp::format_2025::operations","@pid":11921,"@timestamp":"2026-03-31T20:29:04.472870Z"}
{"@file":"src/psp/format_2025/operations.rs","@level":"debug","@line":60,"@message":"✅ Operations unpacked: count=8 operations=[88, 85, 13, 189, 139, 198, 232, 223]","@module":"flavor::psp::format_2025::operations","@pid":11921,"@timestamp":"2026-03-31T20:29:04.472879Z"}
{"@file":"src/psp/format_2025/operations.rs","@level":"debug","@line":60,"@message":"✅ Operations unpacked: count=4 operations=[229, 217, 128, 118]","@module":"flavor::psp::format_2025::operations","@pid":11921,"@timestamp":"2026-03-31T20:29:04.472903Z"}
{"@file":"src/psp/format_2025/operations.rs","@level":"debug","@line":60,"@message":"✅ Operations unpacked: count=8 operations=[124, 94, 250, 48, 59, 96, 135, 155]","@module":"flavor::psp::format_2025::operations","@pid":11921,"@timestamp":"2026-03-31T20:29:04.472942Z"}
{"@file":"src/psp/format_2025/operations.rs","@level":"debug","@line":37,"@message":"✅ Operations packed: result=3606535307","@module":"flavor::psp::format_2025::operations","@pid":11921,"@timestamp":"2026-03-31T20:29:04.472956Z"}
{"@file":"src/psp/format_2025/operations.rs","@level":"debug","@line":37,"@message":"✅ Operations packed: result=11207032005075820156","@module":"flavor::psp::format_2025::operations","@pid":11921,"@timestamp":"2026-03-31T20:29:04.472969Z"}
{"@file":"src/psp/format_2025/operations.rs","@level":"debug","@line":60,"@message":"✅ Operations unpacked: count=4 operations=[139, 92, 247, 214]","@module":"flavor::psp::format_2025::operations","@pid":11921,"@timestamp":"2026-03-31T20:29:04.472983Z"}
{"@file":"src/psp/format_2025/operations.rs","@level":"debug","@line":60,"@message":"✅ Operations unpacked: count=8 operations=[124, 94, 250, 48, 59, 96, 135, 155]","@module":"flavor::psp::format_2025::operations","@pid":11921,"@timestamp":"2026-03-31T20:29:04.472995Z"}
{"@file":"src/psp/format_2025/operations.rs","@level":"debug","@line":37,"@message":"✅ Operations packed: result=0","@module":"flavor::psp::format_2025::operations","@pid":11921,"@timestamp":"2026-03-31T20:29:04.473035Z"}
{"@file":"src/psp/format_2025/operations.rs","@level":"debug","@line":60,"@message":"✅ Operations unpacked: count=8 operations=[82, 164, 125, 230, 245, 37, 10, 157]","@module":"flavor::psp::format_2025::operations","@pid":11921,"@timestamp":"2026-03-31T20:29:04.473048Z"}
{"@file":"src/psp/format_2025/operations.rs","@level":"debug","@line":60,"@message":"✅ Operations unpacked: count=0 operations=[]","@module":"flavor::psp::format_2025::operations","@pid":11921,"@timestamp":"2026-03-31T20:29:04.473061Z"}
{"@file":"src/psp/format_2025/operations.rs","@level":"debug","@line":37,"@message":"✅ Operations packed: result=11315898751786001490","@module":"flavor::psp::format_2025::operations","@pid":11921,"@timestamp":"2026-03-31T20:29:04.473075Z"}
{"@file":"src/psp/format_2025/operations.rs","@level":"debug","@line":60,"@message":"✅ Operations unpacked: count=8 operations=[82, 164, 125, 230, 245, 37, 10, 157]","@module":"flavor::psp::format_2025::operations","@pid":11921,"@timestamp":"2026-03-31T20:29:04.473100Z"}
{"@file":"src/psp/format_2025/operations.rs","@level":"debug","@line":37,"@message":"✅ Operations packed: result=10686833441838677334","@module":"flavor::psp::format_2025::operations","@pid":11921,"@timestamp":"2026-03-31T20:29:04.473116Z"}
{"@file":"src/psp/format_2025/operations.rs","@level":"debug","@line":60,"@message":"✅ Operations unpacked: count=8 operations=[86, 61, 143, 226, 100, 66, 79, 148]","@module":"flavor::psp::format_2025::operations","@pid":11921,"@timestamp":"2026-03-31T20:29:04.473143Z"}
{"@file":"src/psp/format_2025/operations.rs","@level":"debug","@line":60,"@message":"✅ Operations unpacked: count=8 operations=[208, 89, 26, 22, 200, 83, 233, 74]","@module":"flavor::psp::format_2025::operations","@pid":11921,"@timestamp":"2026-03-31T20:29:04.473155Z"}
{"@file":"src/psp/format_2025/operations.rs","@level":"debug","@line":37,"@message":"✅ Operations packed: result=5397937747209640400","@module":"flavor::psp::format_2025::operations","@pid":11921,"@timestamp":"2026-03-31T20:29:04.473183Z"}
{"@file":"src/psp/format_2025/operations.rs","@level":"debug","@line":37,"@message":"✅ Operations packed: result=965344810","@module":"flavor::psp::format_2025::operations","@pid":11921,"@timestamp":"2026-03-31T20:29:04.473193Z"}
{"@file":"src/psp/format_2025/operations.rs","@level":"debug","@line":60,"@message":"✅ Operations unpacked: count=8 operations=[208, 89, 26, 22, 200, 83, 233, 74]","@module":"flavor::psp::format_2025::operations","@pid":11921,"@timestamp":"2026-03-31T20:29:04.473202Z"}
{"@file":"src/psp/format_2025/operations.rs","@level":"debug","@line":60,"@message":"✅ Operations unpacked: count=4 operations=[42, 254, 137, 57]","@module":"flavor::psp::format_2025::operations","@pid":11921,"@timestamp":"2026-03-31T20:29:04.473224Z"}
{"@file":"src/psp/format_2025/operations.rs","@level":"debug","@line":60,"@message":"✅ Operations unpacked: count=8 operations=[45, 26, 90, 130, 52, 121, 56, 112]","@module":"flavor::psp::format_2025::operations","@pid":11921,"@timestamp":"2026-03-31T20:29:04.473264Z"}
{"@file":"src/psp/format_2025/operations.rs","@level":"debug","@line":37,"@message":"✅ Operations packed: result=11798676720962212533","@module":"flavor::psp::format_2025::operations","@pid":11921,"@timestamp":"2026-03-31T20:29:04.473271Z"}
{"@file":"src/psp/format_2025/operations.rs","@level":"debug","@line":37,"@message":"✅ Operations packed: result=8086346397375928877","@module":"flavor::psp::format_2025::operations","@pid":11921,"@timestamp":"2026-03-31T20:29:04.473283Z"}
{"@file":"src/psp/format_2025/operations.rs","@level":"debug","@line":60,"@message":"✅ Operations unpacked: count=8 operations=[181, 146, 159, 52, 247, 81, 189, 163]","@module":"flavor::psp::format_2025::operations","@pid":11921,"@timestamp":"2026-03-31T20:29:04.473289Z"}
{"@file":"src/psp/format_2025/operations.rs","@level":"debug","@line":60,"@message":"✅ Operations unpacked: count=8 operations=[45, 26, 90, 130, 52, 121, 56, 112]","@module":"flavor::psp::format_2025::operations","@pid":11921,"@timestamp":"2026-03-31T20:29:04.473302Z"}
{"@file":"src/psp/format_2025/operations.rs","@level":"debug","@line":37,"@message":"✅ Operations packed: result=12893167","@module":"flavor::psp::format_2025::operations","@pid":11921,"@timestamp":"2026-03-31T20:29:04.473335Z"}
{"@file":"src/psp/format_2025/operations.rs","@level":"debug","@line":60,"@message":"✅ Operations unpacked: count=8 operations=[173, 27, 54, 249, 179, 182, 164, 193]","@module":"flavor::psp::format_2025::operations","@pid":11921,"@timestamp":"2026-03-31T20:29:04.473347Z"}
{"@file":"src/psp/format_2025/operations.rs","@level":"debug","@line":60,"@message":"✅ Operations unpacked: count=3 operations=[239, 187, 196]","@module":"flavor::psp::format_2025::operations","@pid":11921,"@timestamp":"2026-03-31T20:29:04.473354Z"}
{"@file":"src/psp/format_2025/operations.rs","@level":"debug","@line":37,"@message":"✅ Operations packed: result=13953478429597113261","@module":"flavor::psp::format_2025::operations","@pid":11921,"@timestamp":"2026-03-31T20:29:04.473367Z"}
{"@file":"src/psp/format_2025/operations.rs","@level":"debug","@line":60,"@message":"✅ Operations unpacked: count=8 operations=[173, 27, 54, 249, 179, 182, 164, 193]","@module":"flavor::psp::format_2025::operations","@pid":11921,"@timestamp":"2026-03-31T20:29:04.473384Z"}
{"@file":"src/psp/format_2025/operations.rs","@level":"debug","@line":37,"@message":"✅ Operations packed: result=41809168416316668","@module":"flavor::psp::format_2025::operations","@pid":11921,"@timestamp":"2026-03-31T20:29:04.473400Z"}
{"@file":"src/psp/format_2025/operations.rs","@level":"debug","@line":60,"@message":"✅ Operations unpacked: count=7 operations=[252, 28, 207, 151, 55, 137, 148]","@module":"flavor::psp::format_2025::operations","@pid":11921,"@timestamp":"2026-03-31T20:29:04.473419Z"}
{"@file":"src/psp/format_2025/operations.rs","@level":"debug","@line":60,"@message":"✅ Operations unpacked: count=8 operations=[88, 120, 173, 207, 144, 243, 224, 109]","@module":"flavor::psp::format_2025::operations","@pid":11921,"@timestamp":"2026-03-31T20:29:04.473429Z"}
{"@file":"src/psp/format_2025/operations.rs","@level":"debug","@line":37,"@message":"✅ Operations packed: result=7917595948202424408","@module":"flavor::psp::format_2025::operations","@pid":11921,"@timestamp":"2026-03-31T20:29:04.473448Z"}
{"@file":"src/psp/format_2025/operations.rs","@level":"debug","@line":37,"@message":"✅ Operations packed: result=189","@module":"flavor::psp::format_2025::operations","@pid":11921,"@timestamp":"2026-03-31T20:29:04.473463Z"}
{"@file":"src/psp/format_2025/operations.rs","@level":"debug","@line":60,"@message":"✅ Operations unpacked: count=8 operations=[88, 120, 173, 207, 144, 243, 224, 109]","@module":"flavor::psp::format_2025::operations","@pid":11921,"@timestamp":"2026-03-31T20:29:04.473465Z"}
{"@file":"src/psp/format_2025/operations.rs","@level":"debug","@line":60,"@message":"✅ Operations unpacked: count=1 operations=[189]","@module":"flavor::psp::format_2025::operations","@pid":11921,"@timestamp":"2026-03-31T20:29:04.473483Z"}
{"@file":"src/psp/format_2025/operations.rs","@level":"debug","@line":60,"@message":"✅ Operations unpacked: count=8 operations=[210, 172, 165, 202, 18, 106, 31, 36]","@module":"flavor::psp::format_2025::operations","@pid":11921,"@timestamp":"2026-03-31T20:29:04.473516Z"}
{"@file":"src/psp/format_2025/operations.rs","@level":"debug","@line":37,"@message":"✅ Operations packed: result=41172826555410203","@module":"flavor::psp::format_2025::operations","@pid":11921,"@timestamp":"2026-03-31T20:29:04.473529Z"}
{"@file":"src/psp/format_2025/operations.rs","@level":"debug","@line":37,"@message":"✅ Operations packed: result=2602915738585246930","@module":"flavor::psp::format_2025::operations","@pid":11921,"@timestamp":"2026-03-31T20:29:04.473536Z"}
{"@file":"src/psp/format_2025/operations.rs","@level":"debug","@line":60,"@message":"✅ Operations unpacked: count=7 operations=[27, 231, 59, 181, 119, 70, 146]","@module":"flavor::psp::format_2025::operations","@pid":11921,"@timestamp":"2026-03-31T20:29:04.473570Z"}
{"@file":"src/psp/format_2025/operations.rs","@level":"debug","@line":60,"@message":"✅ Operations unpacked: count=8 operations=[210, 172, 165, 202, 18, 106, 31, 36]","@module":"flavor::psp::format_2025::operations","@pid":11921,"@timestamp":"2026-03-31T20:29:04.473576Z"}
{"@file":"src/psp/format_2025/operations.rs","@level":"debug","@line":37,"@message":"✅ Operations packed: result=85","@module":"flavor::psp::format_2025::operations","@pid":11921,"@timestamp":"2026-03-31T20:29:04.473616Z"}
{"@file":"src/psp/format_2025/operations.rs","@level":"debug","@line":60,"@message":"✅ Operations unpacked: count=8 operations=[14, 181, 28, 242, 95, 103, 148, 114]","@module":"flavor::psp::format_2025::operations","@pid":11921,"@timestamp":"2026-03-31T20:29:04.473622Z"}
{"@file":"src/psp/format_2025/operations.rs","@level":"debug","@line":60,"@message":"✅ Operations unpacked: count=1 operations=[85]","@module":"flavor::psp::format_2025::operations","@pid":11921,"@timestamp":"2026-03-31T20:29:04.473635Z"}
{"@file":"src/psp/format_2025/operations.rs","@level":"debug","@line":37,"@message":"✅ Operations packed: result=8256337678658483470","@module":"flavor::psp::format_2025::operations","@pid":11921,"@timestamp":"2026-03-31T20:29:04.473640Z"}
{"@file":"src/psp/format_2025/operations.rs","@level":"debug","@line":60,"@message":"✅ Operations unpacked: count=8 operations=[14, 181, 28, 242, 95, 103, 148, 114]","@module":"flavor::psp::format_2025::operations","@pid":11921,"@timestamp":"2026-03-31T20:29:04.473658Z"}
{"@file":"src/psp/format_2025/operations.rs","@level":"debug","@line":37,"@message":"✅ Operations packed: result=0","@module":"flavor::psp::format_2025::operations","@pid":11921,"@timestamp":"2026-03-31T20:29:04.473679Z"}
{"@file":"src/psp/format_2025/operations.rs","@level":"debug","@line":60,"@message":"✅ Operations unpacked: count=0 operations=[]","@module":"flavor::psp::format_2025::operations","@pid":11921,"@timestamp":"2026-03-31T20:29:04.473697Z"}
{"@file":"src/psp/format_2025/operations.rs","@level":"debug","@line":60,"@message":"✅ Operations unpacked: count=8 operations=[124, 163, 130, 65, 197, 12, 90, 177]","@module":"flavor::psp::format_2025::operations","@pid":11921,"@timestamp":"2026-03-31T20:29:04.473703Z"}
{"@file":"src/psp/format_2025/operations.rs","@level":"debug","@line":37,"@message":"✅ Operations packed: result=12779540933964374908","@module":"flavor::psp::format_2025::operations","@pid":11921,"@timestamp":"2026-03-31T20:29:04.473721Z"}
{"@file":"src/psp/format_2025/operations.rs","@level":"debug","@line":60,"@message":"✅ Operations unpacked: count=8 operations=[124, 163, 130, 65, 197, 12, 90, 177]","@module":"flavor::psp::format_2025::operations","@pid":11921,"@timestamp":"2026-03-31T20:29:04.473739Z"}
{"@file":"src/psp/format_2025/operations.rs","@level":"debug","@line":37,"@message":"✅ Operations packed: result=3761918336","@module":"flavor::psp::format_2025::operations","@pid":11921,"@timestamp":"2026-03-31T20:29:04.473744Z"}
{"@file":"src/psp/format_2025/operations.rs","@level":"debug","@line":60,"@message":"✅ Operations unpacked: count=4 operations=[128, 81, 58, 224]","@module":"flavor::psp::format_2025::operations","@pid":11921,"@timestamp":"2026-03-31T20:29:04.473762Z"}
{"@file":"src/psp/format_2025/operations.rs","@level":"debug","@line":60,"@message":"✅ Operations unpacked: count=8 operations=[180, 170, 10, 92, 230, 101, 101, 125]","@module":"flavor::psp::format_2025::operations","@pid":11921,"@timestamp":"2026-03-31T20:29:04.473784Z"}
{"@file":"src/psp/format_2025/operations.rs","@level":"debug","@line":37,"@message":"✅ Operations packed: result=115","@module":"flavor::psp::format_2025::operations","@pid":11921,"@timestamp":"2026-03-31T20:29:04.473806Z"}
{"@file":"src/psp/format_2025/operations.rs","@level":"debug","@line":37,"@message":"✅ Operations packed: result=9035740267449854644","@module":"flavor::psp::format_2025::operations","@pid":11921,"@timestamp":"2026-03-31T20:29:04.473834Z"}
{"@file":"src/psp/format_2025/operations.rs","@level":"debug","@line":60,"@message":"✅ Operations unpacked: count=1 operations=[115]","@module":"flavor::psp::format_2025::operations","@pid":11921,"@timestamp":"2026-03-31T20:29:04.473849Z"}
{"@file":"src/psp/format_2025/operations.rs","@level":"debug","@line":60,"@message":"✅ Operations unpacked: count=8 operations=[180, 170, 10, 92, 230, 101, 101, 125]","@module":"flavor::psp::format_2025::operations","@pid":11921,"@timestamp":"2026-03-31T20:29:04.473860Z"}
{"@file":"src/psp/format_2025/operations.rs","@level":"debug","@line":60,"@message":"✅ Operations unpacked: count=8 operations=[75, 201, 177, 22, 133, 144, 43, 250]","@module":"flavor::psp::format_2025::operations","@pid":11921,"@timestamp":"2026-03-31T20:29:04.473918Z"}
{"@file":"src/psp/format_2025/operations.rs","@level":"debug","@line":37,"@message":"✅ Operations packed: result=29558","@module":"flavor::psp::format_2025::operations","@pid":11921,"@timestamp":"2026-03-31T20:29:04.473904Z"}
{"@file":"src/psp/format_2025/operations.rs","@level":"debug","@line":37,"@message":"✅ Operations packed: result=18026660834766342475","@module":"flavor::psp::format_2025::operations","@pid":11921,"@timestamp":"2026-03-31T20:29:04.473940Z"}
{"@file":"src/psp/format_2025/operations.rs","@level":"debug","@line":60,"@message":"✅ Operations unpacked: count=2 operations=[118, 115]","@module":"flavor::psp::format_2025::operations","@pid":11921,"@timestamp":"2026-03-31T20:29:04.473962Z"}
{"@file":"src/psp/format_2025/operations.rs","@level":"debug","@line":60,"@message":"✅ Operations unpacked: count=8 operations=[75, 201, 177, 22, 133, 144, 43, 250]","@module":"flavor::psp::format_2025::operations","@pid":11921,"@timestamp":"2026-03-31T20:29:04.473981Z"}
{"@file":"src/psp/format_2025/operations.rs","@level":"debug","@line":37,"@message":"✅ Operations packed: result=1935669074841880","@module":"flavor::psp::format_2025::operations","@pid":11921,"@timestamp":"2026-03-31T20:29:04.474025Z"}
{"@file":"src/psp/format_2025/operations.rs","@level":"debug","@line":60,"@message":"✅ Operations unpacked: count=8 operations=[111, 56, 60, 67, 240, 165, 253, 52]","@module":"flavor::psp::format_2025::operations","@pid":11921,"@timestamp":"2026-03-31T20:29:04.474040Z"}
{"@file":"src/psp/format_2025/operations.rs","@level":"debug","@line":60,"@message":"✅ Operations unpacked: count=7 operations=[24, 209, 155, 19, 123, 224, 6]","@module":"flavor::psp::format_2025::operations","@pid":11921,"@timestamp":"2026-03-31T20:29:04.474052Z"}
{"@file":"src/psp/format_2025/operations.rs","@level":"debug","@line":37,"@message":"✅ Operations packed: result=3818390510418802799","@module":"flavor::psp::format_2025::operations","@pid":11921,"@timestamp":"2026-03-31T20:29:04.474069Z"}
{"@file":"src/psp/format_2025/operations.rs","@level":"debug","@line":60,"@message":"✅ Operations unpacked: count=8 operations=[111, 56, 60, 67, 240, 165, 253, 52]","@module":"flavor::psp::format_2025::operations","@pid":11921,"@timestamp":"2026-03-31T20:29:04.474096Z"}
{"@file":"src/psp/format_2025/operations.rs","@level":"debug","@line":37,"@message":"✅ Operations packed: result=1036711","@module":"flavor::psp::format_2025::operations","@pid":11921,"@timestamp":"2026-03-31T20:29:04.474106Z"}
{"@file":"src/psp/format_2025/operations.rs","@level":"debug","@line":60,"@message":"✅ Operations unpacked: count=3 operations=[167, 209, 15]","@module":"flavor::psp::format_2025::operations","@pid":11921,"@timestamp":"2026-03-31T20:29:04.474134Z"}
{"@file":"src/psp/format_2025/operations.rs","@level":"debug","@line":60,"@message":"✅ Operations unpacked: count=8 operations=[27, 42, 197, 69, 40, 244, 225, 4]","@module":"flavor::psp::format_2025::operations","@pid":11921,"@timestamp":"2026-03-31T20:29:04.474146Z"}
{"@file":"src/psp/format_2025/operations.rs","@level":"debug","@line":37,"@message":"✅ Operations packed: result=351830699718027803","@module":"flavor::psp::format_2025::operations","@pid":11921,"@timestamp":"2026-03-31T20:29:04.474173Z"}
{"@file":"src/psp/format_2025/operations.rs","@level":"debug","@line":37,"@message":"✅ Operations packed: result=64645047191399781","@module":"flavor::psp::format_2025::operations","@pid":11921,"@timestamp":"2026-03-31T20:29:04.474181Z"}
{"@file":"src/psp/format_2025/operations.rs","@level":"debug","@line":60,"@message":"✅ Operations unpacked: count=8 operations=[27, 42, 197, 69, 40, 244, 225, 4]","@module":"flavor::psp::format_2025::operations","@pid":11921,"@timestamp":"2026-03-31T20:29:04.474193Z"}
{"@file":"src/psp/format_2025/operations.rs","@level":"debug","@line":60,"@message":"✅ Operations unpacked: count=7 operations=[101, 237, 84, 242, 83, 170, 229]","@module":"flavor::psp::format_2025::operations","@pid":11921,"@timestamp":"2026-03-31T20:29:04.474208Z"}
{"@file":"src/psp/format_2025/operations.rs","@level":"debug","@line":60,"@message":"✅ Operations unpacked: count=8 operations=[222, 126, 20, 86, 240, 217, 55, 210]","@module":"flavor::psp::format_2025::operations","@pid":11921,"@timestamp":"2026-03-31T20:29:04.474248Z"}
{"@file":"src/psp/format_2025/operations.rs","@level":"debug","@line":37,"@message":"✅ Operations packed: result=41060","@module":"flavor::psp::format_2025::operations","@pid":11921,"@timestamp":"2026-03-31T20:29:04.474262Z"}
{"@file":"src/psp/format_2025/operations.rs","@level":"debug","@line":37,"@message":"✅ Operations packed: result=15147815497943514846","@module":"flavor::psp::format_2025::operations","@pid":11921,"@timestamp":"2026-03-31T20:29:04.474276Z"}
{"@file":"src/psp/format_2025/operations.rs","@level":"debug","@line":60,"@message":"✅ Operations unpacked: count=2 operations=[100, 160]","@module":"flavor::psp::format_2025::operations","@pid":11921,"@timestamp":"2026-03-31T20:29:04.474289Z"}
{"@file":"src/psp/format_2025/operations.rs","@level":"debug","@line":60,"@message":"✅ Operations unpacked: count=8 operations=[222, 126, 20, 86, 240, 217, 55, 210]","@module":"flavor::psp::format_2025::operations","@pid":11921,"@timestamp":"2026-03-31T20:29:04.474303Z"}
{"@file":"src/psp/format_2025/operations.rs","@level":"debug","@line":37,"@message":"✅ Operations packed: result=472268687","@module":"flavor::psp::format_2025::operations","@pid":11921,"@timestamp":"2026-03-31T20:29:04.474342Z"}
{"@file":"src/psp/format_2025/operations.rs","@level":"debug","@line":60,"@message":"✅ Operations unpacked: count=8 operations=[178, 165, 238, 246, 14, 101, 97, 20]","@module":"flavor::psp::format_2025::operations","@pid":11921,"@timestamp":"2026-03-31T20:29:04.474358Z"}
{"@file":"src/psp/format_2025/operations.rs","@level":"debug","@line":60,"@message":"✅ Operations unpacked: count=4 operations=[143, 63, 38, 28]","@module":"flavor::psp::format_2025::operations","@pid":11921,"@timestamp":"2026-03-31T20:29:04.474369Z"}
{"@file":"src/psp/format_2025/operations.rs","@level":"debug","@line":37,"@message":"✅ Operations packed: result=1468566068446274994","@module":"flavor::psp::format_2025::operations","@pid":11921,"@timestamp":"2026-03-31T20:29:04.474391Z"}
{"@file":"src/psp/format_2025/operations.rs","@level":"debug","@line":60,"@message":"✅ Operations unpacked: count=8 operations=[178, 165, 238, 246, 14, 101, 97, 20]","@module":"flavor::psp::format_2025::operations","@pid":11921,"@timestamp":"2026-03-31T20:29:04.474412Z"}
{"@file":"src/psp/format_2025/operations.rs","@level":"debug","@line":37,"@message":"✅ Operations packed: result=5933777699885930","@module":"flavor::psp::format_2025::operations","@pid":11921,"@timestamp":"2026-03-31T20:29:04.474436Z"}
{"@file":"src/psp/format_2025/operations.rs","@level":"debug","@line":60,"@message":"✅ Operations unpacked: count=7 operations=[106, 83, 250, 71, 189, 20, 21]","@module":"flavor::psp::format_2025::operations","@pid":11921,"@timestamp":"2026-03-31T20:29:04.474456Z"}
{"@file":"src/psp/format_2025/operations.rs","@level":"debug","@line":60,"@message":"✅ Operations unpacked: count=8 operations=[198, 133, 155, 59, 59, 203, 253, 126]","@module":"flavor::psp::format_2025::operations","@pid":11921,"@timestamp":"2026-03-31T20:29:04.474458Z"}
{"@file":"src/psp/format_2025/operations.rs","@level":"debug","@line":37,"@message":"✅ Operations packed: result=9150693473150272966","@module":"flavor::psp::format_2025::operations","@pid":11921,"@timestamp":"2026-03-31T20:29:04.474493Z"}
{"@file":"src/psp/format_2025/operations.rs","@level":"debug","@line":60,"@message":"✅ Operations unpacked: count=8 operations=[198, 133, 155, 59, 59, 203, 253, 126]","@module":"flavor::psp::format_2025::operations","@pid":11921,"@timestamp":"2026-03-31T20:29:04.474511Z"}
{"@file":"src/psp/format_2025/operations.rs","@level":"debug","@line":37,"@message":"✅ Operations packed: result=106269776295176","@module":"flavor::psp::format_2025::operations","@pid":11921,"@timestamp":"2026-03-31T20:29:04.474532Z"}
{"@file":"src/psp/format_2025/operations.rs","@level":"debug","@line":60,"@message":"✅ Operations unpacked: count=6 operations=[8, 53, 68, 220, 166, 96]","@module":"flavor::psp::format_2025::operations","@pid":11921,"@timestamp":"2026-03-31T20:29:04.474559Z"}
{"@file":"src/psp/format_2025/operations.rs","@level":"debug","@line":60,"@message":"✅ Operations unpacked: count=8 operations=[109, 136, 109, 164, 165, 31, 244, 33]","@module":"flavor::psp::format_2025::operations","@pid":11921,"@timestamp":"2026-03-31T20:29:04.474581Z"}
{"@file":"src/psp/format_2025/operations.rs","@level":"debug","@line":37,"@message":"✅ Operations packed: result=2446615293857728621","@module":"flavor::psp::format_2025::operations","@pid":11921,"@timestamp":"2026-03-31T20:29:04.474608Z"}
{"@file":"src/psp/format_2025/operations.rs","@level":"debug","@line":37,"@message":"✅ Operations packed: result=69209215878983093","@module":"flavor::psp::format_2025::operations","@pid":11921,"@timestamp":"2026-03-31T20:29:04.474609Z"}
{"@file":"src/psp/format_2025/operations.rs","@level":"debug","@line":60,"@message":"✅ Operations unpacked: count=8 operations=[109, 136, 109, 164, 165, 31, 244, 33]","@module":"flavor::psp::format_2025::operations","@pid":11921,"@timestamp":"2026-03-31T20:29:04.474630Z"}
{"@file":"src/psp/format_2025/operations.rs","@level":"debug","@line":60,"@message":"✅ Operations unpacked: count=7 operations=[181, 109, 166, 71, 106, 225, 245]","@module":"flavor::psp::format_2025::operations","@pid":11921,"@timestamp":"2026-03-31T20:29:04.474662Z"}
{"@file":"src/psp/format_2025/operations.rs","@level":"debug","@line":60,"@message":"✅ Operations unpacked: count=8 operations=[73, 219, 129, 144, 229, 7, 52, 135]","@module":"flavor::psp::format_2025::operations","@pid":11921,"@timestamp":"2026-03-31T20:29:04.474693Z"}
{"@file":"src/psp/format_2025/operations.rs","@level":"debug","@line":37,"@message":"✅ Operations packed: result=9742420576462560073","@module":"flavor::psp::format_2025::operations","@pid":11921,"@timestamp":"2026-03-31T20:29:04.474721Z"}
{"@file":"src/psp/format_2025/operations.rs","@level":"debug","@line":37,"@message":"✅ Operations packed: result=3705907867","@module":"flavor::psp::format_2025::operations","@pid":11921,"@timestamp":"2026-03-31T20:29:04.474725Z"}
{"@file":"src/psp/format_2025/operations.rs","@level":"debug","@line":60,"@message":"✅ Operations unpacked: count=8 operations=[73, 219, 129, 144, 229, 7, 52, 135]","@module":"flavor::psp::format_2025::operations","@pid":11921,"@timestamp":"2026-03-31T20:29:04.474741Z"}
{"@file":"src/psp/format_2025/operations.rs","@level":"debug","@line":60,"@message":"✅ Operations unpacked: count=4 operations=[155, 170, 227, 220]","@module":"flavor::psp::format_2025::operations","@pid":11921,"@timestamp":"2026-03-31T20:29:04.474752Z"}
{"@file":"src/psp/format_2025/operations.rs","@level":"debug","@line":60,"@message":"✅ Operations unpacked: count=8 operations=[74, 77, 162, 42, 72, 222, 119, 223]","@module":"flavor::psp::format_2025::operations","@pid":11921,"@timestamp":"2026-03-31T20:29:04.474794Z"}
{"@file":"src/psp/format_2025/operations.rs","@level":"debug","@line":37,"@message":"✅ Operations packed: result=60336145729154392","@module":"flavor::psp::format_2025::operations","@pid":11921,"@timestamp":"2026-03-31T20:29:04.474807Z"}
{"@file":"src/psp/format_2025/operations.rs","@level":"debug","@line":37,"@message":"✅ Operations packed: result=16102583394220789066","@module":"flavor::psp::format_2025::operations","@pid":11921,"@timestamp":"2026-03-31T20:29:04.474822Z"}
{"@file":"src/psp/format_2025/operations.rs","@level":"debug","@line":60,"@message":"✅ Operations unpacked: count=7 operations=[88, 109, 77, 165, 103, 91, 214]","@module":"flavor::psp::format_2025::operations","@pid":11921,"@timestamp":"2026-03-31T20:29:04.474833Z"}
{"@file":"src/psp/format_2025/operations.rs","@level":"debug","@line":60,"@message":"✅ Operations unpacked: count=8 operations=[74, 77, 162, 42, 72, 222, 119, 223]","@module":"flavor::psp::format_2025::operations","@pid":11921,"@timestamp":"2026-03-31T20:29:04.474848Z"}
{"@file":"src/psp/format_2025/operations.rs","@level":"debug","@line":37,"@message":"✅ Operations packed: result=205061","@module":"flavor::psp::format_2025::operations","@pid":11921,"@timestamp":"2026-03-31T20:29:04.474888Z"}
{"@file":"src/psp/format_2025/operations.rs","@level":"debug","@line":60,"@message":"✅ Operations unpacked: count=8 operations=[158, 204, 94, 89, 240, 162, 60, 250]","@module":"flavor::psp::format_2025::operations","@pid":11921,"@timestamp":"2026-03-31T20:29:04.474903Z"}
{"@file":"src/psp/format_2025/operations.rs","@level":"debug","@line":60,"@message":"✅ Operations unpacked: count=3 operations=[5, 33, 3]","@module":"flavor::psp::format_2025::operations","@pid":11921,"@timestamp":"2026-03-31T20:29:04.474915Z"}
{"@file":"src/psp/format_2025/operations.rs","@level":"debug","@line":37,"@message":"✅ Operations packed: result=18031466161259859102","@module":"flavor::psp::format_2025::operations","@pid":11921,"@timestamp":"2026-03-31T20:29:04.474930Z"}
{"@file":"src/psp/format_2025/operations.rs","@level":"debug","@line":60,"@message":"✅ Operations unpacked: count=8 operations=[158, 204, 94, 89, 240, 162, 60, 250]","@module":"flavor::psp::format_2025::operations","@pid":11921,"@timestamp":"2026-03-31T20:29:04.474956Z"}
{"@file":"src/psp/format_2025/operations.rs","@level":"debug","@line":37,"@message":"✅ Operations packed: result=63475129582359294","@module":"flavor::psp::format_2025::operations","@pid":11921,"@timestamp":"2026-03-31T20:29:04.474969Z"}
{"@file":"src/psp/format_2025/operations.rs","@level":"debug","@line":60,"@message":"✅ Operations unpacked: count=7 operations=[254, 18, 212, 70, 75, 130, 225]","@module":"flavor::psp::format_2025::operations","@pid":11921,"@timestamp":"2026-03-31T20:29:04.474996Z"}
{"@file":"src/psp/format_2025/operations.rs","@level":"debug","@line":60,"@message":"✅ Operations unpacked: count=8 operations=[203, 176, 194, 169, 149, 206, 79, 27]","@module":"flavor::psp::format_2025::operations","@pid":11921,"@timestamp":"2026-03-31T20:29:04.475004Z"}
{"@file":"src/psp/format_2025/operations.rs","@level":"debug","@line":37,"@message":"✅ Operations packed: result=1968018704377753803","@module":"flavor::psp::format_2025::operations","@pid":11921,"@timestamp":"2026-03-31T20:29:04.475032Z"}
{"@file":"src/psp/format_2025/operations.rs","@level":"debug","@line":37,"@message":"✅ Operations packed: result=16475711","@module":"flavor::psp::format_2025::operations","@pid":11921,"@timestamp":"2026-03-31T20:29:04.475047Z"}
{"@file":"src/psp/format_2025/operations.rs","@level":"debug","@line":60,"@message":"✅ Operations unpacked: count=8 operations=[203, 176, 194, 169, 149, 206, 79, 27]","@module":"flavor::psp::format_2025::operations","@pid":11921,"@timestamp":"2026-03-31T20:29:04.475052Z"}
{"@file":"src/psp/format_2025/operations.rs","@level":"debug","@line":60,"@message":"✅ Operations unpacked: count=3 operations=[63, 102, 251]","@module":"flavor::psp::format_2025::operations","@pid":11921,"@timestamp":"2026-03-31T20:29:04.475078Z"}
{"@file":"src/psp/format_2025/operations.rs","@level":"debug","@line":60,"@message":"✅ Operations unpacked: count=8 operations=[50, 29, 107, 13, 195, 212, 207, 23]","@module":"flavor::psp::format_2025::operations","@pid":11921,"@timestamp":"2026-03-31T20:29:04.475122Z"}
{"@file":"src/psp/format_2025/operations.rs","@level":"debug","@line":37,"@message":"✅ Operations packed: result=3537998","@module":"flavor::psp::format_2025::operations","@pid":11921,"@timestamp":"2026-03-31T20:29:04.475127Z"}
{"@file":"src/psp/format_2025/operations.rs","@level":"debug","@line":37,"@message":"✅ Operations packed: result=1715823917260283186","@module":"flavor::psp::format_2025::operations","@pid":11921,"@timestamp":"2026-03-31T20:29:04.475146Z"}
{"@file":"src/psp/format_2025/operations.rs","@level":"debug","@line":60,"@message":"✅ Operations unpacked: count=3 operations=[78, 252, 53]","@module":"flavor::psp::format_2025::operations","@pid":11921,"@timestamp":"2026-03-31T20:29:04.475158Z"}
{"@file":"src/psp/format_2025/operations.rs","@level":"debug","@line":60,"@message":"✅ Operations unpacked: count=8 operations=[50, 29, 107, 13, 195, 212, 207, 23]","@module":"flavor::psp::format_2025::operations","@pid":11921,"@timestamp":"2026-03-31T20:29:04.475168Z"}
{"@file":"src/psp/format_2025/operations.rs","@level":"debug","@line":37,"@message":"✅ Operations packed: result=98975520121375","@module":"flavor::psp::format_2025::operations","@pid":11921,"@timestamp":"2026-03-31T20:29:04.475211Z"}
{"@file":"src/psp/format_2025/operations.rs","@level":"debug","@line":60,"@message":"✅ Operations unpacked: count=8 operations=[56, 81, 141, 109, 246, 184, 25, 118]","@module":"flavor::psp::format_2025::operations","@pid":11921,"@timestamp":"2026-03-31T20:29:04.475216Z"}
{"@file":"src/psp/format_2025/operations.rs","@level":"debug","@line":60,"@message":"✅ Operations unpacked: count=6 operations=[31, 226, 183, 136, 4, 90]","@module":"flavor::psp::format_2025::operations","@pid":11921,"@timestamp":"2026-03-31T20:29:04.475230Z"}
{"@file":"src/psp/format_2025/operations.rs","@level":"debug","@line":37,"@message":"✅ Operations packed: result=8510036339432706360","@module":"flavor::psp::format_2025::operations","@pid":11921,"@timestamp":"2026-03-31T20:29:04.475235Z"}
{"@file":"src/psp/format_2025/operations.rs","@level":"debug","@line":60,"@message":"✅ Operations unpacked: count=8 operations=[56, 81, 141, 109, 246, 184, 25, 118]","@module":"flavor::psp::format_2025::operations","@pid":11921,"@timestamp":"2026-03-31T20:29:04.475252Z"}
{"@file":"src/psp/format_2025/operations.rs","@level":"debug","@line":37,"@message":"✅ Operations packed: result=28100681753","@module":"flavor::psp::format_2025::operations","@pid":11921,"@timestamp":"2026-03-31T20:29:04.475276Z"}
{"@file":"src/psp/format_2025/operations.rs","@level":"debug","@line":60,"@message":"✅ Operations unpacked: count=5 operations=[25, 96, 238, 138, 6]","@module":"flavor::psp::format_2025::operations","@pid":11921,"@timestamp":"2026-03-31T20:29:04.475294Z"}
{"@file":"src/psp/format_2025/operations.rs","@level":"debug","@line":60,"@message":"✅ Operations unpacked: count=8 operations=[235, 128, 195, 86, 190, 182, 89, 90]","@module":"flavor::psp::format_2025::operations","@pid":11921,"@timestamp":"2026-03-31T20:29:04.475298Z"}
{"@file":"src/psp/format_2025/operations.rs","@level":"debug","@line":37,"@message":"✅ Operations packed: result=6510435664956457195","@module":"flavor::psp::format_2025::operations","@pid":11921,"@timestamp":"2026-03-31T20:29:04.475317Z"}
{"@file":"src/psp/format_2025/operations.rs","@level":"debug","@line":60,"@message":"✅ Operations unpacked: count=8 operations=[235, 128, 195, 86, 190, 182, 89, 90]","@module":"flavor::psp::format_2025::operations","@pid":11921,"@timestamp":"2026-03-31T20:29:04.475334Z"}
{"@file":"src/psp/format_2025/operations.rs","@level":"debug","@line":37,"@message":"✅ Operations packed: result=115","@module":"flavor::psp::format_2025::operations","@pid":11921,"@timestamp":"2026-03-31T20:29:04.475340Z"}
{"@file":"src/psp/format_2025/operations.rs","@level":"debug","@line":60,"@message":"✅ Operations unpacked: count=1 operations=[115]","@module":"flavor::psp::format_2025::operations","@pid":11921,"@timestamp":"2026-03-31T20:29:04.475358Z"}
{"@file":"src/psp/format_2025/operations.rs","@level":"debug","@line":60,"@message":"✅ Operations unpacked: count=8 operations=[240, 217, 24, 90, 20, 102, 28, 70]","@module":"flavor::psp::format_2025::operations","@pid":11921,"@timestamp":"2026-03-31T20:29:04.475379Z"}
{"@file":"src/psp/format_2025/operations.rs","@level":"debug","@line":37,"@message":"✅ Operations packed: result=5052025119599811056","@module":"flavor::psp::format_2025::operations","@pid":11921,"@timestamp":"2026-03-31T20:29:04.475398Z"}
{"@file":"src/psp/format_2025/operations.rs","@level":"debug","@line":60,"@message":"✅ Operations unpacked: count=8 operations=[240, 217, 24, 90, 20, 102, 28, 70]","@module":"flavor::psp::format_2025::operations","@pid":11921,"@timestamp":"2026-03-31T20:29:04.475415Z"}
{"@file":"src/psp/format_2025/operations.rs","@level":"debug","@line":37,"@message":"✅ Operations packed: result=0","@module":"flavor::psp::format_2025::operations","@pid":11921,"@timestamp":"2026-03-31T20:29:04.475432Z"}
{"@file":"src/psp/format_2025/operations.rs","@level":"debug","@line":60,"@message":"✅ Operations unpacked: count=0 operations=[]","@module":"flavor::psp::format_2025::operations","@pid":11921,"@timestamp":"2026-03-31T20:29:04.475459Z"}
{"@file":"src/psp/format_2025/operations.rs","@level":"debug","@line":60,"@message":"✅ Operations unpacked: count=8 operations=[143, 80, 40, 225, 133, 100, 68, 93]","@module":"flavor::psp::format_2025::operations","@pid":11921,"@timestamp":"2026-03-31T20:29:04.475461Z"}
{"@file":"src/psp/format_2025/operations.rs","@level":"debug","@line":37,"@message":"✅ Operations packed: result=6720607070114566287","@module":"flavor::psp::format_2025::operations","@pid":11921,"@timestamp":"2026-03-31T20:29:04.475489Z"}
{"@file":"src/psp/format_2025/operations.rs","@level":"debug","@line":60,"@message":"✅ Operations unpacked: count=8 operations=[143, 80, 40, 225, 133, 100, 68, 93]","@module":"flavor::psp::format_2025::operations","@pid":11921,"@timestamp":"2026-03-31T20:29:04.475506Z"}
{"@file":"src/psp/format_2025/operations.rs","@level":"debug","@line":37,"@message":"✅ Operations packed: result=15275422","@module":"flavor::psp::format_2025::operations","@pid":11921,"@timestamp":"2026-03-31T20:29:04.475511Z"}
{"@file":"src/psp/format_2025/operations.rs","@level":"debug","@line":60,"@message":"✅ Operations unpacked: count=3 operations=[158, 21, 233]","@module":"flavor::psp::format_2025::operations","@pid":11921,"@timestamp":"2026-03-31T20:29:04.475545Z"}
{"@file":"src/psp/format_2025/operations.rs","@level":"debug","@line":60,"@message":"✅ Operations unpacked: count=8 operations=[237, 31, 242, 181, 165, 46, 187, 160]","@module":"flavor::psp::format_2025::operations","@pid":11921,"@timestamp":"2026-03-31T20:29:04.475555Z"}
{"@file":"src/psp/format_2025/operations.rs","@level":"debug","@line":37,"@message":"✅ Operations packed: result=11581902155970387949","@module":"flavor::psp::format_2025::operations","@pid":11921,"@timestamp":"2026-03-31T20:29:04.475581Z"}
{"@file":"src/psp/format_2025/operations.rs","@level":"debug","@line":37,"@message":"✅ Operations packed: result=15173007","@module":"flavor::psp::format_2025::operations","@pid":11921,"@timestamp":"2026-03-31T20:29:04.475593Z"}
{"@file":"src/psp/format_2025/operations.rs","@level":"debug","@line":60,"@message":"✅ Operations unpacked: count=8 operations=[237, 31, 242, 181, 165, 46, 187, 160]","@module":"flavor::psp::format_2025::operations","@pid":11921,"@timestamp":"2026-03-31T20:29:04.475605Z"}
{"@file":"src/psp/format_2025/operations.rs","@level":"debug","@line":60,"@message":"✅ Operations unpacked: count=3 operations=[143, 133, 231]","@module":"flavor::psp::format_2025::operations","@pid":11921,"@timestamp":"2026-03-31T20:29:04.475620Z"}
{"@file":"src/psp/format_2025/operations.rs","@level":"debug","@line":60,"@message":"✅ Operations unpacked: count=8 operations=[156, 60, 47, 159, 34, 170, 169, 51]","@module":"flavor::psp::format_2025::operations","@pid":11921,"@timestamp":"2026-03-31T20:29:04.475661Z"}
{"@file":"src/psp/format_2025/operations.rs","@level":"debug","@line":37,"@message":"✅ Operations packed: result=6452738","@module":"flavor::psp::format_2025::operations","@pid":11921,"@timestamp":"2026-03-31T20:29:04.475674Z"}
{"@file":"src/psp/format_2025/operations.rs","@level":"debug","@line":37,"@message":"✅ Operations packed: result=3722693632674708636","@module":"flavor::psp::format_2025::operations","@pid":11921,"@timestamp":"2026-03-31T20:29:04.475691Z"}
{"@file":"src/psp/format_2025/operations.rs","@level":"debug","@line":60,"@message":"✅ Operations unpacked: count=3 operations=[2, 118, 98]","@module":"flavor::psp::format_2025::operations","@pid":11921,"@timestamp":"2026-03-31T20:29:04.475701Z"}
{"@file":"src/psp/format_2025/operations.rs","@level":"debug","@line":60,"@message":"✅ Operations unpacked: count=8 operations=[156, 60, 47, 159, 34, 170, 169, 51]","@module":"flavor::psp::format_2025::operations","@pid":11921,"@timestamp":"2026-03-31T20:29:04.475718Z"}
{"@file":"src/psp/format_2025/operations.rs","@level":"debug","@line":37,"@message":"✅ Operations packed: result=27798314570828","@module":"flavor::psp::format_2025::operations","@pid":11921,"@timestamp":"2026-03-31T20:29:04.475755Z"}
{"@file":"src/psp/format_2025/operations.rs","@level":"debug","@line":60,"@message":"✅ Operations unpacked: count=8 operations=[137, 238, 221, 16, 68, 206, 196, 252]","@module":"flavor::psp::format_2025::operations","@pid":11921,"@timestamp":"2026-03-31T20:29:04.475775Z"}
{"@file":"src/psp/format_2025/operations.rs","@level":"debug","@line":60,"@message":"✅ Operations unpacked: count=6 operations=[76, 84, 170, 76, 72, 25]","@module":"flavor::psp::format_2025::operations","@pid":11921,"@timestamp":"2026-03-31T20:29:04.475782Z"}
{"@file":"src/psp/format_2025/operations.rs","@level":"debug","@line":37,"@message":"✅ Operations packed: result=18213909584729206409","@module":"flavor::psp::format_2025::operations","@pid":11921,"@timestamp":"2026-03-31T20:29:04.475803Z"}
{"@file":"src/psp/format_2025/operations.rs","@level":"debug","@line":60,"@message":"✅ Operations unpacked: count=8 operations=[137, 238, 221, 16, 68, 206, 196, 252]","@module":"flavor::psp::format_2025::operations","@pid":11921,"@timestamp":"2026-03-31T20:29:04.475829Z"}
{"@file":"src/psp/format_2025/operations.rs","@level":"debug","@line":37,"@message":"✅ Operations packed: result=78303799338728","@module":"flavor::psp::format_2025::operations","@pid":11921,"@timestamp":"2026-03-31T20:29:04.475846Z"}
{"@file":"src/psp/format_2025/operations.rs","@level":"debug","@line":60,"@message":"✅ Operations unpacked: count=6 operations=[232, 230, 36, 134, 55, 71]","@module":"flavor::psp::format_2025::operations","@pid":11921,"@timestamp":"2026-03-31T20:29:04.475873Z"}
{"@file":"src/psp/format_2025/operations.rs","@level":"debug","@line":60,"@message":"✅ Operations unpacked: count=8 operations=[49, 108, 247, 102, 81, 247, 70, 64]","@module":"flavor::psp::format_2025::operations","@pid":11921,"@timestamp":"2026-03-31T20:29:04.475883Z"}
{"@file":"src/psp/format_2025/operations.rs","@level":"debug","@line":37,"@message":"✅ Operations packed: result=4631661195789036593","@module":"flavor::psp::format_2025::operations","@pid":11921,"@timestamp":"2026-03-31T20:29:04.475913Z"}
{"@file":"src/psp/format_2025/operations.rs","@level":"debug","@line":37,"@message":"✅ Operations packed: result=8152751459893816230","@module":"flavor::psp::format_2025::operations","@pid":11921,"@timestamp":"2026-03-31T20:29:04.475925Z"}
{"@file":"src/psp/format_2025/operations.rs","@level":"debug","@line":60,"@message":"✅ Operations unpacked: count=8 operations=[49, 108, 247, 102, 81, 247, 70, 64]","@module":"flavor::psp::format_2025::operations","@pid":11921,"@timestamp":"2026-03-31T20:29:04.475934Z"}
{"@file":"src/psp/format_2025/operations.rs","@level":"debug","@line":60,"@message":"✅ Operations unpacked: count=8 operations=[166, 171, 4, 245, 65, 100, 36, 113]","@module":"flavor::psp::format_2025::operations","@pid":11921,"@timestamp":"2026-03-31T20:29:04.475958Z"}
{"@file":"src/psp/format_2025/operations.rs","@level":"debug","@line":60,"@message":"✅ Operations unpacked: count=8 operations=[194, 167, 253, 207, 85, 167, 159, 42]","@module":"flavor::psp::format_2025::operations","@pid":11921,"@timestamp":"2026-03-31T20:29:04.476006Z"}
{"@file":"src/psp/format_2025/operations.rs","@level":"debug","@line":37,"@message":"✅ Operations packed: result=268588480464","@module":"flavor::psp::format_2025::operations","@pid":11921,"@timestamp":"2026-03-31T20:29:04.476016Z"}
{"@file":"src/psp/format_2025/operations.rs","@level":"debug","@line":37,"@message":"✅ Operations packed: result=3071357457893533634","@module":"flavor::psp::format_2025::operations","@pid":11921,"@timestamp":"2026-03-31T20:29:04.476028Z"}
{"@file":"src/psp/format_2025/operations.rs","@level":"debug","@line":60,"@message":"✅ Operations unpacked: count=5 operations=[208, 247, 30, 137, 62]","@module":"flavor::psp::format_2025::operations","@pid":11921,"@timestamp":"2026-03-31T20:29:04.476033Z"}
{"@file":"src/psp/format_2025/operations.rs","@level":"debug","@line":60,"@message":"✅ Operations unpacked: count=8 operations=[194, 167, 253, 207, 85, 167, 159, 42]","@module":"flavor::psp::format_2025::operations","@pid":11921,"@timestamp":"2026-03-31T20:29:04.476047Z"}
{"@file":"src/psp/format_2025/operations.rs","@level":"debug","@line":37,"@message":"✅ Operations packed: result=15022","@module":"flavor::psp::format_2025::operations","@pid":11921,"@timestamp":"2026-03-31T20:29:04.476078Z"}
{"@file":"src/psp/format_2025/operations.rs","@level":"debug","@line":60,"@message":"✅ Operations unpacked: count=8 operations=[60, 59, 26, 173, 234, 220, 174, 188]","@module":"flavor::psp::format_2025::operations","@pid":11921,"@timestamp":"2026-03-31T20:29:04.476092Z"}
{"@file":"src/psp/format_2025/operations.rs","@level":"debug","@line":60,"@message":"✅ Operations unpacked: count=2 operations=[174, 58]","@module":"flavor::psp::format_2025::operations","@pid":11921,"@timestamp":"2026-03-31T20:29:04.476096Z"}
{"@file":"src/psp/format_2025/operations.rs","@level":"debug","@line":37,"@message":"✅ Operations packed: result=13596047225562741564","@module":"flavor::psp::format_2025::operations","@pid":11921,"@timestamp":"2026-03-31T20:29:04.476113Z"}
{"@file":"src/psp/format_2025/operations.rs","@level":"debug","@line":60,"@message":"✅ Operations unpacked: count=8 operations=[60, 59, 26, 173, 234, 220, 174, 188]","@module":"flavor::psp::format_2025::operations","@pid":11921,"@timestamp":"2026-03-31T20:29:04.476130Z"}
{"@file":"src/psp/format_2025/operations.rs","@level":"debug","@line":37,"@message":"✅ Operations packed: result=7951950478263263","@module":"flavor::psp::format_2025::operations","@pid":11921,"@timestamp":"2026-03-31T20:29:04.476147Z"}
{"@file":"src/psp/format_2025/operations.rs","@level":"debug","@line":60,"@message":"✅ Operations unpacked: count=7 operations=[223, 67, 135, 191, 65, 64, 28]","@module":"flavor::psp::format_2025::operations","@pid":11921,"@timestamp":"2026-03-31T20:29:04.476166Z"}
{"@file":"src/psp/format_2025/operations.rs","@level":"debug","@line":60,"@message":"✅ Operations unpacked: count=8 operations=[52, 207, 247, 248, 82, 246, 88, 175]","@module":"flavor::psp::format_2025::operations","@pid":11921,"@timestamp":"2026-03-31T20:29:04.476177Z"}
{"@file":"src/psp/format_2025/operations.rs","@level":"debug","@line":37,"@message":"✅ Operations packed: result=12635119590812667700","@module":"flavor::psp::format_2025::operations","@pid":11921,"@timestamp":"2026-03-31T20:29:04.476198Z"}
{"@file":"src/psp/format_2025/operations.rs","@level":"debug","@line":37,"@message":"✅ Operations packed: result=219345304418121","@module":"flavor::psp::format_2025::operations","@pid":11921,"@timestamp":"2026-03-31T20:29:04.476216Z"}
{"@file":"src/psp/format_2025/operations.rs","@level":"debug","@line":60,"@message":"✅ Operations unpacked: count=8 operations=[52, 207, 247, 248, 82, 246, 88, 175]","@module":"flavor::psp::format_2025::operations","@pid":11921,"@timestamp":"2026-03-31T20:29:04.476216Z"}
{"@file":"src/psp/format_2025/operations.rs","@level":"debug","@line":60,"@message":"✅ Operations unpacked: count=6 operations=[73, 247, 243, 78, 126, 199]","@module":"flavor::psp::format_2025::operations","@pid":11921,"@timestamp":"2026-03-31T20:29:04.476237Z"}
{"@file":"src/psp/format_2025/operations.rs","@level":"debug","@line":60,"@message":"✅ Operations unpacked: count=8 operations=[51, 252, 140, 146, 113, 150, 56, 217]","@module":"flavor::psp::format_2025::operations","@pid":11921,"@timestamp":"2026-03-31T20:29:04.476285Z"}
{"@file":"src/psp/format_2025/operations.rs","@level":"debug","@line":37,"@message":"✅ Operations packed: result=60129667520530","@module":"flavor::psp::format_2025::operations","@pid":11921,"@timestamp":"2026-03-31T20:29:04.476295Z"}
{"@file":"src/psp/format_2025/operations.rs","@level":"debug","@line":37,"@message":"✅ Operations packed: result=15652425919460342835","@module":"flavor::psp::format_2025::operations","@pid":11921,"@timestamp":"2026-03-31T20:29:04.476314Z"}
{"@file":"src/psp/format_2025/operations.rs","@level":"debug","@line":60,"@message":"✅ Operations unpacked: count=6 operations=[18, 24, 121, 7, 176, 54]","@module":"flavor::psp::format_2025::operations","@pid":11921,"@timestamp":"2026-03-31T20:29:04.476324Z"}
{"@file":"src/psp/format_2025/operations.rs","@level":"debug","@line":60,"@message":"✅ Operations unpacked: count=8 operations=[51, 252, 140, 146, 113, 150, 56, 217]","@module":"flavor::psp::format_2025::operations","@pid":11921,"@timestamp":"2026-03-31T20:29:04.476341Z"}
{"@file":"src/psp/format_2025/operations.rs","@level":"debug","@line":37,"@message":"✅ Operations packed: result=0","@module":"flavor::psp::format_2025::operations","@pid":11921,"@timestamp":"2026-03-31T20:29:04.476382Z"}
{"@file":"src/psp/format_2025/operations.rs","@level":"debug","@line":60,"@message":"✅ Operations unpacked: count=8 operations=[18, 161, 97, 237, 252, 183, 242, 206]","@module":"flavor::psp::format_2025::operations","@pid":11921,"@timestamp":"2026-03-31T20:29:04.476394Z"}
{"@file":"src/psp/format_2025/operations.rs","@level":"debug","@line":60,"@message":"✅ Operations unpacked: count=0 operations=[]","@module":"flavor::psp::format_2025::operations","@pid":11921,"@timestamp":"2026-03-31T20:29:04.476407Z"}
{"@file":"src/psp/format_2025/operations.rs","@level":"debug","@line":37,"@message":"✅ Operations packed: result=14912183613119373586","@module":"flavor::psp::format_2025::operations","@pid":11921,"@timestamp":"2026-03-31T20:29:04.476421Z"}
{"@file":"src/psp/format_2025/operations.rs","@level":"debug","@line":60,"@message":"✅ Operations unpacked: count=8 operations=[18, 161, 97, 237, 252, 183, 242, 206]","@module":"flavor::psp::format_2025::operations","@pid":11921,"@timestamp":"2026-03-31T20:29:04.476447Z"}
{"@file":"src/psp/format_2025/operations.rs","@level":"debug","@line":37,"@message":"✅ Operations packed: result=45278","@module":"flavor::psp::format_2025::operations","@pid":11921,"@timestamp":"2026-03-31T20:29:04.476465Z"}
{"@file":"src/psp/format_2025/operations.rs","@level":"debug","@line":60,"@message":"✅ Operations unpacked: count=2 operations=[222, 176]","@module":"flavor::psp::format_2025::operations","@pid":11921,"@timestamp":"2026-03-31T20:29:04.476492Z"}
{"@file":"src/psp/format_2025/operations.rs","@level":"debug","@line":60,"@message":"✅ Operations unpacked: count=8 operations=[54, 255, 73, 35, 47, 12, 114, 240]","@module":"flavor::psp::format_2025::operations","@pid":11921,"@timestamp":"2026-03-31T20:29:04.476493Z"}
{"@file":"src/psp/format_2025/operations.rs","@level":"debug","@line":37,"@message":"✅ Operations packed: result=17325924113042767670","@module":"flavor::psp::format_2025::operations","@pid":11921,"@timestamp":"2026-03-31T20:29:04.476521Z"}
test psp::format_2025::operations::tests::prop_pack_unpack_roundtrip ... ok{"@file":"src/psp/format_2025/operations.rs","@level":"debug","@line":60,"@message":"✅ Operations unpacked: count=8 operations=[54, 255, 73, 35, 47, 12, 114, 240]","@module":"flavor::psp::format_2025::operations","@pid":11921,"@timestamp":"2026-03-31T20:29:04.476541Z"}

{"@file":"src/psp/format_2025/operations.rs","@level":"debug","@line":60,"@message":"✅ Operations unpacked: count=8 operations=[123, 110, 58, 180, 151, 29, 183, 86]","@module":"flavor::psp::format_2025::operations","@pid":11921,"@timestamp":"2026-03-31T20:29:04.476586Z"}
{"@file":"src/psp/format_2025/operations.rs","@level":"debug","@line":37,"@message":"✅ Operations packed: result=6248495545400847995","@module":"flavor::psp::format_2025::operations","@pid":11921,"@timestamp":"2026-03-31T20:29:04.476609Z"}
{"@file":"src/psp/format_2025/operations.rs","@level":"debug","@line":60,"@message":"✅ Operations unpacked: count=8 operations=[123, 110, 58, 180, 151, 29, 183, 86]","@module":"flavor::psp::format_2025::operations","@pid":11921,"@timestamp":"2026-03-31T20:29:04.476628Z"}
{"@file":"src/psp/format_2025/operations.rs","@level":"debug","@line":60,"@message":"✅ Operations unpacked: count=8 operations=[76, 8, 46, 117, 253, 37, 139, 157]","@module":"flavor::psp::format_2025::operations","@pid":11921,"@timestamp":"2026-03-31T20:29:04.476673Z"}
{"@file":"src/psp/format_2025/operations.rs","@level":"debug","@line":37,"@message":"✅ Operations packed: result=11352209056240371788","@module":"flavor::psp::format_2025::operations","@pid":11921,"@timestamp":"2026-03-31T20:29:04.476695Z"}
{"@file":"src/psp/format_2025/operations.rs","@level":"debug","@line":60,"@message":"✅ Operations unpacked: count=8 operations=[76, 8, 46, 117, 253, 37, 139, 157]","@module":"flavor::psp::format_2025::operations","@pid":11921,"@timestamp":"2026-03-31T20:29:04.476713Z"}
{"@file":"src/psp/format_2025/operations.rs","@level":"debug","@line":60,"@message":"✅ Operations unpacked: count=8 operations=[254, 80, 219, 20, 57, 5, 124, 1]","@module":"flavor::psp::format_2025::operations","@pid":11921,"@timestamp":"2026-03-31T20:29:04.476760Z"}
{"@file":"src/psp/format_2025/operations.rs","@level":"debug","@line":37,"@message":"✅ Operations packed: result=106966233871241470","@module":"flavor::psp::format_2025::operations","@pid":11921,"@timestamp":"2026-03-31T20:29:04.476778Z"}
{"@file":"src/psp/format_2025/operations.rs","@level":"debug","@line":60,"@message":"✅ Operations unpacked: count=8 operations=[254, 80, 219, 20, 57, 5, 124, 1]","@module":"flavor::psp::format_2025::operations","@pid":11921,"@timestamp":"2026-03-31T20:29:04.476795Z"}
{"@file":"src/psp/format_2025/operations.rs","@level":"debug","@line":60,"@message":"✅ Operations unpacked: count=8 operations=[67, 5, 159, 6, 62, 169, 248, 30]","@module":"flavor::psp::format_2025::operations","@pid":11921,"@timestamp":"2026-03-31T20:29:04.476842Z"}
{"@file":"src/psp/format_2025/operations.rs","@level":"debug","@line":37,"@message":"✅ Operations packed: result=2231719699226232131","@module":"flavor::psp::format_2025::operations","@pid":11921,"@timestamp":"2026-03-31T20:29:04.476860Z"}
{"@file":"src/psp/format_2025/operations.rs","@level":"debug","@line":60,"@message":"✅ Operations unpacked: count=8 operations=[67, 5, 159, 6, 62, 169, 248, 30]","@module":"flavor::psp::format_2025::operations","@pid":11921,"@timestamp":"2026-03-31T20:29:04.476878Z"}
{"@file":"src/psp/format_2025/operations.rs","@level":"debug","@line":60,"@message":"✅ Operations unpacked: count=8 operations=[211, 155, 44, 58, 12, 125, 197, 6]","@module":"flavor::psp::format_2025::operations","@pid":11921,"@timestamp":"2026-03-31T20:29:04.476923Z"}
{"@file":"src/psp/format_2025/operations.rs","@level":"debug","@line":37,"@message":"✅ Operations packed: result=487933626108648403","@module":"flavor::psp::format_2025::operations","@pid":11921,"@timestamp":"2026-03-31T20:29:04.476941Z"}
{"@file":"src/psp/format_2025/operations.rs","@level":"debug","@line":60,"@message":"✅ Operations unpacked: count=8 operations=[211, 155, 44, 58, 12, 125, 197, 6]","@module":"flavor::psp::format_2025::operations","@pid":11921,"@timestamp":"2026-03-31T20:29:04.476960Z"}
{"@file":"src/psp/format_2025/operations.rs","@level":"debug","@line":60,"@message":"✅ Operations unpacked: count=8 operations=[216, 237, 106, 203, 168, 171, 18, 250]","@module":"flavor::psp::format_2025::operations","@pid":11921,"@timestamp":"2026-03-31T20:29:04.477006Z"}
{"@file":"src/psp/format_2025/operations.rs","@level":"debug","@line":37,"@message":"✅ Operations packed: result=18019653800518413784","@module":"flavor::psp::format_2025::operations","@pid":11921,"@timestamp":"2026-03-31T20:29:04.477024Z"}
{"@file":"src/psp/format_2025/operations.rs","@level":"debug","@line":60,"@message":"✅ Operations unpacked: count=8 operations=[216, 237, 106, 203, 168, 171, 18, 250]","@module":"flavor::psp::format_2025::operations","@pid":11921,"@timestamp":"2026-03-31T20:29:04.477041Z"}
{"@file":"src/psp/format_2025/operations.rs","@level":"debug","@line":60,"@message":"✅ Operations unpacked: count=8 operations=[42, 230, 87, 132, 115, 194, 249, 33]","@module":"flavor::psp::format_2025::operations","@pid":11921,"@timestamp":"2026-03-31T20:29:04.477086Z"}
{"@file":"src/psp/format_2025/operations.rs","@level":"debug","@line":37,"@message":"✅ Operations packed: result=2448201673849955882","@module":"flavor::psp::format_2025::operations","@pid":11921,"@timestamp":"2026-03-31T20:29:04.477108Z"}
{"@file":"src/psp/format_2025/operations.rs","@level":"debug","@line":60,"@message":"✅ Operations unpacked: count=8 operations=[42, 230, 87, 132, 115, 194, 249, 33]","@module":"flavor::psp::format_2025::operations","@pid":11921,"@timestamp":"2026-03-31T20:29:04.477125Z"}
{"@file":"src/psp/format_2025/operations.rs","@level":"debug","@line":60,"@message":"✅ Operations unpacked: count=8 operations=[88, 158, 20, 43, 106, 128, 103, 203]","@module":"flavor::psp::format_2025::operations","@pid":11921,"@timestamp":"2026-03-31T20:29:04.477170Z"}
{"@file":"src/psp/format_2025/operations.rs","@level":"debug","@line":37,"@message":"✅ Operations packed: result=14656824705778228824","@module":"flavor::psp::format_2025::operations","@pid":11921,"@timestamp":"2026-03-31T20:29:04.477189Z"}
{"@file":"src/psp/format_2025/operations.rs","@level":"debug","@line":60,"@message":"✅ Operations unpacked: count=8 operations=[88, 158, 20, 43, 106, 128, 103, 203]","@module":"flavor::psp::format_2025::operations","@pid":11921,"@timestamp":"2026-03-31T20:29:04.477206Z"}
{"@file":"src/psp/format_2025/operations.rs","@level":"debug","@line":60,"@message":"✅ Operations unpacked: count=8 operations=[23, 218, 112, 76, 150, 202, 20, 224]","@module":"flavor::psp::format_2025::operations","@pid":11921,"@timestamp":"2026-03-31T20:29:04.477251Z"}
{"@file":"src/psp/format_2025/operations.rs","@level":"debug","@line":37,"@message":"✅ Operations packed: result=16146753310906440215","@module":"flavor::psp::format_2025::operations","@pid":11921,"@timestamp":"2026-03-31T20:29:04.477270Z"}
{"@file":"src/psp/format_2025/operations.rs","@level":"debug","@line":60,"@message":"✅ Operations unpacked: count=8 operations=[23, 218, 112, 76, 150, 202, 20, 224]","@module":"flavor::psp::format_2025::operations","@pid":11921,"@timestamp":"2026-03-31T20:29:04.477288Z"}
{"@file":"src/psp/format_2025/operations.rs","@level":"debug","@line":60,"@message":"✅ Operations unpacked: count=8 operations=[153, 14, 55, 232, 60, 101, 111, 100]","@module":"flavor::psp::format_2025::operations","@pid":11921,"@timestamp":"2026-03-31T20:29:04.477334Z"}
{"@file":"src/psp/format_2025/operations.rs","@level":"debug","@line":37,"@message":"✅ Operations packed: result=7237114438476041881","@module":"flavor::psp::format_2025::operations","@pid":11921,"@timestamp":"2026-03-31T20:29:04.477352Z"}
{"@file":"src/psp/format_2025/operations.rs","@level":"debug","@line":60,"@message":"✅ Operations unpacked: count=8 operations=[153, 14, 55, 232, 60, 101, 111, 100]","@module":"flavor::psp::format_2025::operations","@pid":11921,"@timestamp":"2026-03-31T20:29:04.477369Z"}
{"@file":"src/psp/format_2025/operations.rs","@level":"debug","@line":60,"@message":"✅ Operations unpacked: count=8 operations=[52, 232, 47, 224, 185, 4, 97, 189]","@module":"flavor::psp::format_2025::operations","@pid":11921,"@timestamp":"2026-03-31T20:29:04.477413Z"}
{"@file":"src/psp/format_2025/operations.rs","@level":"debug","@line":37,"@message":"✅ Operations packed: result=13646193542286010420","@module":"flavor::psp::format_2025::operations","@pid":11921,"@timestamp":"2026-03-31T20:29:04.477432Z"}
{"@file":"src/psp/format_2025/operations.rs","@level":"debug","@line":60,"@message":"✅ Operations unpacked: count=8 operations=[52, 232, 47, 224, 185, 4, 97, 189]","@module":"flavor::psp::format_2025::operations","@pid":11921,"@timestamp":"2026-03-31T20:29:04.477450Z"}
{"@file":"src/psp/format_2025/operations.rs","@level":"debug","@line":60,"@message":"✅ Operations unpacked: count=8 operations=[72, 47, 242, 123, 38, 238, 139, 154]","@module":"flavor::psp::format_2025::operations","@pid":11921,"@timestamp":"2026-03-31T20:29:04.477495Z"}
{"@file":"src/psp/format_2025/operations.rs","@level":"debug","@line":37,"@message":"✅ Operations packed: result=11136256352659320648","@module":"flavor::psp::format_2025::operations","@pid":11921,"@timestamp":"2026-03-31T20:29:04.477514Z"}
{"@file":"src/psp/format_2025/operations.rs","@level":"debug","@line":60,"@message":"✅ Operations unpacked: count=8 operations=[72, 47, 242, 123, 38, 238, 139, 154]","@module":"flavor::psp::format_2025::operations","@pid":11921,"@timestamp":"2026-03-31T20:29:04.477531Z"}
{"@file":"src/psp/format_2025/operations.rs","@level":"debug","@line":60,"@message":"✅ Operations unpacked: count=8 operations=[171, 194, 8, 75, 212, 57, 6, 248]","@module":"flavor::psp::format_2025::operations","@pid":11921,"@timestamp":"2026-03-31T20:29:04.477576Z"}
{"@file":"src/psp/format_2025/operations.rs","@level":"debug","@line":37,"@message":"✅ Operations packed: result=17872035755221107371","@module":"flavor::psp::format_2025::operations","@pid":11921,"@timestamp":"2026-03-31T20:29:04.477598Z"}
{"@file":"src/psp/format_2025/operations.rs","@level":"debug","@line":60,"@message":"✅ Operations unpacked: count=8 operations=[171, 194, 8, 75, 212, 57, 6, 248]","@module":"flavor::psp::format_2025::operations","@pid":11921,"@timestamp":"2026-03-31T20:29:04.477615Z"}
{"@file":"src/psp/format_2025/operations.rs","@level":"debug","@line":60,"@message":"✅ Operations unpacked: count=8 operations=[115, 186, 138, 57, 75, 1, 223, 184]","@module":"flavor::psp::format_2025::operations","@pid":11921,"@timestamp":"2026-03-31T20:29:04.477661Z"}
{"@file":"src/psp/format_2025/operations.rs","@level":"debug","@line":37,"@message":"✅ Operations packed: result=13321367645384784499","@module":"flavor::psp::format_2025::operations","@pid":11921,"@timestamp":"2026-03-31T20:29:04.477679Z"}
{"@file":"src/psp/format_2025/operations.rs","@level":"debug","@line":60,"@message":"✅ Operations unpacked: count=8 operations=[115, 186, 138, 57, 75, 1, 223, 184]","@module":"flavor::psp::format_2025::operations","@pid":11921,"@timestamp":"2026-03-31T20:29:04.477701Z"}
{"@file":"src/psp/format_2025/operations.rs","@level":"debug","@line":60,"@message":"✅ Operations unpacked: count=8 operations=[130, 26, 24, 233, 195, 154, 243, 165]","@module":"flavor::psp::format_2025::operations","@pid":11921,"@timestamp":"2026-03-31T20:29:04.477745Z"}
{"@file":"src/psp/format_2025/operations.rs","@level":"debug","@line":37,"@message":"✅ Operations packed: result=11958071601818770050","@module":"flavor::psp::format_2025::operations","@pid":11921,"@timestamp":"2026-03-31T20:29:04.477786Z"}
{"@file":"src/psp/format_2025/operations.rs","@level":"debug","@line":60,"@message":"✅ Operations unpacked: count=8 operations=[130, 26, 24, 233, 195, 154, 243, 165]","@module":"flavor::psp::format_2025::operations","@pid":11921,"@timestamp":"2026-03-31T20:29:04.477806Z"}
{"@file":"src/psp/format_2025/operations.rs","@level":"debug","@line":60,"@message":"✅ Operations unpacked: count=8 operations=[41, 157, 31, 97, 255, 104, 212, 98]","@module":"flavor::psp::format_2025::operations","@pid":11921,"@timestamp":"2026-03-31T20:29:04.477853Z"}
{"@file":"src/psp/format_2025/operations.rs","@level":"debug","@line":37,"@message":"✅ Operations packed: result=7121432356835007785","@module":"flavor::psp::format_2025::operations","@pid":11921,"@timestamp":"2026-03-31T20:29:04.477872Z"}
{"@file":"src/psp/format_2025/operations.rs","@level":"debug","@line":60,"@message":"✅ Operations unpacked: count=8 operations=[41, 157, 31, 97, 255, 104, 212, 98]","@module":"flavor::psp::format_2025::operations","@pid":11921,"@timestamp":"2026-03-31T20:29:04.477891Z"}
{"@file":"src/psp/format_2025/operations.rs","@level":"debug","@line":60,"@message":"✅ Operations unpacked: count=8 operations=[10, 211, 38, 153, 242, 54, 179, 219]","@module":"flavor::psp::format_2025::operations","@pid":11921,"@timestamp":"2026-03-31T20:29:04.477939Z"}
{"@file":"src/psp/format_2025/operations.rs","@level":"debug","@line":37,"@message":"✅ Operations packed: result=15831057530716869386","@module":"flavor::psp::format_2025::operations","@pid":11921,"@timestamp":"2026-03-31T20:29:04.477959Z"}
{"@file":"src/psp/format_2025/operations.rs","@level":"debug","@line":60,"@message":"✅ Operations unpacked: count=8 operations=[10, 211, 38, 153, 242, 54, 179, 219]","@module":"flavor::psp::format_2025::operations","@pid":11921,"@timestamp":"2026-03-31T20:29:04.477977Z"}
{"@file":"src/psp/format_2025/operations.rs","@level":"debug","@line":60,"@message":"✅ Operations unpacked: count=8 operations=[74, 42, 187, 71, 183, 69, 182, 211]","@module":"flavor::psp::format_2025::operations","@pid":11921,"@timestamp":"2026-03-31T20:29:04.478022Z"}
{"@file":"src/psp/format_2025/operations.rs","@level":"debug","@line":37,"@message":"✅ Operations packed: result=15255457441248913994","@module":"flavor::psp::format_2025::operations","@pid":11921,"@timestamp":"2026-03-31T20:29:04.478043Z"}
{"@file":"src/psp/format_2025/operations.rs","@level":"debug","@line":60,"@message":"✅ Operations unpacked: count=8 operations=[74, 42, 187, 71, 183, 69, 182, 211]","@module":"flavor::psp::format_2025::operations","@pid":11921,"@timestamp":"2026-03-31T20:29:04.478062Z"}
{"@file":"src/psp/format_2025/operations.rs","@level":"debug","@line":60,"@message":"✅ Operations unpacked: count=8 operations=[104, 111, 56, 238, 141, 237, 160, 159]","@module":"flavor::psp::format_2025::operations","@pid":11921,"@timestamp":"2026-03-31T20:29:04.478123Z"}
{"@file":"src/psp/format_2025/operations.rs","@level":"debug","@line":37,"@message":"✅ Operations packed: result=11502454642147094376","@module":"flavor::psp::format_2025::operations","@pid":11921,"@timestamp":"2026-03-31T20:29:04.478150Z"}
{"@file":"src/psp/format_2025/operations.rs","@level":"debug","@line":60,"@message":"✅ Operations unpacked: count=8 operations=[104, 111, 56, 238, 141, 237, 160, 159]","@module":"flavor::psp::format_2025::operations","@pid":11921,"@timestamp":"2026-03-31T20:29:04.478170Z"}
{"@file":"src/psp/format_2025/operations.rs","@level":"debug","@line":60,"@message":"✅ Operations unpacked: count=8 operations=[184, 3, 253, 11, 12, 106, 190, 112]","@module":"flavor::psp::format_2025::operations","@pid":11921,"@timestamp":"2026-03-31T20:29:04.478216Z"}
{"@file":"src/psp/format_2025/operations.rs","@level":"debug","@line":37,"@message":"✅ Operations packed: result=8124047377796236216","@module":"flavor::psp::format_2025::operations","@pid":11921,"@timestamp":"2026-03-31T20:29:04.478236Z"}
{"@file":"src/psp/format_2025/operations.rs","@level":"debug","@line":60,"@message":"✅ Operations unpacked: count=8 operations=[184, 3, 253, 11, 12, 106, 190, 112]","@module":"flavor::psp::format_2025::operations","@pid":11921,"@timestamp":"2026-03-31T20:29:04.478255Z"}
{"@file":"src/psp/format_2025/operations.rs","@level":"debug","@line":60,"@message":"✅ Operations unpacked: count=8 operations=[111, 118, 201, 11, 10, 96, 175, 42]","@module":"flavor::psp::format_2025::operations","@pid":11921,"@timestamp":"2026-03-31T20:29:04.478300Z"}
{"@file":"src/psp/format_2025/operations.rs","@level":"debug","@line":37,"@message":"✅ Operations packed: result=3075782666781029999","@module":"flavor::psp::format_2025::operations","@pid":11921,"@timestamp":"2026-03-31T20:29:04.478320Z"}
{"@file":"src/psp/format_2025/operations.rs","@level":"debug","@line":60,"@message":"✅ Operations unpacked: count=8 operations=[111, 118, 201, 11, 10, 96, 175, 42]","@module":"flavor::psp::format_2025::operations","@pid":11921,"@timestamp":"2026-03-31T20:29:04.478338Z"}
{"@file":"src/psp/format_2025/operations.rs","@level":"debug","@line":60,"@message":"✅ Operations unpacked: count=8 operations=[160, 249, 238, 103, 16, 61, 253, 130]","@module":"flavor::psp::format_2025::operations","@pid":11921,"@timestamp":"2026-03-31T20:29:04.478387Z"}
{"@file":"src/psp/format_2025/operations.rs","@level":"debug","@line":37,"@message":"✅ Operations packed: result=9438767534710913440","@module":"flavor::psp::format_2025::operations","@pid":11921,"@timestamp":"2026-03-31T20:29:04.478405Z"}
{"@file":"src/psp/format_2025/operations.rs","@level":"debug","@line":60,"@message":"✅ Operations unpacked: count=8 operations=[160, 249, 238, 103, 16, 61, 253, 130]","@module":"flavor::psp::format_2025::operations","@pid":11921,"@timestamp":"2026-03-31T20:29:04.478424Z"}
{"@file":"src/psp/format_2025/operations.rs","@level":"debug","@line":60,"@message":"✅ Operations unpacked: count=8 operations=[137, 227, 187, 204, 221, 149, 188, 162]","@module":"flavor::psp::format_2025::operations","@pid":11921,"@timestamp":"2026-03-31T20:29:04.478485Z"}
{"@file":"src/psp/format_2025/operations.rs","@level":"debug","@line":37,"@message":"✅ Operations packed: result=11726412309621105545","@module":"flavor::psp::format_2025::operations","@pid":11921,"@timestamp":"2026-03-31T20:29:04.478524Z"}
{"@file":"src/psp/format_2025/operations.rs","@level":"debug","@line":60,"@message":"✅ Operations unpacked: count=8 operations=[137, 227, 187, 204, 221, 149, 188, 162]","@module":"flavor::psp::format_2025::operations","@pid":11921,"@timestamp":"2026-03-31T20:29:04.478544Z"}
{"@file":"src/psp/format_2025/operations.rs","@level":"debug","@line":60,"@message":"✅ Operations unpacked: count=8 operations=[55, 159, 133, 103, 170, 185, 145, 180]","@module":"flavor::psp::format_2025::operations","@pid":11921,"@timestamp":"2026-03-31T20:29:04.478590Z"}
{"@file":"src/psp/format_2025/operations.rs","@level":"debug","@line":37,"@message":"✅ Operations packed: result=13011384939982462775","@module":"flavor::psp::format_2025::operations","@pid":11921,"@timestamp":"2026-03-31T20:29:04.478609Z"}
{"@file":"src/psp/format_2025/operations.rs","@level":"debug","@line":60,"@message":"✅ Operations unpacked: count=8 operations=[55, 159, 133, 103, 170, 185, 145, 180]","@module":"flavor::psp::format_2025::operations","@pid":11921,"@timestamp":"2026-03-31T20:29:04.478626Z"}
{"@file":"src/psp/format_2025/operations.rs","@level":"debug","@line":60,"@message":"✅ Operations unpacked: count=8 operations=[115, 130, 83, 182, 129, 209, 78, 62]","@module":"flavor::psp::format_2025::operations","@pid":11921,"@timestamp":"2026-03-31T20:29:04.478671Z"}
{"@file":"src/psp/format_2025/operations.rs","@level":"debug","@line":37,"@message":"✅ Operations packed: result=4489756233574875763","@module":"flavor::psp::format_2025::operations","@pid":11921,"@timestamp":"2026-03-31T20:29:04.478690Z"}
{"@file":"src/psp/format_2025/operations.rs","@level":"debug","@line":60,"@message":"✅ Operations unpacked: count=8 operations=[115, 130, 83, 182, 129, 209, 78, 62]","@module":"flavor::psp::format_2025::operations","@pid":11921,"@timestamp":"2026-03-31T20:29:04.478708Z"}
{"@file":"src/psp/format_2025/operations.rs","@level":"debug","@line":60,"@message":"✅ Operations unpacked: count=8 operations=[191, 204, 159, 187, 246, 86, 29, 191]","@module":"flavor::psp::format_2025::operations","@pid":11921,"@timestamp":"2026-03-31T20:29:04.478752Z"}
{"@file":"src/psp/format_2025/operations.rs","@level":"debug","@line":37,"@message":"✅ Operations packed: result=13771258853278600383","@module":"flavor::psp::format_2025::operations","@pid":11921,"@timestamp":"2026-03-31T20:29:04.478773Z"}
{"@file":"src/psp/format_2025/operations.rs","@level":"debug","@line":60,"@message":"✅ Operations unpacked: count=8 operations=[191, 204, 159, 187, 246, 86, 29, 191]","@module":"flavor::psp::format_2025::operations","@pid":11921,"@timestamp":"2026-03-31T20:29:04.478791Z"}
{"@file":"src/psp/format_2025/operations.rs","@level":"debug","@line":60,"@message":"✅ Operations unpacked: count=8 operations=[23, 205, 214, 31, 19, 110, 103, 81]","@module":"flavor::psp::format_2025::operations","@pid":11921,"@timestamp":"2026-03-31T20:29:04.478835Z"}
{"@file":"src/psp/format_2025/operations.rs","@level":"debug","@line":37,"@message":"✅ Operations packed: result=5865778068090965271","@module":"flavor::psp::format_2025::operations","@pid":11921,"@timestamp":"2026-03-31T20:29:04.478855Z"}
{"@file":"src/psp/format_2025/operations.rs","@level":"debug","@line":60,"@message":"✅ Operations unpacked: count=8 operations=[23, 205, 214, 31, 19, 110, 103, 81]","@module":"flavor::psp::format_2025::operations","@pid":11921,"@timestamp":"2026-03-31T20:29:04.478872Z"}
{"@file":"src/psp/format_2025/operations.rs","@level":"debug","@line":60,"@message":"✅ Operations unpacked: count=8 operations=[121, 83, 43, 223, 122, 127, 215, 224]","@module":"flavor::psp::format_2025::operations","@pid":11921,"@timestamp":"2026-03-31T20:29:04.478916Z"}
{"@file":"src/psp/format_2025/operations.rs","@level":"debug","@line":37,"@message":"✅ Operations packed: result=16201558350195544953","@module":"flavor::psp::format_2025::operations","@pid":11921,"@timestamp":"2026-03-31T20:29:04.478936Z"}
{"@file":"src/psp/format_2025/operations.rs","@level":"debug","@line":60,"@message":"✅ Operations unpacked: count=8 operations=[121, 83, 43, 223, 122, 127, 215, 224]","@module":"flavor::psp::format_2025::operations","@pid":11921,"@timestamp":"2026-03-31T20:29:04.478952Z"}
{"@file":"src/psp/format_2025/operations.rs","@level":"debug","@line":60,"@message":"✅ Operations unpacked: count=8 operations=[241, 227, 183, 222, 13, 21, 11, 34]","@module":"flavor::psp::format_2025::operations","@pid":11921,"@timestamp":"2026-03-31T20:29:04.478996Z"}
{"@file":"src/psp/format_2025/operations.rs","@level":"debug","@line":37,"@message":"✅ Operations packed: result=2453077571348718577","@module":"flavor::psp::format_2025::operations","@pid":11921,"@timestamp":"2026-03-31T20:29:04.479015Z"}
{"@file":"src/psp/format_2025/operations.rs","@level":"debug","@line":60,"@message":"✅ Operations unpacked: count=8 operations=[241, 227, 183, 222, 13, 21, 11, 34]","@module":"flavor::psp::format_2025::operations","@pid":11921,"@timestamp":"2026-03-31T20:29:04.479029Z"}
{"@file":"src/psp/format_2025/operations.rs","@level":"debug","@line":60,"@message":"✅ Operations unpacked: count=8 operations=[217, 110, 244, 185, 213, 193, 143, 177]","@module":"flavor::psp::format_2025::operations","@pid":11921,"@timestamp":"2026-03-31T20:29:04.479074Z"}
{"@file":"src/psp/format_2025/operations.rs","@level":"debug","@line":37,"@message":"✅ Operations packed: result=12794658190074867417","@module":"flavor::psp::format_2025::operations","@pid":11921,"@timestamp":"2026-03-31T20:29:04.479092Z"}
{"@file":"src/psp/format_2025/operations.rs","@level":"debug","@line":60,"@message":"✅ Operations unpacked: count=8 operations=[217, 110, 244, 185, 213, 193, 143, 177]","@module":"flavor::psp::format_2025::operations","@pid":11921,"@timestamp":"2026-03-31T20:29:04.479110Z"}
{"@file":"src/psp/format_2025/operations.rs","@level":"debug","@line":60,"@message":"✅ Operations unpacked: count=8 operations=[210, 159, 113, 40, 98, 82, 36, 154]","@module":"flavor::psp::format_2025::operations","@pid":11921,"@timestamp":"2026-03-31T20:29:04.479156Z"}
{"@file":"src/psp/format_2025/operations.rs","@level":"debug","@line":37,"@message":"✅ Operations packed: result=11107093162541293522","@module":"flavor::psp::format_2025::operations","@pid":11921,"@timestamp":"2026-03-31T20:29:04.479175Z"}
{"@file":"src/psp/format_2025/operations.rs","@level":"debug","@line":60,"@message":"✅ Operations unpacked: count=8 operations=[210, 159, 113, 40, 98, 82, 36, 154]","@module":"flavor::psp::format_2025::operations","@pid":11921,"@timestamp":"2026-03-31T20:29:04.479212Z"}
{"@file":"src/psp/format_2025/operations.rs","@level":"debug","@line":60,"@message":"✅ Operations unpacked: count=8 operations=[31, 233, 2, 79, 98, 252, 162, 186]","@module":"flavor::psp::format_2025::operations","@pid":11921,"@timestamp":"2026-03-31T20:29:04.479256Z"}
{"@file":"src/psp/format_2025/operations.rs","@level":"debug","@line":37,"@message":"✅ Operations packed: result=13448588936444307743","@module":"flavor::psp::format_2025::operations","@pid":11921,"@timestamp":"2026-03-31T20:29:04.479274Z"}
{"@file":"src/psp/format_2025/operations.rs","@level":"debug","@line":60,"@message":"✅ Operations unpacked: count=8 operations=[31, 233, 2, 79, 98, 252, 162, 186]","@module":"flavor::psp::format_2025::operations","@pid":11921,"@timestamp":"2026-03-31T20:29:04.479291Z"}
{"@file":"src/psp/format_2025/operations.rs","@level":"debug","@line":60,"@message":"✅ Operations unpacked: count=8 operations=[66, 10, 198, 195, 245, 10, 234, 112]","@module":"flavor::psp::format_2025::operations","@pid":11921,"@timestamp":"2026-03-31T20:29:04.479335Z"}
{"@file":"src/psp/format_2025/operations.rs","@level":"debug","@line":37,"@message":"✅ Operations packed: result=8136327727466023490","@module":"flavor::psp::format_2025::operations","@pid":11921,"@timestamp":"2026-03-31T20:29:04.479355Z"}
{"@file":"src/psp/format_2025/operations.rs","@level":"debug","@line":60,"@message":"✅ Operations unpacked: count=8 operations=[66, 10, 198, 195, 245, 10, 234, 112]","@module":"flavor::psp::format_2025::operations","@pid":11921,"@timestamp":"2026-03-31T20:29:04.479374Z"}
{"@file":"src/psp/format_2025/operations.rs","@level":"debug","@line":60,"@message":"✅ Operations unpacked: count=8 operations=[12, 5, 157, 68, 139, 234, 225, 78]","@module":"flavor::psp::format_2025::operations","@pid":11921,"@timestamp":"2026-03-31T20:29:04.479423Z"}
{"@file":"src/psp/format_2025/operations.rs","@level":"debug","@line":37,"@message":"✅ Operations packed: result=5684082088590771468","@module":"flavor::psp::format_2025::operations","@pid":11921,"@timestamp":"2026-03-31T20:29:04.479442Z"}
{"@file":"src/psp/format_2025/operations.rs","@level":"debug","@line":60,"@message":"✅ Operations unpacked: count=8 operations=[12, 5, 157, 68, 139, 234, 225, 78]","@module":"flavor::psp::format_2025::operations","@pid":11921,"@timestamp":"2026-03-31T20:29:04.479460Z"}
{"@file":"src/psp/format_2025/operations.rs","@level":"debug","@line":60,"@message":"✅ Operations unpacked: count=8 operations=[56, 140, 25, 5, 194, 70, 216, 104]","@module":"flavor::psp::format_2025::operations","@pid":11921,"@timestamp":"2026-03-31T20:29:04.479505Z"}
{"@file":"src/psp/format_2025/operations.rs","@level":"debug","@line":37,"@message":"✅ Operations packed: result=7554866174037167160","@module":"flavor::psp::format_2025::operations","@pid":11921,"@timestamp":"2026-03-31T20:29:04.479524Z"}
{"@file":"src/psp/format_2025/operations.rs","@level":"debug","@line":60,"@message":"✅ Operations unpacked: count=8 operations=[56, 140, 25, 5, 194, 70, 216, 104]","@module":"flavor::psp::format_2025::operations","@pid":11921,"@timestamp":"2026-03-31T20:29:04.479542Z"}
{"@file":"src/psp/format_2025/operations.rs","@level":"debug","@line":60,"@message":"✅ Operations unpacked: count=8 operations=[132, 182, 108, 120, 217, 39, 241, 246]","@module":"flavor::psp::format_2025::operations","@pid":11921,"@timestamp":"2026-03-31T20:29:04.479586Z"}
{"@file":"src/psp/format_2025/operations.rs","@level":"debug","@line":37,"@message":"✅ Operations packed: result=17794047417699317380","@module":"flavor::psp::format_2025::operations","@pid":11921,"@timestamp":"2026-03-31T20:29:04.479605Z"}
{"@file":"src/psp/format_2025/operations.rs","@level":"debug","@line":60,"@message":"✅ Operations unpacked: count=8 operations=[132, 182, 108, 120, 217, 39, 241, 246]","@module":"flavor::psp::format_2025::operations","@pid":11921,"@timestamp":"2026-03-31T20:29:04.479623Z"}
{"@file":"src/psp/format_2025/operations.rs","@level":"debug","@line":60,"@message":"✅ Operations unpacked: count=8 operations=[190, 154, 25, 108, 216, 227, 208, 215]","@module":"flavor::psp::format_2025::operations","@pid":11921,"@timestamp":"2026-03-31T20:29:04.479668Z"}
{"@file":"src/psp/format_2025/operations.rs","@level":"debug","@line":37,"@message":"✅ Operations packed: result=15551180031976381118","@module":"flavor::psp::format_2025::operations","@pid":11921,"@timestamp":"2026-03-31T20:29:04.479687Z"}
{"@file":"src/psp/format_2025/operations.rs","@level":"debug","@line":60,"@message":"✅ Operations unpacked: count=8 operations=[190, 154, 25, 108, 216, 227, 208, 215]","@module":"flavor::psp::format_2025::operations","@pid":11921,"@timestamp":"2026-03-31T20:29:04.479704Z"}
{"@file":"src/psp/format_2025/operations.rs","@level":"debug","@line":60,"@message":"✅ Operations unpacked: count=8 operations=[134, 130, 147, 226, 112, 102, 215, 230]","@module":"flavor::psp::format_2025::operations","@pid":11921,"@timestamp":"2026-03-31T20:29:04.479749Z"}
{"@file":"src/psp/format_2025/operations.rs","@level":"debug","@line":37,"@message":"✅ Operations packed: result=16633876383739904646","@module":"flavor::psp::format_2025::operations","@pid":11921,"@timestamp":"2026-03-31T20:29:04.479768Z"}
{"@file":"src/psp/format_2025/operations.rs","@level":"debug","@line":60,"@message":"✅ Operations unpacked: count=8 operations=[134, 130, 147, 226, 112, 102, 215, 230]","@module":"flavor::psp::format_2025::operations","@pid":11921,"@timestamp":"2026-03-31T20:29:04.479786Z"}
{"@file":"src/psp/format_2025/operations.rs","@level":"debug","@line":60,"@message":"✅ Operations unpacked: count=8 operations=[51, 140, 58, 139, 85, 34, 133, 21]","@module":"flavor::psp::format_2025::operations","@pid":11921,"@timestamp":"2026-03-31T20:29:04.479830Z"}
{"@file":"src/psp/format_2025/operations.rs","@level":"debug","@line":37,"@message":"✅ Operations packed: result=1550683397502438451","@module":"flavor::psp::format_2025::operations","@pid":11921,"@timestamp":"2026-03-31T20:29:04.479850Z"}
{"@file":"src/psp/format_2025/operations.rs","@level":"debug","@line":60,"@message":"✅ Operations unpacked: count=8 operations=[51, 140, 58, 139, 85, 34, 133, 21]","@module":"flavor::psp::format_2025::operations","@pid":11921,"@timestamp":"2026-03-31T20:29:04.479907Z"}
{"@file":"src/psp/format_2025/operations.rs","@level":"debug","@line":60,"@message":"✅ Operations unpacked: count=8 operations=[117, 57, 123, 39, 172, 208, 212, 244]","@module":"flavor::psp::format_2025::operations","@pid":11921,"@timestamp":"2026-03-31T20:29:04.479953Z"}
{"@file":"src/psp/format_2025/operations.rs","@level":"debug","@line":37,"@message":"✅ Operations packed: result=17641955078132414837","@module":"flavor::psp::format_2025::operations","@pid":11921,"@timestamp":"2026-03-31T20:29:04.479971Z"}
{"@file":"src/psp/format_2025/operations.rs","@level":"debug","@line":60,"@message":"✅ Operations unpacked: count=8 operations=[117, 57, 123, 39, 172, 208, 212, 244]","@module":"flavor::psp::format_2025::operations","@pid":11921,"@timestamp":"2026-03-31T20:29:04.479989Z"}
{"@file":"src/psp/format_2025/operations.rs","@level":"debug","@line":60,"@message":"✅ Operations unpacked: count=8 operations=[86, 225, 64, 179, 43, 41, 104, 208]","@module":"flavor::psp::format_2025::operations","@pid":11921,"@timestamp":"2026-03-31T20:29:04.480040Z"}
{"@file":"src/psp/format_2025/operations.rs","@level":"debug","@line":37,"@message":"✅ Operations packed: result=15017298225134625110","@module":"flavor::psp::format_2025::operations","@pid":11921,"@timestamp":"2026-03-31T20:29:04.480061Z"}
{"@file":"src/psp/format_2025/operations.rs","@level":"debug","@line":60,"@message":"✅ Operations unpacked: count=8 operations=[86, 225, 64, 179, 43, 41, 104, 208]","@module":"flavor::psp::format_2025::operations","@pid":11921,"@timestamp":"2026-03-31T20:29:04.480079Z"}
{"@file":"src/psp/format_2025/operations.rs","@level":"debug","@line":60,"@message":"✅ Operations unpacked: count=8 operations=[201, 219, 23, 55, 102, 230, 106, 221]","@module":"flavor::psp::format_2025::operations","@pid":11921,"@timestamp":"2026-03-31T20:29:04.480128Z"}
{"@file":"src/psp/format_2025/operations.rs","@level":"debug","@line":37,"@message":"✅ Operations packed: result=15954817956598766537","@module":"flavor::psp::format_2025::operations","@pid":11921,"@timestamp":"2026-03-31T20:29:04.480148Z"}
{"@file":"src/psp/format_2025/operations.rs","@level":"debug","@line":60,"@message":"✅ Operations unpacked: count=8 operations=[201, 219, 23, 55, 102, 230, 106, 221]","@module":"flavor::psp::format_2025::operations","@pid":11921,"@timestamp":"2026-03-31T20:29:04.480165Z"}
{"@file":"src/psp/format_2025/operations.rs","@level":"debug","@line":60,"@message":"✅ Operations unpacked: count=8 operations=[227, 142, 10, 221, 134, 220, 32, 237]","@module":"flavor::psp::format_2025::operations","@pid":11921,"@timestamp":"2026-03-31T20:29:04.480209Z"}
{"@file":"src/psp/format_2025/operations.rs","@level":"debug","@line":37,"@message":"✅ Operations packed: result=17086899458035846883","@module":"flavor::psp::format_2025::operations","@pid":11921,"@timestamp":"2026-03-31T20:29:04.480227Z"}
{"@file":"src/psp/format_2025/operations.rs","@level":"debug","@line":60,"@message":"✅ Operations unpacked: count=8 operations=[227, 142, 10, 221, 134, 220, 32, 237]","@module":"flavor::psp::format_2025::operations","@pid":11921,"@timestamp":"2026-03-31T20:29:04.480244Z"}
{"@file":"src/psp/format_2025/operations.rs","@level":"debug","@line":60,"@message":"✅ Operations unpacked: count=8 operations=[207, 191, 231, 4, 63, 44, 119, 46]","@module":"flavor::psp::format_2025::operations","@pid":11921,"@timestamp":"2026-03-31T20:29:04.480288Z"}
{"@file":"src/psp/format_2025/operations.rs","@level":"debug","@line":37,"@message":"✅ Operations packed: result=3348193497150111695","@module":"flavor::psp::format_2025::operations","@pid":11921,"@timestamp":"2026-03-31T20:29:04.480306Z"}
{"@file":"src/psp/format_2025/operations.rs","@level":"debug","@line":60,"@message":"✅ Operations unpacked: count=8 operations=[207, 191, 231, 4, 63, 44, 119, 46]","@module":"flavor::psp::format_2025::operations","@pid":11921,"@timestamp":"2026-03-31T20:29:04.480323Z"}
{"@file":"src/psp/format_2025/operations.rs","@level":"debug","@line":60,"@message":"✅ Operations unpacked: count=8 operations=[68, 225, 155, 133, 150, 180, 40, 220]","@module":"flavor::psp::format_2025::operations","@pid":11921,"@timestamp":"2026-03-31T20:29:04.480365Z"}
{"@file":"src/psp/format_2025/operations.rs","@level":"debug","@line":37,"@message":"✅ Operations packed: result=15864128245992251716","@module":"flavor::psp::format_2025::operations","@pid":11921,"@timestamp":"2026-03-31T20:29:04.480384Z"}
{"@file":"src/psp/format_2025/operations.rs","@level":"debug","@line":60,"@message":"✅ Operations unpacked: count=8 operations=[68, 225, 155, 133, 150, 180, 40, 220]","@module":"flavor::psp::format_2025::operations","@pid":11921,"@timestamp":"2026-03-31T20:29:04.480400Z"}
{"@file":"src/psp/format_2025/operations.rs","@level":"debug","@line":60,"@message":"✅ Operations unpacked: count=8 operations=[30, 72, 22, 20, 137, 34, 45, 50]","@module":"flavor::psp::format_2025::operations","@pid":11921,"@timestamp":"2026-03-31T20:29:04.480444Z"}
{"@file":"src/psp/format_2025/operations.rs","@level":"debug","@line":37,"@message":"✅ Operations packed: result=3615584047991244830","@module":"flavor::psp::format_2025::operations","@pid":11921,"@timestamp":"2026-03-31T20:29:04.480462Z"}
{"@file":"src/psp/format_2025/operations.rs","@level":"debug","@line":60,"@message":"✅ Operations unpacked: count=8 operations=[30, 72, 22, 20, 137, 34, 45, 50]","@module":"flavor::psp::format_2025::operations","@pid":11921,"@timestamp":"2026-03-31T20:29:04.480479Z"}
{"@file":"src/psp/format_2025/operations.rs","@level":"debug","@line":60,"@message":"✅ Operations unpacked: count=8 operations=[189, 215, 101, 31, 96, 207, 233, 11]","@module":"flavor::psp::format_2025::operations","@pid":11921,"@timestamp":"2026-03-31T20:29:04.480522Z"}
{"@file":"src/psp/format_2025/operations.rs","@level":"debug","@line":37,"@message":"✅ Operations packed: result=858445215741368253","@module":"flavor::psp::format_2025::operations","@pid":11921,"@timestamp":"2026-03-31T20:29:04.480541Z"}
{"@file":"src/psp/format_2025/operations.rs","@level":"debug","@line":60,"@message":"✅ Operations unpacked: count=8 operations=[189, 215, 101, 31, 96, 207, 233, 11]","@module":"flavor::psp::format_2025::operations","@pid":11921,"@timestamp":"2026-03-31T20:29:04.480559Z"}
{"@file":"src/psp/format_2025/operations.rs","@level":"debug","@line":60,"@message":"✅ Operations unpacked: count=8 operations=[153, 63, 232, 218, 65, 164, 125, 234]","@module":"flavor::psp::format_2025::operations","@pid":11921,"@timestamp":"2026-03-31T20:29:04.480602Z"}
{"@file":"src/psp/format_2025/operations.rs","@level":"debug","@line":37,"@message":"✅ Operations packed: result=16896841979716452249","@module":"flavor::psp::format_2025::operations","@pid":11921,"@timestamp":"2026-03-31T20:29:04.480621Z"}
{"@file":"src/psp/format_2025/operations.rs","@level":"debug","@line":60,"@message":"✅ Operations unpacked: count=8 operations=[153, 63, 232, 218, 65, 164, 125, 234]","@module":"flavor::psp::format_2025::operations","@pid":11921,"@timestamp":"2026-03-31T20:29:04.480636Z"}
{"@file":"src/psp/format_2025/operations.rs","@level":"debug","@line":60,"@message":"✅ Operations unpacked: count=8 operations=[192, 5, 167, 32, 98, 192, 146, 244]","@module":"flavor::psp::format_2025::operations","@pid":11921,"@timestamp":"2026-03-31T20:29:04.480680Z"}
{"@file":"src/psp/format_2025/operations.rs","@level":"debug","@line":37,"@message":"✅ Operations packed: result=17623359819541317056","@module":"flavor::psp::format_2025::operations","@pid":11921,"@timestamp":"2026-03-31T20:29:04.480698Z"}
{"@file":"src/psp/format_2025/operations.rs","@level":"debug","@line":60,"@message":"✅ Operations unpacked: count=8 operations=[192, 5, 167, 32, 98, 192, 146, 244]","@module":"flavor::psp::format_2025::operations","@pid":11921,"@timestamp":"2026-03-31T20:29:04.480716Z"}
{"@file":"src/psp/format_2025/operations.rs","@level":"debug","@line":60,"@message":"✅ Operations unpacked: count=8 operations=[105, 65, 237, 26, 185, 112, 24, 148]","@module":"flavor::psp::format_2025::operations","@pid":11921,"@timestamp":"2026-03-31T20:29:04.480760Z"}
{"@file":"src/psp/format_2025/operations.rs","@level":"debug","@line":37,"@message":"✅ Operations packed: result=10671403257377407337","@module":"flavor::psp::format_2025::operations","@pid":11921,"@timestamp":"2026-03-31T20:29:04.480779Z"}
{"@file":"src/psp/format_2025/operations.rs","@level":"debug","@line":60,"@message":"✅ Operations unpacked: count=8 operations=[105, 65, 237, 26, 185, 112, 24, 148]","@module":"flavor::psp::format_2025::operations","@pid":11921,"@timestamp":"2026-03-31T20:29:04.480795Z"}
{"@file":"src/psp/format_2025/operations.rs","@level":"debug","@line":60,"@message":"✅ Operations unpacked: count=2 operations=[233, 191]","@module":"flavor::psp::format_2025::operations","@pid":11921,"@timestamp":"2026-03-31T20:29:04.480837Z"}
{"@file":"src/psp/format_2025/operations.rs","@level":"debug","@line":37,"@message":"✅ Operations packed: result=49129","@module":"flavor::psp::format_2025::operations","@pid":11921,"@timestamp":"2026-03-31T20:29:04.480855Z"}
{"@file":"src/psp/format_2025/operations.rs","@level":"debug","@line":60,"@message":"✅ Operations unpacked: count=2 operations=[233, 191]","@module":"flavor::psp::format_2025::operations","@pid":11921,"@timestamp":"2026-03-31T20:29:04.480872Z"}
{"@file":"src/psp/format_2025/operations.rs","@level":"debug","@line":60,"@message":"✅ Operations unpacked: count=8 operations=[146, 158, 30, 170, 194, 166, 39, 226]","@module":"flavor::psp::format_2025::operations","@pid":11921,"@timestamp":"2026-03-31T20:29:04.480914Z"}
{"@file":"src/psp/format_2025/operations.rs","@level":"debug","@line":37,"@message":"✅ Operations packed: result=16296177131671428754","@module":"flavor::psp::format_2025::operations","@pid":11921,"@timestamp":"2026-03-31T20:29:04.480932Z"}
{"@file":"src/psp/format_2025/operations.rs","@level":"debug","@line":60,"@message":"✅ Operations unpacked: count=8 operations=[146, 158, 30, 170, 194, 166, 39, 226]","@module":"flavor::psp::format_2025::operations","@pid":11921,"@timestamp":"2026-03-31T20:29:04.480949Z"}
{"@file":"src/psp/format_2025/operations.rs","@level":"debug","@line":60,"@message":"✅ Operations unpacked: count=8 operations=[217, 11, 202, 106, 167, 234, 20, 10]","@module":"flavor::psp::format_2025::operations","@pid":11921,"@timestamp":"2026-03-31T20:29:04.480994Z"}
{"@file":"src/psp/format_2025/operations.rs","@level":"debug","@line":37,"@message":"✅ Operations packed: result=726463444685556697","@module":"flavor::psp::format_2025::operations","@pid":11921,"@timestamp":"2026-03-31T20:29:04.481012Z"}
{"@file":"src/psp/format_2025/operations.rs","@level":"debug","@line":60,"@message":"✅ Operations unpacked: count=8 operations=[217, 11, 202, 106, 167, 234, 20, 10]","@module":"flavor::psp::format_2025::operations","@pid":11921,"@timestamp":"2026-03-31T20:29:04.481028Z"}
{"@file":"src/psp/format_2025/operations.rs","@level":"debug","@line":60,"@message":"✅ Operations unpacked: count=8 operations=[29, 92, 231, 131, 254, 129, 181, 166]","@module":"flavor::psp::format_2025::operations","@pid":11921,"@timestamp":"2026-03-31T20:29:04.481072Z"}
{"@file":"src/psp/format_2025/operations.rs","@level":"debug","@line":37,"@message":"✅ Operations packed: result=12012650511215320093","@module":"flavor::psp::format_2025::operations","@pid":11921,"@timestamp":"2026-03-31T20:29:04.481090Z"}
{"@file":"src/psp/format_2025/operations.rs","@level":"debug","@line":60,"@message":"✅ Operations unpacked: count=8 operations=[29, 92, 231, 131, 254, 129, 181, 166]","@module":"flavor::psp::format_2025::operations","@pid":11921,"@timestamp":"2026-03-31T20:29:04.481106Z"}
{"@file":"src/psp/format_2025/operations.rs","@level":"debug","@line":60,"@message":"✅ Operations unpacked: count=8 operations=[238, 33, 210, 172, 51, 213, 77, 143]","@module":"flavor::psp::format_2025::operations","@pid":11921,"@timestamp":"2026-03-31T20:29:04.481150Z"}
{"@file":"src/psp/format_2025/operations.rs","@level":"debug","@line":37,"@message":"✅ Operations packed: result=10326143938549916142","@module":"flavor::psp::format_2025::operations","@pid":11921,"@timestamp":"2026-03-31T20:29:04.481168Z"}
{"@file":"src/psp/format_2025/operations.rs","@level":"debug","@line":60,"@message":"✅ Operations unpacked: count=8 operations=[238, 33, 210, 172, 51, 213, 77, 143]","@module":"flavor::psp::format_2025::operations","@pid":11921,"@timestamp":"2026-03-31T20:29:04.481185Z"}
{"@file":"src/psp/format_2025/operations.rs","@level":"debug","@line":60,"@message":"✅ Operations unpacked: count=8 operations=[25, 160, 97, 69, 129, 106, 58, 137]","@module":"flavor::psp::format_2025::operations","@pid":11921,"@timestamp":"2026-03-31T20:29:04.481229Z"}
{"@file":"src/psp/format_2025/operations.rs","@level":"debug","@line":37,"@message":"✅ Operations packed: result=9888333035292696601","@module":"flavor::psp::format_2025::operations","@pid":11921,"@timestamp":"2026-03-31T20:29:04.481247Z"}
{"@file":"src/psp/format_2025/operations.rs","@level":"debug","@line":60,"@message":"✅ Operations unpacked: count=8 operations=[25, 160, 97, 69, 129, 106, 58, 137]","@module":"flavor::psp::format_2025::operations","@pid":11921,"@timestamp":"2026-03-31T20:29:04.481264Z"}
{"@file":"src/psp/format_2025/operations.rs","@level":"debug","@line":60,"@message":"✅ Operations unpacked: count=8 operations=[218, 231, 79, 36, 215, 233, 223, 166]","@module":"flavor::psp::format_2025::operations","@pid":11921,"@timestamp":"2026-03-31T20:29:04.481308Z"}
{"@file":"src/psp/format_2025/operations.rs","@level":"debug","@line":37,"@message":"✅ Operations packed: result=12024586640338970586","@module":"flavor::psp::format_2025::operations","@pid":11921,"@timestamp":"2026-03-31T20:29:04.481326Z"}
{"@file":"src/psp/format_2025/operations.rs","@level":"debug","@line":60,"@message":"✅ Operations unpacked: count=8 operations=[218, 231, 79, 36, 215, 233, 223, 166]","@module":"flavor::psp::format_2025::operations","@pid":11921,"@timestamp":"2026-03-31T20:29:04.481342Z"}
{"@file":"src/psp/format_2025/operations.rs","@level":"debug","@line":60,"@message":"✅ Operations unpacked: count=8 operations=[216, 99, 155, 176, 148, 246, 56, 68]","@module":"flavor::psp::format_2025::operations","@pid":11921,"@timestamp":"2026-03-31T20:29:04.481385Z"}
{"@file":"src/psp/format_2025/operations.rs","@level":"debug","@line":37,"@message":"✅ Operations packed: result=4915950111753462744","@module":"flavor::psp::format_2025::operations","@pid":11921,"@timestamp":"2026-03-31T20:29:04.481403Z"}
{"@file":"src/psp/format_2025/operations.rs","@level":"debug","@line":60,"@message":"✅ Operations unpacked: count=8 operations=[216, 99, 155, 176, 148, 246, 56, 68]","@module":"flavor::psp::format_2025::operations","@pid":11921,"@timestamp":"2026-03-31T20:29:04.481420Z"}
{"@file":"src/psp/format_2025/operations.rs","@level":"debug","@line":60,"@message":"✅ Operations unpacked: count=8 operations=[122, 87, 184, 6, 236, 63, 32, 97]","@module":"flavor::psp::format_2025::operations","@pid":11921,"@timestamp":"2026-03-31T20:29:04.481468Z"}
{"@file":"src/psp/format_2025/operations.rs","@level":"debug","@line":37,"@message":"✅ Operations packed: result=6998664103891326842","@module":"flavor::psp::format_2025::operations","@pid":11921,"@timestamp":"2026-03-31T20:29:04.481487Z"}
{"@file":"src/psp/format_2025/operations.rs","@level":"debug","@line":60,"@message":"✅ Operations unpacked: count=8 operations=[122, 87, 184, 6, 236, 63, 32, 97]","@module":"flavor::psp::format_2025::operations","@pid":11921,"@timestamp":"2026-03-31T20:29:04.481504Z"}
{"@file":"src/psp/format_2025/operations.rs","@level":"debug","@line":60,"@message":"✅ Operations unpacked: count=8 operations=[133, 43, 165, 103, 21, 148, 223, 81]","@module":"flavor::psp::format_2025::operations","@pid":11921,"@timestamp":"2026-03-31T20:29:04.481547Z"}
{"@file":"src/psp/format_2025/operations.rs","@level":"debug","@line":37,"@message":"✅ Operations packed: result=5899596856532740997","@module":"flavor::psp::format_2025::operations","@pid":11921,"@timestamp":"2026-03-31T20:29:04.481566Z"}
{"@file":"src/psp/format_2025/operations.rs","@level":"debug","@line":60,"@message":"✅ Operations unpacked: count=8 operations=[133, 43, 165, 103, 21, 148, 223, 81]","@module":"flavor::psp::format_2025::operations","@pid":11921,"@timestamp":"2026-03-31T20:29:04.481582Z"}
{"@file":"src/psp/format_2025/operations.rs","@level":"debug","@line":60,"@message":"✅ Operations unpacked: count=8 operations=[145, 114, 156, 179, 131, 178, 196, 192]","@module":"flavor::psp::format_2025::operations","@pid":11921,"@timestamp":"2026-03-31T20:29:04.481626Z"}
{"@file":"src/psp/format_2025/operations.rs","@level":"debug","@line":37,"@message":"✅ Operations packed: result=13890423429441286801","@module":"flavor::psp::format_2025::operations","@pid":11921,"@timestamp":"2026-03-31T20:29:04.481645Z"}
{"@file":"src/psp/format_2025/operations.rs","@level":"debug","@line":60,"@message":"✅ Operations unpacked: count=8 operations=[145, 114, 156, 179, 131, 178, 196, 192]","@module":"flavor::psp::format_2025::operations","@pid":11921,"@timestamp":"2026-03-31T20:29:04.481662Z"}
{"@file":"src/psp/format_2025/operations.rs","@level":"debug","@line":60,"@message":"✅ Operations unpacked: count=8 operations=[243, 10, 162, 178, 51, 152, 207, 41]","@module":"flavor::psp::format_2025::operations","@pid":11921,"@timestamp":"2026-03-31T20:29:04.481706Z"}
{"@file":"src/psp/format_2025/operations.rs","@level":"debug","@line":37,"@message":"✅ Operations packed: result=3012794023541869299","@module":"flavor::psp::format_2025::operations","@pid":11921,"@timestamp":"2026-03-31T20:29:04.481724Z"}
{"@file":"src/psp/format_2025/operations.rs","@level":"debug","@line":60,"@message":"✅ Operations unpacked: count=8 operations=[243, 10, 162, 178, 51, 152, 207, 41]","@module":"flavor::psp::format_2025::operations","@pid":11921,"@timestamp":"2026-03-31T20:29:04.481741Z"}
test psp::format_2025::operations::tests::prop_unpack_pack_idempotent ... ok

test result: ok. 109 passed; 0 failed; 0 ignored; 0 measured; 0 filtered out; finished in 0.04s

     Running `/private/var/folders/sg/wy47gw996f78fznt898m8x540000gn/T/cargo-mutants-flavor-rs-AJnnRY.tmp/target/debug/deps/flavor_rs_builder-8b703e7e9be23f48`

running 0 tests

test result: ok. 0 passed; 0 failed; 0 ignored; 0 measured; 0 filtered out; finished in 0.00s

     Running `/private/var/folders/sg/wy47gw996f78fznt898m8x540000gn/T/cargo-mutants-flavor-rs-AJnnRY.tmp/target/debug/deps/flavor_rs_launcher-30d5c8f9cc0f7e8a`

running 0 tests

test result: ok. 0 passed; 0 failed; 0 ignored; 0 measured; 0 filtered out; finished in 0.00s

   Doc-tests flavor
     Running `/Users/tim/.rustup/toolchains/stable-aarch64-apple-darwin/bin/rustdoc --edition=2024 --crate-type lib --color auto --crate-name flavor --test src/lib.rs --test-run-directory /private/var/folders/sg/wy47gw996f78fznt898m8x540000gn/T/cargo-mutants-flavor-rs-AJnnRY.tmp --extern adler2=/private/var/folders/sg/wy47gw996f78fznt898m8x540000gn/T/cargo-mutants-flavor-rs-AJnnRY.tmp/target/debug/deps/libadler2-1237be17f08066aa.rlib --extern anyhow=/private/var/folders/sg/wy47gw996f78fznt898m8x540000gn/T/cargo-mutants-flavor-rs-AJnnRY.tmp/target/debug/deps/libanyhow-d9b6d410a1361442.rlib --extern chrono=/private/var/folders/sg/wy47gw996f78fznt898m8x540000gn/T/cargo-mutants-flavor-rs-AJnnRY.tmp/target/debug/deps/libchrono-b7affcfd136ee226.rlib --extern clap=/private/var/folders/sg/wy47gw996f78fznt898m8x540000gn/T/cargo-mutants-flavor-rs-AJnnRY.tmp/target/debug/deps/libclap-c2746911242c53dc.rlib --extern ed25519_dalek=/private/var/folders/sg/wy47gw996f78fznt898m8x540000gn/T/cargo-mutants-flavor-rs-AJnnRY.tmp/target/debug/deps/libed25519_dalek-42293ea3dc57f31c.rlib --extern env_logger=/private/var/folders/sg/wy47gw996f78fznt898m8x540000gn/T/cargo-mutants-flavor-rs-AJnnRY.tmp/target/debug/deps/libenv_logger-75173f29843c9a52.rlib --extern flate2=/private/var/folders/sg/wy47gw996f78fznt898m8x540000gn/T/cargo-mutants-flavor-rs-AJnnRY.tmp/target/debug/deps/libflate2-96cd3d855b9115ec.rlib --extern flavor=/private/var/folders/sg/wy47gw996f78fznt898m8x540000gn/T/cargo-mutants-flavor-rs-AJnnRY.tmp/target/debug/deps/libflavor-88d82f8937f7a117.rlib --extern fs2=/private/var/folders/sg/wy47gw996f78fznt898m8x540000gn/T/cargo-mutants-flavor-rs-AJnnRY.tmp/target/debug/deps/libfs2-71900ee401453af8.rlib --extern gethostname=/private/var/folders/sg/wy47gw996f78fznt898m8x540000gn/T/cargo-mutants-flavor-rs-AJnnRY.tmp/target/debug/deps/libgethostname-e6576ba3912663df.rlib --extern glob=/private/var/folders/sg/wy47gw996f78fznt898m8x540000gn/T/cargo-mutants-flavor-rs-AJnnRY.tmp/target/debug/deps/libglob-56daeb017c976e69.rlib --extern hex=/private/var/folders/sg/wy47gw996f78fznt898m8x540000gn/T/cargo-mutants-flavor-rs-AJnnRY.tmp/target/debug/deps/libhex-6a16846156d7c862.rlib --extern libc=/private/var/folders/sg/wy47gw996f78fznt898m8x540000gn/T/cargo-mutants-flavor-rs-AJnnRY.tmp/target/debug/deps/liblibc-26979bb06dae4666.rlib --extern log=/private/var/folders/sg/wy47gw996f78fznt898m8x540000gn/T/cargo-mutants-flavor-rs-AJnnRY.tmp/target/debug/deps/liblog-8a7d20b8c005bc83.rlib --extern memmap2=/private/var/folders/sg/wy47gw996f78fznt898m8x540000gn/T/cargo-mutants-flavor-rs-AJnnRY.tmp/target/debug/deps/libmemmap2-413e3a480d8f5878.rlib --extern pem=/private/var/folders/sg/wy47gw996f78fznt898m8x540000gn/T/cargo-mutants-flavor-rs-AJnnRY.tmp/target/debug/deps/libpem-baee24606d736ef7.rlib --extern proptest=/private/var/folders/sg/wy47gw996f78fznt898m8x540000gn/T/cargo-mutants-flavor-rs-AJnnRY.tmp/target/debug/deps/libproptest-387450d3dcbd40ff.rlib --extern rand=/private/var/folders/sg/wy47gw996f78fznt898m8x540000gn/T/cargo-mutants-flavor-rs-AJnnRY.tmp/target/debug/deps/librand-a25bcd883a2e2285.rlib --extern serde=/private/var/folders/sg/wy47gw996f78fznt898m8x540000gn/T/cargo-mutants-flavor-rs-AJnnRY.tmp/target/debug/deps/libserde-02be1dd65d3ef57a.rlib --extern serde_json=/private/var/folders/sg/wy47gw996f78fznt898m8x540000gn/T/cargo-mutants-flavor-rs-AJnnRY.tmp/target/debug/deps/libserde_json-469eaea1fff499db.rlib --extern sha2=/private/var/folders/sg/wy47gw996f78fznt898m8x540000gn/T/cargo-mutants-flavor-rs-AJnnRY.tmp/target/debug/deps/libsha2-28b9a530c85e9fef.rlib --extern signal_hook=/private/var/folders/sg/wy47gw996f78fznt898m8x540000gn/T/cargo-mutants-flavor-rs-AJnnRY.tmp/target/debug/deps/libsignal_hook-0a34b12e866764fc.rlib --extern tar=/private/var/folders/sg/wy47gw996f78fznt898m8x540000gn/T/cargo-mutants-flavor-rs-AJnnRY.tmp/target/debug/deps/libtar-9468371f38505d5a.rlib --extern tempfile=/private/var/folders/sg/wy47gw996f78fznt898m8x540000gn/T/cargo-mutants-flavor-rs-AJnnRY.tmp/target/debug/deps/libtempfile-f67b0e214d8dd2e3.rlib --extern which=/private/var/folders/sg/wy47gw996f78fznt898m8x540000gn/T/cargo-mutants-flavor-rs-AJnnRY.tmp/target/debug/deps/libwhich-a2a3c9536beaf592.rlib -L dependency=/private/var/folders/sg/wy47gw996f78fznt898m8x540000gn/T/cargo-mutants-flavor-rs-AJnnRY.tmp/target/debug/deps -C embed-bitcode=no --cfg 'feature="default"' --check-cfg 'cfg(docsrs,test)' --check-cfg 'cfg(feature, values("default"))' --error-format human`

running 0 tests

test result: ok. 0 passed; 0 failed; 0 ignored; 0 measured; 0 filtered out; finished in 0.00s


*** result: Success
