
*** src/psp/format_2025/backends.rs:456:9: replace <impl Backend for HybridBackend>::view_at -> Result<&[u8]> with Ok(Vec::leak(vec![0]))

*** mutation diff:
--- src/psp/format_2025/backends.rs
+++ replace <impl Backend for HybridBackend>::view_at -> Result<&[u8]> with Ok(Vec::leak(vec![0]))
@@ -448,19 +448,17 @@
             Ok(buffer)
         } else {
             Err(FlavorError::Generic("Backend not opened".into()))
         }
     }
 
     fn view_at(&self, _offset: u64, _size: usize) -> Result<&[u8]> {
         // Zero-copy view not available without memory mapping
-        Err(FlavorError::Generic(
-            "View not available in safe file backend".into(),
-        ))
+        Ok(Vec::leak(vec![0])) /* ~ changed by cargo-mutants ~ */
     }
 }
 
 /// Factory function to create the appropriate backend
 pub fn create_backend(mode: u8, path: Option<&Path>) -> Box<dyn Backend> {
     let mut mode = mode;
 
     if mode == ACCESS_AUTO {


*** /Users/tim/.rustup/toolchains/stable-aarch64-apple-darwin/bin/cargo test --no-run --verbose --package=flavor@0.3.21 --all-features
       Fresh cfg-if v1.0.4
       Fresh bitflags v2.11.0
       Fresh version_check v0.9.5
       Fresh unicode-ident v1.0.24
       Fresh memchr v2.8.0
       Fresh autocfg v1.5.0
       Fresh regex-syntax v0.8.10
       Fresh semver v1.0.27
       Fresh utf8parse v0.2.2
       Fresh colorchoice v1.0.5
       Fresh anstyle-query v1.1.5
       Fresh is_terminal_polyfill v1.70.2
       Fresh anstyle v1.0.14
       Fresh once_cell v1.21.4
       Fresh fastrand v2.3.0
       Fresh libc v0.2.183
       Fresh anstyle-parse v1.0.0
       Fresh rustc_version v0.4.1
       Fresh aho-corasick v1.1.4
       Fresh simd-adler32 v0.3.9
       Fresh core-foundation-sys v0.8.7
       Fresh clap_lex v1.1.0
       Fresh log v0.4.29
       Fresh subtle v2.6.1
       Fresh errno v0.3.14
       Fresh typenum v1.19.0
       Fresh proc-macro2 v1.0.106
       Fresh zerocopy v0.8.48
       Fresh getrandom v0.3.4
       Fresh getrandom v0.2.17
       Fresh getrandom v0.4.2
       Fresh regex-automata v0.4.14
       Fresh anstream v1.0.0
       Fresh serde_core v1.0.228
       Fresh cpufeatures v0.2.17
       Fresh strsim v0.11.1
       Fresh zeroize v1.8.2
       Fresh adler2 v2.0.1
       Fresh heck v0.5.0
       Fresh signature v2.2.0
       Fresh iana-time-zone v0.1.65
       Fresh wait-timeout v0.2.1
       Fresh generic-array v0.14.7
       Fresh quote v1.0.45
       Fresh rustix v1.1.4
       Fresh ppv-lite86 v0.2.21
       Fresh rand_core v0.9.5
       Fresh num-traits v0.2.19
       Fresh rustix v0.38.44
       Fresh regex v1.12.3
       Fresh rand_core v0.6.4
       Fresh ed25519 v2.2.3
       Fresh clap_builder v4.6.0
       Fresh miniz_oxide v0.8.9
       Fresh crc32fast v1.5.0
       Fresh signal-hook-registry v1.4.8
       Fresh zmij v1.0.21
       Fresh filetime v0.2.27
       Fresh base64 v0.22.1
       Fresh home v0.5.11
       Fresh itoa v1.0.18
       Fresh either v1.15.0
       Fresh jiff v0.2.23
       Fresh block-buffer v0.10.4
       Fresh crypto-common v0.1.7
       Fresh syn v2.0.117
       Fresh tempfile v3.27.0
       Fresh xattr v1.6.1
       Fresh env_filter v1.0.1
       Fresh rand_chacha v0.3.1
       Fresh quick-error v1.2.3
       Fresh fnv v1.0.7
       Fresh bit-vec v0.8.0
       Fresh chrono v0.4.44
       Fresh rand v0.9.2
       Fresh pem v3.0.6
       Fresh rand_xorshift v0.4.0
       Fresh gethostname v0.5.0
       Fresh which v6.0.3
       Fresh rand_chacha v0.9.0
       Fresh signal-hook v0.3.18
       Fresh serde_json v1.0.149
       Fresh flate2 v1.1.9
       Fresh anyhow v1.0.102
       Fresh fs2 v0.4.3
       Fresh memmap2 v0.9.10
       Fresh unarray v0.1.4
       Fresh digest v0.10.7
       Fresh serde_derive v1.0.228
       Fresh clap_derive v4.6.0
       Fresh rand v0.8.5
       Fresh env_logger v0.11.10
       Fresh tar v0.4.45
       Fresh rusty-fork v0.3.1
       Fresh bit-set v0.8.0
       Dirty flavor v0.3.21 (/private/var/folders/sg/wy47gw996f78fznt898m8x540000gn/T/cargo-mutants-flavor-rs-AJnnRY.tmp): the file `../../VERSION` is missing
   Compiling flavor v0.3.21 (/private/var/folders/sg/wy47gw996f78fznt898m8x540000gn/T/cargo-mutants-flavor-rs-AJnnRY.tmp)
       Fresh hex v0.4.3
       Fresh glob v0.3.3
       Fresh sha2 v0.10.9
       Fresh curve25519-dalek v4.1.3
       Fresh serde v1.0.228
       Fresh clap v4.6.0
       Fresh proptest v1.11.0
     Running `/private/var/folders/sg/wy47gw996f78fznt898m8x540000gn/T/cargo-mutants-flavor-rs-AJnnRY.tmp/target/debug/build/flavor-d6cea4267b429fe1/build-script-build`
       Fresh ed25519-dalek v2.2.0
     Running `/Users/tim/.rustup/toolchains/stable-aarch64-apple-darwin/bin/rustc --crate-name flavor --edition=2024 src/lib.rs --error-format=json --json=diagnostic-rendered-ansi,artifacts,future-incompat --emit=dep-info,link -C embed-bitcode=no -C debuginfo=2 -C split-debuginfo=unpacked --test --cfg 'feature="default"' --check-cfg 'cfg(docsrs,test)' --check-cfg 'cfg(feature, values("default"))' -C metadata=b72348e8a9d7df2e -C extra-filename=-19035fd48ff337ba --out-dir /private/var/folders/sg/wy47gw996f78fznt898m8x540000gn/T/cargo-mutants-flavor-rs-AJnnRY.tmp/target/debug/deps -C incremental=/private/var/folders/sg/wy47gw996f78fznt898m8x540000gn/T/cargo-mutants-flavor-rs-AJnnRY.tmp/target/debug/incremental -L dependency=/private/var/folders/sg/wy47gw996f78fznt898m8x540000gn/T/cargo-mutants-flavor-rs-AJnnRY.tmp/target/debug/deps --extern adler2=/private/var/folders/sg/wy47gw996f78fznt898m8x540000gn/T/cargo-mutants-flavor-rs-AJnnRY.tmp/target/debug/deps/libadler2-1237be17f08066aa.rlib --extern anyhow=/private/var/folders/sg/wy47gw996f78fznt898m8x540000gn/T/cargo-mutants-flavor-rs-AJnnRY.tmp/target/debug/deps/libanyhow-d9b6d410a1361442.rlib --extern chrono=/private/var/folders/sg/wy47gw996f78fznt898m8x540000gn/T/cargo-mutants-flavor-rs-AJnnRY.tmp/target/debug/deps/libchrono-b7affcfd136ee226.rlib --extern clap=/private/var/folders/sg/wy47gw996f78fznt898m8x540000gn/T/cargo-mutants-flavor-rs-AJnnRY.tmp/target/debug/deps/libclap-c2746911242c53dc.rlib --extern ed25519_dalek=/private/var/folders/sg/wy47gw996f78fznt898m8x540000gn/T/cargo-mutants-flavor-rs-AJnnRY.tmp/target/debug/deps/libed25519_dalek-42293ea3dc57f31c.rlib --extern env_logger=/private/var/folders/sg/wy47gw996f78fznt898m8x540000gn/T/cargo-mutants-flavor-rs-AJnnRY.tmp/target/debug/deps/libenv_logger-75173f29843c9a52.rlib --extern flate2=/private/var/folders/sg/wy47gw996f78fznt898m8x540000gn/T/cargo-mutants-flavor-rs-AJnnRY.tmp/target/debug/deps/libflate2-96cd3d855b9115ec.rlib --extern fs2=/private/var/folders/sg/wy47gw996f78fznt898m8x540000gn/T/cargo-mutants-flavor-rs-AJnnRY.tmp/target/debug/deps/libfs2-71900ee401453af8.rlib --extern gethostname=/private/var/folders/sg/wy47gw996f78fznt898m8x540000gn/T/cargo-mutants-flavor-rs-AJnnRY.tmp/target/debug/deps/libgethostname-e6576ba3912663df.rlib --extern glob=/private/var/folders/sg/wy47gw996f78fznt898m8x540000gn/T/cargo-mutants-flavor-rs-AJnnRY.tmp/target/debug/deps/libglob-56daeb017c976e69.rlib --extern hex=/private/var/folders/sg/wy47gw996f78fznt898m8x540000gn/T/cargo-mutants-flavor-rs-AJnnRY.tmp/target/debug/deps/libhex-6a16846156d7c862.rlib --extern libc=/private/var/folders/sg/wy47gw996f78fznt898m8x540000gn/T/cargo-mutants-flavor-rs-AJnnRY.tmp/target/debug/deps/liblibc-26979bb06dae4666.rlib --extern log=/private/var/folders/sg/wy47gw996f78fznt898m8x540000gn/T/cargo-mutants-flavor-rs-AJnnRY.tmp/target/debug/deps/liblog-8a7d20b8c005bc83.rlib --extern memmap2=/private/var/folders/sg/wy47gw996f78fznt898m8x540000gn/T/cargo-mutants-flavor-rs-AJnnRY.tmp/target/debug/deps/libmemmap2-413e3a480d8f5878.rlib --extern pem=/private/var/folders/sg/wy47gw996f78fznt898m8x540000gn/T/cargo-mutants-flavor-rs-AJnnRY.tmp/target/debug/deps/libpem-baee24606d736ef7.rlib --extern proptest=/private/var/folders/sg/wy47gw996f78fznt898m8x540000gn/T/cargo-mutants-flavor-rs-AJnnRY.tmp/target/debug/deps/libproptest-387450d3dcbd40ff.rlib --extern rand=/private/var/folders/sg/wy47gw996f78fznt898m8x540000gn/T/cargo-mutants-flavor-rs-AJnnRY.tmp/target/debug/deps/librand-a25bcd883a2e2285.rlib --extern serde=/private/var/folders/sg/wy47gw996f78fznt898m8x540000gn/T/cargo-mutants-flavor-rs-AJnnRY.tmp/target/debug/deps/libserde-02be1dd65d3ef57a.rlib --extern serde_json=/private/var/folders/sg/wy47gw996f78fznt898m8x540000gn/T/cargo-mutants-flavor-rs-AJnnRY.tmp/target/debug/deps/libserde_json-469eaea1fff499db.rlib --extern sha2=/private/var/folders/sg/wy47gw996f78fznt898m8x540000gn/T/cargo-mutants-flavor-rs-AJnnRY.tmp/target/debug/deps/libsha2-28b9a530c85e9fef.rlib --extern signal_hook=/private/var/folders/sg/wy47gw996f78fznt898m8x540000gn/T/cargo-mutants-flavor-rs-AJnnRY.tmp/target/debug/deps/libsignal_hook-0a34b12e866764fc.rlib --extern tar=/private/var/folders/sg/wy47gw996f78fznt898m8x540000gn/T/cargo-mutants-flavor-rs-AJnnRY.tmp/target/debug/deps/libtar-9468371f38505d5a.rlib --extern tempfile=/private/var/folders/sg/wy47gw996f78fznt898m8x540000gn/T/cargo-mutants-flavor-rs-AJnnRY.tmp/target/debug/deps/libtempfile-f67b0e214d8dd2e3.rlib --extern which=/private/var/folders/sg/wy47gw996f78fznt898m8x540000gn/T/cargo-mutants-flavor-rs-AJnnRY.tmp/target/debug/deps/libwhich-a2a3c9536beaf592.rlib`
     Running `/Users/tim/.rustup/toolchains/stable-aarch64-apple-darwin/bin/rustc --crate-name flavor --edition=2024 src/lib.rs --error-format=json --json=diagnostic-rendered-ansi,artifacts,future-incompat --crate-type lib --emit=dep-info,metadata,link -C embed-bitcode=no -C debuginfo=2 -C split-debuginfo=unpacked --cfg 'feature="default"' --check-cfg 'cfg(docsrs,test)' --check-cfg 'cfg(feature, values("default"))' -C metadata=638a3856e0fcd0df -C extra-filename=-88d82f8937f7a117 --out-dir /private/var/folders/sg/wy47gw996f78fznt898m8x540000gn/T/cargo-mutants-flavor-rs-AJnnRY.tmp/target/debug/deps -C incremental=/private/var/folders/sg/wy47gw996f78fznt898m8x540000gn/T/cargo-mutants-flavor-rs-AJnnRY.tmp/target/debug/incremental -L dependency=/private/var/folders/sg/wy47gw996f78fznt898m8x540000gn/T/cargo-mutants-flavor-rs-AJnnRY.tmp/target/debug/deps --extern adler2=/private/var/folders/sg/wy47gw996f78fznt898m8x540000gn/T/cargo-mutants-flavor-rs-AJnnRY.tmp/target/debug/deps/libadler2-1237be17f08066aa.rmeta --extern anyhow=/private/var/folders/sg/wy47gw996f78fznt898m8x540000gn/T/cargo-mutants-flavor-rs-AJnnRY.tmp/target/debug/deps/libanyhow-d9b6d410a1361442.rmeta --extern chrono=/private/var/folders/sg/wy47gw996f78fznt898m8x540000gn/T/cargo-mutants-flavor-rs-AJnnRY.tmp/target/debug/deps/libchrono-b7affcfd136ee226.rmeta --extern clap=/private/var/folders/sg/wy47gw996f78fznt898m8x540000gn/T/cargo-mutants-flavor-rs-AJnnRY.tmp/target/debug/deps/libclap-c2746911242c53dc.rmeta --extern ed25519_dalek=/private/var/folders/sg/wy47gw996f78fznt898m8x540000gn/T/cargo-mutants-flavor-rs-AJnnRY.tmp/target/debug/deps/libed25519_dalek-42293ea3dc57f31c.rmeta --extern env_logger=/private/var/folders/sg/wy47gw996f78fznt898m8x540000gn/T/cargo-mutants-flavor-rs-AJnnRY.tmp/target/debug/deps/libenv_logger-75173f29843c9a52.rmeta --extern flate2=/private/var/folders/sg/wy47gw996f78fznt898m8x540000gn/T/cargo-mutants-flavor-rs-AJnnRY.tmp/target/debug/deps/libflate2-96cd3d855b9115ec.rmeta --extern fs2=/private/var/folders/sg/wy47gw996f78fznt898m8x540000gn/T/cargo-mutants-flavor-rs-AJnnRY.tmp/target/debug/deps/libfs2-71900ee401453af8.rmeta --extern gethostname=/private/var/folders/sg/wy47gw996f78fznt898m8x540000gn/T/cargo-mutants-flavor-rs-AJnnRY.tmp/target/debug/deps/libgethostname-e6576ba3912663df.rmeta --extern glob=/private/var/folders/sg/wy47gw996f78fznt898m8x540000gn/T/cargo-mutants-flavor-rs-AJnnRY.tmp/target/debug/deps/libglob-56daeb017c976e69.rmeta --extern hex=/private/var/folders/sg/wy47gw996f78fznt898m8x540000gn/T/cargo-mutants-flavor-rs-AJnnRY.tmp/target/debug/deps/libhex-6a16846156d7c862.rmeta --extern libc=/private/var/folders/sg/wy47gw996f78fznt898m8x540000gn/T/cargo-mutants-flavor-rs-AJnnRY.tmp/target/debug/deps/liblibc-26979bb06dae4666.rmeta --extern log=/private/var/folders/sg/wy47gw996f78fznt898m8x540000gn/T/cargo-mutants-flavor-rs-AJnnRY.tmp/target/debug/deps/liblog-8a7d20b8c005bc83.rmeta --extern memmap2=/private/var/folders/sg/wy47gw996f78fznt898m8x540000gn/T/cargo-mutants-flavor-rs-AJnnRY.tmp/target/debug/deps/libmemmap2-413e3a480d8f5878.rmeta --extern pem=/private/var/folders/sg/wy47gw996f78fznt898m8x540000gn/T/cargo-mutants-flavor-rs-AJnnRY.tmp/target/debug/deps/libpem-baee24606d736ef7.rmeta --extern rand=/private/var/folders/sg/wy47gw996f78fznt898m8x540000gn/T/cargo-mutants-flavor-rs-AJnnRY.tmp/target/debug/deps/librand-a25bcd883a2e2285.rmeta --extern serde=/private/var/folders/sg/wy47gw996f78fznt898m8x540000gn/T/cargo-mutants-flavor-rs-AJnnRY.tmp/target/debug/deps/libserde-02be1dd65d3ef57a.rmeta --extern serde_json=/private/var/folders/sg/wy47gw996f78fznt898m8x540000gn/T/cargo-mutants-flavor-rs-AJnnRY.tmp/target/debug/deps/libserde_json-469eaea1fff499db.rmeta --extern sha2=/private/var/folders/sg/wy47gw996f78fznt898m8x540000gn/T/cargo-mutants-flavor-rs-AJnnRY.tmp/target/debug/deps/libsha2-28b9a530c85e9fef.rmeta --extern signal_hook=/private/var/folders/sg/wy47gw996f78fznt898m8x540000gn/T/cargo-mutants-flavor-rs-AJnnRY.tmp/target/debug/deps/libsignal_hook-0a34b12e866764fc.rmeta --extern tar=/private/var/folders/sg/wy47gw996f78fznt898m8x540000gn/T/cargo-mutants-flavor-rs-AJnnRY.tmp/target/debug/deps/libtar-9468371f38505d5a.rmeta --extern tempfile=/private/var/folders/sg/wy47gw996f78fznt898m8x540000gn/T/cargo-mutants-flavor-rs-AJnnRY.tmp/target/debug/deps/libtempfile-f67b0e214d8dd2e3.rmeta --extern which=/private/var/folders/sg/wy47gw996f78fznt898m8x540000gn/T/cargo-mutants-flavor-rs-AJnnRY.tmp/target/debug/deps/libwhich-a2a3c9536beaf592.rmeta`
     Running `/Users/tim/.rustup/toolchains/stable-aarch64-apple-darwin/bin/rustc --crate-name flavor_rs_launcher --edition=2024 src/bin/flavor-rs-launcher.rs --error-format=json --json=diagnostic-rendered-ansi,artifacts,future-incompat --emit=dep-info,link -C embed-bitcode=no -C debuginfo=2 -C split-debuginfo=unpacked --test --cfg 'feature="default"' --check-cfg 'cfg(docsrs,test)' --check-cfg 'cfg(feature, values("default"))' -C metadata=1e86bd574fcae1c3 -C extra-filename=-30d5c8f9cc0f7e8a --out-dir /private/var/folders/sg/wy47gw996f78fznt898m8x540000gn/T/cargo-mutants-flavor-rs-AJnnRY.tmp/target/debug/deps -C incremental=/private/var/folders/sg/wy47gw996f78fznt898m8x540000gn/T/cargo-mutants-flavor-rs-AJnnRY.tmp/target/debug/incremental -L dependency=/private/var/folders/sg/wy47gw996f78fznt898m8x540000gn/T/cargo-mutants-flavor-rs-AJnnRY.tmp/target/debug/deps --extern adler2=/private/var/folders/sg/wy47gw996f78fznt898m8x540000gn/T/cargo-mutants-flavor-rs-AJnnRY.tmp/target/debug/deps/libadler2-1237be17f08066aa.rlib --extern anyhow=/private/var/folders/sg/wy47gw996f78fznt898m8x540000gn/T/cargo-mutants-flavor-rs-AJnnRY.tmp/target/debug/deps/libanyhow-d9b6d410a1361442.rlib --extern chrono=/private/var/folders/sg/wy47gw996f78fznt898m8x540000gn/T/cargo-mutants-flavor-rs-AJnnRY.tmp/target/debug/deps/libchrono-b7affcfd136ee226.rlib --extern clap=/private/var/folders/sg/wy47gw996f78fznt898m8x540000gn/T/cargo-mutants-flavor-rs-AJnnRY.tmp/target/debug/deps/libclap-c2746911242c53dc.rlib --extern ed25519_dalek=/private/var/folders/sg/wy47gw996f78fznt898m8x540000gn/T/cargo-mutants-flavor-rs-AJnnRY.tmp/target/debug/deps/libed25519_dalek-42293ea3dc57f31c.rlib --extern env_logger=/private/var/folders/sg/wy47gw996f78fznt898m8x540000gn/T/cargo-mutants-flavor-rs-AJnnRY.tmp/target/debug/deps/libenv_logger-75173f29843c9a52.rlib --extern flate2=/private/var/folders/sg/wy47gw996f78fznt898m8x540000gn/T/cargo-mutants-flavor-rs-AJnnRY.tmp/target/debug/deps/libflate2-96cd3d855b9115ec.rlib --extern flavor=/private/var/folders/sg/wy47gw996f78fznt898m8x540000gn/T/cargo-mutants-flavor-rs-AJnnRY.tmp/target/debug/deps/libflavor-88d82f8937f7a117.rlib --extern fs2=/private/var/folders/sg/wy47gw996f78fznt898m8x540000gn/T/cargo-mutants-flavor-rs-AJnnRY.tmp/target/debug/deps/libfs2-71900ee401453af8.rlib --extern gethostname=/private/var/folders/sg/wy47gw996f78fznt898m8x540000gn/T/cargo-mutants-flavor-rs-AJnnRY.tmp/target/debug/deps/libgethostname-e6576ba3912663df.rlib --extern glob=/private/var/folders/sg/wy47gw996f78fznt898m8x540000gn/T/cargo-mutants-flavor-rs-AJnnRY.tmp/target/debug/deps/libglob-56daeb017c976e69.rlib --extern hex=/private/var/folders/sg/wy47gw996f78fznt898m8x540000gn/T/cargo-mutants-flavor-rs-AJnnRY.tmp/target/debug/deps/libhex-6a16846156d7c862.rlib --extern libc=/private/var/folders/sg/wy47gw996f78fznt898m8x540000gn/T/cargo-mutants-flavor-rs-AJnnRY.tmp/target/debug/deps/liblibc-26979bb06dae4666.rlib --extern log=/private/var/folders/sg/wy47gw996f78fznt898m8x540000gn/T/cargo-mutants-flavor-rs-AJnnRY.tmp/target/debug/deps/liblog-8a7d20b8c005bc83.rlib --extern memmap2=/private/var/folders/sg/wy47gw996f78fznt898m8x540000gn/T/cargo-mutants-flavor-rs-AJnnRY.tmp/target/debug/deps/libmemmap2-413e3a480d8f5878.rlib --extern pem=/private/var/folders/sg/wy47gw996f78fznt898m8x540000gn/T/cargo-mutants-flavor-rs-AJnnRY.tmp/target/debug/deps/libpem-baee24606d736ef7.rlib --extern proptest=/private/var/folders/sg/wy47gw996f78fznt898m8x540000gn/T/cargo-mutants-flavor-rs-AJnnRY.tmp/target/debug/deps/libproptest-387450d3dcbd40ff.rlib --extern rand=/private/var/folders/sg/wy47gw996f78fznt898m8x540000gn/T/cargo-mutants-flavor-rs-AJnnRY.tmp/target/debug/deps/librand-a25bcd883a2e2285.rlib --extern serde=/private/var/folders/sg/wy47gw996f78fznt898m8x540000gn/T/cargo-mutants-flavor-rs-AJnnRY.tmp/target/debug/deps/libserde-02be1dd65d3ef57a.rlib --extern serde_json=/private/var/folders/sg/wy47gw996f78fznt898m8x540000gn/T/cargo-mutants-flavor-rs-AJnnRY.tmp/target/debug/deps/libserde_json-469eaea1fff499db.rlib --extern sha2=/private/var/folders/sg/wy47gw996f78fznt898m8x540000gn/T/cargo-mutants-flavor-rs-AJnnRY.tmp/target/debug/deps/libsha2-28b9a530c85e9fef.rlib --extern signal_hook=/private/var/folders/sg/wy47gw996f78fznt898m8x540000gn/T/cargo-mutants-flavor-rs-AJnnRY.tmp/target/debug/deps/libsignal_hook-0a34b12e866764fc.rlib --extern tar=/private/var/folders/sg/wy47gw996f78fznt898m8x540000gn/T/cargo-mutants-flavor-rs-AJnnRY.tmp/target/debug/deps/libtar-9468371f38505d5a.rlib --extern tempfile=/private/var/folders/sg/wy47gw996f78fznt898m8x540000gn/T/cargo-mutants-flavor-rs-AJnnRY.tmp/target/debug/deps/libtempfile-f67b0e214d8dd2e3.rlib --extern which=/private/var/folders/sg/wy47gw996f78fznt898m8x540000gn/T/cargo-mutants-flavor-rs-AJnnRY.tmp/target/debug/deps/libwhich-a2a3c9536beaf592.rlib`
     Running `/Users/tim/.rustup/toolchains/stable-aarch64-apple-darwin/bin/rustc --crate-name flavor_rs_builder --edition=2024 src/bin/flavor-rs-builder.rs --error-format=json --json=diagnostic-rendered-ansi,artifacts,future-incompat --emit=dep-info,link -C embed-bitcode=no -C debuginfo=2 -C split-debuginfo=unpacked --test --cfg 'feature="default"' --check-cfg 'cfg(docsrs,test)' --check-cfg 'cfg(feature, values("default"))' -C metadata=069fa1d69c2b4683 -C extra-filename=-8b703e7e9be23f48 --out-dir /private/var/folders/sg/wy47gw996f78fznt898m8x540000gn/T/cargo-mutants-flavor-rs-AJnnRY.tmp/target/debug/deps -C incremental=/private/var/folders/sg/wy47gw996f78fznt898m8x540000gn/T/cargo-mutants-flavor-rs-AJnnRY.tmp/target/debug/incremental -L dependency=/private/var/folders/sg/wy47gw996f78fznt898m8x540000gn/T/cargo-mutants-flavor-rs-AJnnRY.tmp/target/debug/deps --extern adler2=/private/var/folders/sg/wy47gw996f78fznt898m8x540000gn/T/cargo-mutants-flavor-rs-AJnnRY.tmp/target/debug/deps/libadler2-1237be17f08066aa.rlib --extern anyhow=/private/var/folders/sg/wy47gw996f78fznt898m8x540000gn/T/cargo-mutants-flavor-rs-AJnnRY.tmp/target/debug/deps/libanyhow-d9b6d410a1361442.rlib --extern chrono=/private/var/folders/sg/wy47gw996f78fznt898m8x540000gn/T/cargo-mutants-flavor-rs-AJnnRY.tmp/target/debug/deps/libchrono-b7affcfd136ee226.rlib --extern clap=/private/var/folders/sg/wy47gw996f78fznt898m8x540000gn/T/cargo-mutants-flavor-rs-AJnnRY.tmp/target/debug/deps/libclap-c2746911242c53dc.rlib --extern ed25519_dalek=/private/var/folders/sg/wy47gw996f78fznt898m8x540000gn/T/cargo-mutants-flavor-rs-AJnnRY.tmp/target/debug/deps/libed25519_dalek-42293ea3dc57f31c.rlib --extern env_logger=/private/var/folders/sg/wy47gw996f78fznt898m8x540000gn/T/cargo-mutants-flavor-rs-AJnnRY.tmp/target/debug/deps/libenv_logger-75173f29843c9a52.rlib --extern flate2=/private/var/folders/sg/wy47gw996f78fznt898m8x540000gn/T/cargo-mutants-flavor-rs-AJnnRY.tmp/target/debug/deps/libflate2-96cd3d855b9115ec.rlib --extern flavor=/private/var/folders/sg/wy47gw996f78fznt898m8x540000gn/T/cargo-mutants-flavor-rs-AJnnRY.tmp/target/debug/deps/libflavor-88d82f8937f7a117.rlib --extern fs2=/private/var/folders/sg/wy47gw996f78fznt898m8x540000gn/T/cargo-mutants-flavor-rs-AJnnRY.tmp/target/debug/deps/libfs2-71900ee401453af8.rlib --extern gethostname=/private/var/folders/sg/wy47gw996f78fznt898m8x540000gn/T/cargo-mutants-flavor-rs-AJnnRY.tmp/target/debug/deps/libgethostname-e6576ba3912663df.rlib --extern glob=/private/var/folders/sg/wy47gw996f78fznt898m8x540000gn/T/cargo-mutants-flavor-rs-AJnnRY.tmp/target/debug/deps/libglob-56daeb017c976e69.rlib --extern hex=/private/var/folders/sg/wy47gw996f78fznt898m8x540000gn/T/cargo-mutants-flavor-rs-AJnnRY.tmp/target/debug/deps/libhex-6a16846156d7c862.rlib --extern libc=/private/var/folders/sg/wy47gw996f78fznt898m8x540000gn/T/cargo-mutants-flavor-rs-AJnnRY.tmp/target/debug/deps/liblibc-26979bb06dae4666.rlib --extern log=/private/var/folders/sg/wy47gw996f78fznt898m8x540000gn/T/cargo-mutants-flavor-rs-AJnnRY.tmp/target/debug/deps/liblog-8a7d20b8c005bc83.rlib --extern memmap2=/private/var/folders/sg/wy47gw996f78fznt898m8x540000gn/T/cargo-mutants-flavor-rs-AJnnRY.tmp/target/debug/deps/libmemmap2-413e3a480d8f5878.rlib --extern pem=/private/var/folders/sg/wy47gw996f78fznt898m8x540000gn/T/cargo-mutants-flavor-rs-AJnnRY.tmp/target/debug/deps/libpem-baee24606d736ef7.rlib --extern proptest=/private/var/folders/sg/wy47gw996f78fznt898m8x540000gn/T/cargo-mutants-flavor-rs-AJnnRY.tmp/target/debug/deps/libproptest-387450d3dcbd40ff.rlib --extern rand=/private/var/folders/sg/wy47gw996f78fznt898m8x540000gn/T/cargo-mutants-flavor-rs-AJnnRY.tmp/target/debug/deps/librand-a25bcd883a2e2285.rlib --extern serde=/private/var/folders/sg/wy47gw996f78fznt898m8x540000gn/T/cargo-mutants-flavor-rs-AJnnRY.tmp/target/debug/deps/libserde-02be1dd65d3ef57a.rlib --extern serde_json=/private/var/folders/sg/wy47gw996f78fznt898m8x540000gn/T/cargo-mutants-flavor-rs-AJnnRY.tmp/target/debug/deps/libserde_json-469eaea1fff499db.rlib --extern sha2=/private/var/folders/sg/wy47gw996f78fznt898m8x540000gn/T/cargo-mutants-flavor-rs-AJnnRY.tmp/target/debug/deps/libsha2-28b9a530c85e9fef.rlib --extern signal_hook=/private/var/folders/sg/wy47gw996f78fznt898m8x540000gn/T/cargo-mutants-flavor-rs-AJnnRY.tmp/target/debug/deps/libsignal_hook-0a34b12e866764fc.rlib --extern tar=/private/var/folders/sg/wy47gw996f78fznt898m8x540000gn/T/cargo-mutants-flavor-rs-AJnnRY.tmp/target/debug/deps/libtar-9468371f38505d5a.rlib --extern tempfile=/private/var/folders/sg/wy47gw996f78fznt898m8x540000gn/T/cargo-mutants-flavor-rs-AJnnRY.tmp/target/debug/deps/libtempfile-f67b0e214d8dd2e3.rlib --extern which=/private/var/folders/sg/wy47gw996f78fznt898m8x540000gn/T/cargo-mutants-flavor-rs-AJnnRY.tmp/target/debug/deps/libwhich-a2a3c9536beaf592.rlib`
    Finished `test` profile [unoptimized + debuginfo] target(s) in 1.67s
  Executable `/private/var/folders/sg/wy47gw996f78fznt898m8x540000gn/T/cargo-mutants-flavor-rs-AJnnRY.tmp/target/debug/deps/flavor-19035fd48ff337ba`
  Executable `/private/var/folders/sg/wy47gw996f78fznt898m8x540000gn/T/cargo-mutants-flavor-rs-AJnnRY.tmp/target/debug/deps/flavor_rs_builder-8b703e7e9be23f48`
  Executable `/private/var/folders/sg/wy47gw996f78fznt898m8x540000gn/T/cargo-mutants-flavor-rs-AJnnRY.tmp/target/debug/deps/flavor_rs_launcher-30d5c8f9cc0f7e8a`

*** result: Success

*** /Users/tim/.rustup/toolchains/stable-aarch64-apple-darwin/bin/cargo test --verbose --package=flavor@0.3.21 --all-features
       Fresh cfg-if v1.0.4
       Fresh version_check v0.9.5
       Fresh bitflags v2.11.0
       Fresh unicode-ident v1.0.24
       Fresh memchr v2.8.0
       Fresh semver v1.0.27
       Fresh regex-syntax v0.8.10
       Fresh autocfg v1.5.0
       Fresh utf8parse v0.2.2
       Fresh is_terminal_polyfill v1.70.2
       Fresh anstyle v1.0.14
       Fresh anstyle-query v1.1.5
       Fresh colorchoice v1.0.5
       Fresh once_cell v1.21.4
       Fresh libc v0.2.183
       Fresh rustc_version v0.4.1
       Fresh aho-corasick v1.1.4
       Fresh anstyle-parse v1.0.0
       Fresh fastrand v2.3.0
       Fresh adler2 v2.0.1
       Fresh log v0.4.29
       Fresh clap_lex v1.1.0
       Fresh signature v2.2.0
       Fresh zeroize v1.8.2
       Fresh core-foundation-sys v0.8.7
       Fresh errno v0.3.14
       Fresh typenum v1.19.0
       Fresh proc-macro2 v1.0.106
       Fresh zerocopy v0.8.48
       Fresh getrandom v0.3.4
       Fresh regex-automata v0.4.14
       Fresh anstream v1.0.0
       Fresh getrandom v0.2.17
       Fresh getrandom v0.4.2
       Fresh cpufeatures v0.2.17
       Fresh serde_core v1.0.228
       Fresh simd-adler32 v0.3.9
       Fresh strsim v0.11.1
       Fresh heck v0.5.0
       Fresh subtle v2.6.1
       Fresh iana-time-zone v0.1.65
       Fresh crc32fast v1.5.0
       Fresh filetime v0.2.27
       Fresh generic-array v0.14.7
       Fresh rustix v1.1.4
       Fresh quote v1.0.45
       Fresh ppv-lite86 v0.2.21
       Fresh rand_core v0.9.5
       Fresh rand_core v0.6.4
       Fresh rustix v0.38.44
       Fresh num-traits v0.2.19
       Fresh regex v1.12.3
       Fresh clap_builder v4.6.0
       Fresh miniz_oxide v0.8.9
       Fresh zmij v1.0.21
       Fresh signal-hook-registry v1.4.8
       Fresh ed25519 v2.2.3
       Fresh wait-timeout v0.2.1
       Fresh fnv v1.0.7
       Fresh bit-vec v0.8.0
       Fresh base64 v0.22.1
       Fresh itoa v1.0.18
       Fresh syn v2.0.117
       Fresh crypto-common v0.1.7
       Fresh block-buffer v0.10.4
       Fresh tempfile v3.27.0
       Fresh env_filter v1.0.1
       Fresh xattr v1.6.1
       Fresh rand_chacha v0.3.1
       Fresh jiff v0.2.23
       Fresh quick-error v1.2.3
       Fresh home v0.5.11
       Fresh either v1.15.0
       Fresh chrono v0.4.44
       Fresh flate2 v1.1.9
       Fresh rand_chacha v0.9.0
       Fresh anyhow v1.0.102
       Fresh bit-set v0.8.0
       Fresh rand v0.9.2
       Dirty flavor v0.3.21 (/private/var/folders/sg/wy47gw996f78fznt898m8x540000gn/T/cargo-mutants-flavor-rs-AJnnRY.tmp): the file `../../VERSION` is missing
   Compiling flavor v0.3.21 (/private/var/folders/sg/wy47gw996f78fznt898m8x540000gn/T/cargo-mutants-flavor-rs-AJnnRY.tmp)
       Fresh signal-hook v0.3.18
       Fresh serde_json v1.0.149
       Fresh gethostname v0.5.0
       Fresh pem v3.0.6
       Fresh rand_xorshift v0.4.0
       Fresh fs2 v0.4.3
       Fresh memmap2 v0.9.10
     Running `/private/var/folders/sg/wy47gw996f78fznt898m8x540000gn/T/cargo-mutants-flavor-rs-AJnnRY.tmp/target/debug/build/flavor-d6cea4267b429fe1/build-script-build`
       Fresh digest v0.10.7
       Fresh clap_derive v4.6.0
       Fresh serde_derive v1.0.228
       Fresh tar v0.4.45
       Fresh rand v0.8.5
       Fresh env_logger v0.11.10
       Fresh which v6.0.3
       Fresh rusty-fork v0.3.1
       Fresh glob v0.3.3
       Fresh unarray v0.1.4
       Fresh hex v0.4.3
       Fresh sha2 v0.10.9
       Fresh curve25519-dalek v4.1.3
       Fresh serde v1.0.228
       Fresh clap v4.6.0
       Fresh proptest v1.11.0
       Fresh ed25519-dalek v2.2.0
     Running `/Users/tim/.rustup/toolchains/stable-aarch64-apple-darwin/bin/rustc --crate-name flavor --edition=2024 src/lib.rs --error-format=json --json=diagnostic-rendered-ansi,artifacts,future-incompat --emit=dep-info,link -C embed-bitcode=no -C debuginfo=2 -C split-debuginfo=unpacked --test --cfg 'feature="default"' --check-cfg 'cfg(docsrs,test)' --check-cfg 'cfg(feature, values("default"))' -C metadata=b72348e8a9d7df2e -C extra-filename=-19035fd48ff337ba --out-dir /private/var/folders/sg/wy47gw996f78fznt898m8x540000gn/T/cargo-mutants-flavor-rs-AJnnRY.tmp/target/debug/deps -C incremental=/private/var/folders/sg/wy47gw996f78fznt898m8x540000gn/T/cargo-mutants-flavor-rs-AJnnRY.tmp/target/debug/incremental -L dependency=/private/var/folders/sg/wy47gw996f78fznt898m8x540000gn/T/cargo-mutants-flavor-rs-AJnnRY.tmp/target/debug/deps --extern adler2=/private/var/folders/sg/wy47gw996f78fznt898m8x540000gn/T/cargo-mutants-flavor-rs-AJnnRY.tmp/target/debug/deps/libadler2-1237be17f08066aa.rlib --extern anyhow=/private/var/folders/sg/wy47gw996f78fznt898m8x540000gn/T/cargo-mutants-flavor-rs-AJnnRY.tmp/target/debug/deps/libanyhow-d9b6d410a1361442.rlib --extern chrono=/private/var/folders/sg/wy47gw996f78fznt898m8x540000gn/T/cargo-mutants-flavor-rs-AJnnRY.tmp/target/debug/deps/libchrono-b7affcfd136ee226.rlib --extern clap=/private/var/folders/sg/wy47gw996f78fznt898m8x540000gn/T/cargo-mutants-flavor-rs-AJnnRY.tmp/target/debug/deps/libclap-c2746911242c53dc.rlib --extern ed25519_dalek=/private/var/folders/sg/wy47gw996f78fznt898m8x540000gn/T/cargo-mutants-flavor-rs-AJnnRY.tmp/target/debug/deps/libed25519_dalek-42293ea3dc57f31c.rlib --extern env_logger=/private/var/folders/sg/wy47gw996f78fznt898m8x540000gn/T/cargo-mutants-flavor-rs-AJnnRY.tmp/target/debug/deps/libenv_logger-75173f29843c9a52.rlib --extern flate2=/private/var/folders/sg/wy47gw996f78fznt898m8x540000gn/T/cargo-mutants-flavor-rs-AJnnRY.tmp/target/debug/deps/libflate2-96cd3d855b9115ec.rlib --extern fs2=/private/var/folders/sg/wy47gw996f78fznt898m8x540000gn/T/cargo-mutants-flavor-rs-AJnnRY.tmp/target/debug/deps/libfs2-71900ee401453af8.rlib --extern gethostname=/private/var/folders/sg/wy47gw996f78fznt898m8x540000gn/T/cargo-mutants-flavor-rs-AJnnRY.tmp/target/debug/deps/libgethostname-e6576ba3912663df.rlib --extern glob=/private/var/folders/sg/wy47gw996f78fznt898m8x540000gn/T/cargo-mutants-flavor-rs-AJnnRY.tmp/target/debug/deps/libglob-56daeb017c976e69.rlib --extern hex=/private/var/folders/sg/wy47gw996f78fznt898m8x540000gn/T/cargo-mutants-flavor-rs-AJnnRY.tmp/target/debug/deps/libhex-6a16846156d7c862.rlib --extern libc=/private/var/folders/sg/wy47gw996f78fznt898m8x540000gn/T/cargo-mutants-flavor-rs-AJnnRY.tmp/target/debug/deps/liblibc-26979bb06dae4666.rlib --extern log=/private/var/folders/sg/wy47gw996f78fznt898m8x540000gn/T/cargo-mutants-flavor-rs-AJnnRY.tmp/target/debug/deps/liblog-8a7d20b8c005bc83.rlib --extern memmap2=/private/var/folders/sg/wy47gw996f78fznt898m8x540000gn/T/cargo-mutants-flavor-rs-AJnnRY.tmp/target/debug/deps/libmemmap2-413e3a480d8f5878.rlib --extern pem=/private/var/folders/sg/wy47gw996f78fznt898m8x540000gn/T/cargo-mutants-flavor-rs-AJnnRY.tmp/target/debug/deps/libpem-baee24606d736ef7.rlib --extern proptest=/private/var/folders/sg/wy47gw996f78fznt898m8x540000gn/T/cargo-mutants-flavor-rs-AJnnRY.tmp/target/debug/deps/libproptest-387450d3dcbd40ff.rlib --extern rand=/private/var/folders/sg/wy47gw996f78fznt898m8x540000gn/T/cargo-mutants-flavor-rs-AJnnRY.tmp/target/debug/deps/librand-a25bcd883a2e2285.rlib --extern serde=/private/var/folders/sg/wy47gw996f78fznt898m8x540000gn/T/cargo-mutants-flavor-rs-AJnnRY.tmp/target/debug/deps/libserde-02be1dd65d3ef57a.rlib --extern serde_json=/private/var/folders/sg/wy47gw996f78fznt898m8x540000gn/T/cargo-mutants-flavor-rs-AJnnRY.tmp/target/debug/deps/libserde_json-469eaea1fff499db.rlib --extern sha2=/private/var/folders/sg/wy47gw996f78fznt898m8x540000gn/T/cargo-mutants-flavor-rs-AJnnRY.tmp/target/debug/deps/libsha2-28b9a530c85e9fef.rlib --extern signal_hook=/private/var/folders/sg/wy47gw996f78fznt898m8x540000gn/T/cargo-mutants-flavor-rs-AJnnRY.tmp/target/debug/deps/libsignal_hook-0a34b12e866764fc.rlib --extern tar=/private/var/folders/sg/wy47gw996f78fznt898m8x540000gn/T/cargo-mutants-flavor-rs-AJnnRY.tmp/target/debug/deps/libtar-9468371f38505d5a.rlib --extern tempfile=/private/var/folders/sg/wy47gw996f78fznt898m8x540000gn/T/cargo-mutants-flavor-rs-AJnnRY.tmp/target/debug/deps/libtempfile-f67b0e214d8dd2e3.rlib --extern which=/private/var/folders/sg/wy47gw996f78fznt898m8x540000gn/T/cargo-mutants-flavor-rs-AJnnRY.tmp/target/debug/deps/libwhich-a2a3c9536beaf592.rlib`
     Running `/Users/tim/.rustup/toolchains/stable-aarch64-apple-darwin/bin/rustc --crate-name flavor --edition=2024 src/lib.rs --error-format=json --json=diagnostic-rendered-ansi,artifacts,future-incompat --crate-type lib --emit=dep-info,metadata,link -C embed-bitcode=no -C debuginfo=2 -C split-debuginfo=unpacked --cfg 'feature="default"' --check-cfg 'cfg(docsrs,test)' --check-cfg 'cfg(feature, values("default"))' -C metadata=638a3856e0fcd0df -C extra-filename=-88d82f8937f7a117 --out-dir /private/var/folders/sg/wy47gw996f78fznt898m8x540000gn/T/cargo-mutants-flavor-rs-AJnnRY.tmp/target/debug/deps -C incremental=/private/var/folders/sg/wy47gw996f78fznt898m8x540000gn/T/cargo-mutants-flavor-rs-AJnnRY.tmp/target/debug/incremental -L dependency=/private/var/folders/sg/wy47gw996f78fznt898m8x540000gn/T/cargo-mutants-flavor-rs-AJnnRY.tmp/target/debug/deps --extern adler2=/private/var/folders/sg/wy47gw996f78fznt898m8x540000gn/T/cargo-mutants-flavor-rs-AJnnRY.tmp/target/debug/deps/libadler2-1237be17f08066aa.rmeta --extern anyhow=/private/var/folders/sg/wy47gw996f78fznt898m8x540000gn/T/cargo-mutants-flavor-rs-AJnnRY.tmp/target/debug/deps/libanyhow-d9b6d410a1361442.rmeta --extern chrono=/private/var/folders/sg/wy47gw996f78fznt898m8x540000gn/T/cargo-mutants-flavor-rs-AJnnRY.tmp/target/debug/deps/libchrono-b7affcfd136ee226.rmeta --extern clap=/private/var/folders/sg/wy47gw996f78fznt898m8x540000gn/T/cargo-mutants-flavor-rs-AJnnRY.tmp/target/debug/deps/libclap-c2746911242c53dc.rmeta --extern ed25519_dalek=/private/var/folders/sg/wy47gw996f78fznt898m8x540000gn/T/cargo-mutants-flavor-rs-AJnnRY.tmp/target/debug/deps/libed25519_dalek-42293ea3dc57f31c.rmeta --extern env_logger=/private/var/folders/sg/wy47gw996f78fznt898m8x540000gn/T/cargo-mutants-flavor-rs-AJnnRY.tmp/target/debug/deps/libenv_logger-75173f29843c9a52.rmeta --extern flate2=/private/var/folders/sg/wy47gw996f78fznt898m8x540000gn/T/cargo-mutants-flavor-rs-AJnnRY.tmp/target/debug/deps/libflate2-96cd3d855b9115ec.rmeta --extern fs2=/private/var/folders/sg/wy47gw996f78fznt898m8x540000gn/T/cargo-mutants-flavor-rs-AJnnRY.tmp/target/debug/deps/libfs2-71900ee401453af8.rmeta --extern gethostname=/private/var/folders/sg/wy47gw996f78fznt898m8x540000gn/T/cargo-mutants-flavor-rs-AJnnRY.tmp/target/debug/deps/libgethostname-e6576ba3912663df.rmeta --extern glob=/private/var/folders/sg/wy47gw996f78fznt898m8x540000gn/T/cargo-mutants-flavor-rs-AJnnRY.tmp/target/debug/deps/libglob-56daeb017c976e69.rmeta --extern hex=/private/var/folders/sg/wy47gw996f78fznt898m8x540000gn/T/cargo-mutants-flavor-rs-AJnnRY.tmp/target/debug/deps/libhex-6a16846156d7c862.rmeta --extern libc=/private/var/folders/sg/wy47gw996f78fznt898m8x540000gn/T/cargo-mutants-flavor-rs-AJnnRY.tmp/target/debug/deps/liblibc-26979bb06dae4666.rmeta --extern log=/private/var/folders/sg/wy47gw996f78fznt898m8x540000gn/T/cargo-mutants-flavor-rs-AJnnRY.tmp/target/debug/deps/liblog-8a7d20b8c005bc83.rmeta --extern memmap2=/private/var/folders/sg/wy47gw996f78fznt898m8x540000gn/T/cargo-mutants-flavor-rs-AJnnRY.tmp/target/debug/deps/libmemmap2-413e3a480d8f5878.rmeta --extern pem=/private/var/folders/sg/wy47gw996f78fznt898m8x540000gn/T/cargo-mutants-flavor-rs-AJnnRY.tmp/target/debug/deps/libpem-baee24606d736ef7.rmeta --extern rand=/private/var/folders/sg/wy47gw996f78fznt898m8x540000gn/T/cargo-mutants-flavor-rs-AJnnRY.tmp/target/debug/deps/librand-a25bcd883a2e2285.rmeta --extern serde=/private/var/folders/sg/wy47gw996f78fznt898m8x540000gn/T/cargo-mutants-flavor-rs-AJnnRY.tmp/target/debug/deps/libserde-02be1dd65d3ef57a.rmeta --extern serde_json=/private/var/folders/sg/wy47gw996f78fznt898m8x540000gn/T/cargo-mutants-flavor-rs-AJnnRY.tmp/target/debug/deps/libserde_json-469eaea1fff499db.rmeta --extern sha2=/private/var/folders/sg/wy47gw996f78fznt898m8x540000gn/T/cargo-mutants-flavor-rs-AJnnRY.tmp/target/debug/deps/libsha2-28b9a530c85e9fef.rmeta --extern signal_hook=/private/var/folders/sg/wy47gw996f78fznt898m8x540000gn/T/cargo-mutants-flavor-rs-AJnnRY.tmp/target/debug/deps/libsignal_hook-0a34b12e866764fc.rmeta --extern tar=/private/var/folders/sg/wy47gw996f78fznt898m8x540000gn/T/cargo-mutants-flavor-rs-AJnnRY.tmp/target/debug/deps/libtar-9468371f38505d5a.rmeta --extern tempfile=/private/var/folders/sg/wy47gw996f78fznt898m8x540000gn/T/cargo-mutants-flavor-rs-AJnnRY.tmp/target/debug/deps/libtempfile-f67b0e214d8dd2e3.rmeta --extern which=/private/var/folders/sg/wy47gw996f78fznt898m8x540000gn/T/cargo-mutants-flavor-rs-AJnnRY.tmp/target/debug/deps/libwhich-a2a3c9536beaf592.rmeta`
     Running `/Users/tim/.rustup/toolchains/stable-aarch64-apple-darwin/bin/rustc --crate-name flavor_rs_launcher --edition=2024 src/bin/flavor-rs-launcher.rs --error-format=json --json=diagnostic-rendered-ansi,artifacts,future-incompat --emit=dep-info,link -C embed-bitcode=no -C debuginfo=2 -C split-debuginfo=unpacked --test --cfg 'feature="default"' --check-cfg 'cfg(docsrs,test)' --check-cfg 'cfg(feature, values("default"))' -C metadata=1e86bd574fcae1c3 -C extra-filename=-30d5c8f9cc0f7e8a --out-dir /private/var/folders/sg/wy47gw996f78fznt898m8x540000gn/T/cargo-mutants-flavor-rs-AJnnRY.tmp/target/debug/deps -C incremental=/private/var/folders/sg/wy47gw996f78fznt898m8x540000gn/T/cargo-mutants-flavor-rs-AJnnRY.tmp/target/debug/incremental -L dependency=/private/var/folders/sg/wy47gw996f78fznt898m8x540000gn/T/cargo-mutants-flavor-rs-AJnnRY.tmp/target/debug/deps --extern adler2=/private/var/folders/sg/wy47gw996f78fznt898m8x540000gn/T/cargo-mutants-flavor-rs-AJnnRY.tmp/target/debug/deps/libadler2-1237be17f08066aa.rlib --extern anyhow=/private/var/folders/sg/wy47gw996f78fznt898m8x540000gn/T/cargo-mutants-flavor-rs-AJnnRY.tmp/target/debug/deps/libanyhow-d9b6d410a1361442.rlib --extern chrono=/private/var/folders/sg/wy47gw996f78fznt898m8x540000gn/T/cargo-mutants-flavor-rs-AJnnRY.tmp/target/debug/deps/libchrono-b7affcfd136ee226.rlib --extern clap=/private/var/folders/sg/wy47gw996f78fznt898m8x540000gn/T/cargo-mutants-flavor-rs-AJnnRY.tmp/target/debug/deps/libclap-c2746911242c53dc.rlib --extern ed25519_dalek=/private/var/folders/sg/wy47gw996f78fznt898m8x540000gn/T/cargo-mutants-flavor-rs-AJnnRY.tmp/target/debug/deps/libed25519_dalek-42293ea3dc57f31c.rlib --extern env_logger=/private/var/folders/sg/wy47gw996f78fznt898m8x540000gn/T/cargo-mutants-flavor-rs-AJnnRY.tmp/target/debug/deps/libenv_logger-75173f29843c9a52.rlib --extern flate2=/private/var/folders/sg/wy47gw996f78fznt898m8x540000gn/T/cargo-mutants-flavor-rs-AJnnRY.tmp/target/debug/deps/libflate2-96cd3d855b9115ec.rlib --extern flavor=/private/var/folders/sg/wy47gw996f78fznt898m8x540000gn/T/cargo-mutants-flavor-rs-AJnnRY.tmp/target/debug/deps/libflavor-88d82f8937f7a117.rlib --extern fs2=/private/var/folders/sg/wy47gw996f78fznt898m8x540000gn/T/cargo-mutants-flavor-rs-AJnnRY.tmp/target/debug/deps/libfs2-71900ee401453af8.rlib --extern gethostname=/private/var/folders/sg/wy47gw996f78fznt898m8x540000gn/T/cargo-mutants-flavor-rs-AJnnRY.tmp/target/debug/deps/libgethostname-e6576ba3912663df.rlib --extern glob=/private/var/folders/sg/wy47gw996f78fznt898m8x540000gn/T/cargo-mutants-flavor-rs-AJnnRY.tmp/target/debug/deps/libglob-56daeb017c976e69.rlib --extern hex=/private/var/folders/sg/wy47gw996f78fznt898m8x540000gn/T/cargo-mutants-flavor-rs-AJnnRY.tmp/target/debug/deps/libhex-6a16846156d7c862.rlib --extern libc=/private/var/folders/sg/wy47gw996f78fznt898m8x540000gn/T/cargo-mutants-flavor-rs-AJnnRY.tmp/target/debug/deps/liblibc-26979bb06dae4666.rlib --extern log=/private/var/folders/sg/wy47gw996f78fznt898m8x540000gn/T/cargo-mutants-flavor-rs-AJnnRY.tmp/target/debug/deps/liblog-8a7d20b8c005bc83.rlib --extern memmap2=/private/var/folders/sg/wy47gw996f78fznt898m8x540000gn/T/cargo-mutants-flavor-rs-AJnnRY.tmp/target/debug/deps/libmemmap2-413e3a480d8f5878.rlib --extern pem=/private/var/folders/sg/wy47gw996f78fznt898m8x540000gn/T/cargo-mutants-flavor-rs-AJnnRY.tmp/target/debug/deps/libpem-baee24606d736ef7.rlib --extern proptest=/private/var/folders/sg/wy47gw996f78fznt898m8x540000gn/T/cargo-mutants-flavor-rs-AJnnRY.tmp/target/debug/deps/libproptest-387450d3dcbd40ff.rlib --extern rand=/private/var/folders/sg/wy47gw996f78fznt898m8x540000gn/T/cargo-mutants-flavor-rs-AJnnRY.tmp/target/debug/deps/librand-a25bcd883a2e2285.rlib --extern serde=/private/var/folders/sg/wy47gw996f78fznt898m8x540000gn/T/cargo-mutants-flavor-rs-AJnnRY.tmp/target/debug/deps/libserde-02be1dd65d3ef57a.rlib --extern serde_json=/private/var/folders/sg/wy47gw996f78fznt898m8x540000gn/T/cargo-mutants-flavor-rs-AJnnRY.tmp/target/debug/deps/libserde_json-469eaea1fff499db.rlib --extern sha2=/private/var/folders/sg/wy47gw996f78fznt898m8x540000gn/T/cargo-mutants-flavor-rs-AJnnRY.tmp/target/debug/deps/libsha2-28b9a530c85e9fef.rlib --extern signal_hook=/private/var/folders/sg/wy47gw996f78fznt898m8x540000gn/T/cargo-mutants-flavor-rs-AJnnRY.tmp/target/debug/deps/libsignal_hook-0a34b12e866764fc.rlib --extern tar=/private/var/folders/sg/wy47gw996f78fznt898m8x540000gn/T/cargo-mutants-flavor-rs-AJnnRY.tmp/target/debug/deps/libtar-9468371f38505d5a.rlib --extern tempfile=/private/var/folders/sg/wy47gw996f78fznt898m8x540000gn/T/cargo-mutants-flavor-rs-AJnnRY.tmp/target/debug/deps/libtempfile-f67b0e214d8dd2e3.rlib --extern which=/private/var/folders/sg/wy47gw996f78fznt898m8x540000gn/T/cargo-mutants-flavor-rs-AJnnRY.tmp/target/debug/deps/libwhich-a2a3c9536beaf592.rlib`
     Running `/Users/tim/.rustup/toolchains/stable-aarch64-apple-darwin/bin/rustc --crate-name flavor_rs_builder --edition=2024 src/bin/flavor-rs-builder.rs --error-format=json --json=diagnostic-rendered-ansi,artifacts,future-incompat --emit=dep-info,link -C embed-bitcode=no -C debuginfo=2 -C split-debuginfo=unpacked --test --cfg 'feature="default"' --check-cfg 'cfg(docsrs,test)' --check-cfg 'cfg(feature, values("default"))' -C metadata=069fa1d69c2b4683 -C extra-filename=-8b703e7e9be23f48 --out-dir /private/var/folders/sg/wy47gw996f78fznt898m8x540000gn/T/cargo-mutants-flavor-rs-AJnnRY.tmp/target/debug/deps -C incremental=/private/var/folders/sg/wy47gw996f78fznt898m8x540000gn/T/cargo-mutants-flavor-rs-AJnnRY.tmp/target/debug/incremental -L dependency=/private/var/folders/sg/wy47gw996f78fznt898m8x540000gn/T/cargo-mutants-flavor-rs-AJnnRY.tmp/target/debug/deps --extern adler2=/private/var/folders/sg/wy47gw996f78fznt898m8x540000gn/T/cargo-mutants-flavor-rs-AJnnRY.tmp/target/debug/deps/libadler2-1237be17f08066aa.rlib --extern anyhow=/private/var/folders/sg/wy47gw996f78fznt898m8x540000gn/T/cargo-mutants-flavor-rs-AJnnRY.tmp/target/debug/deps/libanyhow-d9b6d410a1361442.rlib --extern chrono=/private/var/folders/sg/wy47gw996f78fznt898m8x540000gn/T/cargo-mutants-flavor-rs-AJnnRY.tmp/target/debug/deps/libchrono-b7affcfd136ee226.rlib --extern clap=/private/var/folders/sg/wy47gw996f78fznt898m8x540000gn/T/cargo-mutants-flavor-rs-AJnnRY.tmp/target/debug/deps/libclap-c2746911242c53dc.rlib --extern ed25519_dalek=/private/var/folders/sg/wy47gw996f78fznt898m8x540000gn/T/cargo-mutants-flavor-rs-AJnnRY.tmp/target/debug/deps/libed25519_dalek-42293ea3dc57f31c.rlib --extern env_logger=/private/var/folders/sg/wy47gw996f78fznt898m8x540000gn/T/cargo-mutants-flavor-rs-AJnnRY.tmp/target/debug/deps/libenv_logger-75173f29843c9a52.rlib --extern flate2=/private/var/folders/sg/wy47gw996f78fznt898m8x540000gn/T/cargo-mutants-flavor-rs-AJnnRY.tmp/target/debug/deps/libflate2-96cd3d855b9115ec.rlib --extern flavor=/private/var/folders/sg/wy47gw996f78fznt898m8x540000gn/T/cargo-mutants-flavor-rs-AJnnRY.tmp/target/debug/deps/libflavor-88d82f8937f7a117.rlib --extern fs2=/private/var/folders/sg/wy47gw996f78fznt898m8x540000gn/T/cargo-mutants-flavor-rs-AJnnRY.tmp/target/debug/deps/libfs2-71900ee401453af8.rlib --extern gethostname=/private/var/folders/sg/wy47gw996f78fznt898m8x540000gn/T/cargo-mutants-flavor-rs-AJnnRY.tmp/target/debug/deps/libgethostname-e6576ba3912663df.rlib --extern glob=/private/var/folders/sg/wy47gw996f78fznt898m8x540000gn/T/cargo-mutants-flavor-rs-AJnnRY.tmp/target/debug/deps/libglob-56daeb017c976e69.rlib --extern hex=/private/var/folders/sg/wy47gw996f78fznt898m8x540000gn/T/cargo-mutants-flavor-rs-AJnnRY.tmp/target/debug/deps/libhex-6a16846156d7c862.rlib --extern libc=/private/var/folders/sg/wy47gw996f78fznt898m8x540000gn/T/cargo-mutants-flavor-rs-AJnnRY.tmp/target/debug/deps/liblibc-26979bb06dae4666.rlib --extern log=/private/var/folders/sg/wy47gw996f78fznt898m8x540000gn/T/cargo-mutants-flavor-rs-AJnnRY.tmp/target/debug/deps/liblog-8a7d20b8c005bc83.rlib --extern memmap2=/private/var/folders/sg/wy47gw996f78fznt898m8x540000gn/T/cargo-mutants-flavor-rs-AJnnRY.tmp/target/debug/deps/libmemmap2-413e3a480d8f5878.rlib --extern pem=/private/var/folders/sg/wy47gw996f78fznt898m8x540000gn/T/cargo-mutants-flavor-rs-AJnnRY.tmp/target/debug/deps/libpem-baee24606d736ef7.rlib --extern proptest=/private/var/folders/sg/wy47gw996f78fznt898m8x540000gn/T/cargo-mutants-flavor-rs-AJnnRY.tmp/target/debug/deps/libproptest-387450d3dcbd40ff.rlib --extern rand=/private/var/folders/sg/wy47gw996f78fznt898m8x540000gn/T/cargo-mutants-flavor-rs-AJnnRY.tmp/target/debug/deps/librand-a25bcd883a2e2285.rlib --extern serde=/private/var/folders/sg/wy47gw996f78fznt898m8x540000gn/T/cargo-mutants-flavor-rs-AJnnRY.tmp/target/debug/deps/libserde-02be1dd65d3ef57a.rlib --extern serde_json=/private/var/folders/sg/wy47gw996f78fznt898m8x540000gn/T/cargo-mutants-flavor-rs-AJnnRY.tmp/target/debug/deps/libserde_json-469eaea1fff499db.rlib --extern sha2=/private/var/folders/sg/wy47gw996f78fznt898m8x540000gn/T/cargo-mutants-flavor-rs-AJnnRY.tmp/target/debug/deps/libsha2-28b9a530c85e9fef.rlib --extern signal_hook=/private/var/folders/sg/wy47gw996f78fznt898m8x540000gn/T/cargo-mutants-flavor-rs-AJnnRY.tmp/target/debug/deps/libsignal_hook-0a34b12e866764fc.rlib --extern tar=/private/var/folders/sg/wy47gw996f78fznt898m8x540000gn/T/cargo-mutants-flavor-rs-AJnnRY.tmp/target/debug/deps/libtar-9468371f38505d5a.rlib --extern tempfile=/private/var/folders/sg/wy47gw996f78fznt898m8x540000gn/T/cargo-mutants-flavor-rs-AJnnRY.tmp/target/debug/deps/libtempfile-f67b0e214d8dd2e3.rlib --extern which=/private/var/folders/sg/wy47gw996f78fznt898m8x540000gn/T/cargo-mutants-flavor-rs-AJnnRY.tmp/target/debug/deps/libwhich-a2a3c9536beaf592.rlib`
    Finished `test` profile [unoptimized + debuginfo] target(s) in 1.45s
     Running `/private/var/folders/sg/wy47gw996f78fznt898m8x540000gn/T/cargo-mutants-flavor-rs-AJnnRY.tmp/target/debug/deps/flavor-19035fd48ff337ba`

running 109 tests
test psp::format_2025::defaults::tests::get_validation_level_falls_back_to_strict_for_invalid_value ... ok
test logger::tests::parse_level_mode_defaults_invalid_json_level_to_trace ... ok
test logger::tests::parse_level_mode_defaults_json_mode_to_info ... ok
test logger::tests::parse_level_mode_handles_plain_and_json_levels ... ok
test psp::format_2025::defaults::tests::get_validation_level_uses_env_override ... ok
test psp::format_2025::defaults::tests::validation_level_rejects_unknown_values ... ok
test logger::tests::init_with_level_json_mode_returns_actual_level_and_source ... ok
test logger::tests::is_json_logging_tracks_environment_prefix ... ok
test psp::format_2025::defaults::tests::validation_level_roundtrips_all_known_values ... ok
test psp::format_2025::execution::commands::tests::test_shell_split_empty ... ok
test psp::format_2025::execution::commands::tests::test_build_workenv_path_without_existing_path_uses_only_bin_dir ... ok
test psp::format_2025::execution::commands::tests::test_shell_split_quoted ... ok
test psp::format_2025::execution::commands::tests::test_shell_split_single_quoted ... ok
test psp::format_2025::checksums::tests::test_parse_checksum_prefixed_and_legacy_formats ... ok
test psp::format_2025::checksums::tests::test_calculate_checksum_bytes_and_verify ... ok
test psp::format_2025::execution::commands::tests::test_run_command_path_has_correct_bin_dir_and_separator ... ok
test psp::format_2025::execution::commands::tests::test_shell_split_basic ... ok
{"@file":"src/psp/format_2025/builder/slot_processor.rs","@level":"debug","@line":47,"@message":"🎰 Processing 1 slots","@module":"flavor::psp::format_2025::builder::slot_processor","@pid":12772,"@timestamp":"2026-03-31T20:29:20.021674Z"}
test psp::format_2025::checksums::tests::test_calculate_checksum_streaming_and_blake2b_error ... {"@file":"src/psp/format_2025/execution/validation.rs","@level":"warn","@line":71,"@message":"⚠️ SECURITY WARNING: Package checksum mismatch! cached: deadbeef, current: cafebabe","@module":"flavor::psp::format_2025::execution::validation","@pid":12772,"@timestamp":"2026-03-31T20:29:20.022484Z"}
ok{"@file":"src/psp/format_2025/builder/slot_processor.rs","@level":"debug","@line":47,"@message":"🎰 Processing 1 slots","@module":"flavor::psp::format_2025::builder::slot_processor","@pid":12772,"@timestamp":"2026-03-31T20:29:20.022580Z"}

{"@file":"src/psp/format_2025/execution/validation.rs","@level":"warn","@line":75,"@message":"⚠️ Cache may be compromised or package has changed","@module":"flavor::psp::format_2025::execution::validation","@pid":12772,"@timestamp":"2026-03-31T20:29:20.022704Z"}
test psp::format_2025::extraction::tests::test_resolve_in_workenv_rejects_absolute_paths ... {"@file":"unknown","@level":"info","@line":0,"@message":"stderr fallback","@module":"flavor::tests","@pid":12772,"@timestamp":"2026-03-31T20:29:20.021535Z"}
ok
{"@file":"src/psp/format_2025/operations.rs","@level":"debug","@line":37,"@message":"✅ Operations packed: result=4097","@module":"flavor::psp::format_2025::operations","@pid":12772,"@timestamp":"2026-03-31T20:29:20.022453Z"}
test psp::format_2025::extraction::tests::test_resolve_in_workenv_rejects_parent_traversal ... ok
test psp::format_2025::crypto::tests::test_verify_signature_rejects_invalid_length ... ok
{"@file":"src/psp/format_2025/builder/slot_processor.rs","@level":"debug","@line":47,"@message":"🎰 Processing 1 slots","@module":"flavor::psp::format_2025::builder::slot_processor","@pid":12772,"@timestamp":"2026-03-31T20:29:20.021650Z"}
test psp::format_2025::builder::slot_processor::tests::test_process_slots_rejects_slot_number_mismatch ... {"@file":"src/psp/format_2025/builder/slot_processor.rs","@level":"info","@line":193,"@message":"📍 Slot path has no {workenv}: /var/folders/sg/wy47gw996f78fznt898m8x540000gn/T/.tmplFK6Be/payload.txt","@module":"flavor::psp::format_2025::builder::slot_processor","@pid":12772,"@timestamp":"2026-03-31T20:29:20.022740Z"}
ok
{"@file":"src/psp/format_2025/builder/slot_processor.rs","@level":"info","@line":197,"@message":"Attempting to open slot file at: \"/var/folders/sg/wy47gw996f78fznt898m8x540000gn/T/.tmplFK6Be/payload.txt\"","@module":"flavor::psp::format_2025::builder::slot_processor","@pid":12772,"@timestamp":"2026-03-31T20:29:20.023697Z"}
test psp::format_2025::launcher::command::tests::test_path_not_set_uses_only_bin_dir ... ok
{"@file":"src/psp/format_2025/index.rs","@level":"debug","@line":181,"@message":"Parsed metadata_offset: 0x00000000000186a0 (100000)","@module":"flavor::psp::format_2025::index","@pid":12772,"@timestamp":"2026-03-31T20:29:20.022896Z"}
test psp::format_2025::crypto::tests::test_sign_and_verify_roundtrip ... {"@file":"src/psp/format_2025/execution/validation.rs","@level":"debug","@line":205,"@message":"🔍 No extraction completion marker found","@module":"flavor::psp::format_2025::execution::validation","@pid":12772,"@timestamp":"2026-03-31T20:29:20.023172Z"}
ok
{"@file":"src/psp/format_2025/extraction.rs","@level":"debug","@line":307,"@message":"📦 Extracting tarball to \"/var/folders/sg/wy47gw996f78fznt898m8x540000gn/T/.tmpOQ6dYJ\"","@module":"flavor::psp::format_2025::extraction","@pid":12772,"@timestamp":"2026-03-31T20:29:20.023497Z"}
test logger::tests::json_logger_handles_stderr_fallback_without_a_file ... ok{"@file":"src/psp/format_2025/execution/validation.rs","@level":"warn","@line":76,"@message":"⚠️ Continuing due to relaxed validation","@module":"flavor::psp::format_2025::execution::validation","@pid":12772,"@timestamp":"2026-03-31T20:29:20.023523Z"}

{"@file":"src/psp/format_2025/builder/slot_processor.rs","@level":"debug","@line":333,"@message":"📍 Slot 0: payload size 5 bytes, checksum 00000000deadbeef","@module":"flavor::psp::format_2025::builder::slot_processor","@pid":12772,"@timestamp":"2026-03-31T20:29:20.023614Z"}
test psp::format_2025::launcher::command::tests::test_path_prepend_uses_correct_bin_dir_and_separator ... {"@file":"src/psp/format_2025/builder/slot_processor.rs","@level":"info","@line":70,"@message":"✨ Slot 0 is self-referential ($SELF), skipping packaging","@module":"flavor::psp::format_2025::builder::slot_processor","@pid":12772,"@timestamp":"2026-03-31T20:29:20.023660Z"}
ok
{"@file":"src/psp/format_2025/index.rs","@level":"debug","@line":181,"@message":"Parsed metadata_offset: 0x0000000000000000 (0)","@module":"flavor::psp::format_2025::index","@pid":12772,"@timestamp":"2026-03-31T20:29:20.022841Z"}
{"@file":"src/psp/format_2025/index.rs","@level":"debug","@line":182,"@message":"Parsed metadata_size: 50000 bytes","@module":"flavor::psp::format_2025::index","@pid":12772,"@timestamp":"2026-03-31T20:29:20.023783Z"}
test psp::format_2025::launcher::command::tests::test_platform_separator ... ok
{"@file":"src/psp/format_2025/builder/slot_processor.rs","@level":"info","@line":248,"@message":"Slot 0: SHA256 checksum: sha256:4878649abe08d9faaa6f7b948502e4144ec4fb1859e108f6367d65254c7b983c","@module":"flavor::psp::format_2025::builder::slot_processor","@pid":12772,"@timestamp":"2026-03-31T20:29:20.024064Z"}
{"@file":"src/psp/format_2025/builder/slot_processor.rs","@level":"info","@line":181,"@message":"🔍 No FLAVOR_WORKENV_BASE, using CWD: /private/var/folders/sg/wy47gw996f78fznt898m8x540000gn/T/.tmpVwtv45","@module":"flavor::psp::format_2025::builder::slot_processor","@pid":12772,"@timestamp":"2026-03-31T20:29:20.024082Z"}
test api::tests::launch_package_rejects_unknown_format ... {"@file":"src/psp/format_2025/builder/slot_processor.rs","@level":"debug","@line":249,"@message":"Slot 0: SHA256 u64 (first 8 bytes): fad908be9a647848","@module":"flavor::psp::format_2025::builder::slot_processor","@pid":12772,"@timestamp":"2026-03-31T20:29:20.024107Z"}
ok
{"@file":"src/psp/format_2025/builder/slot_processor.rs","@level":"debug","@line":163,"@message":"✅ Processed 1 slots in 253.125µs","@module":"flavor::psp::format_2025::builder::slot_processor","@pid":12772,"@timestamp":"2026-03-31T20:29:20.023911Z"}
test api::tests::build_package_rejects_unknown_format ... {"@file":"src/psp/format_2025/operations.rs","@level":"debug","@line":37,"@message":"✅ Operations packed: result=4097","@module":"flavor::psp::format_2025::operations","@pid":12772,"@timestamp":"2026-03-31T20:29:20.024163Z"}
ok
{"@file":"src/psp/format_2025/execution/validation.rs","@level":"warn","@line":88,"@message":"⚠️ Package checksum mismatch, continuing with standard validation: cached: deadbeef, current: cafebabe","@module":"flavor::psp::format_2025::execution::validation","@pid":12772,"@timestamp":"2026-03-31T20:29:20.023860Z"}
{"@file":"src/psp/format_2025/builder/slot_processor.rs","@level":"debug","@line":333,"@message":"📍 Slot 0: payload size 12 bytes, checksum fad908be9a647848","@module":"flavor::psp::format_2025::builder::slot_processor","@pid":12772,"@timestamp":"2026-03-31T20:29:20.024195Z"}
test psp::format_2025::launcher::workenv::tests::test_calculate_total_size_needed_uses_multiplier ... ok
{"@file":"src/psp/format_2025/builder/slot_processor.rs","@level":"info","@line":185,"@message":"📍 Resolved slot path: {workenv}/nested/file.txt -> /private/var/folders/sg/wy47gw996f78fznt898m8x540000gn/T/.tmpVwtv45/nested/file.txt (base: /private/var/folders/sg/wy47gw996f78fznt898m8x540000gn/T/.tmpVwtv45)","@module":"flavor::psp::format_2025::builder::slot_processor","@pid":12772,"@timestamp":"2026-03-31T20:29:20.024131Z"}
{"@file":"src/psp/format_2025/execution/validation.rs","@level":"error","@line":95,"@message":"🚨 CRITICAL: Package checksum mismatch! cached: deadbeef, current: cafebabe","@module":"flavor::psp::format_2025::execution::validation","@pid":12772,"@timestamp":"2026-03-31T20:29:20.024217Z"}
test psp::format_2025::launcher::workenv::tests::test_ensure_sufficient_disk_space_accepts_available_capacity ... {"@file":"src/psp/format_2025/builder/slot_processor.rs","@level":"info","@line":197,"@message":"Attempting to open slot file at: \"/private/var/folders/sg/wy47gw996f78fznt898m8x540000gn/T/.tmpVwtv45/nested/file.txt\"","@module":"flavor::psp::format_2025::builder::slot_processor","@pid":12772,"@timestamp":"2026-03-31T20:29:20.024250Z"}
ok{"@file":"src/psp/format_2025/execution/validation.rs","@level":"error","@line":100,"@message":"🚨 Cache may be compromised or package has changed","@module":"flavor::psp::format_2025::execution::validation","@pid":12772,"@timestamp":"2026-03-31T20:29:20.024267Z"}

{"@file":"src/psp/format_2025/operations.rs","@level":"debug","@line":37,"@message":"✅ Operations packed: result=0","@module":"flavor::psp::format_2025::operations","@pid":12772,"@timestamp":"2026-03-31T20:29:20.024230Z"}
{"@file":"src/psp/format_2025/index.rs","@level":"debug","@line":182,"@message":"Parsed metadata_size: 0 bytes","@module":"flavor::psp::format_2025::index","@pid":12772,"@timestamp":"2026-03-31T20:29:20.023934Z"}
test psp::format_2025::launcher::workenv::tests::test_ensure_sufficient_disk_space_rejects_insufficient_capacity ... ok
{"@file":"src/psp/format_2025/operations.rs","@level":"debug","@line":37,"@message":"✅ Operations packed: result=4097","@module":"flavor::psp::format_2025::operations","@pid":12772,"@timestamp":"2026-03-31T20:29:20.024275Z"}
{"@file":"src/psp/format_2025/operations.rs","@level":"debug","@line":37,"@message":"✅ Operations packed: result=4097","@module":"flavor::psp::format_2025::operations","@pid":12772,"@timestamp":"2026-03-31T20:29:20.023878Z"}
test api::tests::detect_package_format_rejects_plain_files ... ok
{"@file":"src/psp/format_2025/builder/slot_processor.rs","@level":"debug","@line":163,"@message":"✅ Processed 1 slots in 1.494333ms","@module":"flavor::psp::format_2025::builder::slot_processor","@pid":12772,"@timestamp":"2026-03-31T20:29:20.024232Z"}
test psp::format_2025::index::tests::test_pack_verify_with_values ... {"@file":"src/psp/format_2025/operations.rs","@level":"debug","@line":60,"@message":"✅ Operations unpacked: count=0 operations=[]","@module":"flavor::psp::format_2025::operations","@pid":12772,"@timestamp":"2026-03-31T20:29:20.024352Z"}
ok
{"@file":"src/psp/format_2025/execution/validation.rs","@level":"error","@line":101,"@message":"🚨 Refusing to continue. Set FLAVOR_VALIDATION=relaxed to bypass (NOT RECOMMENDED)","@module":"flavor::psp::format_2025::execution::validation","@pid":12772,"@timestamp":"2026-03-31T20:29:20.024301Z"}
{"@file":"src/psp/format_2025/operations.rs","@level":"debug","@line":37,"@message":"✅ Operations packed: result=16","@module":"flavor::psp::format_2025::operations","@pid":12772,"@timestamp":"2026-03-31T20:29:20.024360Z"}
test psp::format_2025::builder::slot_processor::tests::test_process_slots_self_ref_sets_defaults ... ok{"@file":"src/psp/format_2025/operations.rs","@level":"debug","@line":37,"@message":"✅ Operations packed: result=4097","@module":"flavor::psp::format_2025::operations","@pid":12772,"@timestamp":"2026-03-31T20:29:20.024493Z"}

{"@file":"src/psp/format_2025/operations.rs","@level":"debug","@line":37,"@message":"✅ Operations packed: result=4097","@module":"flavor::psp::format_2025::operations","@pid":12772,"@timestamp":"2026-03-31T20:29:20.024504Z"}
test api::tests::verify_package_rejects_unknown_format ... ok
{"@file":"src/psp/format_2025/operations.rs","@level":"debug","@line":60,"@message":"✅ Operations unpacked: count=1 operations=[16]","@module":"flavor::psp::format_2025::operations","@pid":12772,"@timestamp":"2026-03-31T20:29:20.024658Z"}
{"@file":"src/psp/format_2025/operations.rs","@level":"debug","@line":60,"@message":"✅ Operations unpacked: count=2 operations=[1, 16]","@module":"flavor::psp::format_2025::operations","@pid":12772,"@timestamp":"2026-03-31T20:29:20.024599Z"}
test api::tests::detect_package_format_recognizes_pspf_magic_trailer ... {"@file":"src/psp/format_2025/operations.rs","@level":"warn","@line":20,"@message":"⚠️ Too many operations, truncating to 8: provided=10","@module":"flavor::psp::format_2025::operations","@pid":12772,"@timestamp":"2026-03-31T20:29:20.024505Z"}
{"@file":"src/psp/format_2025/operations.rs","@level":"debug","@line":60,"@message":"✅ Operations unpacked: count=8 operations=[157, 245, 123, 150, 203, 68, 217, 168]","@module":"flavor::psp::format_2025::operations","@pid":12772,"@timestamp":"2026-03-31T20:29:20.024742Z"}
ok{"@file":"src/psp/format_2025/operations.rs","@level":"debug","@line":37,"@message":"✅ Operations packed: result=578437695752307201","@module":"flavor::psp::format_2025::operations","@pid":12772,"@timestamp":"2026-03-31T20:29:20.024757Z"}

{"@file":"src/psp/format_2025/operations.rs","@level":"debug","@line":37,"@message":"✅ Operations packed: result=0","@module":"flavor::psp::format_2025::operations","@pid":12772,"@timestamp":"2026-03-31T20:29:20.024762Z"}
test logger::tests::json_logger_writes_structured_records_to_file ... {"@file":"src/psp/format_2025/operations.rs","@level":"debug","@line":60,"@message":"✅ Operations unpacked: count=2 operations=[1, 16]","@module":"flavor::psp::format_2025::operations","@pid":12772,"@timestamp":"2026-03-31T20:29:20.024675Z"}
ok
{"@file":"src/psp/format_2025/operations.rs","@level":"debug","@line":37,"@message":"✅ Operations packed: result=12166831509511861661","@module":"flavor::psp::format_2025::operations","@pid":12772,"@timestamp":"2026-03-31T20:29:20.024777Z"}
{"@file":"src/psp/format_2025/operations.rs","@level":"debug","@line":37,"@message":"✅ Operations packed: result=3141220","@module":"flavor::psp::format_2025::operations","@pid":12772,"@timestamp":"2026-03-31T20:29:20.024945Z"}
{"@file":"src/psp/format_2025/operations.rs","@level":"debug","@line":37,"@message":"✅ Operations packed: result=72125","@module":"flavor::psp::format_2025::operations","@pid":12772,"@timestamp":"2026-03-31T20:29:20.024934Z"}
{"@file":"src/psp/format_2025/operations.rs","@level":"debug","@line":60,"@message":"✅ Operations unpacked: count=3 operations=[100, 238, 47]","@module":"flavor::psp::format_2025::operations","@pid":12772,"@timestamp":"2026-03-31T20:29:20.024981Z"}
test psp::format_2025::operations::tests::test_pack_multiple_operations ... {"@file":"src/psp/format_2025/operations.rs","@level":"debug","@line":60,"@message":"✅ Operations unpacked: count=8 operations=[157, 245, 123, 150, 203, 68, 217, 168]","@module":"flavor::psp::format_2025::operations","@pid":12772,"@timestamp":"2026-03-31T20:29:20.024968Z"}
ok
{"@file":"src/psp/format_2025/operations.rs","@level":"debug","@line":60,"@message":"✅ Operations unpacked: count=8 operations=[1, 2, 3, 4, 5, 6, 7, 8]","@module":"flavor::psp::format_2025::operations","@pid":12772,"@timestamp":"2026-03-31T20:29:20.024835Z"}
{"@file":"src/psp/format_2025/operations.rs","@level":"debug","@line":37,"@message":"✅ Operations packed: result=1613402","@module":"flavor::psp::format_2025::operations","@pid":12772,"@timestamp":"2026-03-31T20:29:20.025034Z"}
test psp::format_2025::builder::slot_processor::tests::test_create_slot_descriptor_uses_default_permissions_for_invalid_octal ... ok
{"@file":"src/psp/format_2025/operations.rs","@level":"debug","@line":37,"@message":"✅ Operations packed: result=60907482421243311","@module":"flavor::psp::format_2025::operations","@pid":12772,"@timestamp":"2026-03-31T20:29:20.025043Z"}
{"@file":"src/psp/format_2025/pe_utils.rs","@level":"debug","@line":88,"@message":"Detected Go binary with minimal DOS stub: pe_offset=0x80 (128 bytes)","@module":"flavor::psp::format_2025::pe_utils","@pid":12772,"@timestamp":"2026-03-31T20:29:20.025081Z"}
test psp::format_2025::extraction::tests::test_extract_tarball_rejects_symlink_entries ... ok
{"@file":"src/psp/format_2025/operations.rs","@level":"debug","@line":37,"@message":"✅ Operations packed: result=177555287984269","@module":"flavor::psp::format_2025::operations","@pid":12772,"@timestamp":"2026-03-31T20:29:20.025101Z"}
{"@file":"src/psp/format_2025/operations.rs","@level":"debug","@line":60,"@message":"✅ Operations unpacked: count=7 operations=[175, 173, 225, 85, 8, 99, 216]","@module":"flavor::psp::format_2025::operations","@pid":12772,"@timestamp":"2026-03-31T20:29:20.025092Z"}
test psp::format_2025::index::tests::test_pack_verify_roundtrip ... {"@file":"src/psp/format_2025/operations.rs","@level":"debug","@line":60,"@message":"✅ Operations unpacked: count=8 operations=[31, 53, 49, 242, 68, 46, 156, 102]","@module":"flavor::psp::format_2025::operations","@pid":12772,"@timestamp":"2026-03-31T20:29:20.025130Z"}
ok
{"@file":"src/psp/format_2025/operations.rs","@level":"debug","@line":37,"@message":"✅ Operations packed: result=7393835561891476767","@module":"flavor::psp::format_2025::operations","@pid":12772,"@timestamp":"2026-03-31T20:29:20.025169Z"}
test psp::format_2025::operations::tests::test_empty_operations ... {"@file":"src/psp/format_2025/operations.rs","@level":"debug","@line":37,"@message":"✅ Operations packed: result=15873095277127872502","@module":"flavor::psp::format_2025::operations","@pid":12772,"@timestamp":"2026-03-31T20:29:20.025169Z"}
ok{"@file":"src/psp/format_2025/operations.rs","@level":"debug","@line":37,"@message":"✅ Operations packed: result=222050046788486","@module":"flavor::psp::format_2025::operations","@pid":12772,"@timestamp":"2026-03-31T20:29:20.025184Z"}

{"@file":"src/psp/format_2025/operations.rs","@level":"debug","@line":60,"@message":"✅ Operations unpacked: count=8 operations=[31, 53, 49, 242, 68, 46, 156, 102]","@module":"flavor::psp::format_2025::operations","@pid":12772,"@timestamp":"2026-03-31T20:29:20.025211Z"}
test psp::format_2025::execution::validation::tests::validate_package_checksum_mismatch_varies_by_validation_level ... ok{"@file":"src/psp/format_2025/operations.rs","@level":"debug","@line":37,"@message":"✅ Operations packed: result=10520646","@module":"flavor::psp::format_2025::operations","@pid":12772,"@timestamp":"2026-03-31T20:29:20.025395Z"}

{"@file":"src/psp/format_2025/execution/validation.rs","@level":"debug","@line":191,"@message":"💾 Saved index metadata to \"/var/folders/sg/wy47gw996f78fznt898m8x540000gn/T/.tmpIN53gu/workenv/.demo.pspf/instance/index.json\"","@module":"flavor::psp::format_2025::execution::validation","@pid":12772,"@timestamp":"2026-03-31T20:29:20.025431Z"}
{"@file":"src/psp/format_2025/operations.rs","@level":"debug","@line":37,"@message":"✅ Operations packed: result=168","@module":"flavor::psp::format_2025::operations","@pid":12772,"@timestamp":"2026-03-31T20:29:20.025460Z"}
{"@file":"src/psp/format_2025/operations.rs","@level":"debug","@line":60,"@message":"✅ Operations unpacked: count=6 operations=[134, 67, 41, 14, 244, 201]","@module":"flavor::psp::format_2025::operations","@pid":12772,"@timestamp":"2026-03-31T20:29:20.025372Z"}
test psp::format_2025::operations::tests::test_pack_single_operation ... {"@file":"src/psp/format_2025/execution/validation.rs","@level":"debug","@line":121,"@message":"💾 Saved package checksum: deadbeef","@module":"flavor::psp::format_2025::execution::validation","@pid":12772,"@timestamp":"2026-03-31T20:29:20.025496Z"}
ok
{"@file":"src/psp/format_2025/operations.rs","@level":"debug","@line":37,"@message":"✅ Operations packed: result=4125577438","@module":"flavor::psp::format_2025::operations","@pid":12772,"@timestamp":"2026-03-31T20:29:20.025514Z"}
{"@file":"src/psp/format_2025/operations.rs","@level":"debug","@line":60,"@message":"✅ Operations unpacked: count=8 operations=[242, 145, 241, 242, 141, 141, 195, 222]","@module":"flavor::psp::format_2025::operations","@pid":12772,"@timestamp":"2026-03-31T20:29:20.025469Z"}
{"@file":"src/psp/format_2025/operations.rs","@level":"debug","@line":37,"@message":"✅ Operations packed: result=1846141877","@module":"flavor::psp::format_2025::operations","@pid":12772,"@timestamp":"2026-03-31T20:29:20.025526Z"}
test psp::format_2025::operations::tests::test_unpack_single_operation ... ok{"@file":"src/psp/format_2025/operations.rs","@level":"debug","@line":37,"@message":"✅ Operations packed: result=16051829137684402674","@module":"flavor::psp::format_2025::operations","@pid":12772,"@timestamp":"2026-03-31T20:29:20.025557Z"}

{"@file":"src/psp/format_2025/operations.rs","@level":"debug","@line":37,"@message":"✅ Operations packed: result=8382131665257619787","@module":"flavor::psp::format_2025::operations","@pid":12772,"@timestamp":"2026-03-31T20:29:20.025577Z"}
{"@file":"src/psp/format_2025/operations.rs","@level":"debug","@line":60,"@message":"✅ Operations unpacked: count=8 operations=[242, 145, 241, 242, 141, 141, 195, 222]","@module":"flavor::psp::format_2025::operations","@pid":12772,"@timestamp":"2026-03-31T20:29:20.025600Z"}
test psp::format_2025::paths::tests::test_paths_structure ... ok{"@file":"src/psp/format_2025/operations.rs","@level":"debug","@line":60,"@message":"✅ Operations unpacked: count=4 operations=[181, 227, 9, 110]","@module":"flavor::psp::format_2025::operations","@pid":12772,"@timestamp":"2026-03-31T20:29:20.025582Z"}

{"@file":"src/psp/format_2025/execution/validation.rs","@level":"debug","@line":25,"@message":"✅ Package checksum matches cached version: deadbeef","@module":"flavor::psp::format_2025::execution::validation","@pid":12772,"@timestamp":"2026-03-31T20:29:20.025625Z"}
{"@file":"src/psp/format_2025/operations.rs","@level":"debug","@line":37,"@message":"✅ Operations packed: result=5448617","@module":"flavor::psp::format_2025::operations","@pid":12772,"@timestamp":"2026-03-31T20:29:20.025647Z"}
{"@file":"src/psp/format_2025/operations.rs","@level":"debug","@line":60,"@message":"✅ Operations unpacked: count=8 operations=[243, 59, 38, 38, 99, 221, 141, 219]","@module":"flavor::psp::format_2025::operations","@pid":12772,"@timestamp":"2026-03-31T20:29:20.025663Z"}
test psp::format_2025::operations::tests::test_unpack_multiple_operations ... ok
{"@file":"src/psp/format_2025/operations.rs","@level":"debug","@line":37,"@message":"✅ Operations packed: result=15820544483933961203","@module":"flavor::psp::format_2025::operations","@pid":12772,"@timestamp":"2026-03-31T20:29:20.025777Z"}
{"@file":"src/psp/format_2025/operations.rs","@level":"debug","@line":37,"@message":"✅ Operations packed: result=1724467306","@module":"flavor::psp::format_2025::operations","@pid":12772,"@timestamp":"2026-03-31T20:29:20.025783Z"}
test psp::format_2025::pe_resources::tests::test_non_windows_stub ... {"@file":"src/psp/format_2025/operations.rs","@level":"debug","@line":37,"@message":"✅ Operations packed: result=2189109","@module":"flavor::psp::format_2025::operations","@pid":12772,"@timestamp":"2026-03-31T20:29:20.025803Z"}
ok
{"@file":"src/psp/format_2025/operations.rs","@level":"debug","@line":60,"@message":"✅ Operations unpacked: count=8 operations=[243, 59, 38, 38, 99, 221, 141, 219]","@module":"flavor::psp::format_2025::operations","@pid":12772,"@timestamp":"2026-03-31T20:29:20.025802Z"}
test psp::format_2025::operations::tests::test_round_trip ... {"@file":"src/psp/format_2025/operations.rs","@level":"debug","@line":60,"@message":"✅ Operations unpacked: count=4 operations=[106, 72, 201, 102]","@module":"flavor::psp::format_2025::operations","@pid":12772,"@timestamp":"2026-03-31T20:29:20.025813Z"}
ok
{"@file":"src/psp/format_2025/operations.rs","@level":"debug","@line":37,"@message":"✅ Operations packed: result=13080901211788518368","@module":"flavor::psp::format_2025::operations","@pid":12772,"@timestamp":"2026-03-31T20:29:20.025869Z"}
test psp::format_2025::pe_utils::tests::test_is_pe_executable ... ok{"@file":"src/psp/format_2025/operations.rs","@level":"debug","@line":60,"@message":"✅ Operations unpacked: count=8 operations=[103, 44, 89, 77, 52, 77, 192, 182]","@module":"flavor::psp::format_2025::operations","@pid":12772,"@timestamp":"2026-03-31T20:29:20.025903Z"}

{"@file":"src/psp/format_2025/operations.rs","@level":"debug","@line":37,"@message":"✅ Operations packed: result=148","@module":"flavor::psp::format_2025::operations","@pid":12772,"@timestamp":"2026-03-31T20:29:20.025915Z"}
{"@file":"src/psp/format_2025/operations.rs","@level":"debug","@line":37,"@message":"✅ Operations packed: result=13168610197462658151","@module":"flavor::psp::format_2025::operations","@pid":12772,"@timestamp":"2026-03-31T20:29:20.025930Z"}
test psp::format_2025::operations::tests::test_too_many_operations ... ok{"@file":"src/psp/format_2025/operations.rs","@level":"debug","@line":60,"@message":"✅ Operations unpacked: count=1 operations=[148]","@module":"flavor::psp::format_2025::operations","@pid":12772,"@timestamp":"2026-03-31T20:29:20.025945Z"}

{"@file":"src/psp/format_2025/operations.rs","@level":"debug","@line":37,"@message":"✅ Operations packed: result=4705667","@module":"flavor::psp::format_2025::operations","@pid":12772,"@timestamp":"2026-03-31T20:29:20.025935Z"}
test psp::format_2025::pe_utils::tests::test_needs_dos_stub_expansion ... ok
{"@file":"src/psp/format_2025/operations.rs","@level":"debug","@line":37,"@message":"✅ Operations packed: result=60266728698257957","@module":"flavor::psp::format_2025::operations","@pid":12772,"@timestamp":"2026-03-31T20:29:20.026012Z"}
{"@file":"src/psp/format_2025/operations.rs","@level":"debug","@line":60,"@message":"✅ Operations unpacked: count=8 operations=[103, 44, 89, 77, 52, 77, 192, 182]","@module":"flavor::psp::format_2025::operations","@pid":12772,"@timestamp":"2026-03-31T20:29:20.025961Z"}
test psp::format_2025::policy::tests::test_enforce_policy_age_exceeded ... ok
{"@file":"src/psp/format_2025/operations.rs","@level":"debug","@line":60,"@message":"✅ Operations unpacked: count=7 operations=[37, 162, 213, 59, 69, 28, 214]","@module":"flavor::psp::format_2025::operations","@pid":12772,"@timestamp":"2026-03-31T20:29:20.026042Z"}
test psp::format_2025::policy::tests::test_enforce_policy_env_var_missing ... ok
{"@file":"src/psp/format_2025/operations.rs","@level":"debug","@line":60,"@message":"✅ Operations unpacked: count=8 operations=[194, 242, 242, 25, 194, 196, 22, 210]","@module":"flavor::psp::format_2025::operations","@pid":12772,"@timestamp":"2026-03-31T20:29:20.026080Z"}
{"@file":"src/psp/format_2025/operations.rs","@level":"debug","@line":37,"@message":"✅ Operations packed: result=8773801372156330","@module":"flavor::psp::format_2025::operations","@pid":12772,"@timestamp":"2026-03-31T20:29:20.026099Z"}
test psp::format_2025::policy::tests::test_enforce_policy_env_var_present ... {"@file":"src/psp/format_2025/operations.rs","@level":"debug","@line":37,"@message":"✅ Operations packed: result=15138503535390552770","@module":"flavor::psp::format_2025::operations","@pid":12772,"@timestamp":"2026-03-31T20:29:20.026112Z"}
ok
{"@file":"src/psp/format_2025/operations.rs","@level":"debug","@line":37,"@message":"✅ Operations packed: result=13939723","@module":"flavor::psp::format_2025::operations","@pid":12772,"@timestamp":"2026-03-31T20:29:20.026082Z"}
{"@file":"src/psp/format_2025/operations.rs","@level":"debug","@line":60,"@message":"✅ Operations unpacked: count=8 operations=[194, 242, 242, 25, 194, 196, 22, 210]","@module":"flavor::psp::format_2025::operations","@pid":12772,"@timestamp":"2026-03-31T20:29:20.026146Z"}
test psp::format_2025::policy::tests::test_enforce_policy_permissive ... ok{"@file":"src/psp/format_2025/operations.rs","@level":"debug","@line":60,"@message":"✅ Operations unpacked: count=7 operations=[170, 1, 30, 210, 185, 43, 31]","@module":"flavor::psp::format_2025::operations","@pid":12772,"@timestamp":"2026-03-31T20:29:20.026132Z"}

test psp::format_2025::policy::tests::test_enforce_policy_platform_blocked ... ok
{"@file":"src/psp/format_2025/operations.rs","@level":"debug","@line":60,"@message":"✅ Operations unpacked: count=8 operations=[6, 220, 250, 25, 249, 88, 118, 50]","@module":"flavor::psp::format_2025::operations","@pid":12772,"@timestamp":"2026-03-31T20:29:20.026207Z"}
{"@file":"src/psp/format_2025/operations.rs","@level":"debug","@line":37,"@message":"✅ Operations packed: result=211","@module":"flavor::psp::format_2025::operations","@pid":12772,"@timestamp":"2026-03-31T20:29:20.026219Z"}
{"@file":"src/psp/format_2025/operations.rs","@level":"debug","@line":37,"@message":"✅ Operations packed: result=858409181672","@module":"flavor::psp::format_2025::operations","@pid":12772,"@timestamp":"2026-03-31T20:29:20.026205Z"}
test psp::format_2025::policy::tests::test_enforce_policy_refuse_root_current_platform ... {"@file":"src/psp/format_2025/operations.rs","@level":"debug","@line":60,"@message":"✅ Operations unpacked: count=1 operations=[211]","@module":"flavor::psp::format_2025::operations","@pid":12772,"@timestamp":"2026-03-31T20:29:20.026244Z"}
ok
{"@file":"src/psp/format_2025/operations.rs","@level":"debug","@line":37,"@message":"✅ Operations packed: result=3636191576054225926","@module":"flavor::psp::format_2025::operations","@pid":12772,"@timestamp":"2026-03-31T20:29:20.026241Z"}
{"@file":"src/psp/format_2025/operations.rs","@level":"debug","@line":60,"@message":"✅ Operations unpacked: count=8 operations=[6, 220, 250, 25, 249, 88, 118, 50]","@module":"flavor::psp::format_2025::operations","@pid":12772,"@timestamp":"2026-03-31T20:29:20.026282Z"}
test psp::format_2025::policy::tests::test_enforce_policy_require_trusted_key_not_required ... ok
{"@file":"src/psp/format_2025/operations.rs","@level":"debug","@line":37,"@message":"✅ Operations packed: result=64357782532235694","@module":"flavor::psp::format_2025::operations","@pid":12772,"@timestamp":"2026-03-31T20:29:20.026294Z"}
test psp::format_2025::policy::tests::test_enforce_policy_require_trusted_key_trusted ... {"@file":"src/psp/format_2025/operations.rs","@level":"debug","@line":37,"@message":"✅ Operations packed: result=859617977775","@module":"flavor::psp::format_2025::operations","@pid":12772,"@timestamp":"2026-03-31T20:29:20.026302Z"}
ok
{"@file":"src/psp/format_2025/operations.rs","@level":"debug","@line":60,"@message":"✅ Operations unpacked: count=8 operations=[66, 183, 187, 222, 176, 143, 213, 180]","@module":"flavor::psp::format_2025::operations","@pid":12772,"@timestamp":"2026-03-31T20:29:20.026332Z"}
{"@file":"src/psp/format_2025/operations.rs","@level":"debug","@line":60,"@message":"✅ Operations unpacked: count=5 operations=[175, 101, 57, 37, 200]","@module":"flavor::psp::format_2025::operations","@pid":12772,"@timestamp":"2026-03-31T20:29:20.026365Z"}
test psp::format_2025::policy::tests::test_enforce_policy_require_trusted_key_untrusted ... ok{"@file":"src/psp/format_2025/operations.rs","@level":"debug","@line":37,"@message":"✅ Operations packed: result=13030479086680258370","@module":"flavor::psp::format_2025::operations","@pid":12772,"@timestamp":"2026-03-31T20:29:20.026384Z"}

{"@file":"src/psp/format_2025/operations.rs","@level":"debug","@line":37,"@message":"✅ Operations packed: result=22802032859784858","@module":"flavor::psp::format_2025::operations","@pid":12772,"@timestamp":"2026-03-31T20:29:20.026392Z"}
{"@file":"src/psp/format_2025/operations.rs","@level":"debug","@line":60,"@message":"✅ Operations unpacked: count=8 operations=[66, 183, 187, 222, 176, 143, 213, 180]","@module":"flavor::psp::format_2025::operations","@pid":12772,"@timestamp":"2026-03-31T20:29:20.026419Z"}
test psp::format_2025::policy::tests::test_get_current_platform_nonempty ... ok
{"@file":"src/psp/format_2025/operations.rs","@level":"debug","@line":37,"@message":"✅ Operations packed: result=120645650973580","@module":"flavor::psp::format_2025::operations","@pid":12772,"@timestamp":"2026-03-31T20:29:20.026429Z"}
test psp::format_2025::policy::tests::test_enforce_policy_sbom_required ... {"@file":"src/psp/format_2025/operations.rs","@level":"debug","@line":37,"@message":"✅ Operations packed: result=37774931239166","@module":"flavor::psp::format_2025::operations","@pid":12772,"@timestamp":"2026-03-31T20:29:20.026468Z"}
ok{"@file":"src/psp/format_2025/operations.rs","@level":"debug","@line":60,"@message":"✅ Operations unpacked: count=6 operations=[140, 131, 43, 1, 186, 109]","@module":"flavor::psp::format_2025::operations","@pid":12772,"@timestamp":"2026-03-31T20:29:20.026490Z"}

{"@file":"src/psp/format_2025/operations.rs","@level":"debug","@line":60,"@message":"✅ Operations unpacked: count=8 operations=[87, 150, 6, 183, 238, 128, 41, 206]","@module":"flavor::psp::format_2025::operations","@pid":12772,"@timestamp":"2026-03-31T20:29:20.026490Z"}
test psp::format_2025::policy::tests::test_load_operator_policy_missing_file ... {"@file":"src/psp/format_2025/execution/validation.rs","@level":"debug","@line":121,"@message":"💾 Saved package checksum: 12345678","@module":"flavor::psp::format_2025::execution::validation","@pid":12772,"@timestamp":"2026-03-31T20:29:20.026473Z"}
ok
{"@file":"src/psp/format_2025/operations.rs","@level":"debug","@line":37,"@message":"✅ Operations packed: result=480153536252","@module":"flavor::psp::format_2025::operations","@pid":12772,"@timestamp":"2026-03-31T20:29:20.026553Z"}
test psp::format_2025::policy::tests::test_merge_policy_max_age_days_min ... {"@file":"src/psp/format_2025/operations.rs","@level":"debug","@line":37,"@message":"✅ Operations packed: result=15076292001401119375","@module":"flavor::psp::format_2025::operations","@pid":12772,"@timestamp":"2026-03-31T20:29:20.026563Z"}
ok{"@file":"src/psp/format_2025/operations.rs","@level":"debug","@line":60,"@message":"✅ Operations unpacked: count=5 operations=[252, 134, 97, 203, 111]","@module":"flavor::psp::format_2025::operations","@pid":12772,"@timestamp":"2026-03-31T20:29:20.026583Z"}

{"@file":"src/psp/format_2025/runtime.rs","@level":"debug","@line":174,"@message":"📋 Pattern processor: 2 patterns (1 exact)","@module":"flavor::psp::format_2025::runtime::runtime_impl::patterns","@pid":12772,"@timestamp":"2026-03-31T20:29:20.026596Z"}
test psp::format_2025::builder::slot_processor::tests::test_process_slots_regular_file_builds_descriptor ... ok
{"@file":"src/psp/format_2025/runtime.rs","@level":"debug","@line":39,"@message":"🔧 Processing runtime environment configuration","@module":"flavor::psp::format_2025::runtime::runtime_impl","@pid":12772,"@timestamp":"2026-03-31T20:29:20.026605Z"}
{"@file":"src/psp/format_2025/operations.rs","@level":"debug","@line":37,"@message":"✅ Operations packed: result=276861879804187","@module":"flavor::psp::format_2025::operations","@pid":12772,"@timestamp":"2026-03-31T20:29:20.026640Z"}
test psp::format_2025::policy::tests::test_merge_policy_max_age_only_pkg ... {"@file":"src/psp/format_2025/runtime.rs","@level":"debug","@line":174,"@message":"📋 Pattern processor: 2 patterns (1 exact)","@module":"flavor::psp::format_2025::runtime::runtime_impl::patterns","@pid":12772,"@timestamp":"2026-03-31T20:29:20.026668Z"}
ok{"@file":"src/psp/format_2025/operations.rs","@level":"debug","@line":37,"@message":"✅ Operations packed: result=14855546608619525719","@module":"flavor::psp::format_2025::operations","@pid":12772,"@timestamp":"2026-03-31T20:29:20.026542Z"}

{"@file":"src/psp/format_2025/execution/validation.rs","@level":"debug","@line":25,"@message":"✅ Package checksum matches cached version: 12345678","@module":"flavor::psp::format_2025::execution::validation","@pid":12772,"@timestamp":"2026-03-31T20:29:20.026642Z"}
test psp::format_2025::policy::tests::test_merge_policy_platforms_intersection ... {"@file":"src/psp/format_2025/operations.rs","@level":"debug","@line":60,"@message":"✅ Operations unpacked: count=6 operations=[27, 97, 255, 237, 205, 251]","@module":"flavor::psp::format_2025::operations","@pid":12772,"@timestamp":"2026-03-31T20:29:20.026675Z"}
ok
{"@file":"src/psp/format_2025/operations.rs","@level":"debug","@line":37,"@message":"✅ Operations packed: result=34892614590142806","@module":"flavor::psp::format_2025::operations","@pid":12772,"@timestamp":"2026-03-31T20:29:20.026640Z"}
test psp::format_2025::policy::tests::test_merge_policy_platforms_only_operator ... {"@file":"src/psp/format_2025/runtime.rs","@level":"debug","@line":39,"@message":"🔧 Processing runtime environment configuration","@module":"flavor::psp::format_2025::runtime::runtime_impl","@pid":12772,"@timestamp":"2026-03-31T20:29:20.026697Z"}
ok
{"@file":"src/psp/format_2025/runtime.rs","@level":"debug","@line":75,"@message":"📋 Unset patterns found: [\"DROP_*\"]","@module":"flavor::psp::format_2025::runtime::runtime_impl","@pid":12772,"@timestamp":"2026-03-31T20:29:20.026710Z"}
{"@file":"src/psp/format_2025/operations.rs","@level":"debug","@line":60,"@message":"✅ Operations unpacked: count=8 operations=[87, 150, 6, 183, 238, 128, 41, 206]","@module":"flavor::psp::format_2025::operations","@pid":12772,"@timestamp":"2026-03-31T20:29:20.026731Z"}
{"@file":"src/psp/format_2025/operations.rs","@level":"debug","@line":37,"@message":"✅ Operations packed: result=13658663","@module":"flavor::psp::format_2025::operations","@pid":12772,"@timestamp":"2026-03-31T20:29:20.026811Z"}
test psp::format_2025::policy::tests::test_merge_policy_refuse_root ... {"@file":"src/psp/format_2025/runtime.rs","@level":"debug","@line":253,"@message":"🗑️ Processing 1 unset patterns","@module":"flavor::psp::format_2025::runtime::runtime_impl::operations","@pid":12772,"@timestamp":"2026-03-31T20:29:20.026828Z"}
ok
test psp::format_2025::builder::slot_processor::tests::test_resolve_slot_path_uses_current_dir_when_workenv_base_is_unset ... {"@file":"src/psp/format_2025/runtime.rs","@level":"debug","@line":256,"@message":"  Processing unset pattern: 'DROP_*'","@module":"flavor::psp::format_2025::runtime::runtime_impl::operations","@pid":12772,"@timestamp":"2026-03-31T20:29:20.026868Z"}
ok{"@file":"src/psp/format_2025/runtime.rs","@level":"debug","@line":39,"@message":"🔧 Processing runtime environment configuration","@module":"flavor::psp::format_2025::runtime::runtime_impl","@pid":12772,"@timestamp":"2026-03-31T20:29:20.026730Z"}

{"@file":"src/psp/format_2025/runtime.rs","@level":"debug","@line":261,"@message":"  Match: glob pattern","@module":"flavor::psp::format_2025::runtime::runtime_impl::operations","@pid":12772,"@timestamp":"2026-03-31T20:29:20.026904Z"}
{"@file":"src/psp/format_2025/operations.rs","@level":"debug","@line":60,"@message":"✅ Operations unpacked: count=8 operations=[112, 94, 241, 4, 80, 191, 113, 142]","@module":"flavor::psp::format_2025::operations","@pid":12772,"@timestamp":"2026-03-31T20:29:20.026869Z"}
test psp::format_2025::policy::tests::test_parse_policy_file_all_fields ... ok
{"@file":"src/psp/format_2025/operations.rs","@level":"debug","@line":60,"@message":"✅ Operations unpacked: count=3 operations=[39, 106, 208]","@module":"flavor::psp::format_2025::operations","@pid":12772,"@timestamp":"2026-03-31T20:29:20.026864Z"}
test psp::format_2025::policy::tests::test_parse_policy_file_allow_platforms ... {"@file":"src/psp/format_2025/operations.rs","@level":"debug","@line":37,"@message":"✅ Operations packed: result=122351912139235","@module":"flavor::psp::format_2025::operations","@pid":12772,"@timestamp":"2026-03-31T20:29:20.026827Z"}
ok
{"@file":"src/psp/format_2025/runtime.rs","@level":"debug","@line":174,"@message":"📋 Pattern processor: 1 patterns (1 exact)","@module":"flavor::psp::format_2025::runtime::runtime_impl::patterns","@pid":12772,"@timestamp":"2026-03-31T20:29:20.026818Z"}
{"@file":"src/psp/format_2025/runtime.rs","@level":"debug","@line":174,"@message":"📋 Pattern processor: 1 patterns (1 exact)","@module":"flavor::psp::format_2025::runtime::runtime_impl::patterns","@pid":12772,"@timestamp":"2026-03-31T20:29:20.026921Z"}
test psp::format_2025::policy::tests::test_parse_policy_file_ignores_comments ... {"@file":"src/psp/format_2025/runtime.rs","@level":"debug","@line":75,"@message":"📋 Unset patterns found: [\"REMOVE_ME\"]","@module":"flavor::psp::format_2025::runtime::runtime_impl","@pid":12772,"@timestamp":"2026-03-31T20:29:20.027025Z"}
ok
{"@file":"src/psp/format_2025/operations.rs","@level":"debug","@line":37,"@message":"✅ Operations packed: result=10264195376155287152","@module":"flavor::psp::format_2025::operations","@pid":12772,"@timestamp":"2026-03-31T20:29:20.026949Z"}
{"@file":"src/psp/format_2025/runtime.rs","@level":"debug","@line":253,"@message":"🗑️ Processing 1 unset patterns","@module":"flavor::psp::format_2025::runtime::runtime_impl::operations","@pid":12772,"@timestamp":"2026-03-31T20:29:20.027057Z"}
test psp::format_2025::policy::tests::test_parse_policy_file_inline_comment ... ok{"@file":"src/psp/format_2025/runtime.rs","@level":"debug","@line":86,"@message":"🧹 Stripped 1 env vars from child environment: DROP_ME","@module":"flavor::psp::format_2025::runtime::runtime_impl","@pid":12772,"@timestamp":"2026-03-31T20:29:20.026950Z"}

{"@file":"src/psp/format_2025/operations.rs","@level":"debug","@line":60,"@message":"✅ Operations unpacked: count=8 operations=[112, 94, 241, 4, 80, 191, 113, 142]","@module":"flavor::psp::format_2025::operations","@pid":12772,"@timestamp":"2026-03-31T20:29:20.027078Z"}
test psp::format_2025::policy::tests::test_parse_toml_string_list_empty ... {"@file":"src/psp/format_2025/runtime.rs","@level":"debug","@line":92,"@message":"✅ Unset operations completed successfully","@module":"flavor::psp::format_2025::runtime::runtime_impl","@pid":12772,"@timestamp":"2026-03-31T20:29:20.027107Z"}
ok
{"@file":"src/psp/format_2025/operations.rs","@level":"debug","@line":37,"@message":"✅ Operations packed: result=67378236180","@module":"flavor::psp::format_2025::operations","@pid":12772,"@timestamp":"2026-03-31T20:29:20.027012Z"}
{"@file":"src/psp/format_2025/runtime.rs","@level":"debug","@line":351,"@message":"🔄 Processing 1 map operations","@module":"flavor::psp::format_2025::runtime::runtime_impl::operations","@pid":12772,"@timestamp":"2026-03-31T20:29:20.027141Z"}
test psp::format_2025::policy::tests::test_parse_toml_string_list_invalid ... ok{"@file":"src/psp/format_2025/operations.rs","@level":"debug","@line":37,"@message":"✅ Operations packed: result=47874196693353668","@module":"flavor::psp::format_2025::operations","@pid":12772,"@timestamp":"2026-03-31T20:29:20.027038Z"}

{"@file":"src/psp/format_2025/runtime.rs","@level":"debug","@line":75,"@message":"📋 Unset patterns found: [\"DROP_*\"]","@module":"flavor::psp::format_2025::runtime::runtime_impl","@pid":12772,"@timestamp":"2026-03-31T20:29:20.027043Z"}
test psp::format_2025::policy::tests::test_parse_toml_string_list_single_quotes ... ok
{"@file":"src/psp/format_2025/operations.rs","@level":"debug","@line":37,"@message":"✅ Operations packed: result=153626168","@module":"flavor::psp::format_2025::operations","@pid":12772,"@timestamp":"2026-03-31T20:29:20.027226Z"}
{"@file":"src/psp/format_2025/runtime.rs","@level":"debug","@line":256,"@message":"  Processing unset pattern: 'REMOVE_ME'","@module":"flavor::psp::format_2025::runtime::runtime_impl::operations","@pid":12772,"@timestamp":"2026-03-31T20:29:20.027088Z"}
test psp::format_2025::runtime::runtime_impl::tests::pattern_processor_requires_exact_pass_patterns ... ok{"@file":"src/psp/format_2025/operations.rs","@level":"debug","@line":60,"@message":"✅ Operations unpacked: count=5 operations=[20, 75, 14, 176, 15]","@module":"flavor::psp::format_2025::operations","@pid":12772,"@timestamp":"2026-03-31T20:29:20.027160Z"}

{"@file":"src/psp/format_2025/runtime.rs","@level":"debug","@line":264,"@message":"  Match: exact pattern","@module":"flavor::psp::format_2025::runtime::runtime_impl::operations","@pid":12772,"@timestamp":"2026-03-31T20:29:20.027260Z"}
{"@file":"src/psp/format_2025/runtime.rs","@level":"debug","@line":365,"@message":"🔄 Mapped: SOURCE -> RENAMED","@module":"flavor::psp::format_2025::runtime::runtime_impl::operations","@pid":12772,"@timestamp":"2026-03-31T20:29:20.027177Z"}
test psp::format_2025::trust::tests::test_compute_key_fingerprint_valid ... ok
{"@file":"src/psp/format_2025/runtime.rs","@level":"debug","@line":253,"@message":"🗑️ Processing 1 unset patterns","@module":"flavor::psp::format_2025::runtime::runtime_impl::operations","@pid":12772,"@timestamp":"2026-03-31T20:29:20.027228Z"}
test psp::format_2025::trust::tests::test_compute_key_fingerprint_wrong_length ... ok
{"@file":"src/psp/format_2025/runtime.rs","@level":"debug","@line":386,"@message":"📝 Processing 1 set operations","@module":"flavor::psp::format_2025::runtime::runtime_impl::operations","@pid":12772,"@timestamp":"2026-03-31T20:29:20.027324Z"}
{"@file":"src/psp/format_2025/launcher/filesystem.rs","@level":"debug","@line":70,"@message":"Fixed shebang in \"tool\"","@module":"flavor::psp::format_2025::launcher::filesystem","@pid":12772,"@timestamp":"2026-03-31T20:29:20.027176Z"}
test psp::format_2025::trust::tests::test_extract_ed25519_raw_key_valid_spki ... {"@file":"src/psp/format_2025/runtime.rs","@level":"debug","@line":397,"@message":"📝 Set: ADDED = 'value'","@module":"flavor::psp::format_2025::runtime::runtime_impl::operations","@pid":12772,"@timestamp":"2026-03-31T20:29:20.027385Z"}
ok
{"@file":"src/psp/format_2025/runtime.rs","@level":"debug","@line":330,"@message":"🗑️ Unset: REMOVE_ME","@module":"flavor::psp::format_2025::runtime::runtime_impl::operations","@pid":12772,"@timestamp":"2026-03-31T20:29:20.027292Z"}
{"@file":"src/psp/format_2025/runtime.rs","@level":"debug","@line":135,"@message":"✅ Runtime environment processing complete","@module":"flavor::psp::format_2025::runtime::runtime_impl","@pid":12772,"@timestamp":"2026-03-31T20:29:20.027420Z"}
test psp::format_2025::trust::tests::test_extract_ed25519_raw_key_wrong_length ... ok
{"@file":"src/psp/format_2025/operations.rs","@level":"debug","@line":37,"@message":"✅ Operations packed: result=12077930","@module":"flavor::psp::format_2025::operations","@pid":12772,"@timestamp":"2026-03-31T20:29:20.027330Z"}
test psp::format_2025::trust::tests::test_extract_ed25519_raw_key_wrong_prefix ... ok
test psp::format_2025::trust::tests::test_is_key_trusted_no_store ... ok
{"@file":"src/psp/format_2025/runtime.rs","@level":"debug","@line":256,"@message":"  Processing unset pattern: 'DROP_*'","@module":"flavor::psp::format_2025::runtime::runtime_impl::operations","@pid":12772,"@timestamp":"2026-03-31T20:29:20.027354Z"}
test psp::format_2025::trust::tests::test_load_keys_from_dir_missing ... {"@file":"src/psp/format_2025/operations.rs","@level":"debug","@line":37,"@message":"✅ Operations packed: result=37983","@module":"flavor::psp::format_2025::operations","@pid":12772,"@timestamp":"2026-03-31T20:29:20.027283Z"}
{"@file":"src/psp/format_2025/operations.rs","@level":"debug","@line":60,"@message":"✅ Operations unpacked: count=8 operations=[49, 122, 139, 239, 82, 186, 4, 117]","@module":"flavor::psp::format_2025::operations","@pid":12772,"@timestamp":"2026-03-31T20:29:20.027161Z"}
{"@file":"src/psp/format_2025/runtime.rs","@level":"debug","@line":261,"@message":"  Match: glob pattern","@module":"flavor::psp::format_2025::runtime::runtime_impl::operations","@pid":12772,"@timestamp":"2026-03-31T20:29:20.027602Z"}
{"@file":"src/psp/format_2025/runtime.rs","@level":"debug","@line":86,"@message":"🧹 Stripped 1 env vars from child environment: REMOVE_ME","@module":"flavor::psp::format_2025::runtime::runtime_impl","@pid":12772,"@timestamp":"2026-03-31T20:29:20.027448Z"}
ok
test psp::format_2025::execution::validation::tests::save_index_metadata_writes_expected_json_fields ... {"@file":"src/psp/format_2025/operations.rs","@level":"debug","@line":37,"@message":"✅ Operations packed: result=8432069267713391153","@module":"flavor::psp::format_2025::operations","@pid":12772,"@timestamp":"2026-03-31T20:29:20.027630Z"}
ok
{"@file":"src/psp/format_2025/operations.rs","@level":"debug","@line":60,"@message":"✅ Operations unpacked: count=3 operations=[106, 75, 184]","@module":"flavor::psp::format_2025::operations","@pid":12772,"@timestamp":"2026-03-31T20:29:20.027511Z"}
test psp::format_2025::execution::validation::tests::save_and_validate_package_checksum_round_trip ... ok
{"@file":"src/psp/format_2025/runtime.rs","@level":"debug","@line":86,"@message":"🧹 Stripped 2 env vars from child environment: DROP_A, DROP_B","@module":"flavor::psp::format_2025::runtime::runtime_impl","@pid":12772,"@timestamp":"2026-03-31T20:29:20.027670Z"}
test psp::format_2025::runtime::runtime_impl::tests::process_runtime_env_applies_unset_map_and_set_operations ... ok
{"@file":"src/psp/format_2025/runtime.rs","@level":"debug","@line":92,"@message":"✅ Unset operations completed successfully","@module":"flavor::psp::format_2025::runtime::runtime_impl","@pid":12772,"@timestamp":"2026-03-31T20:29:20.027671Z"}
test psp::format_2025::verifier::tests::test_verify_slot_checksum_detects_tampering ... ok
{"@file":"src/psp/format_2025/runtime.rs","@level":"debug","@line":92,"@message":"✅ Unset operations completed successfully","@module":"flavor::psp::format_2025::runtime::runtime_impl","@pid":12772,"@timestamp":"2026-03-31T20:29:20.027798Z"}
{"@file":"src/psp/format_2025/runtime.rs","@level":"debug","@line":135,"@message":"✅ Runtime environment processing complete","@module":"flavor::psp::format_2025::runtime::runtime_impl","@pid":12772,"@timestamp":"2026-03-31T20:29:20.027834Z"}
test psp::format_2025::trust::tests::test_load_keys_from_dir_empty ... ok{"@file":"src/psp/format_2025/runtime.rs","@level":"debug","@line":135,"@message":"✅ Runtime environment processing complete","@module":"flavor::psp::format_2025::runtime::runtime_impl","@pid":12772,"@timestamp":"2026-03-31T20:29:20.027867Z"}

{"@file":"src/psp/format_2025/operations.rs","@level":"debug","@line":37,"@message":"✅ Operations packed: result=13884781016602765652","@module":"flavor::psp::format_2025::operations","@pid":12772,"@timestamp":"2026-03-31T20:29:20.027720Z"}
{"@file":"src/psp/format_2025/operations.rs","@level":"debug","@line":60,"@message":"✅ Operations unpacked: count=8 operations=[49, 122, 139, 239, 82, 186, 4, 117]","@module":"flavor::psp::format_2025::operations","@pid":12772,"@timestamp":"2026-03-31T20:29:20.027712Z"}
{"@file":"src/psp/format_2025/operations.rs","@level":"debug","@line":37,"@message":"✅ Operations packed: result=55600","@module":"flavor::psp::format_2025::operations","@pid":12772,"@timestamp":"2026-03-31T20:29:20.027902Z"}
test psp::format_2025::runtime::runtime_impl::tests::process_runtime_env_unset_exact_match_removes_variable ... {"@file":"src/psp/format_2025/operations.rs","@level":"debug","@line":37,"@message":"✅ Operations packed: result=53423429131599","@module":"flavor::psp::format_2025::operations","@pid":12772,"@timestamp":"2026-03-31T20:29:20.027994Z"}
ok{"@file":"src/psp/format_2025/operations.rs","@level":"debug","@line":60,"@message":"✅ Operations unpacked: count=8 operations=[186, 138, 180, 41, 222, 223, 213, 83]","@module":"flavor::psp::format_2025::operations","@pid":12772,"@timestamp":"2026-03-31T20:29:20.028009Z"}

{"@file":"src/psp/format_2025/operations.rs","@level":"debug","@line":60,"@message":"✅ Operations unpacked: count=2 operations=[48, 217]","@module":"flavor::psp::format_2025::operations","@pid":12772,"@timestamp":"2026-03-31T20:29:20.028006Z"}
{"@file":"src/psp/format_2025/operations.rs","@level":"debug","@line":37,"@message":"✅ Operations packed: result=8965928953520989037","@module":"flavor::psp::format_2025::operations","@pid":12772,"@timestamp":"2026-03-31T20:29:20.028055Z"}
test psp::format_2025::runtime::runtime_impl::tests::process_runtime_env_unset_glob_pattern_removes_matching_variables ... {"@file":"src/psp/format_2025/operations.rs","@level":"debug","@line":37,"@message":"✅ Operations packed: result=6040980620462820026","@module":"flavor::psp::format_2025::operations","@pid":12772,"@timestamp":"2026-03-31T20:29:20.028041Z"}
ok
{"@file":"src/psp/format_2025/operations.rs","@level":"debug","@line":60,"@message":"✅ Operations unpacked: count=8 operations=[186, 138, 180, 41, 222, 223, 213, 83]","@module":"flavor::psp::format_2025::operations","@pid":12772,"@timestamp":"2026-03-31T20:29:20.028106Z"}
{"@file":"src/psp/format_2025/operations.rs","@level":"debug","@line":37,"@message":"✅ Operations packed: result=7792232635704","@module":"flavor::psp::format_2025::operations","@pid":12772,"@timestamp":"2026-03-31T20:29:20.028118Z"}
{"@file":"src/psp/format_2025/operations.rs","@level":"debug","@line":60,"@message":"✅ Operations unpacked: count=8 operations=[173, 251, 244, 216, 127, 233, 156, 75]","@module":"flavor::psp::format_2025::operations","@pid":12772,"@timestamp":"2026-03-31T20:29:20.028160Z"}
{"@file":"src/psp/format_2025/operations.rs","@level":"debug","@line":37,"@message":"✅ Operations packed: result=67617465925362307","@module":"flavor::psp::format_2025::operations","@pid":12772,"@timestamp":"2026-03-31T20:29:20.028177Z"}
{"@file":"src/psp/format_2025/operations.rs","@level":"debug","@line":37,"@message":"✅ Operations packed: result=10833199","@module":"flavor::psp::format_2025::operations","@pid":12772,"@timestamp":"2026-03-31T20:29:20.028153Z"}
{"@file":"src/psp/format_2025/operations.rs","@level":"debug","@line":37,"@message":"✅ Operations packed: result=5448486384521509805","@module":"flavor::psp::format_2025::operations","@pid":12772,"@timestamp":"2026-03-31T20:29:20.028190Z"}
{"@file":"src/psp/format_2025/operations.rs","@level":"debug","@line":60,"@message":"✅ Operations unpacked: count=3 operations=[47, 77, 165]","@module":"flavor::psp::format_2025::operations","@pid":12772,"@timestamp":"2026-03-31T20:29:20.028225Z"}
{"@file":"src/psp/format_2025/operations.rs","@level":"debug","@line":60,"@message":"✅ Operations unpacked: count=8 operations=[173, 251, 244, 216, 127, 233, 156, 75]","@module":"flavor::psp::format_2025::operations","@pid":12772,"@timestamp":"2026-03-31T20:29:20.028234Z"}
{"@file":"src/psp/format_2025/operations.rs","@level":"debug","@line":37,"@message":"✅ Operations packed: result=8002821","@module":"flavor::psp::format_2025::operations","@pid":12772,"@timestamp":"2026-03-31T20:29:20.028240Z"}
{"@file":"src/psp/format_2025/operations.rs","@level":"debug","@line":37,"@message":"✅ Operations packed: result=388856910446","@module":"flavor::psp::format_2025::operations","@pid":12772,"@timestamp":"2026-03-31T20:29:20.028283Z"}
{"@file":"src/psp/format_2025/operations.rs","@level":"debug","@line":60,"@message":"✅ Operations unpacked: count=8 operations=[66, 102, 199, 211, 160, 4, 51, 231]","@module":"flavor::psp::format_2025::operations","@pid":12772,"@timestamp":"2026-03-31T20:29:20.028290Z"}
{"@file":"src/psp/format_2025/operations.rs","@level":"debug","@line":60,"@message":"✅ Operations unpacked: count=5 operations=[110, 146, 173, 137, 90]","@module":"flavor::psp::format_2025::operations","@pid":12772,"@timestamp":"2026-03-31T20:29:20.028308Z"}
{"@file":"src/psp/format_2025/operations.rs","@level":"debug","@line":37,"@message":"✅ Operations packed: result=14512689","@module":"flavor::psp::format_2025::operations","@pid":12772,"@timestamp":"2026-03-31T20:29:20.028302Z"}
{"@file":"src/psp/format_2025/operations.rs","@level":"debug","@line":37,"@message":"✅ Operations packed: result=16659664535367935554","@module":"flavor::psp::format_2025::operations","@pid":12772,"@timestamp":"2026-03-31T20:29:20.028315Z"}
{"@file":"src/psp/format_2025/operations.rs","@level":"debug","@line":60,"@message":"✅ Operations unpacked: count=8 operations=[66, 102, 199, 211, 160, 4, 51, 231]","@module":"flavor::psp::format_2025::operations","@pid":12772,"@timestamp":"2026-03-31T20:29:20.028357Z"}
{"@file":"src/psp/format_2025/operations.rs","@level":"debug","@line":37,"@message":"✅ Operations packed: result=89","@module":"flavor::psp::format_2025::operations","@pid":12772,"@timestamp":"2026-03-31T20:29:20.028371Z"}
{"@file":"src/psp/format_2025/operations.rs","@level":"debug","@line":37,"@message":"✅ Operations packed: result=2089441106","@module":"flavor::psp::format_2025::operations","@pid":12772,"@timestamp":"2026-03-31T20:29:20.028362Z"}
{"@file":"src/psp/format_2025/operations.rs","@level":"debug","@line":60,"@message":"✅ Operations unpacked: count=4 operations=[82, 87, 138, 124]","@module":"flavor::psp::format_2025::operations","@pid":12772,"@timestamp":"2026-03-31T20:29:20.028420Z"}
{"@file":"src/psp/format_2025/operations.rs","@level":"debug","@line":60,"@message":"✅ Operations unpacked: count=8 operations=[41, 233, 136, 131, 52, 71, 76, 133]","@module":"flavor::psp::format_2025::operations","@pid":12772,"@timestamp":"2026-03-31T20:29:20.028413Z"}
{"@file":"src/psp/format_2025/operations.rs","@level":"debug","@line":37,"@message":"✅ Operations packed: result=95","@module":"flavor::psp::format_2025::operations","@pid":12772,"@timestamp":"2026-03-31T20:29:20.028443Z"}
{"@file":"src/psp/format_2025/operations.rs","@level":"debug","@line":37,"@message":"✅ Operations packed: result=9605130396145084713","@module":"flavor::psp::format_2025::operations","@pid":12772,"@timestamp":"2026-03-31T20:29:20.028459Z"}
{"@file":"src/psp/format_2025/operations.rs","@level":"debug","@line":37,"@message":"✅ Operations packed: result=27081394314149429","@module":"flavor::psp::format_2025::operations","@pid":12772,"@timestamp":"2026-03-31T20:29:20.028476Z"}
{"@file":"src/psp/format_2025/operations.rs","@level":"debug","@line":37,"@message":"✅ Operations packed: result=7811056","@module":"flavor::psp::format_2025::operations","@pid":12772,"@timestamp":"2026-03-31T20:29:20.028498Z"}
{"@file":"src/psp/format_2025/operations.rs","@level":"debug","@line":60,"@message":"✅ Operations unpacked: count=7 operations=[53, 254, 29, 120, 98, 54, 96]","@module":"flavor::psp::format_2025::operations","@pid":12772,"@timestamp":"2026-03-31T20:29:20.028511Z"}
{"@file":"src/psp/format_2025/operations.rs","@level":"debug","@line":60,"@message":"✅ Operations unpacked: count=8 operations=[41, 233, 136, 131, 52, 71, 76, 133]","@module":"flavor::psp::format_2025::operations","@pid":12772,"@timestamp":"2026-03-31T20:29:20.028484Z"}
{"@file":"src/psp/format_2025/backends.rs","@level":"debug","@line":204,"@message":"📁 File backend opened /var/folders/sg/wy47gw996f78fznt898m8x540000gn/T/.tmpj38Gsf (8367 bytes) in 122.917µs","@module":"flavor::psp::format_2025::backends","@pid":12772,"@timestamp":"2026-03-31T20:29:20.028549Z"}
{"@file":"src/psp/format_2025/operations.rs","@level":"debug","@line":37,"@message":"✅ Operations packed: result=219","@module":"flavor::psp::format_2025::operations","@pid":12772,"@timestamp":"2026-03-31T20:29:20.028562Z"}
{"@file":"src/psp/format_2025/operations.rs","@level":"debug","@line":60,"@message":"✅ Operations unpacked: count=8 operations=[149, 235, 81, 108, 58, 7, 175, 129]","@module":"flavor::psp::format_2025::operations","@pid":12772,"@timestamp":"2026-03-31T20:29:20.028579Z"}
{"@file":"src/psp/format_2025/operations.rs","@level":"debug","@line":37,"@message":"✅ Operations packed: result=22435","@module":"flavor::psp::format_2025::operations","@pid":12772,"@timestamp":"2026-03-31T20:29:20.028568Z"}
{"@file":"src/psp/format_2025/reader.rs","@level":"debug","@line":274,"@message":"Trailer size: 8200, file size: 8367 bytes","@module":"flavor::psp::format_2025::reader","@pid":12772,"@timestamp":"2026-03-31T20:29:20.028600Z"}
{"@file":"src/psp/format_2025/operations.rs","@level":"debug","@line":60,"@message":"✅ Operations unpacked: count=2 operations=[163, 87]","@module":"flavor::psp::format_2025::operations","@pid":12772,"@timestamp":"2026-03-31T20:29:20.028636Z"}
{"@file":"src/psp/format_2025/operations.rs","@level":"debug","@line":37,"@message":"✅ Operations packed: result=172","@module":"flavor::psp::format_2025::operations","@pid":12772,"@timestamp":"2026-03-31T20:29:20.028630Z"}
{"@file":"src/psp/format_2025/operations.rs","@level":"debug","@line":37,"@message":"✅ Operations packed: result=9344695699323874197","@module":"flavor::psp::format_2025::operations","@pid":12772,"@timestamp":"2026-03-31T20:29:20.028610Z"}
{"@file":"src/psp/format_2025/index.rs","@level":"debug","@line":181,"@message":"Parsed metadata_offset: 0x0000000000000058 (88)","@module":"flavor::psp::format_2025::index","@pid":12772,"@timestamp":"2026-03-31T20:29:20.028657Z"}
{"@file":"src/psp/format_2025/operations.rs","@level":"debug","@line":37,"@message":"✅ Operations packed: result=789459504076","@module":"flavor::psp::format_2025::operations","@pid":12772,"@timestamp":"2026-03-31T20:29:20.028698Z"}
{"@file":"src/psp/format_2025/operations.rs","@level":"debug","@line":37,"@message":"✅ Operations packed: result=4074384691856940","@module":"flavor::psp::format_2025::operations","@pid":12772,"@timestamp":"2026-03-31T20:29:20.028715Z"}
{"@file":"src/psp/format_2025/operations.rs","@level":"debug","@line":60,"@message":"✅ Operations unpacked: count=5 operations=[204, 11, 116, 207, 183]","@module":"flavor::psp::format_2025::operations","@pid":12772,"@timestamp":"2026-03-31T20:29:20.028734Z"}
{"@file":"src/psp/format_2025/index.rs","@level":"debug","@line":182,"@message":"Parsed metadata_size: 79 bytes","@module":"flavor::psp::format_2025::index","@pid":12772,"@timestamp":"2026-03-31T20:29:20.028722Z"}
{"@file":"src/psp/format_2025/operations.rs","@level":"debug","@line":60,"@message":"✅ Operations unpacked: count=8 operations=[149, 235, 81, 108, 58, 7, 175, 129]","@module":"flavor::psp::format_2025::operations","@pid":12772,"@timestamp":"2026-03-31T20:29:20.028705Z"}
{"@file":"src/psp/format_2025/operations.rs","@level":"debug","@line":37,"@message":"✅ Operations packed: result=191458949967785","@module":"flavor::psp::format_2025::operations","@pid":12772,"@timestamp":"2026-03-31T20:29:20.028779Z"}
{"@file":"src/psp/format_2025/reader.rs","@level":"debug","@line":99,"@message":"Parsed index values:","@module":"flavor::psp::format_2025::reader","@pid":12772,"@timestamp":"2026-03-31T20:29:20.028788Z"}
{"@file":"src/psp/format_2025/reader.rs","@level":"debug","@line":100,"@message":"  package_size: 8367","@module":"flavor::psp::format_2025::reader","@pid":12772,"@timestamp":"2026-03-31T20:29:20.028823Z"}
{"@file":"src/psp/format_2025/operations.rs","@level":"debug","@line":60,"@message":"✅ Operations unpacked: count=8 operations=[255, 184, 72, 159, 177, 141, 148, 185]","@module":"flavor::psp::format_2025::operations","@pid":12772,"@timestamp":"2026-03-31T20:29:20.028827Z"}
{"@file":"src/psp/format_2025/operations.rs","@level":"debug","@line":37,"@message":"✅ Operations packed: result=146","@module":"flavor::psp::format_2025::operations","@pid":12772,"@timestamp":"2026-03-31T20:29:20.028792Z"}
{"@file":"src/psp/format_2025/operations.rs","@level":"debug","@line":37,"@message":"✅ Operations packed: result=13372468987590916351","@module":"flavor::psp::format_2025::operations","@pid":12772,"@timestamp":"2026-03-31T20:29:20.028864Z"}
{"@file":"src/psp/format_2025/operations.rs","@level":"debug","@line":60,"@message":"✅ Operations unpacked: count=1 operations=[146]","@module":"flavor::psp::format_2025::operations","@pid":12772,"@timestamp":"2026-03-31T20:29:20.028879Z"}
{"@file":"src/psp/format_2025/operations.rs","@level":"debug","@line":37,"@message":"✅ Operations packed: result=16136922","@module":"flavor::psp::format_2025::operations","@pid":12772,"@timestamp":"2026-03-31T20:29:20.028836Z"}
{"@file":"src/psp/format_2025/reader.rs","@level":"debug","@line":101,"@message":"  launcher_size: 0","@module":"flavor::psp::format_2025::reader","@pid":12772,"@timestamp":"2026-03-31T20:29:20.028851Z"}
{"@file":"src/psp/format_2025/operations.rs","@level":"debug","@line":37,"@message":"✅ Operations packed: result=48735","@module":"flavor::psp::format_2025::operations","@pid":12772,"@timestamp":"2026-03-31T20:29:20.028958Z"}
{"@file":"src/psp/format_2025/operations.rs","@level":"debug","@line":37,"@message":"✅ Operations packed: result=2474601473","@module":"flavor::psp::format_2025::operations","@pid":12772,"@timestamp":"2026-03-31T20:29:20.028942Z"}
{"@file":"src/psp/format_2025/operations.rs","@level":"debug","@line":60,"@message":"✅ Operations unpacked: count=8 operations=[255, 184, 72, 159, 177, 141, 148, 185]","@module":"flavor::psp::format_2025::operations","@pid":12772,"@timestamp":"2026-03-31T20:29:20.028899Z"}
{"@file":"src/psp/format_2025/reader.rs","@level":"debug","@line":102,"@message":"  metadata_offset: 0x0000000000000058 (88)","@module":"flavor::psp::format_2025::reader","@pid":12772,"@timestamp":"2026-03-31T20:29:20.029007Z"}
{"@file":"src/psp/format_2025/operations.rs","@level":"debug","@line":60,"@message":"✅ Operations unpacked: count=3 operations=[238, 251, 209]","@module":"flavor::psp::format_2025::operations","@pid":12772,"@timestamp":"2026-03-31T20:29:20.029099Z"}
{"@file":"src/psp/format_2025/reader.rs","@level":"debug","@line":106,"@message":"  metadata_size: 79 bytes","@module":"flavor::psp::format_2025::reader","@pid":12772,"@timestamp":"2026-03-31T20:29:20.029120Z"}
{"@file":"src/psp/format_2025/operations.rs","@level":"debug","@line":37,"@message":"✅ Operations packed: result=0","@module":"flavor::psp::format_2025::operations","@pid":12772,"@timestamp":"2026-03-31T20:29:20.029019Z"}
{"@file":"src/psp/format_2025/operations.rs","@level":"debug","@line":60,"@message":"✅ Operations unpacked: count=4 operations=[1, 108, 127, 147]","@module":"flavor::psp::format_2025::operations","@pid":12772,"@timestamp":"2026-03-31T20:29:20.029012Z"}
{"@file":"src/psp/format_2025/operations.rs","@level":"debug","@line":37,"@message":"✅ Operations packed: result=13761518","@module":"flavor::psp::format_2025::operations","@pid":12772,"@timestamp":"2026-03-31T20:29:20.029129Z"}
{"@file":"src/psp/format_2025/operations.rs","@level":"debug","@line":60,"@message":"✅ Operations unpacked: count=3 operations=[238, 251, 209]","@module":"flavor::psp::format_2025::operations","@pid":12772,"@timestamp":"2026-03-31T20:29:20.029215Z"}
{"@file":"src/psp/format_2025/operations.rs","@level":"debug","@line":37,"@message":"✅ Operations packed: result=3039621440","@module":"flavor::psp::format_2025::operations","@pid":12772,"@timestamp":"2026-03-31T20:29:20.029226Z"}
{"@file":"src/psp/format_2025/operations.rs","@level":"debug","@line":37,"@message":"✅ Operations packed: result=16","@module":"flavor::psp::format_2025::operations","@pid":12772,"@timestamp":"2026-03-31T20:29:20.029230Z"}
{"@file":"src/psp/format_2025/reader.rs","@level":"debug","@line":107,"@message":"  slot_table_offset: 0x0000000000000018","@module":"flavor::psp::format_2025::reader","@pid":12772,"@timestamp":"2026-03-31T20:29:20.029150Z"}
{"@file":"src/psp/format_2025/backends.rs","@level":"debug","@line":204,"@message":"📁 File backend opened /var/folders/sg/wy47gw996f78fznt898m8x540000gn/T/.tmpPxw4Qi (8363 bytes) in 88.375µs","@module":"flavor::psp::format_2025::backends","@pid":12772,"@timestamp":"2026-03-31T20:29:20.029295Z"}
test psp::format_2025::trust::tests::test_load_keys_from_dir_bad_pub_file_skipped ... {"@file":"src/psp/format_2025/operations.rs","@level":"debug","@line":60,"@message":"✅ Operations unpacked: count=8 operations=[180, 37, 129, 64, 127, 114, 108, 78]","@module":"flavor::psp::format_2025::operations","@pid":12772,"@timestamp":"2026-03-31T20:29:20.029270Z"}
ok{"@file":"src/psp/format_2025/reader.rs","@level":"debug","@line":108,"@message":"  slot_count: 1","@module":"flavor::psp::format_2025::reader","@pid":12772,"@timestamp":"2026-03-31T20:29:20.029340Z"}

{"@file":"src/psp/format_2025/reader.rs","@level":"debug","@line":274,"@message":"Trailer size: 8200, file size: 8363 bytes","@module":"flavor::psp::format_2025::reader","@pid":12772,"@timestamp":"2026-03-31T20:29:20.029348Z"}
{"@file":"src/psp/format_2025/operations.rs","@level":"debug","@line":60,"@message":"✅ Operations unpacked: count=4 operations=[64, 241, 44, 181]","@module":"flavor::psp::format_2025::operations","@pid":12772,"@timestamp":"2026-03-31T20:29:20.029261Z"}
{"@file":"src/psp/format_2025/index.rs","@level":"debug","@line":181,"@message":"Parsed metadata_offset: 0x0000000000000054 (84)","@module":"flavor::psp::format_2025::index","@pid":12772,"@timestamp":"2026-03-31T20:29:20.029385Z"}
{"@file":"src/psp/format_2025/operations.rs","@level":"debug","@line":37,"@message":"✅ Operations packed: result=5651017523311748532","@module":"flavor::psp::format_2025::operations","@pid":12772,"@timestamp":"2026-03-31T20:29:20.029359Z"}
{"@file":"src/psp/format_2025/index.rs","@level":"debug","@line":182,"@message":"Parsed metadata_size: 79 bytes","@module":"flavor::psp::format_2025::index","@pid":12772,"@timestamp":"2026-03-31T20:29:20.029420Z"}
{"@file":"src/psp/format_2025/operations.rs","@level":"debug","@line":37,"@message":"✅ Operations packed: result=485743","@module":"flavor::psp::format_2025::operations","@pid":12772,"@timestamp":"2026-03-31T20:29:20.029432Z"}
{"@file":"src/psp/format_2025/reader.rs","@level":"debug","@line":117,"@message":"Index loaded in 879.834µs","@module":"flavor::psp::format_2025::reader","@pid":12772,"@timestamp":"2026-03-31T20:29:20.029466Z"}
{"@file":"src/psp/format_2025/operations.rs","@level":"debug","@line":37,"@message":"✅ Operations packed: result=161416803974405","@module":"flavor::psp::format_2025::operations","@pid":12772,"@timestamp":"2026-03-31T20:29:20.029332Z"}
{"@file":"src/psp/format_2025/reader.rs","@level":"debug","@line":99,"@message":"Parsed index values:","@module":"flavor::psp::format_2025::reader","@pid":12772,"@timestamp":"2026-03-31T20:29:20.029444Z"}
{"@file":"src/psp/format_2025/reader.rs","@level":"debug","@line":100,"@message":"  package_size: 8363","@module":"flavor::psp::format_2025::reader","@pid":12772,"@timestamp":"2026-03-31T20:29:20.029543Z"}
{"@file":"src/psp/format_2025/operations.rs","@level":"debug","@line":60,"@message":"✅ Operations unpacked: count=8 operations=[180, 37, 129, 64, 127, 114, 108, 78]","@module":"flavor::psp::format_2025::operations","@pid":12772,"@timestamp":"2026-03-31T20:29:20.029436Z"}
{"@file":"src/psp/format_2025/reader.rs","@level":"debug","@line":297,"@message":"📊 Reading 1 slot descriptors from offset 0x18","@module":"flavor::psp::format_2025::reader","@pid":12772,"@timestamp":"2026-03-31T20:29:20.029502Z"}
{"@file":"src/psp/format_2025/operations.rs","@level":"debug","@line":60,"@message":"✅ Operations unpacked: count=3 operations=[111, 105, 7]","@module":"flavor::psp::format_2025::operations","@pid":12772,"@timestamp":"2026-03-31T20:29:20.029468Z"}
{"@file":"src/psp/format_2025/reader.rs","@level":"debug","@line":101,"@message":"  launcher_size: 0","@module":"flavor::psp::format_2025::reader","@pid":12772,"@timestamp":"2026-03-31T20:29:20.029567Z"}
{"@file":"src/psp/format_2025/operations.rs","@level":"debug","@line":60,"@message":"✅ Operations unpacked: count=8 operations=[137, 30, 119, 112, 125, 54, 214, 115]","@module":"flavor::psp::format_2025::operations","@pid":12772,"@timestamp":"2026-03-31T20:29:20.029619Z"}
{"@file":"src/psp/format_2025/operations.rs","@level":"debug","@line":37,"@message":"✅ Operations packed: result=20","@module":"flavor::psp::format_2025::operations","@pid":12772,"@timestamp":"2026-03-31T20:29:20.029581Z"}
{"@file":"src/psp/format_2025/operations.rs","@level":"debug","@line":37,"@message":"✅ Operations packed: result=43682","@module":"flavor::psp::format_2025::operations","@pid":12772,"@timestamp":"2026-03-31T20:29:20.029656Z"}
{"@file":"src/psp/format_2025/operations.rs","@level":"debug","@line":37,"@message":"✅ Operations packed: result=8346918871763459721","@module":"flavor::psp::format_2025::operations","@pid":12772,"@timestamp":"2026-03-31T20:29:20.029745Z"}
{"@file":"src/psp/format_2025/operations.rs","@level":"debug","@line":60,"@message":"✅ Operations unpacked: count=2 operations=[162, 170]","@module":"flavor::psp::format_2025::operations","@pid":12772,"@timestamp":"2026-03-31T20:29:20.029785Z"}
{"@file":"src/psp/format_2025/operations.rs","@level":"debug","@line":60,"@message":"✅ Operations unpacked: count=8 operations=[137, 30, 119, 112, 125, 54, 214, 115]","@module":"flavor::psp::format_2025::operations","@pid":12772,"@timestamp":"2026-03-31T20:29:20.029797Z"}
{"@file":"src/psp/format_2025/operations.rs","@level":"debug","@line":37,"@message":"✅ Operations packed: result=225298725441","@module":"flavor::psp::format_2025::operations","@pid":12772,"@timestamp":"2026-03-31T20:29:20.029815Z"}
{"@file":"src/psp/format_2025/reader.rs","@level":"debug","@line":102,"@message":"  metadata_offset: 0x0000000000000054 (84)","@module":"flavor::psp::format_2025::reader","@pid":12772,"@timestamp":"2026-03-31T20:29:20.029725Z"}
{"@file":"src/psp/format_2025/operations.rs","@level":"debug","@line":60,"@message":"✅ Operations unpacked: count=8 operations=[72, 118, 27, 177, 149, 192, 127, 34]","@module":"flavor::psp::format_2025::operations","@pid":12772,"@timestamp":"2026-03-31T20:29:20.029855Z"}
{"@file":"src/psp/format_2025/operations.rs","@level":"debug","@line":37,"@message":"✅ Operations packed: result=6575320","@module":"flavor::psp::format_2025::operations","@pid":12772,"@timestamp":"2026-03-31T20:29:20.029870Z"}
{"@file":"src/psp/format_2025/operations.rs","@level":"debug","@line":37,"@message":"✅ Operations packed: result=14543990","@module":"flavor::psp::format_2025::operations","@pid":12772,"@timestamp":"2026-03-31T20:29:20.029845Z"}
{"@file":"src/psp/format_2025/backends.rs","@level":"debug","@line":204,"@message":"📁 File backend opened /var/folders/sg/wy47gw996f78fznt898m8x540000gn/T/.tmpxoh2fB (8364 bytes) in 98.375µs","@module":"flavor::psp::format_2025::backends","@pid":12772,"@timestamp":"2026-03-31T20:29:20.029901Z"}
{"@file":"src/psp/format_2025/operations.rs","@level":"debug","@line":60,"@message":"✅ Operations unpacked: count=3 operations=[118, 236, 221]","@module":"flavor::psp::format_2025::operations","@pid":12772,"@timestamp":"2026-03-31T20:29:20.029921Z"}
{"@file":"src/psp/format_2025/operations.rs","@level":"debug","@line":37,"@message":"✅ Operations packed: result=13408322","@module":"flavor::psp::format_2025::operations","@pid":12772,"@timestamp":"2026-03-31T20:29:20.029929Z"}
{"@file":"src/psp/format_2025/reader.rs","@level":"debug","@line":106,"@message":"  metadata_size: 79 bytes","@module":"flavor::psp::format_2025::reader","@pid":12772,"@timestamp":"2026-03-31T20:29:20.029871Z"}
{"@file":"src/psp/format_2025/operations.rs","@level":"debug","@line":37,"@message":"✅ Operations packed: result=30511","@module":"flavor::psp::format_2025::operations","@pid":12772,"@timestamp":"2026-03-31T20:29:20.029989Z"}
{"@file":"src/psp/format_2025/reader.rs","@level":"debug","@line":274,"@message":"Trailer size: 8200, file size: 8364 bytes","@module":"flavor::psp::format_2025::reader","@pid":12772,"@timestamp":"2026-03-31T20:29:20.029949Z"}
{"@file":"src/psp/format_2025/operations.rs","@level":"debug","@line":60,"@message":"✅ Operations unpacked: count=2 operations=[47, 119]","@module":"flavor::psp::format_2025::operations","@pid":12772,"@timestamp":"2026-03-31T20:29:20.030022Z"}
{"@file":"src/psp/format_2025/index.rs","@level":"debug","@line":181,"@message":"Parsed metadata_offset: 0x0000000000000000 (0)","@module":"flavor::psp::format_2025::index","@pid":12772,"@timestamp":"2026-03-31T20:29:20.030040Z"}
{"@file":"src/psp/format_2025/backends.rs","@level":"debug","@line":204,"@message":"📁 File backend opened /var/folders/sg/wy47gw996f78fznt898m8x540000gn/T/.tmpG2yjGq (8279 bytes) in 70.333µs","@module":"flavor::psp::format_2025::backends","@pid":12772,"@timestamp":"2026-03-31T20:29:20.029999Z"}
{"@file":"src/psp/format_2025/operations.rs","@level":"debug","@line":37,"@message":"✅ Operations packed: result=55","@module":"flavor::psp::format_2025::operations","@pid":12772,"@timestamp":"2026-03-31T20:29:20.030080Z"}
{"@file":"src/psp/format_2025/operations.rs","@level":"debug","@line":37,"@message":"✅ Operations packed: result=594722221155","@module":"flavor::psp::format_2025::operations","@pid":12772,"@timestamp":"2026-03-31T20:29:20.029993Z"}
test psp::format_2025::verifier::tests::test_attestation_sbom_digest_absent_skipped ... {"@file":"src/psp/format_2025/operations.rs","@level":"debug","@line":60,"@message":"✅ Operations unpacked: count=1 operations=[55]","@module":"flavor::psp::format_2025::operations","@pid":12772,"@timestamp":"2026-03-31T20:29:20.030114Z"}
ok
{"@file":"src/psp/format_2025/index.rs","@level":"debug","@line":182,"@message":"Parsed metadata_size: 164 bytes","@module":"flavor::psp::format_2025::index","@pid":12772,"@timestamp":"2026-03-31T20:29:20.030086Z"}
{"@file":"src/psp/format_2025/reader.rs","@level":"debug","@line":107,"@message":"  slot_table_offset: 0x0000000000000014","@module":"flavor::psp::format_2025::reader","@pid":12772,"@timestamp":"2026-03-31T20:29:20.030014Z"}
{"@file":"src/psp/format_2025/reader.rs","@level":"debug","@line":99,"@message":"Parsed index values:","@module":"flavor::psp::format_2025::reader","@pid":12772,"@timestamp":"2026-03-31T20:29:20.030187Z"}
{"@file":"src/psp/format_2025/reader.rs","@level":"debug","@line":274,"@message":"Trailer size: 8200, file size: 8279 bytes","@module":"flavor::psp::format_2025::reader","@pid":12772,"@timestamp":"2026-03-31T20:29:20.030116Z"}
{"@file":"src/psp/format_2025/reader.rs","@level":"debug","@line":108,"@message":"  slot_count: 1","@module":"flavor::psp::format_2025::reader","@pid":12772,"@timestamp":"2026-03-31T20:29:20.030204Z"}
{"@file":"src/psp/format_2025/backends.rs","@level":"debug","@line":204,"@message":"📁 File backend opened /var/folders/sg/wy47gw996f78fznt898m8x540000gn/T/.tmpHXZjHi (8364 bytes) in 82.875µs","@module":"flavor::psp::format_2025::backends","@pid":12772,"@timestamp":"2026-03-31T20:29:20.030227Z"}
{"@file":"src/psp/format_2025/operations.rs","@level":"debug","@line":37,"@message":"✅ Operations packed: result=2485917268485830216","@module":"flavor::psp::format_2025::operations","@pid":12772,"@timestamp":"2026-03-31T20:29:20.029886Z"}
{"@file":"src/psp/format_2025/reader.rs","@level":"debug","@line":100,"@message":"  package_size: 8364","@module":"flavor::psp::format_2025::reader","@pid":12772,"@timestamp":"2026-03-31T20:29:20.030219Z"}
{"@file":"src/psp/format_2025/reader.rs","@level":"debug","@line":274,"@message":"Trailer size: 8200, file size: 8364 bytes","@module":"flavor::psp::format_2025::reader","@pid":12772,"@timestamp":"2026-03-31T20:29:20.030278Z"}
{"@file":"src/psp/format_2025/reader.rs","@level":"debug","@line":101,"@message":"  launcher_size: 0","@module":"flavor::psp::format_2025::reader","@pid":12772,"@timestamp":"2026-03-31T20:29:20.030295Z"}
{"@file":"src/psp/format_2025/operations.rs","@level":"debug","@line":37,"@message":"✅ Operations packed: result=186674622072","@module":"flavor::psp::format_2025::operations","@pid":12772,"@timestamp":"2026-03-31T20:29:20.030179Z"}
{"@file":"src/psp/format_2025/reader.rs","@level":"debug","@line":102,"@message":"  metadata_offset: 0x0000000000000000 (0)","@module":"flavor::psp::format_2025::reader","@pid":12772,"@timestamp":"2026-03-31T20:29:20.030323Z"}
{"@file":"src/psp/format_2025/operations.rs","@level":"debug","@line":60,"@message":"✅ Operations unpacked: count=8 operations=[72, 118, 27, 177, 149, 192, 127, 34]","@module":"flavor::psp::format_2025::operations","@pid":12772,"@timestamp":"2026-03-31T20:29:20.030282Z"}
{"@file":"src/psp/format_2025/operations.rs","@level":"debug","@line":60,"@message":"✅ Operations unpacked: count=5 operations=[120, 174, 172, 118, 43]","@module":"flavor::psp::format_2025::operations","@pid":12772,"@timestamp":"2026-03-31T20:29:20.030343Z"}
{"@file":"src/psp/format_2025/index.rs","@level":"debug","@line":181,"@message":"Parsed metadata_offset: 0x0000000000000055 (85)","@module":"flavor::psp::format_2025::index","@pid":12772,"@timestamp":"2026-03-31T20:29:20.030314Z"}
{"@file":"src/psp/format_2025/reader.rs","@level":"debug","@line":117,"@message":"Index loaded in 980.583µs","@module":"flavor::psp::format_2025::reader","@pid":12772,"@timestamp":"2026-03-31T20:29:20.030318Z"}
{"@file":"src/psp/format_2025/operations.rs","@level":"debug","@line":60,"@message":"✅ Operations unpacked: count=8 operations=[208, 181, 50, 232, 128, 176, 237, 41]","@module":"flavor::psp::format_2025::operations","@pid":12772,"@timestamp":"2026-03-31T20:29:20.030391Z"}
{"@file":"src/psp/format_2025/operations.rs","@level":"debug","@line":37,"@message":"✅ Operations packed: result=13214739607048662","@module":"flavor::psp::format_2025::operations","@pid":12772,"@timestamp":"2026-03-31T20:29:20.030160Z"}
{"@file":"src/psp/format_2025/reader.rs","@level":"debug","@line":106,"@message":"  metadata_size: 164 bytes","@module":"flavor::psp::format_2025::reader","@pid":12772,"@timestamp":"2026-03-31T20:29:20.030351Z"}
{"@file":"src/psp/format_2025/backends.rs","@level":"debug","@line":204,"@message":"📁 File backend opened /var/folders/sg/wy47gw996f78fznt898m8x540000gn/T/.tmpX8Pxo3 (8352 bytes) in 96.541µs","@module":"flavor::psp::format_2025::backends","@pid":12772,"@timestamp":"2026-03-31T20:29:20.030346Z"}
{"@file":"src/psp/format_2025/reader.rs","@level":"debug","@line":107,"@message":"  slot_table_offset: 0x0000000000000000","@module":"flavor::psp::format_2025::reader","@pid":12772,"@timestamp":"2026-03-31T20:29:20.030454Z"}
{"@file":"src/psp/format_2025/operations.rs","@level":"debug","@line":37,"@message":"✅ Operations packed: result=378388581530","@module":"flavor::psp::format_2025::operations","@pid":12772,"@timestamp":"2026-03-31T20:29:20.030464Z"}
{"@file":"src/psp/format_2025/reader.rs","@level":"debug","@line":108,"@message":"  slot_count: 0","@module":"flavor::psp::format_2025::reader","@pid":12772,"@timestamp":"2026-03-31T20:29:20.030482Z"}
{"@file":"src/psp/format_2025/reader.rs","@level":"debug","@line":274,"@message":"Trailer size: 8200, file size: 8352 bytes","@module":"flavor::psp::format_2025::reader","@pid":12772,"@timestamp":"2026-03-31T20:29:20.030489Z"}
{"@file":"src/psp/format_2025/operations.rs","@level":"debug","@line":37,"@message":"✅ Operations packed: result=3021264992733410768","@module":"flavor::psp::format_2025::operations","@pid":12772,"@timestamp":"2026-03-31T20:29:20.030422Z"}
{"@file":"src/psp/format_2025/reader.rs","@level":"debug","@line":297,"@message":"📊 Reading 1 slot descriptors from offset 0x14","@module":"flavor::psp::format_2025::reader","@pid":12772,"@timestamp":"2026-03-31T20:29:20.030426Z"}
{"@file":"src/psp/format_2025/operations.rs","@level":"debug","@line":37,"@message":"✅ Operations packed: result=21834678576028924","@module":"flavor::psp::format_2025::operations","@pid":12772,"@timestamp":"2026-03-31T20:29:20.030528Z"}
{"@file":"src/psp/format_2025/backends.rs","@level":"debug","@line":204,"@message":"📁 File backend opened /var/folders/sg/wy47gw996f78fznt898m8x540000gn/T/.tmp6rr0gB (8329 bytes) in 100.042µs","@module":"flavor::psp::format_2025::backends","@pid":12772,"@timestamp":"2026-03-31T20:29:20.030338Z"}
{"@file":"src/psp/format_2025/index.rs","@level":"debug","@line":182,"@message":"Parsed metadata_size: 79 bytes","@module":"flavor::psp::format_2025::index","@pid":12772,"@timestamp":"2026-03-31T20:29:20.030395Z"}
{"@file":"src/psp/format_2025/backends.rs","@level":"debug","@line":204,"@message":"📁 File backend opened /var/folders/sg/wy47gw996f78fznt898m8x540000gn/T/.tmpgh2eYI (8329 bytes) in 83.375µs","@module":"flavor::psp::format_2025::backends","@pid":12772,"@timestamp":"2026-03-31T20:29:20.030392Z"}
{"@file":"src/psp/format_2025/reader.rs","@level":"debug","@line":99,"@message":"Parsed index values:","@module":"flavor::psp::format_2025::reader","@pid":12772,"@timestamp":"2026-03-31T20:29:20.030611Z"}
test psp::format_2025::launcher::filesystem::tests::fix_shebangs_rewrites_matching_scripts_only ... {"@file":"src/psp/format_2025/index.rs","@level":"debug","@line":181,"@message":"Parsed metadata_offset: 0x0000000000000000 (0)","@module":"flavor::psp::format_2025::index","@pid":12772,"@timestamp":"2026-03-31T20:29:20.030522Z"}
ok{"@file":"src/psp/format_2025/reader.rs","@level":"debug","@line":100,"@message":"  package_size: 8364","@module":"flavor::psp::format_2025::reader","@pid":12772,"@timestamp":"2026-03-31T20:29:20.030638Z"}

{"@file":"src/psp/format_2025/index.rs","@level":"debug","@line":182,"@message":"Parsed metadata_size: 152 bytes","@module":"flavor::psp::format_2025::index","@pid":12772,"@timestamp":"2026-03-31T20:29:20.030653Z"}
{"@file":"src/psp/format_2025/reader.rs","@level":"debug","@line":101,"@message":"  launcher_size: 0","@module":"flavor::psp::format_2025::reader","@pid":12772,"@timestamp":"2026-03-31T20:29:20.030663Z"}
{"@file":"src/psp/format_2025/reader.rs","@level":"debug","@line":274,"@message":"Trailer size: 8200, file size: 8329 bytes","@module":"flavor::psp::format_2025::reader","@pid":12772,"@timestamp":"2026-03-31T20:29:20.030594Z"}
{"@file":"src/psp/format_2025/reader.rs","@level":"debug","@line":117,"@message":"Index loaded in 639.291µs","@module":"flavor::psp::format_2025::reader","@pid":12772,"@timestamp":"2026-03-31T20:29:20.030576Z"}
test psp::format_2025::execution::validation::tests::check_workenv_validity_requires_complete_marker_and_matching_checksum ... ok
{"@file":"src/psp/format_2025/reader.rs","@level":"debug","@line":141,"@message":"📖 Reading metadata from offset 0x0, size 164 bytes","@module":"flavor::psp::format_2025::reader","@pid":12772,"@timestamp":"2026-03-31T20:29:20.030749Z"}
{"@file":"src/psp/format_2025/reader.rs","@level":"debug","@line":274,"@message":"Trailer size: 8200, file size: 8329 bytes","@module":"flavor::psp::format_2025::reader","@pid":12772,"@timestamp":"2026-03-31T20:29:20.030635Z"}
{"@file":"src/psp/format_2025/operations.rs","@level":"debug","@line":37,"@message":"✅ Operations packed: result=20922802482450118","@module":"flavor::psp::format_2025::operations","@pid":12772,"@timestamp":"2026-03-31T20:29:20.030424Z"}
test psp::format_2025::verifier::tests::test_attestation_sbom_digest_match ... {"@file":"src/psp/format_2025/operations.rs","@level":"debug","@line":60,"@message":"✅ Operations unpacked: count=8 operations=[208, 181, 50, 232, 128, 176, 237, 41]","@module":"flavor::psp::format_2025::operations","@pid":12772,"@timestamp":"2026-03-31T20:29:20.030534Z"}
ok{"@file":"src/psp/format_2025/operations.rs","@level":"debug","@line":60,"@message":"✅ Operations unpacked: count=7 operations=[198, 14, 172, 145, 45, 85, 74]","@module":"flavor::psp::format_2025::operations","@pid":12772,"@timestamp":"2026-03-31T20:29:20.030809Z"}

{"@file":"src/psp/format_2025/reader.rs","@level":"debug","@line":102,"@message":"  metadata_offset: 0x0000000000000055 (85)","@module":"flavor::psp::format_2025::reader","@pid":12772,"@timestamp":"2026-03-31T20:29:20.030682Z"}
{"@file":"src/psp/format_2025/operations.rs","@level":"debug","@line":37,"@message":"✅ Operations packed: result=13253952864310172","@module":"flavor::psp::format_2025::operations","@pid":12772,"@timestamp":"2026-03-31T20:29:20.030597Z"}
{"@file":"src/psp/format_2025/reader.rs","@level":"debug","@line":106,"@message":"  metadata_size: 79 bytes","@module":"flavor::psp::format_2025::reader","@pid":12772,"@timestamp":"2026-03-31T20:29:20.030894Z"}
{"@file":"src/psp/format_2025/operations.rs","@level":"debug","@line":37,"@message":"✅ Operations packed: result=1816197297","@module":"flavor::psp::format_2025::operations","@pid":12772,"@timestamp":"2026-03-31T20:29:20.030905Z"}
{"@file":"src/psp/format_2025/index.rs","@level":"debug","@line":181,"@message":"Parsed metadata_offset: 0x0000000000000000 (0)","@module":"flavor::psp::format_2025::index","@pid":12772,"@timestamp":"2026-03-31T20:29:20.030236Z"}
{"@file":"src/psp/format_2025/reader.rs","@level":"debug","@line":99,"@message":"Parsed index values:","@module":"flavor::psp::format_2025::reader","@pid":12772,"@timestamp":"2026-03-31T20:29:20.030681Z"}
{"@file":"src/psp/format_2025/operations.rs","@level":"debug","@line":60,"@message":"✅ Operations unpacked: count=8 operations=[74, 101, 118, 169, 85, 172, 35, 194]","@module":"flavor::psp::format_2025::operations","@pid":12772,"@timestamp":"2026-03-31T20:29:20.030854Z"}
{"@file":"src/psp/format_2025/operations.rs","@level":"debug","@line":37,"@message":"✅ Operations packed: result=7607416757806846084","@module":"flavor::psp::format_2025::operations","@pid":12772,"@timestamp":"2026-03-31T20:29:20.030955Z"}
{"@file":"src/psp/format_2025/index.rs","@level":"debug","@line":181,"@message":"Parsed metadata_offset: 0x0000000000000000 (0)","@module":"flavor::psp::format_2025::index","@pid":12772,"@timestamp":"2026-03-31T20:29:20.030798Z"}
{"@file":"src/psp/format_2025/reader.rs","@level":"debug","@line":107,"@message":"  slot_table_offset: 0x0000000000000015","@module":"flavor::psp::format_2025::reader","@pid":12772,"@timestamp":"2026-03-31T20:29:20.030921Z"}
{"@file":"src/psp/format_2025/index.rs","@level":"debug","@line":182,"@message":"Parsed metadata_size: 129 bytes","@module":"flavor::psp::format_2025::index","@pid":12772,"@timestamp":"2026-03-31T20:29:20.030987Z"}
{"@file":"src/psp/format_2025/reader.rs","@level":"debug","@line":108,"@message":"  slot_count: 1","@module":"flavor::psp::format_2025::reader","@pid":12772,"@timestamp":"2026-03-31T20:29:20.030997Z"}
{"@file":"src/psp/format_2025/reader.rs","@level":"debug","@line":100,"@message":"  package_size: 8352","@module":"flavor::psp::format_2025::reader","@pid":12772,"@timestamp":"2026-03-31T20:29:20.030956Z"}
{"@file":"src/psp/format_2025/reader.rs","@level":"debug","@line":99,"@message":"Parsed index values:","@module":"flavor::psp::format_2025::reader","@pid":12772,"@timestamp":"2026-03-31T20:29:20.031014Z"}
{"@file":"src/psp/format_2025/index.rs","@level":"debug","@line":181,"@message":"Parsed metadata_offset: 0x0000000000000000 (0)","@module":"flavor::psp::format_2025::index","@pid":12772,"@timestamp":"2026-03-31T20:29:20.030693Z"}
{"@file":"src/psp/format_2025/operations.rs","@level":"debug","@line":60,"@message":"✅ Operations unpacked: count=4 operations=[177, 248, 64, 108]","@module":"flavor::psp::format_2025::operations","@pid":12772,"@timestamp":"2026-03-31T20:29:20.030929Z"}
{"@file":"src/psp/format_2025/index.rs","@level":"debug","@line":182,"@message":"Parsed metadata_size: 129 bytes","@module":"flavor::psp::format_2025::index","@pid":12772,"@timestamp":"2026-03-31T20:29:20.031054Z"}
{"@file":"src/psp/format_2025/operations.rs","@level":"debug","@line":37,"@message":"✅ Operations packed: result=123296256969864","@module":"flavor::psp::format_2025::operations","@pid":12772,"@timestamp":"2026-03-31T20:29:20.031009Z"}
test psp::format_2025::launcher::filesystem::tests::copy_dir_all_recursively_copies_tree ... {"@file":"src/psp/format_2025/reader.rs","@level":"debug","@line":117,"@message":"Index loaded in 824.042µs","@module":"flavor::psp::format_2025::reader","@pid":12772,"@timestamp":"2026-03-31T20:29:20.031085Z"}
ok{"@file":"src/psp/format_2025/reader.rs","@level":"debug","@line":99,"@message":"Parsed index values:","@module":"flavor::psp::format_2025::reader","@pid":12772,"@timestamp":"2026-03-31T20:29:20.031095Z"}

{"@file":"src/psp/format_2025/reader.rs","@level":"debug","@line":297,"@message":"📊 Reading 1 slot descriptors from offset 0x15","@module":"flavor::psp::format_2025::reader","@pid":12772,"@timestamp":"2026-03-31T20:29:20.031116Z"}
{"@file":"src/psp/format_2025/index.rs","@level":"debug","@line":182,"@message":"Parsed metadata_size: 79 bytes","@module":"flavor::psp::format_2025::index","@pid":12772,"@timestamp":"2026-03-31T20:29:20.030942Z"}
{"@file":"src/psp/format_2025/operations.rs","@level":"debug","@line":37,"@message":"✅ Operations packed: result=488053164","@module":"flavor::psp::format_2025::operations","@pid":12772,"@timestamp":"2026-03-31T20:29:20.031138Z"}
{"@file":"src/psp/format_2025/operations.rs","@level":"debug","@line":37,"@message":"✅ Operations packed: result=13989214351458198858","@module":"flavor::psp::format_2025::operations","@pid":12772,"@timestamp":"2026-03-31T20:29:20.030970Z"}
{"@file":"src/psp/format_2025/operations.rs","@level":"debug","@line":37,"@message":"✅ Operations packed: result=3530338008","@module":"flavor::psp::format_2025::operations","@pid":12772,"@timestamp":"2026-03-31T20:29:20.031102Z"}
{"@file":"src/psp/format_2025/reader.rs","@level":"debug","@line":101,"@message":"  launcher_size: 0","@module":"flavor::psp::format_2025::reader","@pid":12772,"@timestamp":"2026-03-31T20:29:20.031029Z"}
{"@file":"src/psp/format_2025/operations.rs","@level":"debug","@line":37,"@message":"✅ Operations packed: result=1501330655149886","@module":"flavor::psp::format_2025::operations","@pid":12772,"@timestamp":"2026-03-31T20:29:20.031198Z"}
{"@file":"src/psp/format_2025/reader.rs","@level":"debug","@line":100,"@message":"  package_size: 8329","@module":"flavor::psp::format_2025::reader","@pid":12772,"@timestamp":"2026-03-31T20:29:20.031036Z"}
{"@file":"src/psp/format_2025/reader.rs","@level":"debug","@line":233,"@message":"✅ Successfully parsed metadata for test v0.0.1","@module":"flavor::psp::format_2025::reader","@pid":12772,"@timestamp":"2026-03-31T20:29:20.031083Z"}
{"@file":"src/psp/format_2025/operations.rs","@level":"debug","@line":37,"@message":"✅ Operations packed: result=48149856356","@module":"flavor::psp::format_2025::operations","@pid":12772,"@timestamp":"2026-03-31T20:29:20.031255Z"}
{"@file":"src/psp/format_2025/operations.rs","@level":"debug","@line":60,"@message":"✅ Operations unpacked: count=4 operations=[216, 174, 108, 210]","@module":"flavor::psp::format_2025::operations","@pid":12772,"@timestamp":"2026-03-31T20:29:20.031200Z"}
{"@file":"src/psp/format_2025/operations.rs","@level":"debug","@line":60,"@message":"✅ Operations unpacked: count=8 operations=[74, 101, 118, 169, 85, 172, 35, 194]","@module":"flavor::psp::format_2025::operations","@pid":12772,"@timestamp":"2026-03-31T20:29:20.031187Z"}
test psp::format_2025::verifier::tests::test_attestation_sbom_digest_mismatch ... {"@file":"src/psp/format_2025/reader.rs","@level":"debug","@line":100,"@message":"  package_size: 8329","@module":"flavor::psp::format_2025::reader","@pid":12772,"@timestamp":"2026-03-31T20:29:20.031128Z"}
ok
{"@file":"src/psp/format_2025/operations.rs","@level":"debug","@line":37,"@message":"✅ Operations packed: result=11020507244755153080","@module":"flavor::psp::format_2025::operations","@pid":12772,"@timestamp":"2026-03-31T20:29:20.031325Z"}
{"@file":"src/psp/format_2025/reader.rs","@level":"debug","@line":101,"@message":"  launcher_size: 0","@module":"flavor::psp::format_2025::reader","@pid":12772,"@timestamp":"2026-03-31T20:29:20.031339Z"}
{"@file":"src/psp/format_2025/reader.rs","@level":"debug","@line":101,"@message":"  launcher_size: 0","@module":"flavor::psp::format_2025::reader","@pid":12772,"@timestamp":"2026-03-31T20:29:20.031240Z"}
{"@file":"src/psp/format_2025/operations.rs","@level":"debug","@line":60,"@message":"✅ Operations unpacked: count=8 operations=[184, 240, 63, 48, 243, 180, 240, 152]","@module":"flavor::psp::format_2025::operations","@pid":12772,"@timestamp":"2026-03-31T20:29:20.031357Z"}
{"@file":"src/psp/format_2025/operations.rs","@level":"debug","@line":37,"@message":"✅ Operations packed: result=0","@module":"flavor::psp::format_2025::operations","@pid":12772,"@timestamp":"2026-03-31T20:29:20.031310Z"}
{"@file":"src/psp/format_2025/operations.rs","@level":"debug","@line":60,"@message":"✅ Operations unpacked: count=8 operations=[255, 236, 139, 231, 228, 126, 143, 144]","@module":"flavor::psp::format_2025::operations","@pid":12772,"@timestamp":"2026-03-31T20:29:20.031346Z"}
{"@file":"src/psp/format_2025/reader.rs","@level":"debug","@line":99,"@message":"Parsed index values:","@module":"flavor::psp::format_2025::reader","@pid":12772,"@timestamp":"2026-03-31T20:29:20.031163Z"}
test psp::format_2025::verifier::tests::test_verify_attestation_policy_hash_match ... {"@file":"src/psp/format_2025/operations.rs","@level":"debug","@line":37,"@message":"✅ Operations packed: result=10416683984733596927","@module":"flavor::psp::format_2025::operations","@pid":12772,"@timestamp":"2026-03-31T20:29:20.031429Z"}
ok
{"@file":"src/psp/format_2025/reader.rs","@level":"debug","@line":102,"@message":"  metadata_offset: 0x0000000000000000 (0)","@module":"flavor::psp::format_2025::reader","@pid":12772,"@timestamp":"2026-03-31T20:29:20.031216Z"}
{"@file":"src/psp/format_2025/operations.rs","@level":"debug","@line":60,"@message":"✅ Operations unpacked: count=8 operations=[255, 236, 139, 231, 228, 126, 143, 144]","@module":"flavor::psp::format_2025::operations","@pid":12772,"@timestamp":"2026-03-31T20:29:20.031467Z"}
{"@file":"src/psp/format_2025/reader.rs","@level":"debug","@line":106,"@message":"  metadata_size: 152 bytes","@module":"flavor::psp::format_2025::reader","@pid":12772,"@timestamp":"2026-03-31T20:29:20.031484Z"}
{"@file":"src/psp/format_2025/reader.rs","@level":"debug","@line":102,"@message":"  metadata_offset: 0x0000000000000000 (0)","@module":"flavor::psp::format_2025::reader","@pid":12772,"@timestamp":"2026-03-31T20:29:20.031364Z"}
{"@file":"src/psp/format_2025/reader.rs","@level":"debug","@line":107,"@message":"  slot_table_offset: 0x0000000000000000","@module":"flavor::psp::format_2025::reader","@pid":12772,"@timestamp":"2026-03-31T20:29:20.031514Z"}
{"@file":"src/psp/format_2025/reader.rs","@level":"debug","@line":106,"@message":"  metadata_size: 129 bytes","@module":"flavor::psp::format_2025::reader","@pid":12772,"@timestamp":"2026-03-31T20:29:20.031528Z"}
{"@file":"src/psp/format_2025/operations.rs","@level":"debug","@line":60,"@message":"✅ Operations unpacked: count=8 operations=[155, 243, 84, 213, 192, 93, 98, 37]","@module":"flavor::psp::format_2025::operations","@pid":12772,"@timestamp":"2026-03-31T20:29:20.031530Z"}
{"@file":"src/psp/format_2025/reader.rs","@level":"debug","@line":107,"@message":"  slot_table_offset: 0x0000000000000000","@module":"flavor::psp::format_2025::reader","@pid":12772,"@timestamp":"2026-03-31T20:29:20.031554Z"}
{"@file":"src/psp/format_2025/operations.rs","@level":"debug","@line":37,"@message":"✅ Operations packed: result=2693818609915196315","@module":"flavor::psp::format_2025::operations","@pid":12772,"@timestamp":"2026-03-31T20:29:20.031565Z"}
{"@file":"src/psp/format_2025/reader.rs","@level":"debug","@line":100,"@message":"  package_size: 8279","@module":"flavor::psp::format_2025::reader","@pid":12772,"@timestamp":"2026-03-31T20:29:20.031445Z"}
{"@file":"src/psp/format_2025/reader.rs","@level":"debug","@line":108,"@message":"  slot_count: 0","@module":"flavor::psp::format_2025::reader","@pid":12772,"@timestamp":"2026-03-31T20:29:20.031540Z"}
{"@file":"src/psp/format_2025/reader.rs","@level":"debug","@line":101,"@message":"  launcher_size: 0","@module":"flavor::psp::format_2025::reader","@pid":12772,"@timestamp":"2026-03-31T20:29:20.031620Z"}
{"@file":"src/psp/format_2025/reader.rs","@level":"debug","@line":102,"@message":"  metadata_offset: 0x0000000000000000 (0)","@module":"flavor::psp::format_2025::reader","@pid":12772,"@timestamp":"2026-03-31T20:29:20.031383Z"}
{"@file":"src/psp/format_2025/reader.rs","@level":"debug","@line":102,"@message":"  metadata_offset: 0x0000000000000000 (0)","@module":"flavor::psp::format_2025::reader","@pid":12772,"@timestamp":"2026-03-31T20:29:20.031648Z"}
{"@file":"src/psp/format_2025/reader.rs","@level":"debug","@line":108,"@message":"  slot_count: 0","@module":"flavor::psp::format_2025::reader","@pid":12772,"@timestamp":"2026-03-31T20:29:20.031590Z"}
{"@file":"src/psp/format_2025/reader.rs","@level":"debug","@line":106,"@message":"  metadata_size: 79 bytes","@module":"flavor::psp::format_2025::reader","@pid":12772,"@timestamp":"2026-03-31T20:29:20.031672Z"}
{"@file":"src/psp/format_2025/operations.rs","@level":"debug","@line":37,"@message":"✅ Operations packed: result=35951664267953427","@module":"flavor::psp::format_2025::operations","@pid":12772,"@timestamp":"2026-03-31T20:29:20.031420Z"}
{"@file":"src/psp/format_2025/operations.rs","@level":"debug","@line":37,"@message":"✅ Operations packed: result=14804","@module":"flavor::psp::format_2025::operations","@pid":12772,"@timestamp":"2026-03-31T20:29:20.031438Z"}
{"@file":"src/psp/format_2025/reader.rs","@level":"debug","@line":117,"@message":"Index loaded in 1.247291ms","@module":"flavor::psp::format_2025::reader","@pid":12772,"@timestamp":"2026-03-31T20:29:20.031722Z"}
{"@file":"src/psp/format_2025/operations.rs","@level":"debug","@line":60,"@message":"✅ Operations unpacked: count=7 operations=[19, 133, 198, 33, 217, 185, 127]","@module":"flavor::psp::format_2025::operations","@pid":12772,"@timestamp":"2026-03-31T20:29:20.031727Z"}
{"@file":"src/psp/format_2025/reader.rs","@level":"debug","@line":141,"@message":"📖 Reading metadata from offset 0x0, size 152 bytes","@module":"flavor::psp::format_2025::reader","@pid":12772,"@timestamp":"2026-03-31T20:29:20.031748Z"}
{"@file":"src/psp/format_2025/reader.rs","@level":"debug","@line":106,"@message":"  metadata_size: 129 bytes","@module":"flavor::psp::format_2025::reader","@pid":12772,"@timestamp":"2026-03-31T20:29:20.031664Z"}
{"@file":"src/psp/format_2025/operations.rs","@level":"debug","@line":60,"@message":"✅ Operations unpacked: count=8 operations=[155, 243, 84, 213, 192, 93, 98, 37]","@module":"flavor::psp::format_2025::operations","@pid":12772,"@timestamp":"2026-03-31T20:29:20.031598Z"}
{"@file":"src/psp/format_2025/reader.rs","@level":"debug","@line":107,"@message":"  slot_table_offset: 0x0000000000000000","@module":"flavor::psp::format_2025::reader","@pid":12772,"@timestamp":"2026-03-31T20:29:20.031801Z"}
{"@file":"src/psp/format_2025/reader.rs","@level":"debug","@line":107,"@message":"  slot_table_offset: 0x0000000000000000","@module":"flavor::psp::format_2025::reader","@pid":12772,"@timestamp":"2026-03-31T20:29:20.031700Z"}
{"@file":"src/psp/format_2025/operations.rs","@level":"debug","@line":37,"@message":"✅ Operations packed: result=1385459352124665489","@module":"flavor::psp::format_2025::operations","@pid":12772,"@timestamp":"2026-03-31T20:29:20.031773Z"}
{"@file":"src/psp/format_2025/operations.rs","@level":"debug","@line":60,"@message":"✅ Operations unpacked: count=7 operations=[224, 206, 235, 206, 231, 82, 104]","@module":"flavor::psp::format_2025::operations","@pid":12772,"@timestamp":"2026-03-31T20:29:20.031848Z"}
{"@file":"src/psp/format_2025/reader.rs","@level":"debug","@line":117,"@message":"Index loaded in 1.166417ms","@module":"flavor::psp::format_2025::reader","@pid":12772,"@timestamp":"2026-03-31T20:29:20.031753Z"}
{"@file":"src/psp/format_2025/operations.rs","@level":"debug","@line":37,"@message":"✅ Operations packed: result=29364553140391648","@module":"flavor::psp::format_2025::operations","@pid":12772,"@timestamp":"2026-03-31T20:29:20.031881Z"}
{"@file":"src/psp/format_2025/reader.rs","@level":"debug","@line":108,"@message":"  slot_count: 0","@module":"flavor::psp::format_2025::reader","@pid":12772,"@timestamp":"2026-03-31T20:29:20.031849Z"}
{"@file":"src/psp/format_2025/operations.rs","@level":"debug","@line":60,"@message":"✅ Operations unpacked: count=7 operations=[224, 206, 235, 206, 231, 82, 104]","@module":"flavor::psp::format_2025::operations","@pid":12772,"@timestamp":"2026-03-31T20:29:20.031912Z"}
{"@file":"src/psp/format_2025/reader.rs","@level":"debug","@line":108,"@message":"  slot_count: 0","@module":"flavor::psp::format_2025::reader","@pid":12772,"@timestamp":"2026-03-31T20:29:20.031831Z"}
{"@file":"src/psp/format_2025/reader.rs","@level":"debug","@line":233,"@message":"✅ Successfully parsed metadata for test v0.0.1","@module":"flavor::psp::format_2025::reader","@pid":12772,"@timestamp":"2026-03-31T20:29:20.031885Z"}
{"@file":"src/psp/format_2025/operations.rs","@level":"debug","@line":37,"@message":"✅ Operations packed: result=0","@module":"flavor::psp::format_2025::operations","@pid":12772,"@timestamp":"2026-03-31T20:29:20.031902Z"}
{"@file":"src/psp/format_2025/operations.rs","@level":"debug","@line":60,"@message":"✅ Operations unpacked: count=8 operations=[5, 124, 125, 26, 38, 42, 13, 21]","@module":"flavor::psp::format_2025::operations","@pid":12772,"@timestamp":"2026-03-31T20:29:20.031965Z"}
{"@file":"src/psp/format_2025/operations.rs","@level":"debug","@line":37,"@message":"✅ Operations packed: result=27292","@module":"flavor::psp::format_2025::operations","@pid":12772,"@timestamp":"2026-03-31T20:29:20.031790Z"}
{"@file":"src/psp/format_2025/reader.rs","@level":"debug","@line":117,"@message":"Index loaded in 1.887667ms","@module":"flavor::psp::format_2025::reader","@pid":12772,"@timestamp":"2026-03-31T20:29:20.031993Z"}
test psp::format_2025::verifier::tests::test_verify_attestation_policy_hash_zero_field_skip ... {"@file":"src/psp/format_2025/operations.rs","@level":"debug","@line":37,"@message":"✅ Operations packed: result=3886556597","@module":"flavor::psp::format_2025::operations","@pid":12772,"@timestamp":"2026-03-31T20:29:20.032015Z"}
ok{"@file":"src/psp/format_2025/reader.rs","@level":"debug","@line":297,"@message":"📊 Reading 0 slot descriptors from offset 0x0","@module":"flavor::psp::format_2025::reader","@pid":12772,"@timestamp":"2026-03-31T20:29:20.032038Z"}

{"@file":"src/psp/format_2025/operations.rs","@level":"debug","@line":60,"@message":"✅ Operations unpacked: count=2 operations=[156, 106]","@module":"flavor::psp::format_2025::operations","@pid":12772,"@timestamp":"2026-03-31T20:29:20.032019Z"}
{"@file":"src/psp/format_2025/operations.rs","@level":"debug","@line":37,"@message":"✅ Operations packed: result=1516914992635280389","@module":"flavor::psp::format_2025::operations","@pid":12772,"@timestamp":"2026-03-31T20:29:20.031998Z"}
{"@file":"src/psp/format_2025/operations.rs","@level":"debug","@line":37,"@message":"✅ Operations packed: result=209967882336","@module":"flavor::psp::format_2025::operations","@pid":12772,"@timestamp":"2026-03-31T20:29:20.032085Z"}
{"@file":"src/psp/format_2025/operations.rs","@level":"debug","@line":60,"@message":"✅ Operations unpacked: count=8 operations=[5, 124, 125, 26, 38, 42, 13, 21]","@module":"flavor::psp::format_2025::operations","@pid":12772,"@timestamp":"2026-03-31T20:29:20.032101Z"}
{"@file":"src/psp/format_2025/reader.rs","@level":"debug","@line":117,"@message":"Index loaded in 1.393375ms","@module":"flavor::psp::format_2025::reader","@pid":12772,"@timestamp":"2026-03-31T20:29:20.032020Z"}
{"@file":"src/psp/format_2025/operations.rs","@level":"debug","@line":37,"@message":"✅ Operations packed: result=11978","@module":"flavor::psp::format_2025::operations","@pid":12772,"@timestamp":"2026-03-31T20:29:20.032130Z"}
{"@file":"src/psp/format_2025/operations.rs","@level":"debug","@line":37,"@message":"✅ Operations packed: result=380975180097","@module":"flavor::psp::format_2025::operations","@pid":12772,"@timestamp":"2026-03-31T20:29:20.032148Z"}
test psp::format_2025::verifier::tests::test_verify_attestation_policy_hash_mismatch ... {"@file":"src/psp/format_2025/reader.rs","@level":"debug","@line":141,"@message":"📖 Reading metadata from offset 0x0, size 129 bytes","@module":"flavor::psp::format_2025::reader","@pid":12772,"@timestamp":"2026-03-31T20:29:20.032152Z"}
ok{"@file":"src/psp/format_2025/operations.rs","@level":"debug","@line":60,"@message":"✅ Operations unpacked: count=2 operations=[202, 46]","@module":"flavor::psp::format_2025::operations","@pid":12772,"@timestamp":"2026-03-31T20:29:20.032161Z"}

{"@file":"src/psp/format_2025/operations.rs","@level":"debug","@line":60,"@message":"✅ Operations unpacked: count=8 operations=[175, 26, 152, 149, 202, 89, 223, 109]","@module":"flavor::psp::format_2025::operations","@pid":12772,"@timestamp":"2026-03-31T20:29:20.032174Z"}
{"@file":"src/psp/format_2025/operations.rs","@level":"debug","@line":37,"@message":"✅ Operations packed: result=0","@module":"flavor::psp::format_2025::operations","@pid":12772,"@timestamp":"2026-03-31T20:29:20.032210Z"}
test psp::format_2025::verifier::tests::test_attestation_sbom_digest_present_no_slot ... {"@file":"src/psp/format_2025/operations.rs","@level":"debug","@line":37,"@message":"✅ Operations packed: result=7917145396568660655","@module":"flavor::psp::format_2025::operations","@pid":12772,"@timestamp":"2026-03-31T20:29:20.032234Z"}
ok{"@file":"src/psp/format_2025/operations.rs","@level":"debug","@line":37,"@message":"✅ Operations packed: result=1900004476","@module":"flavor::psp::format_2025::operations","@pid":12772,"@timestamp":"2026-03-31T20:29:20.032245Z"}

{"@file":"src/psp/format_2025/operations.rs","@level":"debug","@line":60,"@message":"✅ Operations unpacked: count=8 operations=[175, 26, 152, 149, 202, 89, 223, 109]","@module":"flavor::psp::format_2025::operations","@pid":12772,"@timestamp":"2026-03-31T20:29:20.032262Z"}
{"@file":"src/psp/format_2025/reader.rs","@level":"debug","@line":233,"@message":"✅ Successfully parsed metadata for test v0.0.1","@module":"flavor::psp::format_2025::reader","@pid":12772,"@timestamp":"2026-03-31T20:29:20.032275Z"}
{"@file":"src/psp/format_2025/operations.rs","@level":"debug","@line":37,"@message":"✅ Operations packed: result=65431686943603150","@module":"flavor::psp::format_2025::operations","@pid":12772,"@timestamp":"2026-03-31T20:29:20.032280Z"}
{"@file":"src/psp/format_2025/operations.rs","@level":"debug","@line":60,"@message":"✅ Operations unpacked: count=4 operations=[124, 196, 63, 113]","@module":"flavor::psp::format_2025::operations","@pid":12772,"@timestamp":"2026-03-31T20:29:20.032276Z"}
{"@file":"src/psp/format_2025/operations.rs","@level":"debug","@line":60,"@message":"✅ Operations unpacked: count=8 operations=[27, 244, 1, 6, 161, 21, 207, 21]","@module":"flavor::psp::format_2025::operations","@pid":12772,"@timestamp":"2026-03-31T20:29:20.032317Z"}
{"@file":"src/psp/format_2025/operations.rs","@level":"debug","@line":37,"@message":"✅ Operations packed: result=56333773349","@module":"flavor::psp::format_2025::operations","@pid":12772,"@timestamp":"2026-03-31T20:29:20.032342Z"}
{"@file":"src/psp/format_2025/operations.rs","@level":"debug","@line":37,"@message":"✅ Operations packed: result=59063","@module":"flavor::psp::format_2025::operations","@pid":12772,"@timestamp":"2026-03-31T20:29:20.032359Z"}
{"@file":"src/psp/format_2025/operations.rs","@level":"debug","@line":37,"@message":"✅ Operations packed: result=1571498576310301723","@module":"flavor::psp::format_2025::operations","@pid":12772,"@timestamp":"2026-03-31T20:29:20.032345Z"}
{"@file":"src/psp/format_2025/operations.rs","@level":"debug","@line":60,"@message":"✅ Operations unpacked: count=2 operations=[183, 230]","@module":"flavor::psp::format_2025::operations","@pid":12772,"@timestamp":"2026-03-31T20:29:20.032390Z"}
{"@file":"src/psp/format_2025/operations.rs","@level":"debug","@line":60,"@message":"✅ Operations unpacked: count=8 operations=[27, 244, 1, 6, 161, 21, 207, 21]","@module":"flavor::psp::format_2025::operations","@pid":12772,"@timestamp":"2026-03-31T20:29:20.032399Z"}
{"@file":"src/psp/format_2025/operations.rs","@level":"debug","@line":37,"@message":"✅ Operations packed: result=0","@module":"flavor::psp::format_2025::operations","@pid":12772,"@timestamp":"2026-03-31T20:29:20.032405Z"}
test psp::format_2025::verifier::tests::test_verify_attestation_policy_hash_present_no_policy_fails ... ok
{"@file":"src/psp/format_2025/operations.rs","@level":"debug","@line":37,"@message":"✅ Operations packed: result=4273468835","@module":"flavor::psp::format_2025::operations","@pid":12772,"@timestamp":"2026-03-31T20:29:20.032453Z"}
{"@file":"src/psp/format_2025/operations.rs","@level":"debug","@line":37,"@message":"✅ Operations packed: result=2496889792250839","@module":"flavor::psp::format_2025::operations","@pid":12772,"@timestamp":"2026-03-31T20:29:20.032463Z"}
{"@file":"src/psp/format_2025/operations.rs","@level":"debug","@line":60,"@message":"✅ Operations unpacked: count=4 operations=[163, 245, 183, 254]","@module":"flavor::psp::format_2025::operations","@pid":12772,"@timestamp":"2026-03-31T20:29:20.032485Z"}
{"@file":"src/psp/format_2025/operations.rs","@level":"debug","@line":60,"@message":"✅ Operations unpacked: count=8 operations=[100, 20, 74, 119, 207, 235, 45, 204]","@module":"flavor::psp::format_2025::operations","@pid":12772,"@timestamp":"2026-03-31T20:29:20.032451Z"}
{"@file":"src/psp/format_2025/operations.rs","@level":"debug","@line":37,"@message":"✅ Operations packed: result=16085","@module":"flavor::psp::format_2025::operations","@pid":12772,"@timestamp":"2026-03-31T20:29:20.032528Z"}
{"@file":"src/psp/format_2025/operations.rs","@level":"debug","@line":37,"@message":"✅ Operations packed: result=16965275266279","@module":"flavor::psp::format_2025::operations","@pid":12772,"@timestamp":"2026-03-31T20:29:20.032546Z"}
{"@file":"src/psp/format_2025/operations.rs","@level":"debug","@line":37,"@message":"✅ Operations packed: result=14712674833981379684","@module":"flavor::psp::format_2025::operations","@pid":12772,"@timestamp":"2026-03-31T20:29:20.032531Z"}
{"@file":"src/psp/format_2025/operations.rs","@level":"debug","@line":60,"@message":"✅ Operations unpacked: count=6 operations=[231, 172, 52, 9, 110, 15]","@module":"flavor::psp::format_2025::operations","@pid":12772,"@timestamp":"2026-03-31T20:29:20.032583Z"}
{"@file":"src/psp/format_2025/operations.rs","@level":"debug","@line":60,"@message":"✅ Operations unpacked: count=8 operations=[100, 20, 74, 119, 207, 235, 45, 204]","@module":"flavor::psp::format_2025::operations","@pid":12772,"@timestamp":"2026-03-31T20:29:20.032598Z"}
{"@file":"src/psp/format_2025/operations.rs","@level":"debug","@line":37,"@message":"✅ Operations packed: result=190","@module":"flavor::psp::format_2025::operations","@pid":12772,"@timestamp":"2026-03-31T20:29:20.032589Z"}
{"@file":"src/psp/format_2025/operations.rs","@level":"debug","@line":37,"@message":"✅ Operations packed: result=8338352396210641","@module":"flavor::psp::format_2025::operations","@pid":12772,"@timestamp":"2026-03-31T20:29:20.032643Z"}
{"@file":"src/psp/format_2025/operations.rs","@level":"debug","@line":60,"@message":"✅ Operations unpacked: count=8 operations=[251, 84, 228, 179, 33, 176, 160, 121]","@module":"flavor::psp::format_2025::operations","@pid":12772,"@timestamp":"2026-03-31T20:29:20.032657Z"}
{"@file":"src/psp/format_2025/operations.rs","@level":"debug","@line":37,"@message":"✅ Operations packed: result=10336281418275988","@module":"flavor::psp::format_2025::operations","@pid":12772,"@timestamp":"2026-03-31T20:29:20.032673Z"}
{"@file":"src/psp/format_2025/operations.rs","@level":"debug","@line":60,"@message":"✅ Operations unpacked: count=7 operations=[209, 145, 150, 244, 175, 159, 29]","@module":"flavor::psp::format_2025::operations","@pid":12772,"@timestamp":"2026-03-31T20:29:20.032664Z"}
{"@file":"src/psp/format_2025/operations.rs","@level":"debug","@line":37,"@message":"✅ Operations packed: result=8764198533661480187","@module":"flavor::psp::format_2025::operations","@pid":12772,"@timestamp":"2026-03-31T20:29:20.032689Z"}
{"@file":"src/psp/format_2025/operations.rs","@level":"debug","@line":60,"@message":"✅ Operations unpacked: count=8 operations=[251, 84, 228, 179, 33, 176, 160, 121]","@module":"flavor::psp::format_2025::operations","@pid":12772,"@timestamp":"2026-03-31T20:29:20.032723Z"}
{"@file":"src/psp/format_2025/operations.rs","@level":"debug","@line":37,"@message":"✅ Operations packed: result=12684237","@module":"flavor::psp::format_2025::operations","@pid":12772,"@timestamp":"2026-03-31T20:29:20.032731Z"}
{"@file":"src/psp/format_2025/operations.rs","@level":"debug","@line":37,"@message":"✅ Operations packed: result=3543440107","@module":"flavor::psp::format_2025::operations","@pid":12772,"@timestamp":"2026-03-31T20:29:20.032746Z"}
{"@file":"src/psp/format_2025/operations.rs","@level":"debug","@line":60,"@message":"✅ Operations unpacked: count=4 operations=[235, 154, 52, 211]","@module":"flavor::psp::format_2025::operations","@pid":12772,"@timestamp":"2026-03-31T20:29:20.032784Z"}
{"@file":"src/psp/format_2025/operations.rs","@level":"debug","@line":60,"@message":"✅ Operations unpacked: count=8 operations=[23, 46, 174, 147, 122, 35, 82, 1]","@module":"flavor::psp::format_2025::operations","@pid":12772,"@timestamp":"2026-03-31T20:29:20.032783Z"}
{"@file":"src/psp/format_2025/operations.rs","@level":"debug","@line":37,"@message":"✅ Operations packed: result=515249447678","@module":"flavor::psp::format_2025::operations","@pid":12772,"@timestamp":"2026-03-31T20:29:20.032788Z"}
{"@file":"src/psp/format_2025/operations.rs","@level":"debug","@line":37,"@message":"✅ Operations packed: result=95177551498849815","@module":"flavor::psp::format_2025::operations","@pid":12772,"@timestamp":"2026-03-31T20:29:20.032819Z"}
{"@file":"src/psp/format_2025/operations.rs","@level":"debug","@line":37,"@message":"✅ Operations packed: result=17283437793118600226","@module":"flavor::psp::format_2025::operations","@pid":12772,"@timestamp":"2026-03-31T20:29:20.032838Z"}
{"@file":"src/psp/format_2025/operations.rs","@level":"debug","@line":60,"@message":"✅ Operations unpacked: count=8 operations=[23, 46, 174, 147, 122, 35, 82, 1]","@module":"flavor::psp::format_2025::operations","@pid":12772,"@timestamp":"2026-03-31T20:29:20.032838Z"}
{"@file":"src/psp/format_2025/operations.rs","@level":"debug","@line":60,"@message":"✅ Operations unpacked: count=8 operations=[34, 60, 101, 236, 25, 27, 219, 239]","@module":"flavor::psp::format_2025::operations","@pid":12772,"@timestamp":"2026-03-31T20:29:20.032862Z"}
{"@file":"src/psp/format_2025/operations.rs","@level":"debug","@line":37,"@message":"✅ Operations packed: result=156283265099783","@module":"flavor::psp::format_2025::operations","@pid":12772,"@timestamp":"2026-03-31T20:29:20.032856Z"}
{"@file":"src/psp/format_2025/operations.rs","@level":"debug","@line":60,"@message":"✅ Operations unpacked: count=8 operations=[39, 1, 189, 153, 143, 170, 189, 159]","@module":"flavor::psp::format_2025::operations","@pid":12772,"@timestamp":"2026-03-31T20:29:20.032912Z"}
{"@file":"src/psp/format_2025/operations.rs","@level":"debug","@line":37,"@message":"✅ Operations packed: result=81854771134238","@module":"flavor::psp::format_2025::operations","@pid":12772,"@timestamp":"2026-03-31T20:29:20.032918Z"}
{"@file":"src/psp/format_2025/operations.rs","@level":"debug","@line":37,"@message":"✅ Operations packed: result=0","@module":"flavor::psp::format_2025::operations","@pid":12772,"@timestamp":"2026-03-31T20:29:20.032924Z"}
{"@file":"src/psp/format_2025/operations.rs","@level":"debug","@line":60,"@message":"✅ Operations unpacked: count=6 operations=[30, 127, 142, 76, 114, 74]","@module":"flavor::psp::format_2025::operations","@pid":12772,"@timestamp":"2026-03-31T20:29:20.032956Z"}
{"@file":"src/psp/format_2025/operations.rs","@level":"debug","@line":37,"@message":"✅ Operations packed: result=11510543756365201703","@module":"flavor::psp::format_2025::operations","@pid":12772,"@timestamp":"2026-03-31T20:29:20.032945Z"}
{"@file":"src/psp/format_2025/operations.rs","@level":"debug","@line":60,"@message":"✅ Operations unpacked: count=8 operations=[39, 1, 189, 153, 143, 170, 189, 159]","@module":"flavor::psp::format_2025::operations","@pid":12772,"@timestamp":"2026-03-31T20:29:20.032989Z"}
{"@file":"src/psp/format_2025/operations.rs","@level":"debug","@line":37,"@message":"✅ Operations packed: result=14838803474530090107","@module":"flavor::psp::format_2025::operations","@pid":12772,"@timestamp":"2026-03-31T20:29:20.033004Z"}
{"@file":"src/psp/format_2025/operations.rs","@level":"debug","@line":37,"@message":"✅ Operations packed: result=14345763","@module":"flavor::psp::format_2025::operations","@pid":12772,"@timestamp":"2026-03-31T20:29:20.033013Z"}
{"@file":"src/psp/format_2025/operations.rs","@level":"debug","@line":60,"@message":"✅ Operations unpacked: count=8 operations=[171, 154, 248, 33, 114, 119, 229, 128]","@module":"flavor::psp::format_2025::operations","@pid":12772,"@timestamp":"2026-03-31T20:29:20.033036Z"}
{"@file":"src/psp/format_2025/operations.rs","@level":"debug","@line":37,"@message":"✅ Operations packed: result=236","@module":"flavor::psp::format_2025::operations","@pid":12772,"@timestamp":"2026-03-31T20:29:20.033064Z"}
{"@file":"src/psp/format_2025/operations.rs","@level":"debug","@line":60,"@message":"✅ Operations unpacked: count=3 operations=[35, 230, 218]","@module":"flavor::psp::format_2025::operations","@pid":12772,"@timestamp":"2026-03-31T20:29:20.033119Z"}
{"@file":"src/psp/format_2025/operations.rs","@level":"debug","@line":37,"@message":"✅ Operations packed: result=9287961138601433771","@module":"flavor::psp::format_2025::operations","@pid":12772,"@timestamp":"2026-03-31T20:29:20.033134Z"}
{"@file":"src/psp/format_2025/operations.rs","@level":"debug","@line":60,"@message":"✅ Operations unpacked: count=8 operations=[171, 154, 248, 33, 114, 119, 229, 128]","@module":"flavor::psp::format_2025::operations","@pid":12772,"@timestamp":"2026-03-31T20:29:20.033172Z"}
{"@file":"src/psp/format_2025/operations.rs","@level":"debug","@line":37,"@message":"✅ Operations packed: result=71580131933368918","@module":"flavor::psp::format_2025::operations","@pid":12772,"@timestamp":"2026-03-31T20:29:20.033174Z"}
{"@file":"src/psp/format_2025/operations.rs","@level":"debug","@line":37,"@message":"✅ Operations packed: result=14419486413553628","@module":"flavor::psp::format_2025::operations","@pid":12772,"@timestamp":"2026-03-31T20:29:20.033190Z"}
{"@file":"src/psp/format_2025/operations.rs","@level":"debug","@line":60,"@message":"✅ Operations unpacked: count=7 operations=[220, 255, 133, 77, 114, 58, 51]","@module":"flavor::psp::format_2025::operations","@pid":12772,"@timestamp":"2026-03-31T20:29:20.033217Z"}
{"@file":"src/psp/format_2025/operations.rs","@level":"debug","@line":60,"@message":"✅ Operations unpacked: count=8 operations=[114, 187, 22, 190, 251, 26, 165, 228]","@module":"flavor::psp::format_2025::operations","@pid":12772,"@timestamp":"2026-03-31T20:29:20.033223Z"}
{"@file":"src/psp/format_2025/operations.rs","@level":"debug","@line":37,"@message":"✅ Operations packed: result=780250055631","@module":"flavor::psp::format_2025::operations","@pid":12772,"@timestamp":"2026-03-31T20:29:20.033229Z"}
{"@file":"src/psp/format_2025/operations.rs","@level":"debug","@line":37,"@message":"✅ Operations packed: result=16475604480333101938","@module":"flavor::psp::format_2025::operations","@pid":12772,"@timestamp":"2026-03-31T20:29:20.033253Z"}
{"@file":"src/psp/format_2025/operations.rs","@level":"debug","@line":37,"@message":"✅ Operations packed: result=76252979829953","@module":"flavor::psp::format_2025::operations","@pid":12772,"@timestamp":"2026-03-31T20:29:20.033268Z"}
{"@file":"src/psp/format_2025/operations.rs","@level":"debug","@line":60,"@message":"✅ Operations unpacked: count=8 operations=[114, 187, 22, 190, 251, 26, 165, 228]","@module":"flavor::psp::format_2025::operations","@pid":12772,"@timestamp":"2026-03-31T20:29:20.033287Z"}
{"@file":"src/psp/format_2025/operations.rs","@level":"debug","@line":60,"@message":"✅ Operations unpacked: count=6 operations=[193, 156, 198, 7, 90, 69]","@module":"flavor::psp::format_2025::operations","@pid":12772,"@timestamp":"2026-03-31T20:29:20.033298Z"}
{"@file":"src/psp/format_2025/operations.rs","@level":"debug","@line":37,"@message":"✅ Operations packed: result=12948311","@module":"flavor::psp::format_2025::operations","@pid":12772,"@timestamp":"2026-03-31T20:29:20.033302Z"}
{"@file":"src/psp/format_2025/operations.rs","@level":"debug","@line":60,"@message":"✅ Operations unpacked: count=8 operations=[157, 180, 149, 121, 14, 191, 77, 2]","@module":"flavor::psp::format_2025::operations","@pid":12772,"@timestamp":"2026-03-31T20:29:20.033343Z"}
{"@file":"src/psp/format_2025/operations.rs","@level":"debug","@line":37,"@message":"✅ Operations packed: result=2256365262","@module":"flavor::psp::format_2025::operations","@pid":12772,"@timestamp":"2026-03-31T20:29:20.033356Z"}
{"@file":"src/psp/format_2025/operations.rs","@level":"debug","@line":37,"@message":"✅ Operations packed: result=10489832","@module":"flavor::psp::format_2025::operations","@pid":12772,"@timestamp":"2026-03-31T20:29:20.033364Z"}
{"@file":"src/psp/format_2025/operations.rs","@level":"debug","@line":37,"@message":"✅ Operations packed: result=165998830172877981","@module":"flavor::psp::format_2025::operations","@pid":12772,"@timestamp":"2026-03-31T20:29:20.033372Z"}
{"@file":"src/psp/format_2025/operations.rs","@level":"debug","@line":60,"@message":"✅ Operations unpacked: count=4 operations=[206, 102, 125, 134]","@module":"flavor::psp::format_2025::operations","@pid":12772,"@timestamp":"2026-03-31T20:29:20.033387Z"}
{"@file":"src/psp/format_2025/operations.rs","@level":"debug","@line":60,"@message":"✅ Operations unpacked: count=8 operations=[157, 180, 149, 121, 14, 191, 77, 2]","@module":"flavor::psp::format_2025::operations","@pid":12772,"@timestamp":"2026-03-31T20:29:20.033414Z"}
{"@file":"src/psp/format_2025/operations.rs","@level":"debug","@line":37,"@message":"✅ Operations packed: result=1509346691301662836","@module":"flavor::psp::format_2025::operations","@pid":12772,"@timestamp":"2026-03-31T20:29:20.033426Z"}
{"@file":"src/psp/format_2025/operations.rs","@level":"debug","@line":37,"@message":"✅ Operations packed: result=4045068979","@module":"flavor::psp::format_2025::operations","@pid":12772,"@timestamp":"2026-03-31T20:29:20.033454Z"}
{"@file":"src/psp/format_2025/operations.rs","@level":"debug","@line":60,"@message":"✅ Operations unpacked: count=8 operations=[113, 56, 237, 226, 83, 228, 177, 54]","@module":"flavor::psp::format_2025::operations","@pid":12772,"@timestamp":"2026-03-31T20:29:20.033468Z"}
{"@file":"src/psp/format_2025/operations.rs","@level":"debug","@line":37,"@message":"✅ Operations packed: result=3169","@module":"flavor::psp::format_2025::operations","@pid":12772,"@timestamp":"2026-03-31T20:29:20.033480Z"}
{"@file":"src/psp/format_2025/operations.rs","@level":"debug","@line":60,"@message":"✅ Operations unpacked: count=4 operations=[179, 218, 26, 241]","@module":"flavor::psp::format_2025::operations","@pid":12772,"@timestamp":"2026-03-31T20:29:20.033477Z"}
{"@file":"src/psp/format_2025/operations.rs","@level":"debug","@line":37,"@message":"✅ Operations packed: result=3941182197866510449","@module":"flavor::psp::format_2025::operations","@pid":12772,"@timestamp":"2026-03-31T20:29:20.033498Z"}
{"@file":"src/psp/format_2025/operations.rs","@level":"debug","@line":60,"@message":"✅ Operations unpacked: count=8 operations=[113, 56, 237, 226, 83, 228, 177, 54]","@module":"flavor::psp::format_2025::operations","@pid":12772,"@timestamp":"2026-03-31T20:29:20.033523Z"}
{"@file":"src/psp/format_2025/operations.rs","@level":"debug","@line":37,"@message":"✅ Operations packed: result=61372534135","@module":"flavor::psp::format_2025::operations","@pid":12772,"@timestamp":"2026-03-31T20:29:20.033540Z"}
{"@file":"src/psp/format_2025/operations.rs","@level":"debug","@line":37,"@message":"✅ Operations packed: result=133","@module":"flavor::psp::format_2025::operations","@pid":12772,"@timestamp":"2026-03-31T20:29:20.033542Z"}
{"@file":"src/psp/format_2025/operations.rs","@level":"debug","@line":60,"@message":"✅ Operations unpacked: count=8 operations=[103, 231, 126, 76, 44, 118, 35, 114]","@module":"flavor::psp::format_2025::operations","@pid":12772,"@timestamp":"2026-03-31T20:29:20.033570Z"}
{"@file":"src/psp/format_2025/operations.rs","@level":"debug","@line":60,"@message":"✅ Operations unpacked: count=5 operations=[119, 141, 22, 74, 14]","@module":"flavor::psp::format_2025::operations","@pid":12772,"@timestamp":"2026-03-31T20:29:20.033570Z"}
{"@file":"src/psp/format_2025/operations.rs","@level":"debug","@line":37,"@message":"✅ Operations packed: result=8224547277142681447","@module":"flavor::psp::format_2025::operations","@pid":12772,"@timestamp":"2026-03-31T20:29:20.033602Z"}
{"@file":"src/psp/format_2025/operations.rs","@level":"debug","@line":37,"@message":"✅ Operations packed: result=46403743432237920","@module":"flavor::psp::format_2025::operations","@pid":12772,"@timestamp":"2026-03-31T20:29:20.033609Z"}
{"@file":"src/psp/format_2025/operations.rs","@level":"debug","@line":60,"@message":"✅ Operations unpacked: count=8 operations=[103, 231, 126, 76, 44, 118, 35, 114]","@module":"flavor::psp::format_2025::operations","@pid":12772,"@timestamp":"2026-03-31T20:29:20.033627Z"}
{"@file":"src/psp/format_2025/operations.rs","@level":"debug","@line":37,"@message":"✅ Operations packed: result=139","@module":"flavor::psp::format_2025::operations","@pid":12772,"@timestamp":"2026-03-31T20:29:20.033641Z"}
{"@file":"src/psp/format_2025/operations.rs","@level":"debug","@line":37,"@message":"✅ Operations packed: result=19748802151052357","@module":"flavor::psp::format_2025::operations","@pid":12772,"@timestamp":"2026-03-31T20:29:20.033665Z"}
{"@file":"src/psp/format_2025/operations.rs","@level":"debug","@line":60,"@message":"✅ Operations unpacked: count=1 operations=[139]","@module":"flavor::psp::format_2025::operations","@pid":12772,"@timestamp":"2026-03-31T20:29:20.033667Z"}
{"@file":"src/psp/format_2025/operations.rs","@level":"debug","@line":60,"@message":"✅ Operations unpacked: count=8 operations=[121, 143, 234, 107, 1, 68, 174, 130]","@module":"flavor::psp::format_2025::operations","@pid":12772,"@timestamp":"2026-03-31T20:29:20.033680Z"}
{"@file":"src/psp/format_2025/operations.rs","@level":"debug","@line":37,"@message":"✅ Operations packed: result=9416538643774476153","@module":"flavor::psp::format_2025::operations","@pid":12772,"@timestamp":"2026-03-31T20:29:20.033706Z"}
{"@file":"src/psp/format_2025/operations.rs","@level":"debug","@line":37,"@message":"✅ Operations packed: result=207138655746134","@module":"flavor::psp::format_2025::operations","@pid":12772,"@timestamp":"2026-03-31T20:29:20.033716Z"}
{"@file":"src/psp/format_2025/operations.rs","@level":"debug","@line":60,"@message":"✅ Operations unpacked: count=8 operations=[121, 143, 234, 107, 1, 68, 174, 130]","@module":"flavor::psp::format_2025::operations","@pid":12772,"@timestamp":"2026-03-31T20:29:20.033724Z"}
{"@file":"src/psp/format_2025/operations.rs","@level":"debug","@line":37,"@message":"✅ Operations packed: result=16527015010969884947","@module":"flavor::psp::format_2025::operations","@pid":12772,"@timestamp":"2026-03-31T20:29:20.033721Z"}
{"@file":"src/psp/format_2025/operations.rs","@level":"debug","@line":60,"@message":"✅ Operations unpacked: count=8 operations=[19, 153, 104, 174, 150, 192, 91, 229]","@module":"flavor::psp::format_2025::operations","@pid":12772,"@timestamp":"2026-03-31T20:29:20.033767Z"}
{"@file":"src/psp/format_2025/operations.rs","@level":"debug","@line":37,"@message":"✅ Operations packed: result=234","@module":"flavor::psp::format_2025::operations","@pid":12772,"@timestamp":"2026-03-31T20:29:20.033771Z"}
{"@file":"src/psp/format_2025/operations.rs","@level":"debug","@line":60,"@message":"✅ Operations unpacked: count=8 operations=[134, 255, 197, 232, 70, 163, 42, 214]","@module":"flavor::psp::format_2025::operations","@pid":12772,"@timestamp":"2026-03-31T20:29:20.033781Z"}
{"@file":"src/psp/format_2025/operations.rs","@level":"debug","@line":37,"@message":"✅ Operations packed: result=15432326598086754182","@module":"flavor::psp::format_2025::operations","@pid":12772,"@timestamp":"2026-03-31T20:29:20.033809Z"}
{"@file":"src/psp/format_2025/operations.rs","@level":"debug","@line":37,"@message":"✅ Operations packed: result=5819310","@module":"flavor::psp::format_2025::operations","@pid":12772,"@timestamp":"2026-03-31T20:29:20.033819Z"}
{"@file":"src/psp/format_2025/operations.rs","@level":"debug","@line":60,"@message":"✅ Operations unpacked: count=8 operations=[134, 255, 197, 232, 70, 163, 42, 214]","@module":"flavor::psp::format_2025::operations","@pid":12772,"@timestamp":"2026-03-31T20:29:20.033830Z"}
{"@file":"src/psp/format_2025/operations.rs","@level":"debug","@line":37,"@message":"✅ Operations packed: result=97739741916300","@module":"flavor::psp::format_2025::operations","@pid":12772,"@timestamp":"2026-03-31T20:29:20.033825Z"}
{"@file":"src/psp/format_2025/operations.rs","@level":"debug","@line":60,"@message":"✅ Operations unpacked: count=3 operations=[174, 203, 88]","@module":"flavor::psp::format_2025::operations","@pid":12772,"@timestamp":"2026-03-31T20:29:20.033848Z"}
{"@file":"src/psp/format_2025/operations.rs","@level":"debug","@line":60,"@message":"✅ Operations unpacked: count=8 operations=[185, 161, 39, 62, 72, 241, 34, 19]","@module":"flavor::psp::format_2025::operations","@pid":12772,"@timestamp":"2026-03-31T20:29:20.033885Z"}
{"@file":"src/psp/format_2025/operations.rs","@level":"debug","@line":37,"@message":"✅ Operations packed: result=223","@module":"flavor::psp::format_2025::operations","@pid":12772,"@timestamp":"2026-03-31T20:29:20.033898Z"}
{"@file":"src/psp/format_2025/operations.rs","@level":"debug","@line":37,"@message":"✅ Operations packed: result=1378929728511517113","@module":"flavor::psp::format_2025::operations","@pid":12772,"@timestamp":"2026-03-31T20:29:20.033913Z"}
{"@file":"src/psp/format_2025/operations.rs","@level":"debug","@line":37,"@message":"✅ Operations packed: result=196","@module":"flavor::psp::format_2025::operations","@pid":12772,"@timestamp":"2026-03-31T20:29:20.033912Z"}
{"@file":"src/psp/format_2025/operations.rs","@level":"debug","@line":60,"@message":"✅ Operations unpacked: count=8 operations=[185, 161, 39, 62, 72, 241, 34, 19]","@module":"flavor::psp::format_2025::operations","@pid":12772,"@timestamp":"2026-03-31T20:29:20.033938Z"}
{"@file":"src/psp/format_2025/operations.rs","@level":"debug","@line":60,"@message":"✅ Operations unpacked: count=1 operations=[196]","@module":"flavor::psp::format_2025::operations","@pid":12772,"@timestamp":"2026-03-31T20:29:20.033943Z"}
{"@file":"src/psp/format_2025/operations.rs","@level":"debug","@line":37,"@message":"✅ Operations packed: result=1070982100715","@module":"flavor::psp::format_2025::operations","@pid":12772,"@timestamp":"2026-03-31T20:29:20.033953Z"}
{"@file":"src/psp/format_2025/operations.rs","@level":"debug","@line":60,"@message":"✅ Operations unpacked: count=8 operations=[93, 6, 57, 201, 13, 92, 71, 100]","@module":"flavor::psp::format_2025::operations","@pid":12772,"@timestamp":"2026-03-31T20:29:20.033983Z"}
{"@file":"src/psp/format_2025/operations.rs","@level":"debug","@line":37,"@message":"✅ Operations packed: result=755280940","@module":"flavor::psp::format_2025::operations","@pid":12772,"@timestamp":"2026-03-31T20:29:20.033989Z"}
{"@file":"src/psp/format_2025/operations.rs","@level":"debug","@line":37,"@message":"✅ Operations packed: result=7225845341419538013","@module":"flavor::psp::format_2025::operations","@pid":12772,"@timestamp":"2026-03-31T20:29:20.034012Z"}
{"@file":"src/psp/format_2025/operations.rs","@level":"debug","@line":37,"@message":"✅ Operations packed: result=189","@module":"flavor::psp::format_2025::operations","@pid":12772,"@timestamp":"2026-03-31T20:29:20.034025Z"}
{"@file":"src/psp/format_2025/operations.rs","@level":"debug","@line":60,"@message":"✅ Operations unpacked: count=4 operations=[44, 172, 4, 45]","@module":"flavor::psp::format_2025::operations","@pid":12772,"@timestamp":"2026-03-31T20:29:20.034029Z"}
{"@file":"src/psp/format_2025/operations.rs","@level":"debug","@line":60,"@message":"✅ Operations unpacked: count=8 operations=[93, 6, 57, 201, 13, 92, 71, 100]","@module":"flavor::psp::format_2025::operations","@pid":12772,"@timestamp":"2026-03-31T20:29:20.034036Z"}
{"@file":"src/psp/format_2025/operations.rs","@level":"debug","@line":37,"@message":"✅ Operations packed: result=0","@module":"flavor::psp::format_2025::operations","@pid":12772,"@timestamp":"2026-03-31T20:29:20.034074Z"}
{"@file":"src/psp/format_2025/operations.rs","@level":"debug","@line":60,"@message":"✅ Operations unpacked: count=8 operations=[88, 64, 226, 211, 49, 217, 47, 35]","@module":"flavor::psp::format_2025::operations","@pid":12772,"@timestamp":"2026-03-31T20:29:20.034100Z"}
{"@file":"src/psp/format_2025/operations.rs","@level":"debug","@line":37,"@message":"✅ Operations packed: result=3735059291348084620","@module":"flavor::psp::format_2025::operations","@pid":12772,"@timestamp":"2026-03-31T20:29:20.034102Z"}
{"@file":"src/psp/format_2025/operations.rs","@level":"debug","@line":37,"@message":"✅ Operations packed: result=2535483923264323672","@module":"flavor::psp::format_2025::operations","@pid":12772,"@timestamp":"2026-03-31T20:29:20.034122Z"}
{"@file":"src/psp/format_2025/operations.rs","@level":"debug","@line":37,"@message":"✅ Operations packed: result=193474564028573","@module":"flavor::psp::format_2025::operations","@pid":12772,"@timestamp":"2026-03-31T20:29:20.034123Z"}
{"@file":"src/psp/format_2025/operations.rs","@level":"debug","@line":60,"@message":"✅ Operations unpacked: count=8 operations=[88, 64, 226, 211, 49, 217, 47, 35]","@module":"flavor::psp::format_2025::operations","@pid":12772,"@timestamp":"2026-03-31T20:29:20.034147Z"}
{"@file":"src/psp/format_2025/operations.rs","@level":"debug","@line":60,"@message":"✅ Operations unpacked: count=8 operations=[140, 39, 211, 227, 162, 152, 213, 51]","@module":"flavor::psp::format_2025::operations","@pid":12772,"@timestamp":"2026-03-31T20:29:20.034137Z"}
{"@file":"src/psp/format_2025/operations.rs","@level":"debug","@line":37,"@message":"✅ Operations packed: result=26135","@module":"flavor::psp::format_2025::operations","@pid":12772,"@timestamp":"2026-03-31T20:29:20.034180Z"}
{"@file":"src/psp/format_2025/operations.rs","@level":"debug","@line":60,"@message":"✅ Operations unpacked: count=8 operations=[83, 97, 125, 68, 255, 80, 166, 156]","@module":"flavor::psp::format_2025::operations","@pid":12772,"@timestamp":"2026-03-31T20:29:20.034195Z"}
{"@file":"src/psp/format_2025/operations.rs","@level":"debug","@line":37,"@message":"✅ Operations packed: result=309472149941","@module":"flavor::psp::format_2025::operations","@pid":12772,"@timestamp":"2026-03-31T20:29:20.034204Z"}
{"@file":"src/psp/format_2025/operations.rs","@level":"debug","@line":37,"@message":"✅ Operations packed: result=11287798573346677075","@module":"flavor::psp::format_2025::operations","@pid":12772,"@timestamp":"2026-03-31T20:29:20.034214Z"}
{"@file":"src/psp/format_2025/operations.rs","@level":"debug","@line":60,"@message":"✅ Operations unpacked: count=5 operations=[181, 65, 250, 13, 72]","@module":"flavor::psp::format_2025::operations","@pid":12772,"@timestamp":"2026-03-31T20:29:20.034223Z"}
{"@file":"src/psp/format_2025/operations.rs","@level":"debug","@line":60,"@message":"✅ Operations unpacked: count=8 operations=[83, 97, 125, 68, 255, 80, 166, 156]","@module":"flavor::psp::format_2025::operations","@pid":12772,"@timestamp":"2026-03-31T20:29:20.034232Z"}
{"@file":"src/psp/format_2025/operations.rs","@level":"debug","@line":37,"@message":"✅ Operations packed: result=61738","@module":"flavor::psp::format_2025::operations","@pid":12772,"@timestamp":"2026-03-31T20:29:20.034227Z"}
{"@file":"src/psp/format_2025/operations.rs","@level":"debug","@line":37,"@message":"✅ Operations packed: result=113","@module":"flavor::psp::format_2025::operations","@pid":12772,"@timestamp":"2026-03-31T20:29:20.034271Z"}
{"@file":"src/psp/format_2025/operations.rs","@level":"debug","@line":60,"@message":"✅ Operations unpacked: count=8 operations=[69, 196, 112, 211, 22, 190, 87, 110]","@module":"flavor::psp::format_2025::operations","@pid":12772,"@timestamp":"2026-03-31T20:29:20.034283Z"}
{"@file":"src/psp/format_2025/operations.rs","@level":"debug","@line":60,"@message":"✅ Operations unpacked: count=1 operations=[113]","@module":"flavor::psp::format_2025::operations","@pid":12772,"@timestamp":"2026-03-31T20:29:20.034295Z"}
{"@file":"src/psp/format_2025/operations.rs","@level":"debug","@line":37,"@message":"✅ Operations packed: result=7951032672391840837","@module":"flavor::psp::format_2025::operations","@pid":12772,"@timestamp":"2026-03-31T20:29:20.034301Z"}
{"@file":"src/psp/format_2025/operations.rs","@level":"debug","@line":37,"@message":"✅ Operations packed: result=265622786","@module":"flavor::psp::format_2025::operations","@pid":12772,"@timestamp":"2026-03-31T20:29:20.034309Z"}
{"@file":"src/psp/format_2025/operations.rs","@level":"debug","@line":60,"@message":"✅ Operations unpacked: count=8 operations=[69, 196, 112, 211, 22, 190, 87, 110]","@module":"flavor::psp::format_2025::operations","@pid":12772,"@timestamp":"2026-03-31T20:29:20.034320Z"}
{"@file":"src/psp/format_2025/operations.rs","@level":"debug","@line":37,"@message":"✅ Operations packed: result=63750405106348812","@module":"flavor::psp::format_2025::operations","@pid":12772,"@timestamp":"2026-03-31T20:29:20.034343Z"}
{"@file":"src/psp/format_2025/operations.rs","@level":"debug","@line":37,"@message":"✅ Operations packed: result=5608842235404170437","@module":"flavor::psp::format_2025::operations","@pid":12772,"@timestamp":"2026-03-31T20:29:20.034356Z"}
{"@file":"src/psp/format_2025/operations.rs","@level":"debug","@line":60,"@message":"✅ Operations unpacked: count=7 operations=[12, 179, 166, 218, 167, 124, 226]","@module":"flavor::psp::format_2025::operations","@pid":12772,"@timestamp":"2026-03-31T20:29:20.034361Z"}
{"@file":"src/psp/format_2025/operations.rs","@level":"debug","@line":60,"@message":"✅ Operations unpacked: count=8 operations=[80, 217, 184, 242, 107, 231, 37, 136]","@module":"flavor::psp::format_2025::operations","@pid":12772,"@timestamp":"2026-03-31T20:29:20.034365Z"}
{"@file":"src/psp/format_2025/operations.rs","@level":"debug","@line":37,"@message":"✅ Operations packed: result=9810501814116211024","@module":"flavor::psp::format_2025::operations","@pid":12772,"@timestamp":"2026-03-31T20:29:20.034385Z"}
{"@file":"src/psp/format_2025/operations.rs","@level":"debug","@line":60,"@message":"✅ Operations unpacked: count=8 operations=[80, 217, 184, 242, 107, 231, 37, 136]","@module":"flavor::psp::format_2025::operations","@pid":12772,"@timestamp":"2026-03-31T20:29:20.034402Z"}
{"@file":"src/psp/format_2025/operations.rs","@level":"debug","@line":37,"@message":"✅ Operations packed: result=539045212531","@module":"flavor::psp::format_2025::operations","@pid":12772,"@timestamp":"2026-03-31T20:29:20.034403Z"}
{"@file":"src/psp/format_2025/operations.rs","@level":"debug","@line":37,"@message":"✅ Operations packed: result=0","@module":"flavor::psp::format_2025::operations","@pid":12772,"@timestamp":"2026-03-31T20:29:20.034407Z"}
{"@file":"src/psp/format_2025/operations.rs","@level":"debug","@line":60,"@message":"✅ Operations unpacked: count=8 operations=[106, 137, 27, 119, 26, 246, 100, 20]","@module":"flavor::psp::format_2025::operations","@pid":12772,"@timestamp":"2026-03-31T20:29:20.034450Z"}
{"@file":"src/psp/format_2025/operations.rs","@level":"debug","@line":60,"@message":"✅ Operations unpacked: count=0 operations=[]","@module":"flavor::psp::format_2025::operations","@pid":12772,"@timestamp":"2026-03-31T20:29:20.034473Z"}
{"@file":"src/psp/format_2025/operations.rs","@level":"debug","@line":37,"@message":"✅ Operations packed: result=77","@module":"flavor::psp::format_2025::operations","@pid":12772,"@timestamp":"2026-03-31T20:29:20.034475Z"}
{"@file":"src/psp/format_2025/operations.rs","@level":"debug","@line":37,"@message":"✅ Operations packed: result=1469569971957500266","@module":"flavor::psp::format_2025::operations","@pid":12772,"@timestamp":"2026-03-31T20:29:20.034487Z"}
{"@file":"src/psp/format_2025/operations.rs","@level":"debug","@line":37,"@message":"✅ Operations packed: result=74186926348222","@module":"flavor::psp::format_2025::operations","@pid":12772,"@timestamp":"2026-03-31T20:29:20.034527Z"}
{"@file":"src/psp/format_2025/operations.rs","@level":"debug","@line":60,"@message":"✅ Operations unpacked: count=8 operations=[106, 137, 27, 119, 26, 246, 100, 20]","@module":"flavor::psp::format_2025::operations","@pid":12772,"@timestamp":"2026-03-31T20:29:20.034535Z"}
{"@file":"src/psp/format_2025/operations.rs","@level":"debug","@line":37,"@message":"✅ Operations packed: result=545889999","@module":"flavor::psp::format_2025::operations","@pid":12772,"@timestamp":"2026-03-31T20:29:20.034533Z"}
{"@file":"src/psp/format_2025/operations.rs","@level":"debug","@line":60,"@message":"✅ Operations unpacked: count=6 operations=[190, 87, 100, 253, 120, 67]","@module":"flavor::psp::format_2025::operations","@pid":12772,"@timestamp":"2026-03-31T20:29:20.034552Z"}
{"@file":"src/psp/format_2025/operations.rs","@level":"debug","@line":60,"@message":"✅ Operations unpacked: count=8 operations=[92, 156, 22, 174, 180, 73, 85, 122]","@module":"flavor::psp::format_2025::operations","@pid":12772,"@timestamp":"2026-03-31T20:29:20.034586Z"}
{"@file":"src/psp/format_2025/operations.rs","@level":"debug","@line":37,"@message":"✅ Operations packed: result=658212728403","@module":"flavor::psp::format_2025::operations","@pid":12772,"@timestamp":"2026-03-31T20:29:20.034594Z"}
{"@file":"src/psp/format_2025/operations.rs","@level":"debug","@line":37,"@message":"✅ Operations packed: result=446178823402","@module":"flavor::psp::format_2025::operations","@pid":12772,"@timestamp":"2026-03-31T20:29:20.034599Z"}
{"@file":"src/psp/format_2025/operations.rs","@level":"debug","@line":37,"@message":"✅ Operations packed: result=8815032886011272284","@module":"flavor::psp::format_2025::operations","@pid":12772,"@timestamp":"2026-03-31T20:29:20.034605Z"}
{"@file":"src/psp/format_2025/operations.rs","@level":"debug","@line":60,"@message":"✅ Operations unpacked: count=5 operations=[234, 140, 84, 226, 103]","@module":"flavor::psp::format_2025::operations","@pid":12772,"@timestamp":"2026-03-31T20:29:20.034617Z"}
{"@file":"src/psp/format_2025/operations.rs","@level":"debug","@line":60,"@message":"✅ Operations unpacked: count=8 operations=[92, 156, 22, 174, 180, 73, 85, 122]","@module":"flavor::psp::format_2025::operations","@pid":12772,"@timestamp":"2026-03-31T20:29:20.034623Z"}
{"@file":"src/psp/format_2025/operations.rs","@level":"debug","@line":37,"@message":"✅ Operations packed: result=291773491760","@module":"flavor::psp::format_2025::operations","@pid":12772,"@timestamp":"2026-03-31T20:29:20.034641Z"}
{"@file":"src/psp/format_2025/operations.rs","@level":"debug","@line":37,"@message":"✅ Operations packed: result=39169989617321657","@module":"flavor::psp::format_2025::operations","@pid":12772,"@timestamp":"2026-03-31T20:29:20.034664Z"}
{"@file":"src/psp/format_2025/operations.rs","@level":"debug","@line":60,"@message":"✅ Operations unpacked: count=8 operations=[246, 136, 37, 6, 60, 174, 245, 212]","@module":"flavor::psp::format_2025::operations","@pid":12772,"@timestamp":"2026-03-31T20:29:20.034669Z"}
{"@file":"src/psp/format_2025/operations.rs","@level":"debug","@line":60,"@message":"✅ Operations unpacked: count=7 operations=[185, 6, 255, 228, 229, 40, 139]","@module":"flavor::psp::format_2025::operations","@pid":12772,"@timestamp":"2026-03-31T20:29:20.034683Z"}
{"@file":"src/psp/format_2025/operations.rs","@level":"debug","@line":37,"@message":"✅ Operations packed: result=92","@module":"flavor::psp::format_2025::operations","@pid":12772,"@timestamp":"2026-03-31T20:29:20.034687Z"}
{"@file":"src/psp/format_2025/operations.rs","@level":"debug","@line":37,"@message":"✅ Operations packed: result=15345362878159227126","@module":"flavor::psp::format_2025::operations","@pid":12772,"@timestamp":"2026-03-31T20:29:20.034688Z"}
{"@file":"src/psp/format_2025/operations.rs","@level":"debug","@line":37,"@message":"✅ Operations packed: result=0","@module":"flavor::psp::format_2025::operations","@pid":12772,"@timestamp":"2026-03-31T20:29:20.034732Z"}
{"@file":"src/psp/format_2025/operations.rs","@level":"debug","@line":60,"@message":"✅ Operations unpacked: count=8 operations=[246, 136, 37, 6, 60, 174, 245, 212]","@module":"flavor::psp::format_2025::operations","@pid":12772,"@timestamp":"2026-03-31T20:29:20.034730Z"}
{"@file":"src/psp/format_2025/operations.rs","@level":"debug","@line":37,"@message":"✅ Operations packed: result=2707654","@module":"flavor::psp::format_2025::operations","@pid":12772,"@timestamp":"2026-03-31T20:29:20.034752Z"}
{"@file":"src/psp/format_2025/operations.rs","@level":"debug","@line":60,"@message":"✅ Operations unpacked: count=0 operations=[]","@module":"flavor::psp::format_2025::operations","@pid":12772,"@timestamp":"2026-03-31T20:29:20.034762Z"}
{"@file":"src/psp/format_2025/operations.rs","@level":"debug","@line":60,"@message":"✅ Operations unpacked: count=8 operations=[208, 110, 145, 197, 254, 244, 251, 43]","@module":"flavor::psp::format_2025::operations","@pid":12772,"@timestamp":"2026-03-31T20:29:20.034804Z"}
{"@file":"src/psp/format_2025/operations.rs","@level":"debug","@line":37,"@message":"✅ Operations packed: result=107711060736024","@module":"flavor::psp::format_2025::operations","@pid":12772,"@timestamp":"2026-03-31T20:29:20.034813Z"}
{"@file":"src/psp/format_2025/operations.rs","@level":"debug","@line":37,"@message":"✅ Operations packed: result=1833109440681855318","@module":"flavor::psp::format_2025::operations","@pid":12772,"@timestamp":"2026-03-31T20:29:20.034825Z"}
{"@file":"src/psp/format_2025/operations.rs","@level":"debug","@line":37,"@message":"✅ Operations packed: result=3169396137858789072","@module":"flavor::psp::format_2025::operations","@pid":12772,"@timestamp":"2026-03-31T20:29:20.034834Z"}
{"@file":"src/psp/format_2025/operations.rs","@level":"debug","@line":60,"@message":"✅ Operations unpacked: count=8 operations=[86, 201, 65, 246, 82, 131, 112, 25]","@module":"flavor::psp::format_2025::operations","@pid":12772,"@timestamp":"2026-03-31T20:29:20.034858Z"}
{"@file":"src/psp/format_2025/operations.rs","@level":"debug","@line":37,"@message":"✅ Operations packed: result=101","@module":"flavor::psp::format_2025::operations","@pid":12772,"@timestamp":"2026-03-31T20:29:20.034867Z"}
{"@file":"src/psp/format_2025/operations.rs","@level":"debug","@line":60,"@message":"✅ Operations unpacked: count=8 operations=[208, 110, 145, 197, 254, 244, 251, 43]","@module":"flavor::psp::format_2025::operations","@pid":12772,"@timestamp":"2026-03-31T20:29:20.034870Z"}
{"@file":"src/psp/format_2025/operations.rs","@level":"debug","@line":37,"@message":"✅ Operations packed: result=18194685016210642778","@module":"flavor::psp::format_2025::operations","@pid":12772,"@timestamp":"2026-03-31T20:29:20.034915Z"}
{"@file":"src/psp/format_2025/operations.rs","@level":"debug","@line":37,"@message":"✅ Operations packed: result=4551930","@module":"flavor::psp::format_2025::operations","@pid":12772,"@timestamp":"2026-03-31T20:29:20.034924Z"}
{"@file":"src/psp/format_2025/operations.rs","@level":"debug","@line":60,"@message":"✅ Operations unpacked: count=8 operations=[54, 56, 166, 48, 181, 54, 131, 128]","@module":"flavor::psp::format_2025::operations","@pid":12772,"@timestamp":"2026-03-31T20:29:20.034928Z"}
{"@file":"src/psp/format_2025/operations.rs","@level":"debug","@line":60,"@message":"✅ Operations unpacked: count=8 operations=[90, 151, 91, 103, 159, 129, 128, 252]","@module":"flavor::psp::format_2025::operations","@pid":12772,"@timestamp":"2026-03-31T20:29:20.034941Z"}
{"@file":"src/psp/format_2025/operations.rs","@level":"debug","@line":37,"@message":"✅ Operations packed: result=9260305410637051958","@module":"flavor::psp::format_2025::operations","@pid":12772,"@timestamp":"2026-03-31T20:29:20.034973Z"}
{"@file":"src/psp/format_2025/operations.rs","@level":"debug","@line":37,"@message":"✅ Operations packed: result=3850109271176793","@module":"flavor::psp::format_2025::operations","@pid":12772,"@timestamp":"2026-03-31T20:29:20.034981Z"}
{"@file":"src/psp/format_2025/operations.rs","@level":"debug","@line":60,"@message":"✅ Operations unpacked: count=8 operations=[54, 56, 166, 48, 181, 54, 131, 128]","@module":"flavor::psp::format_2025::operations","@pid":12772,"@timestamp":"2026-03-31T20:29:20.034993Z"}
{"@file":"src/psp/format_2025/operations.rs","@level":"debug","@line":37,"@message":"✅ Operations packed: result=823628739538","@module":"flavor::psp::format_2025::operations","@pid":12772,"@timestamp":"2026-03-31T20:29:20.035008Z"}
{"@file":"src/psp/format_2025/operations.rs","@level":"debug","@line":60,"@message":"✅ Operations unpacked: count=5 operations=[210, 51, 25, 196, 191]","@module":"flavor::psp::format_2025::operations","@pid":12772,"@timestamp":"2026-03-31T20:29:20.035051Z"}
{"@file":"src/psp/format_2025/operations.rs","@level":"debug","@line":37,"@message":"✅ Operations packed: result=1258465484728909620","@module":"flavor::psp::format_2025::operations","@pid":12772,"@timestamp":"2026-03-31T20:29:20.035062Z"}
{"@file":"src/psp/format_2025/operations.rs","@level":"debug","@line":60,"@message":"✅ Operations unpacked: count=8 operations=[49, 189, 88, 139, 64, 133, 50, 232]","@module":"flavor::psp::format_2025::operations","@pid":12772,"@timestamp":"2026-03-31T20:29:20.035073Z"}
{"@file":"src/psp/format_2025/operations.rs","@level":"debug","@line":37,"@message":"✅ Operations packed: result=156","@module":"flavor::psp::format_2025::operations","@pid":12772,"@timestamp":"2026-03-31T20:29:20.035098Z"}
{"@file":"src/psp/format_2025/operations.rs","@level":"debug","@line":37,"@message":"✅ Operations packed: result=16731582077897063729","@module":"flavor::psp::format_2025::operations","@pid":12772,"@timestamp":"2026-03-31T20:29:20.035110Z"}
{"@file":"src/psp/format_2025/operations.rs","@level":"debug","@line":60,"@message":"✅ Operations unpacked: count=1 operations=[156]","@module":"flavor::psp::format_2025::operations","@pid":12772,"@timestamp":"2026-03-31T20:29:20.035122Z"}
{"@file":"src/psp/format_2025/operations.rs","@level":"debug","@line":60,"@message":"✅ Operations unpacked: count=8 operations=[49, 189, 88, 139, 64, 133, 50, 232]","@module":"flavor::psp::format_2025::operations","@pid":12772,"@timestamp":"2026-03-31T20:29:20.035136Z"}
{"@file":"src/psp/format_2025/operations.rs","@level":"debug","@line":37,"@message":"✅ Operations packed: result=223961746053","@module":"flavor::psp::format_2025::operations","@pid":12772,"@timestamp":"2026-03-31T20:29:20.035124Z"}
{"@file":"src/psp/format_2025/operations.rs","@level":"debug","@line":37,"@message":"✅ Operations packed: result=57766","@module":"flavor::psp::format_2025::operations","@pid":12772,"@timestamp":"2026-03-31T20:29:20.035178Z"}
{"@file":"src/psp/format_2025/operations.rs","@level":"debug","@line":60,"@message":"✅ Operations unpacked: count=8 operations=[255, 181, 48, 67, 255, 164, 50, 17]","@module":"flavor::psp::format_2025::operations","@pid":12772,"@timestamp":"2026-03-31T20:29:20.035193Z"}
{"@file":"src/psp/format_2025/operations.rs","@level":"debug","@line":60,"@message":"✅ Operations unpacked: count=2 operations=[166, 225]","@module":"flavor::psp::format_2025::operations","@pid":12772,"@timestamp":"2026-03-31T20:29:20.035205Z"}
{"@file":"src/psp/format_2025/operations.rs","@level":"debug","@line":37,"@message":"✅ Operations packed: result=36020","@module":"flavor::psp::format_2025::operations","@pid":12772,"@timestamp":"2026-03-31T20:29:20.035199Z"}
{"@file":"src/psp/format_2025/operations.rs","@level":"debug","@line":37,"@message":"✅ Operations packed: result=1239234263731189247","@module":"flavor::psp::format_2025::operations","@pid":12772,"@timestamp":"2026-03-31T20:29:20.035221Z"}
{"@file":"src/psp/format_2025/operations.rs","@level":"debug","@line":60,"@message":"✅ Operations unpacked: count=8 operations=[255, 181, 48, 67, 255, 164, 50, 17]","@module":"flavor::psp::format_2025::operations","@pid":12772,"@timestamp":"2026-03-31T20:29:20.035252Z"}
{"@file":"src/psp/format_2025/operations.rs","@level":"debug","@line":37,"@message":"✅ Operations packed: result=168258324718034","@module":"flavor::psp::format_2025::operations","@pid":12772,"@timestamp":"2026-03-31T20:29:20.035263Z"}
{"@file":"src/psp/format_2025/operations.rs","@level":"debug","@line":37,"@message":"✅ Operations packed: result=146414099536","@module":"flavor::psp::format_2025::operations","@pid":12772,"@timestamp":"2026-03-31T20:29:20.035286Z"}
{"@file":"src/psp/format_2025/operations.rs","@level":"debug","@line":60,"@message":"✅ Operations unpacked: count=6 operations=[210, 225, 172, 177, 7, 153]","@module":"flavor::psp::format_2025::operations","@pid":12772,"@timestamp":"2026-03-31T20:29:20.035290Z"}
{"@file":"src/psp/format_2025/operations.rs","@level":"debug","@line":60,"@message":"✅ Operations unpacked: count=8 operations=[205, 113, 12, 147, 32, 201, 198, 81]","@module":"flavor::psp::format_2025::operations","@pid":12772,"@timestamp":"2026-03-31T20:29:20.035300Z"}
{"@file":"src/psp/format_2025/operations.rs","@level":"debug","@line":37,"@message":"✅ Operations packed: result=16983478405495601993","@module":"flavor::psp::format_2025::operations","@pid":12772,"@timestamp":"2026-03-31T20:29:20.035336Z"}
{"@file":"src/psp/format_2025/operations.rs","@level":"debug","@line":37,"@message":"✅ Operations packed: result=5892618304204075469","@module":"flavor::psp::format_2025::operations","@pid":12772,"@timestamp":"2026-03-31T20:29:20.035337Z"}
{"@file":"src/psp/format_2025/operations.rs","@level":"debug","@line":37,"@message":"✅ Operations packed: result=0","@module":"flavor::psp::format_2025::operations","@pid":12772,"@timestamp":"2026-03-31T20:29:20.035338Z"}
{"@file":"src/psp/format_2025/operations.rs","@level":"debug","@line":60,"@message":"✅ Operations unpacked: count=8 operations=[205, 113, 12, 147, 32, 201, 198, 81]","@module":"flavor::psp::format_2025::operations","@pid":12772,"@timestamp":"2026-03-31T20:29:20.035375Z"}
{"@file":"src/psp/format_2025/operations.rs","@level":"debug","@line":37,"@message":"✅ Operations packed: result=7963368302195348167","@module":"flavor::psp::format_2025::operations","@pid":12772,"@timestamp":"2026-03-31T20:29:20.035388Z"}
{"@file":"src/psp/format_2025/operations.rs","@level":"debug","@line":60,"@message":"✅ Operations unpacked: count=0 operations=[]","@module":"flavor::psp::format_2025::operations","@pid":12772,"@timestamp":"2026-03-31T20:29:20.035390Z"}
{"@file":"src/psp/format_2025/operations.rs","@level":"debug","@line":37,"@message":"✅ Operations packed: result=2613053344","@module":"flavor::psp::format_2025::operations","@pid":12772,"@timestamp":"2026-03-31T20:29:20.035446Z"}
{"@file":"src/psp/format_2025/operations.rs","@level":"debug","@line":60,"@message":"✅ Operations unpacked: count=8 operations=[200, 26, 117, 199, 9, 84, 133, 162]","@module":"flavor::psp::format_2025::operations","@pid":12772,"@timestamp":"2026-03-31T20:29:20.035427Z"}
{"@file":"src/psp/format_2025/operations.rs","@level":"debug","@line":37,"@message":"✅ Operations packed: result=112","@module":"flavor::psp::format_2025::operations","@pid":12772,"@timestamp":"2026-03-31T20:29:20.035449Z"}
{"@file":"src/psp/format_2025/operations.rs","@level":"debug","@line":37,"@message":"✅ Operations packed: result=11710858807024622280","@module":"flavor::psp::format_2025::operations","@pid":12772,"@timestamp":"2026-03-31T20:29:20.035503Z"}
{"@file":"src/psp/format_2025/operations.rs","@level":"debug","@line":37,"@message":"✅ Operations packed: result=2723072773","@module":"flavor::psp::format_2025::operations","@pid":12772,"@timestamp":"2026-03-31T20:29:20.035521Z"}
{"@file":"src/psp/format_2025/operations.rs","@level":"debug","@line":60,"@message":"✅ Operations unpacked: count=1 operations=[112]","@module":"flavor::psp::format_2025::operations","@pid":12772,"@timestamp":"2026-03-31T20:29:20.035528Z"}
{"@file":"src/psp/format_2025/operations.rs","@level":"debug","@line":60,"@message":"✅ Operations unpacked: count=8 operations=[200, 26, 117, 199, 9, 84, 133, 162]","@module":"flavor::psp::format_2025::operations","@pid":12772,"@timestamp":"2026-03-31T20:29:20.035535Z"}
{"@file":"src/psp/format_2025/operations.rs","@level":"debug","@line":37,"@message":"✅ Operations packed: result=3476072599","@module":"flavor::psp::format_2025::operations","@pid":12772,"@timestamp":"2026-03-31T20:29:20.035585Z"}
{"@file":"src/psp/format_2025/operations.rs","@level":"debug","@line":37,"@message":"✅ Operations packed: result=40962","@module":"flavor::psp::format_2025::operations","@pid":12772,"@timestamp":"2026-03-31T20:29:20.035602Z"}
{"@file":"src/psp/format_2025/operations.rs","@level":"debug","@line":60,"@message":"✅ Operations unpacked: count=8 operations=[71, 129, 103, 32, 139, 242, 45, 61]","@module":"flavor::psp::format_2025::operations","@pid":12772,"@timestamp":"2026-03-31T20:29:20.035608Z"}
{"@file":"src/psp/format_2025/operations.rs","@level":"debug","@line":60,"@message":"✅ Operations unpacked: count=2 operations=[2, 160]","@module":"flavor::psp::format_2025::operations","@pid":12772,"@timestamp":"2026-03-31T20:29:20.035630Z"}
{"@file":"src/psp/format_2025/operations.rs","@level":"debug","@line":37,"@message":"✅ Operations packed: result=4408446289623613767","@module":"flavor::psp::format_2025::operations","@pid":12772,"@timestamp":"2026-03-31T20:29:20.035637Z"}
{"@file":"src/psp/format_2025/operations.rs","@level":"debug","@line":37,"@message":"✅ Operations packed: result=36199743787146598","@module":"flavor::psp::format_2025::operations","@pid":12772,"@timestamp":"2026-03-31T20:29:20.035642Z"}
{"@file":"src/psp/format_2025/operations.rs","@level":"debug","@line":60,"@message":"✅ Operations unpacked: count=8 operations=[71, 129, 103, 32, 139, 242, 45, 61]","@module":"flavor::psp::format_2025::operations","@pid":12772,"@timestamp":"2026-03-31T20:29:20.035656Z"}
{"@file":"src/psp/format_2025/operations.rs","@level":"debug","@line":37,"@message":"✅ Operations packed: result=32","@module":"flavor::psp::format_2025::operations","@pid":12772,"@timestamp":"2026-03-31T20:29:20.035677Z"}
{"@file":"src/psp/format_2025/operations.rs","@level":"debug","@line":60,"@message":"✅ Operations unpacked: count=1 operations=[32]","@module":"flavor::psp::format_2025::operations","@pid":12772,"@timestamp":"2026-03-31T20:29:20.035697Z"}
{"@file":"src/psp/format_2025/operations.rs","@level":"debug","@line":37,"@message":"✅ Operations packed: result=135306350","@module":"flavor::psp::format_2025::operations","@pid":12772,"@timestamp":"2026-03-31T20:29:20.035700Z"}
{"@file":"src/psp/format_2025/operations.rs","@level":"debug","@line":60,"@message":"✅ Operations unpacked: count=8 operations=[174, 91, 124, 2, 253, 224, 70, 252]","@module":"flavor::psp::format_2025::operations","@pid":12772,"@timestamp":"2026-03-31T20:29:20.035712Z"}
{"@file":"src/psp/format_2025/operations.rs","@level":"debug","@line":37,"@message":"✅ Operations packed: result=18178464323200637870","@module":"flavor::psp::format_2025::operations","@pid":12772,"@timestamp":"2026-03-31T20:29:20.035741Z"}
{"@file":"src/psp/format_2025/operations.rs","@level":"debug","@line":37,"@message":"✅ Operations packed: result=1703027398","@module":"flavor::psp::format_2025::operations","@pid":12772,"@timestamp":"2026-03-31T20:29:20.035744Z"}
{"@file":"src/psp/format_2025/operations.rs","@level":"debug","@line":37,"@message":"✅ Operations packed: result=257874469425198","@module":"flavor::psp::format_2025::operations","@pid":12772,"@timestamp":"2026-03-31T20:29:20.035758Z"}
{"@file":"src/psp/format_2025/operations.rs","@level":"debug","@line":60,"@message":"✅ Operations unpacked: count=8 operations=[174, 91, 124, 2, 253, 224, 70, 252]","@module":"flavor::psp::format_2025::operations","@pid":12772,"@timestamp":"2026-03-31T20:29:20.035762Z"}
{"@file":"src/psp/format_2025/operations.rs","@level":"debug","@line":60,"@message":"✅ Operations unpacked: count=4 operations=[198, 34, 130, 101]","@module":"flavor::psp::format_2025::operations","@pid":12772,"@timestamp":"2026-03-31T20:29:20.035767Z"}
{"@file":"src/psp/format_2025/operations.rs","@level":"debug","@line":37,"@message":"✅ Operations packed: result=0","@module":"flavor::psp::format_2025::operations","@pid":12772,"@timestamp":"2026-03-31T20:29:20.035819Z"}
{"@file":"src/psp/format_2025/operations.rs","@level":"debug","@line":60,"@message":"✅ Operations unpacked: count=8 operations=[105, 186, 3, 212, 76, 154, 25, 91]","@module":"flavor::psp::format_2025::operations","@pid":12772,"@timestamp":"2026-03-31T20:29:20.035834Z"}
{"@file":"src/psp/format_2025/operations.rs","@level":"debug","@line":37,"@message":"✅ Operations packed: result=2903310070","@module":"flavor::psp::format_2025::operations","@pid":12772,"@timestamp":"2026-03-31T20:29:20.035841Z"}
{"@file":"src/psp/format_2025/operations.rs","@level":"debug","@line":37,"@message":"✅ Operations packed: result=6564447586634414697","@module":"flavor::psp::format_2025::operations","@pid":12772,"@timestamp":"2026-03-31T20:29:20.035867Z"}
{"@file":"src/psp/format_2025/operations.rs","@level":"debug","@line":60,"@message":"✅ Operations unpacked: count=4 operations=[246, 254, 12, 173]","@module":"flavor::psp::format_2025::operations","@pid":12772,"@timestamp":"2026-03-31T20:29:20.035872Z"}
{"@file":"src/psp/format_2025/operations.rs","@level":"debug","@line":37,"@message":"✅ Operations packed: result=30353","@module":"flavor::psp::format_2025::operations","@pid":12772,"@timestamp":"2026-03-31T20:29:20.035877Z"}
{"@file":"src/psp/format_2025/operations.rs","@level":"debug","@line":60,"@message":"✅ Operations unpacked: count=8 operations=[105, 186, 3, 212, 76, 154, 25, 91]","@module":"flavor::psp::format_2025::operations","@pid":12772,"@timestamp":"2026-03-31T20:29:20.035886Z"}
{"@file":"src/psp/format_2025/operations.rs","@level":"debug","@line":37,"@message":"✅ Operations packed: result=7038431","@module":"flavor::psp::format_2025::operations","@pid":12772,"@timestamp":"2026-03-31T20:29:20.035920Z"}
{"@file":"src/psp/format_2025/operations.rs","@level":"debug","@line":37,"@message":"✅ Operations packed: result=6798876","@module":"flavor::psp::format_2025::operations","@pid":12772,"@timestamp":"2026-03-31T20:29:20.035935Z"}
{"@file":"src/psp/format_2025/operations.rs","@level":"debug","@line":60,"@message":"✅ Operations unpacked: count=8 operations=[213, 137, 61, 241, 208, 35, 226, 162]","@module":"flavor::psp::format_2025::operations","@pid":12772,"@timestamp":"2026-03-31T20:29:20.035949Z"}
{"@file":"src/psp/format_2025/operations.rs","@level":"debug","@line":60,"@message":"✅ Operations unpacked: count=3 operations=[223, 101, 107]","@module":"flavor::psp::format_2025::operations","@pid":12772,"@timestamp":"2026-03-31T20:29:20.035940Z"}
{"@file":"src/psp/format_2025/operations.rs","@level":"debug","@line":37,"@message":"✅ Operations packed: result=11736982959188445653","@module":"flavor::psp::format_2025::operations","@pid":12772,"@timestamp":"2026-03-31T20:29:20.035976Z"}
{"@file":"src/psp/format_2025/operations.rs","@level":"debug","@line":60,"@message":"✅ Operations unpacked: count=8 operations=[213, 137, 61, 241, 208, 35, 226, 162]","@module":"flavor::psp::format_2025::operations","@pid":12772,"@timestamp":"2026-03-31T20:29:20.035994Z"}
{"@file":"src/psp/format_2025/operations.rs","@level":"debug","@line":37,"@message":"✅ Operations packed: result=0","@module":"flavor::psp::format_2025::operations","@pid":12772,"@timestamp":"2026-03-31T20:29:20.035995Z"}
{"@file":"src/psp/format_2025/operations.rs","@level":"debug","@line":37,"@message":"✅ Operations packed: result=152714306513753","@module":"flavor::psp::format_2025::operations","@pid":12772,"@timestamp":"2026-03-31T20:29:20.036012Z"}
{"@file":"src/psp/format_2025/operations.rs","@level":"debug","@line":60,"@message":"✅ Operations unpacked: count=6 operations=[89, 235, 253, 145, 228, 138]","@module":"flavor::psp::format_2025::operations","@pid":12772,"@timestamp":"2026-03-31T20:29:20.036037Z"}
{"@file":"src/psp/format_2025/operations.rs","@level":"debug","@line":60,"@message":"✅ Operations unpacked: count=8 operations=[38, 221, 255, 3, 105, 85, 161, 72]","@module":"flavor::psp::format_2025::operations","@pid":12772,"@timestamp":"2026-03-31T20:29:20.036048Z"}
{"@file":"src/psp/format_2025/operations.rs","@level":"debug","@line":37,"@message":"✅ Operations packed: result=46","@module":"flavor::psp::format_2025::operations","@pid":12772,"@timestamp":"2026-03-31T20:29:20.036061Z"}
{"@file":"src/psp/format_2025/operations.rs","@level":"debug","@line":37,"@message":"✅ Operations packed: result=5233558151508253990","@module":"flavor::psp::format_2025::operations","@pid":12772,"@timestamp":"2026-03-31T20:29:20.036067Z"}
{"@file":"src/psp/format_2025/operations.rs","@level":"debug","@line":60,"@message":"✅ Operations unpacked: count=8 operations=[38, 221, 255, 3, 105, 85, 161, 72]","@module":"flavor::psp::format_2025::operations","@pid":12772,"@timestamp":"2026-03-31T20:29:20.036084Z"}
{"@file":"src/psp/format_2025/operations.rs","@level":"debug","@line":37,"@message":"✅ Operations packed: result=3522046559619848307","@module":"flavor::psp::format_2025::operations","@pid":12772,"@timestamp":"2026-03-31T20:29:20.036085Z"}
{"@file":"src/psp/format_2025/operations.rs","@level":"debug","@line":37,"@message":"✅ Operations packed: result=39278","@module":"flavor::psp::format_2025::operations","@pid":12772,"@timestamp":"2026-03-31T20:29:20.036108Z"}
{"@file":"src/psp/format_2025/operations.rs","@level":"debug","@line":60,"@message":"✅ Operations unpacked: count=8 operations=[115, 24, 135, 116, 175, 210, 224, 48]","@module":"flavor::psp::format_2025::operations","@pid":12772,"@timestamp":"2026-03-31T20:29:20.036110Z"}
{"@file":"src/psp/format_2025/operations.rs","@level":"debug","@line":60,"@message":"✅ Operations unpacked: count=8 operations=[47, 187, 228, 248, 15, 41, 138, 8]","@module":"flavor::psp::format_2025::operations","@pid":12772,"@timestamp":"2026-03-31T20:29:20.036131Z"}
{"@file":"src/psp/format_2025/operations.rs","@level":"debug","@line":37,"@message":"✅ Operations packed: result=615349447666481967","@module":"flavor::psp::format_2025::operations","@pid":12772,"@timestamp":"2026-03-31T20:29:20.036150Z"}
{"@file":"src/psp/format_2025/operations.rs","@level":"debug","@line":37,"@message":"✅ Operations packed: result=190","@module":"flavor::psp::format_2025::operations","@pid":12772,"@timestamp":"2026-03-31T20:29:20.036155Z"}
{"@file":"src/psp/format_2025/operations.rs","@level":"debug","@line":37,"@message":"✅ Operations packed: result=72","@module":"flavor::psp::format_2025::operations","@pid":12772,"@timestamp":"2026-03-31T20:29:20.036160Z"}
{"@file":"src/psp/format_2025/operations.rs","@level":"debug","@line":60,"@message":"✅ Operations unpacked: count=8 operations=[47, 187, 228, 248, 15, 41, 138, 8]","@module":"flavor::psp::format_2025::operations","@pid":12772,"@timestamp":"2026-03-31T20:29:20.036167Z"}
{"@file":"src/psp/format_2025/operations.rs","@level":"debug","@line":60,"@message":"✅ Operations unpacked: count=1 operations=[72]","@module":"flavor::psp::format_2025::operations","@pid":12772,"@timestamp":"2026-03-31T20:29:20.036178Z"}
{"@file":"src/psp/format_2025/operations.rs","@level":"debug","@line":37,"@message":"✅ Operations packed: result=29905","@module":"flavor::psp::format_2025::operations","@pid":12772,"@timestamp":"2026-03-31T20:29:20.036201Z"}
{"@file":"src/psp/format_2025/operations.rs","@level":"debug","@line":60,"@message":"✅ Operations unpacked: count=8 operations=[30, 92, 111, 231, 219, 105, 7, 194]","@module":"flavor::psp::format_2025::operations","@pid":12772,"@timestamp":"2026-03-31T20:29:20.036214Z"}
{"@file":"src/psp/format_2025/operations.rs","@level":"debug","@line":37,"@message":"✅ Operations packed: result=60829539101232","@module":"flavor::psp::format_2025::operations","@pid":12772,"@timestamp":"2026-03-31T20:29:20.036224Z"}
{"@file":"src/psp/format_2025/operations.rs","@level":"debug","@line":37,"@message":"✅ Operations packed: result=13981259961396583454","@module":"flavor::psp::format_2025::operations","@pid":12772,"@timestamp":"2026-03-31T20:29:20.036233Z"}
{"@file":"src/psp/format_2025/operations.rs","@level":"debug","@line":60,"@message":"✅ Operations unpacked: count=6 operations=[48, 234, 17, 251, 82, 55]","@module":"flavor::psp::format_2025::operations","@pid":12772,"@timestamp":"2026-03-31T20:29:20.036242Z"}
{"@file":"src/psp/format_2025/operations.rs","@level":"debug","@line":37,"@message":"✅ Operations packed: result=498524567","@module":"flavor::psp::format_2025::operations","@pid":12772,"@timestamp":"2026-03-31T20:29:20.036248Z"}
{"@file":"src/psp/format_2025/operations.rs","@level":"debug","@line":60,"@message":"✅ Operations unpacked: count=8 operations=[30, 92, 111, 231, 219, 105, 7, 194]","@module":"flavor::psp::format_2025::operations","@pid":12772,"@timestamp":"2026-03-31T20:29:20.036250Z"}
{"@file":"src/psp/format_2025/operations.rs","@level":"debug","@line":37,"@message":"✅ Operations packed: result=7317245686542214","@module":"flavor::psp::format_2025::operations","@pid":12772,"@timestamp":"2026-03-31T20:29:20.036290Z"}
{"@file":"src/psp/format_2025/operations.rs","@level":"debug","@line":37,"@message":"✅ Operations packed: result=637453815","@module":"flavor::psp::format_2025::operations","@pid":12772,"@timestamp":"2026-03-31T20:29:20.036296Z"}
{"@file":"src/psp/format_2025/operations.rs","@level":"debug","@line":60,"@message":"✅ Operations unpacked: count=8 operations=[64, 253, 151, 84, 104, 73, 253, 238]","@module":"flavor::psp::format_2025::operations","@pid":12772,"@timestamp":"2026-03-31T20:29:20.036300Z"}
{"@file":"src/psp/format_2025/operations.rs","@level":"debug","@line":60,"@message":"✅ Operations unpacked: count=7 operations=[134, 111, 225, 5, 255, 254, 25]","@module":"flavor::psp::format_2025::operations","@pid":12772,"@timestamp":"2026-03-31T20:29:20.036308Z"}
{"@file":"src/psp/format_2025/operations.rs","@level":"debug","@line":37,"@message":"✅ Operations packed: result=17221001262579318080","@module":"flavor::psp::format_2025::operations","@pid":12772,"@timestamp":"2026-03-31T20:29:20.036319Z"}
{"@file":"src/psp/format_2025/operations.rs","@level":"debug","@line":60,"@message":"✅ Operations unpacked: count=8 operations=[64, 253, 151, 84, 104, 73, 253, 238]","@module":"flavor::psp::format_2025::operations","@pid":12772,"@timestamp":"2026-03-31T20:29:20.036337Z"}
{"@file":"src/psp/format_2025/operations.rs","@level":"debug","@line":37,"@message":"✅ Operations packed: result=9189007919886187","@module":"flavor::psp::format_2025::operations","@pid":12772,"@timestamp":"2026-03-31T20:29:20.036342Z"}
{"@file":"src/psp/format_2025/operations.rs","@level":"debug","@line":37,"@message":"✅ Operations packed: result=0","@module":"flavor::psp::format_2025::operations","@pid":12772,"@timestamp":"2026-03-31T20:29:20.036355Z"}
{"@file":"src/psp/format_2025/operations.rs","@level":"debug","@line":60,"@message":"✅ Operations unpacked: count=0 operations=[]","@module":"flavor::psp::format_2025::operations","@pid":12772,"@timestamp":"2026-03-31T20:29:20.036372Z"}
{"@file":"src/psp/format_2025/operations.rs","@level":"debug","@line":37,"@message":"✅ Operations packed: result=486230435847","@module":"flavor::psp::format_2025::operations","@pid":12772,"@timestamp":"2026-03-31T20:29:20.036388Z"}
{"@file":"src/psp/format_2025/operations.rs","@level":"debug","@line":60,"@message":"✅ Operations unpacked: count=8 operations=[39, 157, 238, 149, 242, 157, 127, 162]","@module":"flavor::psp::format_2025::operations","@pid":12772,"@timestamp":"2026-03-31T20:29:20.036403Z"}
{"@file":"src/psp/format_2025/operations.rs","@level":"debug","@line":37,"@message":"✅ Operations packed: result=56215","@module":"flavor::psp::format_2025::operations","@pid":12772,"@timestamp":"2026-03-31T20:29:20.036418Z"}
{"@file":"src/psp/format_2025/operations.rs","@level":"debug","@line":37,"@message":"✅ Operations packed: result=11709251221409668391","@module":"flavor::psp::format_2025::operations","@pid":12772,"@timestamp":"2026-03-31T20:29:20.036434Z"}
{"@file":"src/psp/format_2025/operations.rs","@level":"debug","@line":37,"@message":"✅ Operations packed: result=582883508364","@module":"flavor::psp::format_2025::operations","@pid":12772,"@timestamp":"2026-03-31T20:29:20.036435Z"}
{"@file":"src/psp/format_2025/operations.rs","@level":"debug","@line":60,"@message":"✅ Operations unpacked: count=2 operations=[151, 219]","@module":"flavor::psp::format_2025::operations","@pid":12772,"@timestamp":"2026-03-31T20:29:20.036443Z"}
{"@file":"src/psp/format_2025/operations.rs","@level":"debug","@line":60,"@message":"✅ Operations unpacked: count=8 operations=[39, 157, 238, 149, 242, 157, 127, 162]","@module":"flavor::psp::format_2025::operations","@pid":12772,"@timestamp":"2026-03-31T20:29:20.036465Z"}
{"@file":"src/psp/format_2025/operations.rs","@level":"debug","@line":37,"@message":"✅ Operations packed: result=45617424194988","@module":"flavor::psp::format_2025::operations","@pid":12772,"@timestamp":"2026-03-31T20:29:20.036507Z"}
{"@file":"src/psp/format_2025/operations.rs","@level":"debug","@line":37,"@message":"✅ Operations packed: result=48539","@module":"flavor::psp::format_2025::operations","@pid":12772,"@timestamp":"2026-03-31T20:29:20.036516Z"}
{"@file":"src/psp/format_2025/operations.rs","@level":"debug","@line":60,"@message":"✅ Operations unpacked: count=8 operations=[113, 22, 69, 184, 12, 75, 244, 242]","@module":"flavor::psp::format_2025::operations","@pid":12772,"@timestamp":"2026-03-31T20:29:20.036527Z"}
{"@file":"src/psp/format_2025/operations.rs","@level":"debug","@line":60,"@message":"✅ Operations unpacked: count=2 operations=[155, 189]","@module":"flavor::psp::format_2025::operations","@pid":12772,"@timestamp":"2026-03-31T20:29:20.036535Z"}
{"@file":"src/psp/format_2025/operations.rs","@level":"debug","@line":37,"@message":"✅ Operations packed: result=17506700169499186801","@module":"flavor::psp::format_2025::operations","@pid":12772,"@timestamp":"2026-03-31T20:29:20.036547Z"}
{"@file":"src/psp/format_2025/operations.rs","@level":"debug","@line":37,"@message":"✅ Operations packed: result=272565877570","@module":"flavor::psp::format_2025::operations","@pid":12772,"@timestamp":"2026-03-31T20:29:20.036557Z"}
{"@file":"src/psp/format_2025/operations.rs","@level":"debug","@line":60,"@message":"✅ Operations unpacked: count=8 operations=[113, 22, 69, 184, 12, 75, 244, 242]","@module":"flavor::psp::format_2025::operations","@pid":12772,"@timestamp":"2026-03-31T20:29:20.036567Z"}
{"@file":"src/psp/format_2025/operations.rs","@level":"debug","@line":37,"@message":"✅ Operations packed: result=0","@module":"flavor::psp::format_2025::operations","@pid":12772,"@timestamp":"2026-03-31T20:29:20.036580Z"}
{"@file":"src/psp/format_2025/operations.rs","@level":"debug","@line":60,"@message":"✅ Operations unpacked: count=0 operations=[]","@module":"flavor::psp::format_2025::operations","@pid":12772,"@timestamp":"2026-03-31T20:29:20.036599Z"}
{"@file":"src/psp/format_2025/operations.rs","@level":"debug","@line":37,"@message":"✅ Operations packed: result=0","@module":"flavor::psp::format_2025::operations","@pid":12772,"@timestamp":"2026-03-31T20:29:20.036603Z"}
{"@file":"src/psp/format_2025/operations.rs","@level":"debug","@line":60,"@message":"✅ Operations unpacked: count=8 operations=[220, 49, 252, 178, 216, 158, 120, 54]","@module":"flavor::psp::format_2025::operations","@pid":12772,"@timestamp":"2026-03-31T20:29:20.036614Z"}
{"@file":"src/psp/format_2025/operations.rs","@level":"debug","@line":37,"@message":"✅ Operations packed: result=3925061728806384092","@module":"flavor::psp::format_2025::operations","@pid":12772,"@timestamp":"2026-03-31T20:29:20.036635Z"}
{"@file":"src/psp/format_2025/operations.rs","@level":"debug","@line":37,"@message":"✅ Operations packed: result=0","@module":"flavor::psp::format_2025::operations","@pid":12772,"@timestamp":"2026-03-31T20:29:20.036643Z"}
{"@file":"src/psp/format_2025/operations.rs","@level":"debug","@line":37,"@message":"✅ Operations packed: result=1011076969816","@module":"flavor::psp::format_2025::operations","@pid":12772,"@timestamp":"2026-03-31T20:29:20.036650Z"}
{"@file":"src/psp/format_2025/operations.rs","@level":"debug","@line":60,"@message":"✅ Operations unpacked: count=0 operations=[]","@module":"flavor::psp::format_2025::operations","@pid":12772,"@timestamp":"2026-03-31T20:29:20.036662Z"}
{"@file":"src/psp/format_2025/operations.rs","@level":"debug","@line":60,"@message":"✅ Operations unpacked: count=8 operations=[220, 49, 252, 178, 216, 158, 120, 54]","@module":"flavor::psp::format_2025::operations","@pid":12772,"@timestamp":"2026-03-31T20:29:20.036653Z"}
{"@file":"src/psp/format_2025/operations.rs","@level":"debug","@line":37,"@message":"✅ Operations packed: result=276383698831159","@module":"flavor::psp::format_2025::operations","@pid":12772,"@timestamp":"2026-03-31T20:29:20.036702Z"}
{"@file":"src/psp/format_2025/operations.rs","@level":"debug","@line":37,"@message":"✅ Operations packed: result=82","@module":"flavor::psp::format_2025::operations","@pid":12772,"@timestamp":"2026-03-31T20:29:20.036714Z"}
{"@file":"src/psp/format_2025/operations.rs","@level":"debug","@line":60,"@message":"✅ Operations unpacked: count=1 operations=[82]","@module":"flavor::psp::format_2025::operations","@pid":12772,"@timestamp":"2026-03-31T20:29:20.036733Z"}
{"@file":"src/psp/format_2025/operations.rs","@level":"debug","@line":60,"@message":"✅ Operations unpacked: count=8 operations=[170, 109, 113, 245, 166, 29, 137, 207]","@module":"flavor::psp::format_2025::operations","@pid":12772,"@timestamp":"2026-03-31T20:29:20.036731Z"}
{"@file":"src/psp/format_2025/operations.rs","@level":"debug","@line":37,"@message":"✅ Operations packed: result=33707","@module":"flavor::psp::format_2025::operations","@pid":12772,"@timestamp":"2026-03-31T20:29:20.036755Z"}
{"@file":"src/psp/format_2025/operations.rs","@level":"debug","@line":37,"@message":"✅ Operations packed: result=14954516640580070826","@module":"flavor::psp::format_2025::operations","@pid":12772,"@timestamp":"2026-03-31T20:29:20.036767Z"}
{"@file":"src/psp/format_2025/operations.rs","@level":"debug","@line":60,"@message":"✅ Operations unpacked: count=8 operations=[170, 109, 113, 245, 166, 29, 137, 207]","@module":"flavor::psp::format_2025::operations","@pid":12772,"@timestamp":"2026-03-31T20:29:20.036787Z"}
{"@file":"src/psp/format_2025/operations.rs","@level":"debug","@line":37,"@message":"✅ Operations packed: result=51321931627085","@module":"flavor::psp::format_2025::operations","@pid":12772,"@timestamp":"2026-03-31T20:29:20.036802Z"}
{"@file":"src/psp/format_2025/operations.rs","@level":"debug","@line":37,"@message":"✅ Operations packed: result=27246059362926","@module":"flavor::psp::format_2025::operations","@pid":12772,"@timestamp":"2026-03-31T20:29:20.036804Z"}
{"@file":"src/psp/format_2025/operations.rs","@level":"debug","@line":60,"@message":"✅ Operations unpacked: count=6 operations=[77, 250, 128, 81, 173, 46]","@module":"flavor::psp::format_2025::operations","@pid":12772,"@timestamp":"2026-03-31T20:29:20.036834Z"}
{"@file":"src/psp/format_2025/operations.rs","@level":"debug","@line":60,"@message":"✅ Operations unpacked: count=8 operations=[137, 1, 174, 169, 101, 223, 176, 75]","@module":"flavor::psp::format_2025::operations","@pid":12772,"@timestamp":"2026-03-31T20:29:20.036847Z"}
{"@file":"src/psp/format_2025/operations.rs","@level":"debug","@line":37,"@message":"✅ Operations packed: result=5454104776477114761","@module":"flavor::psp::format_2025::operations","@pid":12772,"@timestamp":"2026-03-31T20:29:20.036869Z"}
{"@file":"src/psp/format_2025/operations.rs","@level":"debug","@line":37,"@message":"✅ Operations packed: result=135","@module":"flavor::psp::format_2025::operations","@pid":12772,"@timestamp":"2026-03-31T20:29:20.036872Z"}
{"@file":"src/psp/format_2025/operations.rs","@level":"debug","@line":37,"@message":"✅ Operations packed: result=30237","@module":"flavor::psp::format_2025::operations","@pid":12772,"@timestamp":"2026-03-31T20:29:20.036883Z"}
{"@file":"src/psp/format_2025/operations.rs","@level":"debug","@line":60,"@message":"✅ Operations unpacked: count=8 operations=[137, 1, 174, 169, 101, 223, 176, 75]","@module":"flavor::psp::format_2025::operations","@pid":12772,"@timestamp":"2026-03-31T20:29:20.036889Z"}
{"@file":"src/psp/format_2025/operations.rs","@level":"debug","@line":60,"@message":"✅ Operations unpacked: count=2 operations=[29, 118]","@module":"flavor::psp::format_2025::operations","@pid":12772,"@timestamp":"2026-03-31T20:29:20.036922Z"}
{"@file":"src/psp/format_2025/operations.rs","@level":"debug","@line":37,"@message":"✅ Operations packed: result=8488141","@module":"flavor::psp::format_2025::operations","@pid":12772,"@timestamp":"2026-03-31T20:29:20.036939Z"}
{"@file":"src/psp/format_2025/operations.rs","@level":"debug","@line":60,"@message":"✅ Operations unpacked: count=8 operations=[214, 176, 123, 230, 243, 81, 249, 49]","@module":"flavor::psp::format_2025::operations","@pid":12772,"@timestamp":"2026-03-31T20:29:20.036956Z"}
{"@file":"src/psp/format_2025/operations.rs","@level":"debug","@line":37,"@message":"✅ Operations packed: result=73","@module":"flavor::psp::format_2025::operations","@pid":12772,"@timestamp":"2026-03-31T20:29:20.036968Z"}
{"@file":"src/psp/format_2025/operations.rs","@level":"debug","@line":37,"@message":"✅ Operations packed: result=3600999485045190870","@module":"flavor::psp::format_2025::operations","@pid":12772,"@timestamp":"2026-03-31T20:29:20.036982Z"}
{"@file":"src/psp/format_2025/operations.rs","@level":"debug","@line":60,"@message":"✅ Operations unpacked: count=1 operations=[73]","@module":"flavor::psp::format_2025::operations","@pid":12772,"@timestamp":"2026-03-31T20:29:20.036989Z"}
{"@file":"src/psp/format_2025/operations.rs","@level":"debug","@line":60,"@message":"✅ Operations unpacked: count=8 operations=[214, 176, 123, 230, 243, 81, 249, 49]","@module":"flavor::psp::format_2025::operations","@pid":12772,"@timestamp":"2026-03-31T20:29:20.037001Z"}
{"@file":"src/psp/format_2025/operations.rs","@level":"debug","@line":37,"@message":"✅ Operations packed: result=34465089308072673","@module":"flavor::psp::format_2025::operations","@pid":12772,"@timestamp":"2026-03-31T20:29:20.037008Z"}
{"@file":"src/psp/format_2025/operations.rs","@level":"debug","@line":37,"@message":"✅ Operations packed: result=641751337672","@module":"flavor::psp::format_2025::operations","@pid":12772,"@timestamp":"2026-03-31T20:29:20.037036Z"}
{"@file":"src/psp/format_2025/operations.rs","@level":"debug","@line":60,"@message":"✅ Operations unpacked: count=8 operations=[77, 192, 45, 84, 133, 129, 166, 26]","@module":"flavor::psp::format_2025::operations","@pid":12772,"@timestamp":"2026-03-31T20:29:20.037050Z"}
{"@file":"src/psp/format_2025/operations.rs","@level":"debug","@line":60,"@message":"✅ Operations unpacked: count=5 operations=[200, 74, 92, 107, 149]","@module":"flavor::psp::format_2025::operations","@pid":12772,"@timestamp":"2026-03-31T20:29:20.037054Z"}
{"@file":"src/psp/format_2025/operations.rs","@level":"debug","@line":37,"@message":"✅ Operations packed: result=191","@module":"flavor::psp::format_2025::operations","@pid":12772,"@timestamp":"2026-03-31T20:29:20.037057Z"}
{"@file":"src/psp/format_2025/operations.rs","@level":"debug","@line":37,"@message":"✅ Operations packed: result=1920364700763013197","@module":"flavor::psp::format_2025::operations","@pid":12772,"@timestamp":"2026-03-31T20:29:20.037070Z"}
{"@file":"src/psp/format_2025/operations.rs","@level":"debug","@line":37,"@message":"✅ Operations packed: result=44315237397048723","@module":"flavor::psp::format_2025::operations","@pid":12772,"@timestamp":"2026-03-31T20:29:20.037106Z"}
{"@file":"src/psp/format_2025/operations.rs","@level":"debug","@line":60,"@message":"✅ Operations unpacked: count=8 operations=[77, 192, 45, 84, 133, 129, 166, 26]","@module":"flavor::psp::format_2025::operations","@pid":12772,"@timestamp":"2026-03-31T20:29:20.037108Z"}
{"@file":"src/psp/format_2025/operations.rs","@level":"debug","@line":37,"@message":"✅ Operations packed: result=19","@module":"flavor::psp::format_2025::operations","@pid":12772,"@timestamp":"2026-03-31T20:29:20.037139Z"}
{"@file":"src/psp/format_2025/operations.rs","@level":"debug","@line":60,"@message":"✅ Operations unpacked: count=7 operations=[147, 45, 48, 63, 121, 112, 157]","@module":"flavor::psp::format_2025::operations","@pid":12772,"@timestamp":"2026-03-31T20:29:20.037127Z"}
{"@file":"src/psp/format_2025/operations.rs","@level":"debug","@line":60,"@message":"✅ Operations unpacked: count=8 operations=[58, 240, 224, 32, 7, 25, 64, 32]","@module":"flavor::psp::format_2025::operations","@pid":12772,"@timestamp":"2026-03-31T20:29:20.037182Z"}
{"@file":"src/psp/format_2025/operations.rs","@level":"debug","@line":37,"@message":"✅ Operations packed: result=9367699","@module":"flavor::psp::format_2025::operations","@pid":12772,"@timestamp":"2026-03-31T20:29:20.037198Z"}
{"@file":"src/psp/format_2025/operations.rs","@level":"debug","@line":37,"@message":"✅ Operations packed: result=2323884926130253882","@module":"flavor::psp::format_2025::operations","@pid":12772,"@timestamp":"2026-03-31T20:29:20.037206Z"}
{"@file":"src/psp/format_2025/operations.rs","@level":"debug","@line":37,"@message":"✅ Operations packed: result=50872933786950615","@module":"flavor::psp::format_2025::operations","@pid":12772,"@timestamp":"2026-03-31T20:29:20.037235Z"}
{"@file":"src/psp/format_2025/operations.rs","@level":"debug","@line":60,"@message":"✅ Operations unpacked: count=8 operations=[58, 240, 224, 32, 7, 25, 64, 32]","@module":"flavor::psp::format_2025::operations","@pid":12772,"@timestamp":"2026-03-31T20:29:20.037251Z"}
{"@file":"src/psp/format_2025/operations.rs","@level":"debug","@line":37,"@message":"✅ Operations packed: result=397829026094","@module":"flavor::psp::format_2025::operations","@pid":12772,"@timestamp":"2026-03-31T20:29:20.037263Z"}
{"@file":"src/psp/format_2025/operations.rs","@level":"debug","@line":60,"@message":"✅ Operations unpacked: count=7 operations=[215, 155, 13, 235, 169, 188, 180]","@module":"flavor::psp::format_2025::operations","@pid":12772,"@timestamp":"2026-03-31T20:29:20.037261Z"}
{"@file":"src/psp/format_2025/operations.rs","@level":"debug","@line":37,"@message":"✅ Operations packed: result=0","@module":"flavor::psp::format_2025::operations","@pid":12772,"@timestamp":"2026-03-31T20:29:20.037319Z"}
{"@file":"src/psp/format_2025/operations.rs","@level":"debug","@line":60,"@message":"✅ Operations unpacked: count=8 operations=[200, 149, 1, 228, 29, 10, 202, 121]","@module":"flavor::psp::format_2025::operations","@pid":12772,"@timestamp":"2026-03-31T20:29:20.037333Z"}
{"@file":"src/psp/format_2025/operations.rs","@level":"debug","@line":37,"@message":"✅ Operations packed: result=8775837947380471240","@module":"flavor::psp::format_2025::operations","@pid":12772,"@timestamp":"2026-03-31T20:29:20.037355Z"}
{"@file":"src/psp/format_2025/operations.rs","@level":"debug","@line":37,"@message":"✅ Operations packed: result=32547","@module":"flavor::psp::format_2025::operations","@pid":12772,"@timestamp":"2026-03-31T20:29:20.037357Z"}
{"@file":"src/psp/format_2025/operations.rs","@level":"debug","@line":37,"@message":"✅ Operations packed: result=15734557","@module":"flavor::psp::format_2025::operations","@pid":12772,"@timestamp":"2026-03-31T20:29:20.037372Z"}
{"@file":"src/psp/format_2025/operations.rs","@level":"debug","@line":60,"@message":"✅ Operations unpacked: count=8 operations=[200, 149, 1, 228, 29, 10, 202, 121]","@module":"flavor::psp::format_2025::operations","@pid":12772,"@timestamp":"2026-03-31T20:29:20.037380Z"}
{"@file":"src/psp/format_2025/operations.rs","@level":"debug","@line":60,"@message":"✅ Operations unpacked: count=2 operations=[35, 127]","@module":"flavor::psp::format_2025::operations","@pid":12772,"@timestamp":"2026-03-31T20:29:20.037403Z"}
{"@file":"src/psp/format_2025/operations.rs","@level":"debug","@line":37,"@message":"✅ Operations packed: result=11601905034519060","@module":"flavor::psp::format_2025::operations","@pid":12772,"@timestamp":"2026-03-31T20:29:20.037446Z"}
{"@file":"src/psp/format_2025/operations.rs","@level":"debug","@line":60,"@message":"✅ Operations unpacked: count=8 operations=[169, 168, 68, 18, 104, 8, 254, 32]","@module":"flavor::psp::format_2025::operations","@pid":12772,"@timestamp":"2026-03-31T20:29:20.037455Z"}
{"@file":"src/psp/format_2025/operations.rs","@level":"debug","@line":37,"@message":"✅ Operations packed: result=11585060","@module":"flavor::psp::format_2025::operations","@pid":12772,"@timestamp":"2026-03-31T20:29:20.037467Z"}
{"@file":"src/psp/format_2025/operations.rs","@level":"debug","@line":37,"@message":"✅ Operations packed: result=2377346896374311081","@module":"flavor::psp::format_2025::operations","@pid":12772,"@timestamp":"2026-03-31T20:29:20.037478Z"}
{"@file":"src/psp/format_2025/operations.rs","@level":"debug","@line":60,"@message":"✅ Operations unpacked: count=3 operations=[36, 198, 176]","@module":"flavor::psp::format_2025::operations","@pid":12772,"@timestamp":"2026-03-31T20:29:20.037499Z"}
{"@file":"src/psp/format_2025/operations.rs","@level":"debug","@line":60,"@message":"✅ Operations unpacked: count=8 operations=[169, 168, 68, 18, 104, 8, 254, 32]","@module":"flavor::psp::format_2025::operations","@pid":12772,"@timestamp":"2026-03-31T20:29:20.037512Z"}
{"@file":"src/psp/format_2025/operations.rs","@level":"debug","@line":37,"@message":"✅ Operations packed: result=22","@module":"flavor::psp::format_2025::operations","@pid":12772,"@timestamp":"2026-03-31T20:29:20.037500Z"}
{"@file":"src/psp/format_2025/operations.rs","@level":"debug","@line":60,"@message":"✅ Operations unpacked: count=8 operations=[39, 153, 8, 22, 112, 8, 96, 40]","@module":"flavor::psp::format_2025::operations","@pid":12772,"@timestamp":"2026-03-31T20:29:20.037567Z"}
{"@file":"src/psp/format_2025/operations.rs","@level":"debug","@line":37,"@message":"✅ Operations packed: result=17979489836129819978","@module":"flavor::psp::format_2025::operations","@pid":12772,"@timestamp":"2026-03-31T20:29:20.037569Z"}
{"@file":"src/psp/format_2025/operations.rs","@level":"debug","@line":37,"@message":"✅ Operations packed: result=2909334636780362023","@module":"flavor::psp::format_2025::operations","@pid":12772,"@timestamp":"2026-03-31T20:29:20.037589Z"}
{"@file":"src/psp/format_2025/operations.rs","@level":"debug","@line":37,"@message":"✅ Operations packed: result=8561793175945321","@module":"flavor::psp::format_2025::operations","@pid":12772,"@timestamp":"2026-03-31T20:29:20.037573Z"}
{"@file":"src/psp/format_2025/operations.rs","@level":"debug","@line":60,"@message":"✅ Operations unpacked: count=8 operations=[74, 157, 67, 29, 191, 250, 131, 249]","@module":"flavor::psp::format_2025::operations","@pid":12772,"@timestamp":"2026-03-31T20:29:20.037608Z"}
{"@file":"src/psp/format_2025/operations.rs","@level":"debug","@line":60,"@message":"✅ Operations unpacked: count=8 operations=[39, 153, 8, 22, 112, 8, 96, 40]","@module":"flavor::psp::format_2025::operations","@pid":12772,"@timestamp":"2026-03-31T20:29:20.037617Z"}
{"@file":"src/psp/format_2025/operations.rs","@level":"debug","@line":37,"@message":"✅ Operations packed: result=14311123866517685","@module":"flavor::psp::format_2025::operations","@pid":12772,"@timestamp":"2026-03-31T20:29:20.037662Z"}
{"@file":"src/psp/format_2025/operations.rs","@level":"debug","@line":37,"@message":"✅ Operations packed: result=33869367507791199","@module":"flavor::psp::format_2025::operations","@pid":12772,"@timestamp":"2026-03-31T20:29:20.037671Z"}
{"@file":"src/psp/format_2025/operations.rs","@level":"debug","@line":60,"@message":"✅ Operations unpacked: count=8 operations=[105, 46, 215, 178, 12, 164, 253, 239]","@module":"flavor::psp::format_2025::operations","@pid":12772,"@timestamp":"2026-03-31T20:29:20.037680Z"}
{"@file":"src/psp/format_2025/operations.rs","@level":"debug","@line":60,"@message":"✅ Operations unpacked: count=7 operations=[95, 173, 17, 163, 2, 84, 120]","@module":"flavor::psp::format_2025::operations","@pid":12772,"@timestamp":"2026-03-31T20:29:20.037690Z"}
{"@file":"src/psp/format_2025/operations.rs","@level":"debug","@line":37,"@message":"✅ Operations packed: result=17293158518619582057","@module":"flavor::psp::format_2025::operations","@pid":12772,"@timestamp":"2026-03-31T20:29:20.037700Z"}
{"@file":"src/psp/format_2025/operations.rs","@level":"debug","@line":37,"@message":"✅ Operations packed: result=2073891827","@module":"flavor::psp::format_2025::operations","@pid":12772,"@timestamp":"2026-03-31T20:29:20.037712Z"}
{"@file":"src/psp/format_2025/operations.rs","@level":"debug","@line":60,"@message":"✅ Operations unpacked: count=8 operations=[105, 46, 215, 178, 12, 164, 253, 239]","@module":"flavor::psp::format_2025::operations","@pid":12772,"@timestamp":"2026-03-31T20:29:20.037719Z"}
{"@file":"src/psp/format_2025/operations.rs","@level":"debug","@line":37,"@message":"✅ Operations packed: result=17817507611248207","@module":"flavor::psp::format_2025::operations","@pid":12772,"@timestamp":"2026-03-31T20:29:20.037738Z"}
{"@file":"src/psp/format_2025/operations.rs","@level":"debug","@line":60,"@message":"✅ Operations unpacked: count=7 operations=[79, 134, 243, 195, 237, 76, 63]","@module":"flavor::psp::format_2025::operations","@pid":12772,"@timestamp":"2026-03-31T20:29:20.037757Z"}
{"@file":"src/psp/format_2025/operations.rs","@level":"debug","@line":37,"@message":"✅ Operations packed: result=176855106955842","@module":"flavor::psp::format_2025::operations","@pid":12772,"@timestamp":"2026-03-31T20:29:20.037762Z"}
{"@file":"src/psp/format_2025/operations.rs","@level":"debug","@line":60,"@message":"✅ Operations unpacked: count=8 operations=[36, 239, 254, 231, 251, 63, 75, 102]","@module":"flavor::psp::format_2025::operations","@pid":12772,"@timestamp":"2026-03-31T20:29:20.037766Z"}
{"@file":"src/psp/format_2025/operations.rs","@level":"debug","@line":37,"@message":"✅ Operations packed: result=7371055566283534116","@module":"flavor::psp::format_2025::operations","@pid":12772,"@timestamp":"2026-03-31T20:29:20.037790Z"}
{"@file":"src/psp/format_2025/operations.rs","@level":"debug","@line":60,"@message":"✅ Operations unpacked: count=8 operations=[36, 239, 254, 231, 251, 63, 75, 102]","@module":"flavor::psp::format_2025::operations","@pid":12772,"@timestamp":"2026-03-31T20:29:20.037808Z"}
{"@file":"src/psp/format_2025/operations.rs","@level":"debug","@line":37,"@message":"✅ Operations packed: result=280645962559952","@module":"flavor::psp::format_2025::operations","@pid":12772,"@timestamp":"2026-03-31T20:29:20.037812Z"}
{"@file":"src/psp/format_2025/operations.rs","@level":"debug","@line":37,"@message":"✅ Operations packed: result=1059372241607","@module":"flavor::psp::format_2025::operations","@pid":12772,"@timestamp":"2026-03-31T20:29:20.037817Z"}
{"@file":"src/psp/format_2025/operations.rs","@level":"debug","@line":60,"@message":"✅ Operations unpacked: count=5 operations=[199, 146, 129, 167, 246]","@module":"flavor::psp::format_2025::operations","@pid":12772,"@timestamp":"2026-03-31T20:29:20.037851Z"}
{"@file":"src/psp/format_2025/operations.rs","@level":"debug","@line":60,"@message":"✅ Operations unpacked: count=8 operations=[37, 218, 192, 203, 7, 191, 184, 135]","@module":"flavor::psp::format_2025::operations","@pid":12772,"@timestamp":"2026-03-31T20:29:20.037857Z"}
{"@file":"src/psp/format_2025/operations.rs","@level":"debug","@line":37,"@message":"✅ Operations packed: result=0","@module":"flavor::psp::format_2025::operations","@pid":12772,"@timestamp":"2026-03-31T20:29:20.037870Z"}
{"@file":"src/psp/format_2025/operations.rs","@level":"debug","@line":37,"@message":"✅ Operations packed: result=9779776631039121957","@module":"flavor::psp::format_2025::operations","@pid":12772,"@timestamp":"2026-03-31T20:29:20.037876Z"}
{"@file":"src/psp/format_2025/operations.rs","@level":"debug","@line":60,"@message":"✅ Operations unpacked: count=8 operations=[37, 218, 192, 203, 7, 191, 184, 135]","@module":"flavor::psp::format_2025::operations","@pid":12772,"@timestamp":"2026-03-31T20:29:20.037894Z"}
{"@file":"src/psp/format_2025/operations.rs","@level":"debug","@line":37,"@message":"✅ Operations packed: result=36889718409225","@module":"flavor::psp::format_2025::operations","@pid":12772,"@timestamp":"2026-03-31T20:29:20.037901Z"}
{"@file":"src/psp/format_2025/operations.rs","@level":"debug","@line":37,"@message":"✅ Operations packed: result=8816727","@module":"flavor::psp::format_2025::operations","@pid":12772,"@timestamp":"2026-03-31T20:29:20.037917Z"}
{"@file":"src/psp/format_2025/operations.rs","@level":"debug","@line":60,"@message":"✅ Operations unpacked: count=6 operations=[9, 200, 143, 14, 141, 33]","@module":"flavor::psp::format_2025::operations","@pid":12772,"@timestamp":"2026-03-31T20:29:20.037920Z"}
{"@file":"src/psp/format_2025/operations.rs","@level":"debug","@line":60,"@message":"✅ Operations unpacked: count=8 operations=[65, 91, 43, 6, 29, 42, 226, 244]","@module":"flavor::psp::format_2025::operations","@pid":12772,"@timestamp":"2026-03-31T20:29:20.037941Z"}
{"@file":"src/psp/format_2025/operations.rs","@level":"debug","@line":37,"@message":"✅ Operations packed: result=17645712594136947521","@module":"flavor::psp::format_2025::operations","@pid":12772,"@timestamp":"2026-03-31T20:29:20.037960Z"}
{"@file":"src/psp/format_2025/operations.rs","@level":"debug","@line":37,"@message":"✅ Operations packed: result=0","@module":"flavor::psp::format_2025::operations","@pid":12772,"@timestamp":"2026-03-31T20:29:20.037966Z"}
{"@file":"src/psp/format_2025/operations.rs","@level":"debug","@line":37,"@message":"✅ Operations packed: result=36856946964976142","@module":"flavor::psp::format_2025::operations","@pid":12772,"@timestamp":"2026-03-31T20:29:20.037973Z"}
{"@file":"src/psp/format_2025/operations.rs","@level":"debug","@line":60,"@message":"✅ Operations unpacked: count=8 operations=[65, 91, 43, 6, 29, 42, 226, 244]","@module":"flavor::psp::format_2025::operations","@pid":12772,"@timestamp":"2026-03-31T20:29:20.037978Z"}
{"@file":"src/psp/format_2025/operations.rs","@level":"debug","@line":60,"@message":"✅ Operations unpacked: count=7 operations=[14, 82, 90, 175, 50, 241, 130]","@module":"flavor::psp::format_2025::operations","@pid":12772,"@timestamp":"2026-03-31T20:29:20.037993Z"}
{"@file":"src/psp/format_2025/operations.rs","@level":"debug","@line":37,"@message":"✅ Operations packed: result=0","@module":"flavor::psp::format_2025::operations","@pid":12772,"@timestamp":"2026-03-31T20:29:20.038011Z"}
{"@file":"src/psp/format_2025/operations.rs","@level":"debug","@line":60,"@message":"✅ Operations unpacked: count=8 operations=[86, 108, 168, 237, 198, 253, 70, 120]","@module":"flavor::psp::format_2025::operations","@pid":12772,"@timestamp":"2026-03-31T20:29:20.038027Z"}
{"@file":"src/psp/format_2025/operations.rs","@level":"debug","@line":37,"@message":"✅ Operations packed: result=0","@module":"flavor::psp::format_2025::operations","@pid":12772,"@timestamp":"2026-03-31T20:29:20.038040Z"}
{"@file":"src/psp/format_2025/operations.rs","@level":"debug","@line":37,"@message":"✅ Operations packed: result=8666893563753688150","@module":"flavor::psp::format_2025::operations","@pid":12772,"@timestamp":"2026-03-31T20:29:20.038046Z"}
{"@file":"src/psp/format_2025/operations.rs","@level":"debug","@line":60,"@message":"✅ Operations unpacked: count=0 operations=[]","@module":"flavor::psp::format_2025::operations","@pid":12772,"@timestamp":"2026-03-31T20:29:20.038058Z"}
{"@file":"src/psp/format_2025/operations.rs","@level":"debug","@line":60,"@message":"✅ Operations unpacked: count=8 operations=[86, 108, 168, 237, 198, 253, 70, 120]","@module":"flavor::psp::format_2025::operations","@pid":12772,"@timestamp":"2026-03-31T20:29:20.038064Z"}
{"@file":"src/psp/format_2025/operations.rs","@level":"debug","@line":37,"@message":"✅ Operations packed: result=2294001219","@module":"flavor::psp::format_2025::operations","@pid":12772,"@timestamp":"2026-03-31T20:29:20.038059Z"}
{"@file":"src/psp/format_2025/operations.rs","@level":"debug","@line":37,"@message":"✅ Operations packed: result=153580446410586","@module":"flavor::psp::format_2025::operations","@pid":12772,"@timestamp":"2026-03-31T20:29:20.038107Z"}
{"@file":"src/psp/format_2025/operations.rs","@level":"debug","@line":60,"@message":"✅ Operations unpacked: count=8 operations=[130, 159, 21, 236, 87, 60, 204, 246]","@module":"flavor::psp::format_2025::operations","@pid":12772,"@timestamp":"2026-03-31T20:29:20.038111Z"}
{"@file":"src/psp/format_2025/operations.rs","@level":"debug","@line":60,"@message":"✅ Operations unpacked: count=6 operations=[90, 231, 243, 59, 174, 139]","@module":"flavor::psp::format_2025::operations","@pid":12772,"@timestamp":"2026-03-31T20:29:20.038126Z"}
{"@file":"src/psp/format_2025/operations.rs","@level":"debug","@line":37,"@message":"✅ Operations packed: result=0","@module":"flavor::psp::format_2025::operations","@pid":12772,"@timestamp":"2026-03-31T20:29:20.038129Z"}
{"@file":"src/psp/format_2025/operations.rs","@level":"debug","@line":37,"@message":"✅ Operations packed: result=17783655376899907458","@module":"flavor::psp::format_2025::operations","@pid":12772,"@timestamp":"2026-03-31T20:29:20.038133Z"}
{"@file":"src/psp/format_2025/operations.rs","@level":"debug","@line":60,"@message":"✅ Operations unpacked: count=8 operations=[130, 159, 21, 236, 87, 60, 204, 246]","@module":"flavor::psp::format_2025::operations","@pid":12772,"@timestamp":"2026-03-31T20:29:20.038173Z"}
{"@file":"src/psp/format_2025/operations.rs","@level":"debug","@line":37,"@message":"✅ Operations packed: result=814863148037","@module":"flavor::psp::format_2025::operations","@pid":12772,"@timestamp":"2026-03-31T20:29:20.038174Z"}
{"@file":"src/psp/format_2025/operations.rs","@level":"debug","@line":37,"@message":"✅ Operations packed: result=33653","@module":"flavor::psp::format_2025::operations","@pid":12772,"@timestamp":"2026-03-31T20:29:20.038188Z"}
{"@file":"src/psp/format_2025/operations.rs","@level":"debug","@line":60,"@message":"✅ Operations unpacked: count=5 operations=[5, 228, 160, 185, 189]","@module":"flavor::psp::format_2025::operations","@pid":12772,"@timestamp":"2026-03-31T20:29:20.038201Z"}
{"@file":"src/psp/format_2025/operations.rs","@level":"debug","@line":60,"@message":"✅ Operations unpacked: count=8 operations=[169, 193, 169, 216, 14, 195, 206, 32]","@module":"flavor::psp::format_2025::operations","@pid":12772,"@timestamp":"2026-03-31T20:29:20.038222Z"}
{"@file":"src/psp/format_2025/operations.rs","@level":"debug","@line":37,"@message":"✅ Operations packed: result=214","@module":"flavor::psp::format_2025::operations","@pid":12772,"@timestamp":"2026-03-31T20:29:20.038241Z"}
{"@file":"src/psp/format_2025/operations.rs","@level":"debug","@line":37,"@message":"✅ Operations packed: result=7","@module":"flavor::psp::format_2025::operations","@pid":12772,"@timestamp":"2026-03-31T20:29:20.038253Z"}
{"@file":"src/psp/format_2025/operations.rs","@level":"debug","@line":37,"@message":"✅ Operations packed: result=2364041322948051369","@module":"flavor::psp::format_2025::operations","@pid":12772,"@timestamp":"2026-03-31T20:29:20.038242Z"}
{"@file":"src/psp/format_2025/operations.rs","@level":"debug","@line":60,"@message":"✅ Operations unpacked: count=1 operations=[7]","@module":"flavor::psp::format_2025::operations","@pid":12772,"@timestamp":"2026-03-31T20:29:20.038277Z"}
{"@file":"src/psp/format_2025/operations.rs","@level":"debug","@line":60,"@message":"✅ Operations unpacked: count=8 operations=[169, 193, 169, 216, 14, 195, 206, 32]","@module":"flavor::psp::format_2025::operations","@pid":12772,"@timestamp":"2026-03-31T20:29:20.038282Z"}
{"@file":"src/psp/format_2025/operations.rs","@level":"debug","@line":37,"@message":"✅ Operations packed: result=2259322106663580","@module":"flavor::psp::format_2025::operations","@pid":12772,"@timestamp":"2026-03-31T20:29:20.038299Z"}
{"@file":"src/psp/format_2025/operations.rs","@level":"debug","@line":37,"@message":"✅ Operations packed: result=46521","@module":"flavor::psp::format_2025::operations","@pid":12772,"@timestamp":"2026-03-31T20:29:20.038321Z"}
{"@file":"src/psp/format_2025/operations.rs","@level":"debug","@line":60,"@message":"✅ Operations unpacked: count=8 operations=[220, 98, 46, 79, 131, 65, 45, 214]","@module":"flavor::psp::format_2025::operations","@pid":12772,"@timestamp":"2026-03-31T20:29:20.038328Z"}
{"@file":"src/psp/format_2025/operations.rs","@level":"debug","@line":60,"@message":"✅ Operations unpacked: count=2 operations=[185, 181]","@module":"flavor::psp::format_2025::operations","@pid":12772,"@timestamp":"2026-03-31T20:29:20.038347Z"}
{"@file":"src/psp/format_2025/operations.rs","@level":"debug","@line":37,"@message":"✅ Operations packed: result=3645973418","@module":"flavor::psp::format_2025::operations","@pid":12772,"@timestamp":"2026-03-31T20:29:20.038351Z"}
{"@file":"src/psp/format_2025/operations.rs","@level":"debug","@line":37,"@message":"✅ Operations packed: result=15433063530293519068","@module":"flavor::psp::format_2025::operations","@pid":12772,"@timestamp":"2026-03-31T20:29:20.038352Z"}
{"@file":"src/psp/format_2025/operations.rs","@level":"debug","@line":37,"@message":"✅ Operations packed: result=35379256181415489","@module":"flavor::psp::format_2025::operations","@pid":12772,"@timestamp":"2026-03-31T20:29:20.038394Z"}
{"@file":"src/psp/format_2025/operations.rs","@level":"debug","@line":60,"@message":"✅ Operations unpacked: count=8 operations=[220, 98, 46, 79, 131, 65, 45, 214]","@module":"flavor::psp::format_2025::operations","@pid":12772,"@timestamp":"2026-03-31T20:29:20.038396Z"}
{"@file":"src/psp/format_2025/operations.rs","@level":"debug","@line":37,"@message":"✅ Operations packed: result=42763442308840507","@module":"flavor::psp::format_2025::operations","@pid":12772,"@timestamp":"2026-03-31T20:29:20.038409Z"}
{"@file":"src/psp/format_2025/operations.rs","@level":"debug","@line":60,"@message":"✅ Operations unpacked: count=7 operations=[65, 94, 28, 253, 62, 177, 125]","@module":"flavor::psp::format_2025::operations","@pid":12772,"@timestamp":"2026-03-31T20:29:20.038414Z"}
{"@file":"src/psp/format_2025/operations.rs","@level":"debug","@line":60,"@message":"✅ Operations unpacked: count=8 operations=[177, 143, 78, 179, 161, 57, 97, 184]","@module":"flavor::psp::format_2025::operations","@pid":12772,"@timestamp":"2026-03-31T20:29:20.038446Z"}
{"@file":"src/psp/format_2025/operations.rs","@level":"debug","@line":37,"@message":"✅ Operations packed: result=13285963742380462001","@module":"flavor::psp::format_2025::operations","@pid":12772,"@timestamp":"2026-03-31T20:29:20.038467Z"}
{"@file":"src/psp/format_2025/operations.rs","@level":"debug","@line":37,"@message":"✅ Operations packed: result=1031379517613","@module":"flavor::psp::format_2025::operations","@pid":12772,"@timestamp":"2026-03-31T20:29:20.038478Z"}
{"@file":"src/psp/format_2025/operations.rs","@level":"debug","@line":37,"@message":"✅ Operations packed: result=52444245441912","@module":"flavor::psp::format_2025::operations","@pid":12772,"@timestamp":"2026-03-31T20:29:20.038467Z"}
{"@file":"src/psp/format_2025/operations.rs","@level":"debug","@line":60,"@message":"✅ Operations unpacked: count=8 operations=[177, 143, 78, 179, 161, 57, 97, 184]","@module":"flavor::psp::format_2025::operations","@pid":12772,"@timestamp":"2026-03-31T20:29:20.038492Z"}
{"@file":"src/psp/format_2025/operations.rs","@level":"debug","@line":60,"@message":"✅ Operations unpacked: count=5 operations=[173, 128, 2, 35, 240]","@module":"flavor::psp::format_2025::operations","@pid":12772,"@timestamp":"2026-03-31T20:29:20.038500Z"}
{"@file":"src/psp/format_2025/operations.rs","@level":"debug","@line":37,"@message":"✅ Operations packed: result=0","@module":"flavor::psp::format_2025::operations","@pid":12772,"@timestamp":"2026-03-31T20:29:20.038534Z"}
{"@file":"src/psp/format_2025/operations.rs","@level":"debug","@line":60,"@message":"✅ Operations unpacked: count=8 operations=[148, 66, 220, 104, 32, 106, 254, 21]","@module":"flavor::psp::format_2025::operations","@pid":12772,"@timestamp":"2026-03-31T20:29:20.038538Z"}
{"@file":"src/psp/format_2025/operations.rs","@level":"debug","@line":37,"@message":"✅ Operations packed: result=6036547129193483","@module":"flavor::psp::format_2025::operations","@pid":12772,"@timestamp":"2026-03-31T20:29:20.038547Z"}
{"@file":"src/psp/format_2025/operations.rs","@level":"debug","@line":37,"@message":"✅ Operations packed: result=1584820806311756436","@module":"flavor::psp::format_2025::operations","@pid":12772,"@timestamp":"2026-03-31T20:29:20.038562Z"}
{"@file":"src/psp/format_2025/operations.rs","@level":"debug","@line":60,"@message":"✅ Operations unpacked: count=7 operations=[11, 52, 78, 39, 53, 114, 21]","@module":"flavor::psp::format_2025::operations","@pid":12772,"@timestamp":"2026-03-31T20:29:20.038568Z"}
{"@file":"src/psp/format_2025/operations.rs","@level":"debug","@line":37,"@message":"✅ Operations packed: result=170463114786728","@module":"flavor::psp::format_2025::operations","@pid":12772,"@timestamp":"2026-03-31T20:29:20.038584Z"}
{"@file":"src/psp/format_2025/operations.rs","@level":"debug","@line":60,"@message":"✅ Operations unpacked: count=8 operations=[148, 66, 220, 104, 32, 106, 254, 21]","@module":"flavor::psp::format_2025::operations","@pid":12772,"@timestamp":"2026-03-31T20:29:20.038586Z"}
{"@file":"src/psp/format_2025/operations.rs","@level":"debug","@line":37,"@message":"✅ Operations packed: result=162","@module":"flavor::psp::format_2025::operations","@pid":12772,"@timestamp":"2026-03-31T20:29:20.038619Z"}
{"@file":"src/psp/format_2025/operations.rs","@level":"debug","@line":37,"@message":"✅ Operations packed: result=35457458794780033","@module":"flavor::psp::format_2025::operations","@pid":12772,"@timestamp":"2026-03-31T20:29:20.038633Z"}
{"@file":"src/psp/format_2025/operations.rs","@level":"debug","@line":60,"@message":"✅ Operations unpacked: count=1 operations=[162]","@module":"flavor::psp::format_2025::operations","@pid":12772,"@timestamp":"2026-03-31T20:29:20.038637Z"}
{"@file":"src/psp/format_2025/operations.rs","@level":"debug","@line":60,"@message":"✅ Operations unpacked: count=8 operations=[110, 209, 179, 233, 218, 216, 224, 116]","@module":"flavor::psp::format_2025::operations","@pid":12772,"@timestamp":"2026-03-31T20:29:20.038637Z"}
{"@file":"src/psp/format_2025/operations.rs","@level":"debug","@line":37,"@message":"✅ Operations packed: result=8421969737918173550","@module":"flavor::psp::format_2025::operations","@pid":12772,"@timestamp":"2026-03-31T20:29:20.038674Z"}
{"@file":"src/psp/format_2025/operations.rs","@level":"debug","@line":37,"@message":"✅ Operations packed: result=25536","@module":"flavor::psp::format_2025::operations","@pid":12772,"@timestamp":"2026-03-31T20:29:20.038679Z"}
{"@file":"src/psp/format_2025/operations.rs","@level":"debug","@line":37,"@message":"✅ Operations packed: result=67846128624040495","@module":"flavor::psp::format_2025::operations","@pid":12772,"@timestamp":"2026-03-31T20:29:20.038684Z"}
{"@file":"src/psp/format_2025/operations.rs","@level":"debug","@line":60,"@message":"✅ Operations unpacked: count=8 operations=[110, 209, 179, 233, 218, 216, 224, 116]","@module":"flavor::psp::format_2025::operations","@pid":12772,"@timestamp":"2026-03-31T20:29:20.038694Z"}
{"@file":"src/psp/format_2025/operations.rs","@level":"debug","@line":60,"@message":"✅ Operations unpacked: count=7 operations=[47, 122, 5, 204, 177, 9, 241]","@module":"flavor::psp::format_2025::operations","@pid":12772,"@timestamp":"2026-03-31T20:29:20.038716Z"}
{"@file":"src/psp/format_2025/operations.rs","@level":"debug","@line":37,"@message":"✅ Operations packed: result=11245707110879027584","@module":"flavor::psp::format_2025::operations","@pid":12772,"@timestamp":"2026-03-31T20:29:20.038736Z"}
{"@file":"src/psp/format_2025/operations.rs","@level":"debug","@line":60,"@message":"✅ Operations unpacked: count=8 operations=[40, 228, 114, 174, 63, 101, 22, 19]","@module":"flavor::psp::format_2025::operations","@pid":12772,"@timestamp":"2026-03-31T20:29:20.038755Z"}
{"@file":"src/psp/format_2025/operations.rs","@level":"debug","@line":37,"@message":"✅ Operations packed: result=0","@module":"flavor::psp::format_2025::operations","@pid":12772,"@timestamp":"2026-03-31T20:29:20.038764Z"}
{"@file":"src/psp/format_2025/operations.rs","@level":"debug","@line":37,"@message":"✅ Operations packed: result=1375398060392375336","@module":"flavor::psp::format_2025::operations","@pid":12772,"@timestamp":"2026-03-31T20:29:20.038774Z"}
{"@file":"src/psp/format_2025/operations.rs","@level":"debug","@line":60,"@message":"✅ Operations unpacked: count=0 operations=[]","@module":"flavor::psp::format_2025::operations","@pid":12772,"@timestamp":"2026-03-31T20:29:20.038782Z"}
{"@file":"src/psp/format_2025/operations.rs","@level":"debug","@line":37,"@message":"✅ Operations packed: result=5066794","@module":"flavor::psp::format_2025::operations","@pid":12772,"@timestamp":"2026-03-31T20:29:20.038782Z"}
{"@file":"src/psp/format_2025/operations.rs","@level":"debug","@line":60,"@message":"✅ Operations unpacked: count=8 operations=[40, 228, 114, 174, 63, 101, 22, 19]","@module":"flavor::psp::format_2025::operations","@pid":12772,"@timestamp":"2026-03-31T20:29:20.038791Z"}
{"@file":"src/psp/format_2025/operations.rs","@level":"debug","@line":37,"@message":"✅ Operations packed: result=205091118196690","@module":"flavor::psp::format_2025::operations","@pid":12772,"@timestamp":"2026-03-31T20:29:20.038846Z"}
{"@file":"src/psp/format_2025/operations.rs","@level":"debug","@line":37,"@message":"✅ Operations packed: result=9283866483759330796","@module":"flavor::psp::format_2025::operations","@pid":12772,"@timestamp":"2026-03-31T20:29:20.038853Z"}
{"@file":"src/psp/format_2025/operations.rs","@level":"debug","@line":60,"@message":"✅ Operations unpacked: count=8 operations=[3, 233, 6, 124, 181, 219, 62, 143]","@module":"flavor::psp::format_2025::operations","@pid":12772,"@timestamp":"2026-03-31T20:29:20.038856Z"}
{"@file":"src/psp/format_2025/operations.rs","@level":"debug","@line":60,"@message":"✅ Operations unpacked: count=6 operations=[210, 39, 63, 127, 135, 186]","@module":"flavor::psp::format_2025::operations","@pid":12772,"@timestamp":"2026-03-31T20:29:20.038864Z"}
{"@file":"src/psp/format_2025/operations.rs","@level":"debug","@line":37,"@message":"✅ Operations packed: result=10321928968496146691","@module":"flavor::psp::format_2025::operations","@pid":12772,"@timestamp":"2026-03-31T20:29:20.038879Z"}
{"@file":"src/psp/format_2025/operations.rs","@level":"debug","@line":60,"@message":"✅ Operations unpacked: count=8 operations=[3, 233, 6, 124, 181, 219, 62, 143]","@module":"flavor::psp::format_2025::operations","@pid":12772,"@timestamp":"2026-03-31T20:29:20.038897Z"}
{"@file":"src/psp/format_2025/operations.rs","@level":"debug","@line":37,"@message":"✅ Operations packed: result=13390527","@module":"flavor::psp::format_2025::operations","@pid":12772,"@timestamp":"2026-03-31T20:29:20.038901Z"}
{"@file":"src/psp/format_2025/operations.rs","@level":"debug","@line":37,"@message":"✅ Operations packed: result=12147564393411157","@module":"flavor::psp::format_2025::operations","@pid":12772,"@timestamp":"2026-03-31T20:29:20.038911Z"}
{"@file":"src/psp/format_2025/operations.rs","@level":"debug","@line":60,"@message":"✅ Operations unpacked: count=7 operations=[85, 50, 142, 60, 37, 40, 43]","@module":"flavor::psp::format_2025::operations","@pid":12772,"@timestamp":"2026-03-31T20:29:20.038930Z"}
{"@file":"src/psp/format_2025/operations.rs","@level":"debug","@line":60,"@message":"✅ Operations unpacked: count=8 operations=[202, 34, 129, 211, 174, 25, 36, 24]","@module":"flavor::psp::format_2025::operations","@pid":12772,"@timestamp":"2026-03-31T20:29:20.038943Z"}
{"@file":"src/psp/format_2025/operations.rs","@level":"debug","@line":37,"@message":"✅ Operations packed: result=10912192","@module":"flavor::psp::format_2025::operations","@pid":12772,"@timestamp":"2026-03-31T20:29:20.038949Z"}
{"@file":"src/psp/format_2025/operations.rs","@level":"debug","@line":37,"@message":"✅ Operations packed: result=1739543594735313610","@module":"flavor::psp::format_2025::operations","@pid":12772,"@timestamp":"2026-03-31T20:29:20.038962Z"}
{"@file":"src/psp/format_2025/operations.rs","@level":"debug","@line":37,"@message":"✅ Operations packed: result=52901274345356763","@module":"flavor::psp::format_2025::operations","@pid":12772,"@timestamp":"2026-03-31T20:29:20.038976Z"}
{"@file":"src/psp/format_2025/operations.rs","@level":"debug","@line":60,"@message":"✅ Operations unpacked: count=8 operations=[202, 34, 129, 211, 174, 25, 36, 24]","@module":"flavor::psp::format_2025::operations","@pid":12772,"@timestamp":"2026-03-31T20:29:20.038980Z"}
{"@file":"src/psp/format_2025/operations.rs","@level":"debug","@line":37,"@message":"✅ Operations packed: result=9553028","@module":"flavor::psp::format_2025::operations","@pid":12772,"@timestamp":"2026-03-31T20:29:20.038995Z"}
{"@file":"src/psp/format_2025/operations.rs","@level":"debug","@line":60,"@message":"✅ Operations unpacked: count=7 operations=[219, 61, 133, 193, 109, 241, 187]","@module":"flavor::psp::format_2025::operations","@pid":12772,"@timestamp":"2026-03-31T20:29:20.038996Z"}
{"@file":"src/psp/format_2025/operations.rs","@level":"debug","@line":60,"@message":"✅ Operations unpacked: count=8 operations=[185, 63, 79, 88, 161, 230, 124, 119]","@module":"flavor::psp::format_2025::operations","@pid":12772,"@timestamp":"2026-03-31T20:29:20.039035Z"}
{"@file":"src/psp/format_2025/operations.rs","@level":"debug","@line":37,"@message":"✅ Operations packed: result=44900","@module":"flavor::psp::format_2025::operations","@pid":12772,"@timestamp":"2026-03-31T20:29:20.039045Z"}
{"@file":"src/psp/format_2025/operations.rs","@level":"debug","@line":37,"@message":"✅ Operations packed: result=8610010168271257529","@module":"flavor::psp::format_2025::operations","@pid":12772,"@timestamp":"2026-03-31T20:29:20.039061Z"}
{"@file":"src/psp/format_2025/operations.rs","@level":"debug","@line":37,"@message":"✅ Operations packed: result=594208802836","@module":"flavor::psp::format_2025::operations","@pid":12772,"@timestamp":"2026-03-31T20:29:20.039062Z"}
{"@file":"src/psp/format_2025/operations.rs","@level":"debug","@line":60,"@message":"✅ Operations unpacked: count=8 operations=[185, 63, 79, 88, 161, 230, 124, 119]","@module":"flavor::psp::format_2025::operations","@pid":12772,"@timestamp":"2026-03-31T20:29:20.039085Z"}
{"@file":"src/psp/format_2025/operations.rs","@level":"debug","@line":37,"@message":"✅ Operations packed: result=46124","@module":"flavor::psp::format_2025::operations","@pid":12772,"@timestamp":"2026-03-31T20:29:20.039097Z"}
{"@file":"src/psp/format_2025/operations.rs","@level":"debug","@line":60,"@message":"✅ Operations unpacked: count=5 operations=[20, 200, 154, 89, 138]","@module":"flavor::psp::format_2025::operations","@pid":12772,"@timestamp":"2026-03-31T20:29:20.039099Z"}
{"@file":"src/psp/format_2025/operations.rs","@level":"debug","@line":60,"@message":"✅ Operations unpacked: count=8 operations=[125, 113, 27, 4, 78, 226, 247, 83]","@module":"flavor::psp::format_2025::operations","@pid":12772,"@timestamp":"2026-03-31T20:29:20.039138Z"}
{"@file":"src/psp/format_2025/operations.rs","@level":"debug","@line":37,"@message":"✅ Operations packed: result=6531351827457","@module":"flavor::psp::format_2025::operations","@pid":12772,"@timestamp":"2026-03-31T20:29:20.039150Z"}
{"@file":"src/psp/format_2025/operations.rs","@level":"debug","@line":37,"@message":"✅ Operations packed: result=6050553449099784573","@module":"flavor::psp::format_2025::operations","@pid":12772,"@timestamp":"2026-03-31T20:29:20.039159Z"}
{"@file":"src/psp/format_2025/operations.rs","@level":"debug","@line":37,"@message":"✅ Operations packed: result=4819423","@module":"flavor::psp::format_2025::operations","@pid":12772,"@timestamp":"2026-03-31T20:29:20.039163Z"}
{"@file":"src/psp/format_2025/operations.rs","@level":"debug","@line":60,"@message":"✅ Operations unpacked: count=8 operations=[125, 113, 27, 4, 78, 226, 247, 83]","@module":"flavor::psp::format_2025::operations","@pid":12772,"@timestamp":"2026-03-31T20:29:20.039177Z"}
{"@file":"src/psp/format_2025/operations.rs","@level":"debug","@line":60,"@message":"✅ Operations unpacked: count=3 operations=[223, 137, 73]","@module":"flavor::psp::format_2025::operations","@pid":12772,"@timestamp":"2026-03-31T20:29:20.039181Z"}
{"@file":"src/psp/format_2025/operations.rs","@level":"debug","@line":37,"@message":"✅ Operations packed: result=0","@module":"flavor::psp::format_2025::operations","@pid":12772,"@timestamp":"2026-03-31T20:29:20.039195Z"}
{"@file":"src/psp/format_2025/operations.rs","@level":"debug","@line":60,"@message":"✅ Operations unpacked: count=8 operations=[146, 199, 17, 213, 116, 245, 10, 219]","@module":"flavor::psp::format_2025::operations","@pid":12772,"@timestamp":"2026-03-31T20:29:20.039224Z"}
{"@file":"src/psp/format_2025/operations.rs","@level":"debug","@line":37,"@message":"✅ Operations packed: result=6802","@module":"flavor::psp::format_2025::operations","@pid":12772,"@timestamp":"2026-03-31T20:29:20.039230Z"}
{"@file":"src/psp/format_2025/operations.rs","@level":"debug","@line":37,"@message":"✅ Operations packed: result=692145084","@module":"flavor::psp::format_2025::operations","@pid":12772,"@timestamp":"2026-03-31T20:29:20.039241Z"}
{"@file":"src/psp/format_2025/operations.rs","@level":"debug","@line":37,"@message":"✅ Operations packed: result=15783697726213048210","@module":"flavor::psp::format_2025::operations","@pid":12772,"@timestamp":"2026-03-31T20:29:20.039245Z"}
{"@file":"src/psp/format_2025/operations.rs","@level":"debug","@line":60,"@message":"✅ Operations unpacked: count=2 operations=[146, 26]","@module":"flavor::psp::format_2025::operations","@pid":12772,"@timestamp":"2026-03-31T20:29:20.039250Z"}
{"@file":"src/psp/format_2025/operations.rs","@level":"debug","@line":60,"@message":"✅ Operations unpacked: count=8 operations=[146, 199, 17, 213, 116, 245, 10, 219]","@module":"flavor::psp::format_2025::operations","@pid":12772,"@timestamp":"2026-03-31T20:29:20.039268Z"}
{"@file":"src/psp/format_2025/operations.rs","@level":"debug","@line":37,"@message":"✅ Operations packed: result=5418710","@module":"flavor::psp::format_2025::operations","@pid":12772,"@timestamp":"2026-03-31T20:29:20.039289Z"}
{"@file":"src/psp/format_2025/operations.rs","@level":"debug","@line":37,"@message":"✅ Operations packed: result=0","@module":"flavor::psp::format_2025::operations","@pid":12772,"@timestamp":"2026-03-31T20:29:20.039301Z"}
{"@file":"src/psp/format_2025/operations.rs","@level":"debug","@line":60,"@message":"✅ Operations unpacked: count=8 operations=[186, 145, 190, 139, 206, 191, 95, 62]","@module":"flavor::psp::format_2025::operations","@pid":12772,"@timestamp":"2026-03-31T20:29:20.039314Z"}
{"@file":"src/psp/format_2025/operations.rs","@level":"debug","@line":60,"@message":"✅ Operations unpacked: count=0 operations=[]","@module":"flavor::psp::format_2025::operations","@pid":12772,"@timestamp":"2026-03-31T20:29:20.039319Z"}
{"@file":"src/psp/format_2025/operations.rs","@level":"debug","@line":37,"@message":"✅ Operations packed: result=4494521846967734714","@module":"flavor::psp::format_2025::operations","@pid":12772,"@timestamp":"2026-03-31T20:29:20.039334Z"}
{"@file":"src/psp/format_2025/operations.rs","@level":"debug","@line":37,"@message":"✅ Operations packed: result=363250868425","@module":"flavor::psp::format_2025::operations","@pid":12772,"@timestamp":"2026-03-31T20:29:20.039336Z"}
{"@file":"src/psp/format_2025/operations.rs","@level":"debug","@line":60,"@message":"✅ Operations unpacked: count=8 operations=[186, 145, 190, 139, 206, 191, 95, 62]","@module":"flavor::psp::format_2025::operations","@pid":12772,"@timestamp":"2026-03-31T20:29:20.039353Z"}
{"@file":"src/psp/format_2025/operations.rs","@level":"debug","@line":37,"@message":"✅ Operations packed: result=7467247900104694184","@module":"flavor::psp::format_2025::operations","@pid":12772,"@timestamp":"2026-03-31T20:29:20.039369Z"}
{"@file":"src/psp/format_2025/operations.rs","@level":"debug","@line":37,"@message":"✅ Operations packed: result=235435609435766","@module":"flavor::psp::format_2025::operations","@pid":12772,"@timestamp":"2026-03-31T20:29:20.039387Z"}
{"@file":"src/psp/format_2025/operations.rs","@level":"debug","@line":60,"@message":"✅ Operations unpacked: count=8 operations=[168, 153, 133, 231, 102, 254, 160, 103]","@module":"flavor::psp::format_2025::operations","@pid":12772,"@timestamp":"2026-03-31T20:29:20.039387Z"}
{"@file":"src/psp/format_2025/operations.rs","@level":"debug","@line":60,"@message":"✅ Operations unpacked: count=8 operations=[120, 99, 59, 190, 186, 135, 180, 142]","@module":"flavor::psp::format_2025::operations","@pid":12772,"@timestamp":"2026-03-31T20:29:20.039399Z"}
{"@file":"src/psp/format_2025/operations.rs","@level":"debug","@line":37,"@message":"✅ Operations packed: result=10282993085318914936","@module":"flavor::psp::format_2025::operations","@pid":12772,"@timestamp":"2026-03-31T20:29:20.039419Z"}
{"@file":"src/psp/format_2025/operations.rs","@level":"debug","@line":37,"@message":"✅ Operations packed: result=71","@module":"flavor::psp::format_2025::operations","@pid":12772,"@timestamp":"2026-03-31T20:29:20.039434Z"}
{"@file":"src/psp/format_2025/operations.rs","@level":"debug","@line":37,"@message":"✅ Operations packed: result=25978","@module":"flavor::psp::format_2025::operations","@pid":12772,"@timestamp":"2026-03-31T20:29:20.039440Z"}
{"@file":"src/psp/format_2025/operations.rs","@level":"debug","@line":60,"@message":"✅ Operations unpacked: count=8 operations=[120, 99, 59, 190, 186, 135, 180, 142]","@module":"flavor::psp::format_2025::operations","@pid":12772,"@timestamp":"2026-03-31T20:29:20.039437Z"}
{"@file":"src/psp/format_2025/operations.rs","@level":"debug","@line":60,"@message":"✅ Operations unpacked: count=2 operations=[122, 101]","@module":"flavor::psp::format_2025::operations","@pid":12772,"@timestamp":"2026-03-31T20:29:20.039458Z"}
{"@file":"src/psp/format_2025/operations.rs","@level":"debug","@line":37,"@message":"✅ Operations packed: result=31315213111258","@module":"flavor::psp::format_2025::operations","@pid":12772,"@timestamp":"2026-03-31T20:29:20.039483Z"}
{"@file":"src/psp/format_2025/operations.rs","@level":"debug","@line":60,"@message":"✅ Operations unpacked: count=8 operations=[218, 69, 60, 52, 202, 133, 203, 62]","@module":"flavor::psp::format_2025::operations","@pid":12772,"@timestamp":"2026-03-31T20:29:20.039490Z"}
{"@file":"src/psp/format_2025/operations.rs","@level":"debug","@line":37,"@message":"✅ Operations packed: result=11657865674663743351","@module":"flavor::psp::format_2025::operations","@pid":12772,"@timestamp":"2026-03-31T20:29:20.039506Z"}
{"@file":"src/psp/format_2025/operations.rs","@level":"debug","@line":37,"@message":"✅ Operations packed: result=4524857354130048474","@module":"flavor::psp::format_2025::operations","@pid":12772,"@timestamp":"2026-03-31T20:29:20.039509Z"}
{"@file":"src/psp/format_2025/operations.rs","@level":"debug","@line":60,"@message":"✅ Operations unpacked: count=8 operations=[119, 79, 141, 169, 16, 15, 201, 161]","@module":"flavor::psp::format_2025::operations","@pid":12772,"@timestamp":"2026-03-31T20:29:20.039526Z"}
{"@file":"src/psp/format_2025/operations.rs","@level":"debug","@line":60,"@message":"✅ Operations unpacked: count=8 operations=[218, 69, 60, 52, 202, 133, 203, 62]","@module":"flavor::psp::format_2025::operations","@pid":12772,"@timestamp":"2026-03-31T20:29:20.039531Z"}
{"@file":"src/psp/format_2025/operations.rs","@level":"debug","@line":37,"@message":"✅ Operations packed: result=2687326","@module":"flavor::psp::format_2025::operations","@pid":12772,"@timestamp":"2026-03-31T20:29:20.039529Z"}
{"@file":"src/psp/format_2025/operations.rs","@level":"debug","@line":37,"@message":"✅ Operations packed: result=35","@module":"flavor::psp::format_2025::operations","@pid":12772,"@timestamp":"2026-03-31T20:29:20.039573Z"}
{"@file":"src/psp/format_2025/operations.rs","@level":"debug","@line":60,"@message":"✅ Operations unpacked: count=8 operations=[119, 26, 129, 117, 15, 8, 40, 182]","@module":"flavor::psp::format_2025::operations","@pid":12772,"@timestamp":"2026-03-31T20:29:20.039578Z"}
{"@file":"src/psp/format_2025/operations.rs","@level":"debug","@line":37,"@message":"✅ Operations packed: result=242444152724","@module":"flavor::psp::format_2025::operations","@pid":12772,"@timestamp":"2026-03-31T20:29:20.039585Z"}
{"@file":"src/psp/format_2025/operations.rs","@level":"debug","@line":60,"@message":"✅ Operations unpacked: count=1 operations=[35]","@module":"flavor::psp::format_2025::operations","@pid":12772,"@timestamp":"2026-03-31T20:29:20.039591Z"}
{"@file":"src/psp/format_2025/operations.rs","@level":"debug","@line":37,"@message":"✅ Operations packed: result=13125749976460237431","@module":"flavor::psp::format_2025::operations","@pid":12772,"@timestamp":"2026-03-31T20:29:20.039597Z"}
{"@file":"src/psp/format_2025/operations.rs","@level":"debug","@line":60,"@message":"✅ Operations unpacked: count=8 operations=[119, 26, 129, 117, 15, 8, 40, 182]","@module":"flavor::psp::format_2025::operations","@pid":12772,"@timestamp":"2026-03-31T20:29:20.039615Z"}
{"@file":"src/psp/format_2025/operations.rs","@level":"debug","@line":37,"@message":"✅ Operations packed: result=127332547684549","@module":"flavor::psp::format_2025::operations","@pid":12772,"@timestamp":"2026-03-31T20:29:20.039632Z"}
{"@file":"src/psp/format_2025/operations.rs","@level":"debug","@line":37,"@message":"✅ Operations packed: result=18375576103542937599","@module":"flavor::psp::format_2025::operations","@pid":12772,"@timestamp":"2026-03-31T20:29:20.039637Z"}
{"@file":"src/psp/format_2025/operations.rs","@level":"debug","@line":60,"@message":"✅ Operations unpacked: count=8 operations=[255, 87, 213, 178, 27, 41, 3, 255]","@module":"flavor::psp::format_2025::operations","@pid":12772,"@timestamp":"2026-03-31T20:29:20.039655Z"}
{"@file":"src/psp/format_2025/operations.rs","@level":"debug","@line":60,"@message":"✅ Operations unpacked: count=8 operations=[148, 143, 188, 91, 195, 36, 103, 238]","@module":"flavor::psp::format_2025::operations","@pid":12772,"@timestamp":"2026-03-31T20:29:20.039659Z"}
{"@file":"src/psp/format_2025/operations.rs","@level":"debug","@line":37,"@message":"✅ Operations packed: result=17178739725104353172","@module":"flavor::psp::format_2025::operations","@pid":12772,"@timestamp":"2026-03-31T20:29:20.039678Z"}
{"@file":"src/psp/format_2025/operations.rs","@level":"debug","@line":37,"@message":"✅ Operations packed: result=1617436126","@module":"flavor::psp::format_2025::operations","@pid":12772,"@timestamp":"2026-03-31T20:29:20.039678Z"}
{"@file":"src/psp/format_2025/operations.rs","@level":"debug","@line":60,"@message":"✅ Operations unpacked: count=8 operations=[148, 143, 188, 91, 195, 36, 103, 238]","@module":"flavor::psp::format_2025::operations","@pid":12772,"@timestamp":"2026-03-31T20:29:20.039697Z"}
{"@file":"src/psp/format_2025/operations.rs","@level":"debug","@line":37,"@message":"✅ Operations packed: result=589686544439","@module":"flavor::psp::format_2025::operations","@pid":12772,"@timestamp":"2026-03-31T20:29:20.039701Z"}
{"@file":"src/psp/format_2025/operations.rs","@level":"debug","@line":60,"@message":"✅ Operations unpacked: count=5 operations=[55, 152, 14, 76, 137]","@module":"flavor::psp::format_2025::operations","@pid":12772,"@timestamp":"2026-03-31T20:29:20.039723Z"}
{"@file":"src/psp/format_2025/operations.rs","@level":"debug","@line":37,"@message":"✅ Operations packed: result=12249436872556441","@module":"flavor::psp::format_2025::operations","@pid":12772,"@timestamp":"2026-03-31T20:29:20.039732Z"}
{"@file":"src/psp/format_2025/operations.rs","@level":"debug","@line":60,"@message":"✅ Operations unpacked: count=8 operations=[87, 223, 198, 148, 85, 161, 190, 245]","@module":"flavor::psp::format_2025::operations","@pid":12772,"@timestamp":"2026-03-31T20:29:20.039744Z"}
{"@file":"src/psp/format_2025/operations.rs","@level":"debug","@line":37,"@message":"✅ Operations packed: result=17707768173807722327","@module":"flavor::psp::format_2025::operations","@pid":12772,"@timestamp":"2026-03-31T20:29:20.039763Z"}
{"@file":"src/psp/format_2025/operations.rs","@level":"debug","@line":37,"@message":"✅ Operations packed: result=553668433066359587","@module":"flavor::psp::format_2025::operations","@pid":12772,"@timestamp":"2026-03-31T20:29:20.039770Z"}
{"@file":"src/psp/format_2025/operations.rs","@level":"debug","@line":37,"@message":"✅ Operations packed: result=487131996113","@module":"flavor::psp::format_2025::operations","@pid":12772,"@timestamp":"2026-03-31T20:29:20.039778Z"}
{"@file":"src/psp/format_2025/operations.rs","@level":"debug","@line":60,"@message":"✅ Operations unpacked: count=8 operations=[87, 223, 198, 148, 85, 161, 190, 245]","@module":"flavor::psp::format_2025::operations","@pid":12772,"@timestamp":"2026-03-31T20:29:20.039781Z"}
{"@file":"src/psp/format_2025/operations.rs","@level":"debug","@line":60,"@message":"✅ Operations unpacked: count=8 operations=[35, 123, 68, 164, 129, 6, 175, 7]","@module":"flavor::psp::format_2025::operations","@pid":12772,"@timestamp":"2026-03-31T20:29:20.039787Z"}
{"@file":"src/psp/format_2025/operations.rs","@level":"debug","@line":37,"@message":"✅ Operations packed: result=235","@module":"flavor::psp::format_2025::operations","@pid":12772,"@timestamp":"2026-03-31T20:29:20.039825Z"}
{"@file":"src/psp/format_2025/operations.rs","@level":"debug","@line":60,"@message":"✅ Operations unpacked: count=8 operations=[33, 188, 88, 217, 196, 236, 168, 73]","@module":"flavor::psp::format_2025::operations","@pid":12772,"@timestamp":"2026-03-31T20:29:20.039832Z"}
{"@file":"src/psp/format_2025/operations.rs","@level":"debug","@line":37,"@message":"✅ Operations packed: result=43373","@module":"flavor::psp::format_2025::operations","@pid":12772,"@timestamp":"2026-03-31T20:29:20.039837Z"}
{"@file":"src/psp/format_2025/operations.rs","@level":"debug","@line":37,"@message":"✅ Operations packed: result=5307752491060345889","@module":"flavor::psp::format_2025::operations","@pid":12772,"@timestamp":"2026-03-31T20:29:20.039852Z"}
{"@file":"src/psp/format_2025/operations.rs","@level":"debug","@line":60,"@message":"✅ Operations unpacked: count=2 operations=[109, 169]","@module":"flavor::psp::format_2025::operations","@pid":12772,"@timestamp":"2026-03-31T20:29:20.039858Z"}
{"@file":"src/psp/format_2025/operations.rs","@level":"debug","@line":37,"@message":"✅ Operations packed: result=136","@module":"flavor::psp::format_2025::operations","@pid":12772,"@timestamp":"2026-03-31T20:29:20.039870Z"}
{"@file":"src/psp/format_2025/operations.rs","@level":"debug","@line":60,"@message":"✅ Operations unpacked: count=8 operations=[33, 188, 88, 217, 196, 236, 168, 73]","@module":"flavor::psp::format_2025::operations","@pid":12772,"@timestamp":"2026-03-31T20:29:20.039869Z"}
{"@file":"src/psp/format_2025/operations.rs","@level":"debug","@line":37,"@message":"✅ Operations packed: result=464572518654","@module":"flavor::psp::format_2025::operations","@pid":12772,"@timestamp":"2026-03-31T20:29:20.039904Z"}
{"@file":"src/psp/format_2025/operations.rs","@level":"debug","@line":37,"@message":"✅ Operations packed: result=7619538","@module":"flavor::psp::format_2025::operations","@pid":12772,"@timestamp":"2026-03-31T20:29:20.039917Z"}
{"@file":"src/psp/format_2025/operations.rs","@level":"debug","@line":60,"@message":"✅ Operations unpacked: count=5 operations=[254, 16, 174, 42, 108]","@module":"flavor::psp::format_2025::operations","@pid":12772,"@timestamp":"2026-03-31T20:29:20.039922Z"}
{"@file":"src/psp/format_2025/operations.rs","@level":"debug","@line":60,"@message":"✅ Operations unpacked: count=8 operations=[124, 241, 241, 116, 244, 26, 89, 185]","@module":"flavor::psp::format_2025::operations","@pid":12772,"@timestamp":"2026-03-31T20:29:20.039922Z"}
{"@file":"src/psp/format_2025/operations.rs","@level":"debug","@line":37,"@message":"✅ Operations packed: result=13355735807180271996","@module":"flavor::psp::format_2025::operations","@pid":12772,"@timestamp":"2026-03-31T20:29:20.039947Z"}
{"@file":"src/psp/format_2025/operations.rs","@level":"debug","@line":37,"@message":"✅ Operations packed: result=10950981228158414","@module":"flavor::psp::format_2025::operations","@pid":12772,"@timestamp":"2026-03-31T20:29:20.039964Z"}
{"@file":"src/psp/format_2025/operations.rs","@level":"debug","@line":60,"@message":"✅ Operations unpacked: count=8 operations=[124, 241, 241, 116, 244, 26, 89, 185]","@module":"flavor::psp::format_2025::operations","@pid":12772,"@timestamp":"2026-03-31T20:29:20.039965Z"}
{"@file":"src/psp/format_2025/operations.rs","@level":"debug","@line":37,"@message":"✅ Operations packed: result=252","@module":"flavor::psp::format_2025::operations","@pid":12772,"@timestamp":"2026-03-31T20:29:20.039970Z"}
{"@file":"src/psp/format_2025/operations.rs","@level":"debug","@line":60,"@message":"✅ Operations unpacked: count=1 operations=[252]","@module":"flavor::psp::format_2025::operations","@pid":12772,"@timestamp":"2026-03-31T20:29:20.040009Z"}
{"@file":"src/psp/format_2025/operations.rs","@level":"debug","@line":37,"@message":"✅ Operations packed: result=6029490971424752","@module":"flavor::psp::format_2025::operations","@pid":12772,"@timestamp":"2026-03-31T20:29:20.040015Z"}
{"@file":"src/psp/format_2025/operations.rs","@level":"debug","@line":60,"@message":"✅ Operations unpacked: count=8 operations=[254, 237, 139, 206, 192, 12, 247, 61]","@module":"flavor::psp::format_2025::operations","@pid":12772,"@timestamp":"2026-03-31T20:29:20.040020Z"}
{"@file":"src/psp/format_2025/operations.rs","@level":"debug","@line":37,"@message":"✅ Operations packed: result=4465051577799667198","@module":"flavor::psp::format_2025::operations","@pid":12772,"@timestamp":"2026-03-31T20:29:20.040051Z"}
{"@file":"src/psp/format_2025/operations.rs","@level":"debug","@line":37,"@message":"✅ Operations packed: result=19364","@module":"flavor::psp::format_2025::operations","@pid":12772,"@timestamp":"2026-03-31T20:29:20.040057Z"}
{"@file":"src/psp/format_2025/operations.rs","@level":"debug","@line":37,"@message":"✅ Operations packed: result=0","@module":"flavor::psp::format_2025::operations","@pid":12772,"@timestamp":"2026-03-31T20:29:20.040068Z"}
{"@file":"src/psp/format_2025/operations.rs","@level":"debug","@line":60,"@message":"✅ Operations unpacked: count=2 operations=[164, 75]","@module":"flavor::psp::format_2025::operations","@pid":12772,"@timestamp":"2026-03-31T20:29:20.040083Z"}
{"@file":"src/psp/format_2025/operations.rs","@level":"debug","@line":60,"@message":"✅ Operations unpacked: count=8 operations=[254, 237, 139, 206, 192, 12, 247, 61]","@module":"flavor::psp::format_2025::operations","@pid":12772,"@timestamp":"2026-03-31T20:29:20.040070Z"}
{"@file":"src/psp/format_2025/operations.rs","@level":"debug","@line":37,"@message":"✅ Operations packed: result=106","@module":"flavor::psp::format_2025::operations","@pid":12772,"@timestamp":"2026-03-31T20:29:20.040140Z"}
{"@file":"src/psp/format_2025/operations.rs","@level":"debug","@line":60,"@message":"✅ Operations unpacked: count=1 operations=[106]","@module":"flavor::psp::format_2025::operations","@pid":12772,"@timestamp":"2026-03-31T20:29:20.040168Z"}
{"@file":"src/psp/format_2025/operations.rs","@level":"debug","@line":37,"@message":"✅ Operations packed: result=0","@module":"flavor::psp::format_2025::operations","@pid":12772,"@timestamp":"2026-03-31T20:29:20.040171Z"}
{"@file":"src/psp/format_2025/operations.rs","@level":"debug","@line":60,"@message":"✅ Operations unpacked: count=8 operations=[111, 112, 38, 217, 7, 253, 185, 181]","@module":"flavor::psp::format_2025::operations","@pid":12772,"@timestamp":"2026-03-31T20:29:20.040190Z"}
{"@file":"src/psp/format_2025/operations.rs","@level":"debug","@line":37,"@message":"✅ Operations packed: result=109617494411314","@module":"flavor::psp::format_2025::operations","@pid":12772,"@timestamp":"2026-03-31T20:29:20.040215Z"}
{"@file":"src/psp/format_2025/operations.rs","@level":"debug","@line":37,"@message":"✅ Operations packed: result=5","@module":"flavor::psp::format_2025::operations","@pid":12772,"@timestamp":"2026-03-31T20:29:20.040219Z"}
{"@file":"src/psp/format_2025/operations.rs","@level":"debug","@line":37,"@message":"✅ Operations packed: result=13094775601706201199","@module":"flavor::psp::format_2025::operations","@pid":12772,"@timestamp":"2026-03-31T20:29:20.040221Z"}
{"@file":"src/psp/format_2025/operations.rs","@level":"debug","@line":60,"@message":"✅ Operations unpacked: count=8 operations=[111, 112, 38, 217, 7, 253, 185, 181]","@module":"flavor::psp::format_2025::operations","@pid":12772,"@timestamp":"2026-03-31T20:29:20.040266Z"}
{"@file":"src/psp/format_2025/operations.rs","@level":"debug","@line":60,"@message":"✅ Operations unpacked: count=6 operations=[50, 200, 208, 79, 178, 99]","@module":"flavor::psp::format_2025::operations","@pid":12772,"@timestamp":"2026-03-31T20:29:20.040246Z"}
{"@file":"src/psp/format_2025/operations.rs","@level":"debug","@line":37,"@message":"✅ Operations packed: result=190340392397683","@module":"flavor::psp::format_2025::operations","@pid":12772,"@timestamp":"2026-03-31T20:29:20.040286Z"}
{"@file":"src/psp/format_2025/operations.rs","@level":"debug","@line":60,"@message":"✅ Operations unpacked: count=8 operations=[105, 46, 247, 130, 146, 52, 251, 142]","@module":"flavor::psp::format_2025::operations","@pid":12772,"@timestamp":"2026-03-31T20:29:20.040320Z"}
{"@file":"src/psp/format_2025/operations.rs","@level":"debug","@line":37,"@message":"✅ Operations packed: result=10302886376407248489","@module":"flavor::psp::format_2025::operations","@pid":12772,"@timestamp":"2026-03-31T20:29:20.040340Z"}
{"@file":"src/psp/format_2025/operations.rs","@level":"debug","@line":37,"@message":"✅ Operations packed: result=183","@module":"flavor::psp::format_2025::operations","@pid":12772,"@timestamp":"2026-03-31T20:29:20.040346Z"}
{"@file":"src/psp/format_2025/operations.rs","@level":"debug","@line":37,"@message":"✅ Operations packed: result=10808942609765916974","@module":"flavor::psp::format_2025::operations","@pid":12772,"@timestamp":"2026-03-31T20:29:20.040359Z"}
{"@file":"src/psp/format_2025/operations.rs","@level":"debug","@line":60,"@message":"✅ Operations unpacked: count=1 operations=[183]","@module":"flavor::psp::format_2025::operations","@pid":12772,"@timestamp":"2026-03-31T20:29:20.040375Z"}
{"@file":"src/psp/format_2025/operations.rs","@level":"debug","@line":60,"@message":"✅ Operations unpacked: count=8 operations=[105, 46, 247, 130, 146, 52, 251, 142]","@module":"flavor::psp::format_2025::operations","@pid":12772,"@timestamp":"2026-03-31T20:29:20.040360Z"}
{"@file":"src/psp/format_2025/operations.rs","@level":"debug","@line":37,"@message":"✅ Operations packed: result=55228","@module":"flavor::psp::format_2025::operations","@pid":12772,"@timestamp":"2026-03-31T20:29:20.040418Z"}
{"@file":"src/psp/format_2025/operations.rs","@level":"debug","@line":37,"@message":"✅ Operations packed: result=13295943476571133832","@module":"flavor::psp::format_2025::operations","@pid":12772,"@timestamp":"2026-03-31T20:29:20.040436Z"}
{"@file":"src/psp/format_2025/operations.rs","@level":"debug","@line":60,"@message":"✅ Operations unpacked: count=8 operations=[136, 215, 177, 162, 37, 174, 132, 184]","@module":"flavor::psp::format_2025::operations","@pid":12772,"@timestamp":"2026-03-31T20:29:20.040465Z"}
{"@file":"src/psp/format_2025/operations.rs","@level":"debug","@line":37,"@message":"✅ Operations packed: result=179","@module":"flavor::psp::format_2025::operations","@pid":12772,"@timestamp":"2026-03-31T20:29:20.040472Z"}
{"@file":"src/psp/format_2025/operations.rs","@level":"debug","@line":60,"@message":"✅ Operations unpacked: count=8 operations=[190, 55, 183, 93, 184, 152, 124, 112]","@module":"flavor::psp::format_2025::operations","@pid":12772,"@timestamp":"2026-03-31T20:29:20.040479Z"}
{"@file":"src/psp/format_2025/operations.rs","@level":"debug","@line":37,"@message":"✅ Operations packed: result=255","@module":"flavor::psp::format_2025::operations","@pid":12772,"@timestamp":"2026-03-31T20:29:20.040515Z"}
{"@file":"src/psp/format_2025/operations.rs","@level":"debug","@line":37,"@message":"✅ Operations packed: result=3877426510959732726","@module":"flavor::psp::format_2025::operations","@pid":12772,"@timestamp":"2026-03-31T20:29:20.040531Z"}
{"@file":"src/psp/format_2025/operations.rs","@level":"debug","@line":60,"@message":"✅ Operations unpacked: count=1 operations=[255]","@module":"flavor::psp::format_2025::operations","@pid":12772,"@timestamp":"2026-03-31T20:29:20.040546Z"}
{"@file":"src/psp/format_2025/operations.rs","@level":"debug","@line":37,"@message":"✅ Operations packed: result=8105521346973743038","@module":"flavor::psp::format_2025::operations","@pid":12772,"@timestamp":"2026-03-31T20:29:20.040519Z"}
{"@file":"src/psp/format_2025/operations.rs","@level":"debug","@line":37,"@message":"✅ Operations packed: result=35299839948039375","@module":"flavor::psp::format_2025::operations","@pid":12772,"@timestamp":"2026-03-31T20:29:20.040591Z"}
{"@file":"src/psp/format_2025/operations.rs","@level":"debug","@line":60,"@message":"✅ Operations unpacked: count=8 operations=[190, 55, 183, 93, 184, 152, 124, 112]","@module":"flavor::psp::format_2025::operations","@pid":12772,"@timestamp":"2026-03-31T20:29:20.040592Z"}
{"@file":"src/psp/format_2025/operations.rs","@level":"debug","@line":37,"@message":"✅ Operations packed: result=3","@module":"flavor::psp::format_2025::operations","@pid":12772,"@timestamp":"2026-03-31T20:29:20.040603Z"}
{"@file":"src/psp/format_2025/operations.rs","@level":"debug","@line":60,"@message":"✅ Operations unpacked: count=1 operations=[3]","@module":"flavor::psp::format_2025::operations","@pid":12772,"@timestamp":"2026-03-31T20:29:20.040667Z"}
{"@file":"src/psp/format_2025/operations.rs","@level":"debug","@line":37,"@message":"✅ Operations packed: result=248","@module":"flavor::psp::format_2025::operations","@pid":12772,"@timestamp":"2026-03-31T20:29:20.040642Z"}
{"@file":"src/psp/format_2025/operations.rs","@level":"debug","@line":60,"@message":"✅ Operations unpacked: count=8 operations=[105, 38, 81, 243, 103, 100, 93, 16]","@module":"flavor::psp::format_2025::operations","@pid":12772,"@timestamp":"2026-03-31T20:29:20.040691Z"}
{"@file":"src/psp/format_2025/operations.rs","@level":"debug","@line":37,"@message":"✅ Operations packed: result=1179209075067528809","@module":"flavor::psp::format_2025::operations","@pid":12772,"@timestamp":"2026-03-31T20:29:20.040723Z"}
{"@file":"src/psp/format_2025/operations.rs","@level":"debug","@line":37,"@message":"✅ Operations packed: result=1171190943","@module":"flavor::psp::format_2025::operations","@pid":12772,"@timestamp":"2026-03-31T20:29:20.040735Z"}
{"@file":"src/psp/format_2025/operations.rs","@level":"debug","@line":60,"@message":"✅ Operations unpacked: count=8 operations=[105, 38, 81, 243, 103, 100, 93, 16]","@module":"flavor::psp::format_2025::operations","@pid":12772,"@timestamp":"2026-03-31T20:29:20.040750Z"}
{"@file":"src/psp/format_2025/operations.rs","@level":"debug","@line":37,"@message":"✅ Operations packed: result=6877058655507011994","@module":"flavor::psp::format_2025::operations","@pid":12772,"@timestamp":"2026-03-31T20:29:20.040723Z"}
{"@file":"src/psp/format_2025/operations.rs","@level":"debug","@line":37,"@message":"✅ Operations packed: result=1810664449","@module":"flavor::psp::format_2025::operations","@pid":12772,"@timestamp":"2026-03-31T20:29:20.040794Z"}
{"@file":"src/psp/format_2025/operations.rs","@level":"debug","@line":60,"@message":"✅ Operations unpacked: count=8 operations=[154, 89, 5, 53, 105, 56, 112, 95]","@module":"flavor::psp::format_2025::operations","@pid":12772,"@timestamp":"2026-03-31T20:29:20.040804Z"}
{"@file":"src/psp/format_2025/operations.rs","@level":"debug","@line":60,"@message":"✅ Operations unpacked: count=8 operations=[238, 146, 4, 116, 74, 104, 141, 13]","@module":"flavor::psp::format_2025::operations","@pid":12772,"@timestamp":"2026-03-31T20:29:20.040811Z"}
{"@file":"src/psp/format_2025/operations.rs","@level":"debug","@line":37,"@message":"✅ Operations packed: result=976551363192591086","@module":"flavor::psp::format_2025::operations","@pid":12772,"@timestamp":"2026-03-31T20:29:20.040842Z"}
{"@file":"src/psp/format_2025/operations.rs","@level":"debug","@line":37,"@message":"✅ Operations packed: result=14578621","@module":"flavor::psp::format_2025::operations","@pid":12772,"@timestamp":"2026-03-31T20:29:20.040844Z"}
{"@file":"src/psp/format_2025/operations.rs","@level":"debug","@line":60,"@message":"✅ Operations unpacked: count=8 operations=[238, 146, 4, 116, 74, 104, 141, 13]","@module":"flavor::psp::format_2025::operations","@pid":12772,"@timestamp":"2026-03-31T20:29:20.040861Z"}
{"@file":"src/psp/format_2025/operations.rs","@level":"debug","@line":37,"@message":"✅ Operations packed: result=0","@module":"flavor::psp::format_2025::operations","@pid":12772,"@timestamp":"2026-03-31T20:29:20.040855Z"}
{"@file":"src/psp/format_2025/operations.rs","@level":"debug","@line":37,"@message":"✅ Operations packed: result=70283557","@module":"flavor::psp::format_2025::operations","@pid":12772,"@timestamp":"2026-03-31T20:29:20.040903Z"}
{"@file":"src/psp/format_2025/operations.rs","@level":"debug","@line":60,"@message":"✅ Operations unpacked: count=0 operations=[]","@module":"flavor::psp::format_2025::operations","@pid":12772,"@timestamp":"2026-03-31T20:29:20.040943Z"}
{"@file":"src/psp/format_2025/operations.rs","@level":"debug","@line":60,"@message":"✅ Operations unpacked: count=8 operations=[173, 224, 232, 188, 129, 34, 238, 254]","@module":"flavor::psp::format_2025::operations","@pid":12772,"@timestamp":"2026-03-31T20:29:20.040947Z"}
{"@file":"src/psp/format_2025/operations.rs","@level":"debug","@line":37,"@message":"✅ Operations packed: result=3910889380315","@module":"flavor::psp::format_2025::operations","@pid":12772,"@timestamp":"2026-03-31T20:29:20.040958Z"}
{"@file":"src/psp/format_2025/operations.rs","@level":"debug","@line":37,"@message":"✅ Operations packed: result=18369657870706335917","@module":"flavor::psp::format_2025::operations","@pid":12772,"@timestamp":"2026-03-31T20:29:20.040999Z"}
{"@file":"src/psp/format_2025/operations.rs","@level":"debug","@line":37,"@message":"✅ Operations packed: result=63228360391526490","@module":"flavor::psp::format_2025::operations","@pid":12772,"@timestamp":"2026-03-31T20:29:20.041014Z"}
{"@file":"src/psp/format_2025/operations.rs","@level":"debug","@line":60,"@message":"✅ Operations unpacked: count=8 operations=[173, 224, 232, 188, 129, 34, 238, 254]","@module":"flavor::psp::format_2025::operations","@pid":12772,"@timestamp":"2026-03-31T20:29:20.041046Z"}
{"@file":"src/psp/format_2025/operations.rs","@level":"debug","@line":37,"@message":"✅ Operations packed: result=35938","@module":"flavor::psp::format_2025::operations","@pid":12772,"@timestamp":"2026-03-31T20:29:20.041051Z"}
{"@file":"src/psp/format_2025/operations.rs","@level":"debug","@line":60,"@message":"✅ Operations unpacked: count=7 operations=[90, 8, 222, 216, 219, 161, 224]","@module":"flavor::psp::format_2025::operations","@pid":12772,"@timestamp":"2026-03-31T20:29:20.041052Z"}
{"@file":"src/psp/format_2025/operations.rs","@level":"debug","@line":60,"@message":"✅ Operations unpacked: count=8 operations=[94, 160, 152, 219, 42, 24, 76, 9]","@module":"flavor::psp::format_2025::operations","@pid":12772,"@timestamp":"2026-03-31T20:29:20.041108Z"}
{"@file":"src/psp/format_2025/operations.rs","@level":"debug","@line":37,"@message":"✅ Operations packed: result=0","@module":"flavor::psp::format_2025::operations","@pid":12772,"@timestamp":"2026-03-31T20:29:20.041115Z"}
{"@file":"src/psp/format_2025/operations.rs","@level":"debug","@line":37,"@message":"✅ Operations packed: result=3817614478","@module":"flavor::psp::format_2025::operations","@pid":12772,"@timestamp":"2026-03-31T20:29:20.041131Z"}
{"@file":"src/psp/format_2025/operations.rs","@level":"debug","@line":37,"@message":"✅ Operations packed: result=669937016923267166","@module":"flavor::psp::format_2025::operations","@pid":12772,"@timestamp":"2026-03-31T20:29:20.041138Z"}
{"@file":"src/psp/format_2025/operations.rs","@level":"debug","@line":60,"@message":"✅ Operations unpacked: count=4 operations=[142, 44, 140, 227]","@module":"flavor::psp::format_2025::operations","@pid":12772,"@timestamp":"2026-03-31T20:29:20.041162Z"}
{"@file":"src/psp/format_2025/operations.rs","@level":"debug","@line":37,"@message":"✅ Operations packed: result=34562","@module":"flavor::psp::format_2025::operations","@pid":12772,"@timestamp":"2026-03-31T20:29:20.041172Z"}
{"@file":"src/psp/format_2025/operations.rs","@level":"debug","@line":60,"@message":"✅ Operations unpacked: count=8 operations=[94, 160, 152, 219, 42, 24, 76, 9]","@module":"flavor::psp::format_2025::operations","@pid":12772,"@timestamp":"2026-03-31T20:29:20.041174Z"}
{"@file":"src/psp/format_2025/operations.rs","@level":"debug","@line":37,"@message":"✅ Operations packed: result=41764855795","@module":"flavor::psp::format_2025::operations","@pid":12772,"@timestamp":"2026-03-31T20:29:20.041216Z"}
{"@file":"src/psp/format_2025/operations.rs","@level":"debug","@line":60,"@message":"✅ Operations unpacked: count=5 operations=[243, 31, 97, 185, 9]","@module":"flavor::psp::format_2025::operations","@pid":12772,"@timestamp":"2026-03-31T20:29:20.041242Z"}
{"@file":"src/psp/format_2025/operations.rs","@level":"debug","@line":60,"@message":"✅ Operations unpacked: count=8 operations=[25, 222, 3, 92, 249, 85, 80, 229]","@module":"flavor::psp::format_2025::operations","@pid":12772,"@timestamp":"2026-03-31T20:29:20.041254Z"}
{"@file":"src/psp/format_2025/operations.rs","@level":"debug","@line":37,"@message":"✅ Operations packed: result=50426353904502400","@module":"flavor::psp::format_2025::operations","@pid":12772,"@timestamp":"2026-03-31T20:29:20.041242Z"}
{"@file":"src/psp/format_2025/operations.rs","@level":"debug","@line":37,"@message":"✅ Operations packed: result=16523801562301324825","@module":"flavor::psp::format_2025::operations","@pid":12772,"@timestamp":"2026-03-31T20:29:20.041287Z"}
{"@file":"src/psp/format_2025/operations.rs","@level":"debug","@line":37,"@message":"✅ Operations packed: result=0","@module":"flavor::psp::format_2025::operations","@pid":12772,"@timestamp":"2026-03-31T20:29:20.041296Z"}
{"@file":"src/psp/format_2025/operations.rs","@level":"debug","@line":60,"@message":"✅ Operations unpacked: count=8 operations=[25, 222, 3, 92, 249, 85, 80, 229]","@module":"flavor::psp::format_2025::operations","@pid":12772,"@timestamp":"2026-03-31T20:29:20.041312Z"}
{"@file":"src/psp/format_2025/operations.rs","@level":"debug","@line":60,"@message":"✅ Operations unpacked: count=0 operations=[]","@module":"flavor::psp::format_2025::operations","@pid":12772,"@timestamp":"2026-03-31T20:29:20.041324Z"}
{"@file":"src/psp/format_2025/operations.rs","@level":"debug","@line":37,"@message":"✅ Operations packed: result=3066959","@module":"flavor::psp::format_2025::operations","@pid":12772,"@timestamp":"2026-03-31T20:29:20.041334Z"}
{"@file":"src/psp/format_2025/operations.rs","@level":"debug","@line":60,"@message":"✅ Operations unpacked: count=8 operations=[71, 230, 236, 16, 24, 163, 17, 140]","@module":"flavor::psp::format_2025::operations","@pid":12772,"@timestamp":"2026-03-31T20:29:20.041367Z"}
{"@file":"src/psp/format_2025/operations.rs","@level":"debug","@line":37,"@message":"✅ Operations packed: result=34805","@module":"flavor::psp::format_2025::operations","@pid":12772,"@timestamp":"2026-03-31T20:29:20.041380Z"}
{"@file":"src/psp/format_2025/operations.rs","@level":"debug","@line":37,"@message":"✅ Operations packed: result=4126959137","@module":"flavor::psp::format_2025::operations","@pid":12772,"@timestamp":"2026-03-31T20:29:20.041392Z"}
{"@file":"src/psp/format_2025/operations.rs","@level":"debug","@line":60,"@message":"✅ Operations unpacked: count=2 operations=[245, 135]","@module":"flavor::psp::format_2025::operations","@pid":12772,"@timestamp":"2026-03-31T20:29:20.041408Z"}
{"@file":"src/psp/format_2025/operations.rs","@level":"debug","@line":37,"@message":"✅ Operations packed: result=10093027563672495687","@module":"flavor::psp::format_2025::operations","@pid":12772,"@timestamp":"2026-03-31T20:29:20.041397Z"}
{"@file":"src/psp/format_2025/operations.rs","@level":"debug","@line":60,"@message":"✅ Operations unpacked: count=8 operations=[71, 230, 236, 16, 24, 163, 17, 140]","@module":"flavor::psp::format_2025::operations","@pid":12772,"@timestamp":"2026-03-31T20:29:20.041443Z"}
{"@file":"src/psp/format_2025/operations.rs","@level":"debug","@line":37,"@message":"✅ Operations packed: result=312523183471","@module":"flavor::psp::format_2025::operations","@pid":12772,"@timestamp":"2026-03-31T20:29:20.041471Z"}
{"@file":"src/psp/format_2025/operations.rs","@level":"debug","@line":37,"@message":"✅ Operations packed: result=145","@module":"flavor::psp::format_2025::operations","@pid":12772,"@timestamp":"2026-03-31T20:29:20.041461Z"}
{"@file":"src/psp/format_2025/operations.rs","@level":"debug","@line":60,"@message":"✅ Operations unpacked: count=8 operations=[14, 68, 216, 101, 207, 39, 78, 85]","@module":"flavor::psp::format_2025::operations","@pid":12772,"@timestamp":"2026-03-31T20:29:20.041515Z"}
{"@file":"src/psp/format_2025/operations.rs","@level":"debug","@line":60,"@message":"✅ Operations unpacked: count=1 operations=[145]","@module":"flavor::psp::format_2025::operations","@pid":12772,"@timestamp":"2026-03-31T20:29:20.041520Z"}
{"@file":"src/psp/format_2025/operations.rs","@level":"debug","@line":37,"@message":"✅ Operations packed: result=403264721656","@module":"flavor::psp::format_2025::operations","@pid":12772,"@timestamp":"2026-03-31T20:29:20.041532Z"}
{"@file":"src/psp/format_2025/operations.rs","@level":"debug","@line":37,"@message":"✅ Operations packed: result=6146894313127691278","@module":"flavor::psp::format_2025::operations","@pid":12772,"@timestamp":"2026-03-31T20:29:20.041540Z"}
{"@file":"src/psp/format_2025/operations.rs","@level":"debug","@line":37,"@message":"✅ Operations packed: result=65015","@module":"flavor::psp::format_2025::operations","@pid":12772,"@timestamp":"2026-03-31T20:29:20.041578Z"}
{"@file":"src/psp/format_2025/operations.rs","@level":"debug","@line":37,"@message":"✅ Operations packed: result=5479757","@module":"flavor::psp::format_2025::operations","@pid":12772,"@timestamp":"2026-03-31T20:29:20.041588Z"}
{"@file":"src/psp/format_2025/operations.rs","@level":"debug","@line":60,"@message":"✅ Operations unpacked: count=8 operations=[14, 68, 216, 101, 207, 39, 78, 85]","@module":"flavor::psp::format_2025::operations","@pid":12772,"@timestamp":"2026-03-31T20:29:20.041582Z"}
{"@file":"src/psp/format_2025/operations.rs","@level":"debug","@line":60,"@message":"✅ Operations unpacked: count=2 operations=[247, 253]","@module":"flavor::psp::format_2025::operations","@pid":12772,"@timestamp":"2026-03-31T20:29:20.041609Z"}
{"@file":"src/psp/format_2025/operations.rs","@level":"debug","@line":37,"@message":"✅ Operations packed: result=222","@module":"flavor::psp::format_2025::operations","@pid":12772,"@timestamp":"2026-03-31T20:29:20.041649Z"}
{"@file":"src/psp/format_2025/operations.rs","@level":"debug","@line":60,"@message":"✅ Operations unpacked: count=8 operations=[242, 81, 187, 197, 161, 49, 232, 46]","@module":"flavor::psp::format_2025::operations","@pid":12772,"@timestamp":"2026-03-31T20:29:20.041667Z"}
{"@file":"src/psp/format_2025/operations.rs","@level":"debug","@line":37,"@message":"✅ Operations packed: result=7485566566746941716","@module":"flavor::psp::format_2025::operations","@pid":12772,"@timestamp":"2026-03-31T20:29:20.041673Z"}
{"@file":"src/psp/format_2025/operations.rs","@level":"debug","@line":37,"@message":"✅ Operations packed: result=3380006091218440690","@module":"flavor::psp::format_2025::operations","@pid":12772,"@timestamp":"2026-03-31T20:29:20.041698Z"}
{"@file":"src/psp/format_2025/operations.rs","@level":"debug","@line":60,"@message":"✅ Operations unpacked: count=8 operations=[20, 233, 125, 217, 33, 19, 226, 103]","@module":"flavor::psp::format_2025::operations","@pid":12772,"@timestamp":"2026-03-31T20:29:20.041703Z"}
{"@file":"src/psp/format_2025/operations.rs","@level":"debug","@line":37,"@message":"✅ Operations packed: result=42214791945008","@module":"flavor::psp::format_2025::operations","@pid":12772,"@timestamp":"2026-03-31T20:29:20.041704Z"}
{"@file":"src/psp/format_2025/operations.rs","@level":"debug","@line":60,"@message":"✅ Operations unpacked: count=8 operations=[242, 81, 187, 197, 161, 49, 232, 46]","@module":"flavor::psp::format_2025::operations","@pid":12772,"@timestamp":"2026-03-31T20:29:20.041718Z"}
{"@file":"src/psp/format_2025/operations.rs","@level":"debug","@line":37,"@message":"✅ Operations packed: result=62136","@module":"flavor::psp::format_2025::operations","@pid":12772,"@timestamp":"2026-03-31T20:29:20.041755Z"}
{"@file":"src/psp/format_2025/operations.rs","@level":"debug","@line":37,"@message":"✅ Operations packed: result=157","@module":"flavor::psp::format_2025::operations","@pid":12772,"@timestamp":"2026-03-31T20:29:20.041771Z"}
{"@file":"src/psp/format_2025/operations.rs","@level":"debug","@line":60,"@message":"✅ Operations unpacked: count=8 operations=[52, 70, 96, 198, 36, 158, 75, 255]","@module":"flavor::psp::format_2025::operations","@pid":12772,"@timestamp":"2026-03-31T20:29:20.041775Z"}
{"@file":"src/psp/format_2025/operations.rs","@level":"debug","@line":60,"@message":"✅ Operations unpacked: count=2 operations=[184, 242]","@module":"flavor::psp::format_2025::operations","@pid":12772,"@timestamp":"2026-03-31T20:29:20.041774Z"}
{"@file":"src/psp/format_2025/operations.rs","@level":"debug","@line":37,"@message":"✅ Operations packed: result=18395970983709132340","@module":"flavor::psp::format_2025::operations","@pid":12772,"@timestamp":"2026-03-31T20:29:20.041798Z"}
{"@file":"src/psp/format_2025/operations.rs","@level":"debug","@line":60,"@message":"✅ Operations unpacked: count=8 operations=[52, 70, 96, 198, 36, 158, 75, 255]","@module":"flavor::psp::format_2025::operations","@pid":12772,"@timestamp":"2026-03-31T20:29:20.041818Z"}
{"@file":"src/psp/format_2025/operations.rs","@level":"debug","@line":37,"@message":"✅ Operations packed: result=353297692549","@module":"flavor::psp::format_2025::operations","@pid":12772,"@timestamp":"2026-03-31T20:29:20.041820Z"}
{"@file":"src/psp/format_2025/operations.rs","@level":"debug","@line":37,"@message":"✅ Operations packed: result=201","@module":"flavor::psp::format_2025::operations","@pid":12772,"@timestamp":"2026-03-31T20:29:20.041833Z"}
{"@file":"src/psp/format_2025/operations.rs","@level":"debug","@line":60,"@message":"✅ Operations unpacked: count=1 operations=[201]","@module":"flavor::psp::format_2025::operations","@pid":12772,"@timestamp":"2026-03-31T20:29:20.041851Z"}
{"@file":"src/psp/format_2025/operations.rs","@level":"debug","@line":60,"@message":"✅ Operations unpacked: count=8 operations=[205, 106, 250, 12, 191, 140, 42, 8]","@module":"flavor::psp::format_2025::operations","@pid":12772,"@timestamp":"2026-03-31T20:29:20.041864Z"}
{"@file":"src/psp/format_2025/operations.rs","@level":"debug","@line":37,"@message":"✅ Operations packed: result=166","@module":"flavor::psp::format_2025::operations","@pid":12772,"@timestamp":"2026-03-31T20:29:20.041873Z"}
{"@file":"src/psp/format_2025/operations.rs","@level":"debug","@line":37,"@message":"✅ Operations packed: result=588437453509651149","@module":"flavor::psp::format_2025::operations","@pid":12772,"@timestamp":"2026-03-31T20:29:20.041884Z"}
{"@file":"src/psp/format_2025/operations.rs","@level":"debug","@line":37,"@message":"✅ Operations packed: result=450161175350","@module":"flavor::psp::format_2025::operations","@pid":12772,"@timestamp":"2026-03-31T20:29:20.041897Z"}
{"@file":"src/psp/format_2025/operations.rs","@level":"debug","@line":60,"@message":"✅ Operations unpacked: count=8 operations=[205, 106, 250, 12, 191, 140, 42, 8]","@module":"flavor::psp::format_2025::operations","@pid":12772,"@timestamp":"2026-03-31T20:29:20.041901Z"}
{"@file":"src/psp/format_2025/operations.rs","@level":"debug","@line":60,"@message":"✅ Operations unpacked: count=5 operations=[54, 107, 178, 207, 104]","@module":"flavor::psp::format_2025::operations","@pid":12772,"@timestamp":"2026-03-31T20:29:20.041918Z"}
{"@file":"src/psp/format_2025/operations.rs","@level":"debug","@line":37,"@message":"✅ Operations packed: result=71481515158082783","@module":"flavor::psp::format_2025::operations","@pid":12772,"@timestamp":"2026-03-31T20:29:20.041920Z"}
{"@file":"src/psp/format_2025/operations.rs","@level":"debug","@line":60,"@message":"✅ Operations unpacked: count=8 operations=[2, 13, 252, 196, 243, 28, 167, 95]","@module":"flavor::psp::format_2025::operations","@pid":12772,"@timestamp":"2026-03-31T20:29:20.041968Z"}
{"@file":"src/psp/format_2025/operations.rs","@level":"debug","@line":37,"@message":"✅ Operations packed: result=9245482826704143","@module":"flavor::psp::format_2025::operations","@pid":12772,"@timestamp":"2026-03-31T20:29:20.041982Z"}
{"@file":"src/psp/format_2025/operations.rs","@level":"debug","@line":37,"@message":"✅ Operations packed: result=207","@module":"flavor::psp::format_2025::operations","@pid":12772,"@timestamp":"2026-03-31T20:29:20.041985Z"}
{"@file":"src/psp/format_2025/operations.rs","@level":"debug","@line":37,"@message":"✅ Operations packed: result=6892509588021316866","@module":"flavor::psp::format_2025::operations","@pid":12772,"@timestamp":"2026-03-31T20:29:20.041996Z"}
{"@file":"src/psp/format_2025/operations.rs","@level":"debug","@line":60,"@message":"✅ Operations unpacked: count=7 operations=[15, 165, 169, 183, 183, 216, 32]","@module":"flavor::psp::format_2025::operations","@pid":12772,"@timestamp":"2026-03-31T20:29:20.042009Z"}
{"@file":"src/psp/format_2025/operations.rs","@level":"debug","@line":60,"@message":"✅ Operations unpacked: count=8 operations=[2, 13, 252, 196, 243, 28, 167, 95]","@module":"flavor::psp::format_2025::operations","@pid":12772,"@timestamp":"2026-03-31T20:29:20.042038Z"}
{"@file":"src/psp/format_2025/operations.rs","@level":"debug","@line":37,"@message":"✅ Operations packed: result=0","@module":"flavor::psp::format_2025::operations","@pid":12772,"@timestamp":"2026-03-31T20:29:20.042046Z"}
{"@file":"src/psp/format_2025/operations.rs","@level":"debug","@line":37,"@message":"✅ Operations packed: result=163381497190969","@module":"flavor::psp::format_2025::operations","@pid":12772,"@timestamp":"2026-03-31T20:29:20.042078Z"}
{"@file":"src/psp/format_2025/operations.rs","@level":"debug","@line":60,"@message":"✅ Operations unpacked: count=8 operations=[72, 32, 114, 78, 51, 235, 165, 82]","@module":"flavor::psp::format_2025::operations","@pid":12772,"@timestamp":"2026-03-31T20:29:20.042097Z"}
{"@file":"src/psp/format_2025/operations.rs","@level":"debug","@line":60,"@message":"✅ Operations unpacked: count=6 operations=[57, 90, 26, 56, 152, 148]","@module":"flavor::psp::format_2025::operations","@pid":12772,"@timestamp":"2026-03-31T20:29:20.042099Z"}
{"@file":"src/psp/format_2025/operations.rs","@level":"debug","@line":37,"@message":"✅ Operations packed: result=5955424687859310664","@module":"flavor::psp::format_2025::operations","@pid":12772,"@timestamp":"2026-03-31T20:29:20.042130Z"}
{"@file":"src/psp/format_2025/operations.rs","@level":"debug","@line":37,"@message":"✅ Operations packed: result=164904037","@module":"flavor::psp::format_2025::operations","@pid":12772,"@timestamp":"2026-03-31T20:29:20.042109Z"}
{"@file":"src/psp/format_2025/operations.rs","@level":"debug","@line":60,"@message":"✅ Operations unpacked: count=8 operations=[72, 32, 114, 78, 51, 235, 165, 82]","@module":"flavor::psp::format_2025::operations","@pid":12772,"@timestamp":"2026-03-31T20:29:20.042158Z"}
{"@file":"src/psp/format_2025/operations.rs","@level":"debug","@line":37,"@message":"✅ Operations packed: result=1041674512171","@module":"flavor::psp::format_2025::operations","@pid":12772,"@timestamp":"2026-03-31T20:29:20.042175Z"}
{"@file":"src/psp/format_2025/operations.rs","@level":"debug","@line":37,"@message":"✅ Operations packed: result=391050635594","@module":"flavor::psp::format_2025::operations","@pid":12772,"@timestamp":"2026-03-31T20:29:20.042198Z"}
{"@file":"src/psp/format_2025/operations.rs","@level":"debug","@line":60,"@message":"✅ Operations unpacked: count=5 operations=[43, 167, 163, 136, 242]","@module":"flavor::psp::format_2025::operations","@pid":12772,"@timestamp":"2026-03-31T20:29:20.042200Z"}
{"@file":"src/psp/format_2025/operations.rs","@level":"debug","@line":60,"@message":"✅ Operations unpacked: count=8 operations=[248, 155, 186, 49, 209, 58, 156, 27]","@module":"flavor::psp::format_2025::operations","@pid":12772,"@timestamp":"2026-03-31T20:29:20.042211Z"}
{"@file":"src/psp/format_2025/operations.rs","@level":"debug","@line":37,"@message":"✅ Operations packed: result=1989529805547805688","@module":"flavor::psp::format_2025::operations","@pid":12772,"@timestamp":"2026-03-31T20:29:20.042238Z"}
{"@file":"src/psp/format_2025/operations.rs","@level":"debug","@line":37,"@message":"✅ Operations packed: result=557475022279","@module":"flavor::psp::format_2025::operations","@pid":12772,"@timestamp":"2026-03-31T20:29:20.042248Z"}
{"@file":"src/psp/format_2025/operations.rs","@level":"debug","@line":60,"@message":"✅ Operations unpacked: count=8 operations=[248, 155, 186, 49, 209, 58, 156, 27]","@module":"flavor::psp::format_2025::operations","@pid":12772,"@timestamp":"2026-03-31T20:29:20.042258Z"}
{"@file":"src/psp/format_2025/operations.rs","@level":"debug","@line":37,"@message":"✅ Operations packed: result=1466131","@module":"flavor::psp::format_2025::operations","@pid":12772,"@timestamp":"2026-03-31T20:29:20.042253Z"}
{"@file":"src/psp/format_2025/operations.rs","@level":"debug","@line":60,"@message":"✅ Operations unpacked: count=3 operations=[19, 95, 22]","@module":"flavor::psp::format_2025::operations","@pid":12772,"@timestamp":"2026-03-31T20:29:20.042300Z"}
{"@file":"src/psp/format_2025/operations.rs","@level":"debug","@line":37,"@message":"✅ Operations packed: result=125","@module":"flavor::psp::format_2025::operations","@pid":12772,"@timestamp":"2026-03-31T20:29:20.042303Z"}
{"@file":"src/psp/format_2025/operations.rs","@level":"debug","@line":60,"@message":"✅ Operations unpacked: count=8 operations=[180, 249, 107, 161, 68, 43, 147, 239]","@module":"flavor::psp::format_2025::operations","@pid":12772,"@timestamp":"2026-03-31T20:29:20.042314Z"}
{"@file":"src/psp/format_2025/operations.rs","@level":"debug","@line":37,"@message":"✅ Operations packed: result=17263189370407221684","@module":"flavor::psp::format_2025::operations","@pid":12772,"@timestamp":"2026-03-31T20:29:20.042342Z"}
{"@file":"src/psp/format_2025/operations.rs","@level":"debug","@line":37,"@message":"✅ Operations packed: result=81200830082967","@module":"flavor::psp::format_2025::operations","@pid":12772,"@timestamp":"2026-03-31T20:29:20.042351Z"}
{"@file":"src/psp/format_2025/operations.rs","@level":"debug","@line":37,"@message":"✅ Operations packed: result=0","@module":"flavor::psp::format_2025::operations","@pid":12772,"@timestamp":"2026-03-31T20:29:20.042354Z"}
{"@file":"src/psp/format_2025/operations.rs","@level":"debug","@line":60,"@message":"✅ Operations unpacked: count=8 operations=[180, 249, 107, 161, 68, 43, 147, 239]","@module":"flavor::psp::format_2025::operations","@pid":12772,"@timestamp":"2026-03-31T20:29:20.042360Z"}
{"@file":"src/psp/format_2025/operations.rs","@level":"debug","@line":60,"@message":"✅ Operations unpacked: count=6 operations=[151, 239, 161, 10, 218, 73]","@module":"flavor::psp::format_2025::operations","@pid":12772,"@timestamp":"2026-03-31T20:29:20.042383Z"}
{"@file":"src/psp/format_2025/operations.rs","@level":"debug","@line":37,"@message":"✅ Operations packed: result=14902750","@module":"flavor::psp::format_2025::operations","@pid":12772,"@timestamp":"2026-03-31T20:29:20.042420Z"}
{"@file":"src/psp/format_2025/operations.rs","@level":"debug","@line":60,"@message":"✅ Operations unpacked: count=8 operations=[127, 164, 1, 64, 229, 85, 102, 6]","@module":"flavor::psp::format_2025::operations","@pid":12772,"@timestamp":"2026-03-31T20:29:20.042438Z"}
{"@file":"src/psp/format_2025/operations.rs","@level":"debug","@line":37,"@message":"✅ Operations packed: result=144814178183336","@module":"flavor::psp::format_2025::operations","@pid":12772,"@timestamp":"2026-03-31T20:29:20.042452Z"}
{"@file":"src/psp/format_2025/operations.rs","@level":"debug","@line":37,"@message":"✅ Operations packed: result=461150454961775743","@module":"flavor::psp::format_2025::operations","@pid":12772,"@timestamp":"2026-03-31T20:29:20.042467Z"}
{"@file":"src/psp/format_2025/operations.rs","@level":"debug","@line":37,"@message":"✅ Operations packed: result=906201315628","@module":"flavor::psp::format_2025::operations","@pid":12772,"@timestamp":"2026-03-31T20:29:20.042467Z"}
{"@file":"src/psp/format_2025/operations.rs","@level":"debug","@line":60,"@message":"✅ Operations unpacked: count=6 operations=[168, 40, 166, 45, 181, 131]","@module":"flavor::psp::format_2025::operations","@pid":12772,"@timestamp":"2026-03-31T20:29:20.042478Z"}
{"@file":"src/psp/format_2025/operations.rs","@level":"debug","@line":60,"@message":"✅ Operations unpacked: count=8 operations=[127, 164, 1, 64, 229, 85, 102, 6]","@module":"flavor::psp::format_2025::operations","@pid":12772,"@timestamp":"2026-03-31T20:29:20.042498Z"}
{"@file":"src/psp/format_2025/operations.rs","@level":"debug","@line":37,"@message":"✅ Operations packed: result=56630537505549878","@module":"flavor::psp::format_2025::operations","@pid":12772,"@timestamp":"2026-03-31T20:29:20.042543Z"}
{"@file":"src/psp/format_2025/operations.rs","@level":"debug","@line":37,"@message":"✅ Operations packed: result=62996","@module":"flavor::psp::format_2025::operations","@pid":12772,"@timestamp":"2026-03-31T20:29:20.042554Z"}
{"@file":"src/psp/format_2025/operations.rs","@level":"debug","@line":60,"@message":"✅ Operations unpacked: count=8 operations=[97, 87, 93, 208, 134, 77, 123, 139]","@module":"flavor::psp::format_2025::operations","@pid":12772,"@timestamp":"2026-03-31T20:29:20.042562Z"}
{"@file":"src/psp/format_2025/operations.rs","@level":"debug","@line":60,"@message":"✅ Operations unpacked: count=2 operations=[20, 246]","@module":"flavor::psp::format_2025::operations","@pid":12772,"@timestamp":"2026-03-31T20:29:20.042572Z"}
{"@file":"src/psp/format_2025/operations.rs","@level":"debug","@line":37,"@message":"✅ Operations packed: result=10050712234824128353","@module":"flavor::psp::format_2025::operations","@pid":12772,"@timestamp":"2026-03-31T20:29:20.042582Z"}
{"@file":"src/psp/format_2025/operations.rs","@level":"debug","@line":37,"@message":"✅ Operations packed: result=4021046531","@module":"flavor::psp::format_2025::operations","@pid":12772,"@timestamp":"2026-03-31T20:29:20.042591Z"}
{"@file":"src/psp/format_2025/operations.rs","@level":"debug","@line":60,"@message":"✅ Operations unpacked: count=8 operations=[97, 87, 93, 208, 134, 77, 123, 139]","@module":"flavor::psp::format_2025::operations","@pid":12772,"@timestamp":"2026-03-31T20:29:20.042601Z"}
{"@file":"src/psp/format_2025/operations.rs","@level":"debug","@line":37,"@message":"✅ Operations packed: result=1560765231","@module":"flavor::psp::format_2025::operations","@pid":12772,"@timestamp":"2026-03-31T20:29:20.042620Z"}
{"@file":"src/psp/format_2025/operations.rs","@level":"debug","@line":37,"@message":"✅ Operations packed: result=10422865428656076","@module":"flavor::psp::format_2025::operations","@pid":12772,"@timestamp":"2026-03-31T20:29:20.042637Z"}
{"@file":"src/psp/format_2025/operations.rs","@level":"debug","@line":60,"@message":"✅ Operations unpacked: count=8 operations=[160, 230, 122, 32, 85, 126, 174, 175]","@module":"flavor::psp::format_2025::operations","@pid":12772,"@timestamp":"2026-03-31T20:29:20.042647Z"}
{"@file":"src/psp/format_2025/operations.rs","@level":"debug","@line":60,"@message":"✅ Operations unpacked: count=4 operations=[47, 99, 7, 93]","@module":"flavor::psp::format_2025::operations","@pid":12772,"@timestamp":"2026-03-31T20:29:20.042638Z"}
{"@file":"src/psp/format_2025/operations.rs","@level":"debug","@line":37,"@message":"✅ Operations packed: result=12659194506667288224","@module":"flavor::psp::format_2025::operations","@pid":12772,"@timestamp":"2026-03-31T20:29:20.042670Z"}
{"@file":"src/psp/format_2025/operations.rs","@level":"debug","@line":37,"@message":"✅ Operations packed: result=3921414124","@module":"flavor::psp::format_2025::operations","@pid":12772,"@timestamp":"2026-03-31T20:29:20.042687Z"}
{"@file":"src/psp/format_2025/operations.rs","@level":"debug","@line":60,"@message":"✅ Operations unpacked: count=8 operations=[160, 230, 122, 32, 85, 126, 174, 175]","@module":"flavor::psp::format_2025::operations","@pid":12772,"@timestamp":"2026-03-31T20:29:20.042706Z"}
{"@file":"src/psp/format_2025/operations.rs","@level":"debug","@line":37,"@message":"✅ Operations packed: result=67781699877726265","@module":"flavor::psp::format_2025::operations","@pid":12772,"@timestamp":"2026-03-31T20:29:20.042728Z"}
{"@file":"src/psp/format_2025/operations.rs","@level":"debug","@line":37,"@message":"✅ Operations packed: result=3906892","@module":"flavor::psp::format_2025::operations","@pid":12772,"@timestamp":"2026-03-31T20:29:20.042740Z"}
{"@file":"src/psp/format_2025/operations.rs","@level":"debug","@line":60,"@message":"✅ Operations unpacked: count=7 operations=[57, 232, 123, 207, 24, 207, 240]","@module":"flavor::psp::format_2025::operations","@pid":12772,"@timestamp":"2026-03-31T20:29:20.042795Z"}
{"@file":"src/psp/format_2025/operations.rs","@level":"debug","@line":60,"@message":"✅ Operations unpacked: count=8 operations=[29, 140, 201, 152, 83, 150, 174, 2]","@module":"flavor::psp::format_2025::operations","@pid":12772,"@timestamp":"2026-03-31T20:29:20.042753Z"}
{"@file":"src/psp/format_2025/operations.rs","@level":"debug","@line":37,"@message":"✅ Operations packed: result=3613645885","@module":"flavor::psp::format_2025::operations","@pid":12772,"@timestamp":"2026-03-31T20:29:20.042840Z"}
{"@file":"src/psp/format_2025/operations.rs","@level":"debug","@line":37,"@message":"✅ Operations packed: result=193257119813307421","@module":"flavor::psp::format_2025::operations","@pid":12772,"@timestamp":"2026-03-31T20:29:20.042842Z"}
{"@file":"src/psp/format_2025/operations.rs","@level":"debug","@line":37,"@message":"✅ Operations packed: result=910004989017","@module":"flavor::psp::format_2025::operations","@pid":12772,"@timestamp":"2026-03-31T20:29:20.042857Z"}
{"@file":"src/psp/format_2025/operations.rs","@level":"debug","@line":60,"@message":"✅ Operations unpacked: count=8 operations=[29, 140, 201, 152, 83, 150, 174, 2]","@module":"flavor::psp::format_2025::operations","@pid":12772,"@timestamp":"2026-03-31T20:29:20.042879Z"}
{"@file":"src/psp/format_2025/operations.rs","@level":"debug","@line":60,"@message":"✅ Operations unpacked: count=5 operations=[89, 44, 134, 224, 211]","@module":"flavor::psp::format_2025::operations","@pid":12772,"@timestamp":"2026-03-31T20:29:20.042890Z"}
{"@file":"src/psp/format_2025/operations.rs","@level":"debug","@line":37,"@message":"✅ Operations packed: result=16240853","@module":"flavor::psp::format_2025::operations","@pid":12772,"@timestamp":"2026-03-31T20:29:20.042892Z"}
{"@file":"src/psp/format_2025/operations.rs","@level":"debug","@line":60,"@message":"✅ Operations unpacked: count=8 operations=[157, 117, 29, 15, 21, 236, 215, 111]","@module":"flavor::psp::format_2025::operations","@pid":12772,"@timestamp":"2026-03-31T20:29:20.042934Z"}
{"@file":"src/psp/format_2025/operations.rs","@level":"debug","@line":37,"@message":"✅ Operations packed: result=6882632062275689935","@module":"flavor::psp::format_2025::operations","@pid":12772,"@timestamp":"2026-03-31T20:29:20.042949Z"}
{"@file":"src/psp/format_2025/operations.rs","@level":"debug","@line":37,"@message":"✅ Operations packed: result=3635293","@module":"flavor::psp::format_2025::operations","@pid":12772,"@timestamp":"2026-03-31T20:29:20.042965Z"}
{"@file":"src/psp/format_2025/operations.rs","@level":"debug","@line":37,"@message":"✅ Operations packed: result=8059169633394849181","@module":"flavor::psp::format_2025::operations","@pid":12772,"@timestamp":"2026-03-31T20:29:20.042956Z"}
{"@file":"src/psp/format_2025/operations.rs","@level":"debug","@line":60,"@message":"✅ Operations unpacked: count=8 operations=[207, 29, 168, 23, 101, 5, 132, 95]","@module":"flavor::psp::format_2025::operations","@pid":12772,"@timestamp":"2026-03-31T20:29:20.042979Z"}
{"@file":"src/psp/format_2025/operations.rs","@level":"debug","@line":60,"@message":"✅ Operations unpacked: count=8 operations=[157, 117, 29, 15, 21, 236, 215, 111]","@module":"flavor::psp::format_2025::operations","@pid":12772,"@timestamp":"2026-03-31T20:29:20.043006Z"}
{"@file":"src/psp/format_2025/operations.rs","@level":"debug","@line":37,"@message":"✅ Operations packed: result=193","@module":"flavor::psp::format_2025::operations","@pid":12772,"@timestamp":"2026-03-31T20:29:20.043017Z"}
{"@file":"src/psp/format_2025/operations.rs","@level":"debug","@line":37,"@message":"✅ Operations packed: result=0","@module":"flavor::psp::format_2025::operations","@pid":12772,"@timestamp":"2026-03-31T20:29:20.043051Z"}
{"@file":"src/psp/format_2025/operations.rs","@level":"debug","@line":60,"@message":"✅ Operations unpacked: count=8 operations=[18, 74, 235, 98, 80, 241, 239, 118]","@module":"flavor::psp::format_2025::operations","@pid":12772,"@timestamp":"2026-03-31T20:29:20.043063Z"}
{"@file":"src/psp/format_2025/operations.rs","@level":"debug","@line":60,"@message":"✅ Operations unpacked: count=0 operations=[]","@module":"flavor::psp::format_2025::operations","@pid":12772,"@timestamp":"2026-03-31T20:29:20.043077Z"}
{"@file":"src/psp/format_2025/operations.rs","@level":"debug","@line":37,"@message":"✅ Operations packed: result=8570333943468608018","@module":"flavor::psp::format_2025::operations","@pid":12772,"@timestamp":"2026-03-31T20:29:20.043092Z"}
{"@file":"src/psp/format_2025/operations.rs","@level":"debug","@line":37,"@message":"✅ Operations packed: result=67","@module":"flavor::psp::format_2025::operations","@pid":12772,"@timestamp":"2026-03-31T20:29:20.043072Z"}
{"@file":"src/psp/format_2025/operations.rs","@level":"debug","@line":60,"@message":"✅ Operations unpacked: count=8 operations=[18, 74, 235, 98, 80, 241, 239, 118]","@module":"flavor::psp::format_2025::operations","@pid":12772,"@timestamp":"2026-03-31T20:29:20.043119Z"}
{"@file":"src/psp/format_2025/operations.rs","@level":"debug","@line":37,"@message":"✅ Operations packed: result=3892210","@module":"flavor::psp::format_2025::operations","@pid":12772,"@timestamp":"2026-03-31T20:29:20.043132Z"}
{"@file":"src/psp/format_2025/operations.rs","@level":"debug","@line":60,"@message":"✅ Operations unpacked: count=3 operations=[242, 99, 59]","@module":"flavor::psp::format_2025::operations","@pid":12772,"@timestamp":"2026-03-31T20:29:20.043156Z"}
{"@file":"src/psp/format_2025/operations.rs","@level":"debug","@line":60,"@message":"✅ Operations unpacked: count=8 operations=[2, 152, 221, 174, 98, 170, 25, 205]","@module":"flavor::psp::format_2025::operations","@pid":12772,"@timestamp":"2026-03-31T20:29:20.043166Z"}
{"@file":"src/psp/format_2025/operations.rs","@level":"debug","@line":37,"@message":"✅ Operations packed: result=3928054481","@module":"flavor::psp::format_2025::operations","@pid":12772,"@timestamp":"2026-03-31T20:29:20.043158Z"}
{"@file":"src/psp/format_2025/operations.rs","@level":"debug","@line":37,"@message":"✅ Operations packed: result=14779030993010268162","@module":"flavor::psp::format_2025::operations","@pid":12772,"@timestamp":"2026-03-31T20:29:20.043192Z"}
{"@file":"src/psp/format_2025/operations.rs","@level":"debug","@line":60,"@message":"✅ Operations unpacked: count=8 operations=[2, 152, 221, 174, 98, 170, 25, 205]","@module":"flavor::psp::format_2025::operations","@pid":12772,"@timestamp":"2026-03-31T20:29:20.043210Z"}
{"@file":"src/psp/format_2025/operations.rs","@level":"debug","@line":37,"@message":"✅ Operations packed: result=812204713058","@module":"flavor::psp::format_2025::operations","@pid":12772,"@timestamp":"2026-03-31T20:29:20.043208Z"}
{"@file":"src/psp/format_2025/operations.rs","@level":"debug","@line":37,"@message":"✅ Operations packed: result=209","@module":"flavor::psp::format_2025::operations","@pid":12772,"@timestamp":"2026-03-31T20:29:20.043229Z"}
{"@file":"src/psp/format_2025/operations.rs","@level":"debug","@line":60,"@message":"✅ Operations unpacked: count=5 operations=[98, 100, 44, 27, 189]","@module":"flavor::psp::format_2025::operations","@pid":12772,"@timestamp":"2026-03-31T20:29:20.043258Z"}
{"@file":"src/psp/format_2025/operations.rs","@level":"debug","@line":60,"@message":"✅ Operations unpacked: count=8 operations=[229, 24, 81, 58, 220, 101, 198, 129]","@module":"flavor::psp::format_2025::operations","@pid":12772,"@timestamp":"2026-03-31T20:29:20.043264Z"}
{"@file":"src/psp/format_2025/operations.rs","@level":"debug","@line":37,"@message":"✅ Operations packed: result=0","@module":"flavor::psp::format_2025::operations","@pid":12772,"@timestamp":"2026-03-31T20:29:20.043302Z"}
{"@file":"src/psp/format_2025/operations.rs","@level":"debug","@line":37,"@message":"✅ Operations packed: result=9351273672827017445","@module":"flavor::psp::format_2025::operations","@pid":12772,"@timestamp":"2026-03-31T20:29:20.043306Z"}
{"@file":"src/psp/format_2025/operations.rs","@level":"debug","@line":37,"@message":"✅ Operations packed: result=0","@module":"flavor::psp::format_2025::operations","@pid":12772,"@timestamp":"2026-03-31T20:29:20.043316Z"}
{"@file":"src/psp/format_2025/operations.rs","@level":"debug","@line":60,"@message":"✅ Operations unpacked: count=8 operations=[229, 24, 81, 58, 220, 101, 198, 129]","@module":"flavor::psp::format_2025::operations","@pid":12772,"@timestamp":"2026-03-31T20:29:20.043342Z"}
{"@file":"src/psp/format_2025/operations.rs","@level":"debug","@line":60,"@message":"✅ Operations unpacked: count=0 operations=[]","@module":"flavor::psp::format_2025::operations","@pid":12772,"@timestamp":"2026-03-31T20:29:20.043356Z"}
{"@file":"src/psp/format_2025/operations.rs","@level":"debug","@line":37,"@message":"✅ Operations packed: result=3081864827","@module":"flavor::psp::format_2025::operations","@pid":12772,"@timestamp":"2026-03-31T20:29:20.043359Z"}
{"@file":"src/psp/format_2025/operations.rs","@level":"debug","@line":60,"@message":"✅ Operations unpacked: count=8 operations=[46, 208, 243, 45, 224, 249, 234, 167]","@module":"flavor::psp::format_2025::operations","@pid":12772,"@timestamp":"2026-03-31T20:29:20.043393Z"}
{"@file":"src/psp/format_2025/operations.rs","@level":"debug","@line":37,"@message":"✅ Operations packed: result=47564182212133","@module":"flavor::psp::format_2025::operations","@pid":12772,"@timestamp":"2026-03-31T20:29:20.043407Z"}
{"@file":"src/psp/format_2025/operations.rs","@level":"debug","@line":37,"@message":"✅ Operations packed: result=12099758090123202606","@module":"flavor::psp::format_2025::operations","@pid":12772,"@timestamp":"2026-03-31T20:29:20.043413Z"}
{"@file":"src/psp/format_2025/operations.rs","@level":"debug","@line":37,"@message":"✅ Operations packed: result=46487758261627429","@module":"flavor::psp::format_2025::operations","@pid":12772,"@timestamp":"2026-03-31T20:29:20.043411Z"}
{"@file":"src/psp/format_2025/operations.rs","@level":"debug","@line":60,"@message":"✅ Operations unpacked: count=6 operations=[37, 78, 47, 102, 66, 43]","@module":"flavor::psp::format_2025::operations","@pid":12772,"@timestamp":"2026-03-31T20:29:20.043427Z"}
{"@file":"src/psp/format_2025/operations.rs","@level":"debug","@line":60,"@message":"✅ Operations unpacked: count=8 operations=[46, 208, 243, 45, 224, 249, 234, 167]","@module":"flavor::psp::format_2025::operations","@pid":12772,"@timestamp":"2026-03-31T20:29:20.043433Z"}
{"@file":"src/psp/format_2025/operations.rs","@level":"debug","@line":37,"@message":"✅ Operations packed: result=0","@module":"flavor::psp::format_2025::operations","@pid":12772,"@timestamp":"2026-03-31T20:29:20.043480Z"}
{"@file":"src/psp/format_2025/operations.rs","@level":"debug","@line":37,"@message":"✅ Operations packed: result=1088689183479","@module":"flavor::psp::format_2025::operations","@pid":12772,"@timestamp":"2026-03-31T20:29:20.043488Z"}
{"@file":"src/psp/format_2025/operations.rs","@level":"debug","@line":60,"@message":"✅ Operations unpacked: count=8 operations=[100, 243, 225, 53, 47, 179, 213, 54]","@module":"flavor::psp::format_2025::operations","@pid":12772,"@timestamp":"2026-03-31T20:29:20.043508Z"}
test psp::format_2025::operations::tests::prop_pack_high_bytes_zero ... {"@file":"src/psp/format_2025/operations.rs","@level":"debug","@line":60,"@message":"✅ Operations unpacked: count=5 operations=[247, 154, 238, 122, 253]","@module":"flavor::psp::format_2025::operations","@pid":12772,"@timestamp":"2026-03-31T20:29:20.043513Z"}
ok{"@file":"src/psp/format_2025/operations.rs","@level":"debug","@line":37,"@message":"✅ Operations packed: result=3951261263436313444","@module":"flavor::psp::format_2025::operations","@pid":12772,"@timestamp":"2026-03-31T20:29:20.043540Z"}

{"@file":"src/psp/format_2025/operations.rs","@level":"debug","@line":60,"@message":"✅ Operations unpacked: count=8 operations=[100, 243, 225, 53, 47, 179, 213, 54]","@module":"flavor::psp::format_2025::operations","@pid":12772,"@timestamp":"2026-03-31T20:29:20.043566Z"}
{"@file":"src/psp/format_2025/operations.rs","@level":"debug","@line":37,"@message":"✅ Operations packed: result=385538380815","@module":"flavor::psp::format_2025::operations","@pid":12772,"@timestamp":"2026-03-31T20:29:20.043584Z"}
{"@file":"src/psp/format_2025/operations.rs","@level":"debug","@line":60,"@message":"✅ Operations unpacked: count=5 operations=[15, 212, 224, 195, 89]","@module":"flavor::psp::format_2025::operations","@pid":12772,"@timestamp":"2026-03-31T20:29:20.043614Z"}
{"@file":"src/psp/format_2025/operations.rs","@level":"debug","@line":60,"@message":"✅ Operations unpacked: count=8 operations=[254, 79, 158, 158, 22, 118, 47, 220]","@module":"flavor::psp::format_2025::operations","@pid":12772,"@timestamp":"2026-03-31T20:29:20.043617Z"}
{"@file":"src/psp/format_2025/operations.rs","@level":"debug","@line":37,"@message":"✅ Operations packed: result=15866029851772080126","@module":"flavor::psp::format_2025::operations","@pid":12772,"@timestamp":"2026-03-31T20:29:20.043644Z"}
{"@file":"src/psp/format_2025/operations.rs","@level":"debug","@line":60,"@message":"✅ Operations unpacked: count=8 operations=[254, 79, 158, 158, 22, 118, 47, 220]","@module":"flavor::psp::format_2025::operations","@pid":12772,"@timestamp":"2026-03-31T20:29:20.043662Z"}
{"@file":"src/psp/format_2025/operations.rs","@level":"debug","@line":37,"@message":"✅ Operations packed: result=10809020","@module":"flavor::psp::format_2025::operations","@pid":12772,"@timestamp":"2026-03-31T20:29:20.043662Z"}
{"@file":"src/psp/format_2025/operations.rs","@level":"debug","@line":60,"@message":"✅ Operations unpacked: count=3 operations=[188, 238, 164]","@module":"flavor::psp::format_2025::operations","@pid":12772,"@timestamp":"2026-03-31T20:29:20.043705Z"}
{"@file":"src/psp/format_2025/operations.rs","@level":"debug","@line":60,"@message":"✅ Operations unpacked: count=8 operations=[106, 173, 215, 89, 209, 155, 141, 57]","@module":"flavor::psp::format_2025::operations","@pid":12772,"@timestamp":"2026-03-31T20:29:20.043713Z"}
{"@file":"src/psp/format_2025/operations.rs","@level":"debug","@line":37,"@message":"✅ Operations packed: result=4147142155335871850","@module":"flavor::psp::format_2025::operations","@pid":12772,"@timestamp":"2026-03-31T20:29:20.043744Z"}
{"@file":"src/psp/format_2025/operations.rs","@level":"debug","@line":37,"@message":"✅ Operations packed: result=26419338718561302","@module":"flavor::psp::format_2025::operations","@pid":12772,"@timestamp":"2026-03-31T20:29:20.043757Z"}
{"@file":"src/psp/format_2025/operations.rs","@level":"debug","@line":60,"@message":"✅ Operations unpacked: count=8 operations=[106, 173, 215, 89, 209, 155, 141, 57]","@module":"flavor::psp::format_2025::operations","@pid":12772,"@timestamp":"2026-03-31T20:29:20.043766Z"}
{"@file":"src/psp/format_2025/operations.rs","@level":"debug","@line":60,"@message":"✅ Operations unpacked: count=7 operations=[22, 68, 133, 163, 63, 220, 93]","@module":"flavor::psp::format_2025::operations","@pid":12772,"@timestamp":"2026-03-31T20:29:20.043784Z"}
{"@file":"src/psp/format_2025/operations.rs","@level":"debug","@line":60,"@message":"✅ Operations unpacked: count=5 operations=[12, 79, 139, 85, 177]","@module":"flavor::psp::format_2025::operations","@pid":12772,"@timestamp":"2026-03-31T20:29:20.043820Z"}
{"@file":"src/psp/format_2025/operations.rs","@level":"debug","@line":37,"@message":"✅ Operations packed: result=1508","@module":"flavor::psp::format_2025::operations","@pid":12772,"@timestamp":"2026-03-31T20:29:20.043838Z"}
{"@file":"src/psp/format_2025/operations.rs","@level":"debug","@line":37,"@message":"✅ Operations packed: result=761644404492","@module":"flavor::psp::format_2025::operations","@pid":12772,"@timestamp":"2026-03-31T20:29:20.043846Z"}
{"@file":"src/psp/format_2025/operations.rs","@level":"debug","@line":60,"@message":"✅ Operations unpacked: count=2 operations=[228, 5]","@module":"flavor::psp::format_2025::operations","@pid":12772,"@timestamp":"2026-03-31T20:29:20.043869Z"}
{"@file":"src/psp/format_2025/operations.rs","@level":"debug","@line":60,"@message":"✅ Operations unpacked: count=5 operations=[12, 79, 139, 85, 177]","@module":"flavor::psp::format_2025::operations","@pid":12772,"@timestamp":"2026-03-31T20:29:20.043879Z"}
{"@file":"src/psp/format_2025/operations.rs","@level":"debug","@line":37,"@message":"✅ Operations packed: result=164483061162221","@module":"flavor::psp::format_2025::operations","@pid":12772,"@timestamp":"2026-03-31T20:29:20.043917Z"}
{"@file":"src/psp/format_2025/operations.rs","@level":"debug","@line":60,"@message":"✅ Operations unpacked: count=8 operations=[158, 28, 204, 45, 31, 55, 85, 239]","@module":"flavor::psp::format_2025::operations","@pid":12772,"@timestamp":"2026-03-31T20:29:20.043927Z"}
{"@file":"src/psp/format_2025/operations.rs","@level":"debug","@line":60,"@message":"✅ Operations unpacked: count=6 operations=[237, 160, 110, 178, 152, 149]","@module":"flavor::psp::format_2025::operations","@pid":12772,"@timestamp":"2026-03-31T20:29:20.043937Z"}
{"@file":"src/psp/format_2025/operations.rs","@level":"debug","@line":37,"@message":"✅ Operations packed: result=17245750955137047710","@module":"flavor::psp::format_2025::operations","@pid":12772,"@timestamp":"2026-03-31T20:29:20.043946Z"}
{"@file":"src/psp/format_2025/operations.rs","@level":"debug","@line":60,"@message":"✅ Operations unpacked: count=8 operations=[158, 28, 204, 45, 31, 55, 85, 239]","@module":"flavor::psp::format_2025::operations","@pid":12772,"@timestamp":"2026-03-31T20:29:20.043965Z"}
{"@file":"src/psp/format_2025/operations.rs","@level":"debug","@line":37,"@message":"✅ Operations packed: result=0","@module":"flavor::psp::format_2025::operations","@pid":12772,"@timestamp":"2026-03-31T20:29:20.043982Z"}
{"@file":"src/psp/format_2025/operations.rs","@level":"debug","@line":60,"@message":"✅ Operations unpacked: count=0 operations=[]","@module":"flavor::psp::format_2025::operations","@pid":12772,"@timestamp":"2026-03-31T20:29:20.044000Z"}
{"@file":"src/psp/format_2025/operations.rs","@level":"debug","@line":60,"@message":"✅ Operations unpacked: count=8 operations=[57, 160, 29, 75, 85, 207, 86, 170]","@module":"flavor::psp::format_2025::operations","@pid":12772,"@timestamp":"2026-03-31T20:29:20.044010Z"}
{"@file":"src/psp/format_2025/operations.rs","@level":"debug","@line":37,"@message":"✅ Operations packed: result=12274225799684268089","@module":"flavor::psp::format_2025::operations","@pid":12772,"@timestamp":"2026-03-31T20:29:20.044028Z"}
{"@file":"src/psp/format_2025/operations.rs","@level":"debug","@line":60,"@message":"✅ Operations unpacked: count=8 operations=[57, 160, 29, 75, 85, 207, 86, 170]","@module":"flavor::psp::format_2025::operations","@pid":12772,"@timestamp":"2026-03-31T20:29:20.044046Z"}
{"@file":"src/psp/format_2025/operations.rs","@level":"debug","@line":37,"@message":"✅ Operations packed: result=15153326254448653571","@module":"flavor::psp::format_2025::operations","@pid":12772,"@timestamp":"2026-03-31T20:29:20.044046Z"}
{"@file":"src/psp/format_2025/operations.rs","@level":"debug","@line":60,"@message":"✅ Operations unpacked: count=8 operations=[3, 53, 3, 82, 241, 109, 75, 210]","@module":"flavor::psp::format_2025::operations","@pid":12772,"@timestamp":"2026-03-31T20:29:20.044071Z"}
{"@file":"src/psp/format_2025/operations.rs","@level":"debug","@line":60,"@message":"✅ Operations unpacked: count=8 operations=[252, 251, 103, 18, 90, 14, 191, 50]","@module":"flavor::psp::format_2025::operations","@pid":12772,"@timestamp":"2026-03-31T20:29:20.044092Z"}
{"@file":"src/psp/format_2025/operations.rs","@level":"debug","@line":37,"@message":"✅ Operations packed: result=3656657202466782204","@module":"flavor::psp::format_2025::operations","@pid":12772,"@timestamp":"2026-03-31T20:29:20.044111Z"}
{"@file":"src/psp/format_2025/operations.rs","@level":"debug","@line":37,"@message":"✅ Operations packed: result=3676049287","@module":"flavor::psp::format_2025::operations","@pid":12772,"@timestamp":"2026-03-31T20:29:20.044118Z"}
{"@file":"src/psp/format_2025/operations.rs","@level":"debug","@line":60,"@message":"✅ Operations unpacked: count=8 operations=[252, 251, 103, 18, 90, 14, 191, 50]","@module":"flavor::psp::format_2025::operations","@pid":12772,"@timestamp":"2026-03-31T20:29:20.044129Z"}
{"@file":"src/psp/format_2025/operations.rs","@level":"debug","@line":60,"@message":"✅ Operations unpacked: count=4 operations=[135, 15, 28, 219]","@module":"flavor::psp::format_2025::operations","@pid":12772,"@timestamp":"2026-03-31T20:29:20.044136Z"}
{"@file":"src/psp/format_2025/operations.rs","@level":"debug","@line":60,"@message":"✅ Operations unpacked: count=8 operations=[58, 40, 10, 62, 186, 133, 135, 213]","@module":"flavor::psp::format_2025::operations","@pid":12772,"@timestamp":"2026-03-31T20:29:20.044175Z"}
{"@file":"src/psp/format_2025/operations.rs","@level":"debug","@line":37,"@message":"✅ Operations packed: result=369839542213","@module":"flavor::psp::format_2025::operations","@pid":12772,"@timestamp":"2026-03-31T20:29:20.044182Z"}
{"@file":"src/psp/format_2025/operations.rs","@level":"debug","@line":37,"@message":"✅ Operations packed: result=15386413686885853242","@module":"flavor::psp::format_2025::operations","@pid":12772,"@timestamp":"2026-03-31T20:29:20.044194Z"}
{"@file":"src/psp/format_2025/operations.rs","@level":"debug","@line":60,"@message":"✅ Operations unpacked: count=5 operations=[197, 143, 39, 28, 86]","@module":"flavor::psp::format_2025::operations","@pid":12772,"@timestamp":"2026-03-31T20:29:20.044200Z"}
{"@file":"src/psp/format_2025/operations.rs","@level":"debug","@line":60,"@message":"✅ Operations unpacked: count=8 operations=[58, 40, 10, 62, 186, 133, 135, 213]","@module":"flavor::psp::format_2025::operations","@pid":12772,"@timestamp":"2026-03-31T20:29:20.044212Z"}
{"@file":"src/psp/format_2025/operations.rs","@level":"debug","@line":37,"@message":"✅ Operations packed: result=643431734927","@module":"flavor::psp::format_2025::operations","@pid":12772,"@timestamp":"2026-03-31T20:29:20.044247Z"}
{"@file":"src/psp/format_2025/operations.rs","@level":"debug","@line":60,"@message":"✅ Operations unpacked: count=8 operations=[63, 66, 233, 148, 113, 113, 224, 197]","@module":"flavor::psp::format_2025::operations","@pid":12772,"@timestamp":"2026-03-31T20:29:20.044257Z"}
{"@file":"src/psp/format_2025/operations.rs","@level":"debug","@line":60,"@message":"✅ Operations unpacked: count=5 operations=[143, 30, 133, 207, 149]","@module":"flavor::psp::format_2025::operations","@pid":12772,"@timestamp":"2026-03-31T20:29:20.044266Z"}
{"@file":"src/psp/format_2025/operations.rs","@level":"debug","@line":37,"@message":"✅ Operations packed: result=14258521152898548287","@module":"flavor::psp::format_2025::operations","@pid":12772,"@timestamp":"2026-03-31T20:29:20.044276Z"}
{"@file":"src/psp/format_2025/operations.rs","@level":"debug","@line":60,"@message":"✅ Operations unpacked: count=8 operations=[63, 66, 233, 148, 113, 113, 224, 197]","@module":"flavor::psp::format_2025::operations","@pid":12772,"@timestamp":"2026-03-31T20:29:20.044294Z"}
{"@file":"src/psp/format_2025/operations.rs","@level":"debug","@line":37,"@message":"✅ Operations packed: result=86","@module":"flavor::psp::format_2025::operations","@pid":12772,"@timestamp":"2026-03-31T20:29:20.044312Z"}
{"@file":"src/psp/format_2025/operations.rs","@level":"debug","@line":60,"@message":"✅ Operations unpacked: count=1 operations=[86]","@module":"flavor::psp::format_2025::operations","@pid":12772,"@timestamp":"2026-03-31T20:29:20.044330Z"}
{"@file":"src/psp/format_2025/operations.rs","@level":"debug","@line":60,"@message":"✅ Operations unpacked: count=8 operations=[95, 206, 177, 17, 221, 207, 215, 20]","@module":"flavor::psp::format_2025::operations","@pid":12772,"@timestamp":"2026-03-31T20:29:20.044339Z"}
{"@file":"src/psp/format_2025/operations.rs","@level":"debug","@line":37,"@message":"✅ Operations packed: result=1501897549142937183","@module":"flavor::psp::format_2025::operations","@pid":12772,"@timestamp":"2026-03-31T20:29:20.044358Z"}
{"@file":"src/psp/format_2025/operations.rs","@level":"debug","@line":37,"@message":"✅ Operations packed: result=179940314083438","@module":"flavor::psp::format_2025::operations","@pid":12772,"@timestamp":"2026-03-31T20:29:20.044376Z"}
{"@file":"src/psp/format_2025/operations.rs","@level":"debug","@line":60,"@message":"✅ Operations unpacked: count=8 operations=[95, 206, 177, 17, 221, 207, 215, 20]","@module":"flavor::psp::format_2025::operations","@pid":12772,"@timestamp":"2026-03-31T20:29:20.044375Z"}
{"@file":"src/psp/format_2025/operations.rs","@level":"debug","@line":60,"@message":"✅ Operations unpacked: count=6 operations=[110, 112, 128, 158, 167, 163]","@module":"flavor::psp::format_2025::operations","@pid":12772,"@timestamp":"2026-03-31T20:29:20.044396Z"}
{"@file":"src/psp/format_2025/operations.rs","@level":"debug","@line":60,"@message":"✅ Operations unpacked: count=8 operations=[50, 77, 91, 21, 76, 243, 226, 107]","@module":"flavor::psp::format_2025::operations","@pid":12772,"@timestamp":"2026-03-31T20:29:20.044439Z"}
{"@file":"src/psp/format_2025/operations.rs","@level":"debug","@line":37,"@message":"✅ Operations packed: result=252186425085369","@module":"flavor::psp::format_2025::operations","@pid":12772,"@timestamp":"2026-03-31T20:29:20.044447Z"}
{"@file":"src/psp/format_2025/operations.rs","@level":"debug","@line":37,"@message":"✅ Operations packed: result=7774043414896266546","@module":"flavor::psp::format_2025::operations","@pid":12772,"@timestamp":"2026-03-31T20:29:20.044460Z"}
{"@file":"src/psp/format_2025/operations.rs","@level":"debug","@line":60,"@message":"✅ Operations unpacked: count=6 operations=[185, 205, 72, 186, 92, 229]","@module":"flavor::psp::format_2025::operations","@pid":12772,"@timestamp":"2026-03-31T20:29:20.044464Z"}
{"@file":"src/psp/format_2025/operations.rs","@level":"debug","@line":60,"@message":"✅ Operations unpacked: count=8 operations=[50, 77, 91, 21, 76, 243, 226, 107]","@module":"flavor::psp::format_2025::operations","@pid":12772,"@timestamp":"2026-03-31T20:29:20.044478Z"}
{"@file":"src/psp/format_2025/operations.rs","@level":"debug","@line":37,"@message":"✅ Operations packed: result=240","@module":"flavor::psp::format_2025::operations","@pid":12772,"@timestamp":"2026-03-31T20:29:20.044510Z"}
{"@file":"src/psp/format_2025/operations.rs","@level":"debug","@line":60,"@message":"✅ Operations unpacked: count=8 operations=[95, 42, 155, 137, 4, 202, 248, 103]","@module":"flavor::psp::format_2025::operations","@pid":12772,"@timestamp":"2026-03-31T20:29:20.044525Z"}
{"@file":"src/psp/format_2025/operations.rs","@level":"debug","@line":60,"@message":"✅ Operations unpacked: count=1 operations=[240]","@module":"flavor::psp::format_2025::operations","@pid":12772,"@timestamp":"2026-03-31T20:29:20.044529Z"}
{"@file":"src/psp/format_2025/operations.rs","@level":"debug","@line":37,"@message":"✅ Operations packed: result=7491960100968147551","@module":"flavor::psp::format_2025::operations","@pid":12772,"@timestamp":"2026-03-31T20:29:20.044546Z"}
{"@file":"src/psp/format_2025/operations.rs","@level":"debug","@line":60,"@message":"✅ Operations unpacked: count=8 operations=[95, 42, 155, 137, 4, 202, 248, 103]","@module":"flavor::psp::format_2025::operations","@pid":12772,"@timestamp":"2026-03-31T20:29:20.044564Z"}
{"@file":"src/psp/format_2025/operations.rs","@level":"debug","@line":37,"@message":"✅ Operations packed: result=0","@module":"flavor::psp::format_2025::operations","@pid":12772,"@timestamp":"2026-03-31T20:29:20.044579Z"}
{"@file":"src/psp/format_2025/operations.rs","@level":"debug","@line":60,"@message":"✅ Operations unpacked: count=0 operations=[]","@module":"flavor::psp::format_2025::operations","@pid":12772,"@timestamp":"2026-03-31T20:29:20.044598Z"}
{"@file":"src/psp/format_2025/operations.rs","@level":"debug","@line":60,"@message":"✅ Operations unpacked: count=8 operations=[138, 241, 12, 157, 136, 41, 203, 205]","@module":"flavor::psp::format_2025::operations","@pid":12772,"@timestamp":"2026-03-31T20:29:20.044609Z"}
{"@file":"src/psp/format_2025/operations.rs","@level":"debug","@line":37,"@message":"✅ Operations packed: result=14828991864774652298","@module":"flavor::psp::format_2025::operations","@pid":12772,"@timestamp":"2026-03-31T20:29:20.044630Z"}
{"@file":"src/psp/format_2025/operations.rs","@level":"debug","@line":37,"@message":"✅ Operations packed: result=18277146511938666991","@module":"flavor::psp::format_2025::operations","@pid":12772,"@timestamp":"2026-03-31T20:29:20.044643Z"}
{"@file":"src/psp/format_2025/operations.rs","@level":"debug","@line":60,"@message":"✅ Operations unpacked: count=8 operations=[138, 241, 12, 157, 136, 41, 203, 205]","@module":"flavor::psp::format_2025::operations","@pid":12772,"@timestamp":"2026-03-31T20:29:20.044647Z"}
{"@file":"src/psp/format_2025/operations.rs","@level":"debug","@line":60,"@message":"✅ Operations unpacked: count=8 operations=[239, 193, 223, 135, 234, 119, 165, 253]","@module":"flavor::psp::format_2025::operations","@pid":12772,"@timestamp":"2026-03-31T20:29:20.044660Z"}
{"@file":"src/psp/format_2025/operations.rs","@level":"debug","@line":60,"@message":"✅ Operations unpacked: count=8 operations=[143, 113, 167, 230, 164, 114, 246, 228]","@module":"flavor::psp::format_2025::operations","@pid":12772,"@timestamp":"2026-03-31T20:29:20.044691Z"}
{"@file":"src/psp/format_2025/operations.rs","@level":"debug","@line":37,"@message":"✅ Operations packed: result=23","@module":"flavor::psp::format_2025::operations","@pid":12772,"@timestamp":"2026-03-31T20:29:20.044705Z"}
{"@file":"src/psp/format_2025/operations.rs","@level":"debug","@line":37,"@message":"✅ Operations packed: result=16498500337488327055","@module":"flavor::psp::format_2025::operations","@pid":12772,"@timestamp":"2026-03-31T20:29:20.044709Z"}
{"@file":"src/psp/format_2025/operations.rs","@level":"debug","@line":60,"@message":"✅ Operations unpacked: count=1 operations=[23]","@module":"flavor::psp::format_2025::operations","@pid":12772,"@timestamp":"2026-03-31T20:29:20.044724Z"}
{"@file":"src/psp/format_2025/operations.rs","@level":"debug","@line":60,"@message":"✅ Operations unpacked: count=8 operations=[143, 113, 167, 230, 164, 114, 246, 228]","@module":"flavor::psp::format_2025::operations","@pid":12772,"@timestamp":"2026-03-31T20:29:20.044732Z"}
{"@file":"src/psp/format_2025/operations.rs","@level":"debug","@line":37,"@message":"✅ Operations packed: result=0","@module":"flavor::psp::format_2025::operations","@pid":12772,"@timestamp":"2026-03-31T20:29:20.044769Z"}
{"@file":"src/psp/format_2025/operations.rs","@level":"debug","@line":60,"@message":"✅ Operations unpacked: count=8 operations=[147, 82, 91, 79, 67, 108, 202, 22]","@module":"flavor::psp::format_2025::operations","@pid":12772,"@timestamp":"2026-03-31T20:29:20.044778Z"}
{"@file":"src/psp/format_2025/operations.rs","@level":"debug","@line":60,"@message":"✅ Operations unpacked: count=0 operations=[]","@module":"flavor::psp::format_2025::operations","@pid":12772,"@timestamp":"2026-03-31T20:29:20.044787Z"}
{"@file":"src/psp/format_2025/operations.rs","@level":"debug","@line":37,"@message":"✅ Operations packed: result=1642244050479960723","@module":"flavor::psp::format_2025::operations","@pid":12772,"@timestamp":"2026-03-31T20:29:20.044798Z"}
{"@file":"src/psp/format_2025/operations.rs","@level":"debug","@line":60,"@message":"✅ Operations unpacked: count=8 operations=[147, 82, 91, 79, 67, 108, 202, 22]","@module":"flavor::psp::format_2025::operations","@pid":12772,"@timestamp":"2026-03-31T20:29:20.044815Z"}
{"@file":"src/psp/format_2025/operations.rs","@level":"debug","@line":37,"@message":"✅ Operations packed: result=118977697778251891","@module":"flavor::psp::format_2025::operations","@pid":12772,"@timestamp":"2026-03-31T20:29:20.044833Z"}
{"@file":"src/psp/format_2025/operations.rs","@level":"debug","@line":60,"@message":"✅ Operations unpacked: count=8 operations=[115, 56, 68, 244, 149, 177, 166, 1]","@module":"flavor::psp::format_2025::operations","@pid":12772,"@timestamp":"2026-03-31T20:29:20.044851Z"}
{"@file":"src/psp/format_2025/operations.rs","@level":"debug","@line":60,"@message":"✅ Operations unpacked: count=8 operations=[2, 230, 86, 2, 47, 222, 179, 130]","@module":"flavor::psp::format_2025::operations","@pid":12772,"@timestamp":"2026-03-31T20:29:20.044860Z"}
{"@file":"src/psp/format_2025/operations.rs","@level":"debug","@line":37,"@message":"✅ Operations packed: result=9418115539245917698","@module":"flavor::psp::format_2025::operations","@pid":12772,"@timestamp":"2026-03-31T20:29:20.044880Z"}
{"@file":"src/psp/format_2025/operations.rs","@level":"debug","@line":37,"@message":"✅ Operations packed: result=3410633","@module":"flavor::psp::format_2025::operations","@pid":12772,"@timestamp":"2026-03-31T20:29:20.044897Z"}
{"@file":"src/psp/format_2025/operations.rs","@level":"debug","@line":60,"@message":"✅ Operations unpacked: count=8 operations=[2, 230, 86, 2, 47, 222, 179, 130]","@module":"flavor::psp::format_2025::operations","@pid":12772,"@timestamp":"2026-03-31T20:29:20.044897Z"}
{"@file":"src/psp/format_2025/operations.rs","@level":"debug","@line":60,"@message":"✅ Operations unpacked: count=3 operations=[201, 10, 52]","@module":"flavor::psp::format_2025::operations","@pid":12772,"@timestamp":"2026-03-31T20:29:20.044917Z"}
{"@file":"src/psp/format_2025/operations.rs","@level":"debug","@line":60,"@message":"✅ Operations unpacked: count=8 operations=[253, 28, 25, 93, 153, 192, 197, 251]","@module":"flavor::psp::format_2025::operations","@pid":12772,"@timestamp":"2026-03-31T20:29:20.044960Z"}
{"@file":"src/psp/format_2025/operations.rs","@level":"debug","@line":37,"@message":"✅ Operations packed: result=0","@module":"flavor::psp::format_2025::operations","@pid":12772,"@timestamp":"2026-03-31T20:29:20.044968Z"}
{"@file":"src/psp/format_2025/operations.rs","@level":"debug","@line":37,"@message":"✅ Operations packed: result=18142118438856367357","@module":"flavor::psp::format_2025::operations","@pid":12772,"@timestamp":"2026-03-31T20:29:20.044979Z"}
{"@file":"src/psp/format_2025/operations.rs","@level":"debug","@line":60,"@message":"✅ Operations unpacked: count=0 operations=[]","@module":"flavor::psp::format_2025::operations","@pid":12772,"@timestamp":"2026-03-31T20:29:20.044986Z"}
{"@file":"src/psp/format_2025/operations.rs","@level":"debug","@line":60,"@message":"✅ Operations unpacked: count=8 operations=[253, 28, 25, 93, 153, 192, 197, 251]","@module":"flavor::psp::format_2025::operations","@pid":12772,"@timestamp":"2026-03-31T20:29:20.044997Z"}
{"@file":"src/psp/format_2025/operations.rs","@level":"debug","@line":37,"@message":"✅ Operations packed: result=60","@module":"flavor::psp::format_2025::operations","@pid":12772,"@timestamp":"2026-03-31T20:29:20.045030Z"}
{"@file":"src/psp/format_2025/operations.rs","@level":"debug","@line":60,"@message":"✅ Operations unpacked: count=8 operations=[59, 71, 241, 121, 168, 54, 166, 210]","@module":"flavor::psp::format_2025::operations","@pid":12772,"@timestamp":"2026-03-31T20:29:20.045043Z"}
{"@file":"src/psp/format_2025/operations.rs","@level":"debug","@line":60,"@message":"✅ Operations unpacked: count=1 operations=[60]","@module":"flavor::psp::format_2025::operations","@pid":12772,"@timestamp":"2026-03-31T20:29:20.045048Z"}
{"@file":"src/psp/format_2025/operations.rs","@level":"debug","@line":37,"@message":"✅ Operations packed: result=15178879691327096635","@module":"flavor::psp::format_2025::operations","@pid":12772,"@timestamp":"2026-03-31T20:29:20.045064Z"}
{"@file":"src/psp/format_2025/operations.rs","@level":"debug","@line":60,"@message":"✅ Operations unpacked: count=8 operations=[59, 71, 241, 121, 168, 54, 166, 210]","@module":"flavor::psp::format_2025::operations","@pid":12772,"@timestamp":"2026-03-31T20:29:20.045081Z"}
{"@file":"src/psp/format_2025/operations.rs","@level":"debug","@line":37,"@message":"✅ Operations packed: result=3145278733","@module":"flavor::psp::format_2025::operations","@pid":12772,"@timestamp":"2026-03-31T20:29:20.045096Z"}
{"@file":"src/psp/format_2025/operations.rs","@level":"debug","@line":60,"@message":"✅ Operations unpacked: count=4 operations=[13, 37, 121, 187]","@module":"flavor::psp::format_2025::operations","@pid":12772,"@timestamp":"2026-03-31T20:29:20.045114Z"}
{"@file":"src/psp/format_2025/operations.rs","@level":"debug","@line":60,"@message":"✅ Operations unpacked: count=8 operations=[2, 128, 65, 194, 156, 217, 231, 75]","@module":"flavor::psp::format_2025::operations","@pid":12772,"@timestamp":"2026-03-31T20:29:20.045127Z"}
{"@file":"src/psp/format_2025/operations.rs","@level":"debug","@line":37,"@message":"✅ Operations packed: result=5469579539761954818","@module":"flavor::psp::format_2025::operations","@pid":12772,"@timestamp":"2026-03-31T20:29:20.045146Z"}
{"@file":"src/psp/format_2025/operations.rs","@level":"debug","@line":37,"@message":"✅ Operations packed: result=883209892528","@module":"flavor::psp::format_2025::operations","@pid":12772,"@timestamp":"2026-03-31T20:29:20.045159Z"}
{"@file":"src/psp/format_2025/operations.rs","@level":"debug","@line":60,"@message":"✅ Operations unpacked: count=8 operations=[2, 128, 65, 194, 156, 217, 231, 75]","@module":"flavor::psp::format_2025::operations","@pid":12772,"@timestamp":"2026-03-31T20:29:20.045164Z"}
{"@file":"src/psp/format_2025/operations.rs","@level":"debug","@line":60,"@message":"✅ Operations unpacked: count=5 operations=[176, 114, 105, 163, 205]","@module":"flavor::psp::format_2025::operations","@pid":12772,"@timestamp":"2026-03-31T20:29:20.045177Z"}
{"@file":"src/psp/format_2025/operations.rs","@level":"debug","@line":60,"@message":"✅ Operations unpacked: count=8 operations=[242, 90, 109, 73, 127, 182, 83, 163]","@module":"flavor::psp::format_2025::operations","@pid":12772,"@timestamp":"2026-03-31T20:29:20.045210Z"}
{"@file":"src/psp/format_2025/operations.rs","@level":"debug","@line":37,"@message":"✅ Operations packed: result=0","@module":"flavor::psp::format_2025::operations","@pid":12772,"@timestamp":"2026-03-31T20:29:20.045222Z"}
{"@file":"src/psp/format_2025/operations.rs","@level":"debug","@line":37,"@message":"✅ Operations packed: result=11768950909058243314","@module":"flavor::psp::format_2025::operations","@pid":12772,"@timestamp":"2026-03-31T20:29:20.045229Z"}
{"@file":"src/psp/format_2025/operations.rs","@level":"debug","@line":60,"@message":"✅ Operations unpacked: count=0 operations=[]","@module":"flavor::psp::format_2025::operations","@pid":12772,"@timestamp":"2026-03-31T20:29:20.045239Z"}
{"@file":"src/psp/format_2025/operations.rs","@level":"debug","@line":60,"@message":"✅ Operations unpacked: count=8 operations=[242, 90, 109, 73, 127, 182, 83, 163]","@module":"flavor::psp::format_2025::operations","@pid":12772,"@timestamp":"2026-03-31T20:29:20.045246Z"}
{"@file":"src/psp/format_2025/operations.rs","@level":"debug","@line":37,"@message":"✅ Operations packed: result=650404026352","@module":"flavor::psp::format_2025::operations","@pid":12772,"@timestamp":"2026-03-31T20:29:20.045284Z"}
{"@file":"src/psp/format_2025/operations.rs","@level":"debug","@line":60,"@message":"✅ Operations unpacked: count=8 operations=[114, 162, 172, 179, 143, 1, 222, 139]","@module":"flavor::psp::format_2025::operations","@pid":12772,"@timestamp":"2026-03-31T20:29:20.045291Z"}
{"@file":"src/psp/format_2025/operations.rs","@level":"debug","@line":60,"@message":"✅ Operations unpacked: count=5 operations=[240, 215, 25, 111, 151]","@module":"flavor::psp::format_2025::operations","@pid":12772,"@timestamp":"2026-03-31T20:29:20.045302Z"}
{"@file":"src/psp/format_2025/operations.rs","@level":"debug","@line":37,"@message":"✅ Operations packed: result=10078494732808135282","@module":"flavor::psp::format_2025::operations","@pid":12772,"@timestamp":"2026-03-31T20:29:20.045310Z"}
{"@file":"src/psp/format_2025/operations.rs","@level":"debug","@line":60,"@message":"✅ Operations unpacked: count=8 operations=[114, 162, 172, 179, 143, 1, 222, 139]","@module":"flavor::psp::format_2025::operations","@pid":12772,"@timestamp":"2026-03-31T20:29:20.045327Z"}
{"@file":"src/psp/format_2025/operations.rs","@level":"debug","@line":37,"@message":"✅ Operations packed: result=205","@module":"flavor::psp::format_2025::operations","@pid":12772,"@timestamp":"2026-03-31T20:29:20.045348Z"}
{"@file":"src/psp/format_2025/operations.rs","@level":"debug","@line":60,"@message":"✅ Operations unpacked: count=1 operations=[205]","@module":"flavor::psp::format_2025::operations","@pid":12772,"@timestamp":"2026-03-31T20:29:20.045366Z"}
{"@file":"src/psp/format_2025/operations.rs","@level":"debug","@line":60,"@message":"✅ Operations unpacked: count=8 operations=[180, 206, 102, 163, 218, 252, 168, 142]","@module":"flavor::psp::format_2025::operations","@pid":12772,"@timestamp":"2026-03-31T20:29:20.045373Z"}
{"@file":"src/psp/format_2025/operations.rs","@level":"debug","@line":37,"@message":"✅ Operations packed: result=10279744165447650996","@module":"flavor::psp::format_2025::operations","@pid":12772,"@timestamp":"2026-03-31T20:29:20.045400Z"}
{"@file":"src/psp/format_2025/operations.rs","@level":"debug","@line":60,"@message":"✅ Operations unpacked: count=8 operations=[180, 206, 102, 163, 218, 252, 168, 142]","@module":"flavor::psp::format_2025::operations","@pid":12772,"@timestamp":"2026-03-31T20:29:20.045416Z"}
{"@file":"src/psp/format_2025/operations.rs","@level":"debug","@line":37,"@message":"✅ Operations packed: result=2685304","@module":"flavor::psp::format_2025::operations","@pid":12772,"@timestamp":"2026-03-31T20:29:20.045420Z"}
{"@file":"src/psp/format_2025/operations.rs","@level":"debug","@line":60,"@message":"✅ Operations unpacked: count=3 operations=[120, 249, 40]","@module":"flavor::psp::format_2025::operations","@pid":12772,"@timestamp":"2026-03-31T20:29:20.045441Z"}
{"@file":"src/psp/format_2025/operations.rs","@level":"debug","@line":60,"@message":"✅ Operations unpacked: count=8 operations=[108, 17, 176, 68, 233, 52, 78, 223]","@module":"flavor::psp::format_2025::operations","@pid":12772,"@timestamp":"2026-03-31T20:29:20.045462Z"}
{"@file":"src/psp/format_2025/operations.rs","@level":"debug","@line":37,"@message":"✅ Operations packed: result=16090856695125774700","@module":"flavor::psp::format_2025::operations","@pid":12772,"@timestamp":"2026-03-31T20:29:20.045481Z"}
{"@file":"src/psp/format_2025/operations.rs","@level":"debug","@line":37,"@message":"✅ Operations packed: result=61724","@module":"flavor::psp::format_2025::operations","@pid":12772,"@timestamp":"2026-03-31T20:29:20.045487Z"}
{"@file":"src/psp/format_2025/operations.rs","@level":"debug","@line":60,"@message":"✅ Operations unpacked: count=8 operations=[108, 17, 176, 68, 233, 52, 78, 223]","@module":"flavor::psp::format_2025::operations","@pid":12772,"@timestamp":"2026-03-31T20:29:20.045498Z"}
{"@file":"src/psp/format_2025/operations.rs","@level":"debug","@line":60,"@message":"✅ Operations unpacked: count=2 operations=[28, 241]","@module":"flavor::psp::format_2025::operations","@pid":12772,"@timestamp":"2026-03-31T20:29:20.045504Z"}
{"@file":"src/psp/format_2025/operations.rs","@level":"debug","@line":60,"@message":"✅ Operations unpacked: count=8 operations=[190, 210, 135, 23, 198, 17, 31, 151]","@module":"flavor::psp::format_2025::operations","@pid":12772,"@timestamp":"2026-03-31T20:29:20.045543Z"}
{"@file":"src/psp/format_2025/operations.rs","@level":"debug","@line":37,"@message":"✅ Operations packed: result=3682795974","@module":"flavor::psp::format_2025::operations","@pid":12772,"@timestamp":"2026-03-31T20:29:20.045549Z"}
{"@file":"src/psp/format_2025/operations.rs","@level":"debug","@line":37,"@message":"✅ Operations packed: result=10889441966501122750","@module":"flavor::psp::format_2025::operations","@pid":12772,"@timestamp":"2026-03-31T20:29:20.045562Z"}
{"@file":"src/psp/format_2025/operations.rs","@level":"debug","@line":60,"@message":"✅ Operations unpacked: count=4 operations=[198, 1, 131, 219]","@module":"flavor::psp::format_2025::operations","@pid":12772,"@timestamp":"2026-03-31T20:29:20.045568Z"}
{"@file":"src/psp/format_2025/operations.rs","@level":"debug","@line":60,"@message":"✅ Operations unpacked: count=8 operations=[190, 210, 135, 23, 198, 17, 31, 151]","@module":"flavor::psp::format_2025::operations","@pid":12772,"@timestamp":"2026-03-31T20:29:20.045580Z"}
{"@file":"src/psp/format_2025/operations.rs","@level":"debug","@line":37,"@message":"✅ Operations packed: result=8929228436041968664","@module":"flavor::psp::format_2025::operations","@pid":12772,"@timestamp":"2026-03-31T20:29:20.045613Z"}
{"@file":"src/psp/format_2025/operations.rs","@level":"debug","@line":60,"@message":"✅ Operations unpacked: count=8 operations=[141, 204, 217, 120, 204, 89, 193, 12]","@module":"flavor::psp::format_2025::operations","@pid":12772,"@timestamp":"2026-03-31T20:29:20.045627Z"}
{"@file":"src/psp/format_2025/operations.rs","@level":"debug","@line":60,"@message":"✅ Operations unpacked: count=8 operations=[24, 44, 153, 24, 244, 253, 234, 123]","@module":"flavor::psp::format_2025::operations","@pid":12772,"@timestamp":"2026-03-31T20:29:20.045651Z"}
{"@file":"src/psp/format_2025/operations.rs","@level":"debug","@line":37,"@message":"✅ Operations packed: result=919114533696031885","@module":"flavor::psp::format_2025::operations","@pid":12772,"@timestamp":"2026-03-31T20:29:20.045662Z"}
{"@file":"src/psp/format_2025/operations.rs","@level":"debug","@line":60,"@message":"✅ Operations unpacked: count=8 operations=[141, 204, 217, 120, 204, 89, 193, 12]","@module":"flavor::psp::format_2025::operations","@pid":12772,"@timestamp":"2026-03-31T20:29:20.045682Z"}
{"@file":"src/psp/format_2025/operations.rs","@level":"debug","@line":37,"@message":"✅ Operations packed: result=15048","@module":"flavor::psp::format_2025::operations","@pid":12772,"@timestamp":"2026-03-31T20:29:20.045700Z"}
{"@file":"src/psp/format_2025/operations.rs","@level":"debug","@line":60,"@message":"✅ Operations unpacked: count=2 operations=[200, 58]","@module":"flavor::psp::format_2025::operations","@pid":12772,"@timestamp":"2026-03-31T20:29:20.045718Z"}
{"@file":"src/psp/format_2025/operations.rs","@level":"debug","@line":60,"@message":"✅ Operations unpacked: count=8 operations=[244, 195, 158, 249, 156, 55, 84, 82]","@module":"flavor::psp::format_2025::operations","@pid":12772,"@timestamp":"2026-03-31T20:29:20.045727Z"}
{"@file":"src/psp/format_2025/operations.rs","@level":"debug","@line":37,"@message":"✅ Operations packed: result=5932427756496143348","@module":"flavor::psp::format_2025::operations","@pid":12772,"@timestamp":"2026-03-31T20:29:20.045746Z"}
{"@file":"src/psp/format_2025/operations.rs","@level":"debug","@line":37,"@message":"✅ Operations packed: result=0","@module":"flavor::psp::format_2025::operations","@pid":12772,"@timestamp":"2026-03-31T20:29:20.045762Z"}
{"@file":"src/psp/format_2025/operations.rs","@level":"debug","@line":60,"@message":"✅ Operations unpacked: count=8 operations=[244, 195, 158, 249, 156, 55, 84, 82]","@module":"flavor::psp::format_2025::operations","@pid":12772,"@timestamp":"2026-03-31T20:29:20.045763Z"}
{"@file":"src/psp/format_2025/operations.rs","@level":"debug","@line":60,"@message":"✅ Operations unpacked: count=0 operations=[]","@module":"flavor::psp::format_2025::operations","@pid":12772,"@timestamp":"2026-03-31T20:29:20.045783Z"}
{"@file":"src/psp/format_2025/operations.rs","@level":"debug","@line":37,"@message":"✅ Operations packed: result=58700346065204506","@module":"flavor::psp::format_2025::operations","@pid":12772,"@timestamp":"2026-03-31T20:29:20.045851Z"}
{"@file":"src/psp/format_2025/operations.rs","@level":"debug","@line":60,"@message":"✅ Operations unpacked: count=8 operations=[35, 36, 229, 23, 230, 250, 31, 108]","@module":"flavor::psp::format_2025::operations","@pid":12772,"@timestamp":"2026-03-31T20:29:20.045836Z"}
{"@file":"src/psp/format_2025/operations.rs","@level":"debug","@line":60,"@message":"✅ Operations unpacked: count=7 operations=[26, 181, 104, 91, 167, 139, 208]","@module":"flavor::psp::format_2025::operations","@pid":12772,"@timestamp":"2026-03-31T20:29:20.045873Z"}
{"@file":"src/psp/format_2025/operations.rs","@level":"debug","@line":37,"@message":"✅ Operations packed: result=7791221746524562467","@module":"flavor::psp::format_2025::operations","@pid":12772,"@timestamp":"2026-03-31T20:29:20.045899Z"}
{"@file":"src/psp/format_2025/operations.rs","@level":"debug","@line":60,"@message":"✅ Operations unpacked: count=8 operations=[35, 36, 229, 23, 230, 250, 31, 108]","@module":"flavor::psp::format_2025::operations","@pid":12772,"@timestamp":"2026-03-31T20:29:20.045943Z"}
{"@file":"src/psp/format_2025/operations.rs","@level":"debug","@line":37,"@message":"✅ Operations packed: result=22658863184998899","@module":"flavor::psp::format_2025::operations","@pid":12772,"@timestamp":"2026-03-31T20:29:20.045958Z"}
{"@file":"src/psp/format_2025/operations.rs","@level":"debug","@line":60,"@message":"✅ Operations unpacked: count=7 operations=[243, 241, 39, 179, 29, 128, 80]","@module":"flavor::psp::format_2025::operations","@pid":12772,"@timestamp":"2026-03-31T20:29:20.045985Z"}
{"@file":"src/psp/format_2025/operations.rs","@level":"debug","@line":60,"@message":"✅ Operations unpacked: count=8 operations=[83, 93, 133, 140, 185, 142, 119, 146]","@module":"flavor::psp::format_2025::operations","@pid":12772,"@timestamp":"2026-03-31T20:29:20.045991Z"}
{"@file":"src/psp/format_2025/operations.rs","@level":"debug","@line":37,"@message":"✅ Operations packed: result=10554061179343691091","@module":"flavor::psp::format_2025::operations","@pid":12772,"@timestamp":"2026-03-31T20:29:20.046018Z"}
{"@file":"src/psp/format_2025/operations.rs","@level":"debug","@line":37,"@message":"✅ Operations packed: result=0","@module":"flavor::psp::format_2025::operations","@pid":12772,"@timestamp":"2026-03-31T20:29:20.046032Z"}
{"@file":"src/psp/format_2025/operations.rs","@level":"debug","@line":60,"@message":"✅ Operations unpacked: count=8 operations=[83, 93, 133, 140, 185, 142, 119, 146]","@module":"flavor::psp::format_2025::operations","@pid":12772,"@timestamp":"2026-03-31T20:29:20.046037Z"}
{"@file":"src/psp/format_2025/operations.rs","@level":"debug","@line":60,"@message":"✅ Operations unpacked: count=0 operations=[]","@module":"flavor::psp::format_2025::operations","@pid":12772,"@timestamp":"2026-03-31T20:29:20.046062Z"}
{"@file":"src/psp/format_2025/operations.rs","@level":"debug","@line":37,"@message":"✅ Operations packed: result=45","@module":"flavor::psp::format_2025::operations","@pid":12772,"@timestamp":"2026-03-31T20:29:20.046129Z"}
{"@file":"src/psp/format_2025/operations.rs","@level":"debug","@line":60,"@message":"✅ Operations unpacked: count=8 operations=[201, 92, 214, 33, 8, 19, 143, 237]","@module":"flavor::psp::format_2025::operations","@pid":12772,"@timestamp":"2026-03-31T20:29:20.046122Z"}
{"@file":"src/psp/format_2025/operations.rs","@level":"debug","@line":60,"@message":"✅ Operations unpacked: count=1 operations=[45]","@module":"flavor::psp::format_2025::operations","@pid":12772,"@timestamp":"2026-03-31T20:29:20.046149Z"}
{"@file":"src/psp/format_2025/operations.rs","@level":"debug","@line":37,"@message":"✅ Operations packed: result=17117921634306907337","@module":"flavor::psp::format_2025::operations","@pid":12772,"@timestamp":"2026-03-31T20:29:20.046173Z"}
{"@file":"src/psp/format_2025/operations.rs","@level":"debug","@line":60,"@message":"✅ Operations unpacked: count=8 operations=[201, 92, 214, 33, 8, 19, 143, 237]","@module":"flavor::psp::format_2025::operations","@pid":12772,"@timestamp":"2026-03-31T20:29:20.046198Z"}
{"@file":"src/psp/format_2025/operations.rs","@level":"debug","@line":37,"@message":"✅ Operations packed: result=0","@module":"flavor::psp::format_2025::operations","@pid":12772,"@timestamp":"2026-03-31T20:29:20.046222Z"}
{"@file":"src/psp/format_2025/operations.rs","@level":"debug","@line":60,"@message":"✅ Operations unpacked: count=2 operations=[231, 38]","@module":"flavor::psp::format_2025::operations","@pid":12772,"@timestamp":"2026-03-31T20:29:20.046243Z"}
{"@file":"src/psp/format_2025/operations.rs","@level":"debug","@line":60,"@message":"✅ Operations unpacked: count=0 operations=[]","@module":"flavor::psp::format_2025::operations","@pid":12772,"@timestamp":"2026-03-31T20:29:20.046250Z"}
{"@file":"src/psp/format_2025/operations.rs","@level":"debug","@line":37,"@message":"✅ Operations packed: result=9959","@module":"flavor::psp::format_2025::operations","@pid":12772,"@timestamp":"2026-03-31T20:29:20.046274Z"}
{"@file":"src/psp/format_2025/operations.rs","@level":"debug","@line":60,"@message":"✅ Operations unpacked: count=2 operations=[231, 38]","@module":"flavor::psp::format_2025::operations","@pid":12772,"@timestamp":"2026-03-31T20:29:20.046307Z"}
{"@file":"src/psp/format_2025/operations.rs","@level":"debug","@line":37,"@message":"✅ Operations packed: result=1016991271717","@module":"flavor::psp::format_2025::operations","@pid":12772,"@timestamp":"2026-03-31T20:29:20.046325Z"}
{"@file":"src/psp/format_2025/operations.rs","@level":"debug","@line":60,"@message":"✅ Operations unpacked: count=5 operations=[37, 75, 103, 201, 236]","@module":"flavor::psp::format_2025::operations","@pid":12772,"@timestamp":"2026-03-31T20:29:20.046345Z"}
{"@file":"src/psp/format_2025/operations.rs","@level":"debug","@line":60,"@message":"✅ Operations unpacked: count=8 operations=[166, 13, 219, 42, 250, 31, 20, 182]","@module":"flavor::psp::format_2025::operations","@pid":12772,"@timestamp":"2026-03-31T20:29:20.046358Z"}
{"@file":"src/psp/format_2025/operations.rs","@level":"debug","@line":37,"@message":"✅ Operations packed: result=13120146773758381478","@module":"flavor::psp::format_2025::operations","@pid":12772,"@timestamp":"2026-03-31T20:29:20.046378Z"}
{"@file":"src/psp/format_2025/operations.rs","@level":"debug","@line":37,"@message":"✅ Operations packed: result=609087357475","@module":"flavor::psp::format_2025::operations","@pid":12772,"@timestamp":"2026-03-31T20:29:20.046390Z"}
{"@file":"src/psp/format_2025/operations.rs","@level":"debug","@line":60,"@message":"✅ Operations unpacked: count=8 operations=[166, 13, 219, 42, 250, 31, 20, 182]","@module":"flavor::psp::format_2025::operations","@pid":12772,"@timestamp":"2026-03-31T20:29:20.046395Z"}
{"@file":"src/psp/format_2025/operations.rs","@level":"debug","@line":60,"@message":"✅ Operations unpacked: count=5 operations=[35, 130, 111, 208, 141]","@module":"flavor::psp::format_2025::operations","@pid":12772,"@timestamp":"2026-03-31T20:29:20.046408Z"}
{"@file":"src/psp/format_2025/operations.rs","@level":"debug","@line":60,"@message":"✅ Operations unpacked: count=8 operations=[193, 21, 248, 109, 253, 160, 63, 20]","@module":"flavor::psp::format_2025::operations","@pid":12772,"@timestamp":"2026-03-31T20:29:20.046440Z"}
{"@file":"src/psp/format_2025/operations.rs","@level":"debug","@line":37,"@message":"✅ Operations packed: result=11239306900962613","@module":"flavor::psp::format_2025::operations","@pid":12772,"@timestamp":"2026-03-31T20:29:20.046454Z"}
{"@file":"src/psp/format_2025/operations.rs","@level":"debug","@line":37,"@message":"✅ Operations packed: result=1459061814623475137","@module":"flavor::psp::format_2025::operations","@pid":12772,"@timestamp":"2026-03-31T20:29:20.046460Z"}
{"@file":"src/psp/format_2025/operations.rs","@level":"debug","@line":60,"@message":"✅ Operations unpacked: count=7 operations=[53, 125, 90, 15, 23, 238, 39]","@module":"flavor::psp::format_2025::operations","@pid":12772,"@timestamp":"2026-03-31T20:29:20.046473Z"}
{"@file":"src/psp/format_2025/operations.rs","@level":"debug","@line":60,"@message":"✅ Operations unpacked: count=8 operations=[193, 21, 248, 109, 253, 160, 63, 20]","@module":"flavor::psp::format_2025::operations","@pid":12772,"@timestamp":"2026-03-31T20:29:20.046477Z"}
{"@file":"src/psp/format_2025/operations.rs","@level":"debug","@line":37,"@message":"✅ Operations packed: result=34806057194468690","@module":"flavor::psp::format_2025::operations","@pid":12772,"@timestamp":"2026-03-31T20:29:20.046520Z"}
{"@file":"src/psp/format_2025/operations.rs","@level":"debug","@line":60,"@message":"✅ Operations unpacked: count=8 operations=[35, 34, 212, 8, 92, 157, 71, 9]","@module":"flavor::psp::format_2025::operations","@pid":12772,"@timestamp":"2026-03-31T20:29:20.046522Z"}
{"@file":"src/psp/format_2025/operations.rs","@level":"debug","@line":60,"@message":"✅ Operations unpacked: count=7 operations=[82, 181, 27, 179, 236, 167, 123]","@module":"flavor::psp::format_2025::operations","@pid":12772,"@timestamp":"2026-03-31T20:29:20.046539Z"}
{"@file":"src/psp/format_2025/operations.rs","@level":"debug","@line":37,"@message":"✅ Operations packed: result=668676088298480163","@module":"flavor::psp::format_2025::operations","@pid":12772,"@timestamp":"2026-03-31T20:29:20.046546Z"}
{"@file":"src/psp/format_2025/operations.rs","@level":"debug","@line":60,"@message":"✅ Operations unpacked: count=8 operations=[35, 34, 212, 8, 92, 157, 71, 9]","@module":"flavor::psp::format_2025::operations","@pid":12772,"@timestamp":"2026-03-31T20:29:20.046564Z"}
{"@file":"src/psp/format_2025/operations.rs","@level":"debug","@line":37,"@message":"✅ Operations packed: result=3903","@module":"flavor::psp::format_2025::operations","@pid":12772,"@timestamp":"2026-03-31T20:29:20.046591Z"}
{"@file":"src/psp/format_2025/operations.rs","@level":"debug","@line":60,"@message":"✅ Operations unpacked: count=2 operations=[63, 15]","@module":"flavor::psp::format_2025::operations","@pid":12772,"@timestamp":"2026-03-31T20:29:20.046609Z"}
{"@file":"src/psp/format_2025/operations.rs","@level":"debug","@line":60,"@message":"✅ Operations unpacked: count=8 operations=[151, 22, 95, 234, 86, 231, 107, 121]","@module":"flavor::psp::format_2025::operations","@pid":12772,"@timestamp":"2026-03-31T20:29:20.046609Z"}
{"@file":"src/psp/format_2025/operations.rs","@level":"debug","@line":37,"@message":"✅ Operations packed: result=8749341061582624407","@module":"flavor::psp::format_2025::operations","@pid":12772,"@timestamp":"2026-03-31T20:29:20.046643Z"}
{"@file":"src/psp/format_2025/operations.rs","@level":"debug","@line":37,"@message":"✅ Operations packed: result=2579244109","@module":"flavor::psp::format_2025::operations","@pid":12772,"@timestamp":"2026-03-31T20:29:20.046664Z"}
{"@file":"src/psp/format_2025/operations.rs","@level":"debug","@line":60,"@message":"✅ Operations unpacked: count=8 operations=[151, 22, 95, 234, 86, 231, 107, 121]","@module":"flavor::psp::format_2025::operations","@pid":12772,"@timestamp":"2026-03-31T20:29:20.046665Z"}
{"@file":"src/psp/format_2025/operations.rs","@level":"debug","@line":60,"@message":"✅ Operations unpacked: count=4 operations=[77, 36, 188, 153]","@module":"flavor::psp::format_2025::operations","@pid":12772,"@timestamp":"2026-03-31T20:29:20.046685Z"}
{"@file":"src/psp/format_2025/operations.rs","@level":"debug","@line":60,"@message":"✅ Operations unpacked: count=8 operations=[157, 125, 253, 202, 244, 203, 132, 102]","@module":"flavor::psp::format_2025::operations","@pid":12772,"@timestamp":"2026-03-31T20:29:20.046729Z"}
{"@file":"src/psp/format_2025/operations.rs","@level":"debug","@line":37,"@message":"✅ Operations packed: result=58769434247556","@module":"flavor::psp::format_2025::operations","@pid":12772,"@timestamp":"2026-03-31T20:29:20.046737Z"}
{"@file":"src/psp/format_2025/operations.rs","@level":"debug","@line":37,"@message":"✅ Operations packed: result=7387253541032525213","@module":"flavor::psp::format_2025::operations","@pid":12772,"@timestamp":"2026-03-31T20:29:20.046750Z"}
{"@file":"src/psp/format_2025/operations.rs","@level":"debug","@line":60,"@message":"✅ Operations unpacked: count=6 operations=[132, 129, 64, 83, 115, 53]","@module":"flavor::psp::format_2025::operations","@pid":12772,"@timestamp":"2026-03-31T20:29:20.046755Z"}
{"@file":"src/psp/format_2025/operations.rs","@level":"debug","@line":60,"@message":"✅ Operations unpacked: count=8 operations=[157, 125, 253, 202, 244, 203, 132, 102]","@module":"flavor::psp::format_2025::operations","@pid":12772,"@timestamp":"2026-03-31T20:29:20.046768Z"}
{"@file":"src/psp/format_2025/operations.rs","@level":"debug","@line":37,"@message":"✅ Operations packed: result=13166182","@module":"flavor::psp::format_2025::operations","@pid":12772,"@timestamp":"2026-03-31T20:29:20.046801Z"}
{"@file":"src/psp/format_2025/operations.rs","@level":"debug","@line":60,"@message":"✅ Operations unpacked: count=3 operations=[102, 230, 200]","@module":"flavor::psp::format_2025::operations","@pid":12772,"@timestamp":"2026-03-31T20:29:20.046819Z"}
{"@file":"src/psp/format_2025/operations.rs","@level":"debug","@line":60,"@message":"✅ Operations unpacked: count=8 operations=[4, 233, 133, 65, 252, 6, 112, 105]","@module":"flavor::psp::format_2025::operations","@pid":12772,"@timestamp":"2026-03-31T20:29:20.046822Z"}
{"@file":"src/psp/format_2025/operations.rs","@level":"debug","@line":37,"@message":"✅ Operations packed: result=7597580251874846980","@module":"flavor::psp::format_2025::operations","@pid":12772,"@timestamp":"2026-03-31T20:29:20.046846Z"}
{"@file":"src/psp/format_2025/operations.rs","@level":"debug","@line":60,"@message":"✅ Operations unpacked: count=8 operations=[4, 233, 133, 65, 252, 6, 112, 105]","@module":"flavor::psp::format_2025::operations","@pid":12772,"@timestamp":"2026-03-31T20:29:20.046864Z"}
{"@file":"src/psp/format_2025/operations.rs","@level":"debug","@line":37,"@message":"✅ Operations packed: result=664883168030","@module":"flavor::psp::format_2025::operations","@pid":12772,"@timestamp":"2026-03-31T20:29:20.046868Z"}
{"@file":"src/psp/format_2025/operations.rs","@level":"debug","@line":60,"@message":"✅ Operations unpacked: count=5 operations=[30, 3, 32, 206, 154]","@module":"flavor::psp::format_2025::operations","@pid":12772,"@timestamp":"2026-03-31T20:29:20.046898Z"}
{"@file":"src/psp/format_2025/operations.rs","@level":"debug","@line":60,"@message":"✅ Operations unpacked: count=8 operations=[178, 20, 78, 172, 252, 96, 148, 114]","@module":"flavor::psp::format_2025::operations","@pid":12772,"@timestamp":"2026-03-31T20:29:20.046913Z"}
{"@file":"src/psp/format_2025/operations.rs","@level":"debug","@line":37,"@message":"✅ Operations packed: result=8256330655215785138","@module":"flavor::psp::format_2025::operations","@pid":12772,"@timestamp":"2026-03-31T20:29:20.046952Z"}
{"@file":"src/psp/format_2025/operations.rs","@level":"debug","@line":37,"@message":"✅ Operations packed: result=6261","@module":"flavor::psp::format_2025::operations","@pid":12772,"@timestamp":"2026-03-31T20:29:20.046971Z"}
{"@file":"src/psp/format_2025/operations.rs","@level":"debug","@line":60,"@message":"✅ Operations unpacked: count=8 operations=[178, 20, 78, 172, 252, 96, 148, 114]","@module":"flavor::psp::format_2025::operations","@pid":12772,"@timestamp":"2026-03-31T20:29:20.046973Z"}
{"@file":"src/psp/format_2025/operations.rs","@level":"debug","@line":60,"@message":"✅ Operations unpacked: count=2 operations=[117, 24]","@module":"flavor::psp::format_2025::operations","@pid":12772,"@timestamp":"2026-03-31T20:29:20.046991Z"}
{"@file":"src/psp/format_2025/operations.rs","@level":"debug","@line":60,"@message":"✅ Operations unpacked: count=8 operations=[2, 142, 165, 5, 209, 128, 131, 41]","@module":"flavor::psp::format_2025::operations","@pid":12772,"@timestamp":"2026-03-31T20:29:20.047041Z"}
{"@file":"src/psp/format_2025/operations.rs","@level":"debug","@line":37,"@message":"✅ Operations packed: result=849259568892","@module":"flavor::psp::format_2025::operations","@pid":12772,"@timestamp":"2026-03-31T20:29:20.047053Z"}
{"@file":"src/psp/format_2025/operations.rs","@level":"debug","@line":37,"@message":"✅ Operations packed: result=2991376212735397378","@module":"flavor::psp::format_2025::operations","@pid":12772,"@timestamp":"2026-03-31T20:29:20.047062Z"}
{"@file":"src/psp/format_2025/operations.rs","@level":"debug","@line":60,"@message":"✅ Operations unpacked: count=5 operations=[252, 158, 208, 187, 197]","@module":"flavor::psp::format_2025::operations","@pid":12772,"@timestamp":"2026-03-31T20:29:20.047072Z"}
{"@file":"src/psp/format_2025/operations.rs","@level":"debug","@line":60,"@message":"✅ Operations unpacked: count=8 operations=[2, 142, 165, 5, 209, 128, 131, 41]","@module":"flavor::psp::format_2025::operations","@pid":12772,"@timestamp":"2026-03-31T20:29:20.047081Z"}
{"@file":"src/psp/format_2025/operations.rs","@level":"debug","@line":37,"@message":"✅ Operations packed: result=2491906759007848199","@module":"flavor::psp::format_2025::operations","@pid":12772,"@timestamp":"2026-03-31T20:29:20.047118Z"}
{"@file":"src/psp/format_2025/operations.rs","@level":"debug","@line":60,"@message":"✅ Operations unpacked: count=8 operations=[219, 194, 174, 109, 136, 128, 154, 109]","@module":"flavor::psp::format_2025::operations","@pid":12772,"@timestamp":"2026-03-31T20:29:20.047126Z"}
{"@file":"src/psp/format_2025/operations.rs","@level":"debug","@line":60,"@message":"✅ Operations unpacked: count=8 operations=[7, 199, 14, 160, 254, 7, 149, 34]","@module":"flavor::psp::format_2025::operations","@pid":12772,"@timestamp":"2026-03-31T20:29:20.047173Z"}
{"@file":"src/psp/format_2025/operations.rs","@level":"debug","@line":37,"@message":"✅ Operations packed: result=7897766219991663323","@module":"flavor::psp::format_2025::operations","@pid":12772,"@timestamp":"2026-03-31T20:29:20.047186Z"}
{"@file":"src/psp/format_2025/operations.rs","@level":"debug","@line":60,"@message":"✅ Operations unpacked: count=8 operations=[219, 194, 174, 109, 136, 128, 154, 109]","@module":"flavor::psp::format_2025::operations","@pid":12772,"@timestamp":"2026-03-31T20:29:20.047205Z"}
{"@file":"src/psp/format_2025/operations.rs","@level":"debug","@line":37,"@message":"✅ Operations packed: result=35343","@module":"flavor::psp::format_2025::operations","@pid":12772,"@timestamp":"2026-03-31T20:29:20.047222Z"}
{"@file":"src/psp/format_2025/operations.rs","@level":"debug","@line":60,"@message":"✅ Operations unpacked: count=2 operations=[15, 138]","@module":"flavor::psp::format_2025::operations","@pid":12772,"@timestamp":"2026-03-31T20:29:20.047240Z"}
{"@file":"src/psp/format_2025/operations.rs","@level":"debug","@line":60,"@message":"✅ Operations unpacked: count=8 operations=[193, 109, 68, 18, 30, 205, 150, 247]","@module":"flavor::psp::format_2025::operations","@pid":12772,"@timestamp":"2026-03-31T20:29:20.047249Z"}
{"@file":"src/psp/format_2025/operations.rs","@level":"debug","@line":37,"@message":"✅ Operations packed: result=17840672502913985985","@module":"flavor::psp::format_2025::operations","@pid":12772,"@timestamp":"2026-03-31T20:29:20.047269Z"}
{"@file":"src/psp/format_2025/operations.rs","@level":"debug","@line":37,"@message":"✅ Operations packed: result=208649196836793","@module":"flavor::psp::format_2025::operations","@pid":12772,"@timestamp":"2026-03-31T20:29:20.047285Z"}
{"@file":"src/psp/format_2025/operations.rs","@level":"debug","@line":60,"@message":"✅ Operations unpacked: count=8 operations=[193, 109, 68, 18, 30, 205, 150, 247]","@module":"flavor::psp::format_2025::operations","@pid":12772,"@timestamp":"2026-03-31T20:29:20.047286Z"}
{"@file":"src/psp/format_2025/operations.rs","@level":"debug","@line":60,"@message":"✅ Operations unpacked: count=6 operations=[185, 151, 66, 237, 195, 189]","@module":"flavor::psp::format_2025::operations","@pid":12772,"@timestamp":"2026-03-31T20:29:20.047305Z"}
{"@file":"src/psp/format_2025/operations.rs","@level":"debug","@line":60,"@message":"✅ Operations unpacked: count=8 operations=[130, 233, 84, 168, 61, 124, 127, 76]","@module":"flavor::psp::format_2025::operations","@pid":12772,"@timestamp":"2026-03-31T20:29:20.047342Z"}
{"@file":"src/psp/format_2025/operations.rs","@level":"debug","@line":37,"@message":"✅ Operations packed: result=57339957648545113","@module":"flavor::psp::format_2025::operations","@pid":12772,"@timestamp":"2026-03-31T20:29:20.047352Z"}
{"@file":"src/psp/format_2025/operations.rs","@level":"debug","@line":37,"@message":"✅ Operations packed: result=5512261073183762818","@module":"flavor::psp::format_2025::operations","@pid":12772,"@timestamp":"2026-03-31T20:29:20.047362Z"}
{"@file":"src/psp/format_2025/operations.rs","@level":"debug","@line":60,"@message":"✅ Operations unpacked: count=7 operations=[89, 213, 19, 63, 99, 182, 203]","@module":"flavor::psp::format_2025::operations","@pid":12772,"@timestamp":"2026-03-31T20:29:20.047371Z"}
{"@file":"src/psp/format_2025/operations.rs","@level":"debug","@line":60,"@message":"✅ Operations unpacked: count=8 operations=[130, 233, 84, 168, 61, 124, 127, 76]","@module":"flavor::psp::format_2025::operations","@pid":12772,"@timestamp":"2026-03-31T20:29:20.047380Z"}
{"@file":"src/psp/format_2025/operations.rs","@level":"debug","@line":37,"@message":"✅ Operations packed: result=64426470259385","@module":"flavor::psp::format_2025::operations","@pid":12772,"@timestamp":"2026-03-31T20:29:20.047418Z"}
{"@file":"src/psp/format_2025/operations.rs","@level":"debug","@line":60,"@message":"✅ Operations unpacked: count=8 operations=[30, 107, 178, 17, 25, 109, 35, 123]","@module":"flavor::psp::format_2025::operations","@pid":12772,"@timestamp":"2026-03-31T20:29:20.047425Z"}
{"@file":"src/psp/format_2025/operations.rs","@level":"debug","@line":60,"@message":"✅ Operations unpacked: count=6 operations=[185, 186, 223, 116, 152, 58]","@module":"flavor::psp::format_2025::operations","@pid":12772,"@timestamp":"2026-03-31T20:29:20.047436Z"}
{"@file":"src/psp/format_2025/operations.rs","@level":"debug","@line":37,"@message":"✅ Operations packed: result=8873055645288524574","@module":"flavor::psp::format_2025::operations","@pid":12772,"@timestamp":"2026-03-31T20:29:20.047443Z"}
{"@file":"src/psp/format_2025/operations.rs","@level":"debug","@line":60,"@message":"✅ Operations unpacked: count=8 operations=[30, 107, 178, 17, 25, 109, 35, 123]","@module":"flavor::psp::format_2025::operations","@pid":12772,"@timestamp":"2026-03-31T20:29:20.047461Z"}
{"@file":"src/psp/format_2025/operations.rs","@level":"debug","@line":37,"@message":"✅ Operations packed: result=239","@module":"flavor::psp::format_2025::operations","@pid":12772,"@timestamp":"2026-03-31T20:29:20.047482Z"}
{"@file":"src/psp/format_2025/operations.rs","@level":"debug","@line":60,"@message":"✅ Operations unpacked: count=1 operations=[239]","@module":"flavor::psp::format_2025::operations","@pid":12772,"@timestamp":"2026-03-31T20:29:20.047500Z"}
{"@file":"src/psp/format_2025/operations.rs","@level":"debug","@line":60,"@message":"✅ Operations unpacked: count=8 operations=[45, 52, 227, 206, 182, 211, 109, 10]","@module":"flavor::psp::format_2025::operations","@pid":12772,"@timestamp":"2026-03-31T20:29:20.047506Z"}
{"@file":"src/psp/format_2025/operations.rs","@level":"debug","@line":37,"@message":"✅ Operations packed: result=751489494949245997","@module":"flavor::psp::format_2025::operations","@pid":12772,"@timestamp":"2026-03-31T20:29:20.047525Z"}
{"@file":"src/psp/format_2025/operations.rs","@level":"debug","@line":60,"@message":"✅ Operations unpacked: count=8 operations=[45, 52, 227, 206, 182, 211, 109, 10]","@module":"flavor::psp::format_2025::operations","@pid":12772,"@timestamp":"2026-03-31T20:29:20.047542Z"}
{"@file":"src/psp/format_2025/operations.rs","@level":"debug","@line":37,"@message":"✅ Operations packed: result=195205933478","@module":"flavor::psp::format_2025::operations","@pid":12772,"@timestamp":"2026-03-31T20:29:20.047545Z"}
{"@file":"src/psp/format_2025/operations.rs","@level":"debug","@line":60,"@message":"✅ Operations unpacked: count=5 operations=[166, 41, 46, 115, 45]","@module":"flavor::psp::format_2025::operations","@pid":12772,"@timestamp":"2026-03-31T20:29:20.047568Z"}
{"@file":"src/psp/format_2025/operations.rs","@level":"debug","@line":60,"@message":"✅ Operations unpacked: count=8 operations=[150, 38, 39, 151, 64, 245, 245, 124]","@module":"flavor::psp::format_2025::operations","@pid":12772,"@timestamp":"2026-03-31T20:29:20.047589Z"}
{"@file":"src/psp/format_2025/operations.rs","@level":"debug","@line":37,"@message":"✅ Operations packed: result=9004372687759812246","@module":"flavor::psp::format_2025::operations","@pid":12772,"@timestamp":"2026-03-31T20:29:20.047608Z"}
{"@file":"src/psp/format_2025/operations.rs","@level":"debug","@line":37,"@message":"✅ Operations packed: result=65927009130297260","@module":"flavor::psp::format_2025::operations","@pid":12772,"@timestamp":"2026-03-31T20:29:20.047614Z"}
{"@file":"src/psp/format_2025/operations.rs","@level":"debug","@line":60,"@message":"✅ Operations unpacked: count=8 operations=[150, 38, 39, 151, 64, 245, 245, 124]","@module":"flavor::psp::format_2025::operations","@pid":12772,"@timestamp":"2026-03-31T20:29:20.047625Z"}
{"@file":"src/psp/format_2025/operations.rs","@level":"debug","@line":60,"@message":"✅ Operations unpacked: count=7 operations=[172, 183, 80, 248, 67, 56, 234]","@module":"flavor::psp::format_2025::operations","@pid":12772,"@timestamp":"2026-03-31T20:29:20.047632Z"}
{"@file":"src/psp/format_2025/operations.rs","@level":"debug","@line":60,"@message":"✅ Operations unpacked: count=8 operations=[70, 240, 65, 141, 163, 2, 68, 3]","@module":"flavor::psp::format_2025::operations","@pid":12772,"@timestamp":"2026-03-31T20:29:20.047670Z"}
{"@file":"src/psp/format_2025/operations.rs","@level":"debug","@line":37,"@message":"✅ Operations packed: result=0","@module":"flavor::psp::format_2025::operations","@pid":12772,"@timestamp":"2026-03-31T20:29:20.047677Z"}
{"@file":"src/psp/format_2025/operations.rs","@level":"debug","@line":37,"@message":"✅ Operations packed: result=235315982002942022","@module":"flavor::psp::format_2025::operations","@pid":12772,"@timestamp":"2026-03-31T20:29:20.047689Z"}
{"@file":"src/psp/format_2025/operations.rs","@level":"debug","@line":60,"@message":"✅ Operations unpacked: count=0 operations=[]","@module":"flavor::psp::format_2025::operations","@pid":12772,"@timestamp":"2026-03-31T20:29:20.047695Z"}
{"@file":"src/psp/format_2025/operations.rs","@level":"debug","@line":60,"@message":"✅ Operations unpacked: count=8 operations=[70, 240, 65, 141, 163, 2, 68, 3]","@module":"flavor::psp::format_2025::operations","@pid":12772,"@timestamp":"2026-03-31T20:29:20.047706Z"}
{"@file":"src/psp/format_2025/operations.rs","@level":"debug","@line":37,"@message":"✅ Operations packed: result=265597685758522","@module":"flavor::psp::format_2025::operations","@pid":12772,"@timestamp":"2026-03-31T20:29:20.047741Z"}
{"@file":"src/psp/format_2025/operations.rs","@level":"debug","@line":60,"@message":"✅ Operations unpacked: count=8 operations=[225, 99, 92, 235, 23, 148, 119, 195]","@module":"flavor::psp::format_2025::operations","@pid":12772,"@timestamp":"2026-03-31T20:29:20.047751Z"}
{"@file":"src/psp/format_2025/operations.rs","@level":"debug","@line":60,"@message":"✅ Operations unpacked: count=6 operations=[58, 122, 182, 71, 143, 241]","@module":"flavor::psp::format_2025::operations","@pid":12772,"@timestamp":"2026-03-31T20:29:20.047759Z"}
{"@file":"src/psp/format_2025/operations.rs","@level":"debug","@line":37,"@message":"✅ Operations packed: result=14084889190078374881","@module":"flavor::psp::format_2025::operations","@pid":12772,"@timestamp":"2026-03-31T20:29:20.047770Z"}
{"@file":"src/psp/format_2025/operations.rs","@level":"debug","@line":60,"@message":"✅ Operations unpacked: count=8 operations=[225, 99, 92, 235, 23, 148, 119, 195]","@module":"flavor::psp::format_2025::operations","@pid":12772,"@timestamp":"2026-03-31T20:29:20.047788Z"}
{"@file":"src/psp/format_2025/operations.rs","@level":"debug","@line":37,"@message":"✅ Operations packed: result=167982739854312","@module":"flavor::psp::format_2025::operations","@pid":12772,"@timestamp":"2026-03-31T20:29:20.047805Z"}
{"@file":"src/psp/format_2025/operations.rs","@level":"debug","@line":60,"@message":"✅ Operations unpacked: count=6 operations=[232, 147, 137, 135, 199, 152]","@module":"flavor::psp::format_2025::operations","@pid":12772,"@timestamp":"2026-03-31T20:29:20.047823Z"}
{"@file":"src/psp/format_2025/operations.rs","@level":"debug","@line":60,"@message":"✅ Operations unpacked: count=8 operations=[230, 204, 143, 118, 38, 60, 6, 38]","@module":"flavor::psp::format_2025::operations","@pid":12772,"@timestamp":"2026-03-31T20:29:20.047832Z"}
{"@file":"src/psp/format_2025/operations.rs","@level":"debug","@line":37,"@message":"✅ Operations packed: result=2739943559197084902","@module":"flavor::psp::format_2025::operations","@pid":12772,"@timestamp":"2026-03-31T20:29:20.047849Z"}
{"@file":"src/psp/format_2025/operations.rs","@level":"debug","@line":60,"@message":"✅ Operations unpacked: count=8 operations=[230, 204, 143, 118, 38, 60, 6, 38]","@module":"flavor::psp::format_2025::operations","@pid":12772,"@timestamp":"2026-03-31T20:29:20.047864Z"}
{"@file":"src/psp/format_2025/operations.rs","@level":"debug","@line":37,"@message":"✅ Operations packed: result=121498951250518","@module":"flavor::psp::format_2025::operations","@pid":12772,"@timestamp":"2026-03-31T20:29:20.047889Z"}
{"@file":"src/psp/format_2025/operations.rs","@level":"debug","@line":60,"@message":"✅ Operations unpacked: count=8 operations=[114, 172, 24, 178, 152, 113, 121, 51]","@module":"flavor::psp::format_2025::operations","@pid":12772,"@timestamp":"2026-03-31T20:29:20.047910Z"}
{"@file":"src/psp/format_2025/operations.rs","@level":"debug","@line":60,"@message":"✅ Operations unpacked: count=6 operations=[86, 114, 212, 173, 128, 110]","@module":"flavor::psp::format_2025::operations","@pid":12772,"@timestamp":"2026-03-31T20:29:20.047917Z"}
{"@file":"src/psp/format_2025/operations.rs","@level":"debug","@line":37,"@message":"✅ Operations packed: result=3709120668753243250","@module":"flavor::psp::format_2025::operations","@pid":12772,"@timestamp":"2026-03-31T20:29:20.047944Z"}
{"@file":"src/psp/format_2025/operations.rs","@level":"debug","@line":60,"@message":"✅ Operations unpacked: count=8 operations=[114, 172, 24, 178, 152, 113, 121, 51]","@module":"flavor::psp::format_2025::operations","@pid":12772,"@timestamp":"2026-03-31T20:29:20.047965Z"}
{"@file":"src/psp/format_2025/operations.rs","@level":"debug","@line":37,"@message":"✅ Operations packed: result=2424566634","@module":"flavor::psp::format_2025::operations","@pid":12772,"@timestamp":"2026-03-31T20:29:20.047987Z"}
{"@file":"src/psp/format_2025/operations.rs","@level":"debug","@line":60,"@message":"✅ Operations unpacked: count=4 operations=[106, 243, 131, 144]","@module":"flavor::psp::format_2025::operations","@pid":12772,"@timestamp":"2026-03-31T20:29:20.048030Z"}
{"@file":"src/psp/format_2025/operations.rs","@level":"debug","@line":60,"@message":"✅ Operations unpacked: count=8 operations=[2, 31, 187, 228, 40, 156, 46, 27]","@module":"flavor::psp::format_2025::operations","@pid":12772,"@timestamp":"2026-03-31T20:29:20.048040Z"}
{"@file":"src/psp/format_2025/operations.rs","@level":"debug","@line":37,"@message":"✅ Operations packed: result=1958674587402837762","@module":"flavor::psp::format_2025::operations","@pid":12772,"@timestamp":"2026-03-31T20:29:20.048068Z"}
{"@file":"src/psp/format_2025/operations.rs","@level":"debug","@line":37,"@message":"✅ Operations packed: result=185855836","@module":"flavor::psp::format_2025::operations","@pid":12772,"@timestamp":"2026-03-31T20:29:20.048079Z"}
{"@file":"src/psp/format_2025/operations.rs","@level":"debug","@line":60,"@message":"✅ Operations unpacked: count=8 operations=[2, 31, 187, 228, 40, 156, 46, 27]","@module":"flavor::psp::format_2025::operations","@pid":12772,"@timestamp":"2026-03-31T20:29:20.048088Z"}
{"@file":"src/psp/format_2025/operations.rs","@level":"debug","@line":60,"@message":"✅ Operations unpacked: count=4 operations=[92, 239, 19, 11]","@module":"flavor::psp::format_2025::operations","@pid":12772,"@timestamp":"2026-03-31T20:29:20.048110Z"}
{"@file":"src/psp/format_2025/operations.rs","@level":"debug","@line":60,"@message":"✅ Operations unpacked: count=8 operations=[126, 244, 144, 188, 184, 68, 252, 172]","@module":"flavor::psp::format_2025::operations","@pid":12772,"@timestamp":"2026-03-31T20:29:20.048153Z"}
{"@file":"src/psp/format_2025/operations.rs","@level":"debug","@line":37,"@message":"✅ Operations packed: result=9513726383025635020","@module":"flavor::psp::format_2025::operations","@pid":12772,"@timestamp":"2026-03-31T20:29:20.048158Z"}
{"@file":"src/psp/format_2025/operations.rs","@level":"debug","@line":37,"@message":"✅ Operations packed: result=12464913428882977918","@module":"flavor::psp::format_2025::operations","@pid":12772,"@timestamp":"2026-03-31T20:29:20.048176Z"}
{"@file":"src/psp/format_2025/operations.rs","@level":"debug","@line":60,"@message":"✅ Operations unpacked: count=8 operations=[204, 62, 129, 78, 189, 139, 7, 132]","@module":"flavor::psp::format_2025::operations","@pid":12772,"@timestamp":"2026-03-31T20:29:20.048188Z"}
{"@file":"src/psp/format_2025/operations.rs","@level":"debug","@line":60,"@message":"✅ Operations unpacked: count=8 operations=[126, 244, 144, 188, 184, 68, 252, 172]","@module":"flavor::psp::format_2025::operations","@pid":12772,"@timestamp":"2026-03-31T20:29:20.048194Z"}
{"@file":"src/psp/format_2025/operations.rs","@level":"debug","@line":37,"@message":"✅ Operations packed: result=964624271510","@module":"flavor::psp::format_2025::operations","@pid":12772,"@timestamp":"2026-03-31T20:29:20.048236Z"}
{"@file":"src/psp/format_2025/operations.rs","@level":"debug","@line":60,"@message":"✅ Operations unpacked: count=8 operations=[235, 96, 56, 131, 7, 163, 142, 28]","@module":"flavor::psp::format_2025::operations","@pid":12772,"@timestamp":"2026-03-31T20:29:20.048240Z"}
{"@file":"src/psp/format_2025/operations.rs","@level":"debug","@line":60,"@message":"✅ Operations unpacked: count=5 operations=[150, 72, 22, 152, 224]","@module":"flavor::psp::format_2025::operations","@pid":12772,"@timestamp":"2026-03-31T20:29:20.048254Z"}
{"@file":"src/psp/format_2025/operations.rs","@level":"debug","@line":37,"@message":"✅ Operations packed: result=2057761332416504043","@module":"flavor::psp::format_2025::operations","@pid":12772,"@timestamp":"2026-03-31T20:29:20.048259Z"}
{"@file":"src/psp/format_2025/operations.rs","@level":"debug","@line":60,"@message":"✅ Operations unpacked: count=8 operations=[235, 96, 56, 131, 7, 163, 142, 28]","@module":"flavor::psp::format_2025::operations","@pid":12772,"@timestamp":"2026-03-31T20:29:20.048296Z"}
{"@file":"src/psp/format_2025/operations.rs","@level":"debug","@line":37,"@message":"✅ Operations packed: result=218","@module":"flavor::psp::format_2025::operations","@pid":12772,"@timestamp":"2026-03-31T20:29:20.048302Z"}
{"@file":"src/psp/format_2025/operations.rs","@level":"debug","@line":60,"@message":"✅ Operations unpacked: count=1 operations=[218]","@module":"flavor::psp::format_2025::operations","@pid":12772,"@timestamp":"2026-03-31T20:29:20.048327Z"}
{"@file":"src/psp/format_2025/operations.rs","@level":"debug","@line":60,"@message":"✅ Operations unpacked: count=8 operations=[184, 85, 244, 106, 197, 70, 18, 119]","@module":"flavor::psp::format_2025::operations","@pid":12772,"@timestamp":"2026-03-31T20:29:20.048346Z"}
{"@file":"src/psp/format_2025/operations.rs","@level":"debug","@line":37,"@message":"✅ Operations packed: result=8579998053811115448","@module":"flavor::psp::format_2025::operations","@pid":12772,"@timestamp":"2026-03-31T20:29:20.048372Z"}
{"@file":"src/psp/format_2025/operations.rs","@level":"debug","@line":37,"@message":"✅ Operations packed: result=65511531945722427","@module":"flavor::psp::format_2025::operations","@pid":12772,"@timestamp":"2026-03-31T20:29:20.048375Z"}
{"@file":"src/psp/format_2025/operations.rs","@level":"debug","@line":60,"@message":"✅ Operations unpacked: count=8 operations=[184, 85, 244, 106, 197, 70, 18, 119]","@module":"flavor::psp::format_2025::operations","@pid":12772,"@timestamp":"2026-03-31T20:29:20.048392Z"}
{"@file":"src/psp/format_2025/operations.rs","@level":"debug","@line":60,"@message":"✅ Operations unpacked: count=7 operations=[59, 2, 81, 38, 100, 190, 232]","@module":"flavor::psp::format_2025::operations","@pid":12772,"@timestamp":"2026-03-31T20:29:20.048402Z"}
{"@file":"src/psp/format_2025/operations.rs","@level":"debug","@line":60,"@message":"✅ Operations unpacked: count=8 operations=[63, 60, 200, 222, 158, 111, 80, 35]","@module":"flavor::psp::format_2025::operations","@pid":12772,"@timestamp":"2026-03-31T20:29:20.048445Z"}
{"@file":"src/psp/format_2025/operations.rs","@level":"debug","@line":37,"@message":"✅ Operations packed: result=168992758421","@module":"flavor::psp::format_2025::operations","@pid":12772,"@timestamp":"2026-03-31T20:29:20.048456Z"}
{"@file":"src/psp/format_2025/operations.rs","@level":"debug","@line":37,"@message":"✅ Operations packed: result=2544656517597510719","@module":"flavor::psp::format_2025::operations","@pid":12772,"@timestamp":"2026-03-31T20:29:20.048477Z"}
{"@file":"src/psp/format_2025/operations.rs","@level":"debug","@line":60,"@message":"✅ Operations unpacked: count=5 operations=[149, 218, 192, 88, 39]","@module":"flavor::psp::format_2025::operations","@pid":12772,"@timestamp":"2026-03-31T20:29:20.048489Z"}
{"@file":"src/psp/format_2025/operations.rs","@level":"debug","@line":60,"@message":"✅ Operations unpacked: count=8 operations=[63, 60, 200, 222, 158, 111, 80, 35]","@module":"flavor::psp::format_2025::operations","@pid":12772,"@timestamp":"2026-03-31T20:29:20.048501Z"}
{"@file":"src/psp/format_2025/operations.rs","@level":"debug","@line":37,"@message":"✅ Operations packed: result=132","@module":"flavor::psp::format_2025::operations","@pid":12772,"@timestamp":"2026-03-31T20:29:20.048541Z"}
{"@file":"src/psp/format_2025/operations.rs","@level":"debug","@line":60,"@message":"✅ Operations unpacked: count=8 operations=[245, 106, 78, 229, 89, 7, 42, 80]","@module":"flavor::psp::format_2025::operations","@pid":12772,"@timestamp":"2026-03-31T20:29:20.048554Z"}
{"@file":"src/psp/format_2025/operations.rs","@level":"debug","@line":60,"@message":"✅ Operations unpacked: count=1 operations=[132]","@module":"flavor::psp::format_2025::operations","@pid":12772,"@timestamp":"2026-03-31T20:29:20.048566Z"}
{"@file":"src/psp/format_2025/operations.rs","@level":"debug","@line":37,"@message":"✅ Operations packed: result=5776437554736687861","@module":"flavor::psp::format_2025::operations","@pid":12772,"@timestamp":"2026-03-31T20:29:20.048580Z"}
{"@file":"src/psp/format_2025/operations.rs","@level":"debug","@line":60,"@message":"✅ Operations unpacked: count=8 operations=[245, 106, 78, 229, 89, 7, 42, 80]","@module":"flavor::psp::format_2025::operations","@pid":12772,"@timestamp":"2026-03-31T20:29:20.048605Z"}
{"@file":"src/psp/format_2025/operations.rs","@level":"debug","@line":37,"@message":"✅ Operations packed: result=30161961264000536","@module":"flavor::psp::format_2025::operations","@pid":12772,"@timestamp":"2026-03-31T20:29:20.048618Z"}
{"@file":"src/psp/format_2025/operations.rs","@level":"debug","@line":60,"@message":"✅ Operations unpacked: count=7 operations=[24, 174, 222, 218, 36, 40, 107]","@module":"flavor::psp::format_2025::operations","@pid":12772,"@timestamp":"2026-03-31T20:29:20.048644Z"}
{"@file":"src/psp/format_2025/operations.rs","@level":"debug","@line":60,"@message":"✅ Operations unpacked: count=8 operations=[17, 111, 121, 27, 82, 183, 128, 230]","@module":"flavor::psp::format_2025::operations","@pid":12772,"@timestamp":"2026-03-31T20:29:20.048651Z"}
{"@file":"src/psp/format_2025/operations.rs","@level":"debug","@line":37,"@message":"✅ Operations packed: result=16609476989018533649","@module":"flavor::psp::format_2025::operations","@pid":12772,"@timestamp":"2026-03-31T20:29:20.048678Z"}
{"@file":"src/psp/format_2025/operations.rs","@level":"debug","@line":37,"@message":"✅ Operations packed: result=6552","@module":"flavor::psp::format_2025::operations","@pid":12772,"@timestamp":"2026-03-31T20:29:20.048693Z"}
{"@file":"src/psp/format_2025/operations.rs","@level":"debug","@line":60,"@message":"✅ Operations unpacked: count=8 operations=[17, 111, 121, 27, 82, 183, 128, 230]","@module":"flavor::psp::format_2025::operations","@pid":12772,"@timestamp":"2026-03-31T20:29:20.048697Z"}
{"@file":"src/psp/format_2025/operations.rs","@level":"debug","@line":60,"@message":"✅ Operations unpacked: count=2 operations=[152, 25]","@module":"flavor::psp::format_2025::operations","@pid":12772,"@timestamp":"2026-03-31T20:29:20.048725Z"}
{"@file":"src/psp/format_2025/operations.rs","@level":"debug","@line":60,"@message":"✅ Operations unpacked: count=8 operations=[253, 66, 239, 52, 109, 5, 36, 165]","@module":"flavor::psp::format_2025::operations","@pid":12772,"@timestamp":"2026-03-31T20:29:20.048768Z"}
{"@file":"src/psp/format_2025/operations.rs","@level":"debug","@line":37,"@message":"✅ Operations packed: result=387234970615913948","@module":"flavor::psp::format_2025::operations","@pid":12772,"@timestamp":"2026-03-31T20:29:20.048792Z"}
{"@file":"src/psp/format_2025/operations.rs","@level":"debug","@line":37,"@message":"✅ Operations packed: result=11899642082017362685","@module":"flavor::psp::format_2025::operations","@pid":12772,"@timestamp":"2026-03-31T20:29:20.048819Z"}
{"@file":"src/psp/format_2025/operations.rs","@level":"debug","@line":60,"@message":"✅ Operations unpacked: count=8 operations=[220, 157, 43, 116, 39, 188, 95, 5]","@module":"flavor::psp::format_2025::operations","@pid":12772,"@timestamp":"2026-03-31T20:29:20.048841Z"}
{"@file":"src/psp/format_2025/operations.rs","@level":"debug","@line":60,"@message":"✅ Operations unpacked: count=8 operations=[253, 66, 239, 52, 109, 5, 36, 165]","@module":"flavor::psp::format_2025::operations","@pid":12772,"@timestamp":"2026-03-31T20:29:20.048857Z"}
{"@file":"src/psp/format_2025/operations.rs","@level":"debug","@line":37,"@message":"✅ Operations packed: result=0","@module":"flavor::psp::format_2025::operations","@pid":12772,"@timestamp":"2026-03-31T20:29:20.048891Z"}
{"@file":"src/psp/format_2025/operations.rs","@level":"debug","@line":60,"@message":"✅ Operations unpacked: count=8 operations=[22, 134, 165, 32, 166, 160, 177, 248]","@module":"flavor::psp::format_2025::operations","@pid":12772,"@timestamp":"2026-03-31T20:29:20.048905Z"}
{"@file":"src/psp/format_2025/operations.rs","@level":"debug","@line":60,"@message":"✅ Operations unpacked: count=0 operations=[]","@module":"flavor::psp::format_2025::operations","@pid":12772,"@timestamp":"2026-03-31T20:29:20.048910Z"}
{"@file":"src/psp/format_2025/operations.rs","@level":"debug","@line":37,"@message":"✅ Operations packed: result=17920281027656648214","@module":"flavor::psp::format_2025::operations","@pid":12772,"@timestamp":"2026-03-31T20:29:20.048927Z"}
{"@file":"src/psp/format_2025/operations.rs","@level":"debug","@line":60,"@message":"✅ Operations unpacked: count=8 operations=[22, 134, 165, 32, 166, 160, 177, 248]","@module":"flavor::psp::format_2025::operations","@pid":12772,"@timestamp":"2026-03-31T20:29:20.048944Z"}
{"@file":"src/psp/format_2025/operations.rs","@level":"debug","@line":37,"@message":"✅ Operations packed: result=472874255","@module":"flavor::psp::format_2025::operations","@pid":12772,"@timestamp":"2026-03-31T20:29:20.048966Z"}
{"@file":"src/psp/format_2025/operations.rs","@level":"debug","@line":60,"@message":"✅ Operations unpacked: count=4 operations=[15, 125, 47, 28]","@module":"flavor::psp::format_2025::operations","@pid":12772,"@timestamp":"2026-03-31T20:29:20.048985Z"}
{"@file":"src/psp/format_2025/operations.rs","@level":"debug","@line":60,"@message":"✅ Operations unpacked: count=8 operations=[173, 248, 142, 11, 219, 57, 232, 190]","@module":"flavor::psp::format_2025::operations","@pid":12772,"@timestamp":"2026-03-31T20:29:20.048988Z"}
{"@file":"src/psp/format_2025/operations.rs","@level":"debug","@line":37,"@message":"✅ Operations packed: result=13756308674757720237","@module":"flavor::psp::format_2025::operations","@pid":12772,"@timestamp":"2026-03-31T20:29:20.049007Z"}
{"@file":"src/psp/format_2025/operations.rs","@level":"debug","@line":60,"@message":"✅ Operations unpacked: count=8 operations=[173, 248, 142, 11, 219, 57, 232, 190]","@module":"flavor::psp::format_2025::operations","@pid":12772,"@timestamp":"2026-03-31T20:29:20.049024Z"}
{"@file":"src/psp/format_2025/operations.rs","@level":"debug","@line":37,"@message":"✅ Operations packed: result=2966165697","@module":"flavor::psp::format_2025::operations","@pid":12772,"@timestamp":"2026-03-31T20:29:20.049030Z"}
{"@file":"src/psp/format_2025/operations.rs","@level":"debug","@line":60,"@message":"✅ Operations unpacked: count=4 operations=[193, 24, 204, 176]","@module":"flavor::psp::format_2025::operations","@pid":12772,"@timestamp":"2026-03-31T20:29:20.049048Z"}
{"@file":"src/psp/format_2025/operations.rs","@level":"debug","@line":60,"@message":"✅ Operations unpacked: count=8 operations=[50, 142, 70, 6, 235, 221, 181, 17]","@module":"flavor::psp::format_2025::operations","@pid":12772,"@timestamp":"2026-03-31T20:29:20.049069Z"}
{"@file":"src/psp/format_2025/operations.rs","@level":"debug","@line":37,"@message":"✅ Operations packed: result=1276170070921743922","@module":"flavor::psp::format_2025::operations","@pid":12772,"@timestamp":"2026-03-31T20:29:20.049090Z"}
{"@file":"src/psp/format_2025/operations.rs","@level":"debug","@line":37,"@message":"✅ Operations packed: result=83","@module":"flavor::psp::format_2025::operations","@pid":12772,"@timestamp":"2026-03-31T20:29:20.049092Z"}
{"@file":"src/psp/format_2025/operations.rs","@level":"debug","@line":60,"@message":"✅ Operations unpacked: count=8 operations=[50, 142, 70, 6, 235, 221, 181, 17]","@module":"flavor::psp::format_2025::operations","@pid":12772,"@timestamp":"2026-03-31T20:29:20.049109Z"}
{"@file":"src/psp/format_2025/operations.rs","@level":"debug","@line":60,"@message":"✅ Operations unpacked: count=1 operations=[83]","@module":"flavor::psp::format_2025::operations","@pid":12772,"@timestamp":"2026-03-31T20:29:20.049116Z"}
{"@file":"src/psp/format_2025/operations.rs","@level":"debug","@line":60,"@message":"✅ Operations unpacked: count=8 operations=[185, 135, 36, 209, 112, 25, 115, 158]","@module":"flavor::psp::format_2025::operations","@pid":12772,"@timestamp":"2026-03-31T20:29:20.049156Z"}
{"@file":"src/psp/format_2025/operations.rs","@level":"debug","@line":37,"@message":"✅ Operations packed: result=11417497452650203065","@module":"flavor::psp::format_2025::operations","@pid":12772,"@timestamp":"2026-03-31T20:29:20.049181Z"}
{"@file":"src/psp/format_2025/operations.rs","@level":"debug","@line":37,"@message":"✅ Operations packed: result=445316362","@module":"flavor::psp::format_2025::operations","@pid":12772,"@timestamp":"2026-03-31T20:29:20.049182Z"}
{"@file":"src/psp/format_2025/operations.rs","@level":"debug","@line":60,"@message":"✅ Operations unpacked: count=8 operations=[185, 135, 36, 209, 112, 25, 115, 158]","@module":"flavor::psp::format_2025::operations","@pid":12772,"@timestamp":"2026-03-31T20:29:20.049202Z"}
{"@file":"src/psp/format_2025/operations.rs","@level":"debug","@line":60,"@message":"✅ Operations unpacked: count=4 operations=[10, 253, 138, 26]","@module":"flavor::psp::format_2025::operations","@pid":12772,"@timestamp":"2026-03-31T20:29:20.049211Z"}
{"@file":"src/psp/format_2025/operations.rs","@level":"debug","@line":60,"@message":"✅ Operations unpacked: count=8 operations=[222, 65, 136, 159, 7, 215, 137, 223]","@module":"flavor::psp::format_2025::operations","@pid":12772,"@timestamp":"2026-03-31T20:29:20.049259Z"}
{"@file":"src/psp/format_2025/operations.rs","@level":"debug","@line":37,"@message":"✅ Operations packed: result=65","@module":"flavor::psp::format_2025::operations","@pid":12772,"@timestamp":"2026-03-31T20:29:20.049276Z"}
{"@file":"src/psp/format_2025/operations.rs","@level":"debug","@line":37,"@message":"✅ Operations packed: result=16107641970008539614","@module":"flavor::psp::format_2025::operations","@pid":12772,"@timestamp":"2026-03-31T20:29:20.049280Z"}
{"@file":"src/psp/format_2025/operations.rs","@level":"debug","@line":60,"@message":"✅ Operations unpacked: count=1 operations=[65]","@module":"flavor::psp::format_2025::operations","@pid":12772,"@timestamp":"2026-03-31T20:29:20.049296Z"}
{"@file":"src/psp/format_2025/operations.rs","@level":"debug","@line":60,"@message":"✅ Operations unpacked: count=8 operations=[222, 65, 136, 159, 7, 215, 137, 223]","@module":"flavor::psp::format_2025::operations","@pid":12772,"@timestamp":"2026-03-31T20:29:20.049303Z"}
{"@file":"src/psp/format_2025/operations.rs","@level":"debug","@line":37,"@message":"✅ Operations packed: result=696323896891","@module":"flavor::psp::format_2025::operations","@pid":12772,"@timestamp":"2026-03-31T20:29:20.049371Z"}
{"@file":"src/psp/format_2025/operations.rs","@level":"debug","@line":60,"@message":"✅ Operations unpacked: count=8 operations=[210, 9, 53, 130, 94, 208, 135, 247]","@module":"flavor::psp::format_2025::operations","@pid":12772,"@timestamp":"2026-03-31T20:29:20.049385Z"}
{"@file":"src/psp/format_2025/operations.rs","@level":"debug","@line":60,"@message":"✅ Operations unpacked: count=5 operations=[59, 118, 35, 32, 162]","@module":"flavor::psp::format_2025::operations","@pid":12772,"@timestamp":"2026-03-31T20:29:20.049395Z"}
{"@file":"src/psp/format_2025/operations.rs","@level":"debug","@line":37,"@message":"✅ Operations packed: result=17836453953554155986","@module":"flavor::psp::format_2025::operations","@pid":12772,"@timestamp":"2026-03-31T20:29:20.049410Z"}
{"@file":"src/psp/format_2025/operations.rs","@level":"debug","@line":60,"@message":"✅ Operations unpacked: count=8 operations=[210, 9, 53, 130, 94, 208, 135, 247]","@module":"flavor::psp::format_2025::operations","@pid":12772,"@timestamp":"2026-03-31T20:29:20.049429Z"}
{"@file":"src/psp/format_2025/operations.rs","@level":"debug","@line":37,"@message":"✅ Operations packed: result=333769904671","@module":"flavor::psp::format_2025::operations","@pid":12772,"@timestamp":"2026-03-31T20:29:20.049444Z"}
{"@file":"src/psp/format_2025/operations.rs","@level":"debug","@line":60,"@message":"✅ Operations unpacked: count=5 operations=[31, 146, 60, 182, 77]","@module":"flavor::psp::format_2025::operations","@pid":12772,"@timestamp":"2026-03-31T20:29:20.049462Z"}
{"@file":"src/psp/format_2025/operations.rs","@level":"debug","@line":60,"@message":"✅ Operations unpacked: count=8 operations=[38, 211, 78, 216, 54, 30, 76, 1]","@module":"flavor::psp::format_2025::operations","@pid":12772,"@timestamp":"2026-03-31T20:29:20.049474Z"}
{"@file":"src/psp/format_2025/operations.rs","@level":"debug","@line":37,"@message":"✅ Operations packed: result=93482913174049574","@module":"flavor::psp::format_2025::operations","@pid":12772,"@timestamp":"2026-03-31T20:29:20.049494Z"}
{"@file":"src/psp/format_2025/operations.rs","@level":"debug","@line":37,"@message":"✅ Operations packed: result=164264230373477","@module":"flavor::psp::format_2025::operations","@pid":12772,"@timestamp":"2026-03-31T20:29:20.049508Z"}
{"@file":"src/psp/format_2025/operations.rs","@level":"debug","@line":60,"@message":"✅ Operations unpacked: count=8 operations=[38, 211, 78, 216, 54, 30, 76, 1]","@module":"flavor::psp::format_2025::operations","@pid":12772,"@timestamp":"2026-03-31T20:29:20.049511Z"}
{"@file":"src/psp/format_2025/operations.rs","@level":"debug","@line":60,"@message":"✅ Operations unpacked: count=6 operations=[101, 200, 25, 191, 101, 149]","@module":"flavor::psp::format_2025::operations","@pid":12772,"@timestamp":"2026-03-31T20:29:20.049528Z"}
{"@file":"src/psp/format_2025/operations.rs","@level":"debug","@line":60,"@message":"✅ Operations unpacked: count=8 operations=[60, 246, 104, 55, 56, 1, 234, 177]","@module":"flavor::psp::format_2025::operations","@pid":12772,"@timestamp":"2026-03-31T20:29:20.049581Z"}
{"@file":"src/psp/format_2025/operations.rs","@level":"debug","@line":37,"@message":"✅ Operations packed: result=28570988760838","@module":"flavor::psp::format_2025::operations","@pid":12772,"@timestamp":"2026-03-31T20:29:20.049594Z"}
{"@file":"src/psp/format_2025/operations.rs","@level":"debug","@line":37,"@message":"✅ Operations packed: result=12820060630222960188","@module":"flavor::psp::format_2025::operations","@pid":12772,"@timestamp":"2026-03-31T20:29:20.049603Z"}
{"@file":"src/psp/format_2025/operations.rs","@level":"debug","@line":60,"@message":"✅ Operations unpacked: count=6 operations=[6, 207, 162, 51, 252, 25]","@module":"flavor::psp::format_2025::operations","@pid":12772,"@timestamp":"2026-03-31T20:29:20.049614Z"}
{"@file":"src/psp/format_2025/operations.rs","@level":"debug","@line":60,"@message":"✅ Operations unpacked: count=8 operations=[60, 246, 104, 55, 56, 1, 234, 177]","@module":"flavor::psp::format_2025::operations","@pid":12772,"@timestamp":"2026-03-31T20:29:20.049621Z"}
{"@file":"src/psp/format_2025/operations.rs","@level":"debug","@line":37,"@message":"✅ Operations packed: result=5514493491322027849","@module":"flavor::psp::format_2025::operations","@pid":12772,"@timestamp":"2026-03-31T20:29:20.049662Z"}
{"@file":"src/psp/format_2025/operations.rs","@level":"debug","@line":60,"@message":"✅ Operations unpacked: count=8 operations=[28, 24, 127, 241, 223, 194, 246, 69]","@module":"flavor::psp::format_2025::operations","@pid":12772,"@timestamp":"2026-03-31T20:29:20.049666Z"}
{"@file":"src/psp/format_2025/operations.rs","@level":"debug","@line":60,"@message":"✅ Operations unpacked: count=8 operations=[73, 255, 115, 2, 157, 106, 135, 76]","@module":"flavor::psp::format_2025::operations","@pid":12772,"@timestamp":"2026-03-31T20:29:20.049683Z"}
{"@file":"src/psp/format_2025/operations.rs","@level":"debug","@line":37,"@message":"✅ Operations packed: result=5041431099972982812","@module":"flavor::psp::format_2025::operations","@pid":12772,"@timestamp":"2026-03-31T20:29:20.049689Z"}
{"@file":"src/psp/format_2025/operations.rs","@level":"debug","@line":60,"@message":"✅ Operations unpacked: count=8 operations=[28, 24, 127, 241, 223, 194, 246, 69]","@module":"flavor::psp::format_2025::operations","@pid":12772,"@timestamp":"2026-03-31T20:29:20.049706Z"}
{"@file":"src/psp/format_2025/operations.rs","@level":"debug","@line":37,"@message":"✅ Operations packed: result=175843841384825","@module":"flavor::psp::format_2025::operations","@pid":12772,"@timestamp":"2026-03-31T20:29:20.049730Z"}
{"@file":"src/psp/format_2025/operations.rs","@level":"debug","@line":60,"@message":"✅ Operations unpacked: count=6 operations=[121, 161, 179, 213, 237, 159]","@module":"flavor::psp::format_2025::operations","@pid":12772,"@timestamp":"2026-03-31T20:29:20.049748Z"}
{"@file":"src/psp/format_2025/operations.rs","@level":"debug","@line":60,"@message":"✅ Operations unpacked: count=8 operations=[212, 2, 240, 44, 210, 226, 82, 199]","@module":"flavor::psp::format_2025::operations","@pid":12772,"@timestamp":"2026-03-31T20:29:20.049752Z"}
{"@file":"src/psp/format_2025/operations.rs","@level":"debug","@line":37,"@message":"✅ Operations packed: result=14362791553962869460","@module":"flavor::psp::format_2025::operations","@pid":12772,"@timestamp":"2026-03-31T20:29:20.049771Z"}
{"@file":"src/psp/format_2025/operations.rs","@level":"debug","@line":60,"@message":"✅ Operations unpacked: count=8 operations=[212, 2, 240, 44, 210, 226, 82, 199]","@module":"flavor::psp::format_2025::operations","@pid":12772,"@timestamp":"2026-03-31T20:29:20.049789Z"}
{"@file":"src/psp/format_2025/operations.rs","@level":"debug","@line":37,"@message":"✅ Operations packed: result=49161464978876708","@module":"flavor::psp::format_2025::operations","@pid":12772,"@timestamp":"2026-03-31T20:29:20.049794Z"}
{"@file":"src/psp/format_2025/operations.rs","@level":"debug","@line":60,"@message":"✅ Operations unpacked: count=7 operations=[36, 41, 180, 136, 23, 168, 174]","@module":"flavor::psp::format_2025::operations","@pid":12772,"@timestamp":"2026-03-31T20:29:20.049812Z"}
{"@file":"src/psp/format_2025/operations.rs","@level":"debug","@line":60,"@message":"✅ Operations unpacked: count=8 operations=[223, 90, 59, 133, 18, 206, 205, 160]","@module":"flavor::psp::format_2025::operations","@pid":12772,"@timestamp":"2026-03-31T20:29:20.049833Z"}
{"@file":"src/psp/format_2025/operations.rs","@level":"debug","@line":37,"@message":"✅ Operations packed: result=11587143995234147039","@module":"flavor::psp::format_2025::operations","@pid":12772,"@timestamp":"2026-03-31T20:29:20.049853Z"}
{"@file":"src/psp/format_2025/operations.rs","@level":"debug","@line":37,"@message":"✅ Operations packed: result=0","@module":"flavor::psp::format_2025::operations","@pid":12772,"@timestamp":"2026-03-31T20:29:20.049857Z"}
{"@file":"src/psp/format_2025/operations.rs","@level":"debug","@line":60,"@message":"✅ Operations unpacked: count=8 operations=[223, 90, 59, 133, 18, 206, 205, 160]","@module":"flavor::psp::format_2025::operations","@pid":12772,"@timestamp":"2026-03-31T20:29:20.049869Z"}
{"@file":"src/psp/format_2025/operations.rs","@level":"debug","@line":60,"@message":"✅ Operations unpacked: count=0 operations=[]","@module":"flavor::psp::format_2025::operations","@pid":12772,"@timestamp":"2026-03-31T20:29:20.049874Z"}
test psp::format_2025::operations::tests::prop_pack_unpack_roundtrip ... {"@file":"src/psp/format_2025/operations.rs","@level":"debug","@line":60,"@message":"✅ Operations unpacked: count=8 operations=[114, 248, 18, 119, 178, 120, 46, 199]","@module":"flavor::psp::format_2025::operations","@pid":12772,"@timestamp":"2026-03-31T20:29:20.049917Z"}
ok
{"@file":"src/psp/format_2025/operations.rs","@level":"debug","@line":37,"@message":"✅ Operations packed: result=14352541770373593202","@module":"flavor::psp::format_2025::operations","@pid":12772,"@timestamp":"2026-03-31T20:29:20.049944Z"}
{"@file":"src/psp/format_2025/operations.rs","@level":"debug","@line":60,"@message":"✅ Operations unpacked: count=8 operations=[114, 248, 18, 119, 178, 120, 46, 199]","@module":"flavor::psp::format_2025::operations","@pid":12772,"@timestamp":"2026-03-31T20:29:20.049966Z"}
{"@file":"src/psp/format_2025/operations.rs","@level":"debug","@line":60,"@message":"✅ Operations unpacked: count=8 operations=[143, 146, 188, 21, 155, 43, 6, 159]","@module":"flavor::psp::format_2025::operations","@pid":12772,"@timestamp":"2026-03-31T20:29:20.050011Z"}
{"@file":"src/psp/format_2025/operations.rs","@level":"debug","@line":37,"@message":"✅ Operations packed: result=11458894246975410831","@module":"flavor::psp::format_2025::operations","@pid":12772,"@timestamp":"2026-03-31T20:29:20.050050Z"}
{"@file":"src/psp/format_2025/operations.rs","@level":"debug","@line":60,"@message":"✅ Operations unpacked: count=8 operations=[143, 146, 188, 21, 155, 43, 6, 159]","@module":"flavor::psp::format_2025::operations","@pid":12772,"@timestamp":"2026-03-31T20:29:20.050068Z"}
{"@file":"src/psp/format_2025/operations.rs","@level":"debug","@line":60,"@message":"✅ Operations unpacked: count=8 operations=[33, 221, 117, 160, 193, 151, 79, 114]","@module":"flavor::psp::format_2025::operations","@pid":12772,"@timestamp":"2026-03-31T20:29:20.050113Z"}
{"@file":"src/psp/format_2025/operations.rs","@level":"debug","@line":37,"@message":"✅ Operations packed: result=8236969101360487713","@module":"flavor::psp::format_2025::operations","@pid":12772,"@timestamp":"2026-03-31T20:29:20.050132Z"}
{"@file":"src/psp/format_2025/operations.rs","@level":"debug","@line":60,"@message":"✅ Operations unpacked: count=8 operations=[33, 221, 117, 160, 193, 151, 79, 114]","@module":"flavor::psp::format_2025::operations","@pid":12772,"@timestamp":"2026-03-31T20:29:20.050148Z"}
{"@file":"src/psp/format_2025/operations.rs","@level":"debug","@line":60,"@message":"✅ Operations unpacked: count=8 operations=[153, 68, 14, 111, 208, 65, 7, 238]","@module":"flavor::psp::format_2025::operations","@pid":12772,"@timestamp":"2026-03-31T20:29:20.050192Z"}
{"@file":"src/psp/format_2025/operations.rs","@level":"debug","@line":37,"@message":"✅ Operations packed: result=17151750069336032409","@module":"flavor::psp::format_2025::operations","@pid":12772,"@timestamp":"2026-03-31T20:29:20.050210Z"}
{"@file":"src/psp/format_2025/operations.rs","@level":"debug","@line":60,"@message":"✅ Operations unpacked: count=8 operations=[153, 68, 14, 111, 208, 65, 7, 238]","@module":"flavor::psp::format_2025::operations","@pid":12772,"@timestamp":"2026-03-31T20:29:20.050227Z"}
{"@file":"src/psp/format_2025/operations.rs","@level":"debug","@line":60,"@message":"✅ Operations unpacked: count=8 operations=[123, 83, 117, 106, 78, 205, 28, 200]","@module":"flavor::psp::format_2025::operations","@pid":12772,"@timestamp":"2026-03-31T20:29:20.050270Z"}
{"@file":"src/psp/format_2025/operations.rs","@level":"debug","@line":37,"@message":"✅ Operations packed: result=14419625843610702715","@module":"flavor::psp::format_2025::operations","@pid":12772,"@timestamp":"2026-03-31T20:29:20.050288Z"}
{"@file":"src/psp/format_2025/operations.rs","@level":"debug","@line":60,"@message":"✅ Operations unpacked: count=8 operations=[123, 83, 117, 106, 78, 205, 28, 200]","@module":"flavor::psp::format_2025::operations","@pid":12772,"@timestamp":"2026-03-31T20:29:20.050305Z"}
{"@file":"src/psp/format_2025/operations.rs","@level":"debug","@line":60,"@message":"✅ Operations unpacked: count=8 operations=[7, 142, 117, 235, 196, 70, 37, 149]","@module":"flavor::psp::format_2025::operations","@pid":12772,"@timestamp":"2026-03-31T20:29:20.050359Z"}
{"@file":"src/psp/format_2025/operations.rs","@level":"debug","@line":37,"@message":"✅ Operations packed: result=10747073897367440903","@module":"flavor::psp::format_2025::operations","@pid":12772,"@timestamp":"2026-03-31T20:29:20.050377Z"}
{"@file":"src/psp/format_2025/operations.rs","@level":"debug","@line":60,"@message":"✅ Operations unpacked: count=8 operations=[7, 142, 117, 235, 196, 70, 37, 149]","@module":"flavor::psp::format_2025::operations","@pid":12772,"@timestamp":"2026-03-31T20:29:20.050394Z"}
{"@file":"src/psp/format_2025/operations.rs","@level":"debug","@line":60,"@message":"✅ Operations unpacked: count=8 operations=[226, 183, 173, 81, 67, 67, 195, 218]","@module":"flavor::psp::format_2025::operations","@pid":12772,"@timestamp":"2026-03-31T20:29:20.050437Z"}
{"@file":"src/psp/format_2025/operations.rs","@level":"debug","@line":37,"@message":"✅ Operations packed: result=15763517077139077090","@module":"flavor::psp::format_2025::operations","@pid":12772,"@timestamp":"2026-03-31T20:29:20.050456Z"}
{"@file":"src/psp/format_2025/operations.rs","@level":"debug","@line":60,"@message":"✅ Operations unpacked: count=8 operations=[226, 183, 173, 81, 67, 67, 195, 218]","@module":"flavor::psp::format_2025::operations","@pid":12772,"@timestamp":"2026-03-31T20:29:20.050472Z"}
{"@file":"src/psp/format_2025/operations.rs","@level":"debug","@line":60,"@message":"✅ Operations unpacked: count=8 operations=[157, 132, 161, 240, 165, 245, 100, 26]","@module":"flavor::psp::format_2025::operations","@pid":12772,"@timestamp":"2026-03-31T20:29:20.050515Z"}
{"@file":"src/psp/format_2025/operations.rs","@level":"debug","@line":37,"@message":"✅ Operations packed: result=1901915035712717981","@module":"flavor::psp::format_2025::operations","@pid":12772,"@timestamp":"2026-03-31T20:29:20.050534Z"}
{"@file":"src/psp/format_2025/operations.rs","@level":"debug","@line":60,"@message":"✅ Operations unpacked: count=8 operations=[157, 132, 161, 240, 165, 245, 100, 26]","@module":"flavor::psp::format_2025::operations","@pid":12772,"@timestamp":"2026-03-31T20:29:20.050551Z"}
{"@file":"src/psp/format_2025/operations.rs","@level":"debug","@line":60,"@message":"✅ Operations unpacked: count=1 operations=[74]","@module":"flavor::psp::format_2025::operations","@pid":12772,"@timestamp":"2026-03-31T20:29:20.050595Z"}
{"@file":"src/psp/format_2025/operations.rs","@level":"debug","@line":37,"@message":"✅ Operations packed: result=74","@module":"flavor::psp::format_2025::operations","@pid":12772,"@timestamp":"2026-03-31T20:29:20.050616Z"}
{"@file":"src/psp/format_2025/operations.rs","@level":"debug","@line":60,"@message":"✅ Operations unpacked: count=1 operations=[74]","@module":"flavor::psp::format_2025::operations","@pid":12772,"@timestamp":"2026-03-31T20:29:20.050634Z"}
{"@file":"src/psp/format_2025/operations.rs","@level":"debug","@line":60,"@message":"✅ Operations unpacked: count=8 operations=[173, 15, 243, 125, 116, 61, 110, 25]","@module":"flavor::psp::format_2025::operations","@pid":12772,"@timestamp":"2026-03-31T20:29:20.050675Z"}
{"@file":"src/psp/format_2025/operations.rs","@level":"debug","@line":37,"@message":"✅ Operations packed: result=1832469668924952493","@module":"flavor::psp::format_2025::operations","@pid":12772,"@timestamp":"2026-03-31T20:29:20.050693Z"}
{"@file":"src/psp/format_2025/operations.rs","@level":"debug","@line":60,"@message":"✅ Operations unpacked: count=8 operations=[173, 15, 243, 125, 116, 61, 110, 25]","@module":"flavor::psp::format_2025::operations","@pid":12772,"@timestamp":"2026-03-31T20:29:20.050710Z"}
{"@file":"src/psp/format_2025/operations.rs","@level":"debug","@line":60,"@message":"✅ Operations unpacked: count=8 operations=[147, 116, 11, 142, 78, 182, 128, 23]","@module":"flavor::psp::format_2025::operations","@pid":12772,"@timestamp":"2026-03-31T20:29:20.050754Z"}
{"@file":"src/psp/format_2025/operations.rs","@level":"debug","@line":37,"@message":"✅ Operations packed: result=1693553908398126227","@module":"flavor::psp::format_2025::operations","@pid":12772,"@timestamp":"2026-03-31T20:29:20.050773Z"}
{"@file":"src/psp/format_2025/operations.rs","@level":"debug","@line":60,"@message":"✅ Operations unpacked: count=8 operations=[147, 116, 11, 142, 78, 182, 128, 23]","@module":"flavor::psp::format_2025::operations","@pid":12772,"@timestamp":"2026-03-31T20:29:20.050790Z"}
{"@file":"src/psp/format_2025/operations.rs","@level":"debug","@line":60,"@message":"✅ Operations unpacked: count=8 operations=[96, 96, 254, 180, 72, 125, 31, 207]","@module":"flavor::psp::format_2025::operations","@pid":12772,"@timestamp":"2026-03-31T20:29:20.050835Z"}
{"@file":"src/psp/format_2025/operations.rs","@level":"debug","@line":37,"@message":"✅ Operations packed: result=14924785441356800096","@module":"flavor::psp::format_2025::operations","@pid":12772,"@timestamp":"2026-03-31T20:29:20.050855Z"}
{"@file":"src/psp/format_2025/operations.rs","@level":"debug","@line":60,"@message":"✅ Operations unpacked: count=8 operations=[96, 96, 254, 180, 72, 125, 31, 207]","@module":"flavor::psp::format_2025::operations","@pid":12772,"@timestamp":"2026-03-31T20:29:20.050876Z"}
{"@file":"src/psp/format_2025/operations.rs","@level":"debug","@line":60,"@message":"✅ Operations unpacked: count=8 operations=[115, 75, 162, 155, 219, 85, 193, 231]","@module":"flavor::psp::format_2025::operations","@pid":12772,"@timestamp":"2026-03-31T20:29:20.050922Z"}
{"@file":"src/psp/format_2025/operations.rs","@level":"debug","@line":37,"@message":"✅ Operations packed: result=16699723294963813235","@module":"flavor::psp::format_2025::operations","@pid":12772,"@timestamp":"2026-03-31T20:29:20.050942Z"}
{"@file":"src/psp/format_2025/operations.rs","@level":"debug","@line":60,"@message":"✅ Operations unpacked: count=8 operations=[115, 75, 162, 155, 219, 85, 193, 231]","@module":"flavor::psp::format_2025::operations","@pid":12772,"@timestamp":"2026-03-31T20:29:20.050958Z"}
{"@file":"src/psp/format_2025/operations.rs","@level":"debug","@line":60,"@message":"✅ Operations unpacked: count=8 operations=[84, 167, 5, 112, 16, 47, 183, 152]","@module":"flavor::psp::format_2025::operations","@pid":12772,"@timestamp":"2026-03-31T20:29:20.051002Z"}
{"@file":"src/psp/format_2025/operations.rs","@level":"debug","@line":37,"@message":"✅ Operations packed: result=11004315962148497236","@module":"flavor::psp::format_2025::operations","@pid":12772,"@timestamp":"2026-03-31T20:29:20.051020Z"}
{"@file":"src/psp/format_2025/operations.rs","@level":"debug","@line":60,"@message":"✅ Operations unpacked: count=8 operations=[84, 167, 5, 112, 16, 47, 183, 152]","@module":"flavor::psp::format_2025::operations","@pid":12772,"@timestamp":"2026-03-31T20:29:20.051037Z"}
{"@file":"src/psp/format_2025/operations.rs","@level":"debug","@line":60,"@message":"✅ Operations unpacked: count=8 operations=[138, 169, 32, 30, 55, 219, 214, 95]","@module":"flavor::psp::format_2025::operations","@pid":12772,"@timestamp":"2026-03-31T20:29:20.051080Z"}
{"@file":"src/psp/format_2025/operations.rs","@level":"debug","@line":37,"@message":"✅ Operations packed: result=6905948108394375562","@module":"flavor::psp::format_2025::operations","@pid":12772,"@timestamp":"2026-03-31T20:29:20.051098Z"}
{"@file":"src/psp/format_2025/operations.rs","@level":"debug","@line":60,"@message":"✅ Operations unpacked: count=8 operations=[138, 169, 32, 30, 55, 219, 214, 95]","@module":"flavor::psp::format_2025::operations","@pid":12772,"@timestamp":"2026-03-31T20:29:20.051114Z"}
{"@file":"src/psp/format_2025/operations.rs","@level":"debug","@line":60,"@message":"✅ Operations unpacked: count=8 operations=[157, 171, 161, 255, 51, 132, 86, 214]","@module":"flavor::psp::format_2025::operations","@pid":12772,"@timestamp":"2026-03-31T20:29:20.051157Z"}
{"@file":"src/psp/format_2025/operations.rs","@level":"debug","@line":37,"@message":"✅ Operations packed: result=15444677330980678557","@module":"flavor::psp::format_2025::operations","@pid":12772,"@timestamp":"2026-03-31T20:29:20.051174Z"}
{"@file":"src/psp/format_2025/operations.rs","@level":"debug","@line":60,"@message":"✅ Operations unpacked: count=8 operations=[157, 171, 161, 255, 51, 132, 86, 214]","@module":"flavor::psp::format_2025::operations","@pid":12772,"@timestamp":"2026-03-31T20:29:20.051191Z"}
{"@file":"src/psp/format_2025/operations.rs","@level":"debug","@line":60,"@message":"✅ Operations unpacked: count=8 operations=[22, 179, 123, 215, 232, 84, 167, 37]","@module":"flavor::psp::format_2025::operations","@pid":12772,"@timestamp":"2026-03-31T20:29:20.051233Z"}
{"@file":"src/psp/format_2025/operations.rs","@level":"debug","@line":37,"@message":"✅ Operations packed: result=2713230659538367254","@module":"flavor::psp::format_2025::operations","@pid":12772,"@timestamp":"2026-03-31T20:29:20.051252Z"}
{"@file":"src/psp/format_2025/operations.rs","@level":"debug","@line":60,"@message":"✅ Operations unpacked: count=8 operations=[22, 179, 123, 215, 232, 84, 167, 37]","@module":"flavor::psp::format_2025::operations","@pid":12772,"@timestamp":"2026-03-31T20:29:20.051268Z"}
{"@file":"src/psp/format_2025/operations.rs","@level":"debug","@line":60,"@message":"✅ Operations unpacked: count=8 operations=[185, 132, 97, 158, 6, 85, 19, 193]","@module":"flavor::psp::format_2025::operations","@pid":12772,"@timestamp":"2026-03-31T20:29:20.051312Z"}
{"@file":"src/psp/format_2025/operations.rs","@level":"debug","@line":37,"@message":"✅ Operations packed: result=13912557160792949945","@module":"flavor::psp::format_2025::operations","@pid":12772,"@timestamp":"2026-03-31T20:29:20.051330Z"}
{"@file":"src/psp/format_2025/operations.rs","@level":"debug","@line":60,"@message":"✅ Operations unpacked: count=8 operations=[185, 132, 97, 158, 6, 85, 19, 193]","@module":"flavor::psp::format_2025::operations","@pid":12772,"@timestamp":"2026-03-31T20:29:20.051346Z"}
{"@file":"src/psp/format_2025/operations.rs","@level":"debug","@line":60,"@message":"✅ Operations unpacked: count=8 operations=[204, 116, 211, 5, 208, 136, 33, 173]","@module":"flavor::psp::format_2025::operations","@pid":12772,"@timestamp":"2026-03-31T20:29:20.051388Z"}
{"@file":"src/psp/format_2025/operations.rs","@level":"debug","@line":37,"@message":"✅ Operations packed: result=12475402869825303756","@module":"flavor::psp::format_2025::operations","@pid":12772,"@timestamp":"2026-03-31T20:29:20.051405Z"}
{"@file":"src/psp/format_2025/operations.rs","@level":"debug","@line":60,"@message":"✅ Operations unpacked: count=8 operations=[204, 116, 211, 5, 208, 136, 33, 173]","@module":"flavor::psp::format_2025::operations","@pid":12772,"@timestamp":"2026-03-31T20:29:20.051422Z"}
{"@file":"src/psp/format_2025/operations.rs","@level":"debug","@line":60,"@message":"✅ Operations unpacked: count=8 operations=[122, 186, 232, 14, 204, 46, 27, 172]","@module":"flavor::psp::format_2025::operations","@pid":12772,"@timestamp":"2026-03-31T20:29:20.051464Z"}
{"@file":"src/psp/format_2025/operations.rs","@level":"debug","@line":37,"@message":"✅ Operations packed: result=12401557452853131898","@module":"flavor::psp::format_2025::operations","@pid":12772,"@timestamp":"2026-03-31T20:29:20.051482Z"}
{"@file":"src/psp/format_2025/operations.rs","@level":"debug","@line":60,"@message":"✅ Operations unpacked: count=8 operations=[122, 186, 232, 14, 204, 46, 27, 172]","@module":"flavor::psp::format_2025::operations","@pid":12772,"@timestamp":"2026-03-31T20:29:20.051498Z"}
{"@file":"src/psp/format_2025/operations.rs","@level":"debug","@line":60,"@message":"✅ Operations unpacked: count=8 operations=[76, 176, 62, 244, 57, 216, 35, 53]","@module":"flavor::psp::format_2025::operations","@pid":12772,"@timestamp":"2026-03-31T20:29:20.051541Z"}
{"@file":"src/psp/format_2025/operations.rs","@level":"debug","@line":37,"@message":"✅ Operations packed: result=3829141851617538124","@module":"flavor::psp::format_2025::operations","@pid":12772,"@timestamp":"2026-03-31T20:29:20.051559Z"}
{"@file":"src/psp/format_2025/operations.rs","@level":"debug","@line":60,"@message":"✅ Operations unpacked: count=8 operations=[76, 176, 62, 244, 57, 216, 35, 53]","@module":"flavor::psp::format_2025::operations","@pid":12772,"@timestamp":"2026-03-31T20:29:20.051575Z"}
{"@file":"src/psp/format_2025/operations.rs","@level":"debug","@line":60,"@message":"✅ Operations unpacked: count=8 operations=[234, 236, 105, 244, 176, 248, 112, 121]","@module":"flavor::psp::format_2025::operations","@pid":12772,"@timestamp":"2026-03-31T20:29:20.051618Z"}
{"@file":"src/psp/format_2025/operations.rs","@level":"debug","@line":37,"@message":"✅ Operations packed: result=8750767514879388906","@module":"flavor::psp::format_2025::operations","@pid":12772,"@timestamp":"2026-03-31T20:29:20.051635Z"}
{"@file":"src/psp/format_2025/operations.rs","@level":"debug","@line":60,"@message":"✅ Operations unpacked: count=8 operations=[234, 236, 105, 244, 176, 248, 112, 121]","@module":"flavor::psp::format_2025::operations","@pid":12772,"@timestamp":"2026-03-31T20:29:20.051650Z"}
{"@file":"src/psp/format_2025/operations.rs","@level":"debug","@line":60,"@message":"✅ Operations unpacked: count=8 operations=[53, 8, 62, 211, 130, 98, 195, 201]","@module":"flavor::psp::format_2025::operations","@pid":12772,"@timestamp":"2026-03-31T20:29:20.051691Z"}
{"@file":"src/psp/format_2025/operations.rs","@level":"debug","@line":37,"@message":"✅ Operations packed: result=14538572336111421493","@module":"flavor::psp::format_2025::operations","@pid":12772,"@timestamp":"2026-03-31T20:29:20.051709Z"}
{"@file":"src/psp/format_2025/operations.rs","@level":"debug","@line":60,"@message":"✅ Operations unpacked: count=8 operations=[53, 8, 62, 211, 130, 98, 195, 201]","@module":"flavor::psp::format_2025::operations","@pid":12772,"@timestamp":"2026-03-31T20:29:20.051724Z"}
{"@file":"src/psp/format_2025/operations.rs","@level":"debug","@line":60,"@message":"✅ Operations unpacked: count=8 operations=[29, 72, 118, 78, 2, 156, 73, 138]","@module":"flavor::psp::format_2025::operations","@pid":12772,"@timestamp":"2026-03-31T20:29:20.051766Z"}
{"@file":"src/psp/format_2025/operations.rs","@level":"debug","@line":37,"@message":"✅ Operations packed: result=9964667184254175261","@module":"flavor::psp::format_2025::operations","@pid":12772,"@timestamp":"2026-03-31T20:29:20.051784Z"}
{"@file":"src/psp/format_2025/operations.rs","@level":"debug","@line":60,"@message":"✅ Operations unpacked: count=8 operations=[29, 72, 118, 78, 2, 156, 73, 138]","@module":"flavor::psp::format_2025::operations","@pid":12772,"@timestamp":"2026-03-31T20:29:20.051800Z"}
{"@file":"src/psp/format_2025/operations.rs","@level":"debug","@line":60,"@message":"✅ Operations unpacked: count=8 operations=[252, 197, 106, 182, 26, 240, 51, 133]","@module":"flavor::psp::format_2025::operations","@pid":12772,"@timestamp":"2026-03-31T20:29:20.051842Z"}
{"@file":"src/psp/format_2025/operations.rs","@level":"debug","@line":37,"@message":"✅ Operations packed: result=9598279228376925692","@module":"flavor::psp::format_2025::operations","@pid":12772,"@timestamp":"2026-03-31T20:29:20.051860Z"}
{"@file":"src/psp/format_2025/operations.rs","@level":"debug","@line":60,"@message":"✅ Operations unpacked: count=8 operations=[252, 197, 106, 182, 26, 240, 51, 133]","@module":"flavor::psp::format_2025::operations","@pid":12772,"@timestamp":"2026-03-31T20:29:20.051877Z"}
{"@file":"src/psp/format_2025/operations.rs","@level":"debug","@line":60,"@message":"✅ Operations unpacked: count=8 operations=[207, 96, 150, 13, 50, 178, 172, 109]","@module":"flavor::psp::format_2025::operations","@pid":12772,"@timestamp":"2026-03-31T20:29:20.051919Z"}
{"@file":"src/psp/format_2025/operations.rs","@level":"debug","@line":37,"@message":"✅ Operations packed: result=7902887374174445775","@module":"flavor::psp::format_2025::operations","@pid":12772,"@timestamp":"2026-03-31T20:29:20.051937Z"}
{"@file":"src/psp/format_2025/operations.rs","@level":"debug","@line":60,"@message":"✅ Operations unpacked: count=8 operations=[207, 96, 150, 13, 50, 178, 172, 109]","@module":"flavor::psp::format_2025::operations","@pid":12772,"@timestamp":"2026-03-31T20:29:20.051953Z"}
{"@file":"src/psp/format_2025/operations.rs","@level":"debug","@line":60,"@message":"✅ Operations unpacked: count=8 operations=[86, 192, 173, 44, 10, 164, 110, 164]","@module":"flavor::psp::format_2025::operations","@pid":12772,"@timestamp":"2026-03-31T20:29:20.051997Z"}
{"@file":"src/psp/format_2025/operations.rs","@level":"debug","@line":37,"@message":"✅ Operations packed: result=11848588033264566358","@module":"flavor::psp::format_2025::operations","@pid":12772,"@timestamp":"2026-03-31T20:29:20.052015Z"}
{"@file":"src/psp/format_2025/operations.rs","@level":"debug","@line":60,"@message":"✅ Operations unpacked: count=8 operations=[86, 192, 173, 44, 10, 164, 110, 164]","@module":"flavor::psp::format_2025::operations","@pid":12772,"@timestamp":"2026-03-31T20:29:20.052032Z"}
{"@file":"src/psp/format_2025/operations.rs","@level":"debug","@line":60,"@message":"✅ Operations unpacked: count=8 operations=[194, 168, 21, 143, 255, 111, 247, 143]","@module":"flavor::psp::format_2025::operations","@pid":12772,"@timestamp":"2026-03-31T20:29:20.052074Z"}
{"@file":"src/psp/format_2025/operations.rs","@level":"debug","@line":37,"@message":"✅ Operations packed: result=10373883410079131842","@module":"flavor::psp::format_2025::operations","@pid":12772,"@timestamp":"2026-03-31T20:29:20.052092Z"}
{"@file":"src/psp/format_2025/operations.rs","@level":"debug","@line":60,"@message":"✅ Operations unpacked: count=8 operations=[194, 168, 21, 143, 255, 111, 247, 143]","@module":"flavor::psp::format_2025::operations","@pid":12772,"@timestamp":"2026-03-31T20:29:20.052108Z"}
{"@file":"src/psp/format_2025/operations.rs","@level":"debug","@line":60,"@message":"✅ Operations unpacked: count=8 operations=[145, 112, 41, 221, 110, 150, 17, 97]","@module":"flavor::psp::format_2025::operations","@pid":12772,"@timestamp":"2026-03-31T20:29:20.052150Z"}
{"@file":"src/psp/format_2025/operations.rs","@level":"debug","@line":37,"@message":"✅ Operations packed: result=6994537099184140433","@module":"flavor::psp::format_2025::operations","@pid":12772,"@timestamp":"2026-03-31T20:29:20.052168Z"}
{"@file":"src/psp/format_2025/operations.rs","@level":"debug","@line":60,"@message":"✅ Operations unpacked: count=8 operations=[145, 112, 41, 221, 110, 150, 17, 97]","@module":"flavor::psp::format_2025::operations","@pid":12772,"@timestamp":"2026-03-31T20:29:20.052184Z"}
{"@file":"src/psp/format_2025/operations.rs","@level":"debug","@line":60,"@message":"✅ Operations unpacked: count=8 operations=[81, 70, 108, 84, 219, 232, 103, 204]","@module":"flavor::psp::format_2025::operations","@pid":12772,"@timestamp":"2026-03-31T20:29:20.052228Z"}
{"@file":"src/psp/format_2025/operations.rs","@level":"debug","@line":37,"@message":"✅ Operations packed: result=14728997135050360401","@module":"flavor::psp::format_2025::operations","@pid":12772,"@timestamp":"2026-03-31T20:29:20.052246Z"}
{"@file":"src/psp/format_2025/operations.rs","@level":"debug","@line":60,"@message":"✅ Operations unpacked: count=8 operations=[81, 70, 108, 84, 219, 232, 103, 204]","@module":"flavor::psp::format_2025::operations","@pid":12772,"@timestamp":"2026-03-31T20:29:20.052261Z"}
{"@file":"src/psp/format_2025/operations.rs","@level":"debug","@line":60,"@message":"✅ Operations unpacked: count=8 operations=[226, 195, 229, 2, 117, 254, 163, 172]","@module":"flavor::psp::format_2025::operations","@pid":12772,"@timestamp":"2026-03-31T20:29:20.052304Z"}
{"@file":"src/psp/format_2025/operations.rs","@level":"debug","@line":37,"@message":"✅ Operations packed: result=12440066374240682978","@module":"flavor::psp::format_2025::operations","@pid":12772,"@timestamp":"2026-03-31T20:29:20.052322Z"}
{"@file":"src/psp/format_2025/operations.rs","@level":"debug","@line":60,"@message":"✅ Operations unpacked: count=8 operations=[226, 195, 229, 2, 117, 254, 163, 172]","@module":"flavor::psp::format_2025::operations","@pid":12772,"@timestamp":"2026-03-31T20:29:20.052338Z"}
{"@file":"src/psp/format_2025/operations.rs","@level":"debug","@line":60,"@message":"✅ Operations unpacked: count=8 operations=[177, 5, 136, 211, 124, 162, 254, 219]","@module":"flavor::psp::format_2025::operations","@pid":12772,"@timestamp":"2026-03-31T20:29:20.052381Z"}
{"@file":"src/psp/format_2025/operations.rs","@level":"debug","@line":37,"@message":"✅ Operations packed: result=15852286395399275953","@module":"flavor::psp::format_2025::operations","@pid":12772,"@timestamp":"2026-03-31T20:29:20.052451Z"}
{"@file":"src/psp/format_2025/operations.rs","@level":"debug","@line":60,"@message":"✅ Operations unpacked: count=8 operations=[177, 5, 136, 211, 124, 162, 254, 219]","@module":"flavor::psp::format_2025::operations","@pid":12772,"@timestamp":"2026-03-31T20:29:20.052474Z"}
{"@file":"src/psp/format_2025/operations.rs","@level":"debug","@line":60,"@message":"✅ Operations unpacked: count=8 operations=[221, 137, 186, 91, 231, 245, 6, 51]","@module":"flavor::psp::format_2025::operations","@pid":12772,"@timestamp":"2026-03-31T20:29:20.052523Z"}
{"@file":"src/psp/format_2025/operations.rs","@level":"debug","@line":37,"@message":"✅ Operations packed: result=3676896519819790813","@module":"flavor::psp::format_2025::operations","@pid":12772,"@timestamp":"2026-03-31T20:29:20.052543Z"}
{"@file":"src/psp/format_2025/operations.rs","@level":"debug","@line":60,"@message":"✅ Operations unpacked: count=8 operations=[221, 137, 186, 91, 231, 245, 6, 51]","@module":"flavor::psp::format_2025::operations","@pid":12772,"@timestamp":"2026-03-31T20:29:20.052560Z"}
{"@file":"src/psp/format_2025/operations.rs","@level":"debug","@line":60,"@message":"✅ Operations unpacked: count=8 operations=[48, 151, 194, 73, 187, 222, 77, 214]","@module":"flavor::psp::format_2025::operations","@pid":12772,"@timestamp":"2026-03-31T20:29:20.052605Z"}
{"@file":"src/psp/format_2025/operations.rs","@level":"debug","@line":37,"@message":"✅ Operations packed: result=15442243593301038896","@module":"flavor::psp::format_2025::operations","@pid":12772,"@timestamp":"2026-03-31T20:29:20.052623Z"}
{"@file":"src/psp/format_2025/operations.rs","@level":"debug","@line":60,"@message":"✅ Operations unpacked: count=8 operations=[48, 151, 194, 73, 187, 222, 77, 214]","@module":"flavor::psp::format_2025::operations","@pid":12772,"@timestamp":"2026-03-31T20:29:20.052640Z"}
{"@file":"src/psp/format_2025/operations.rs","@level":"debug","@line":60,"@message":"✅ Operations unpacked: count=8 operations=[24, 48, 201, 2, 12, 247, 18, 227]","@module":"flavor::psp::format_2025::operations","@pid":12772,"@timestamp":"2026-03-31T20:29:20.052683Z"}
{"@file":"src/psp/format_2025/operations.rs","@level":"debug","@line":37,"@message":"✅ Operations packed: result=16362412027148840984","@module":"flavor::psp::format_2025::operations","@pid":12772,"@timestamp":"2026-03-31T20:29:20.052702Z"}
{"@file":"src/psp/format_2025/operations.rs","@level":"debug","@line":60,"@message":"✅ Operations unpacked: count=8 operations=[24, 48, 201, 2, 12, 247, 18, 227]","@module":"flavor::psp::format_2025::operations","@pid":12772,"@timestamp":"2026-03-31T20:29:20.052718Z"}
{"@file":"src/psp/format_2025/operations.rs","@level":"debug","@line":60,"@message":"✅ Operations unpacked: count=8 operations=[188, 246, 86, 48, 64, 134, 221, 147]","@module":"flavor::psp::format_2025::operations","@pid":12772,"@timestamp":"2026-03-31T20:29:20.052767Z"}
{"@file":"src/psp/format_2025/operations.rs","@level":"debug","@line":37,"@message":"✅ Operations packed: result=10654819903675496124","@module":"flavor::psp::format_2025::operations","@pid":12772,"@timestamp":"2026-03-31T20:29:20.052786Z"}
{"@file":"src/psp/format_2025/operations.rs","@level":"debug","@line":60,"@message":"✅ Operations unpacked: count=8 operations=[188, 246, 86, 48, 64, 134, 221, 147]","@module":"flavor::psp::format_2025::operations","@pid":12772,"@timestamp":"2026-03-31T20:29:20.052801Z"}
{"@file":"src/psp/format_2025/operations.rs","@level":"debug","@line":60,"@message":"✅ Operations unpacked: count=8 operations=[85, 38, 72, 236, 222, 161, 75, 147]","@module":"flavor::psp::format_2025::operations","@pid":12772,"@timestamp":"2026-03-31T20:29:20.052845Z"}
{"@file":"src/psp/format_2025/operations.rs","@level":"debug","@line":37,"@message":"✅ Operations packed: result=10613754925647668821","@module":"flavor::psp::format_2025::operations","@pid":12772,"@timestamp":"2026-03-31T20:29:20.052862Z"}
{"@file":"src/psp/format_2025/operations.rs","@level":"debug","@line":60,"@message":"✅ Operations unpacked: count=8 operations=[85, 38, 72, 236, 222, 161, 75, 147]","@module":"flavor::psp::format_2025::operations","@pid":12772,"@timestamp":"2026-03-31T20:29:20.052879Z"}
{"@file":"src/psp/format_2025/operations.rs","@level":"debug","@line":60,"@message":"✅ Operations unpacked: count=8 operations=[252, 214, 239, 25, 164, 165, 39, 157]","@module":"flavor::psp::format_2025::operations","@pid":12772,"@timestamp":"2026-03-31T20:29:20.052922Z"}
{"@file":"src/psp/format_2025/operations.rs","@level":"debug","@line":37,"@message":"✅ Operations packed: result=11324201912274769660","@module":"flavor::psp::format_2025::operations","@pid":12772,"@timestamp":"2026-03-31T20:29:20.052940Z"}
{"@file":"src/psp/format_2025/operations.rs","@level":"debug","@line":60,"@message":"✅ Operations unpacked: count=8 operations=[252, 214, 239, 25, 164, 165, 39, 157]","@module":"flavor::psp::format_2025::operations","@pid":12772,"@timestamp":"2026-03-31T20:29:20.052956Z"}
{"@file":"src/psp/format_2025/operations.rs","@level":"debug","@line":60,"@message":"✅ Operations unpacked: count=8 operations=[214, 84, 76, 118, 131, 147, 135, 137]","@module":"flavor::psp::format_2025::operations","@pid":12772,"@timestamp":"2026-03-31T20:29:20.052999Z"}
{"@file":"src/psp/format_2025/operations.rs","@level":"debug","@line":37,"@message":"✅ Operations packed: result=9910051697886778582","@module":"flavor::psp::format_2025::operations","@pid":12772,"@timestamp":"2026-03-31T20:29:20.053017Z"}
{"@file":"src/psp/format_2025/operations.rs","@level":"debug","@line":60,"@message":"✅ Operations unpacked: count=8 operations=[214, 84, 76, 118, 131, 147, 135, 137]","@module":"flavor::psp::format_2025::operations","@pid":12772,"@timestamp":"2026-03-31T20:29:20.053033Z"}
{"@file":"src/psp/format_2025/operations.rs","@level":"debug","@line":60,"@message":"✅ Operations unpacked: count=8 operations=[56, 10, 185, 158, 151, 245, 254, 172]","@module":"flavor::psp::format_2025::operations","@pid":12772,"@timestamp":"2026-03-31T20:29:20.053076Z"}
{"@file":"src/psp/format_2025/operations.rs","@level":"debug","@line":37,"@message":"✅ Operations packed: result=12465670850159905336","@module":"flavor::psp::format_2025::operations","@pid":12772,"@timestamp":"2026-03-31T20:29:20.053094Z"}
{"@file":"src/psp/format_2025/operations.rs","@level":"debug","@line":60,"@message":"✅ Operations unpacked: count=8 operations=[56, 10, 185, 158, 151, 245, 254, 172]","@module":"flavor::psp::format_2025::operations","@pid":12772,"@timestamp":"2026-03-31T20:29:20.053112Z"}
{"@file":"src/psp/format_2025/operations.rs","@level":"debug","@line":60,"@message":"✅ Operations unpacked: count=8 operations=[162, 121, 36, 190, 182, 72, 21, 223]","@module":"flavor::psp::format_2025::operations","@pid":12772,"@timestamp":"2026-03-31T20:29:20.053155Z"}
{"@file":"src/psp/format_2025/operations.rs","@level":"debug","@line":37,"@message":"✅ Operations packed: result=16074834394680162722","@module":"flavor::psp::format_2025::operations","@pid":12772,"@timestamp":"2026-03-31T20:29:20.053174Z"}
{"@file":"src/psp/format_2025/operations.rs","@level":"debug","@line":60,"@message":"✅ Operations unpacked: count=8 operations=[162, 121, 36, 190, 182, 72, 21, 223]","@module":"flavor::psp::format_2025::operations","@pid":12772,"@timestamp":"2026-03-31T20:29:20.053190Z"}
{"@file":"src/psp/format_2025/operations.rs","@level":"debug","@line":60,"@message":"✅ Operations unpacked: count=8 operations=[67, 69, 225, 68, 149, 163, 46, 35]","@module":"flavor::psp::format_2025::operations","@pid":12772,"@timestamp":"2026-03-31T20:29:20.053233Z"}
{"@file":"src/psp/format_2025/operations.rs","@level":"debug","@line":37,"@message":"✅ Operations packed: result=2535143501757236547","@module":"flavor::psp::format_2025::operations","@pid":12772,"@timestamp":"2026-03-31T20:29:20.053251Z"}
{"@file":"src/psp/format_2025/operations.rs","@level":"debug","@line":60,"@message":"✅ Operations unpacked: count=8 operations=[67, 69, 225, 68, 149, 163, 46, 35]","@module":"flavor::psp::format_2025::operations","@pid":12772,"@timestamp":"2026-03-31T20:29:20.053270Z"}
{"@file":"src/psp/format_2025/operations.rs","@level":"debug","@line":60,"@message":"✅ Operations unpacked: count=8 operations=[170, 155, 90, 206, 210, 79, 239, 27]","@module":"flavor::psp::format_2025::operations","@pid":12772,"@timestamp":"2026-03-31T20:29:20.053315Z"}
{"@file":"src/psp/format_2025/operations.rs","@level":"debug","@line":37,"@message":"✅ Operations packed: result=2012915325281672106","@module":"flavor::psp::format_2025::operations","@pid":12772,"@timestamp":"2026-03-31T20:29:20.053333Z"}
{"@file":"src/psp/format_2025/operations.rs","@level":"debug","@line":60,"@message":"✅ Operations unpacked: count=8 operations=[170, 155, 90, 206, 210, 79, 239, 27]","@module":"flavor::psp::format_2025::operations","@pid":12772,"@timestamp":"2026-03-31T20:29:20.053350Z"}
{"@file":"src/psp/format_2025/operations.rs","@level":"debug","@line":60,"@message":"✅ Operations unpacked: count=8 operations=[194, 19, 13, 249, 92, 105, 57, 76]","@module":"flavor::psp::format_2025::operations","@pid":12772,"@timestamp":"2026-03-31T20:29:20.053426Z"}
{"@file":"src/psp/format_2025/operations.rs","@level":"debug","@line":37,"@message":"✅ Operations packed: result=5492537068591322050","@module":"flavor::psp::format_2025::operations","@pid":12772,"@timestamp":"2026-03-31T20:29:20.053457Z"}
{"@file":"src/psp/format_2025/operations.rs","@level":"debug","@line":60,"@message":"✅ Operations unpacked: count=8 operations=[194, 19, 13, 249, 92, 105, 57, 76]","@module":"flavor::psp::format_2025::operations","@pid":12772,"@timestamp":"2026-03-31T20:29:20.053480Z"}
{"@file":"src/psp/format_2025/operations.rs","@level":"debug","@line":60,"@message":"✅ Operations unpacked: count=8 operations=[2, 149, 51, 191, 234, 142, 227, 147]","@module":"flavor::psp::format_2025::operations","@pid":12772,"@timestamp":"2026-03-31T20:29:20.053559Z"}
{"@file":"src/psp/format_2025/operations.rs","@level":"debug","@line":37,"@message":"✅ Operations packed: result=10656518282170045698","@module":"flavor::psp::format_2025::operations","@pid":12772,"@timestamp":"2026-03-31T20:29:20.053589Z"}
{"@file":"src/psp/format_2025/operations.rs","@level":"debug","@line":60,"@message":"✅ Operations unpacked: count=8 operations=[2, 149, 51, 191, 234, 142, 227, 147]","@module":"flavor::psp::format_2025::operations","@pid":12772,"@timestamp":"2026-03-31T20:29:20.053607Z"}
{"@file":"src/psp/format_2025/operations.rs","@level":"debug","@line":60,"@message":"✅ Operations unpacked: count=8 operations=[160, 240, 109, 102, 116, 43, 71, 206]","@module":"flavor::psp::format_2025::operations","@pid":12772,"@timestamp":"2026-03-31T20:29:20.053653Z"}
{"@file":"src/psp/format_2025/operations.rs","@level":"debug","@line":37,"@message":"✅ Operations packed: result=14863896874094293152","@module":"flavor::psp::format_2025::operations","@pid":12772,"@timestamp":"2026-03-31T20:29:20.053675Z"}
{"@file":"src/psp/format_2025/operations.rs","@level":"debug","@line":60,"@message":"✅ Operations unpacked: count=8 operations=[160, 240, 109, 102, 116, 43, 71, 206]","@module":"flavor::psp::format_2025::operations","@pid":12772,"@timestamp":"2026-03-31T20:29:20.053704Z"}
{"@file":"src/psp/format_2025/operations.rs","@level":"debug","@line":60,"@message":"✅ Operations unpacked: count=8 operations=[158, 42, 28, 247, 187, 128, 121, 42]","@module":"flavor::psp::format_2025::operations","@pid":12772,"@timestamp":"2026-03-31T20:29:20.054333Z"}
{"@file":"src/psp/format_2025/operations.rs","@level":"debug","@line":37,"@message":"✅ Operations packed: result=3060618966568020638","@module":"flavor::psp::format_2025::operations","@pid":12772,"@timestamp":"2026-03-31T20:29:20.054427Z"}
{"@file":"src/psp/format_2025/operations.rs","@level":"debug","@line":60,"@message":"✅ Operations unpacked: count=8 operations=[158, 42, 28, 247, 187, 128, 121, 42]","@module":"flavor::psp::format_2025::operations","@pid":12772,"@timestamp":"2026-03-31T20:29:20.054450Z"}
{"@file":"src/psp/format_2025/operations.rs","@level":"debug","@line":60,"@message":"✅ Operations unpacked: count=8 operations=[21, 212, 97, 137, 233, 255, 59, 134]","@module":"flavor::psp::format_2025::operations","@pid":12772,"@timestamp":"2026-03-31T20:29:20.054499Z"}
{"@file":"src/psp/format_2025/operations.rs","@level":"debug","@line":37,"@message":"✅ Operations packed: result=9672606003205624853","@module":"flavor::psp::format_2025::operations","@pid":12772,"@timestamp":"2026-03-31T20:29:20.054518Z"}
{"@file":"src/psp/format_2025/operations.rs","@level":"debug","@line":60,"@message":"✅ Operations unpacked: count=8 operations=[21, 212, 97, 137, 233, 255, 59, 134]","@module":"flavor::psp::format_2025::operations","@pid":12772,"@timestamp":"2026-03-31T20:29:20.054534Z"}
{"@file":"src/psp/format_2025/operations.rs","@level":"debug","@line":60,"@message":"✅ Operations unpacked: count=0 operations=[]","@module":"flavor::psp::format_2025::operations","@pid":12772,"@timestamp":"2026-03-31T20:29:20.054578Z"}
{"@file":"src/psp/format_2025/operations.rs","@level":"debug","@line":37,"@message":"✅ Operations packed: result=0","@module":"flavor::psp::format_2025::operations","@pid":12772,"@timestamp":"2026-03-31T20:29:20.054595Z"}
{"@file":"src/psp/format_2025/operations.rs","@level":"debug","@line":60,"@message":"✅ Operations unpacked: count=0 operations=[]","@module":"flavor::psp::format_2025::operations","@pid":12772,"@timestamp":"2026-03-31T20:29:20.054612Z"}
{"@file":"src/psp/format_2025/operations.rs","@level":"debug","@line":60,"@message":"✅ Operations unpacked: count=8 operations=[170, 165, 7, 134, 69, 209, 240, 95]","@module":"flavor::psp::format_2025::operations","@pid":12772,"@timestamp":"2026-03-31T20:29:20.054654Z"}
{"@file":"src/psp/format_2025/operations.rs","@level":"debug","@line":37,"@message":"✅ Operations packed: result=6913255524545308074","@module":"flavor::psp::format_2025::operations","@pid":12772,"@timestamp":"2026-03-31T20:29:20.054673Z"}
{"@file":"src/psp/format_2025/operations.rs","@level":"debug","@line":60,"@message":"✅ Operations unpacked: count=8 operations=[170, 165, 7, 134, 69, 209, 240, 95]","@module":"flavor::psp::format_2025::operations","@pid":12772,"@timestamp":"2026-03-31T20:29:20.054689Z"}
{"@file":"src/psp/format_2025/operations.rs","@level":"debug","@line":60,"@message":"✅ Operations unpacked: count=8 operations=[144, 210, 58, 69, 114, 188, 73, 193]","@module":"flavor::psp::format_2025::operations","@pid":12772,"@timestamp":"2026-03-31T20:29:20.054734Z"}
{"@file":"src/psp/format_2025/operations.rs","@level":"debug","@line":37,"@message":"✅ Operations packed: result=13927870521593746064","@module":"flavor::psp::format_2025::operations","@pid":12772,"@timestamp":"2026-03-31T20:29:20.054752Z"}
{"@file":"src/psp/format_2025/operations.rs","@level":"debug","@line":60,"@message":"✅ Operations unpacked: count=8 operations=[144, 210, 58, 69, 114, 188, 73, 193]","@module":"flavor::psp::format_2025::operations","@pid":12772,"@timestamp":"2026-03-31T20:29:20.054769Z"}
{"@file":"src/psp/format_2025/operations.rs","@level":"debug","@line":60,"@message":"✅ Operations unpacked: count=8 operations=[126, 247, 158, 123, 105, 15, 146, 213]","@module":"flavor::psp::format_2025::operations","@pid":12772,"@timestamp":"2026-03-31T20:29:20.054812Z"}
{"@file":"src/psp/format_2025/operations.rs","@level":"debug","@line":37,"@message":"✅ Operations packed: result=15389379822398404478","@module":"flavor::psp::format_2025::operations","@pid":12772,"@timestamp":"2026-03-31T20:29:20.054832Z"}
{"@file":"src/psp/format_2025/operations.rs","@level":"debug","@line":60,"@message":"✅ Operations unpacked: count=8 operations=[126, 247, 158, 123, 105, 15, 146, 213]","@module":"flavor::psp::format_2025::operations","@pid":12772,"@timestamp":"2026-03-31T20:29:20.054848Z"}
{"@file":"src/psp/format_2025/operations.rs","@level":"debug","@line":60,"@message":"✅ Operations unpacked: count=8 operations=[78, 84, 112, 179, 155, 90, 220, 185]","@module":"flavor::psp::format_2025::operations","@pid":12772,"@timestamp":"2026-03-31T20:29:20.054890Z"}
{"@file":"src/psp/format_2025/operations.rs","@level":"debug","@line":37,"@message":"✅ Operations packed: result=13392679016669926478","@module":"flavor::psp::format_2025::operations","@pid":12772,"@timestamp":"2026-03-31T20:29:20.054908Z"}
{"@file":"src/psp/format_2025/operations.rs","@level":"debug","@line":60,"@message":"✅ Operations unpacked: count=8 operations=[78, 84, 112, 179, 155, 90, 220, 185]","@module":"flavor::psp::format_2025::operations","@pid":12772,"@timestamp":"2026-03-31T20:29:20.054924Z"}
{"@file":"src/psp/format_2025/operations.rs","@level":"debug","@line":60,"@message":"✅ Operations unpacked: count=8 operations=[194, 84, 31, 57, 179, 72, 159, 240]","@module":"flavor::psp::format_2025::operations","@pid":12772,"@timestamp":"2026-03-31T20:29:20.054968Z"}
{"@file":"src/psp/format_2025/operations.rs","@level":"debug","@line":37,"@message":"✅ Operations packed: result=17338657024994399426","@module":"flavor::psp::format_2025::operations","@pid":12772,"@timestamp":"2026-03-31T20:29:20.054987Z"}
{"@file":"src/psp/format_2025/operations.rs","@level":"debug","@line":60,"@message":"✅ Operations unpacked: count=8 operations=[194, 84, 31, 57, 179, 72, 159, 240]","@module":"flavor::psp::format_2025::operations","@pid":12772,"@timestamp":"2026-03-31T20:29:20.055004Z"}
{"@file":"src/psp/format_2025/operations.rs","@level":"debug","@line":60,"@message":"✅ Operations unpacked: count=8 operations=[196, 11, 56, 92, 129, 187, 181, 37]","@module":"flavor::psp::format_2025::operations","@pid":12772,"@timestamp":"2026-03-31T20:29:20.055190Z"}
{"@file":"src/psp/format_2025/operations.rs","@level":"debug","@line":37,"@message":"✅ Operations packed: result=2717284114460314564","@module":"flavor::psp::format_2025::operations","@pid":12772,"@timestamp":"2026-03-31T20:29:20.055240Z"}
{"@file":"src/psp/format_2025/operations.rs","@level":"debug","@line":60,"@message":"✅ Operations unpacked: count=8 operations=[196, 11, 56, 92, 129, 187, 181, 37]","@module":"flavor::psp::format_2025::operations","@pid":12772,"@timestamp":"2026-03-31T20:29:20.055260Z"}
{"@file":"src/psp/format_2025/operations.rs","@level":"debug","@line":60,"@message":"✅ Operations unpacked: count=8 operations=[255, 127, 145, 101, 110, 139, 232, 10]","@module":"flavor::psp::format_2025::operations","@pid":12772,"@timestamp":"2026-03-31T20:29:20.055304Z"}
{"@file":"src/psp/format_2025/operations.rs","@level":"debug","@line":37,"@message":"✅ Operations packed: result=786031441242849279","@module":"flavor::psp::format_2025::operations","@pid":12772,"@timestamp":"2026-03-31T20:29:20.055324Z"}
{"@file":"src/psp/format_2025/operations.rs","@level":"debug","@line":60,"@message":"✅ Operations unpacked: count=8 operations=[255, 127, 145, 101, 110, 139, 232, 10]","@module":"flavor::psp::format_2025::operations","@pid":12772,"@timestamp":"2026-03-31T20:29:20.055344Z"}
{"@file":"src/psp/format_2025/operations.rs","@level":"debug","@line":60,"@message":"✅ Operations unpacked: count=4 operations=[12, 84, 20, 242]","@module":"flavor::psp::format_2025::operations","@pid":12772,"@timestamp":"2026-03-31T20:29:20.055439Z"}
{"@file":"src/psp/format_2025/operations.rs","@level":"debug","@line":37,"@message":"✅ Operations packed: result=4061418508","@module":"flavor::psp::format_2025::operations","@pid":12772,"@timestamp":"2026-03-31T20:29:20.055464Z"}
{"@file":"src/psp/format_2025/operations.rs","@level":"debug","@line":60,"@message":"✅ Operations unpacked: count=4 operations=[12, 84, 20, 242]","@module":"flavor::psp::format_2025::operations","@pid":12772,"@timestamp":"2026-03-31T20:29:20.055483Z"}
{"@file":"src/psp/format_2025/operations.rs","@level":"debug","@line":60,"@message":"✅ Operations unpacked: count=8 operations=[24, 150, 46, 1, 100, 73, 190, 178]","@module":"flavor::psp::format_2025::operations","@pid":12772,"@timestamp":"2026-03-31T20:29:20.055527Z"}
{"@file":"src/psp/format_2025/operations.rs","@level":"debug","@line":37,"@message":"✅ Operations packed: result=12879812678191584792","@module":"flavor::psp::format_2025::operations","@pid":12772,"@timestamp":"2026-03-31T20:29:20.055546Z"}
{"@file":"src/psp/format_2025/operations.rs","@level":"debug","@line":60,"@message":"✅ Operations unpacked: count=8 operations=[24, 150, 46, 1, 100, 73, 190, 178]","@module":"flavor::psp::format_2025::operations","@pid":12772,"@timestamp":"2026-03-31T20:29:20.055562Z"}
{"@file":"src/psp/format_2025/operations.rs","@level":"debug","@line":60,"@message":"✅ Operations unpacked: count=8 operations=[26, 217, 114, 194, 113, 31, 124, 70]","@module":"flavor::psp::format_2025::operations","@pid":12772,"@timestamp":"2026-03-31T20:29:20.055606Z"}
{"@file":"src/psp/format_2025/operations.rs","@level":"debug","@line":37,"@message":"✅ Operations packed: result=5078969053221148954","@module":"flavor::psp::format_2025::operations","@pid":12772,"@timestamp":"2026-03-31T20:29:20.055625Z"}
{"@file":"src/psp/format_2025/operations.rs","@level":"debug","@line":60,"@message":"✅ Operations unpacked: count=8 operations=[26, 217, 114, 194, 113, 31, 124, 70]","@module":"flavor::psp::format_2025::operations","@pid":12772,"@timestamp":"2026-03-31T20:29:20.055642Z"}
{"@file":"src/psp/format_2025/operations.rs","@level":"debug","@line":60,"@message":"✅ Operations unpacked: count=8 operations=[125, 106, 229, 178, 85, 177, 31, 209]","@module":"flavor::psp::format_2025::operations","@pid":12772,"@timestamp":"2026-03-31T20:29:20.055691Z"}
{"@file":"src/psp/format_2025/operations.rs","@level":"debug","@line":37,"@message":"✅ Operations packed: result=15068957859836684925","@module":"flavor::psp::format_2025::operations","@pid":12772,"@timestamp":"2026-03-31T20:29:20.055709Z"}
{"@file":"src/psp/format_2025/operations.rs","@level":"debug","@line":60,"@message":"✅ Operations unpacked: count=8 operations=[125, 106, 229, 178, 85, 177, 31, 209]","@module":"flavor::psp::format_2025::operations","@pid":12772,"@timestamp":"2026-03-31T20:29:20.055725Z"}
{"@file":"src/psp/format_2025/operations.rs","@level":"debug","@line":60,"@message":"✅ Operations unpacked: count=8 operations=[226, 55, 152, 222, 102, 4, 47, 79]","@module":"flavor::psp::format_2025::operations","@pid":12772,"@timestamp":"2026-03-31T20:29:20.055770Z"}
{"@file":"src/psp/format_2025/operations.rs","@level":"debug","@line":37,"@message":"✅ Operations packed: result=5705784092769400802","@module":"flavor::psp::format_2025::operations","@pid":12772,"@timestamp":"2026-03-31T20:29:20.055789Z"}
{"@file":"src/psp/format_2025/operations.rs","@level":"debug","@line":60,"@message":"✅ Operations unpacked: count=8 operations=[226, 55, 152, 222, 102, 4, 47, 79]","@module":"flavor::psp::format_2025::operations","@pid":12772,"@timestamp":"2026-03-31T20:29:20.055805Z"}
{"@file":"src/psp/format_2025/operations.rs","@level":"debug","@line":60,"@message":"✅ Operations unpacked: count=8 operations=[104, 131, 77, 183, 131, 23, 164, 155]","@module":"flavor::psp::format_2025::operations","@pid":12772,"@timestamp":"2026-03-31T20:29:20.055847Z"}
{"@file":"src/psp/format_2025/operations.rs","@level":"debug","@line":37,"@message":"✅ Operations packed: result=11215114826542842728","@module":"flavor::psp::format_2025::operations","@pid":12772,"@timestamp":"2026-03-31T20:29:20.055866Z"}
{"@file":"src/psp/format_2025/operations.rs","@level":"debug","@line":60,"@message":"✅ Operations unpacked: count=8 operations=[104, 131, 77, 183, 131, 23, 164, 155]","@module":"flavor::psp::format_2025::operations","@pid":12772,"@timestamp":"2026-03-31T20:29:20.055883Z"}
{"@file":"src/psp/format_2025/operations.rs","@level":"debug","@line":60,"@message":"✅ Operations unpacked: count=8 operations=[202, 99, 253, 133, 28, 195, 113, 25]","@module":"flavor::psp::format_2025::operations","@pid":12772,"@timestamp":"2026-03-31T20:29:20.055926Z"}
{"@file":"src/psp/format_2025/operations.rs","@level":"debug","@line":37,"@message":"✅ Operations packed: result=1833461050590979018","@module":"flavor::psp::format_2025::operations","@pid":12772,"@timestamp":"2026-03-31T20:29:20.055944Z"}
{"@file":"src/psp/format_2025/operations.rs","@level":"debug","@line":60,"@message":"✅ Operations unpacked: count=8 operations=[202, 99, 253, 133, 28, 195, 113, 25]","@module":"flavor::psp::format_2025::operations","@pid":12772,"@timestamp":"2026-03-31T20:29:20.055960Z"}
test psp::format_2025::operations::tests::prop_unpack_pack_idempotent ... ok

test result: ok. 109 passed; 0 failed; 0 ignored; 0 measured; 0 filtered out; finished in 0.04s

     Running `/private/var/folders/sg/wy47gw996f78fznt898m8x540000gn/T/cargo-mutants-flavor-rs-AJnnRY.tmp/target/debug/deps/flavor_rs_builder-8b703e7e9be23f48`

running 0 tests

test result: ok. 0 passed; 0 failed; 0 ignored; 0 measured; 0 filtered out; finished in 0.00s

     Running `/private/var/folders/sg/wy47gw996f78fznt898m8x540000gn/T/cargo-mutants-flavor-rs-AJnnRY.tmp/target/debug/deps/flavor_rs_launcher-30d5c8f9cc0f7e8a`

running 0 tests

test result: ok. 0 passed; 0 failed; 0 ignored; 0 measured; 0 filtered out; finished in 0.00s

   Doc-tests flavor
     Running `/Users/tim/.rustup/toolchains/stable-aarch64-apple-darwin/bin/rustdoc --edition=2024 --crate-type lib --color auto --crate-name flavor --test src/lib.rs --test-run-directory /private/var/folders/sg/wy47gw996f78fznt898m8x540000gn/T/cargo-mutants-flavor-rs-AJnnRY.tmp --extern adler2=/private/var/folders/sg/wy47gw996f78fznt898m8x540000gn/T/cargo-mutants-flavor-rs-AJnnRY.tmp/target/debug/deps/libadler2-1237be17f08066aa.rlib --extern anyhow=/private/var/folders/sg/wy47gw996f78fznt898m8x540000gn/T/cargo-mutants-flavor-rs-AJnnRY.tmp/target/debug/deps/libanyhow-d9b6d410a1361442.rlib --extern chrono=/private/var/folders/sg/wy47gw996f78fznt898m8x540000gn/T/cargo-mutants-flavor-rs-AJnnRY.tmp/target/debug/deps/libchrono-b7affcfd136ee226.rlib --extern clap=/private/var/folders/sg/wy47gw996f78fznt898m8x540000gn/T/cargo-mutants-flavor-rs-AJnnRY.tmp/target/debug/deps/libclap-c2746911242c53dc.rlib --extern ed25519_dalek=/private/var/folders/sg/wy47gw996f78fznt898m8x540000gn/T/cargo-mutants-flavor-rs-AJnnRY.tmp/target/debug/deps/libed25519_dalek-42293ea3dc57f31c.rlib --extern env_logger=/private/var/folders/sg/wy47gw996f78fznt898m8x540000gn/T/cargo-mutants-flavor-rs-AJnnRY.tmp/target/debug/deps/libenv_logger-75173f29843c9a52.rlib --extern flate2=/private/var/folders/sg/wy47gw996f78fznt898m8x540000gn/T/cargo-mutants-flavor-rs-AJnnRY.tmp/target/debug/deps/libflate2-96cd3d855b9115ec.rlib --extern flavor=/private/var/folders/sg/wy47gw996f78fznt898m8x540000gn/T/cargo-mutants-flavor-rs-AJnnRY.tmp/target/debug/deps/libflavor-88d82f8937f7a117.rlib --extern fs2=/private/var/folders/sg/wy47gw996f78fznt898m8x540000gn/T/cargo-mutants-flavor-rs-AJnnRY.tmp/target/debug/deps/libfs2-71900ee401453af8.rlib --extern gethostname=/private/var/folders/sg/wy47gw996f78fznt898m8x540000gn/T/cargo-mutants-flavor-rs-AJnnRY.tmp/target/debug/deps/libgethostname-e6576ba3912663df.rlib --extern glob=/private/var/folders/sg/wy47gw996f78fznt898m8x540000gn/T/cargo-mutants-flavor-rs-AJnnRY.tmp/target/debug/deps/libglob-56daeb017c976e69.rlib --extern hex=/private/var/folders/sg/wy47gw996f78fznt898m8x540000gn/T/cargo-mutants-flavor-rs-AJnnRY.tmp/target/debug/deps/libhex-6a16846156d7c862.rlib --extern libc=/private/var/folders/sg/wy47gw996f78fznt898m8x540000gn/T/cargo-mutants-flavor-rs-AJnnRY.tmp/target/debug/deps/liblibc-26979bb06dae4666.rlib --extern log=/private/var/folders/sg/wy47gw996f78fznt898m8x540000gn/T/cargo-mutants-flavor-rs-AJnnRY.tmp/target/debug/deps/liblog-8a7d20b8c005bc83.rlib --extern memmap2=/private/var/folders/sg/wy47gw996f78fznt898m8x540000gn/T/cargo-mutants-flavor-rs-AJnnRY.tmp/target/debug/deps/libmemmap2-413e3a480d8f5878.rlib --extern pem=/private/var/folders/sg/wy47gw996f78fznt898m8x540000gn/T/cargo-mutants-flavor-rs-AJnnRY.tmp/target/debug/deps/libpem-baee24606d736ef7.rlib --extern proptest=/private/var/folders/sg/wy47gw996f78fznt898m8x540000gn/T/cargo-mutants-flavor-rs-AJnnRY.tmp/target/debug/deps/libproptest-387450d3dcbd40ff.rlib --extern rand=/private/var/folders/sg/wy47gw996f78fznt898m8x540000gn/T/cargo-mutants-flavor-rs-AJnnRY.tmp/target/debug/deps/librand-a25bcd883a2e2285.rlib --extern serde=/private/var/folders/sg/wy47gw996f78fznt898m8x540000gn/T/cargo-mutants-flavor-rs-AJnnRY.tmp/target/debug/deps/libserde-02be1dd65d3ef57a.rlib --extern serde_json=/private/var/folders/sg/wy47gw996f78fznt898m8x540000gn/T/cargo-mutants-flavor-rs-AJnnRY.tmp/target/debug/deps/libserde_json-469eaea1fff499db.rlib --extern sha2=/private/var/folders/sg/wy47gw996f78fznt898m8x540000gn/T/cargo-mutants-flavor-rs-AJnnRY.tmp/target/debug/deps/libsha2-28b9a530c85e9fef.rlib --extern signal_hook=/private/var/folders/sg/wy47gw996f78fznt898m8x540000gn/T/cargo-mutants-flavor-rs-AJnnRY.tmp/target/debug/deps/libsignal_hook-0a34b12e866764fc.rlib --extern tar=/private/var/folders/sg/wy47gw996f78fznt898m8x540000gn/T/cargo-mutants-flavor-rs-AJnnRY.tmp/target/debug/deps/libtar-9468371f38505d5a.rlib --extern tempfile=/private/var/folders/sg/wy47gw996f78fznt898m8x540000gn/T/cargo-mutants-flavor-rs-AJnnRY.tmp/target/debug/deps/libtempfile-f67b0e214d8dd2e3.rlib --extern which=/private/var/folders/sg/wy47gw996f78fznt898m8x540000gn/T/cargo-mutants-flavor-rs-AJnnRY.tmp/target/debug/deps/libwhich-a2a3c9536beaf592.rlib -L dependency=/private/var/folders/sg/wy47gw996f78fznt898m8x540000gn/T/cargo-mutants-flavor-rs-AJnnRY.tmp/target/debug/deps -C embed-bitcode=no --cfg 'feature="default"' --check-cfg 'cfg(docsrs,test)' --check-cfg 'cfg(feature, values("default"))' --error-format human`

running 0 tests

test result: ok. 0 passed; 0 failed; 0 ignored; 0 measured; 0 filtered out; finished in 0.00s


*** result: Success
