
*** src/psp/format_2025/backends.rs:159:9: replace <impl Backend for MMapBackend>::view_at -> Result<&[u8]> with Ok(Vec::leak(vec![0]))

*** mutation diff:
--- src/psp/format_2025/backends.rs
+++ replace <impl Backend for MMapBackend>::view_at -> Result<&[u8]> with Ok(Vec::leak(vec![0]))
@@ -151,19 +151,17 @@
             Ok(buffer)
         } else {
             Err(FlavorError::Generic("Backend not opened".into()))
         }
     }
 
     fn view_at(&self, _offset: u64, _size: usize) -> Result<&[u8]> {
         // Zero-copy view not available without memory mapping
-        Err(FlavorError::Generic(
-            "View not supported by safe file backend".into(),
-        ))
+        Ok(Vec::leak(vec![0])) /* ~ changed by cargo-mutants ~ */
     }
 }
 
 /// Traditional file I/O backend
 pub struct FileBackend {
     file: Option<File>,
     path: Option<std::path::PathBuf>,
     cache: HashMap<(u64, usize), Vec<u8>>,


*** /Users/tim/.rustup/toolchains/stable-aarch64-apple-darwin/bin/cargo test --no-run --verbose --package=flavor@0.3.21 --all-features
       Fresh cfg-if v1.0.4
       Fresh bitflags v2.11.0
       Fresh version_check v0.9.5
       Fresh unicode-ident v1.0.24
       Fresh memchr v2.8.0
       Fresh semver v1.0.27
       Fresh autocfg v1.5.0
       Fresh regex-syntax v0.8.10
       Fresh utf8parse v0.2.2
       Fresh anstyle v1.0.14
       Fresh anstyle-query v1.1.5
       Fresh colorchoice v1.0.5
       Fresh is_terminal_polyfill v1.70.2
       Fresh libc v0.2.183
       Fresh anstyle-parse v1.0.0
       Fresh rustc_version v0.4.1
       Fresh aho-corasick v1.1.4
       Fresh fastrand v2.3.0
       Fresh once_cell v1.21.4
       Fresh zeroize v1.8.2
       Fresh core-foundation-sys v0.8.7
       Fresh clap_lex v1.1.0
       Fresh strsim v0.11.1
       Fresh errno v0.3.14
       Fresh typenum v1.19.0
       Fresh proc-macro2 v1.0.106
       Fresh zerocopy v0.8.48
       Fresh getrandom v0.3.4
       Fresh anstream v1.0.0
       Fresh getrandom v0.2.17
       Fresh getrandom v0.4.2
       Fresh regex-automata v0.4.14
       Fresh cpufeatures v0.2.17
       Fresh serde_core v1.0.228
       Fresh heck v0.5.0
       Fresh simd-adler32 v0.3.9
       Fresh signature v2.2.0
       Fresh log v0.4.29
       Fresh adler2 v2.0.1
       Fresh subtle v2.6.1
       Fresh filetime v0.2.27
       Fresh wait-timeout v0.2.1
       Fresh generic-array v0.14.7
       Fresh quote v1.0.45
       Fresh rustix v1.1.4
       Fresh ppv-lite86 v0.2.21
       Fresh rand_core v0.9.5
       Fresh rand_core v0.6.4
       Fresh num-traits v0.2.19
       Fresh rustix v0.38.44
       Fresh regex v1.12.3
       Fresh clap_builder v4.6.0
       Fresh signal-hook-registry v1.4.8
       Fresh ed25519 v2.2.3
       Fresh miniz_oxide v0.8.9
       Fresh crc32fast v1.5.0
       Fresh iana-time-zone v0.1.65
       Fresh zmij v1.0.21
       Fresh fnv v1.0.7
       Fresh bit-vec v0.8.0
       Fresh jiff v0.2.23
       Fresh quick-error v1.2.3
       Fresh itoa v1.0.18
       Fresh crypto-common v0.1.7
       Fresh block-buffer v0.10.4
       Fresh syn v2.0.117
       Fresh tempfile v3.27.0
       Fresh env_filter v1.0.1
       Fresh rand_chacha v0.3.1
       Fresh xattr v1.6.1
       Fresh base64 v0.22.1
       Fresh home v0.5.11
       Fresh either v1.15.0
       Fresh gethostname v0.5.0
       Fresh rand_xorshift v0.4.0
       Fresh anyhow v1.0.102
       Fresh rand v0.9.2
       Fresh chrono v0.4.44
       Fresh signal-hook v0.3.18
       Fresh bit-set v0.8.0
       Fresh flate2 v1.1.9
       Fresh rand_chacha v0.9.0
       Fresh serde_json v1.0.149
       Fresh memmap2 v0.9.10
       Fresh fs2 v0.4.3
       Fresh unarray v0.1.4
       Fresh glob v0.3.3
       Fresh digest v0.10.7
       Fresh clap_derive v4.6.0
       Fresh serde_derive v1.0.228
       Fresh rand v0.8.5
       Dirty flavor v0.3.21 (/private/var/folders/sg/wy47gw996f78fznt898m8x540000gn/T/cargo-mutants-flavor-rs-AJnnRY.tmp): the file `../../VERSION` is missing
   Compiling flavor v0.3.21 (/private/var/folders/sg/wy47gw996f78fznt898m8x540000gn/T/cargo-mutants-flavor-rs-AJnnRY.tmp)
       Fresh tar v0.4.45
       Fresh which v6.0.3
       Fresh pem v3.0.6
       Fresh rusty-fork v0.3.1
       Fresh env_logger v0.11.10
       Fresh hex v0.4.3
     Running `/private/var/folders/sg/wy47gw996f78fznt898m8x540000gn/T/cargo-mutants-flavor-rs-AJnnRY.tmp/target/debug/build/flavor-d6cea4267b429fe1/build-script-build`
       Fresh sha2 v0.10.9
       Fresh curve25519-dalek v4.1.3
       Fresh serde v1.0.228
       Fresh clap v4.6.0
       Fresh proptest v1.11.0
       Fresh ed25519-dalek v2.2.0
     Running `/Users/tim/.rustup/toolchains/stable-aarch64-apple-darwin/bin/rustc --crate-name flavor --edition=2024 src/lib.rs --error-format=json --json=diagnostic-rendered-ansi,artifacts,future-incompat --emit=dep-info,link -C embed-bitcode=no -C debuginfo=2 -C split-debuginfo=unpacked --test --cfg 'feature="default"' --check-cfg 'cfg(docsrs,test)' --check-cfg 'cfg(feature, values("default"))' -C metadata=b72348e8a9d7df2e -C extra-filename=-19035fd48ff337ba --out-dir /private/var/folders/sg/wy47gw996f78fznt898m8x540000gn/T/cargo-mutants-flavor-rs-AJnnRY.tmp/target/debug/deps -C incremental=/private/var/folders/sg/wy47gw996f78fznt898m8x540000gn/T/cargo-mutants-flavor-rs-AJnnRY.tmp/target/debug/incremental -L dependency=/private/var/folders/sg/wy47gw996f78fznt898m8x540000gn/T/cargo-mutants-flavor-rs-AJnnRY.tmp/target/debug/deps --extern adler2=/private/var/folders/sg/wy47gw996f78fznt898m8x540000gn/T/cargo-mutants-flavor-rs-AJnnRY.tmp/target/debug/deps/libadler2-1237be17f08066aa.rlib --extern anyhow=/private/var/folders/sg/wy47gw996f78fznt898m8x540000gn/T/cargo-mutants-flavor-rs-AJnnRY.tmp/target/debug/deps/libanyhow-d9b6d410a1361442.rlib --extern chrono=/private/var/folders/sg/wy47gw996f78fznt898m8x540000gn/T/cargo-mutants-flavor-rs-AJnnRY.tmp/target/debug/deps/libchrono-b7affcfd136ee226.rlib --extern clap=/private/var/folders/sg/wy47gw996f78fznt898m8x540000gn/T/cargo-mutants-flavor-rs-AJnnRY.tmp/target/debug/deps/libclap-c2746911242c53dc.rlib --extern ed25519_dalek=/private/var/folders/sg/wy47gw996f78fznt898m8x540000gn/T/cargo-mutants-flavor-rs-AJnnRY.tmp/target/debug/deps/libed25519_dalek-42293ea3dc57f31c.rlib --extern env_logger=/private/var/folders/sg/wy47gw996f78fznt898m8x540000gn/T/cargo-mutants-flavor-rs-AJnnRY.tmp/target/debug/deps/libenv_logger-75173f29843c9a52.rlib --extern flate2=/private/var/folders/sg/wy47gw996f78fznt898m8x540000gn/T/cargo-mutants-flavor-rs-AJnnRY.tmp/target/debug/deps/libflate2-96cd3d855b9115ec.rlib --extern fs2=/private/var/folders/sg/wy47gw996f78fznt898m8x540000gn/T/cargo-mutants-flavor-rs-AJnnRY.tmp/target/debug/deps/libfs2-71900ee401453af8.rlib --extern gethostname=/private/var/folders/sg/wy47gw996f78fznt898m8x540000gn/T/cargo-mutants-flavor-rs-AJnnRY.tmp/target/debug/deps/libgethostname-e6576ba3912663df.rlib --extern glob=/private/var/folders/sg/wy47gw996f78fznt898m8x540000gn/T/cargo-mutants-flavor-rs-AJnnRY.tmp/target/debug/deps/libglob-56daeb017c976e69.rlib --extern hex=/private/var/folders/sg/wy47gw996f78fznt898m8x540000gn/T/cargo-mutants-flavor-rs-AJnnRY.tmp/target/debug/deps/libhex-6a16846156d7c862.rlib --extern libc=/private/var/folders/sg/wy47gw996f78fznt898m8x540000gn/T/cargo-mutants-flavor-rs-AJnnRY.tmp/target/debug/deps/liblibc-26979bb06dae4666.rlib --extern log=/private/var/folders/sg/wy47gw996f78fznt898m8x540000gn/T/cargo-mutants-flavor-rs-AJnnRY.tmp/target/debug/deps/liblog-8a7d20b8c005bc83.rlib --extern memmap2=/private/var/folders/sg/wy47gw996f78fznt898m8x540000gn/T/cargo-mutants-flavor-rs-AJnnRY.tmp/target/debug/deps/libmemmap2-413e3a480d8f5878.rlib --extern pem=/private/var/folders/sg/wy47gw996f78fznt898m8x540000gn/T/cargo-mutants-flavor-rs-AJnnRY.tmp/target/debug/deps/libpem-baee24606d736ef7.rlib --extern proptest=/private/var/folders/sg/wy47gw996f78fznt898m8x540000gn/T/cargo-mutants-flavor-rs-AJnnRY.tmp/target/debug/deps/libproptest-387450d3dcbd40ff.rlib --extern rand=/private/var/folders/sg/wy47gw996f78fznt898m8x540000gn/T/cargo-mutants-flavor-rs-AJnnRY.tmp/target/debug/deps/librand-a25bcd883a2e2285.rlib --extern serde=/private/var/folders/sg/wy47gw996f78fznt898m8x540000gn/T/cargo-mutants-flavor-rs-AJnnRY.tmp/target/debug/deps/libserde-02be1dd65d3ef57a.rlib --extern serde_json=/private/var/folders/sg/wy47gw996f78fznt898m8x540000gn/T/cargo-mutants-flavor-rs-AJnnRY.tmp/target/debug/deps/libserde_json-469eaea1fff499db.rlib --extern sha2=/private/var/folders/sg/wy47gw996f78fznt898m8x540000gn/T/cargo-mutants-flavor-rs-AJnnRY.tmp/target/debug/deps/libsha2-28b9a530c85e9fef.rlib --extern signal_hook=/private/var/folders/sg/wy47gw996f78fznt898m8x540000gn/T/cargo-mutants-flavor-rs-AJnnRY.tmp/target/debug/deps/libsignal_hook-0a34b12e866764fc.rlib --extern tar=/private/var/folders/sg/wy47gw996f78fznt898m8x540000gn/T/cargo-mutants-flavor-rs-AJnnRY.tmp/target/debug/deps/libtar-9468371f38505d5a.rlib --extern tempfile=/private/var/folders/sg/wy47gw996f78fznt898m8x540000gn/T/cargo-mutants-flavor-rs-AJnnRY.tmp/target/debug/deps/libtempfile-f67b0e214d8dd2e3.rlib --extern which=/private/var/folders/sg/wy47gw996f78fznt898m8x540000gn/T/cargo-mutants-flavor-rs-AJnnRY.tmp/target/debug/deps/libwhich-a2a3c9536beaf592.rlib`
     Running `/Users/tim/.rustup/toolchains/stable-aarch64-apple-darwin/bin/rustc --crate-name flavor --edition=2024 src/lib.rs --error-format=json --json=diagnostic-rendered-ansi,artifacts,future-incompat --crate-type lib --emit=dep-info,metadata,link -C embed-bitcode=no -C debuginfo=2 -C split-debuginfo=unpacked --cfg 'feature="default"' --check-cfg 'cfg(docsrs,test)' --check-cfg 'cfg(feature, values("default"))' -C metadata=638a3856e0fcd0df -C extra-filename=-88d82f8937f7a117 --out-dir /private/var/folders/sg/wy47gw996f78fznt898m8x540000gn/T/cargo-mutants-flavor-rs-AJnnRY.tmp/target/debug/deps -C incremental=/private/var/folders/sg/wy47gw996f78fznt898m8x540000gn/T/cargo-mutants-flavor-rs-AJnnRY.tmp/target/debug/incremental -L dependency=/private/var/folders/sg/wy47gw996f78fznt898m8x540000gn/T/cargo-mutants-flavor-rs-AJnnRY.tmp/target/debug/deps --extern adler2=/private/var/folders/sg/wy47gw996f78fznt898m8x540000gn/T/cargo-mutants-flavor-rs-AJnnRY.tmp/target/debug/deps/libadler2-1237be17f08066aa.rmeta --extern anyhow=/private/var/folders/sg/wy47gw996f78fznt898m8x540000gn/T/cargo-mutants-flavor-rs-AJnnRY.tmp/target/debug/deps/libanyhow-d9b6d410a1361442.rmeta --extern chrono=/private/var/folders/sg/wy47gw996f78fznt898m8x540000gn/T/cargo-mutants-flavor-rs-AJnnRY.tmp/target/debug/deps/libchrono-b7affcfd136ee226.rmeta --extern clap=/private/var/folders/sg/wy47gw996f78fznt898m8x540000gn/T/cargo-mutants-flavor-rs-AJnnRY.tmp/target/debug/deps/libclap-c2746911242c53dc.rmeta --extern ed25519_dalek=/private/var/folders/sg/wy47gw996f78fznt898m8x540000gn/T/cargo-mutants-flavor-rs-AJnnRY.tmp/target/debug/deps/libed25519_dalek-42293ea3dc57f31c.rmeta --extern env_logger=/private/var/folders/sg/wy47gw996f78fznt898m8x540000gn/T/cargo-mutants-flavor-rs-AJnnRY.tmp/target/debug/deps/libenv_logger-75173f29843c9a52.rmeta --extern flate2=/private/var/folders/sg/wy47gw996f78fznt898m8x540000gn/T/cargo-mutants-flavor-rs-AJnnRY.tmp/target/debug/deps/libflate2-96cd3d855b9115ec.rmeta --extern fs2=/private/var/folders/sg/wy47gw996f78fznt898m8x540000gn/T/cargo-mutants-flavor-rs-AJnnRY.tmp/target/debug/deps/libfs2-71900ee401453af8.rmeta --extern gethostname=/private/var/folders/sg/wy47gw996f78fznt898m8x540000gn/T/cargo-mutants-flavor-rs-AJnnRY.tmp/target/debug/deps/libgethostname-e6576ba3912663df.rmeta --extern glob=/private/var/folders/sg/wy47gw996f78fznt898m8x540000gn/T/cargo-mutants-flavor-rs-AJnnRY.tmp/target/debug/deps/libglob-56daeb017c976e69.rmeta --extern hex=/private/var/folders/sg/wy47gw996f78fznt898m8x540000gn/T/cargo-mutants-flavor-rs-AJnnRY.tmp/target/debug/deps/libhex-6a16846156d7c862.rmeta --extern libc=/private/var/folders/sg/wy47gw996f78fznt898m8x540000gn/T/cargo-mutants-flavor-rs-AJnnRY.tmp/target/debug/deps/liblibc-26979bb06dae4666.rmeta --extern log=/private/var/folders/sg/wy47gw996f78fznt898m8x540000gn/T/cargo-mutants-flavor-rs-AJnnRY.tmp/target/debug/deps/liblog-8a7d20b8c005bc83.rmeta --extern memmap2=/private/var/folders/sg/wy47gw996f78fznt898m8x540000gn/T/cargo-mutants-flavor-rs-AJnnRY.tmp/target/debug/deps/libmemmap2-413e3a480d8f5878.rmeta --extern pem=/private/var/folders/sg/wy47gw996f78fznt898m8x540000gn/T/cargo-mutants-flavor-rs-AJnnRY.tmp/target/debug/deps/libpem-baee24606d736ef7.rmeta --extern rand=/private/var/folders/sg/wy47gw996f78fznt898m8x540000gn/T/cargo-mutants-flavor-rs-AJnnRY.tmp/target/debug/deps/librand-a25bcd883a2e2285.rmeta --extern serde=/private/var/folders/sg/wy47gw996f78fznt898m8x540000gn/T/cargo-mutants-flavor-rs-AJnnRY.tmp/target/debug/deps/libserde-02be1dd65d3ef57a.rmeta --extern serde_json=/private/var/folders/sg/wy47gw996f78fznt898m8x540000gn/T/cargo-mutants-flavor-rs-AJnnRY.tmp/target/debug/deps/libserde_json-469eaea1fff499db.rmeta --extern sha2=/private/var/folders/sg/wy47gw996f78fznt898m8x540000gn/T/cargo-mutants-flavor-rs-AJnnRY.tmp/target/debug/deps/libsha2-28b9a530c85e9fef.rmeta --extern signal_hook=/private/var/folders/sg/wy47gw996f78fznt898m8x540000gn/T/cargo-mutants-flavor-rs-AJnnRY.tmp/target/debug/deps/libsignal_hook-0a34b12e866764fc.rmeta --extern tar=/private/var/folders/sg/wy47gw996f78fznt898m8x540000gn/T/cargo-mutants-flavor-rs-AJnnRY.tmp/target/debug/deps/libtar-9468371f38505d5a.rmeta --extern tempfile=/private/var/folders/sg/wy47gw996f78fznt898m8x540000gn/T/cargo-mutants-flavor-rs-AJnnRY.tmp/target/debug/deps/libtempfile-f67b0e214d8dd2e3.rmeta --extern which=/private/var/folders/sg/wy47gw996f78fznt898m8x540000gn/T/cargo-mutants-flavor-rs-AJnnRY.tmp/target/debug/deps/libwhich-a2a3c9536beaf592.rmeta`
     Running `/Users/tim/.rustup/toolchains/stable-aarch64-apple-darwin/bin/rustc --crate-name flavor_rs_builder --edition=2024 src/bin/flavor-rs-builder.rs --error-format=json --json=diagnostic-rendered-ansi,artifacts,future-incompat --emit=dep-info,link -C embed-bitcode=no -C debuginfo=2 -C split-debuginfo=unpacked --test --cfg 'feature="default"' --check-cfg 'cfg(docsrs,test)' --check-cfg 'cfg(feature, values("default"))' -C metadata=069fa1d69c2b4683 -C extra-filename=-8b703e7e9be23f48 --out-dir /private/var/folders/sg/wy47gw996f78fznt898m8x540000gn/T/cargo-mutants-flavor-rs-AJnnRY.tmp/target/debug/deps -C incremental=/private/var/folders/sg/wy47gw996f78fznt898m8x540000gn/T/cargo-mutants-flavor-rs-AJnnRY.tmp/target/debug/incremental -L dependency=/private/var/folders/sg/wy47gw996f78fznt898m8x540000gn/T/cargo-mutants-flavor-rs-AJnnRY.tmp/target/debug/deps --extern adler2=/private/var/folders/sg/wy47gw996f78fznt898m8x540000gn/T/cargo-mutants-flavor-rs-AJnnRY.tmp/target/debug/deps/libadler2-1237be17f08066aa.rlib --extern anyhow=/private/var/folders/sg/wy47gw996f78fznt898m8x540000gn/T/cargo-mutants-flavor-rs-AJnnRY.tmp/target/debug/deps/libanyhow-d9b6d410a1361442.rlib --extern chrono=/private/var/folders/sg/wy47gw996f78fznt898m8x540000gn/T/cargo-mutants-flavor-rs-AJnnRY.tmp/target/debug/deps/libchrono-b7affcfd136ee226.rlib --extern clap=/private/var/folders/sg/wy47gw996f78fznt898m8x540000gn/T/cargo-mutants-flavor-rs-AJnnRY.tmp/target/debug/deps/libclap-c2746911242c53dc.rlib --extern ed25519_dalek=/private/var/folders/sg/wy47gw996f78fznt898m8x540000gn/T/cargo-mutants-flavor-rs-AJnnRY.tmp/target/debug/deps/libed25519_dalek-42293ea3dc57f31c.rlib --extern env_logger=/private/var/folders/sg/wy47gw996f78fznt898m8x540000gn/T/cargo-mutants-flavor-rs-AJnnRY.tmp/target/debug/deps/libenv_logger-75173f29843c9a52.rlib --extern flate2=/private/var/folders/sg/wy47gw996f78fznt898m8x540000gn/T/cargo-mutants-flavor-rs-AJnnRY.tmp/target/debug/deps/libflate2-96cd3d855b9115ec.rlib --extern flavor=/private/var/folders/sg/wy47gw996f78fznt898m8x540000gn/T/cargo-mutants-flavor-rs-AJnnRY.tmp/target/debug/deps/libflavor-88d82f8937f7a117.rlib --extern fs2=/private/var/folders/sg/wy47gw996f78fznt898m8x540000gn/T/cargo-mutants-flavor-rs-AJnnRY.tmp/target/debug/deps/libfs2-71900ee401453af8.rlib --extern gethostname=/private/var/folders/sg/wy47gw996f78fznt898m8x540000gn/T/cargo-mutants-flavor-rs-AJnnRY.tmp/target/debug/deps/libgethostname-e6576ba3912663df.rlib --extern glob=/private/var/folders/sg/wy47gw996f78fznt898m8x540000gn/T/cargo-mutants-flavor-rs-AJnnRY.tmp/target/debug/deps/libglob-56daeb017c976e69.rlib --extern hex=/private/var/folders/sg/wy47gw996f78fznt898m8x540000gn/T/cargo-mutants-flavor-rs-AJnnRY.tmp/target/debug/deps/libhex-6a16846156d7c862.rlib --extern libc=/private/var/folders/sg/wy47gw996f78fznt898m8x540000gn/T/cargo-mutants-flavor-rs-AJnnRY.tmp/target/debug/deps/liblibc-26979bb06dae4666.rlib --extern log=/private/var/folders/sg/wy47gw996f78fznt898m8x540000gn/T/cargo-mutants-flavor-rs-AJnnRY.tmp/target/debug/deps/liblog-8a7d20b8c005bc83.rlib --extern memmap2=/private/var/folders/sg/wy47gw996f78fznt898m8x540000gn/T/cargo-mutants-flavor-rs-AJnnRY.tmp/target/debug/deps/libmemmap2-413e3a480d8f5878.rlib --extern pem=/private/var/folders/sg/wy47gw996f78fznt898m8x540000gn/T/cargo-mutants-flavor-rs-AJnnRY.tmp/target/debug/deps/libpem-baee24606d736ef7.rlib --extern proptest=/private/var/folders/sg/wy47gw996f78fznt898m8x540000gn/T/cargo-mutants-flavor-rs-AJnnRY.tmp/target/debug/deps/libproptest-387450d3dcbd40ff.rlib --extern rand=/private/var/folders/sg/wy47gw996f78fznt898m8x540000gn/T/cargo-mutants-flavor-rs-AJnnRY.tmp/target/debug/deps/librand-a25bcd883a2e2285.rlib --extern serde=/private/var/folders/sg/wy47gw996f78fznt898m8x540000gn/T/cargo-mutants-flavor-rs-AJnnRY.tmp/target/debug/deps/libserde-02be1dd65d3ef57a.rlib --extern serde_json=/private/var/folders/sg/wy47gw996f78fznt898m8x540000gn/T/cargo-mutants-flavor-rs-AJnnRY.tmp/target/debug/deps/libserde_json-469eaea1fff499db.rlib --extern sha2=/private/var/folders/sg/wy47gw996f78fznt898m8x540000gn/T/cargo-mutants-flavor-rs-AJnnRY.tmp/target/debug/deps/libsha2-28b9a530c85e9fef.rlib --extern signal_hook=/private/var/folders/sg/wy47gw996f78fznt898m8x540000gn/T/cargo-mutants-flavor-rs-AJnnRY.tmp/target/debug/deps/libsignal_hook-0a34b12e866764fc.rlib --extern tar=/private/var/folders/sg/wy47gw996f78fznt898m8x540000gn/T/cargo-mutants-flavor-rs-AJnnRY.tmp/target/debug/deps/libtar-9468371f38505d5a.rlib --extern tempfile=/private/var/folders/sg/wy47gw996f78fznt898m8x540000gn/T/cargo-mutants-flavor-rs-AJnnRY.tmp/target/debug/deps/libtempfile-f67b0e214d8dd2e3.rlib --extern which=/private/var/folders/sg/wy47gw996f78fznt898m8x540000gn/T/cargo-mutants-flavor-rs-AJnnRY.tmp/target/debug/deps/libwhich-a2a3c9536beaf592.rlib`
     Running `/Users/tim/.rustup/toolchains/stable-aarch64-apple-darwin/bin/rustc --crate-name flavor_rs_launcher --edition=2024 src/bin/flavor-rs-launcher.rs --error-format=json --json=diagnostic-rendered-ansi,artifacts,future-incompat --emit=dep-info,link -C embed-bitcode=no -C debuginfo=2 -C split-debuginfo=unpacked --test --cfg 'feature="default"' --check-cfg 'cfg(docsrs,test)' --check-cfg 'cfg(feature, values("default"))' -C metadata=1e86bd574fcae1c3 -C extra-filename=-30d5c8f9cc0f7e8a --out-dir /private/var/folders/sg/wy47gw996f78fznt898m8x540000gn/T/cargo-mutants-flavor-rs-AJnnRY.tmp/target/debug/deps -C incremental=/private/var/folders/sg/wy47gw996f78fznt898m8x540000gn/T/cargo-mutants-flavor-rs-AJnnRY.tmp/target/debug/incremental -L dependency=/private/var/folders/sg/wy47gw996f78fznt898m8x540000gn/T/cargo-mutants-flavor-rs-AJnnRY.tmp/target/debug/deps --extern adler2=/private/var/folders/sg/wy47gw996f78fznt898m8x540000gn/T/cargo-mutants-flavor-rs-AJnnRY.tmp/target/debug/deps/libadler2-1237be17f08066aa.rlib --extern anyhow=/private/var/folders/sg/wy47gw996f78fznt898m8x540000gn/T/cargo-mutants-flavor-rs-AJnnRY.tmp/target/debug/deps/libanyhow-d9b6d410a1361442.rlib --extern chrono=/private/var/folders/sg/wy47gw996f78fznt898m8x540000gn/T/cargo-mutants-flavor-rs-AJnnRY.tmp/target/debug/deps/libchrono-b7affcfd136ee226.rlib --extern clap=/private/var/folders/sg/wy47gw996f78fznt898m8x540000gn/T/cargo-mutants-flavor-rs-AJnnRY.tmp/target/debug/deps/libclap-c2746911242c53dc.rlib --extern ed25519_dalek=/private/var/folders/sg/wy47gw996f78fznt898m8x540000gn/T/cargo-mutants-flavor-rs-AJnnRY.tmp/target/debug/deps/libed25519_dalek-42293ea3dc57f31c.rlib --extern env_logger=/private/var/folders/sg/wy47gw996f78fznt898m8x540000gn/T/cargo-mutants-flavor-rs-AJnnRY.tmp/target/debug/deps/libenv_logger-75173f29843c9a52.rlib --extern flate2=/private/var/folders/sg/wy47gw996f78fznt898m8x540000gn/T/cargo-mutants-flavor-rs-AJnnRY.tmp/target/debug/deps/libflate2-96cd3d855b9115ec.rlib --extern flavor=/private/var/folders/sg/wy47gw996f78fznt898m8x540000gn/T/cargo-mutants-flavor-rs-AJnnRY.tmp/target/debug/deps/libflavor-88d82f8937f7a117.rlib --extern fs2=/private/var/folders/sg/wy47gw996f78fznt898m8x540000gn/T/cargo-mutants-flavor-rs-AJnnRY.tmp/target/debug/deps/libfs2-71900ee401453af8.rlib --extern gethostname=/private/var/folders/sg/wy47gw996f78fznt898m8x540000gn/T/cargo-mutants-flavor-rs-AJnnRY.tmp/target/debug/deps/libgethostname-e6576ba3912663df.rlib --extern glob=/private/var/folders/sg/wy47gw996f78fznt898m8x540000gn/T/cargo-mutants-flavor-rs-AJnnRY.tmp/target/debug/deps/libglob-56daeb017c976e69.rlib --extern hex=/private/var/folders/sg/wy47gw996f78fznt898m8x540000gn/T/cargo-mutants-flavor-rs-AJnnRY.tmp/target/debug/deps/libhex-6a16846156d7c862.rlib --extern libc=/private/var/folders/sg/wy47gw996f78fznt898m8x540000gn/T/cargo-mutants-flavor-rs-AJnnRY.tmp/target/debug/deps/liblibc-26979bb06dae4666.rlib --extern log=/private/var/folders/sg/wy47gw996f78fznt898m8x540000gn/T/cargo-mutants-flavor-rs-AJnnRY.tmp/target/debug/deps/liblog-8a7d20b8c005bc83.rlib --extern memmap2=/private/var/folders/sg/wy47gw996f78fznt898m8x540000gn/T/cargo-mutants-flavor-rs-AJnnRY.tmp/target/debug/deps/libmemmap2-413e3a480d8f5878.rlib --extern pem=/private/var/folders/sg/wy47gw996f78fznt898m8x540000gn/T/cargo-mutants-flavor-rs-AJnnRY.tmp/target/debug/deps/libpem-baee24606d736ef7.rlib --extern proptest=/private/var/folders/sg/wy47gw996f78fznt898m8x540000gn/T/cargo-mutants-flavor-rs-AJnnRY.tmp/target/debug/deps/libproptest-387450d3dcbd40ff.rlib --extern rand=/private/var/folders/sg/wy47gw996f78fznt898m8x540000gn/T/cargo-mutants-flavor-rs-AJnnRY.tmp/target/debug/deps/librand-a25bcd883a2e2285.rlib --extern serde=/private/var/folders/sg/wy47gw996f78fznt898m8x540000gn/T/cargo-mutants-flavor-rs-AJnnRY.tmp/target/debug/deps/libserde-02be1dd65d3ef57a.rlib --extern serde_json=/private/var/folders/sg/wy47gw996f78fznt898m8x540000gn/T/cargo-mutants-flavor-rs-AJnnRY.tmp/target/debug/deps/libserde_json-469eaea1fff499db.rlib --extern sha2=/private/var/folders/sg/wy47gw996f78fznt898m8x540000gn/T/cargo-mutants-flavor-rs-AJnnRY.tmp/target/debug/deps/libsha2-28b9a530c85e9fef.rlib --extern signal_hook=/private/var/folders/sg/wy47gw996f78fznt898m8x540000gn/T/cargo-mutants-flavor-rs-AJnnRY.tmp/target/debug/deps/libsignal_hook-0a34b12e866764fc.rlib --extern tar=/private/var/folders/sg/wy47gw996f78fznt898m8x540000gn/T/cargo-mutants-flavor-rs-AJnnRY.tmp/target/debug/deps/libtar-9468371f38505d5a.rlib --extern tempfile=/private/var/folders/sg/wy47gw996f78fznt898m8x540000gn/T/cargo-mutants-flavor-rs-AJnnRY.tmp/target/debug/deps/libtempfile-f67b0e214d8dd2e3.rlib --extern which=/private/var/folders/sg/wy47gw996f78fznt898m8x540000gn/T/cargo-mutants-flavor-rs-AJnnRY.tmp/target/debug/deps/libwhich-a2a3c9536beaf592.rlib`
    Finished `test` profile [unoptimized + debuginfo] target(s) in 1.57s
  Executable `/private/var/folders/sg/wy47gw996f78fznt898m8x540000gn/T/cargo-mutants-flavor-rs-AJnnRY.tmp/target/debug/deps/flavor-19035fd48ff337ba`
  Executable `/private/var/folders/sg/wy47gw996f78fznt898m8x540000gn/T/cargo-mutants-flavor-rs-AJnnRY.tmp/target/debug/deps/flavor_rs_builder-8b703e7e9be23f48`
  Executable `/private/var/folders/sg/wy47gw996f78fznt898m8x540000gn/T/cargo-mutants-flavor-rs-AJnnRY.tmp/target/debug/deps/flavor_rs_launcher-30d5c8f9cc0f7e8a`

*** result: Success

*** /Users/tim/.rustup/toolchains/stable-aarch64-apple-darwin/bin/cargo test --verbose --package=flavor@0.3.21 --all-features
       Fresh cfg-if v1.0.4
       Fresh version_check v0.9.5
       Fresh bitflags v2.11.0
       Fresh unicode-ident v1.0.24
       Fresh memchr v2.8.0
       Fresh autocfg v1.5.0
       Fresh regex-syntax v0.8.10
       Fresh utf8parse v0.2.2
       Fresh semver v1.0.27
       Fresh is_terminal_polyfill v1.70.2
       Fresh anstyle-query v1.1.5
       Fresh anstyle v1.0.14
       Fresh colorchoice v1.0.5
       Fresh fastrand v2.3.0
       Fresh libc v0.2.183
       Fresh rustc_version v0.4.1
       Fresh anstyle-parse v1.0.0
       Fresh aho-corasick v1.1.4
       Fresh once_cell v1.21.4
       Fresh simd-adler32 v0.3.9
       Fresh heck v0.5.0
       Fresh log v0.4.29
       Fresh subtle v2.6.1
       Fresh strsim v0.11.1
       Fresh zeroize v1.8.2
       Fresh errno v0.3.14
       Fresh typenum v1.19.0
       Fresh proc-macro2 v1.0.106
       Fresh zerocopy v0.8.48
       Fresh getrandom v0.3.4
       Fresh getrandom v0.4.2
       Fresh regex-automata v0.4.14
       Fresh getrandom v0.2.17
       Fresh anstream v1.0.0
       Fresh cpufeatures v0.2.17
       Fresh serde_core v1.0.228
       Fresh clap_lex v1.1.0
       Fresh core-foundation-sys v0.8.7
       Fresh signature v2.2.0
       Fresh adler2 v2.0.1
       Fresh wait-timeout v0.2.1
       Fresh crc32fast v1.5.0
       Fresh generic-array v0.14.7
       Fresh rustix v1.1.4
       Fresh quote v1.0.45
       Fresh ppv-lite86 v0.2.21
       Fresh rand_core v0.9.5
       Fresh rand_core v0.6.4
       Fresh rustix v0.38.44
       Fresh num-traits v0.2.19
       Fresh regex v1.12.3
       Fresh iana-time-zone v0.1.65
       Fresh clap_builder v4.6.0
       Fresh ed25519 v2.2.3
       Fresh miniz_oxide v0.8.9
       Fresh signal-hook-registry v1.4.8
       Fresh zmij v1.0.21
       Fresh filetime v0.2.27
       Fresh jiff v0.2.23
       Fresh quick-error v1.2.3
       Fresh base64 v0.22.1
       Fresh itoa v1.0.18
       Fresh syn v2.0.117
       Fresh crypto-common v0.1.7
       Fresh block-buffer v0.10.4
       Fresh tempfile v3.27.0
       Fresh xattr v1.6.1
       Fresh rand_chacha v0.3.1
       Fresh env_filter v1.0.1
       Fresh fnv v1.0.7
       Fresh home v0.5.11
       Fresh bit-vec v0.8.0
       Fresh either v1.15.0
       Fresh pem v3.0.6
       Dirty flavor v0.3.21 (/private/var/folders/sg/wy47gw996f78fznt898m8x540000gn/T/cargo-mutants-flavor-rs-AJnnRY.tmp): the file `../../VERSION` is missing
   Compiling flavor v0.3.21 (/private/var/folders/sg/wy47gw996f78fznt898m8x540000gn/T/cargo-mutants-flavor-rs-AJnnRY.tmp)
       Fresh gethostname v0.5.0
       Fresh serde_json v1.0.149
       Fresh rand_xorshift v0.4.0
       Fresh rand v0.9.2
       Fresh chrono v0.4.44
       Fresh flate2 v1.1.9
       Fresh rand_chacha v0.9.0
       Fresh signal-hook v0.3.18
       Fresh anyhow v1.0.102
       Fresh fs2 v0.4.3
       Fresh memmap2 v0.9.10
       Fresh hex v0.4.3
     Running `/private/var/folders/sg/wy47gw996f78fznt898m8x540000gn/T/cargo-mutants-flavor-rs-AJnnRY.tmp/target/debug/build/flavor-d6cea4267b429fe1/build-script-build`
       Fresh digest v0.10.7
       Fresh serde_derive v1.0.228
       Fresh clap_derive v4.6.0
       Fresh tar v0.4.45
       Fresh rand v0.8.5
       Fresh rusty-fork v0.3.1
       Fresh env_logger v0.11.10
       Fresh which v6.0.3
       Fresh bit-set v0.8.0
       Fresh glob v0.3.3
       Fresh unarray v0.1.4
       Fresh sha2 v0.10.9
       Fresh curve25519-dalek v4.1.3
       Fresh clap v4.6.0
       Fresh serde v1.0.228
       Fresh proptest v1.11.0
       Fresh ed25519-dalek v2.2.0
     Running `/Users/tim/.rustup/toolchains/stable-aarch64-apple-darwin/bin/rustc --crate-name flavor --edition=2024 src/lib.rs --error-format=json --json=diagnostic-rendered-ansi,artifacts,future-incompat --emit=dep-info,link -C embed-bitcode=no -C debuginfo=2 -C split-debuginfo=unpacked --test --cfg 'feature="default"' --check-cfg 'cfg(docsrs,test)' --check-cfg 'cfg(feature, values("default"))' -C metadata=b72348e8a9d7df2e -C extra-filename=-19035fd48ff337ba --out-dir /private/var/folders/sg/wy47gw996f78fznt898m8x540000gn/T/cargo-mutants-flavor-rs-AJnnRY.tmp/target/debug/deps -C incremental=/private/var/folders/sg/wy47gw996f78fznt898m8x540000gn/T/cargo-mutants-flavor-rs-AJnnRY.tmp/target/debug/incremental -L dependency=/private/var/folders/sg/wy47gw996f78fznt898m8x540000gn/T/cargo-mutants-flavor-rs-AJnnRY.tmp/target/debug/deps --extern adler2=/private/var/folders/sg/wy47gw996f78fznt898m8x540000gn/T/cargo-mutants-flavor-rs-AJnnRY.tmp/target/debug/deps/libadler2-1237be17f08066aa.rlib --extern anyhow=/private/var/folders/sg/wy47gw996f78fznt898m8x540000gn/T/cargo-mutants-flavor-rs-AJnnRY.tmp/target/debug/deps/libanyhow-d9b6d410a1361442.rlib --extern chrono=/private/var/folders/sg/wy47gw996f78fznt898m8x540000gn/T/cargo-mutants-flavor-rs-AJnnRY.tmp/target/debug/deps/libchrono-b7affcfd136ee226.rlib --extern clap=/private/var/folders/sg/wy47gw996f78fznt898m8x540000gn/T/cargo-mutants-flavor-rs-AJnnRY.tmp/target/debug/deps/libclap-c2746911242c53dc.rlib --extern ed25519_dalek=/private/var/folders/sg/wy47gw996f78fznt898m8x540000gn/T/cargo-mutants-flavor-rs-AJnnRY.tmp/target/debug/deps/libed25519_dalek-42293ea3dc57f31c.rlib --extern env_logger=/private/var/folders/sg/wy47gw996f78fznt898m8x540000gn/T/cargo-mutants-flavor-rs-AJnnRY.tmp/target/debug/deps/libenv_logger-75173f29843c9a52.rlib --extern flate2=/private/var/folders/sg/wy47gw996f78fznt898m8x540000gn/T/cargo-mutants-flavor-rs-AJnnRY.tmp/target/debug/deps/libflate2-96cd3d855b9115ec.rlib --extern fs2=/private/var/folders/sg/wy47gw996f78fznt898m8x540000gn/T/cargo-mutants-flavor-rs-AJnnRY.tmp/target/debug/deps/libfs2-71900ee401453af8.rlib --extern gethostname=/private/var/folders/sg/wy47gw996f78fznt898m8x540000gn/T/cargo-mutants-flavor-rs-AJnnRY.tmp/target/debug/deps/libgethostname-e6576ba3912663df.rlib --extern glob=/private/var/folders/sg/wy47gw996f78fznt898m8x540000gn/T/cargo-mutants-flavor-rs-AJnnRY.tmp/target/debug/deps/libglob-56daeb017c976e69.rlib --extern hex=/private/var/folders/sg/wy47gw996f78fznt898m8x540000gn/T/cargo-mutants-flavor-rs-AJnnRY.tmp/target/debug/deps/libhex-6a16846156d7c862.rlib --extern libc=/private/var/folders/sg/wy47gw996f78fznt898m8x540000gn/T/cargo-mutants-flavor-rs-AJnnRY.tmp/target/debug/deps/liblibc-26979bb06dae4666.rlib --extern log=/private/var/folders/sg/wy47gw996f78fznt898m8x540000gn/T/cargo-mutants-flavor-rs-AJnnRY.tmp/target/debug/deps/liblog-8a7d20b8c005bc83.rlib --extern memmap2=/private/var/folders/sg/wy47gw996f78fznt898m8x540000gn/T/cargo-mutants-flavor-rs-AJnnRY.tmp/target/debug/deps/libmemmap2-413e3a480d8f5878.rlib --extern pem=/private/var/folders/sg/wy47gw996f78fznt898m8x540000gn/T/cargo-mutants-flavor-rs-AJnnRY.tmp/target/debug/deps/libpem-baee24606d736ef7.rlib --extern proptest=/private/var/folders/sg/wy47gw996f78fznt898m8x540000gn/T/cargo-mutants-flavor-rs-AJnnRY.tmp/target/debug/deps/libproptest-387450d3dcbd40ff.rlib --extern rand=/private/var/folders/sg/wy47gw996f78fznt898m8x540000gn/T/cargo-mutants-flavor-rs-AJnnRY.tmp/target/debug/deps/librand-a25bcd883a2e2285.rlib --extern serde=/private/var/folders/sg/wy47gw996f78fznt898m8x540000gn/T/cargo-mutants-flavor-rs-AJnnRY.tmp/target/debug/deps/libserde-02be1dd65d3ef57a.rlib --extern serde_json=/private/var/folders/sg/wy47gw996f78fznt898m8x540000gn/T/cargo-mutants-flavor-rs-AJnnRY.tmp/target/debug/deps/libserde_json-469eaea1fff499db.rlib --extern sha2=/private/var/folders/sg/wy47gw996f78fznt898m8x540000gn/T/cargo-mutants-flavor-rs-AJnnRY.tmp/target/debug/deps/libsha2-28b9a530c85e9fef.rlib --extern signal_hook=/private/var/folders/sg/wy47gw996f78fznt898m8x540000gn/T/cargo-mutants-flavor-rs-AJnnRY.tmp/target/debug/deps/libsignal_hook-0a34b12e866764fc.rlib --extern tar=/private/var/folders/sg/wy47gw996f78fznt898m8x540000gn/T/cargo-mutants-flavor-rs-AJnnRY.tmp/target/debug/deps/libtar-9468371f38505d5a.rlib --extern tempfile=/private/var/folders/sg/wy47gw996f78fznt898m8x540000gn/T/cargo-mutants-flavor-rs-AJnnRY.tmp/target/debug/deps/libtempfile-f67b0e214d8dd2e3.rlib --extern which=/private/var/folders/sg/wy47gw996f78fznt898m8x540000gn/T/cargo-mutants-flavor-rs-AJnnRY.tmp/target/debug/deps/libwhich-a2a3c9536beaf592.rlib`
     Running `/Users/tim/.rustup/toolchains/stable-aarch64-apple-darwin/bin/rustc --crate-name flavor --edition=2024 src/lib.rs --error-format=json --json=diagnostic-rendered-ansi,artifacts,future-incompat --crate-type lib --emit=dep-info,metadata,link -C embed-bitcode=no -C debuginfo=2 -C split-debuginfo=unpacked --cfg 'feature="default"' --check-cfg 'cfg(docsrs,test)' --check-cfg 'cfg(feature, values("default"))' -C metadata=638a3856e0fcd0df -C extra-filename=-88d82f8937f7a117 --out-dir /private/var/folders/sg/wy47gw996f78fznt898m8x540000gn/T/cargo-mutants-flavor-rs-AJnnRY.tmp/target/debug/deps -C incremental=/private/var/folders/sg/wy47gw996f78fznt898m8x540000gn/T/cargo-mutants-flavor-rs-AJnnRY.tmp/target/debug/incremental -L dependency=/private/var/folders/sg/wy47gw996f78fznt898m8x540000gn/T/cargo-mutants-flavor-rs-AJnnRY.tmp/target/debug/deps --extern adler2=/private/var/folders/sg/wy47gw996f78fznt898m8x540000gn/T/cargo-mutants-flavor-rs-AJnnRY.tmp/target/debug/deps/libadler2-1237be17f08066aa.rmeta --extern anyhow=/private/var/folders/sg/wy47gw996f78fznt898m8x540000gn/T/cargo-mutants-flavor-rs-AJnnRY.tmp/target/debug/deps/libanyhow-d9b6d410a1361442.rmeta --extern chrono=/private/var/folders/sg/wy47gw996f78fznt898m8x540000gn/T/cargo-mutants-flavor-rs-AJnnRY.tmp/target/debug/deps/libchrono-b7affcfd136ee226.rmeta --extern clap=/private/var/folders/sg/wy47gw996f78fznt898m8x540000gn/T/cargo-mutants-flavor-rs-AJnnRY.tmp/target/debug/deps/libclap-c2746911242c53dc.rmeta --extern ed25519_dalek=/private/var/folders/sg/wy47gw996f78fznt898m8x540000gn/T/cargo-mutants-flavor-rs-AJnnRY.tmp/target/debug/deps/libed25519_dalek-42293ea3dc57f31c.rmeta --extern env_logger=/private/var/folders/sg/wy47gw996f78fznt898m8x540000gn/T/cargo-mutants-flavor-rs-AJnnRY.tmp/target/debug/deps/libenv_logger-75173f29843c9a52.rmeta --extern flate2=/private/var/folders/sg/wy47gw996f78fznt898m8x540000gn/T/cargo-mutants-flavor-rs-AJnnRY.tmp/target/debug/deps/libflate2-96cd3d855b9115ec.rmeta --extern fs2=/private/var/folders/sg/wy47gw996f78fznt898m8x540000gn/T/cargo-mutants-flavor-rs-AJnnRY.tmp/target/debug/deps/libfs2-71900ee401453af8.rmeta --extern gethostname=/private/var/folders/sg/wy47gw996f78fznt898m8x540000gn/T/cargo-mutants-flavor-rs-AJnnRY.tmp/target/debug/deps/libgethostname-e6576ba3912663df.rmeta --extern glob=/private/var/folders/sg/wy47gw996f78fznt898m8x540000gn/T/cargo-mutants-flavor-rs-AJnnRY.tmp/target/debug/deps/libglob-56daeb017c976e69.rmeta --extern hex=/private/var/folders/sg/wy47gw996f78fznt898m8x540000gn/T/cargo-mutants-flavor-rs-AJnnRY.tmp/target/debug/deps/libhex-6a16846156d7c862.rmeta --extern libc=/private/var/folders/sg/wy47gw996f78fznt898m8x540000gn/T/cargo-mutants-flavor-rs-AJnnRY.tmp/target/debug/deps/liblibc-26979bb06dae4666.rmeta --extern log=/private/var/folders/sg/wy47gw996f78fznt898m8x540000gn/T/cargo-mutants-flavor-rs-AJnnRY.tmp/target/debug/deps/liblog-8a7d20b8c005bc83.rmeta --extern memmap2=/private/var/folders/sg/wy47gw996f78fznt898m8x540000gn/T/cargo-mutants-flavor-rs-AJnnRY.tmp/target/debug/deps/libmemmap2-413e3a480d8f5878.rmeta --extern pem=/private/var/folders/sg/wy47gw996f78fznt898m8x540000gn/T/cargo-mutants-flavor-rs-AJnnRY.tmp/target/debug/deps/libpem-baee24606d736ef7.rmeta --extern rand=/private/var/folders/sg/wy47gw996f78fznt898m8x540000gn/T/cargo-mutants-flavor-rs-AJnnRY.tmp/target/debug/deps/librand-a25bcd883a2e2285.rmeta --extern serde=/private/var/folders/sg/wy47gw996f78fznt898m8x540000gn/T/cargo-mutants-flavor-rs-AJnnRY.tmp/target/debug/deps/libserde-02be1dd65d3ef57a.rmeta --extern serde_json=/private/var/folders/sg/wy47gw996f78fznt898m8x540000gn/T/cargo-mutants-flavor-rs-AJnnRY.tmp/target/debug/deps/libserde_json-469eaea1fff499db.rmeta --extern sha2=/private/var/folders/sg/wy47gw996f78fznt898m8x540000gn/T/cargo-mutants-flavor-rs-AJnnRY.tmp/target/debug/deps/libsha2-28b9a530c85e9fef.rmeta --extern signal_hook=/private/var/folders/sg/wy47gw996f78fznt898m8x540000gn/T/cargo-mutants-flavor-rs-AJnnRY.tmp/target/debug/deps/libsignal_hook-0a34b12e866764fc.rmeta --extern tar=/private/var/folders/sg/wy47gw996f78fznt898m8x540000gn/T/cargo-mutants-flavor-rs-AJnnRY.tmp/target/debug/deps/libtar-9468371f38505d5a.rmeta --extern tempfile=/private/var/folders/sg/wy47gw996f78fznt898m8x540000gn/T/cargo-mutants-flavor-rs-AJnnRY.tmp/target/debug/deps/libtempfile-f67b0e214d8dd2e3.rmeta --extern which=/private/var/folders/sg/wy47gw996f78fznt898m8x540000gn/T/cargo-mutants-flavor-rs-AJnnRY.tmp/target/debug/deps/libwhich-a2a3c9536beaf592.rmeta`
     Running `/Users/tim/.rustup/toolchains/stable-aarch64-apple-darwin/bin/rustc --crate-name flavor_rs_builder --edition=2024 src/bin/flavor-rs-builder.rs --error-format=json --json=diagnostic-rendered-ansi,artifacts,future-incompat --emit=dep-info,link -C embed-bitcode=no -C debuginfo=2 -C split-debuginfo=unpacked --test --cfg 'feature="default"' --check-cfg 'cfg(docsrs,test)' --check-cfg 'cfg(feature, values("default"))' -C metadata=069fa1d69c2b4683 -C extra-filename=-8b703e7e9be23f48 --out-dir /private/var/folders/sg/wy47gw996f78fznt898m8x540000gn/T/cargo-mutants-flavor-rs-AJnnRY.tmp/target/debug/deps -C incremental=/private/var/folders/sg/wy47gw996f78fznt898m8x540000gn/T/cargo-mutants-flavor-rs-AJnnRY.tmp/target/debug/incremental -L dependency=/private/var/folders/sg/wy47gw996f78fznt898m8x540000gn/T/cargo-mutants-flavor-rs-AJnnRY.tmp/target/debug/deps --extern adler2=/private/var/folders/sg/wy47gw996f78fznt898m8x540000gn/T/cargo-mutants-flavor-rs-AJnnRY.tmp/target/debug/deps/libadler2-1237be17f08066aa.rlib --extern anyhow=/private/var/folders/sg/wy47gw996f78fznt898m8x540000gn/T/cargo-mutants-flavor-rs-AJnnRY.tmp/target/debug/deps/libanyhow-d9b6d410a1361442.rlib --extern chrono=/private/var/folders/sg/wy47gw996f78fznt898m8x540000gn/T/cargo-mutants-flavor-rs-AJnnRY.tmp/target/debug/deps/libchrono-b7affcfd136ee226.rlib --extern clap=/private/var/folders/sg/wy47gw996f78fznt898m8x540000gn/T/cargo-mutants-flavor-rs-AJnnRY.tmp/target/debug/deps/libclap-c2746911242c53dc.rlib --extern ed25519_dalek=/private/var/folders/sg/wy47gw996f78fznt898m8x540000gn/T/cargo-mutants-flavor-rs-AJnnRY.tmp/target/debug/deps/libed25519_dalek-42293ea3dc57f31c.rlib --extern env_logger=/private/var/folders/sg/wy47gw996f78fznt898m8x540000gn/T/cargo-mutants-flavor-rs-AJnnRY.tmp/target/debug/deps/libenv_logger-75173f29843c9a52.rlib --extern flate2=/private/var/folders/sg/wy47gw996f78fznt898m8x540000gn/T/cargo-mutants-flavor-rs-AJnnRY.tmp/target/debug/deps/libflate2-96cd3d855b9115ec.rlib --extern flavor=/private/var/folders/sg/wy47gw996f78fznt898m8x540000gn/T/cargo-mutants-flavor-rs-AJnnRY.tmp/target/debug/deps/libflavor-88d82f8937f7a117.rlib --extern fs2=/private/var/folders/sg/wy47gw996f78fznt898m8x540000gn/T/cargo-mutants-flavor-rs-AJnnRY.tmp/target/debug/deps/libfs2-71900ee401453af8.rlib --extern gethostname=/private/var/folders/sg/wy47gw996f78fznt898m8x540000gn/T/cargo-mutants-flavor-rs-AJnnRY.tmp/target/debug/deps/libgethostname-e6576ba3912663df.rlib --extern glob=/private/var/folders/sg/wy47gw996f78fznt898m8x540000gn/T/cargo-mutants-flavor-rs-AJnnRY.tmp/target/debug/deps/libglob-56daeb017c976e69.rlib --extern hex=/private/var/folders/sg/wy47gw996f78fznt898m8x540000gn/T/cargo-mutants-flavor-rs-AJnnRY.tmp/target/debug/deps/libhex-6a16846156d7c862.rlib --extern libc=/private/var/folders/sg/wy47gw996f78fznt898m8x540000gn/T/cargo-mutants-flavor-rs-AJnnRY.tmp/target/debug/deps/liblibc-26979bb06dae4666.rlib --extern log=/private/var/folders/sg/wy47gw996f78fznt898m8x540000gn/T/cargo-mutants-flavor-rs-AJnnRY.tmp/target/debug/deps/liblog-8a7d20b8c005bc83.rlib --extern memmap2=/private/var/folders/sg/wy47gw996f78fznt898m8x540000gn/T/cargo-mutants-flavor-rs-AJnnRY.tmp/target/debug/deps/libmemmap2-413e3a480d8f5878.rlib --extern pem=/private/var/folders/sg/wy47gw996f78fznt898m8x540000gn/T/cargo-mutants-flavor-rs-AJnnRY.tmp/target/debug/deps/libpem-baee24606d736ef7.rlib --extern proptest=/private/var/folders/sg/wy47gw996f78fznt898m8x540000gn/T/cargo-mutants-flavor-rs-AJnnRY.tmp/target/debug/deps/libproptest-387450d3dcbd40ff.rlib --extern rand=/private/var/folders/sg/wy47gw996f78fznt898m8x540000gn/T/cargo-mutants-flavor-rs-AJnnRY.tmp/target/debug/deps/librand-a25bcd883a2e2285.rlib --extern serde=/private/var/folders/sg/wy47gw996f78fznt898m8x540000gn/T/cargo-mutants-flavor-rs-AJnnRY.tmp/target/debug/deps/libserde-02be1dd65d3ef57a.rlib --extern serde_json=/private/var/folders/sg/wy47gw996f78fznt898m8x540000gn/T/cargo-mutants-flavor-rs-AJnnRY.tmp/target/debug/deps/libserde_json-469eaea1fff499db.rlib --extern sha2=/private/var/folders/sg/wy47gw996f78fznt898m8x540000gn/T/cargo-mutants-flavor-rs-AJnnRY.tmp/target/debug/deps/libsha2-28b9a530c85e9fef.rlib --extern signal_hook=/private/var/folders/sg/wy47gw996f78fznt898m8x540000gn/T/cargo-mutants-flavor-rs-AJnnRY.tmp/target/debug/deps/libsignal_hook-0a34b12e866764fc.rlib --extern tar=/private/var/folders/sg/wy47gw996f78fznt898m8x540000gn/T/cargo-mutants-flavor-rs-AJnnRY.tmp/target/debug/deps/libtar-9468371f38505d5a.rlib --extern tempfile=/private/var/folders/sg/wy47gw996f78fznt898m8x540000gn/T/cargo-mutants-flavor-rs-AJnnRY.tmp/target/debug/deps/libtempfile-f67b0e214d8dd2e3.rlib --extern which=/private/var/folders/sg/wy47gw996f78fznt898m8x540000gn/T/cargo-mutants-flavor-rs-AJnnRY.tmp/target/debug/deps/libwhich-a2a3c9536beaf592.rlib`
     Running `/Users/tim/.rustup/toolchains/stable-aarch64-apple-darwin/bin/rustc --crate-name flavor_rs_launcher --edition=2024 src/bin/flavor-rs-launcher.rs --error-format=json --json=diagnostic-rendered-ansi,artifacts,future-incompat --emit=dep-info,link -C embed-bitcode=no -C debuginfo=2 -C split-debuginfo=unpacked --test --cfg 'feature="default"' --check-cfg 'cfg(docsrs,test)' --check-cfg 'cfg(feature, values("default"))' -C metadata=1e86bd574fcae1c3 -C extra-filename=-30d5c8f9cc0f7e8a --out-dir /private/var/folders/sg/wy47gw996f78fznt898m8x540000gn/T/cargo-mutants-flavor-rs-AJnnRY.tmp/target/debug/deps -C incremental=/private/var/folders/sg/wy47gw996f78fznt898m8x540000gn/T/cargo-mutants-flavor-rs-AJnnRY.tmp/target/debug/incremental -L dependency=/private/var/folders/sg/wy47gw996f78fznt898m8x540000gn/T/cargo-mutants-flavor-rs-AJnnRY.tmp/target/debug/deps --extern adler2=/private/var/folders/sg/wy47gw996f78fznt898m8x540000gn/T/cargo-mutants-flavor-rs-AJnnRY.tmp/target/debug/deps/libadler2-1237be17f08066aa.rlib --extern anyhow=/private/var/folders/sg/wy47gw996f78fznt898m8x540000gn/T/cargo-mutants-flavor-rs-AJnnRY.tmp/target/debug/deps/libanyhow-d9b6d410a1361442.rlib --extern chrono=/private/var/folders/sg/wy47gw996f78fznt898m8x540000gn/T/cargo-mutants-flavor-rs-AJnnRY.tmp/target/debug/deps/libchrono-b7affcfd136ee226.rlib --extern clap=/private/var/folders/sg/wy47gw996f78fznt898m8x540000gn/T/cargo-mutants-flavor-rs-AJnnRY.tmp/target/debug/deps/libclap-c2746911242c53dc.rlib --extern ed25519_dalek=/private/var/folders/sg/wy47gw996f78fznt898m8x540000gn/T/cargo-mutants-flavor-rs-AJnnRY.tmp/target/debug/deps/libed25519_dalek-42293ea3dc57f31c.rlib --extern env_logger=/private/var/folders/sg/wy47gw996f78fznt898m8x540000gn/T/cargo-mutants-flavor-rs-AJnnRY.tmp/target/debug/deps/libenv_logger-75173f29843c9a52.rlib --extern flate2=/private/var/folders/sg/wy47gw996f78fznt898m8x540000gn/T/cargo-mutants-flavor-rs-AJnnRY.tmp/target/debug/deps/libflate2-96cd3d855b9115ec.rlib --extern flavor=/private/var/folders/sg/wy47gw996f78fznt898m8x540000gn/T/cargo-mutants-flavor-rs-AJnnRY.tmp/target/debug/deps/libflavor-88d82f8937f7a117.rlib --extern fs2=/private/var/folders/sg/wy47gw996f78fznt898m8x540000gn/T/cargo-mutants-flavor-rs-AJnnRY.tmp/target/debug/deps/libfs2-71900ee401453af8.rlib --extern gethostname=/private/var/folders/sg/wy47gw996f78fznt898m8x540000gn/T/cargo-mutants-flavor-rs-AJnnRY.tmp/target/debug/deps/libgethostname-e6576ba3912663df.rlib --extern glob=/private/var/folders/sg/wy47gw996f78fznt898m8x540000gn/T/cargo-mutants-flavor-rs-AJnnRY.tmp/target/debug/deps/libglob-56daeb017c976e69.rlib --extern hex=/private/var/folders/sg/wy47gw996f78fznt898m8x540000gn/T/cargo-mutants-flavor-rs-AJnnRY.tmp/target/debug/deps/libhex-6a16846156d7c862.rlib --extern libc=/private/var/folders/sg/wy47gw996f78fznt898m8x540000gn/T/cargo-mutants-flavor-rs-AJnnRY.tmp/target/debug/deps/liblibc-26979bb06dae4666.rlib --extern log=/private/var/folders/sg/wy47gw996f78fznt898m8x540000gn/T/cargo-mutants-flavor-rs-AJnnRY.tmp/target/debug/deps/liblog-8a7d20b8c005bc83.rlib --extern memmap2=/private/var/folders/sg/wy47gw996f78fznt898m8x540000gn/T/cargo-mutants-flavor-rs-AJnnRY.tmp/target/debug/deps/libmemmap2-413e3a480d8f5878.rlib --extern pem=/private/var/folders/sg/wy47gw996f78fznt898m8x540000gn/T/cargo-mutants-flavor-rs-AJnnRY.tmp/target/debug/deps/libpem-baee24606d736ef7.rlib --extern proptest=/private/var/folders/sg/wy47gw996f78fznt898m8x540000gn/T/cargo-mutants-flavor-rs-AJnnRY.tmp/target/debug/deps/libproptest-387450d3dcbd40ff.rlib --extern rand=/private/var/folders/sg/wy47gw996f78fznt898m8x540000gn/T/cargo-mutants-flavor-rs-AJnnRY.tmp/target/debug/deps/librand-a25bcd883a2e2285.rlib --extern serde=/private/var/folders/sg/wy47gw996f78fznt898m8x540000gn/T/cargo-mutants-flavor-rs-AJnnRY.tmp/target/debug/deps/libserde-02be1dd65d3ef57a.rlib --extern serde_json=/private/var/folders/sg/wy47gw996f78fznt898m8x540000gn/T/cargo-mutants-flavor-rs-AJnnRY.tmp/target/debug/deps/libserde_json-469eaea1fff499db.rlib --extern sha2=/private/var/folders/sg/wy47gw996f78fznt898m8x540000gn/T/cargo-mutants-flavor-rs-AJnnRY.tmp/target/debug/deps/libsha2-28b9a530c85e9fef.rlib --extern signal_hook=/private/var/folders/sg/wy47gw996f78fznt898m8x540000gn/T/cargo-mutants-flavor-rs-AJnnRY.tmp/target/debug/deps/libsignal_hook-0a34b12e866764fc.rlib --extern tar=/private/var/folders/sg/wy47gw996f78fznt898m8x540000gn/T/cargo-mutants-flavor-rs-AJnnRY.tmp/target/debug/deps/libtar-9468371f38505d5a.rlib --extern tempfile=/private/var/folders/sg/wy47gw996f78fznt898m8x540000gn/T/cargo-mutants-flavor-rs-AJnnRY.tmp/target/debug/deps/libtempfile-f67b0e214d8dd2e3.rlib --extern which=/private/var/folders/sg/wy47gw996f78fznt898m8x540000gn/T/cargo-mutants-flavor-rs-AJnnRY.tmp/target/debug/deps/libwhich-a2a3c9536beaf592.rlib`
    Finished `test` profile [unoptimized + debuginfo] target(s) in 1.43s
     Running `/private/var/folders/sg/wy47gw996f78fznt898m8x540000gn/T/cargo-mutants-flavor-rs-AJnnRY.tmp/target/debug/deps/flavor-19035fd48ff337ba`

running 109 tests
test logger::tests::is_json_logging_tracks_environment_prefix ... {"@file":"unknown","@level":"info","@line":0,"@message":"stderr fallback","@module":"flavor::tests","@pid":7004,"@timestamp":"2026-03-31T20:27:21.502843Z"}
ok
{"@file":"src/psp/format_2025/operations.rs","@level":"debug","@line":37,"@message":"✅ Operations packed: result=4097","@module":"flavor::psp::format_2025::operations","@pid":7004,"@timestamp":"2026-03-31T20:27:21.503066Z"}
{"@file":"src/psp/format_2025/builder/slot_processor.rs","@level":"debug","@line":47,"@message":"🎰 Processing 1 slots","@module":"flavor::psp::format_2025::builder::slot_processor","@pid":7004,"@timestamp":"2026-03-31T20:27:21.502399Z"}
{"@file":"src/psp/format_2025/builder/slot_processor.rs","@level":"debug","@line":47,"@message":"🎰 Processing 1 slots","@module":"flavor::psp::format_2025::builder::slot_processor","@pid":7004,"@timestamp":"2026-03-31T20:27:21.502397Z"}
test logger::tests::parse_level_mode_defaults_invalid_json_level_to_trace ... ok
test logger::tests::parse_level_mode_defaults_json_mode_to_info ... {"@file":"src/psp/format_2025/builder/slot_processor.rs","@level":"info","@line":70,"@message":"✨ Slot 0 is self-referential ($SELF), skipping packaging","@module":"flavor::psp::format_2025::builder::slot_processor","@pid":7004,"@timestamp":"2026-03-31T20:27:21.506830Z"}
ok
{"@file":"src/psp/format_2025/builder/slot_processor.rs","@level":"debug","@line":333,"@message":"📍 Slot 0: payload size 5 bytes, checksum 00000000deadbeef","@module":"flavor::psp::format_2025::builder::slot_processor","@pid":7004,"@timestamp":"2026-03-31T20:27:21.506855Z"}
{"@file":"src/psp/format_2025/operations.rs","@level":"debug","@line":37,"@message":"✅ Operations packed: result=4097","@module":"flavor::psp::format_2025::operations","@pid":7004,"@timestamp":"2026-03-31T20:27:21.506913Z"}
test psp::format_2025::defaults::tests::get_validation_level_uses_env_override ... ok
{"@file":"src/psp/format_2025/builder/slot_processor.rs","@level":"debug","@line":163,"@message":"✅ Processed 1 slots in 101.25µs","@module":"flavor::psp::format_2025::builder::slot_processor","@pid":7004,"@timestamp":"2026-03-31T20:27:21.506930Z"}
test logger::tests::parse_level_mode_handles_plain_and_json_levels ... ok
test logger::tests::init_with_level_json_mode_returns_actual_level_and_source ... ok
test psp::format_2025::defaults::tests::get_validation_level_falls_back_to_strict_for_invalid_value ... ok
test psp::format_2025::checksums::tests::test_parse_checksum_prefixed_and_legacy_formats ... ok
test psp::format_2025::checksums::tests::test_calculate_checksum_bytes_and_verify ... ok
test psp::format_2025::crypto::tests::test_verify_signature_rejects_invalid_length ... ok
test psp::format_2025::checksums::tests::test_calculate_checksum_streaming_and_blake2b_error ... ok
test psp::format_2025::crypto::tests::test_sign_and_verify_roundtrip ... ok
test logger::tests::json_logger_handles_stderr_fallback_without_a_file ... {"@file":"src/psp/format_2025/execution/validation.rs","@level":"warn","@line":71,"@message":"⚠️ SECURITY WARNING: Package checksum mismatch! cached: deadbeef, current: cafebabe","@module":"flavor::psp::format_2025::execution::validation","@pid":7004,"@timestamp":"2026-03-31T20:27:21.508067Z"}
ok
{"@file":"src/psp/format_2025/execution/validation.rs","@level":"warn","@line":75,"@message":"⚠️ Cache may be compromised or package has changed","@module":"flavor::psp::format_2025::execution::validation","@pid":7004,"@timestamp":"2026-03-31T20:27:21.508111Z"}
test psp::format_2025::defaults::tests::validation_level_rejects_unknown_values ... ok
test psp::format_2025::builder::slot_processor::tests::test_process_slots_rejects_slot_number_mismatch ... ok{"@file":"src/psp/format_2025/execution/validation.rs","@level":"warn","@line":76,"@message":"⚠️ Continuing due to relaxed validation","@module":"flavor::psp::format_2025::execution::validation","@pid":7004,"@timestamp":"2026-03-31T20:27:21.508182Z"}

{"@file":"src/psp/format_2025/execution/validation.rs","@level":"warn","@line":88,"@message":"⚠️ Package checksum mismatch, continuing with standard validation: cached: deadbeef, current: cafebabe","@module":"flavor::psp::format_2025::execution::validation","@pid":7004,"@timestamp":"2026-03-31T20:27:21.508206Z"}
test psp::format_2025::defaults::tests::validation_level_roundtrips_all_known_values ... ok{"@file":"src/psp/format_2025/execution/validation.rs","@level":"error","@line":95,"@message":"🚨 CRITICAL: Package checksum mismatch! cached: deadbeef, current: cafebabe","@module":"flavor::psp::format_2025::execution::validation","@pid":7004,"@timestamp":"2026-03-31T20:27:21.508238Z"}

test psp::format_2025::builder::slot_processor::tests::test_create_slot_descriptor_uses_default_permissions_for_invalid_octal ... ok{"@file":"src/psp/format_2025/execution/validation.rs","@level":"error","@line":100,"@message":"🚨 Cache may be compromised or package has changed","@module":"flavor::psp::format_2025::execution::validation","@pid":7004,"@timestamp":"2026-03-31T20:27:21.508282Z"}

test psp::format_2025::builder::slot_processor::tests::test_process_slots_self_ref_sets_defaults ... ok
test psp::format_2025::execution::commands::tests::test_build_workenv_path_without_existing_path_uses_only_bin_dir ... ok
{"@file":"src/psp/format_2025/execution/validation.rs","@level":"error","@line":101,"@message":"🚨 Refusing to continue. Set FLAVOR_VALIDATION=relaxed to bypass (NOT RECOMMENDED)","@module":"flavor::psp::format_2025::execution::validation","@pid":7004,"@timestamp":"2026-03-31T20:27:21.508322Z"}
test psp::format_2025::execution::commands::tests::test_shell_split_basic ... ok
test psp::format_2025::execution::commands::tests::test_run_command_path_has_correct_bin_dir_and_separator ... {"@file":"src/psp/format_2025/index.rs","@level":"debug","@line":181,"@message":"Parsed metadata_offset: 0x0000000000000000 (0)","@module":"flavor::psp::format_2025::index","@pid":7004,"@timestamp":"2026-03-31T20:27:21.508472Z"}
ok
{"@file":"src/psp/format_2025/index.rs","@level":"debug","@line":182,"@message":"Parsed metadata_size: 0 bytes","@module":"flavor::psp::format_2025::index","@pid":7004,"@timestamp":"2026-03-31T20:27:21.508509Z"}
test psp::format_2025::execution::commands::tests::test_shell_split_empty ... ok
{"@file":"src/psp/format_2025/index.rs","@level":"debug","@line":181,"@message":"Parsed metadata_offset: 0x00000000000186a0 (100000)","@module":"flavor::psp::format_2025::index","@pid":7004,"@timestamp":"2026-03-31T20:27:21.508553Z"}
test psp::format_2025::execution::commands::tests::test_shell_split_quoted ... ok
{"@file":"src/psp/format_2025/index.rs","@level":"debug","@line":182,"@message":"Parsed metadata_size: 50000 bytes","@module":"flavor::psp::format_2025::index","@pid":7004,"@timestamp":"2026-03-31T20:27:21.509814Z"}
test psp::format_2025::execution::commands::tests::test_shell_split_single_quoted ... ok
test psp::format_2025::extraction::tests::test_resolve_in_workenv_rejects_absolute_paths ... ok
test psp::format_2025::extraction::tests::test_resolve_in_workenv_rejects_parent_traversal ... ok
test psp::format_2025::execution::validation::tests::validate_package_checksum_mismatch_varies_by_validation_level ... ok
test psp::format_2025::launcher::command::tests::test_path_prepend_uses_correct_bin_dir_and_separator ... ok
test psp::format_2025::launcher::command::tests::test_platform_separator ... ok
test psp::format_2025::index::tests::test_pack_verify_roundtrip ... ok
test psp::format_2025::launcher::command::tests::test_path_not_set_uses_only_bin_dir ... ok
test psp::format_2025::launcher::workenv::tests::test_ensure_sufficient_disk_space_accepts_available_capacity ... ok{"@file":"src/psp/format_2025/operations.rs","@level":"debug","@line":37,"@message":"✅ Operations packed: result=0","@module":"flavor::psp::format_2025::operations","@pid":7004,"@timestamp":"2026-03-31T20:27:21.510169Z"}

test psp::format_2025::index::tests::test_pack_verify_with_values ... ok{"@file":"src/psp/format_2025/operations.rs","@level":"debug","@line":37,"@message":"✅ Operations packed: result=16","@module":"flavor::psp::format_2025::operations","@pid":7004,"@timestamp":"2026-03-31T20:27:21.510209Z"}

test psp::format_2025::launcher::workenv::tests::test_calculate_total_size_needed_uses_multiplier ... ok
{"@file":"src/psp/format_2025/operations.rs","@level":"debug","@line":60,"@message":"✅ Operations unpacked: count=0 operations=[]","@module":"flavor::psp::format_2025::operations","@pid":7004,"@timestamp":"2026-03-31T20:27:21.510302Z"}
test psp::format_2025::launcher::workenv::tests::test_ensure_sufficient_disk_space_rejects_insufficient_capacity ... ok
{"@file":"src/psp/format_2025/operations.rs","@level":"debug","@line":37,"@message":"✅ Operations packed: result=4097","@module":"flavor::psp::format_2025::operations","@pid":7004,"@timestamp":"2026-03-31T20:27:21.510186Z"}
{"@file":"src/psp/format_2025/operations.rs","@level":"debug","@line":37,"@message":"✅ Operations packed: result=4097","@module":"flavor::psp::format_2025::operations","@pid":7004,"@timestamp":"2026-03-31T20:27:21.510260Z"}
test psp::format_2025::operations::tests::test_pack_single_operation ... {"@file":"src/psp/format_2025/operations.rs","@level":"debug","@line":60,"@message":"✅ Operations unpacked: count=2 operations=[1, 16]","@module":"flavor::psp::format_2025::operations","@pid":7004,"@timestamp":"2026-03-31T20:27:21.510349Z"}
ok
{"@file":"src/psp/format_2025/operations.rs","@level":"debug","@line":60,"@message":"✅ Operations unpacked: count=1 operations=[16]","@module":"flavor::psp::format_2025::operations","@pid":7004,"@timestamp":"2026-03-31T20:27:21.510445Z"}
{"@file":"src/psp/format_2025/operations.rs","@level":"warn","@line":20,"@message":"⚠️ Too many operations, truncating to 8: provided=10","@module":"flavor::psp::format_2025::operations","@pid":7004,"@timestamp":"2026-03-31T20:27:21.510385Z"}
test psp::format_2025::operations::tests::test_empty_operations ... ok
{"@file":"src/psp/format_2025/operations.rs","@level":"debug","@line":60,"@message":"✅ Operations unpacked: count=2 operations=[1, 16]","@module":"flavor::psp::format_2025::operations","@pid":7004,"@timestamp":"2026-03-31T20:27:21.510449Z"}
{"@file":"src/psp/format_2025/operations.rs","@level":"debug","@line":37,"@message":"✅ Operations packed: result=578437695752307201","@module":"flavor::psp::format_2025::operations","@pid":7004,"@timestamp":"2026-03-31T20:27:21.510572Z"}
test psp::format_2025::operations::tests::test_pack_multiple_operations ... ok{"@file":"src/psp/format_2025/operations.rs","@level":"debug","@line":37,"@message":"✅ Operations packed: result=16703001","@module":"flavor::psp::format_2025::operations","@pid":7004,"@timestamp":"2026-03-31T20:27:21.510658Z"}

{"@file":"src/psp/format_2025/execution/validation.rs","@level":"debug","@line":205,"@message":"🔍 No extraction completion marker found","@module":"flavor::psp::format_2025::execution::validation","@pid":7004,"@timestamp":"2026-03-31T20:27:21.510908Z"}
test psp::format_2025::operations::tests::test_unpack_multiple_operations ... {"@file":"src/psp/format_2025/operations.rs","@level":"debug","@line":60,"@message":"✅ Operations unpacked: count=5 operations=[196, 122, 231, 25, 69]","@module":"flavor::psp::format_2025::operations","@pid":7004,"@timestamp":"2026-03-31T20:27:21.510657Z"}
ok
{"@file":"src/psp/format_2025/operations.rs","@level":"debug","@line":60,"@message":"✅ Operations unpacked: count=8 operations=[1, 2, 3, 4, 5, 6, 7, 8]","@module":"flavor::psp::format_2025::operations","@pid":7004,"@timestamp":"2026-03-31T20:27:21.510629Z"}
{"@file":"src/psp/format_2025/operations.rs","@level":"debug","@line":37,"@message":"✅ Operations packed: result=296787344068","@module":"flavor::psp::format_2025::operations","@pid":7004,"@timestamp":"2026-03-31T20:27:21.510972Z"}
{"@file":"src/psp/format_2025/operations.rs","@level":"debug","@line":37,"@message":"✅ Operations packed: result=2613065414689700432","@module":"flavor::psp::format_2025::operations","@pid":7004,"@timestamp":"2026-03-31T20:27:21.510961Z"}
test psp::format_2025::operations::tests::test_unpack_single_operation ... {"@file":"src/psp/format_2025/operations.rs","@level":"debug","@line":60,"@message":"✅ Operations unpacked: count=5 operations=[196, 122, 231, 25, 69]","@module":"flavor::psp::format_2025::operations","@pid":7004,"@timestamp":"2026-03-31T20:27:21.511011Z"}
ok{"@file":"src/psp/format_2025/operations.rs","@level":"debug","@line":37,"@message":"✅ Operations packed: result=78416139376876","@module":"flavor::psp::format_2025::operations","@pid":7004,"@timestamp":"2026-03-31T20:27:21.510658Z"}

{"@file":"src/psp/format_2025/pe_utils.rs","@level":"debug","@line":88,"@message":"Detected Go binary with minimal DOS stub: pe_offset=0x80 (128 bytes)","@module":"flavor::psp::format_2025::pe_utils","@pid":7004,"@timestamp":"2026-03-31T20:27:21.511041Z"}
test psp::format_2025::paths::tests::test_paths_structure ... {"@file":"src/psp/format_2025/operations.rs","@level":"debug","@line":60,"@message":"✅ Operations unpacked: count=6 operations=[236, 216, 33, 174, 81, 71]","@module":"flavor::psp::format_2025::operations","@pid":7004,"@timestamp":"2026-03-31T20:27:21.511059Z"}
ok{"@file":"src/psp/format_2025/operations.rs","@level":"debug","@line":37,"@message":"✅ Operations packed: result=0","@module":"flavor::psp::format_2025::operations","@pid":7004,"@timestamp":"2026-03-31T20:27:21.511053Z"}

{"@file":"src/psp/format_2025/operations.rs","@level":"debug","@line":60,"@message":"✅ Operations unpacked: count=8 operations=[80, 55, 231, 255, 69, 23, 186, 238]","@module":"flavor::psp::format_2025::operations","@pid":7004,"@timestamp":"2026-03-31T20:27:21.511104Z"}
{"@file":"src/psp/format_2025/operations.rs","@level":"debug","@line":37,"@message":"✅ Operations packed: result=17202087316108556112","@module":"flavor::psp::format_2025::operations","@pid":7004,"@timestamp":"2026-03-31T20:27:21.511212Z"}
test psp::format_2025::operations::tests::test_round_trip ... ok
{"@file":"src/psp/format_2025/operations.rs","@level":"debug","@line":37,"@message":"✅ Operations packed: result=3697613290","@module":"flavor::psp::format_2025::operations","@pid":7004,"@timestamp":"2026-03-31T20:27:21.511232Z"}
test api::tests::detect_package_format_recognizes_pspf_magic_trailer ... {"@file":"src/psp/format_2025/operations.rs","@level":"debug","@line":37,"@message":"✅ Operations packed: result=932826322702","@module":"flavor::psp::format_2025::operations","@pid":7004,"@timestamp":"2026-03-31T20:27:21.511246Z"}
ok
{"@file":"src/psp/format_2025/operations.rs","@level":"debug","@line":37,"@message":"✅ Operations packed: result=9025009060784440919","@module":"flavor::psp::format_2025::operations","@pid":7004,"@timestamp":"2026-03-31T20:27:21.511304Z"}
test psp::format_2025::pe_resources::tests::test_non_windows_stub ... {"@file":"src/psp/format_2025/operations.rs","@level":"debug","@line":60,"@message":"✅ Operations unpacked: count=8 operations=[80, 55, 231, 255, 69, 23, 186, 238]","@module":"flavor::psp::format_2025::operations","@pid":7004,"@timestamp":"2026-03-31T20:27:21.511241Z"}
ok
{"@file":"src/psp/format_2025/operations.rs","@level":"debug","@line":60,"@message":"✅ Operations unpacked: count=5 operations=[14, 23, 200, 48, 217]","@module":"flavor::psp::format_2025::operations","@pid":7004,"@timestamp":"2026-03-31T20:27:21.511303Z"}
{"@file":"src/psp/format_2025/builder/slot_processor.rs","@level":"debug","@line":47,"@message":"🎰 Processing 1 slots","@module":"flavor::psp::format_2025::builder::slot_processor","@pid":7004,"@timestamp":"2026-03-31T20:27:21.511387Z"}
test api::tests::verify_package_rejects_unknown_format ... ok{"@file":"src/psp/format_2025/operations.rs","@level":"debug","@line":60,"@message":"✅ Operations unpacked: count=8 operations=[120, 92, 135, 254, 146, 21, 66, 207]","@module":"flavor::psp::format_2025::operations","@pid":7004,"@timestamp":"2026-03-31T20:27:21.511660Z"}

{"@file":"src/psp/format_2025/operations.rs","@level":"debug","@line":37,"@message":"✅ Operations packed: result=12664","@module":"flavor::psp::format_2025::operations","@pid":7004,"@timestamp":"2026-03-31T20:27:21.511689Z"}
{"@file":"src/psp/format_2025/operations.rs","@level":"debug","@line":37,"@message":"✅ Operations packed: result=14934523035393678456","@module":"flavor::psp::format_2025::operations","@pid":7004,"@timestamp":"2026-03-31T20:27:21.511705Z"}
test psp::format_2025::pe_utils::tests::test_is_pe_executable ... ok
{"@file":"src/psp/format_2025/operations.rs","@level":"debug","@line":37,"@message":"✅ Operations packed: result=2091100565","@module":"flavor::psp::format_2025::operations","@pid":7004,"@timestamp":"2026-03-31T20:27:21.511647Z"}
test psp::format_2025::operations::tests::test_too_many_operations ... {"@file":"src/psp/format_2025/builder/slot_processor.rs","@level":"info","@line":181,"@message":"🔍 No FLAVOR_WORKENV_BASE, using CWD: /private/var/folders/sg/wy47gw996f78fznt898m8x540000gn/T/.tmpOftvwT","@module":"flavor::psp::format_2025::builder::slot_processor","@pid":7004,"@timestamp":"2026-03-31T20:27:21.511523Z"}
ok
{"@file":"src/psp/format_2025/builder/slot_processor.rs","@level":"info","@line":193,"@message":"📍 Slot path has no {workenv}: /var/folders/sg/wy47gw996f78fznt898m8x540000gn/T/.tmpzgPgLu/payload.txt","@module":"flavor::psp::format_2025::builder::slot_processor","@pid":7004,"@timestamp":"2026-03-31T20:27:21.511723Z"}
{"@file":"src/psp/format_2025/operations.rs","@level":"debug","@line":60,"@message":"✅ Operations unpacked: count=8 operations=[120, 92, 135, 254, 146, 21, 66, 207]","@module":"flavor::psp::format_2025::operations","@pid":7004,"@timestamp":"2026-03-31T20:27:21.511742Z"}
test psp::format_2025::pe_utils::tests::test_needs_dos_stub_expansion ... {"@file":"src/psp/format_2025/operations.rs","@level":"debug","@line":37,"@message":"✅ Operations packed: result=179055656238718","@module":"flavor::psp::format_2025::operations","@pid":7004,"@timestamp":"2026-03-31T20:27:21.511870Z"}
ok
{"@file":"src/psp/format_2025/builder/slot_processor.rs","@level":"info","@line":197,"@message":"Attempting to open slot file at: \"/var/folders/sg/wy47gw996f78fznt898m8x540000gn/T/.tmpzgPgLu/payload.txt\"","@module":"flavor::psp::format_2025::builder::slot_processor","@pid":7004,"@timestamp":"2026-03-31T20:27:21.511871Z"}
{"@file":"src/psp/format_2025/operations.rs","@level":"debug","@line":60,"@message":"✅ Operations unpacked: count=8 operations=[193, 239, 133, 135, 21, 192, 156, 68]","@module":"flavor::psp::format_2025::operations","@pid":7004,"@timestamp":"2026-03-31T20:27:21.511917Z"}
test psp::format_2025::policy::tests::test_enforce_policy_age_exceeded ... ok{"@file":"src/psp/format_2025/builder/slot_processor.rs","@level":"info","@line":185,"@message":"📍 Resolved slot path: {workenv}/nested/file.txt -> /private/var/folders/sg/wy47gw996f78fznt898m8x540000gn/T/.tmpOftvwT/nested/file.txt (base: /private/var/folders/sg/wy47gw996f78fznt898m8x540000gn/T/.tmpOftvwT)","@module":"flavor::psp::format_2025::builder::slot_processor","@pid":7004,"@timestamp":"2026-03-31T20:27:21.511820Z"}

{"@file":"src/psp/format_2025/operations.rs","@level":"debug","@line":60,"@message":"✅ Operations unpacked: count=2 operations=[120, 49]","@module":"flavor::psp::format_2025::operations","@pid":7004,"@timestamp":"2026-03-31T20:27:21.511723Z"}
{"@file":"src/psp/format_2025/builder/slot_processor.rs","@level":"info","@line":197,"@message":"Attempting to open slot file at: \"/private/var/folders/sg/wy47gw996f78fznt898m8x540000gn/T/.tmpOftvwT/nested/file.txt\"","@module":"flavor::psp::format_2025::builder::slot_processor","@pid":7004,"@timestamp":"2026-03-31T20:27:21.512111Z"}
test psp::format_2025::policy::tests::test_enforce_policy_env_var_missing ... {"@file":"src/psp/format_2025/operations.rs","@level":"debug","@line":37,"@message":"✅ Operations packed: result=4944037689646510017","@module":"flavor::psp::format_2025::operations","@pid":7004,"@timestamp":"2026-03-31T20:27:21.511955Z"}
ok
test psp::format_2025::policy::tests::test_enforce_policy_env_var_present ... {"@file":"src/psp/format_2025/builder/slot_processor.rs","@level":"info","@line":248,"@message":"Slot 0: SHA256 checksum: sha256:4878649abe08d9faaa6f7b948502e4144ec4fb1859e108f6367d65254c7b983c","@module":"flavor::psp::format_2025::builder::slot_processor","@pid":7004,"@timestamp":"2026-03-31T20:27:21.512098Z"}
ok{"@file":"src/psp/format_2025/operations.rs","@level":"debug","@line":60,"@message":"✅ Operations unpacked: count=8 operations=[193, 239, 133, 135, 21, 192, 156, 68]","@module":"flavor::psp::format_2025::operations","@pid":7004,"@timestamp":"2026-03-31T20:27:21.512200Z"}

{"@file":"src/psp/format_2025/operations.rs","@level":"debug","@line":37,"@message":"✅ Operations packed: result=61866","@module":"flavor::psp::format_2025::operations","@pid":7004,"@timestamp":"2026-03-31T20:27:21.512170Z"}
test psp::format_2025::policy::tests::test_enforce_policy_permissive ... {"@file":"src/psp/format_2025/operations.rs","@level":"debug","@line":37,"@message":"✅ Operations packed: result=232020938258259","@module":"flavor::psp::format_2025::operations","@pid":7004,"@timestamp":"2026-03-31T20:27:21.511944Z"}
ok{"@file":"src/psp/format_2025/operations.rs","@level":"debug","@line":60,"@message":"✅ Operations unpacked: count=2 operations=[170, 241]","@module":"flavor::psp::format_2025::operations","@pid":7004,"@timestamp":"2026-03-31T20:27:21.512274Z"}

{"@file":"src/psp/format_2025/operations.rs","@level":"debug","@line":60,"@message":"✅ Operations unpacked: count=8 operations=[177, 173, 12, 191, 8, 112, 170, 241]","@module":"flavor::psp::format_2025::operations","@pid":7004,"@timestamp":"2026-03-31T20:27:21.512273Z"}
{"@file":"src/psp/format_2025/builder/slot_processor.rs","@level":"debug","@line":249,"@message":"Slot 0: SHA256 u64 (first 8 bytes): fad908be9a647848","@module":"flavor::psp::format_2025::builder::slot_processor","@pid":7004,"@timestamp":"2026-03-31T20:27:21.512264Z"}
test api::tests::launch_package_rejects_unknown_format ... ok
{"@file":"src/psp/format_2025/operations.rs","@level":"debug","@line":37,"@message":"✅ Operations packed: result=6825637","@module":"flavor::psp::format_2025::operations","@pid":7004,"@timestamp":"2026-03-31T20:27:21.512325Z"}
{"@file":"src/psp/format_2025/operations.rs","@level":"debug","@line":37,"@message":"✅ Operations packed: result=4097","@module":"flavor::psp::format_2025::operations","@pid":7004,"@timestamp":"2026-03-31T20:27:21.512371Z"}
test psp::format_2025::policy::tests::test_enforce_policy_platform_blocked ... ok
{"@file":"src/psp/format_2025/builder/slot_processor.rs","@level":"debug","@line":333,"@message":"📍 Slot 0: payload size 12 bytes, checksum fad908be9a647848","@module":"flavor::psp::format_2025::builder::slot_processor","@pid":7004,"@timestamp":"2026-03-31T20:27:21.512402Z"}
test psp::format_2025::policy::tests::test_enforce_policy_refuse_root_current_platform ... {"@file":"src/psp/format_2025/operations.rs","@level":"debug","@line":37,"@message":"✅ Operations packed: result=2818683558316958884","@module":"flavor::psp::format_2025::operations","@pid":7004,"@timestamp":"2026-03-31T20:27:21.512352Z"}
ok
{"@file":"src/psp/format_2025/operations.rs","@level":"debug","@line":37,"@message":"✅ Operations packed: result=17413854092048772529","@module":"flavor::psp::format_2025::operations","@pid":7004,"@timestamp":"2026-03-31T20:27:21.512334Z"}
{"@file":"src/psp/format_2025/operations.rs","@level":"debug","@line":37,"@message":"✅ Operations packed: result=3364319490696169313","@module":"flavor::psp::format_2025::operations","@pid":7004,"@timestamp":"2026-03-31T20:27:21.512423Z"}
test psp::format_2025::policy::tests::test_enforce_policy_require_trusted_key_not_required ... ok
{"@file":"src/psp/format_2025/operations.rs","@level":"debug","@line":60,"@message":"✅ Operations unpacked: count=8 operations=[177, 173, 12, 191, 8, 112, 170, 241]","@module":"flavor::psp::format_2025::operations","@pid":7004,"@timestamp":"2026-03-31T20:27:21.512528Z"}
test psp::format_2025::policy::tests::test_enforce_policy_require_trusted_key_trusted ... {"@file":"src/psp/format_2025/operations.rs","@level":"debug","@line":60,"@message":"✅ Operations unpacked: count=8 operations=[164, 100, 183, 35, 195, 249, 29, 39]","@module":"flavor::psp::format_2025::operations","@pid":7004,"@timestamp":"2026-03-31T20:27:21.512499Z"}
ok{"@file":"src/psp/format_2025/operations.rs","@level":"debug","@line":37,"@message":"✅ Operations packed: result=231510198581","@module":"flavor::psp::format_2025::operations","@pid":7004,"@timestamp":"2026-03-31T20:27:21.512586Z"}

{"@file":"src/psp/format_2025/builder/slot_processor.rs","@level":"debug","@line":163,"@message":"✅ Processed 1 slots in 744.458µs","@module":"flavor::psp::format_2025::builder::slot_processor","@pid":7004,"@timestamp":"2026-03-31T20:27:21.512467Z"}
test psp::format_2025::policy::tests::test_enforce_policy_require_trusted_key_untrusted ... {"@file":"src/psp/format_2025/extraction.rs","@level":"debug","@line":307,"@message":"📦 Extracting tarball to \"/var/folders/sg/wy47gw996f78fznt898m8x540000gn/T/.tmpEdpGLI\"","@module":"flavor::psp::format_2025::extraction","@pid":7004,"@timestamp":"2026-03-31T20:27:21.512612Z"}
ok
{"@file":"src/psp/format_2025/operations.rs","@level":"debug","@line":37,"@message":"✅ Operations packed: result=7346670565386773578","@module":"flavor::psp::format_2025::operations","@pid":7004,"@timestamp":"2026-03-31T20:27:21.512659Z"}
test psp::format_2025::policy::tests::test_enforce_policy_sbom_required ... ok
{"@file":"src/psp/format_2025/operations.rs","@level":"debug","@line":60,"@message":"✅ Operations unpacked: count=8 operations=[202, 209, 217, 146, 253, 33, 173, 229]","@module":"flavor::psp::format_2025::operations","@pid":7004,"@timestamp":"2026-03-31T20:27:21.512620Z"}
test psp::format_2025::policy::tests::test_get_current_platform_nonempty ... ok
test api::tests::build_package_rejects_unknown_format ... ok
{"@file":"src/psp/format_2025/operations.rs","@level":"debug","@line":37,"@message":"✅ Operations packed: result=4097","@module":"flavor::psp::format_2025::operations","@pid":7004,"@timestamp":"2026-03-31T20:27:21.512661Z"}
{"@file":"src/psp/format_2025/operations.rs","@level":"debug","@line":37,"@message":"✅ Operations packed: result=186009378760776","@module":"flavor::psp::format_2025::operations","@pid":7004,"@timestamp":"2026-03-31T20:27:21.512647Z"}
test logger::tests::json_logger_writes_structured_records_to_file ... ok
{"@file":"src/psp/format_2025/operations.rs","@level":"debug","@line":37,"@message":"✅ Operations packed: result=72","@module":"flavor::psp::format_2025::operations","@pid":7004,"@timestamp":"2026-03-31T20:27:21.512726Z"}
{"@file":"src/psp/format_2025/operations.rs","@level":"debug","@line":37,"@message":"✅ Operations packed: result=16549921578630631882","@module":"flavor::psp::format_2025::operations","@pid":7004,"@timestamp":"2026-03-31T20:27:21.512805Z"}
{"@file":"src/psp/format_2025/operations.rs","@level":"debug","@line":60,"@message":"✅ Operations unpacked: count=6 operations=[72, 40, 242, 174, 44, 169]","@module":"flavor::psp::format_2025::operations","@pid":7004,"@timestamp":"2026-03-31T20:27:21.512846Z"}
test psp::format_2025::policy::tests::test_load_operator_policy_missing_file ... ok
{"@file":"src/psp/format_2025/operations.rs","@level":"debug","@line":60,"@message":"✅ Operations unpacked: count=8 operations=[202, 209, 217, 146, 253, 33, 173, 229]","@module":"flavor::psp::format_2025::operations","@pid":7004,"@timestamp":"2026-03-31T20:27:21.512873Z"}
test psp::format_2025::policy::tests::test_merge_policy_max_age_days_min ... ok
{"@file":"src/psp/format_2025/operations.rs","@level":"debug","@line":37,"@message":"✅ Operations packed: result=9255250874859111445","@module":"flavor::psp::format_2025::operations","@pid":7004,"@timestamp":"2026-03-31T20:27:21.512921Z"}
{"@file":"src/psp/format_2025/operations.rs","@level":"debug","@line":37,"@message":"✅ Operations packed: result=2273000937","@module":"flavor::psp::format_2025::operations","@pid":7004,"@timestamp":"2026-03-31T20:27:21.512927Z"}
test api::tests::detect_package_format_rejects_plain_files ... {"@file":"src/psp/format_2025/operations.rs","@level":"debug","@line":60,"@message":"✅ Operations unpacked: count=8 operations=[21, 196, 25, 95, 162, 65, 113, 128]","@module":"flavor::psp::format_2025::operations","@pid":7004,"@timestamp":"2026-03-31T20:27:21.512961Z"}
ok
{"@file":"src/psp/format_2025/operations.rs","@level":"debug","@line":60,"@message":"✅ Operations unpacked: count=8 operations=[79, 212, 48, 121, 47, 120, 34, 144]","@module":"flavor::psp::format_2025::operations","@pid":7004,"@timestamp":"2026-03-31T20:27:21.512946Z"}
test psp::format_2025::policy::tests::test_merge_policy_max_age_only_pkg ... {"@file":"src/psp/format_2025/operations.rs","@level":"debug","@line":37,"@message":"✅ Operations packed: result=10385995835961824335","@module":"flavor::psp::format_2025::operations","@pid":7004,"@timestamp":"2026-03-31T20:27:21.513011Z"}
ok
{"@file":"src/psp/format_2025/operations.rs","@level":"debug","@line":37,"@message":"✅ Operations packed: result=0","@module":"flavor::psp::format_2025::operations","@pid":7004,"@timestamp":"2026-03-31T20:27:21.513025Z"}
{"@file":"src/psp/format_2025/operations.rs","@level":"debug","@line":60,"@message":"✅ Operations unpacked: count=8 operations=[79, 212, 48, 121, 47, 120, 34, 144]","@module":"flavor::psp::format_2025::operations","@pid":7004,"@timestamp":"2026-03-31T20:27:21.513053Z"}
{"@file":"src/psp/format_2025/runtime.rs","@level":"debug","@line":39,"@message":"🔧 Processing runtime environment configuration","@module":"flavor::psp::format_2025::runtime::runtime_impl","@pid":7004,"@timestamp":"2026-03-31T20:27:21.513054Z"}
test psp::format_2025::policy::tests::test_merge_policy_platforms_intersection ... ok
{"@file":"src/psp/format_2025/runtime.rs","@level":"debug","@line":174,"@message":"📋 Pattern processor: 2 patterns (1 exact)","@module":"flavor::psp::format_2025::runtime::runtime_impl::patterns","@pid":7004,"@timestamp":"2026-03-31T20:27:21.513031Z"}
{"@file":"src/psp/format_2025/runtime.rs","@level":"debug","@line":174,"@message":"📋 Pattern processor: 2 patterns (1 exact)","@module":"flavor::psp::format_2025::runtime::runtime_impl::patterns","@pid":7004,"@timestamp":"2026-03-31T20:27:21.513107Z"}
test psp::format_2025::policy::tests::test_merge_policy_refuse_root ... {"@file":"src/psp/format_2025/operations.rs","@level":"debug","@line":60,"@message":"✅ Operations unpacked: count=8 operations=[164, 25, 235, 182, 56, 1, 183, 155]","@module":"flavor::psp::format_2025::operations","@pid":7004,"@timestamp":"2026-03-31T20:27:21.513119Z"}
ok
{"@file":"src/psp/format_2025/runtime.rs","@level":"debug","@line":75,"@message":"📋 Unset patterns found: [\"DROP_*\"]","@module":"flavor::psp::format_2025::runtime::runtime_impl","@pid":7004,"@timestamp":"2026-03-31T20:27:21.513139Z"}
{"@file":"src/psp/format_2025/operations.rs","@level":"debug","@line":37,"@message":"✅ Operations packed: result=11220438339715537316","@module":"flavor::psp::format_2025::operations","@pid":7004,"@timestamp":"2026-03-31T20:27:21.513154Z"}
test psp::format_2025::policy::tests::test_merge_policy_platforms_only_operator ... {"@file":"src/psp/format_2025/operations.rs","@level":"debug","@line":37,"@message":"✅ Operations packed: result=3995190216","@module":"flavor::psp::format_2025::operations","@pid":7004,"@timestamp":"2026-03-31T20:27:21.513013Z"}
ok{"@file":"src/psp/format_2025/operations.rs","@level":"debug","@line":60,"@message":"✅ Operations unpacked: count=8 operations=[164, 25, 235, 182, 56, 1, 183, 155]","@module":"flavor::psp::format_2025::operations","@pid":7004,"@timestamp":"2026-03-31T20:27:21.513186Z"}

{"@file":"src/psp/format_2025/runtime.rs","@level":"debug","@line":39,"@message":"🔧 Processing runtime environment configuration","@module":"flavor::psp::format_2025::runtime::runtime_impl","@pid":7004,"@timestamp":"2026-03-31T20:27:21.513139Z"}
{"@file":"src/psp/format_2025/operations.rs","@level":"debug","@line":60,"@message":"✅ Operations unpacked: count=0 operations=[]","@module":"flavor::psp::format_2025::operations","@pid":7004,"@timestamp":"2026-03-31T20:27:21.513075Z"}
test psp::format_2025::policy::tests::test_parse_policy_file_all_fields ... {"@file":"src/psp/format_2025/runtime.rs","@level":"debug","@line":253,"@message":"🗑️ Processing 1 unset patterns","@module":"flavor::psp::format_2025::runtime::runtime_impl::operations","@pid":7004,"@timestamp":"2026-03-31T20:27:21.513176Z"}
ok{"@file":"src/psp/format_2025/operations.rs","@level":"debug","@line":37,"@message":"✅ Operations packed: result=12432335012276769908","@module":"flavor::psp::format_2025::operations","@pid":7004,"@timestamp":"2026-03-31T20:27:21.513243Z"}

{"@file":"src/psp/format_2025/operations.rs","@level":"debug","@line":60,"@message":"✅ Operations unpacked: count=8 operations=[181, 153, 164, 232, 213, 49, 111, 172]","@module":"flavor::psp::format_2025::operations","@pid":7004,"@timestamp":"2026-03-31T20:27:21.513244Z"}
{"@file":"src/psp/format_2025/operations.rs","@level":"debug","@line":37,"@message":"✅ Operations packed: result=188","@module":"flavor::psp::format_2025::operations","@pid":7004,"@timestamp":"2026-03-31T20:27:21.513281Z"}
test psp::format_2025::policy::tests::test_parse_policy_file_allow_platforms ... ok{"@file":"src/psp/format_2025/runtime.rs","@level":"debug","@line":174,"@message":"📋 Pattern processor: 1 patterns (1 exact)","@module":"flavor::psp::format_2025::runtime::runtime_impl::patterns","@pid":7004,"@timestamp":"2026-03-31T20:27:21.513237Z"}

{"@file":"src/psp/format_2025/operations.rs","@level":"debug","@line":60,"@message":"✅ Operations unpacked: count=1 operations=[188]","@module":"flavor::psp::format_2025::operations","@pid":7004,"@timestamp":"2026-03-31T20:27:21.513314Z"}
{"@file":"src/psp/format_2025/runtime.rs","@level":"debug","@line":39,"@message":"🔧 Processing runtime environment configuration","@module":"flavor::psp::format_2025::runtime::runtime_impl","@pid":7004,"@timestamp":"2026-03-31T20:27:21.513096Z"}
test psp::format_2025::policy::tests::test_parse_policy_file_ignores_comments ... ok
test psp::format_2025::policy::tests::test_parse_policy_file_inline_comment ... {"@file":"src/psp/format_2025/operations.rs","@level":"debug","@line":37,"@message":"✅ Operations packed: result=993319724979","@module":"flavor::psp::format_2025::operations","@pid":7004,"@timestamp":"2026-03-31T20:27:21.513394Z"}
ok
{"@file":"src/psp/format_2025/runtime.rs","@level":"debug","@line":174,"@message":"📋 Pattern processor: 1 patterns (1 exact)","@module":"flavor::psp::format_2025::runtime::runtime_impl::patterns","@pid":7004,"@timestamp":"2026-03-31T20:27:21.513416Z"}
test psp::format_2025::policy::tests::test_parse_toml_string_list_empty ... ok{"@file":"src/psp/format_2025/operations.rs","@level":"debug","@line":37,"@message":"✅ Operations packed: result=7452885","@module":"flavor::psp::format_2025::operations","@pid":7004,"@timestamp":"2026-03-31T20:27:21.513312Z"}

test psp::format_2025::policy::tests::test_parse_toml_string_list_invalid ... ok
{"@file":"src/psp/format_2025/runtime.rs","@level":"debug","@line":75,"@message":"📋 Unset patterns found: [\"DROP_*\"]","@module":"flavor::psp::format_2025::runtime::runtime_impl","@pid":7004,"@timestamp":"2026-03-31T20:27:21.513338Z"}
test psp::format_2025::policy::tests::test_parse_toml_string_list_single_quotes ... ok
{"@file":"src/psp/format_2025/operations.rs","@level":"debug","@line":37,"@message":"✅ Operations packed: result=12425204691739384245","@module":"flavor::psp::format_2025::operations","@pid":7004,"@timestamp":"2026-03-31T20:27:21.513298Z"}
{"@file":"src/psp/format_2025/runtime.rs","@level":"debug","@line":253,"@message":"🗑️ Processing 1 unset patterns","@module":"flavor::psp::format_2025::runtime::runtime_impl::operations","@pid":7004,"@timestamp":"2026-03-31T20:27:21.513630Z"}
test psp::format_2025::runtime::runtime_impl::tests::pattern_processor_requires_exact_pass_patterns ... {"@file":"src/psp/format_2025/operations.rs","@level":"debug","@line":60,"@message":"✅ Operations unpacked: count=8 operations=[181, 153, 164, 232, 213, 49, 111, 172]","@module":"flavor::psp::format_2025::operations","@pid":7004,"@timestamp":"2026-03-31T20:27:21.513645Z"}
ok
{"@file":"src/psp/format_2025/operations.rs","@level":"debug","@line":60,"@message":"✅ Operations unpacked: count=5 operations=[179, 39, 120, 70, 231]","@module":"flavor::psp::format_2025::operations","@pid":7004,"@timestamp":"2026-03-31T20:27:21.513426Z"}
test psp::format_2025::trust::tests::test_compute_key_fingerprint_valid ... ok
{"@file":"src/psp/format_2025/operations.rs","@level":"debug","@line":37,"@message":"✅ Operations packed: result=209696203474672","@module":"flavor::psp::format_2025::operations","@pid":7004,"@timestamp":"2026-03-31T20:27:21.513568Z"}
test psp::format_2025::trust::tests::test_compute_key_fingerprint_wrong_length ... {"@file":"src/psp/format_2025/runtime.rs","@level":"debug","@line":256,"@message":"  Processing unset pattern: 'DROP_*'","@module":"flavor::psp::format_2025::runtime::runtime_impl::operations","@pid":7004,"@timestamp":"2026-03-31T20:27:21.513264Z"}
ok
{"@file":"src/psp/format_2025/runtime.rs","@level":"debug","@line":256,"@message":"  Processing unset pattern: 'DROP_*'","@module":"flavor::psp::format_2025::runtime::runtime_impl::operations","@pid":7004,"@timestamp":"2026-03-31T20:27:21.513666Z"}
test psp::format_2025::trust::tests::test_extract_ed25519_raw_key_valid_spki ... {"@file":"src/psp/format_2025/operations.rs","@level":"debug","@line":37,"@message":"✅ Operations packed: result=109","@module":"flavor::psp::format_2025::operations","@pid":7004,"@timestamp":"2026-03-31T20:27:21.513786Z"}
ok
{"@file":"src/psp/format_2025/operations.rs","@level":"debug","@line":60,"@message":"✅ Operations unpacked: count=8 operations=[198, 26, 55, 179, 119, 167, 160, 131]","@module":"flavor::psp::format_2025::operations","@pid":7004,"@timestamp":"2026-03-31T20:27:21.513712Z"}
{"@file":"src/psp/format_2025/runtime.rs","@level":"debug","@line":261,"@message":"  Match: glob pattern","@module":"flavor::psp::format_2025::runtime::runtime_impl::operations","@pid":7004,"@timestamp":"2026-03-31T20:27:21.513857Z"}
test psp::format_2025::trust::tests::test_extract_ed25519_raw_key_wrong_length ... {"@file":"src/psp/format_2025/operations.rs","@level":"debug","@line":37,"@message":"✅ Operations packed: result=9484764947791944390","@module":"flavor::psp::format_2025::operations","@pid":7004,"@timestamp":"2026-03-31T20:27:21.513869Z"}
ok
{"@file":"src/psp/format_2025/runtime.rs","@level":"debug","@line":75,"@message":"📋 Unset patterns found: [\"REMOVE_ME\"]","@module":"flavor::psp::format_2025::runtime::runtime_impl","@pid":7004,"@timestamp":"2026-03-31T20:27:21.513448Z"}
test psp::format_2025::trust::tests::test_is_key_trusted_no_store ... {"@file":"src/psp/format_2025/operations.rs","@level":"debug","@line":60,"@message":"✅ Operations unpacked: count=8 operations=[198, 26, 55, 179, 119, 167, 160, 131]","@module":"flavor::psp::format_2025::operations","@pid":7004,"@timestamp":"2026-03-31T20:27:21.513909Z"}
ok
{"@file":"src/psp/format_2025/runtime.rs","@level":"debug","@line":261,"@message":"  Match: glob pattern","@module":"flavor::psp::format_2025::runtime::runtime_impl::operations","@pid":7004,"@timestamp":"2026-03-31T20:27:21.513777Z"}
test psp::format_2025::trust::tests::test_extract_ed25519_raw_key_wrong_prefix ... {"@file":"src/psp/format_2025/operations.rs","@level":"debug","@line":37,"@message":"✅ Operations packed: result=51307","@module":"flavor::psp::format_2025::operations","@pid":7004,"@timestamp":"2026-03-31T20:27:21.513874Z"}
ok
{"@file":"src/psp/format_2025/runtime.rs","@level":"debug","@line":86,"@message":"🧹 Stripped 2 env vars from child environment: DROP_A, DROP_B","@module":"flavor::psp::format_2025::runtime::runtime_impl","@pid":7004,"@timestamp":"2026-03-31T20:27:21.513905Z"}
{"@file":"src/psp/format_2025/operations.rs","@level":"debug","@line":37,"@message":"✅ Operations packed: result=10986979396233663973","@module":"flavor::psp::format_2025::operations","@pid":7004,"@timestamp":"2026-03-31T20:27:21.513770Z"}
test psp::format_2025::trust::tests::test_load_keys_from_dir_missing ... {"@file":"src/psp/format_2025/operations.rs","@level":"debug","@line":60,"@message":"✅ Operations unpacked: count=8 operations=[179, 228, 153, 218, 2, 100, 35, 40]","@module":"flavor::psp::format_2025::operations","@pid":7004,"@timestamp":"2026-03-31T20:27:21.513976Z"}
ok
{"@file":"src/psp/format_2025/operations.rs","@level":"debug","@line":60,"@message":"✅ Operations unpacked: count=8 operations=[229, 21, 11, 163, 140, 151, 121, 152]","@module":"flavor::psp::format_2025::operations","@pid":7004,"@timestamp":"2026-03-31T20:27:21.514000Z"}
{"@file":"src/psp/format_2025/operations.rs","@level":"debug","@line":37,"@message":"✅ Operations packed: result=3897308810012347728","@module":"flavor::psp::format_2025::operations","@pid":7004,"@timestamp":"2026-03-31T20:27:21.514014Z"}
{"@file":"src/psp/format_2025/runtime.rs","@level":"debug","@line":92,"@message":"✅ Unset operations completed successfully","@module":"flavor::psp::format_2025::runtime::runtime_impl","@pid":7004,"@timestamp":"2026-03-31T20:27:21.513991Z"}
test psp::format_2025::extraction::tests::test_extract_tarball_rejects_symlink_entries ... ok
{"@file":"src/psp/format_2025/runtime.rs","@level":"debug","@line":253,"@message":"🗑️ Processing 1 unset patterns","@module":"flavor::psp::format_2025::runtime::runtime_impl::operations","@pid":7004,"@timestamp":"2026-03-31T20:27:21.513934Z"}
{"@file":"src/psp/format_2025/operations.rs","@level":"debug","@line":37,"@message":"✅ Operations packed: result=2892265349122221235","@module":"flavor::psp::format_2025::operations","@pid":7004,"@timestamp":"2026-03-31T20:27:21.514021Z"}
{"@file":"src/psp/format_2025/operations.rs","@level":"debug","@line":37,"@message":"✅ Operations packed: result=41","@module":"flavor::psp::format_2025::operations","@pid":7004,"@timestamp":"2026-03-31T20:27:21.514067Z"}
{"@file":"src/psp/format_2025/runtime.rs","@level":"debug","@line":135,"@message":"✅ Runtime environment processing complete","@module":"flavor::psp::format_2025::runtime::runtime_impl","@pid":7004,"@timestamp":"2026-03-31T20:27:21.514060Z"}
{"@file":"src/psp/format_2025/runtime.rs","@level":"debug","@line":256,"@message":"  Processing unset pattern: 'REMOVE_ME'","@module":"flavor::psp::format_2025::runtime::runtime_impl::operations","@pid":7004,"@timestamp":"2026-03-31T20:27:21.514069Z"}
{"@file":"src/psp/format_2025/operations.rs","@level":"debug","@line":60,"@message":"✅ Operations unpacked: count=8 operations=[179, 228, 153, 218, 2, 100, 35, 40]","@module":"flavor::psp::format_2025::operations","@pid":7004,"@timestamp":"2026-03-31T20:27:21.514091Z"}
test psp::format_2025::verifier::tests::test_verify_slot_checksum_detects_tampering ... ok{"@file":"src/psp/format_2025/runtime.rs","@level":"debug","@line":264,"@message":"  Match: exact pattern","@module":"flavor::psp::format_2025::runtime::runtime_impl::operations","@pid":7004,"@timestamp":"2026-03-31T20:27:21.514113Z"}

{"@file":"src/psp/format_2025/operations.rs","@level":"debug","@line":37,"@message":"✅ Operations packed: result=66937814396472097","@module":"flavor::psp::format_2025::operations","@pid":7004,"@timestamp":"2026-03-31T20:27:21.514064Z"}
test psp::format_2025::runtime::runtime_impl::tests::process_runtime_env_unset_glob_pattern_removes_matching_variables ... ok{"@file":"src/psp/format_2025/runtime.rs","@level":"debug","@line":86,"@message":"🧹 Stripped 1 env vars from child environment: DROP_ME","@module":"flavor::psp::format_2025::runtime::runtime_impl","@pid":7004,"@timestamp":"2026-03-31T20:27:21.513986Z"}

{"@file":"src/psp/format_2025/operations.rs","@level":"debug","@line":37,"@message":"✅ Operations packed: result=34797231798496455","@module":"flavor::psp::format_2025::operations","@pid":7004,"@timestamp":"2026-03-31T20:27:21.514125Z"}
{"@file":"src/psp/format_2025/runtime.rs","@level":"debug","@line":92,"@message":"✅ Unset operations completed successfully","@module":"flavor::psp::format_2025::runtime::runtime_impl","@pid":7004,"@timestamp":"2026-03-31T20:27:21.514156Z"}
{"@file":"src/psp/format_2025/operations.rs","@level":"debug","@line":60,"@message":"✅ Operations unpacked: count=7 operations=[33, 139, 36, 105, 150, 207, 237]","@module":"flavor::psp::format_2025::operations","@pid":7004,"@timestamp":"2026-03-31T20:27:21.514147Z"}
{"@file":"src/psp/format_2025/operations.rs","@level":"debug","@line":60,"@message":"✅ Operations unpacked: count=8 operations=[96, 37, 112, 9, 246, 72, 88, 132]","@module":"flavor::psp::format_2025::operations","@pid":7004,"@timestamp":"2026-03-31T20:27:21.514174Z"}
{"@file":"src/psp/format_2025/runtime.rs","@level":"debug","@line":351,"@message":"🔄 Processing 1 map operations","@module":"flavor::psp::format_2025::runtime::runtime_impl::operations","@pid":7004,"@timestamp":"2026-03-31T20:27:21.514183Z"}
{"@file":"src/psp/format_2025/runtime.rs","@level":"debug","@line":330,"@message":"🗑️ Unset: REMOVE_ME","@module":"flavor::psp::format_2025::runtime::runtime_impl::operations","@pid":7004,"@timestamp":"2026-03-31T20:27:21.514138Z"}
{"@file":"src/psp/format_2025/operations.rs","@level":"debug","@line":37,"@message":"✅ Operations packed: result=1681239907","@module":"flavor::psp::format_2025::operations","@pid":7004,"@timestamp":"2026-03-31T20:27:21.514211Z"}
{"@file":"src/psp/format_2025/runtime.rs","@level":"debug","@line":365,"@message":"🔄 Mapped: SOURCE -> RENAMED","@module":"flavor::psp::format_2025::runtime::runtime_impl::operations","@pid":7004,"@timestamp":"2026-03-31T20:27:21.514226Z"}
{"@file":"src/psp/format_2025/operations.rs","@level":"debug","@line":37,"@message":"✅ Operations packed: result=242670974663241","@module":"flavor::psp::format_2025::operations","@pid":7004,"@timestamp":"2026-03-31T20:27:21.514239Z"}
{"@file":"src/psp/format_2025/runtime.rs","@level":"debug","@line":86,"@message":"🧹 Stripped 1 env vars from child environment: REMOVE_ME","@module":"flavor::psp::format_2025::runtime::runtime_impl","@pid":7004,"@timestamp":"2026-03-31T20:27:21.514232Z"}
{"@file":"src/psp/format_2025/operations.rs","@level":"debug","@line":37,"@message":"✅ Operations packed: result=9536452432514524512","@module":"flavor::psp::format_2025::operations","@pid":7004,"@timestamp":"2026-03-31T20:27:21.514215Z"}
{"@file":"src/psp/format_2025/runtime.rs","@level":"debug","@line":92,"@message":"✅ Unset operations completed successfully","@module":"flavor::psp::format_2025::runtime::runtime_impl","@pid":7004,"@timestamp":"2026-03-31T20:27:21.514265Z"}
{"@file":"src/psp/format_2025/operations.rs","@level":"debug","@line":60,"@message":"✅ Operations unpacked: count=6 operations=[73, 250, 61, 61, 181, 220]","@module":"flavor::psp::format_2025::operations","@pid":7004,"@timestamp":"2026-03-31T20:27:21.514262Z"}
{"@file":"src/psp/format_2025/runtime.rs","@level":"debug","@line":386,"@message":"📝 Processing 1 set operations","@module":"flavor::psp::format_2025::runtime::runtime_impl::operations","@pid":7004,"@timestamp":"2026-03-31T20:27:21.514258Z"}
{"@file":"src/psp/format_2025/runtime.rs","@level":"debug","@line":135,"@message":"✅ Runtime environment processing complete","@module":"flavor::psp::format_2025::runtime::runtime_impl","@pid":7004,"@timestamp":"2026-03-31T20:27:21.514293Z"}
{"@file":"src/psp/format_2025/runtime.rs","@level":"debug","@line":397,"@message":"📝 Set: ADDED = 'value'","@module":"flavor::psp::format_2025::runtime::runtime_impl::operations","@pid":7004,"@timestamp":"2026-03-31T20:27:21.514311Z"}
{"@file":"src/psp/format_2025/operations.rs","@level":"debug","@line":60,"@message":"✅ Operations unpacked: count=8 operations=[96, 37, 112, 9, 246, 72, 88, 132]","@module":"flavor::psp::format_2025::operations","@pid":7004,"@timestamp":"2026-03-31T20:27:21.514285Z"}
{"@file":"src/psp/format_2025/operations.rs","@level":"debug","@line":37,"@message":"✅ Operations packed: result=244283043","@module":"flavor::psp::format_2025::operations","@pid":7004,"@timestamp":"2026-03-31T20:27:21.514332Z"}
{"@file":"src/psp/format_2025/operations.rs","@level":"debug","@line":37,"@message":"✅ Operations packed: result=16152880867045533998","@module":"flavor::psp::format_2025::operations","@pid":7004,"@timestamp":"2026-03-31T20:27:21.514295Z"}
test psp::format_2025::runtime::runtime_impl::tests::process_runtime_env_unset_exact_match_removes_variable ... {"@file":"src/psp/format_2025/runtime.rs","@level":"debug","@line":135,"@message":"✅ Runtime environment processing complete","@module":"flavor::psp::format_2025::runtime::runtime_impl","@pid":7004,"@timestamp":"2026-03-31T20:27:21.514343Z"}
ok
{"@file":"src/psp/format_2025/operations.rs","@level":"debug","@line":60,"@message":"✅ Operations unpacked: count=4 operations=[163, 118, 143, 14]","@module":"flavor::psp::format_2025::operations","@pid":7004,"@timestamp":"2026-03-31T20:27:21.514353Z"}
{"@file":"src/psp/format_2025/operations.rs","@level":"debug","@line":60,"@message":"✅ Operations unpacked: count=8 operations=[215, 64, 51, 31, 22, 207, 94, 71]","@module":"flavor::psp::format_2025::operations","@pid":7004,"@timestamp":"2026-03-31T20:27:21.514380Z"}
test psp::format_2025::runtime::runtime_impl::tests::process_runtime_env_applies_unset_map_and_set_operations ... {"@file":"src/psp/format_2025/operations.rs","@level":"debug","@line":37,"@message":"✅ Operations packed: result=194900748655484","@module":"flavor::psp::format_2025::operations","@pid":7004,"@timestamp":"2026-03-31T20:27:21.514395Z"}
ok
{"@file":"src/psp/format_2025/operations.rs","@level":"debug","@line":37,"@message":"✅ Operations packed: result=5142775518423367895","@module":"flavor::psp::format_2025::operations","@pid":7004,"@timestamp":"2026-03-31T20:27:21.514405Z"}
{"@file":"src/psp/format_2025/operations.rs","@level":"debug","@line":37,"@message":"✅ Operations packed: result=4186303948","@module":"flavor::psp::format_2025::operations","@pid":7004,"@timestamp":"2026-03-31T20:27:21.514425Z"}
{"@file":"src/psp/format_2025/operations.rs","@level":"debug","@line":60,"@message":"✅ Operations unpacked: count=8 operations=[215, 64, 51, 31, 22, 207, 94, 71]","@module":"flavor::psp::format_2025::operations","@pid":7004,"@timestamp":"2026-03-31T20:27:21.514436Z"}
{"@file":"src/psp/format_2025/operations.rs","@level":"debug","@line":37,"@message":"✅ Operations packed: result=16202371","@module":"flavor::psp::format_2025::operations","@pid":7004,"@timestamp":"2026-03-31T20:27:21.514452Z"}
{"@file":"src/psp/format_2025/operations.rs","@level":"debug","@line":60,"@message":"✅ Operations unpacked: count=4 operations=[204, 237, 133, 249]","@module":"flavor::psp::format_2025::operations","@pid":7004,"@timestamp":"2026-03-31T20:27:21.514453Z"}
{"@file":"src/psp/format_2025/operations.rs","@level":"debug","@line":60,"@message":"✅ Operations unpacked: count=8 operations=[191, 245, 132, 9, 107, 71, 204, 221]","@module":"flavor::psp::format_2025::operations","@pid":7004,"@timestamp":"2026-03-31T20:27:21.514489Z"}
{"@file":"src/psp/format_2025/operations.rs","@level":"debug","@line":37,"@message":"✅ Operations packed: result=15958982","@module":"flavor::psp::format_2025::operations","@pid":7004,"@timestamp":"2026-03-31T20:27:21.514505Z"}
{"@file":"src/psp/format_2025/operations.rs","@level":"debug","@line":37,"@message":"✅ Operations packed: result=15982227702677829055","@module":"flavor::psp::format_2025::operations","@pid":7004,"@timestamp":"2026-03-31T20:27:21.514515Z"}
{"@file":"src/psp/format_2025/operations.rs","@level":"debug","@line":37,"@message":"✅ Operations packed: result=729589708605","@module":"flavor::psp::format_2025::operations","@pid":7004,"@timestamp":"2026-03-31T20:27:21.514518Z"}
{"@file":"src/psp/format_2025/operations.rs","@level":"debug","@line":60,"@message":"✅ Operations unpacked: count=8 operations=[191, 245, 132, 9, 107, 71, 204, 221]","@module":"flavor::psp::format_2025::operations","@pid":7004,"@timestamp":"2026-03-31T20:27:21.514535Z"}
{"@file":"src/psp/format_2025/operations.rs","@level":"debug","@line":60,"@message":"✅ Operations unpacked: count=5 operations=[61, 119, 239, 222, 169]","@module":"flavor::psp::format_2025::operations","@pid":7004,"@timestamp":"2026-03-31T20:27:21.514545Z"}
{"@file":"src/psp/format_2025/operations.rs","@level":"debug","@line":37,"@message":"✅ Operations packed: result=1899283","@module":"flavor::psp::format_2025::operations","@pid":7004,"@timestamp":"2026-03-31T20:27:21.514551Z"}
{"@file":"src/psp/format_2025/operations.rs","@level":"debug","@line":60,"@message":"✅ Operations unpacked: count=8 operations=[171, 122, 167, 37, 140, 143, 46, 208]","@module":"flavor::psp::format_2025::operations","@pid":7004,"@timestamp":"2026-03-31T20:27:21.514588Z"}
{"@file":"src/psp/format_2025/operations.rs","@level":"debug","@line":37,"@message":"✅ Operations packed: result=1314642570","@module":"flavor::psp::format_2025::operations","@pid":7004,"@timestamp":"2026-03-31T20:27:21.514602Z"}
{"@file":"src/psp/format_2025/operations.rs","@level":"debug","@line":37,"@message":"✅ Operations packed: result=15001085240907627179","@module":"flavor::psp::format_2025::operations","@pid":7004,"@timestamp":"2026-03-31T20:27:21.514613Z"}
{"@file":"src/psp/format_2025/operations.rs","@level":"debug","@line":60,"@message":"✅ Operations unpacked: count=4 operations=[138, 218, 91, 78]","@module":"flavor::psp::format_2025::operations","@pid":7004,"@timestamp":"2026-03-31T20:27:21.514628Z"}
{"@file":"src/psp/format_2025/operations.rs","@level":"debug","@line":37,"@message":"✅ Operations packed: result=62060078743657141","@module":"flavor::psp::format_2025::operations","@pid":7004,"@timestamp":"2026-03-31T20:27:21.514616Z"}
{"@file":"src/psp/format_2025/operations.rs","@level":"debug","@line":60,"@message":"✅ Operations unpacked: count=8 operations=[171, 122, 167, 37, 140, 143, 46, 208]","@module":"flavor::psp::format_2025::operations","@pid":7004,"@timestamp":"2026-03-31T20:27:21.514644Z"}
{"@file":"src/psp/format_2025/operations.rs","@level":"debug","@line":37,"@message":"✅ Operations packed: result=28","@module":"flavor::psp::format_2025::operations","@pid":7004,"@timestamp":"2026-03-31T20:27:21.514733Z"}
{"@file":"src/psp/format_2025/operations.rs","@level":"debug","@line":60,"@message":"✅ Operations unpacked: count=8 operations=[149, 114, 190, 91, 170, 211, 214, 226]","@module":"flavor::psp::format_2025::operations","@pid":7004,"@timestamp":"2026-03-31T20:27:21.514738Z"}
{"@file":"src/psp/format_2025/operations.rs","@level":"debug","@line":60,"@message":"✅ Operations unpacked: count=1 operations=[28]","@module":"flavor::psp::format_2025::operations","@pid":7004,"@timestamp":"2026-03-31T20:27:21.514767Z"}
{"@file":"src/psp/format_2025/operations.rs","@level":"debug","@line":37,"@message":"✅ Operations packed: result=16345484626224902805","@module":"flavor::psp::format_2025::operations","@pid":7004,"@timestamp":"2026-03-31T20:27:21.514776Z"}
{"@file":"src/psp/format_2025/operations.rs","@level":"debug","@line":37,"@message":"✅ Operations packed: result=1031472216067","@module":"flavor::psp::format_2025::operations","@pid":7004,"@timestamp":"2026-03-31T20:27:21.514776Z"}
{"@file":"src/psp/format_2025/operations.rs","@level":"debug","@line":60,"@message":"✅ Operations unpacked: count=8 operations=[149, 114, 190, 91, 170, 211, 214, 226]","@module":"flavor::psp::format_2025::operations","@pid":7004,"@timestamp":"2026-03-31T20:27:21.514826Z"}
{"@file":"src/psp/format_2025/operations.rs","@level":"debug","@line":37,"@message":"✅ Operations packed: result=160","@module":"flavor::psp::format_2025::operations","@pid":7004,"@timestamp":"2026-03-31T20:27:21.514835Z"}
{"@file":"src/psp/format_2025/operations.rs","@level":"debug","@line":60,"@message":"✅ Operations unpacked: count=1 operations=[160]","@module":"flavor::psp::format_2025::operations","@pid":7004,"@timestamp":"2026-03-31T20:27:21.514881Z"}
{"@file":"src/psp/format_2025/operations.rs","@level":"debug","@line":37,"@message":"✅ Operations packed: result=13556035","@module":"flavor::psp::format_2025::operations","@pid":7004,"@timestamp":"2026-03-31T20:27:21.514917Z"}
{"@file":"src/psp/format_2025/operations.rs","@level":"debug","@line":37,"@message":"✅ Operations packed: result=374381933666","@module":"flavor::psp::format_2025::operations","@pid":7004,"@timestamp":"2026-03-31T20:27:21.514933Z"}
{"@file":"src/psp/format_2025/operations.rs","@level":"debug","@line":60,"@message":"✅ Operations unpacked: count=8 operations=[164, 160, 127, 206, 98, 115, 17, 23]","@module":"flavor::psp::format_2025::operations","@pid":7004,"@timestamp":"2026-03-31T20:27:21.514917Z"}
{"@file":"src/psp/format_2025/operations.rs","@level":"debug","@line":60,"@message":"✅ Operations unpacked: count=5 operations=[98, 244, 230, 42, 87]","@module":"flavor::psp::format_2025::operations","@pid":7004,"@timestamp":"2026-03-31T20:27:21.514957Z"}
{"@file":"src/psp/format_2025/operations.rs","@level":"debug","@line":37,"@message":"✅ Operations packed: result=30879118180042","@module":"flavor::psp::format_2025::operations","@pid":7004,"@timestamp":"2026-03-31T20:27:21.514982Z"}
{"@file":"src/psp/format_2025/operations.rs","@level":"debug","@line":37,"@message":"✅ Operations packed: result=1662236605684883620","@module":"flavor::psp::format_2025::operations","@pid":7004,"@timestamp":"2026-03-31T20:27:21.514986Z"}
{"@file":"src/psp/format_2025/operations.rs","@level":"debug","@line":37,"@message":"✅ Operations packed: result=16590951","@module":"flavor::psp::format_2025::operations","@pid":7004,"@timestamp":"2026-03-31T20:27:21.515027Z"}
{"@file":"src/psp/format_2025/operations.rs","@level":"debug","@line":60,"@message":"✅ Operations unpacked: count=8 operations=[164, 160, 127, 206, 98, 115, 17, 23]","@module":"flavor::psp::format_2025::operations","@pid":7004,"@timestamp":"2026-03-31T20:27:21.515027Z"}
{"@file":"src/psp/format_2025/operations.rs","@level":"debug","@line":37,"@message":"✅ Operations packed: result=20262","@module":"flavor::psp::format_2025::operations","@pid":7004,"@timestamp":"2026-03-31T20:27:21.515041Z"}
{"@file":"src/psp/format_2025/operations.rs","@level":"debug","@line":60,"@message":"✅ Operations unpacked: count=3 operations=[103, 40, 253]","@module":"flavor::psp::format_2025::operations","@pid":7004,"@timestamp":"2026-03-31T20:27:21.515053Z"}
{"@file":"src/psp/format_2025/operations.rs","@level":"debug","@line":60,"@message":"✅ Operations unpacked: count=8 operations=[57, 183, 131, 10, 120, 136, 234, 132]","@module":"flavor::psp::format_2025::operations","@pid":7004,"@timestamp":"2026-03-31T20:27:21.515088Z"}
{"@file":"src/psp/format_2025/operations.rs","@level":"debug","@line":37,"@message":"✅ Operations packed: result=56487","@module":"flavor::psp::format_2025::operations","@pid":7004,"@timestamp":"2026-03-31T20:27:21.515099Z"}
{"@file":"src/psp/format_2025/operations.rs","@level":"debug","@line":37,"@message":"✅ Operations packed: result=142","@module":"flavor::psp::format_2025::operations","@pid":7004,"@timestamp":"2026-03-31T20:27:21.515110Z"}
{"@file":"src/psp/format_2025/operations.rs","@level":"debug","@line":37,"@message":"✅ Operations packed: result=9577617606710638393","@module":"flavor::psp::format_2025::operations","@pid":7004,"@timestamp":"2026-03-31T20:27:21.515110Z"}
{"@file":"src/psp/format_2025/operations.rs","@level":"debug","@line":60,"@message":"✅ Operations unpacked: count=1 operations=[142]","@module":"flavor::psp::format_2025::operations","@pid":7004,"@timestamp":"2026-03-31T20:27:21.515140Z"}
{"@file":"src/psp/format_2025/operations.rs","@level":"debug","@line":60,"@message":"✅ Operations unpacked: count=8 operations=[57, 183, 131, 10, 120, 136, 234, 132]","@module":"flavor::psp::format_2025::operations","@pid":7004,"@timestamp":"2026-03-31T20:27:21.515145Z"}
{"@file":"src/psp/format_2025/operations.rs","@level":"debug","@line":37,"@message":"✅ Operations packed: result=20659301","@module":"flavor::psp::format_2025::operations","@pid":7004,"@timestamp":"2026-03-31T20:27:21.515156Z"}
{"@file":"src/psp/format_2025/operations.rs","@level":"debug","@line":37,"@message":"✅ Operations packed: result=21146","@module":"flavor::psp::format_2025::operations","@pid":7004,"@timestamp":"2026-03-31T20:27:21.515187Z"}
{"@file":"src/psp/format_2025/operations.rs","@level":"debug","@line":60,"@message":"✅ Operations unpacked: count=8 operations=[6, 14, 193, 227, 104, 83, 34, 18]","@module":"flavor::psp::format_2025::operations","@pid":7004,"@timestamp":"2026-03-31T20:27:21.515193Z"}
{"@file":"src/psp/format_2025/operations.rs","@level":"debug","@line":60,"@message":"✅ Operations unpacked: count=2 operations=[154, 82]","@module":"flavor::psp::format_2025::operations","@pid":7004,"@timestamp":"2026-03-31T20:27:21.515216Z"}
{"@file":"src/psp/format_2025/operations.rs","@level":"debug","@line":37,"@message":"✅ Operations packed: result=1306698551853649414","@module":"flavor::psp::format_2025::operations","@pid":7004,"@timestamp":"2026-03-31T20:27:21.515222Z"}
{"@file":"src/psp/format_2025/operations.rs","@level":"debug","@line":37,"@message":"✅ Operations packed: result=6432821","@module":"flavor::psp::format_2025::operations","@pid":7004,"@timestamp":"2026-03-31T20:27:21.515215Z"}
{"@file":"src/psp/format_2025/operations.rs","@level":"debug","@line":60,"@message":"✅ Operations unpacked: count=8 operations=[6, 14, 193, 227, 104, 83, 34, 18]","@module":"flavor::psp::format_2025::operations","@pid":7004,"@timestamp":"2026-03-31T20:27:21.515246Z"}
{"@file":"src/psp/format_2025/operations.rs","@level":"debug","@line":37,"@message":"✅ Operations packed: result=0","@module":"flavor::psp::format_2025::operations","@pid":7004,"@timestamp":"2026-03-31T20:27:21.515274Z"}
{"@file":"src/psp/format_2025/operations.rs","@level":"debug","@line":60,"@message":"✅ Operations unpacked: count=0 operations=[]","@module":"flavor::psp::format_2025::operations","@pid":7004,"@timestamp":"2026-03-31T20:27:21.515292Z"}
{"@file":"src/psp/format_2025/operations.rs","@level":"debug","@line":60,"@message":"✅ Operations unpacked: count=8 operations=[191, 76, 254, 69, 202, 212, 239, 30]","@module":"flavor::psp::format_2025::operations","@pid":7004,"@timestamp":"2026-03-31T20:27:21.515294Z"}
{"@file":"src/psp/format_2025/operations.rs","@level":"debug","@line":37,"@message":"✅ Operations packed: result=275298626234979","@module":"flavor::psp::format_2025::operations","@pid":7004,"@timestamp":"2026-03-31T20:27:21.515293Z"}
{"@file":"src/psp/format_2025/operations.rs","@level":"debug","@line":37,"@message":"✅ Operations packed: result=2229234305794460863","@module":"flavor::psp::format_2025::operations","@pid":7004,"@timestamp":"2026-03-31T20:27:21.515315Z"}
{"@file":"src/psp/format_2025/operations.rs","@level":"debug","@line":60,"@message":"✅ Operations unpacked: count=8 operations=[191, 76, 254, 69, 202, 212, 239, 30]","@module":"flavor::psp::format_2025::operations","@pid":7004,"@timestamp":"2026-03-31T20:27:21.515333Z"}
{"@file":"src/psp/format_2025/operations.rs","@level":"debug","@line":37,"@message":"✅ Operations packed: result=154854638076","@module":"flavor::psp::format_2025::operations","@pid":7004,"@timestamp":"2026-03-31T20:27:21.515339Z"}
{"@file":"src/psp/format_2025/operations.rs","@level":"debug","@line":37,"@message":"✅ Operations packed: result=12037677017204317671","@module":"flavor::psp::format_2025::operations","@pid":7004,"@timestamp":"2026-03-31T20:27:21.515350Z"}
{"@file":"src/psp/format_2025/operations.rs","@level":"debug","@line":60,"@message":"✅ Operations unpacked: count=5 operations=[252, 65, 14, 14, 36]","@module":"flavor::psp::format_2025::operations","@pid":7004,"@timestamp":"2026-03-31T20:27:21.515357Z"}
{"@file":"src/psp/format_2025/operations.rs","@level":"debug","@line":60,"@message":"✅ Operations unpacked: count=8 operations=[147, 96, 54, 35, 212, 227, 37, 49]","@module":"flavor::psp::format_2025::operations","@pid":7004,"@timestamp":"2026-03-31T20:27:21.515378Z"}
{"@file":"src/psp/format_2025/operations.rs","@level":"debug","@line":37,"@message":"✅ Operations packed: result=3541487182260101267","@module":"flavor::psp::format_2025::operations","@pid":7004,"@timestamp":"2026-03-31T20:27:21.515397Z"}
{"@file":"src/psp/format_2025/operations.rs","@level":"debug","@line":37,"@message":"✅ Operations packed: result=9282","@module":"flavor::psp::format_2025::operations","@pid":7004,"@timestamp":"2026-03-31T20:27:21.515397Z"}
{"@file":"src/psp/format_2025/operations.rs","@level":"debug","@line":37,"@message":"✅ Operations packed: result=17444","@module":"flavor::psp::format_2025::operations","@pid":7004,"@timestamp":"2026-03-31T20:27:21.515404Z"}
{"@file":"src/psp/format_2025/operations.rs","@level":"debug","@line":60,"@message":"✅ Operations unpacked: count=8 operations=[147, 96, 54, 35, 212, 227, 37, 49]","@module":"flavor::psp::format_2025::operations","@pid":7004,"@timestamp":"2026-03-31T20:27:21.515416Z"}
{"@file":"src/psp/format_2025/operations.rs","@level":"debug","@line":60,"@message":"✅ Operations unpacked: count=2 operations=[36, 68]","@module":"flavor::psp::format_2025::operations","@pid":7004,"@timestamp":"2026-03-31T20:27:21.515428Z"}
{"@file":"src/psp/format_2025/operations.rs","@level":"debug","@line":37,"@message":"✅ Operations packed: result=0","@module":"flavor::psp::format_2025::operations","@pid":7004,"@timestamp":"2026-03-31T20:27:21.515451Z"}
{"@file":"src/psp/format_2025/operations.rs","@level":"debug","@line":60,"@message":"✅ Operations unpacked: count=8 operations=[37, 242, 193, 135, 16, 153, 106, 164]","@module":"flavor::psp::format_2025::operations","@pid":7004,"@timestamp":"2026-03-31T20:27:21.515462Z"}
{"@file":"src/psp/format_2025/operations.rs","@level":"debug","@line":37,"@message":"✅ Operations packed: result=71855359099067808","@module":"flavor::psp::format_2025::operations","@pid":7004,"@timestamp":"2026-03-31T20:27:21.515510Z"}
{"@file":"src/psp/format_2025/operations.rs","@level":"debug","@line":37,"@message":"✅ Operations packed: result=46832","@module":"flavor::psp::format_2025::operations","@pid":7004,"@timestamp":"2026-03-31T20:27:21.515535Z"}
{"@file":"src/psp/format_2025/operations.rs","@level":"debug","@line":37,"@message":"✅ Operations packed: result=11847450066027672101","@module":"flavor::psp::format_2025::operations","@pid":7004,"@timestamp":"2026-03-31T20:27:21.515538Z"}
{"@file":"src/psp/format_2025/operations.rs","@level":"debug","@line":60,"@message":"✅ Operations unpacked: count=7 operations=[160, 221, 78, 130, 17, 72, 255]","@module":"flavor::psp::format_2025::operations","@pid":7004,"@timestamp":"2026-03-31T20:27:21.515545Z"}
{"@file":"src/psp/format_2025/operations.rs","@level":"debug","@line":37,"@message":"✅ Operations packed: result=10796583747391608134","@module":"flavor::psp::format_2025::operations","@pid":7004,"@timestamp":"2026-03-31T20:27:21.515589Z"}
{"@file":"src/psp/format_2025/operations.rs","@level":"debug","@line":60,"@message":"✅ Operations unpacked: count=8 operations=[37, 242, 193, 135, 16, 153, 106, 164]","@module":"flavor::psp::format_2025::operations","@pid":7004,"@timestamp":"2026-03-31T20:27:21.515576Z"}
{"@file":"src/psp/format_2025/operations.rs","@level":"debug","@line":37,"@message":"✅ Operations packed: result=3257671999","@module":"flavor::psp::format_2025::operations","@pid":7004,"@timestamp":"2026-03-31T20:27:21.515640Z"}
{"@file":"src/psp/format_2025/operations.rs","@level":"debug","@line":37,"@message":"✅ Operations packed: result=1434318","@module":"flavor::psp::format_2025::operations","@pid":7004,"@timestamp":"2026-03-31T20:27:21.515655Z"}
{"@file":"src/psp/format_2025/operations.rs","@level":"debug","@line":60,"@message":"✅ Operations unpacked: count=4 operations=[63, 33, 44, 194]","@module":"flavor::psp::format_2025::operations","@pid":7004,"@timestamp":"2026-03-31T20:27:21.515668Z"}
{"@file":"src/psp/format_2025/operations.rs","@level":"debug","@line":37,"@message":"✅ Operations packed: result=31742","@module":"flavor::psp::format_2025::operations","@pid":7004,"@timestamp":"2026-03-31T20:27:21.515713Z"}
{"@file":"src/psp/format_2025/operations.rs","@level":"debug","@line":37,"@message":"✅ Operations packed: result=634867777452","@module":"flavor::psp::format_2025::operations","@pid":7004,"@timestamp":"2026-03-31T20:27:21.515744Z"}
{"@file":"src/psp/format_2025/operations.rs","@level":"debug","@line":60,"@message":"✅ Operations unpacked: count=8 operations=[117, 179, 199, 64, 198, 255, 34, 97]","@module":"flavor::psp::format_2025::operations","@pid":7004,"@timestamp":"2026-03-31T20:27:21.515734Z"}
{"@file":"src/psp/format_2025/operations.rs","@level":"debug","@line":37,"@message":"✅ Operations packed: result=6","@module":"flavor::psp::format_2025::operations","@pid":7004,"@timestamp":"2026-03-31T20:27:21.515776Z"}
{"@file":"src/psp/format_2025/operations.rs","@level":"debug","@line":37,"@message":"✅ Operations packed: result=6999437997842609013","@module":"flavor::psp::format_2025::operations","@pid":7004,"@timestamp":"2026-03-31T20:27:21.515802Z"}
{"@file":"src/psp/format_2025/operations.rs","@level":"debug","@line":60,"@message":"✅ Operations unpacked: count=5 operations=[172, 127, 17, 209, 147]","@module":"flavor::psp::format_2025::operations","@pid":7004,"@timestamp":"2026-03-31T20:27:21.515775Z"}
{"@file":"src/psp/format_2025/operations.rs","@level":"debug","@line":60,"@message":"✅ Operations unpacked: count=8 operations=[117, 179, 199, 64, 198, 255, 34, 97]","@module":"flavor::psp::format_2025::operations","@pid":7004,"@timestamp":"2026-03-31T20:27:21.515831Z"}
{"@file":"src/psp/format_2025/operations.rs","@level":"debug","@line":37,"@message":"✅ Operations packed: result=225","@module":"flavor::psp::format_2025::operations","@pid":7004,"@timestamp":"2026-03-31T20:27:21.515864Z"}
{"@file":"src/psp/format_2025/operations.rs","@level":"debug","@line":37,"@message":"✅ Operations packed: result=11135663780897966779","@module":"flavor::psp::format_2025::operations","@pid":7004,"@timestamp":"2026-03-31T20:27:21.515880Z"}
{"@file":"src/psp/format_2025/operations.rs","@level":"debug","@line":60,"@message":"✅ Operations unpacked: count=8 operations=[88, 212, 218, 116, 194, 117, 240, 248]","@module":"flavor::psp::format_2025::operations","@pid":7004,"@timestamp":"2026-03-31T20:27:21.515886Z"}
{"@file":"src/psp/format_2025/operations.rs","@level":"debug","@line":60,"@message":"✅ Operations unpacked: count=8 operations=[187, 74, 155, 158, 53, 211, 137, 154]","@module":"flavor::psp::format_2025::operations","@pid":7004,"@timestamp":"2026-03-31T20:27:21.515908Z"}
{"@file":"src/psp/format_2025/operations.rs","@level":"debug","@line":37,"@message":"✅ Operations packed: result=561250227","@module":"flavor::psp::format_2025::operations","@pid":7004,"@timestamp":"2026-03-31T20:27:21.515914Z"}
{"@file":"src/psp/format_2025/operations.rs","@level":"debug","@line":37,"@message":"✅ Operations packed: result=17937966793861289048","@module":"flavor::psp::format_2025::operations","@pid":7004,"@timestamp":"2026-03-31T20:27:21.515918Z"}
{"@file":"src/psp/format_2025/operations.rs","@level":"debug","@line":60,"@message":"✅ Operations unpacked: count=8 operations=[88, 212, 218, 116, 194, 117, 240, 248]","@module":"flavor::psp::format_2025::operations","@pid":7004,"@timestamp":"2026-03-31T20:27:21.515955Z"}
{"@file":"src/psp/format_2025/operations.rs","@level":"debug","@line":37,"@message":"✅ Operations packed: result=84444578258470","@module":"flavor::psp::format_2025::operations","@pid":7004,"@timestamp":"2026-03-31T20:27:21.515958Z"}
{"@file":"src/psp/format_2025/operations.rs","@level":"debug","@line":37,"@message":"✅ Operations packed: result=40812","@module":"flavor::psp::format_2025::operations","@pid":7004,"@timestamp":"2026-03-31T20:27:21.515972Z"}
{"@file":"src/psp/format_2025/operations.rs","@level":"debug","@line":60,"@message":"✅ Operations unpacked: count=6 operations=[38, 30, 23, 73, 205, 76]","@module":"flavor::psp::format_2025::operations","@pid":7004,"@timestamp":"2026-03-31T20:27:21.515976Z"}
{"@file":"src/psp/format_2025/operations.rs","@level":"debug","@line":60,"@message":"✅ Operations unpacked: count=8 operations=[233, 215, 155, 82, 214, 66, 248, 185]","@module":"flavor::psp::format_2025::operations","@pid":7004,"@timestamp":"2026-03-31T20:27:21.516001Z"}
{"@file":"src/psp/format_2025/operations.rs","@level":"debug","@line":37,"@message":"✅ Operations packed: result=13400534179517290473","@module":"flavor::psp::format_2025::operations","@pid":7004,"@timestamp":"2026-03-31T20:27:21.516019Z"}
{"@file":"src/psp/format_2025/operations.rs","@level":"debug","@line":37,"@message":"✅ Operations packed: result=13357108063916","@module":"flavor::psp::format_2025::operations","@pid":7004,"@timestamp":"2026-03-31T20:27:21.516032Z"}
{"@file":"src/psp/format_2025/operations.rs","@level":"debug","@line":60,"@message":"✅ Operations unpacked: count=8 operations=[233, 215, 155, 82, 214, 66, 248, 185]","@module":"flavor::psp::format_2025::operations","@pid":7004,"@timestamp":"2026-03-31T20:27:21.516037Z"}
{"@file":"src/psp/format_2025/operations.rs","@level":"debug","@line":37,"@message":"✅ Operations packed: result=19930368024013043","@module":"flavor::psp::format_2025::operations","@pid":7004,"@timestamp":"2026-03-31T20:27:21.516043Z"}
{"@file":"src/psp/format_2025/operations.rs","@level":"debug","@line":60,"@message":"✅ Operations unpacked: count=7 operations=[243, 104, 80, 106, 144, 206, 70]","@module":"flavor::psp::format_2025::operations","@pid":7004,"@timestamp":"2026-03-31T20:27:21.516079Z"}
{"@file":"src/psp/format_2025/operations.rs","@level":"debug","@line":37,"@message":"✅ Operations packed: result=0","@module":"flavor::psp::format_2025::operations","@pid":7004,"@timestamp":"2026-03-31T20:27:21.516091Z"}
{"@file":"src/psp/format_2025/operations.rs","@level":"debug","@line":60,"@message":"✅ Operations unpacked: count=8 operations=[132, 37, 121, 227, 209, 69, 158, 107]","@module":"flavor::psp::format_2025::operations","@pid":7004,"@timestamp":"2026-03-31T20:27:21.516102Z"}
{"@file":"src/psp/format_2025/operations.rs","@level":"debug","@line":37,"@message":"✅ Operations packed: result=247590026113331","@module":"flavor::psp::format_2025::operations","@pid":7004,"@timestamp":"2026-03-31T20:27:21.516126Z"}
{"@file":"src/psp/format_2025/operations.rs","@level":"debug","@line":37,"@message":"✅ Operations packed: result=7754712376145421700","@module":"flavor::psp::format_2025::operations","@pid":7004,"@timestamp":"2026-03-31T20:27:21.516127Z"}
{"@file":"src/psp/format_2025/operations.rs","@level":"debug","@line":60,"@message":"✅ Operations unpacked: count=6 operations=[51, 113, 142, 139, 46, 225]","@module":"flavor::psp::format_2025::operations","@pid":7004,"@timestamp":"2026-03-31T20:27:21.516146Z"}
{"@file":"src/psp/format_2025/operations.rs","@level":"debug","@line":37,"@message":"✅ Operations packed: result=60651","@module":"flavor::psp::format_2025::operations","@pid":7004,"@timestamp":"2026-03-31T20:27:21.516146Z"}
{"@file":"src/psp/format_2025/operations.rs","@level":"debug","@line":60,"@message":"✅ Operations unpacked: count=8 operations=[132, 37, 121, 227, 209, 69, 158, 107]","@module":"flavor::psp::format_2025::operations","@pid":7004,"@timestamp":"2026-03-31T20:27:21.516151Z"}
{"@file":"src/psp/format_2025/operations.rs","@level":"debug","@line":37,"@message":"✅ Operations packed: result=3641363192","@module":"flavor::psp::format_2025::operations","@pid":7004,"@timestamp":"2026-03-31T20:27:21.516194Z"}
{"@file":"src/psp/format_2025/operations.rs","@level":"debug","@line":37,"@message":"✅ Operations packed: result=0","@module":"flavor::psp::format_2025::operations","@pid":7004,"@timestamp":"2026-03-31T20:27:21.516203Z"}
{"@file":"src/psp/format_2025/operations.rs","@level":"debug","@line":60,"@message":"✅ Operations unpacked: count=8 operations=[184, 124, 102, 82, 32, 29, 208, 202]","@module":"flavor::psp::format_2025::operations","@pid":7004,"@timestamp":"2026-03-31T20:27:21.516217Z"}
{"@file":"src/psp/format_2025/operations.rs","@level":"debug","@line":60,"@message":"✅ Operations unpacked: count=4 operations=[248, 202, 10, 217]","@module":"flavor::psp::format_2025::operations","@pid":7004,"@timestamp":"2026-03-31T20:27:21.516221Z"}
{"@file":"src/psp/format_2025/operations.rs","@level":"debug","@line":37,"@message":"✅ Operations packed: result=14614212815475866808","@module":"flavor::psp::format_2025::operations","@pid":7004,"@timestamp":"2026-03-31T20:27:21.516237Z"}
{"@file":"src/psp/format_2025/operations.rs","@level":"debug","@line":37,"@message":"✅ Operations packed: result=10608938","@module":"flavor::psp::format_2025::operations","@pid":7004,"@timestamp":"2026-03-31T20:27:21.516257Z"}
{"@file":"src/psp/format_2025/operations.rs","@level":"debug","@line":60,"@message":"✅ Operations unpacked: count=8 operations=[184, 124, 102, 82, 32, 29, 208, 202]","@module":"flavor::psp::format_2025::operations","@pid":7004,"@timestamp":"2026-03-31T20:27:21.516267Z"}
{"@file":"src/psp/format_2025/operations.rs","@level":"debug","@line":37,"@message":"✅ Operations packed: result=29417","@module":"flavor::psp::format_2025::operations","@pid":7004,"@timestamp":"2026-03-31T20:27:21.516274Z"}
{"@file":"src/psp/format_2025/operations.rs","@level":"debug","@line":60,"@message":"✅ Operations unpacked: count=2 operations=[233, 114]","@module":"flavor::psp::format_2025::operations","@pid":7004,"@timestamp":"2026-03-31T20:27:21.516300Z"}
{"@file":"src/psp/format_2025/operations.rs","@level":"debug","@line":37,"@message":"✅ Operations packed: result=613647704","@module":"flavor::psp::format_2025::operations","@pid":7004,"@timestamp":"2026-03-31T20:27:21.516304Z"}
{"@file":"src/psp/format_2025/operations.rs","@level":"debug","@line":60,"@message":"✅ Operations unpacked: count=8 operations=[20, 31, 208, 49, 135, 226, 121, 190]","@module":"flavor::psp::format_2025::operations","@pid":7004,"@timestamp":"2026-03-31T20:27:21.516313Z"}
{"@file":"src/psp/format_2025/operations.rs","@level":"debug","@line":37,"@message":"✅ Operations packed: result=11353390830655956853","@module":"flavor::psp::format_2025::operations","@pid":7004,"@timestamp":"2026-03-31T20:27:21.516347Z"}
{"@file":"src/psp/format_2025/operations.rs","@level":"debug","@line":37,"@message":"✅ Operations packed: result=13725250409672482580","@module":"flavor::psp::format_2025::operations","@pid":7004,"@timestamp":"2026-03-31T20:27:21.516348Z"}
{"@file":"src/psp/format_2025/operations.rs","@level":"debug","@line":37,"@message":"✅ Operations packed: result=12040719542427725773","@module":"flavor::psp::format_2025::operations","@pid":7004,"@timestamp":"2026-03-31T20:27:21.516362Z"}
{"@file":"src/psp/format_2025/operations.rs","@level":"debug","@line":60,"@message":"✅ Operations unpacked: count=8 operations=[20, 31, 208, 49, 135, 226, 121, 190]","@module":"flavor::psp::format_2025::operations","@pid":7004,"@timestamp":"2026-03-31T20:27:21.516390Z"}
{"@file":"src/psp/format_2025/operations.rs","@level":"debug","@line":60,"@message":"✅ Operations unpacked: count=8 operations=[117, 231, 108, 193, 206, 88, 143, 157]","@module":"flavor::psp::format_2025::operations","@pid":7004,"@timestamp":"2026-03-31T20:27:21.516383Z"}
{"@file":"src/psp/format_2025/operations.rs","@level":"debug","@line":60,"@message":"✅ Operations unpacked: count=8 operations=[246, 183, 25, 137, 54, 107, 203, 87]","@module":"flavor::psp::format_2025::operations","@pid":7004,"@timestamp":"2026-03-31T20:27:21.516483Z"}
{"@file":"src/psp/format_2025/operations.rs","@level":"debug","@line":37,"@message":"✅ Operations packed: result=6326267983544563702","@module":"flavor::psp::format_2025::operations","@pid":7004,"@timestamp":"2026-03-31T20:27:21.516513Z"}
{"@file":"src/psp/format_2025/operations.rs","@level":"debug","@line":37,"@message":"✅ Operations packed: result=1883889479","@module":"flavor::psp::format_2025::operations","@pid":7004,"@timestamp":"2026-03-31T20:27:21.516515Z"}
{"@file":"src/psp/format_2025/operations.rs","@level":"debug","@line":37,"@message":"✅ Operations packed: result=0","@module":"flavor::psp::format_2025::operations","@pid":7004,"@timestamp":"2026-03-31T20:27:21.516517Z"}
{"@file":"src/psp/format_2025/operations.rs","@level":"debug","@line":60,"@message":"✅ Operations unpacked: count=4 operations=[71, 223, 73, 112]","@module":"flavor::psp::format_2025::operations","@pid":7004,"@timestamp":"2026-03-31T20:27:21.516549Z"}
{"@file":"src/psp/format_2025/operations.rs","@level":"debug","@line":60,"@message":"✅ Operations unpacked: count=8 operations=[246, 183, 25, 137, 54, 107, 203, 87]","@module":"flavor::psp::format_2025::operations","@pid":7004,"@timestamp":"2026-03-31T20:27:21.516536Z"}
{"@file":"src/psp/format_2025/operations.rs","@level":"debug","@line":37,"@message":"✅ Operations packed: result=3507832861","@module":"flavor::psp::format_2025::operations","@pid":7004,"@timestamp":"2026-03-31T20:27:21.516595Z"}
{"@file":"src/psp/format_2025/operations.rs","@level":"debug","@line":37,"@message":"✅ Operations packed: result=0","@module":"flavor::psp::format_2025::operations","@pid":7004,"@timestamp":"2026-03-31T20:27:21.516608Z"}
{"@file":"src/psp/format_2025/operations.rs","@level":"debug","@line":60,"@message":"✅ Operations unpacked: count=8 operations=[141, 153, 49, 43, 198, 221, 3, 204]","@module":"flavor::psp::format_2025::operations","@pid":7004,"@timestamp":"2026-03-31T20:27:21.516621Z"}
{"@file":"src/psp/format_2025/operations.rs","@level":"debug","@line":60,"@message":"✅ Operations unpacked: count=0 operations=[]","@module":"flavor::psp::format_2025::operations","@pid":7004,"@timestamp":"2026-03-31T20:27:21.516635Z"}
{"@file":"src/psp/format_2025/operations.rs","@level":"debug","@line":37,"@message":"✅ Operations packed: result=59934","@module":"flavor::psp::format_2025::operations","@pid":7004,"@timestamp":"2026-03-31T20:27:21.516643Z"}
{"@file":"src/psp/format_2025/operations.rs","@level":"debug","@line":37,"@message":"✅ Operations packed: result=14700837451865364877","@module":"flavor::psp::format_2025::operations","@pid":7004,"@timestamp":"2026-03-31T20:27:21.516646Z"}
{"@file":"src/psp/format_2025/operations.rs","@level":"debug","@line":60,"@message":"✅ Operations unpacked: count=8 operations=[141, 153, 49, 43, 198, 221, 3, 204]","@module":"flavor::psp::format_2025::operations","@pid":7004,"@timestamp":"2026-03-31T20:27:21.516674Z"}
{"@file":"src/psp/format_2025/operations.rs","@level":"debug","@line":37,"@message":"✅ Operations packed: result=2713430895665616","@module":"flavor::psp::format_2025::operations","@pid":7004,"@timestamp":"2026-03-31T20:27:21.516689Z"}
{"@file":"src/psp/format_2025/operations.rs","@level":"debug","@line":37,"@message":"✅ Operations packed: result=0","@module":"flavor::psp::format_2025::operations","@pid":7004,"@timestamp":"2026-03-31T20:27:21.516698Z"}
{"@file":"src/psp/format_2025/operations.rs","@level":"debug","@line":60,"@message":"✅ Operations unpacked: count=8 operations=[247, 17, 61, 29, 77, 33, 254, 188]","@module":"flavor::psp::format_2025::operations","@pid":7004,"@timestamp":"2026-03-31T20:27:21.516720Z"}
{"@file":"src/psp/format_2025/operations.rs","@level":"debug","@line":60,"@message":"✅ Operations unpacked: count=7 operations=[208, 161, 168, 220, 217, 163, 9]","@module":"flavor::psp::format_2025::operations","@pid":7004,"@timestamp":"2026-03-31T20:27:21.516722Z"}
{"@file":"src/psp/format_2025/operations.rs","@level":"debug","@line":37,"@message":"✅ Operations packed: result=13618358938301698551","@module":"flavor::psp::format_2025::operations","@pid":7004,"@timestamp":"2026-03-31T20:27:21.516742Z"}
{"@file":"src/psp/format_2025/operations.rs","@level":"debug","@line":37,"@message":"✅ Operations packed: result=21267","@module":"flavor::psp::format_2025::operations","@pid":7004,"@timestamp":"2026-03-31T20:27:21.516759Z"}
{"@file":"src/psp/format_2025/operations.rs","@level":"debug","@line":60,"@message":"✅ Operations unpacked: count=8 operations=[247, 17, 61, 29, 77, 33, 254, 188]","@module":"flavor::psp::format_2025::operations","@pid":7004,"@timestamp":"2026-03-31T20:27:21.516765Z"}
{"@file":"src/psp/format_2025/operations.rs","@level":"debug","@line":37,"@message":"✅ Operations packed: result=2058070246","@module":"flavor::psp::format_2025::operations","@pid":7004,"@timestamp":"2026-03-31T20:27:21.516779Z"}
{"@file":"src/psp/format_2025/operations.rs","@level":"debug","@line":60,"@message":"✅ Operations unpacked: count=4 operations=[230, 168, 171, 122]","@module":"flavor::psp::format_2025::operations","@pid":7004,"@timestamp":"2026-03-31T20:27:21.516805Z"}
{"@file":"src/psp/format_2025/operations.rs","@level":"debug","@line":37,"@message":"✅ Operations packed: result=9674575","@module":"flavor::psp::format_2025::operations","@pid":7004,"@timestamp":"2026-03-31T20:27:21.516805Z"}
{"@file":"src/psp/format_2025/operations.rs","@level":"debug","@line":60,"@message":"✅ Operations unpacked: count=8 operations=[118, 24, 17, 3, 231, 176, 72, 78]","@module":"flavor::psp::format_2025::operations","@pid":7004,"@timestamp":"2026-03-31T20:27:21.516812Z"}
{"@file":"src/psp/format_2025/operations.rs","@level":"debug","@line":37,"@message":"✅ Operations packed: result=5640953039516932214","@module":"flavor::psp::format_2025::operations","@pid":7004,"@timestamp":"2026-03-31T20:27:21.516837Z"}
{"@file":"src/psp/format_2025/operations.rs","@level":"debug","@line":37,"@message":"✅ Operations packed: result=0","@module":"flavor::psp::format_2025::operations","@pid":7004,"@timestamp":"2026-03-31T20:27:21.516850Z"}
{"@file":"src/psp/format_2025/operations.rs","@level":"debug","@line":60,"@message":"✅ Operations unpacked: count=8 operations=[118, 24, 17, 3, 231, 176, 72, 78]","@module":"flavor::psp::format_2025::operations","@pid":7004,"@timestamp":"2026-03-31T20:27:21.516854Z"}
{"@file":"src/psp/format_2025/operations.rs","@level":"debug","@line":60,"@message":"✅ Operations unpacked: count=0 operations=[]","@module":"flavor::psp::format_2025::operations","@pid":7004,"@timestamp":"2026-03-31T20:27:21.516882Z"}
{"@file":"src/psp/format_2025/operations.rs","@level":"debug","@line":37,"@message":"✅ Operations packed: result=54818267315824788","@module":"flavor::psp::format_2025::operations","@pid":7004,"@timestamp":"2026-03-31T20:27:21.516862Z"}
{"@file":"src/psp/format_2025/operations.rs","@level":"debug","@line":60,"@message":"✅ Operations unpacked: count=8 operations=[204, 252, 116, 155, 13, 71, 228, 129]","@module":"flavor::psp::format_2025::operations","@pid":7004,"@timestamp":"2026-03-31T20:27:21.516925Z"}
{"@file":"src/psp/format_2025/operations.rs","@level":"debug","@line":37,"@message":"✅ Operations packed: result=4312","@module":"flavor::psp::format_2025::operations","@pid":7004,"@timestamp":"2026-03-31T20:27:21.516936Z"}
{"@file":"src/psp/format_2025/operations.rs","@level":"debug","@line":37,"@message":"✅ Operations packed: result=9359684049351015628","@module":"flavor::psp::format_2025::operations","@pid":7004,"@timestamp":"2026-03-31T20:27:21.516945Z"}
{"@file":"src/psp/format_2025/operations.rs","@level":"debug","@line":37,"@message":"✅ Operations packed: result=1127576210","@module":"flavor::psp::format_2025::operations","@pid":7004,"@timestamp":"2026-03-31T20:27:21.516954Z"}
{"@file":"src/psp/format_2025/operations.rs","@level":"debug","@line":60,"@message":"✅ Operations unpacked: count=2 operations=[216, 16]","@module":"flavor::psp::format_2025::operations","@pid":7004,"@timestamp":"2026-03-31T20:27:21.516962Z"}
{"@file":"src/psp/format_2025/operations.rs","@level":"debug","@line":60,"@message":"✅ Operations unpacked: count=8 operations=[204, 252, 116, 155, 13, 71, 228, 129]","@module":"flavor::psp::format_2025::operations","@pid":7004,"@timestamp":"2026-03-31T20:27:21.516970Z"}
{"@file":"src/psp/format_2025/operations.rs","@level":"debug","@line":37,"@message":"✅ Operations packed: result=57","@module":"flavor::psp::format_2025::operations","@pid":7004,"@timestamp":"2026-03-31T20:27:21.517002Z"}
{"@file":"src/psp/format_2025/execution/validation.rs","@level":"debug","@line":121,"@message":"💾 Saved package checksum: 12345678","@module":"flavor::psp::format_2025::execution::validation","@pid":7004,"@timestamp":"2026-03-31T20:27:21.518852Z"}
{"@file":"src/psp/format_2025/operations.rs","@level":"debug","@line":37,"@message":"✅ Operations packed: result=52993041952159615","@module":"flavor::psp::format_2025::operations","@pid":7004,"@timestamp":"2026-03-31T20:27:21.518970Z"}
{"@file":"src/psp/format_2025/operations.rs","@level":"debug","@line":60,"@message":"✅ Operations unpacked: count=8 operations=[132, 226, 176, 217, 70, 122, 211, 235]","@module":"flavor::psp::format_2025::operations","@pid":7004,"@timestamp":"2026-03-31T20:27:21.519001Z"}
{"@file":"src/psp/format_2025/operations.rs","@level":"debug","@line":60,"@message":"✅ Operations unpacked: count=7 operations=[127, 55, 32, 17, 228, 68, 188]","@module":"flavor::psp::format_2025::operations","@pid":7004,"@timestamp":"2026-03-31T20:27:21.519048Z"}
{"@file":"src/psp/format_2025/operations.rs","@level":"debug","@line":37,"@message":"✅ Operations packed: result=16993060263717560964","@module":"flavor::psp::format_2025::operations","@pid":7004,"@timestamp":"2026-03-31T20:27:21.519065Z"}
{"@file":"src/psp/format_2025/operations.rs","@level":"debug","@line":37,"@message":"✅ Operations packed: result=46","@module":"flavor::psp::format_2025::operations","@pid":7004,"@timestamp":"2026-03-31T20:27:21.519058Z"}
{"@file":"src/psp/format_2025/execution/validation.rs","@level":"debug","@line":25,"@message":"✅ Package checksum matches cached version: 12345678","@module":"flavor::psp::format_2025::execution::validation","@pid":7004,"@timestamp":"2026-03-31T20:27:21.519147Z"}
{"@file":"src/psp/format_2025/operations.rs","@level":"debug","@line":37,"@message":"✅ Operations packed: result=25347714662844840","@module":"flavor::psp::format_2025::operations","@pid":7004,"@timestamp":"2026-03-31T20:27:21.519117Z"}
{"@file":"src/psp/format_2025/operations.rs","@level":"debug","@line":60,"@message":"✅ Operations unpacked: count=8 operations=[132, 226, 176, 217, 70, 122, 211, 235]","@module":"flavor::psp::format_2025::operations","@pid":7004,"@timestamp":"2026-03-31T20:27:21.519094Z"}
{"@file":"src/psp/format_2025/operations.rs","@level":"debug","@line":60,"@message":"✅ Operations unpacked: count=7 operations=[168, 201, 88, 184, 156, 13, 90]","@module":"flavor::psp::format_2025::operations","@pid":7004,"@timestamp":"2026-03-31T20:27:21.519223Z"}
{"@file":"src/psp/format_2025/operations.rs","@level":"debug","@line":37,"@message":"✅ Operations packed: result=651899780082","@module":"flavor::psp::format_2025::operations","@pid":7004,"@timestamp":"2026-03-31T20:27:21.519254Z"}
{"@file":"src/psp/format_2025/operations.rs","@level":"debug","@line":60,"@message":"✅ Operations unpacked: count=8 operations=[159, 83, 5, 242, 211, 143, 79, 20]","@module":"flavor::psp::format_2025::operations","@pid":7004,"@timestamp":"2026-03-31T20:27:21.519309Z"}
{"@file":"src/psp/format_2025/operations.rs","@level":"debug","@line":37,"@message":"✅ Operations packed: result=1463546544380007327","@module":"flavor::psp::format_2025::operations","@pid":7004,"@timestamp":"2026-03-31T20:27:21.519343Z"}
{"@file":"src/psp/format_2025/operations.rs","@level":"debug","@line":37,"@message":"✅ Operations packed: result=2916497964535391","@module":"flavor::psp::format_2025::operations","@pid":7004,"@timestamp":"2026-03-31T20:27:21.519348Z"}
{"@file":"src/psp/format_2025/operations.rs","@level":"debug","@line":37,"@message":"✅ Operations packed: result=25062","@module":"flavor::psp::format_2025::operations","@pid":7004,"@timestamp":"2026-03-31T20:27:21.519339Z"}
{"@file":"src/psp/format_2025/operations.rs","@level":"debug","@line":60,"@message":"✅ Operations unpacked: count=8 operations=[159, 83, 5, 242, 211, 143, 79, 20]","@module":"flavor::psp::format_2025::operations","@pid":7004,"@timestamp":"2026-03-31T20:27:21.519370Z"}
{"@file":"src/psp/format_2025/operations.rs","@level":"debug","@line":60,"@message":"✅ Operations unpacked: count=7 operations=[95, 14, 42, 25, 138, 92, 10]","@module":"flavor::psp::format_2025::operations","@pid":7004,"@timestamp":"2026-03-31T20:27:21.519396Z"}
{"@file":"src/psp/format_2025/operations.rs","@level":"debug","@line":37,"@message":"✅ Operations packed: result=4728","@module":"flavor::psp::format_2025::operations","@pid":7004,"@timestamp":"2026-03-31T20:27:21.519482Z"}
{"@file":"src/psp/format_2025/operations.rs","@level":"debug","@line":60,"@message":"✅ Operations unpacked: count=2 operations=[120, 18]","@module":"flavor::psp::format_2025::operations","@pid":7004,"@timestamp":"2026-03-31T20:27:21.519505Z"}
{"@file":"src/psp/format_2025/operations.rs","@level":"debug","@line":37,"@message":"✅ Operations packed: result=171080098821387","@module":"flavor::psp::format_2025::operations","@pid":7004,"@timestamp":"2026-03-31T20:27:21.519478Z"}
{"@file":"src/psp/format_2025/operations.rs","@level":"debug","@line":60,"@message":"✅ Operations unpacked: count=8 operations=[138, 69, 196, 117, 241, 228, 40, 102]","@module":"flavor::psp::format_2025::operations","@pid":7004,"@timestamp":"2026-03-31T20:27:21.519475Z"}
{"@file":"src/psp/format_2025/operations.rs","@level":"debug","@line":37,"@message":"✅ Operations packed: result=0","@module":"flavor::psp::format_2025::operations","@pid":7004,"@timestamp":"2026-03-31T20:27:21.519551Z"}
{"@file":"src/psp/format_2025/operations.rs","@level":"debug","@line":37,"@message":"✅ Operations packed: result=976616927483","@module":"flavor::psp::format_2025::operations","@pid":7004,"@timestamp":"2026-03-31T20:27:21.519591Z"}
{"@file":"src/psp/format_2025/operations.rs","@level":"debug","@line":60,"@message":"✅ Operations unpacked: count=0 operations=[]","@module":"flavor::psp::format_2025::operations","@pid":7004,"@timestamp":"2026-03-31T20:27:21.519604Z"}
{"@file":"src/psp/format_2025/operations.rs","@level":"debug","@line":37,"@message":"✅ Operations packed: result=7361385316651124106","@module":"flavor::psp::format_2025::operations","@pid":7004,"@timestamp":"2026-03-31T20:27:21.519558Z"}
{"@file":"src/psp/format_2025/operations.rs","@level":"debug","@line":60,"@message":"✅ Operations unpacked: count=8 operations=[138, 69, 196, 117, 241, 228, 40, 102]","@module":"flavor::psp::format_2025::operations","@pid":7004,"@timestamp":"2026-03-31T20:27:21.519646Z"}
{"@file":"src/psp/format_2025/operations.rs","@level":"debug","@line":37,"@message":"✅ Operations packed: result=22169688442225716","@module":"flavor::psp::format_2025::operations","@pid":7004,"@timestamp":"2026-03-31T20:27:21.519649Z"}
{"@file":"src/psp/format_2025/operations.rs","@level":"debug","@line":37,"@message":"✅ Operations packed: result=0","@module":"flavor::psp::format_2025::operations","@pid":7004,"@timestamp":"2026-03-31T20:27:21.519656Z"}
{"@file":"src/psp/format_2025/operations.rs","@level":"debug","@line":60,"@message":"✅ Operations unpacked: count=8 operations=[128, 243, 227, 214, 241, 58, 137, 40]","@module":"flavor::psp::format_2025::operations","@pid":7004,"@timestamp":"2026-03-31T20:27:21.519705Z"}
{"@file":"src/psp/format_2025/operations.rs","@level":"debug","@line":60,"@message":"✅ Operations unpacked: count=0 operations=[]","@module":"flavor::psp::format_2025::operations","@pid":7004,"@timestamp":"2026-03-31T20:27:21.519729Z"}
{"@file":"src/psp/format_2025/operations.rs","@level":"debug","@line":37,"@message":"✅ Operations packed: result=2920930643693269888","@module":"flavor::psp::format_2025::operations","@pid":7004,"@timestamp":"2026-03-31T20:27:21.519734Z"}
{"@file":"src/psp/format_2025/operations.rs","@level":"debug","@line":37,"@message":"✅ Operations packed: result=1511473680","@module":"flavor::psp::format_2025::operations","@pid":7004,"@timestamp":"2026-03-31T20:27:21.519735Z"}
test psp::format_2025::builder::slot_processor::tests::test_resolve_slot_path_uses_current_dir_when_workenv_base_is_unset ... {"@file":"src/psp/format_2025/operations.rs","@level":"debug","@line":60,"@message":"✅ Operations unpacked: count=8 operations=[128, 243, 227, 214, 241, 58, 137, 40]","@module":"flavor::psp::format_2025::operations","@pid":7004,"@timestamp":"2026-03-31T20:27:21.519807Z"}
ok
{"@file":"src/psp/format_2025/operations.rs","@level":"debug","@line":37,"@message":"✅ Operations packed: result=29","@module":"flavor::psp::format_2025::operations","@pid":7004,"@timestamp":"2026-03-31T20:27:21.519814Z"}
{"@file":"src/psp/format_2025/operations.rs","@level":"debug","@line":37,"@message":"✅ Operations packed: result=199308974918071","@module":"flavor::psp::format_2025::operations","@pid":7004,"@timestamp":"2026-03-31T20:27:21.519852Z"}
{"@file":"src/psp/format_2025/operations.rs","@level":"debug","@line":60,"@message":"✅ Operations unpacked: count=8 operations=[165, 42, 137, 197, 185, 126, 103, 122]","@module":"flavor::psp::format_2025::operations","@pid":7004,"@timestamp":"2026-03-31T20:27:21.519873Z"}
{"@file":"src/psp/format_2025/operations.rs","@level":"debug","@line":60,"@message":"✅ Operations unpacked: count=1 operations=[29]","@module":"flavor::psp::format_2025::operations","@pid":7004,"@timestamp":"2026-03-31T20:27:21.519855Z"}
{"@file":"src/psp/format_2025/operations.rs","@level":"debug","@line":37,"@message":"✅ Operations packed: result=8820157731576556197","@module":"flavor::psp::format_2025::operations","@pid":7004,"@timestamp":"2026-03-31T20:27:21.519902Z"}
{"@file":"src/psp/format_2025/operations.rs","@level":"debug","@line":37,"@message":"✅ Operations packed: result=144","@module":"flavor::psp::format_2025::operations","@pid":7004,"@timestamp":"2026-03-31T20:27:21.519931Z"}
{"@file":"src/psp/format_2025/operations.rs","@level":"debug","@line":60,"@message":"✅ Operations unpacked: count=8 operations=[165, 42, 137, 197, 185, 126, 103, 122]","@module":"flavor::psp::format_2025::operations","@pid":7004,"@timestamp":"2026-03-31T20:27:21.519978Z"}
{"@file":"src/psp/format_2025/operations.rs","@level":"debug","@line":37,"@message":"✅ Operations packed: result=23919","@module":"flavor::psp::format_2025::operations","@pid":7004,"@timestamp":"2026-03-31T20:27:21.519956Z"}
{"@file":"src/psp/format_2025/operations.rs","@level":"debug","@line":37,"@message":"✅ Operations packed: result=15370915401977769432","@module":"flavor::psp::format_2025::operations","@pid":7004,"@timestamp":"2026-03-31T20:27:21.520030Z"}
{"@file":"src/psp/format_2025/operations.rs","@level":"debug","@line":60,"@message":"✅ Operations unpacked: count=8 operations=[96, 239, 31, 184, 2, 190, 186, 179]","@module":"flavor::psp::format_2025::operations","@pid":7004,"@timestamp":"2026-03-31T20:27:21.520036Z"}
{"@file":"src/psp/format_2025/operations.rs","@level":"debug","@line":60,"@message":"✅ Operations unpacked: count=2 operations=[111, 93]","@module":"flavor::psp::format_2025::operations","@pid":7004,"@timestamp":"2026-03-31T20:27:21.520042Z"}
{"@file":"src/psp/format_2025/operations.rs","@level":"debug","@line":37,"@message":"✅ Operations packed: result=1881742139","@module":"flavor::psp::format_2025::operations","@pid":7004,"@timestamp":"2026-03-31T20:27:21.520136Z"}
{"@file":"src/psp/format_2025/operations.rs","@level":"debug","@line":37,"@message":"✅ Operations packed: result=12950872597345595232","@module":"flavor::psp::format_2025::operations","@pid":7004,"@timestamp":"2026-03-31T20:27:21.520120Z"}
test psp::format_2025::builder::slot_processor::tests::test_process_slots_regular_file_builds_descriptor ... ok{"@file":"src/psp/format_2025/operations.rs","@level":"debug","@line":37,"@message":"✅ Operations packed: result=230186427571217939","@module":"flavor::psp::format_2025::operations","@pid":7004,"@timestamp":"2026-03-31T20:27:21.520184Z"}

{"@file":"src/psp/format_2025/operations.rs","@level":"debug","@line":60,"@message":"✅ Operations unpacked: count=8 operations=[96, 239, 31, 184, 2, 190, 186, 179]","@module":"flavor::psp::format_2025::operations","@pid":7004,"@timestamp":"2026-03-31T20:27:21.520188Z"}
{"@file":"src/psp/format_2025/operations.rs","@level":"debug","@line":37,"@message":"✅ Operations packed: result=466021294745","@module":"flavor::psp::format_2025::operations","@pid":7004,"@timestamp":"2026-03-31T20:27:21.520197Z"}
{"@file":"src/psp/format_2025/operations.rs","@level":"debug","@line":60,"@message":"✅ Operations unpacked: count=8 operations=[19, 166, 127, 23, 86, 201, 49, 3]","@module":"flavor::psp::format_2025::operations","@pid":7004,"@timestamp":"2026-03-31T20:27:21.520217Z"}
{"@file":"src/psp/format_2025/backends.rs","@level":"debug","@line":202,"@message":"📁 File backend opened /var/folders/sg/wy47gw996f78fznt898m8x540000gn/T/.tmpXjr9ap (8364 bytes) in 212.708µs","@module":"flavor::psp::format_2025::backends","@pid":7004,"@timestamp":"2026-03-31T20:27:21.520228Z"}
{"@file":"src/psp/format_2025/operations.rs","@level":"debug","@line":60,"@message":"✅ Operations unpacked: count=8 operations=[148, 25, 77, 228, 85, 72, 184, 132]","@module":"flavor::psp::format_2025::operations","@pid":7004,"@timestamp":"2026-03-31T20:27:21.520344Z"}
{"@file":"src/psp/format_2025/operations.rs","@level":"debug","@line":37,"@message":"✅ Operations packed: result=9563473342460926356","@module":"flavor::psp::format_2025::operations","@pid":7004,"@timestamp":"2026-03-31T20:27:21.520370Z"}
{"@file":"src/psp/format_2025/reader.rs","@level":"debug","@line":274,"@message":"Trailer size: 8200, file size: 8364 bytes","@module":"flavor::psp::format_2025::reader","@pid":7004,"@timestamp":"2026-03-31T20:27:21.520372Z"}
{"@file":"src/psp/format_2025/operations.rs","@level":"debug","@line":60,"@message":"✅ Operations unpacked: count=8 operations=[148, 25, 77, 228, 85, 72, 184, 132]","@module":"flavor::psp::format_2025::operations","@pid":7004,"@timestamp":"2026-03-31T20:27:21.520394Z"}
{"@file":"src/psp/format_2025/operations.rs","@level":"debug","@line":37,"@message":"✅ Operations packed: result=113","@module":"flavor::psp::format_2025::operations","@pid":7004,"@timestamp":"2026-03-31T20:27:21.520370Z"}
{"@file":"src/psp/format_2025/operations.rs","@level":"debug","@line":37,"@message":"✅ Operations packed: result=15124049196977402590","@module":"flavor::psp::format_2025::operations","@pid":7004,"@timestamp":"2026-03-31T20:27:21.520384Z"}
{"@file":"src/psp/format_2025/index.rs","@level":"debug","@line":181,"@message":"Parsed metadata_offset: 0x0000000000000055 (85)","@module":"flavor::psp::format_2025::index","@pid":7004,"@timestamp":"2026-03-31T20:27:21.520398Z"}
test psp::format_2025::trust::tests::test_load_keys_from_dir_empty ... {"@file":"src/psp/format_2025/operations.rs","@level":"debug","@line":60,"@message":"✅ Operations unpacked: count=8 operations=[87, 173, 178, 150, 186, 139, 226, 139]","@module":"flavor::psp::format_2025::operations","@pid":7004,"@timestamp":"2026-03-31T20:27:21.520501Z"}
ok
{"@file":"src/psp/format_2025/execution/validation.rs","@level":"debug","@line":191,"@message":"💾 Saved index metadata to \"/var/folders/sg/wy47gw996f78fznt898m8x540000gn/T/.tmpJCMeGC/workenv/.demo.pspf/instance/index.json\"","@module":"flavor::psp::format_2025::execution::validation","@pid":7004,"@timestamp":"2026-03-31T20:27:21.520485Z"}
{"@file":"src/psp/format_2025/operations.rs","@level":"debug","@line":60,"@message":"✅ Operations unpacked: count=8 operations=[222, 178, 94, 47, 157, 106, 227, 209]","@module":"flavor::psp::format_2025::operations","@pid":7004,"@timestamp":"2026-03-31T20:27:21.520487Z"}
{"@file":"src/psp/format_2025/index.rs","@level":"debug","@line":182,"@message":"Parsed metadata_size: 79 bytes","@module":"flavor::psp::format_2025::index","@pid":7004,"@timestamp":"2026-03-31T20:27:21.520528Z"}
{"@file":"src/psp/format_2025/operations.rs","@level":"debug","@line":37,"@message":"✅ Operations packed: result=1559328889","@module":"flavor::psp::format_2025::operations","@pid":7004,"@timestamp":"2026-03-31T20:27:21.520543Z"}
{"@file":"src/psp/format_2025/execution/validation.rs","@level":"debug","@line":121,"@message":"💾 Saved package checksum: deadbeef","@module":"flavor::psp::format_2025::execution::validation","@pid":7004,"@timestamp":"2026-03-31T20:27:21.520618Z"}
{"@file":"src/psp/format_2025/operations.rs","@level":"debug","@line":37,"@message":"✅ Operations packed: result=10079772549517061463","@module":"flavor::psp::format_2025::operations","@pid":7004,"@timestamp":"2026-03-31T20:27:21.520564Z"}
{"@file":"src/psp/format_2025/operations.rs","@level":"debug","@line":37,"@message":"✅ Operations packed: result=0","@module":"flavor::psp::format_2025::operations","@pid":7004,"@timestamp":"2026-03-31T20:27:21.520668Z"}
{"@file":"src/psp/format_2025/reader.rs","@level":"debug","@line":99,"@message":"Parsed index values:","@module":"flavor::psp::format_2025::reader","@pid":7004,"@timestamp":"2026-03-31T20:27:21.520622Z"}
{"@file":"src/psp/format_2025/operations.rs","@level":"debug","@line":37,"@message":"✅ Operations packed: result=5902772288359074995","@module":"flavor::psp::format_2025::operations","@pid":7004,"@timestamp":"2026-03-31T20:27:21.520629Z"}
{"@file":"src/psp/format_2025/operations.rs","@level":"debug","@line":60,"@message":"✅ Operations unpacked: count=8 operations=[87, 173, 178, 150, 186, 139, 226, 139]","@module":"flavor::psp::format_2025::operations","@pid":7004,"@timestamp":"2026-03-31T20:27:21.520710Z"}
{"@file":"src/psp/format_2025/reader.rs","@level":"debug","@line":100,"@message":"  package_size: 8364","@module":"flavor::psp::format_2025::reader","@pid":7004,"@timestamp":"2026-03-31T20:27:21.520706Z"}
{"@file":"src/psp/format_2025/operations.rs","@level":"debug","@line":37,"@message":"✅ Operations packed: result=64007112308308148","@module":"flavor::psp::format_2025::operations","@pid":7004,"@timestamp":"2026-03-31T20:27:21.520740Z"}
{"@file":"src/psp/format_2025/operations.rs","@level":"debug","@line":60,"@message":"✅ Operations unpacked: count=8 operations=[179, 140, 169, 61, 31, 220, 234, 81]","@module":"flavor::psp::format_2025::operations","@pid":7004,"@timestamp":"2026-03-31T20:27:21.520767Z"}
{"@file":"src/psp/format_2025/operations.rs","@level":"debug","@line":60,"@message":"✅ Operations unpacked: count=8 operations=[69, 113, 168, 34, 179, 84, 225, 132]","@module":"flavor::psp::format_2025::operations","@pid":7004,"@timestamp":"2026-03-31T20:27:21.520869Z"}
{"@file":"src/psp/format_2025/reader.rs","@level":"debug","@line":101,"@message":"  launcher_size: 0","@module":"flavor::psp::format_2025::reader","@pid":7004,"@timestamp":"2026-03-31T20:27:21.520823Z"}
{"@file":"src/psp/format_2025/operations.rs","@level":"debug","@line":37,"@message":"✅ Operations packed: result=542844915431","@module":"flavor::psp::format_2025::operations","@pid":7004,"@timestamp":"2026-03-31T20:27:21.520901Z"}
{"@file":"src/psp/format_2025/reader.rs","@level":"debug","@line":102,"@message":"  metadata_offset: 0x0000000000000055 (85)","@module":"flavor::psp::format_2025::reader","@pid":7004,"@timestamp":"2026-03-31T20:27:21.520924Z"}
{"@file":"src/psp/format_2025/execution/validation.rs","@level":"debug","@line":25,"@message":"✅ Package checksum matches cached version: deadbeef","@module":"flavor::psp::format_2025::execution::validation","@pid":7004,"@timestamp":"2026-03-31T20:27:21.520820Z"}
{"@file":"src/psp/format_2025/operations.rs","@level":"debug","@line":37,"@message":"✅ Operations packed: result=6193715","@module":"flavor::psp::format_2025::operations","@pid":7004,"@timestamp":"2026-03-31T20:27:21.520971Z"}
{"@file":"src/psp/format_2025/reader.rs","@level":"debug","@line":106,"@message":"  metadata_size: 79 bytes","@module":"flavor::psp::format_2025::reader","@pid":7004,"@timestamp":"2026-03-31T20:27:21.520969Z"}
{"@file":"src/psp/format_2025/operations.rs","@level":"debug","@line":37,"@message":"✅ Operations packed: result=9575027411123728709","@module":"flavor::psp::format_2025::operations","@pid":7004,"@timestamp":"2026-03-31T20:27:21.520910Z"}
{"@file":"src/psp/format_2025/operations.rs","@level":"debug","@line":37,"@message":"✅ Operations packed: result=3147107870977140333","@module":"flavor::psp::format_2025::operations","@pid":7004,"@timestamp":"2026-03-31T20:27:21.521030Z"}
{"@file":"src/psp/format_2025/operations.rs","@level":"debug","@line":37,"@message":"✅ Operations packed: result=29215804010808","@module":"flavor::psp::format_2025::operations","@pid":7004,"@timestamp":"2026-03-31T20:27:21.521039Z"}
{"@file":"src/psp/format_2025/reader.rs","@level":"debug","@line":107,"@message":"  slot_table_offset: 0x0000000000000015","@module":"flavor::psp::format_2025::reader","@pid":7004,"@timestamp":"2026-03-31T20:27:21.521026Z"}
{"@file":"src/psp/format_2025/operations.rs","@level":"debug","@line":60,"@message":"✅ Operations unpacked: count=8 operations=[69, 113, 168, 34, 179, 84, 225, 132]","@module":"flavor::psp::format_2025::operations","@pid":7004,"@timestamp":"2026-03-31T20:27:21.521037Z"}
{"@file":"src/psp/format_2025/reader.rs","@level":"debug","@line":108,"@message":"  slot_count: 1","@module":"flavor::psp::format_2025::reader","@pid":7004,"@timestamp":"2026-03-31T20:27:21.521104Z"}
{"@file":"src/psp/format_2025/operations.rs","@level":"debug","@line":37,"@message":"✅ Operations packed: result=441840","@module":"flavor::psp::format_2025::operations","@pid":7004,"@timestamp":"2026-03-31T20:27:21.521104Z"}
{"@file":"src/psp/format_2025/operations.rs","@level":"debug","@line":60,"@message":"✅ Operations unpacked: count=8 operations=[109, 166, 109, 63, 239, 197, 172, 43]","@module":"flavor::psp::format_2025::operations","@pid":7004,"@timestamp":"2026-03-31T20:27:21.521066Z"}
{"@file":"src/psp/format_2025/operations.rs","@level":"debug","@line":60,"@message":"✅ Operations unpacked: count=8 operations=[224, 162, 32, 200, 223, 212, 145, 115]","@module":"flavor::psp::format_2025::operations","@pid":7004,"@timestamp":"2026-03-31T20:27:21.521168Z"}
{"@file":"src/psp/format_2025/backends.rs","@level":"debug","@line":202,"@message":"📁 File backend opened /var/folders/sg/wy47gw996f78fznt898m8x540000gn/T/.tmpQcIkGo (8279 bytes) in 81.375µs","@module":"flavor::psp::format_2025::backends","@pid":7004,"@timestamp":"2026-03-31T20:27:21.521119Z"}
{"@file":"src/psp/format_2025/operations.rs","@level":"debug","@line":37,"@message":"✅ Operations packed: result=1068186072107","@module":"flavor::psp::format_2025::operations","@pid":7004,"@timestamp":"2026-03-31T20:27:21.521195Z"}
{"@file":"src/psp/format_2025/reader.rs","@level":"debug","@line":117,"@message":"Index loaded in 847.166µs","@module":"flavor::psp::format_2025::reader","@pid":7004,"@timestamp":"2026-03-31T20:27:21.521207Z"}
{"@file":"src/psp/format_2025/reader.rs","@level":"debug","@line":274,"@message":"Trailer size: 8200, file size: 8279 bytes","@module":"flavor::psp::format_2025::reader","@pid":7004,"@timestamp":"2026-03-31T20:27:21.521230Z"}
{"@file":"src/psp/format_2025/reader.rs","@level":"debug","@line":297,"@message":"📊 Reading 1 slot descriptors from offset 0x15","@module":"flavor::psp::format_2025::reader","@pid":7004,"@timestamp":"2026-03-31T20:27:21.521243Z"}
{"@file":"src/psp/format_2025/operations.rs","@level":"debug","@line":37,"@message":"✅ Operations packed: result=0","@module":"flavor::psp::format_2025::operations","@pid":7004,"@timestamp":"2026-03-31T20:27:21.521249Z"}
{"@file":"src/psp/format_2025/operations.rs","@level":"debug","@line":37,"@message":"✅ Operations packed: result=8327671243585135328","@module":"flavor::psp::format_2025::operations","@pid":7004,"@timestamp":"2026-03-31T20:27:21.521194Z"}
{"@file":"src/psp/format_2025/operations.rs","@level":"debug","@line":37,"@message":"✅ Operations packed: result=3751082181","@module":"flavor::psp::format_2025::operations","@pid":7004,"@timestamp":"2026-03-31T20:27:21.521231Z"}
{"@file":"src/psp/format_2025/operations.rs","@level":"debug","@line":37,"@message":"✅ Operations packed: result=54615576437094814","@module":"flavor::psp::format_2025::operations","@pid":7004,"@timestamp":"2026-03-31T20:27:21.521296Z"}
{"@file":"src/psp/format_2025/index.rs","@level":"debug","@line":181,"@message":"Parsed metadata_offset: 0x0000000000000000 (0)","@module":"flavor::psp::format_2025::index","@pid":7004,"@timestamp":"2026-03-31T20:27:21.521263Z"}
{"@file":"src/psp/format_2025/operations.rs","@level":"debug","@line":60,"@message":"✅ Operations unpacked: count=8 operations=[224, 162, 32, 200, 223, 212, 145, 115]","@module":"flavor::psp::format_2025::operations","@pid":7004,"@timestamp":"2026-03-31T20:27:21.521301Z"}
{"@file":"src/psp/format_2025/operations.rs","@level":"debug","@line":37,"@message":"✅ Operations packed: result=214867098255374","@module":"flavor::psp::format_2025::operations","@pid":7004,"@timestamp":"2026-03-31T20:27:21.521358Z"}
{"@file":"src/psp/format_2025/index.rs","@level":"debug","@line":182,"@message":"Parsed metadata_size: 79 bytes","@module":"flavor::psp::format_2025::index","@pid":7004,"@timestamp":"2026-03-31T20:27:21.521344Z"}
{"@file":"src/psp/format_2025/operations.rs","@level":"debug","@line":60,"@message":"✅ Operations unpacked: count=8 operations=[59, 152, 217, 101, 146, 129, 122, 243]","@module":"flavor::psp::format_2025::operations","@pid":7004,"@timestamp":"2026-03-31T20:27:21.521402Z"}
{"@file":"src/psp/format_2025/reader.rs","@level":"debug","@line":99,"@message":"Parsed index values:","@module":"flavor::psp::format_2025::reader","@pid":7004,"@timestamp":"2026-03-31T20:27:21.521417Z"}
{"@file":"src/psp/format_2025/operations.rs","@level":"debug","@line":37,"@message":"✅ Operations packed: result=17544477764149155899","@module":"flavor::psp::format_2025::operations","@pid":7004,"@timestamp":"2026-03-31T20:27:21.521432Z"}
{"@file":"src/psp/format_2025/reader.rs","@level":"debug","@line":100,"@message":"  package_size: 8279","@module":"flavor::psp::format_2025::reader","@pid":7004,"@timestamp":"2026-03-31T20:27:21.521444Z"}
{"@file":"src/psp/format_2025/operations.rs","@level":"debug","@line":60,"@message":"✅ Operations unpacked: count=8 operations=[59, 152, 217, 101, 146, 129, 122, 243]","@module":"flavor::psp::format_2025::operations","@pid":7004,"@timestamp":"2026-03-31T20:27:21.521464Z"}
{"@file":"src/psp/format_2025/operations.rs","@level":"debug","@line":60,"@message":"✅ Operations unpacked: count=4 operations=[197, 248, 148, 223]","@module":"flavor::psp::format_2025::operations","@pid":7004,"@timestamp":"2026-03-31T20:27:21.521336Z"}
{"@file":"src/psp/format_2025/operations.rs","@level":"debug","@line":37,"@message":"✅ Operations packed: result=12272115","@module":"flavor::psp::format_2025::operations","@pid":7004,"@timestamp":"2026-03-31T20:27:21.521416Z"}
{"@file":"src/psp/format_2025/operations.rs","@level":"debug","@line":37,"@message":"✅ Operations packed: result=210376800694576","@module":"flavor::psp::format_2025::operations","@pid":7004,"@timestamp":"2026-03-31T20:27:21.521552Z"}
{"@file":"src/psp/format_2025/operations.rs","@level":"debug","@line":60,"@message":"✅ Operations unpacked: count=6 operations=[48, 113, 121, 42, 86, 191]","@module":"flavor::psp::format_2025::operations","@pid":7004,"@timestamp":"2026-03-31T20:27:21.521583Z"}
test psp::format_2025::verifier::tests::test_attestation_sbom_digest_mismatch ... {"@file":"src/psp/format_2025/operations.rs","@level":"debug","@line":60,"@message":"✅ Operations unpacked: count=8 operations=[238, 15, 10, 114, 238, 239, 217, 226]","@module":"flavor::psp::format_2025::operations","@pid":7004,"@timestamp":"2026-03-31T20:27:21.521528Z"}
ok
{"@file":"src/psp/format_2025/operations.rs","@level":"debug","@line":37,"@message":"✅ Operations packed: result=135322307","@module":"flavor::psp::format_2025::operations","@pid":7004,"@timestamp":"2026-03-31T20:27:21.521613Z"}
{"@file":"src/psp/format_2025/operations.rs","@level":"debug","@line":37,"@message":"✅ Operations packed: result=16346360129912442862","@module":"flavor::psp::format_2025::operations","@pid":7004,"@timestamp":"2026-03-31T20:27:21.521644Z"}
{"@file":"src/psp/format_2025/operations.rs","@level":"debug","@line":37,"@message":"✅ Operations packed: result=3375061160","@module":"flavor::psp::format_2025::operations","@pid":7004,"@timestamp":"2026-03-31T20:27:21.521646Z"}
{"@file":"src/psp/format_2025/operations.rs","@level":"debug","@line":60,"@message":"✅ Operations unpacked: count=8 operations=[238, 15, 10, 114, 238, 239, 217, 226]","@module":"flavor::psp::format_2025::operations","@pid":7004,"@timestamp":"2026-03-31T20:27:21.521679Z"}
{"@file":"src/psp/format_2025/reader.rs","@level":"debug","@line":101,"@message":"  launcher_size: 0","@module":"flavor::psp::format_2025::reader","@pid":7004,"@timestamp":"2026-03-31T20:27:21.521479Z"}
{"@file":"src/psp/format_2025/operations.rs","@level":"debug","@line":37,"@message":"✅ Operations packed: result=5159169","@module":"flavor::psp::format_2025::operations","@pid":7004,"@timestamp":"2026-03-31T20:27:21.521696Z"}
{"@file":"src/psp/format_2025/operations.rs","@level":"debug","@line":60,"@message":"✅ Operations unpacked: count=4 operations=[168, 88, 43, 201]","@module":"flavor::psp::format_2025::operations","@pid":7004,"@timestamp":"2026-03-31T20:27:21.521699Z"}
{"@file":"src/psp/format_2025/launcher/filesystem.rs","@level":"debug","@line":70,"@message":"Fixed shebang in \"tool\"","@module":"flavor::psp::format_2025::launcher::filesystem","@pid":7004,"@timestamp":"2026-03-31T20:27:21.521633Z"}
{"@file":"src/psp/format_2025/reader.rs","@level":"debug","@line":102,"@message":"  metadata_offset: 0x0000000000000000 (0)","@module":"flavor::psp::format_2025::reader","@pid":7004,"@timestamp":"2026-03-31T20:27:21.521760Z"}
{"@file":"src/psp/format_2025/operations.rs","@level":"debug","@line":60,"@message":"✅ Operations unpacked: count=8 operations=[241, 65, 162, 104, 214, 28, 173, 57]","@module":"flavor::psp::format_2025::operations","@pid":7004,"@timestamp":"2026-03-31T20:27:21.521769Z"}
{"@file":"src/psp/format_2025/operations.rs","@level":"debug","@line":37,"@message":"✅ Operations packed: result=6627856","@module":"flavor::psp::format_2025::operations","@pid":7004,"@timestamp":"2026-03-31T20:27:21.521795Z"}
{"@file":"src/psp/format_2025/reader.rs","@level":"debug","@line":106,"@message":"  metadata_size: 79 bytes","@module":"flavor::psp::format_2025::reader","@pid":7004,"@timestamp":"2026-03-31T20:27:21.521872Z"}
{"@file":"src/psp/format_2025/operations.rs","@level":"debug","@line":37,"@message":"✅ Operations packed: result=1270015487","@module":"flavor::psp::format_2025::operations","@pid":7004,"@timestamp":"2026-03-31T20:27:21.521831Z"}
{"@file":"src/psp/format_2025/operations.rs","@level":"debug","@line":37,"@message":"✅ Operations packed: result=4156009738336879089","@module":"flavor::psp::format_2025::operations","@pid":7004,"@timestamp":"2026-03-31T20:27:21.521889Z"}
{"@file":"src/psp/format_2025/operations.rs","@level":"debug","@line":60,"@message":"✅ Operations unpacked: count=4 operations=[255, 229, 178, 75]","@module":"flavor::psp::format_2025::operations","@pid":7004,"@timestamp":"2026-03-31T20:27:21.521914Z"}
{"@file":"src/psp/format_2025/operations.rs","@level":"debug","@line":37,"@message":"✅ Operations packed: result=507802899880","@module":"flavor::psp::format_2025::operations","@pid":7004,"@timestamp":"2026-03-31T20:27:21.521950Z"}
{"@file":"src/psp/format_2025/reader.rs","@level":"debug","@line":107,"@message":"  slot_table_offset: 0x0000000000000000","@module":"flavor::psp::format_2025::reader","@pid":7004,"@timestamp":"2026-03-31T20:27:21.521907Z"}
{"@file":"src/psp/format_2025/operations.rs","@level":"debug","@line":60,"@message":"✅ Operations unpacked: count=8 operations=[241, 65, 162, 104, 214, 28, 173, 57]","@module":"flavor::psp::format_2025::operations","@pid":7004,"@timestamp":"2026-03-31T20:27:21.521948Z"}
{"@file":"src/psp/format_2025/operations.rs","@level":"debug","@line":37,"@message":"✅ Operations packed: result=62678842","@module":"flavor::psp::format_2025::operations","@pid":7004,"@timestamp":"2026-03-31T20:27:21.522025Z"}
{"@file":"src/psp/format_2025/reader.rs","@level":"debug","@line":108,"@message":"  slot_count: 0","@module":"flavor::psp::format_2025::reader","@pid":7004,"@timestamp":"2026-03-31T20:27:21.522018Z"}
{"@file":"src/psp/format_2025/operations.rs","@level":"debug","@line":37,"@message":"✅ Operations packed: result=145701299983","@module":"flavor::psp::format_2025::operations","@pid":7004,"@timestamp":"2026-03-31T20:27:21.522014Z"}
{"@file":"src/psp/format_2025/operations.rs","@level":"debug","@line":37,"@message":"✅ Operations packed: result=51488074797760841","@module":"flavor::psp::format_2025::operations","@pid":7004,"@timestamp":"2026-03-31T20:27:21.522089Z"}
{"@file":"src/psp/format_2025/operations.rs","@level":"debug","@line":60,"@message":"✅ Operations unpacked: count=4 operations=[172, 98, 48, 159]","@module":"flavor::psp::format_2025::operations","@pid":7004,"@timestamp":"2026-03-31T20:27:21.522094Z"}
{"@file":"src/psp/format_2025/operations.rs","@level":"debug","@line":60,"@message":"✅ Operations unpacked: count=5 operations=[15, 103, 121, 236, 33]","@module":"flavor::psp::format_2025::operations","@pid":7004,"@timestamp":"2026-03-31T20:27:21.522110Z"}
{"@file":"src/psp/format_2025/operations.rs","@level":"debug","@line":37,"@message":"✅ Operations packed: result=66720958","@module":"flavor::psp::format_2025::operations","@pid":7004,"@timestamp":"2026-03-31T20:27:21.522155Z"}
{"@file":"src/psp/format_2025/operations.rs","@level":"debug","@line":37,"@message":"✅ Operations packed: result=2670748332","@module":"flavor::psp::format_2025::operations","@pid":7004,"@timestamp":"2026-03-31T20:27:21.522145Z"}
test psp::format_2025::trust::tests::test_load_keys_from_dir_bad_pub_file_skipped ... {"@file":"src/psp/format_2025/operations.rs","@level":"debug","@line":37,"@message":"✅ Operations packed: result=352071537999","@module":"flavor::psp::format_2025::operations","@pid":7004,"@timestamp":"2026-03-31T20:27:21.522218Z"}
ok
{"@file":"src/psp/format_2025/reader.rs","@level":"debug","@line":117,"@message":"Index loaded in 949.208µs","@module":"flavor::psp::format_2025::reader","@pid":7004,"@timestamp":"2026-03-31T20:27:21.522169Z"}
{"@file":"src/psp/format_2025/operations.rs","@level":"debug","@line":37,"@message":"✅ Operations packed: result=5046150","@module":"flavor::psp::format_2025::operations","@pid":7004,"@timestamp":"2026-03-31T20:27:21.522277Z"}
{"@file":"src/psp/format_2025/operations.rs","@level":"debug","@line":60,"@message":"✅ Operations unpacked: count=4 operations=[172, 98, 48, 159]","@module":"flavor::psp::format_2025::operations","@pid":7004,"@timestamp":"2026-03-31T20:27:21.522220Z"}
{"@file":"src/psp/format_2025/operations.rs","@level":"debug","@line":37,"@message":"✅ Operations packed: result=64822","@module":"flavor::psp::format_2025::operations","@pid":7004,"@timestamp":"2026-03-31T20:27:21.522202Z"}
{"@file":"src/psp/format_2025/operations.rs","@level":"debug","@line":37,"@message":"✅ Operations packed: result=6093463","@module":"flavor::psp::format_2025::operations","@pid":7004,"@timestamp":"2026-03-31T20:27:21.522336Z"}
{"@file":"src/psp/format_2025/reader.rs","@level":"debug","@line":297,"@message":"📊 Reading 0 slot descriptors from offset 0x0","@module":"flavor::psp::format_2025::reader","@pid":7004,"@timestamp":"2026-03-31T20:27:21.522300Z"}
{"@file":"src/psp/format_2025/operations.rs","@level":"debug","@line":37,"@message":"✅ Operations packed: result=15559061652472699879","@module":"flavor::psp::format_2025::operations","@pid":7004,"@timestamp":"2026-03-31T20:27:21.522396Z"}
{"@file":"src/psp/format_2025/operations.rs","@level":"debug","@line":60,"@message":"✅ Operations unpacked: count=8 operations=[238, 221, 18, 240, 75, 50, 53, 181]","@module":"flavor::psp::format_2025::operations","@pid":7004,"@timestamp":"2026-03-31T20:27:21.522387Z"}
{"@file":"src/psp/format_2025/operations.rs","@level":"debug","@line":60,"@message":"✅ Operations unpacked: count=2 operations=[54, 253]","@module":"flavor::psp::format_2025::operations","@pid":7004,"@timestamp":"2026-03-31T20:27:21.522370Z"}
{"@file":"src/psp/format_2025/operations.rs","@level":"debug","@line":37,"@message":"✅ Operations packed: result=13057397996362325486","@module":"flavor::psp::format_2025::operations","@pid":7004,"@timestamp":"2026-03-31T20:27:21.522481Z"}
{"@file":"src/psp/format_2025/operations.rs","@level":"debug","@line":37,"@message":"✅ Operations packed: result=545","@module":"flavor::psp::format_2025::operations","@pid":7004,"@timestamp":"2026-03-31T20:27:21.522486Z"}
{"@file":"src/psp/format_2025/operations.rs","@level":"debug","@line":37,"@message":"✅ Operations packed: result=205084363151","@module":"flavor::psp::format_2025::operations","@pid":7004,"@timestamp":"2026-03-31T20:27:21.522519Z"}
{"@file":"src/psp/format_2025/operations.rs","@level":"debug","@line":60,"@message":"✅ Operations unpacked: count=5 operations=[143, 9, 251, 191, 47]","@module":"flavor::psp::format_2025::operations","@pid":7004,"@timestamp":"2026-03-31T20:27:21.522548Z"}
{"@file":"src/psp/format_2025/operations.rs","@level":"debug","@line":60,"@message":"✅ Operations unpacked: count=8 operations=[238, 221, 18, 240, 75, 50, 53, 181]","@module":"flavor::psp::format_2025::operations","@pid":7004,"@timestamp":"2026-03-31T20:27:21.522510Z"}
{"@file":"src/psp/format_2025/operations.rs","@level":"debug","@line":37,"@message":"✅ Operations packed: result=8403176","@module":"flavor::psp::format_2025::operations","@pid":7004,"@timestamp":"2026-03-31T20:27:21.522582Z"}
{"@file":"src/psp/format_2025/operations.rs","@level":"debug","@line":37,"@message":"✅ Operations packed: result=21744","@module":"flavor::psp::format_2025::operations","@pid":7004,"@timestamp":"2026-03-31T20:27:21.522643Z"}
{"@file":"src/psp/format_2025/operations.rs","@level":"debug","@line":37,"@message":"✅ Operations packed: result=190916730430702","@module":"flavor::psp::format_2025::operations","@pid":7004,"@timestamp":"2026-03-31T20:27:21.522727Z"}
{"@file":"src/psp/format_2025/operations.rs","@level":"debug","@line":60,"@message":"✅ Operations unpacked: count=8 operations=[184, 28, 41, 77, 230, 124, 112, 157]","@module":"flavor::psp::format_2025::operations","@pid":7004,"@timestamp":"2026-03-31T20:27:21.522745Z"}
{"@file":"src/psp/format_2025/operations.rs","@level":"debug","@line":60,"@message":"✅ Operations unpacked: count=2 operations=[240, 84]","@module":"flavor::psp::format_2025::operations","@pid":7004,"@timestamp":"2026-03-31T20:27:21.522730Z"}
{"@file":"src/psp/format_2025/operations.rs","@level":"debug","@line":37,"@message":"✅ Operations packed: result=11344704789925141688","@module":"flavor::psp::format_2025::operations","@pid":7004,"@timestamp":"2026-03-31T20:27:21.522810Z"}
{"@file":"src/psp/format_2025/operations.rs","@level":"debug","@line":37,"@message":"✅ Operations packed: result=178353939264488","@module":"flavor::psp::format_2025::operations","@pid":7004,"@timestamp":"2026-03-31T20:27:21.522792Z"}
{"@file":"src/psp/format_2025/operations.rs","@level":"debug","@line":37,"@message":"✅ Operations packed: result=14609519575441114","@module":"flavor::psp::format_2025::operations","@pid":7004,"@timestamp":"2026-03-31T20:27:21.522856Z"}
{"@file":"src/psp/format_2025/operations.rs","@level":"debug","@line":60,"@message":"✅ Operations unpacked: count=8 operations=[184, 28, 41, 77, 230, 124, 112, 157]","@module":"flavor::psp::format_2025::operations","@pid":7004,"@timestamp":"2026-03-31T20:27:21.522841Z"}
{"@file":"src/psp/format_2025/operations.rs","@level":"debug","@line":60,"@message":"✅ Operations unpacked: count=7 operations=[218, 30, 162, 216, 71, 231, 51]","@module":"flavor::psp::format_2025::operations","@pid":7004,"@timestamp":"2026-03-31T20:27:21.522884Z"}
{"@file":"src/psp/format_2025/operations.rs","@level":"debug","@line":37,"@message":"✅ Operations packed: result=16738437308","@module":"flavor::psp::format_2025::operations","@pid":7004,"@timestamp":"2026-03-31T20:27:21.522888Z"}
{"@file":"src/psp/format_2025/backends.rs","@level":"debug","@line":202,"@message":"📁 File backend opened /var/folders/sg/wy47gw996f78fznt898m8x540000gn/T/.tmpAgXZy5 (8364 bytes) in 124.209µs","@module":"flavor::psp::format_2025::backends","@pid":7004,"@timestamp":"2026-03-31T20:27:21.522950Z"}
{"@file":"src/psp/format_2025/operations.rs","@level":"debug","@line":37,"@message":"✅ Operations packed: result=428979147993","@module":"flavor::psp::format_2025::operations","@pid":7004,"@timestamp":"2026-03-31T20:27:21.522971Z"}
{"@file":"src/psp/format_2025/operations.rs","@level":"debug","@line":37,"@message":"✅ Operations packed: result=230731196845991","@module":"flavor::psp::format_2025::operations","@pid":7004,"@timestamp":"2026-03-31T20:27:21.522964Z"}
{"@file":"src/psp/format_2025/reader.rs","@level":"debug","@line":274,"@message":"Trailer size: 8200, file size: 8364 bytes","@module":"flavor::psp::format_2025::reader","@pid":7004,"@timestamp":"2026-03-31T20:27:21.522997Z"}
{"@file":"src/psp/format_2025/operations.rs","@level":"debug","@line":60,"@message":"✅ Operations unpacked: count=8 operations=[189, 177, 77, 53, 167, 213, 110, 36]","@module":"flavor::psp::format_2025::operations","@pid":7004,"@timestamp":"2026-03-31T20:27:21.523005Z"}
{"@file":"src/psp/format_2025/operations.rs","@level":"debug","@line":60,"@message":"✅ Operations unpacked: count=6 operations=[167, 207, 6, 75, 217, 209]","@module":"flavor::psp::format_2025::operations","@pid":7004,"@timestamp":"2026-03-31T20:27:21.523013Z"}
{"@file":"src/psp/format_2025/index.rs","@level":"debug","@line":181,"@message":"Parsed metadata_offset: 0x0000000000000000 (0)","@module":"flavor::psp::format_2025::index","@pid":7004,"@timestamp":"2026-03-31T20:27:21.523026Z"}
{"@file":"src/psp/format_2025/index.rs","@level":"debug","@line":182,"@message":"Parsed metadata_size: 164 bytes","@module":"flavor::psp::format_2025::index","@pid":7004,"@timestamp":"2026-03-31T20:27:21.523062Z"}
{"@file":"src/psp/format_2025/operations.rs","@level":"debug","@line":37,"@message":"✅ Operations packed: result=2625270546934116797","@module":"flavor::psp::format_2025::operations","@pid":7004,"@timestamp":"2026-03-31T20:27:21.523031Z"}
{"@file":"src/psp/format_2025/reader.rs","@level":"debug","@line":99,"@message":"Parsed index values:","@module":"flavor::psp::format_2025::reader","@pid":7004,"@timestamp":"2026-03-31T20:27:21.523094Z"}
{"@file":"src/psp/format_2025/operations.rs","@level":"debug","@line":37,"@message":"✅ Operations packed: result=58296","@module":"flavor::psp::format_2025::operations","@pid":7004,"@timestamp":"2026-03-31T20:27:21.523099Z"}
{"@file":"src/psp/format_2025/operations.rs","@level":"debug","@line":37,"@message":"✅ Operations packed: result=42664920","@module":"flavor::psp::format_2025::operations","@pid":7004,"@timestamp":"2026-03-31T20:27:21.523027Z"}
{"@file":"src/psp/format_2025/reader.rs","@level":"debug","@line":100,"@message":"  package_size: 8364","@module":"flavor::psp::format_2025::reader","@pid":7004,"@timestamp":"2026-03-31T20:27:21.523121Z"}
{"@file":"src/psp/format_2025/operations.rs","@level":"debug","@line":60,"@message":"✅ Operations unpacked: count=2 operations=[184, 227]","@module":"flavor::psp::format_2025::operations","@pid":7004,"@timestamp":"2026-03-31T20:27:21.523156Z"}
{"@file":"src/psp/format_2025/reader.rs","@level":"debug","@line":101,"@message":"  launcher_size: 0","@module":"flavor::psp::format_2025::reader","@pid":7004,"@timestamp":"2026-03-31T20:27:21.523173Z"}
{"@file":"src/psp/format_2025/operations.rs","@level":"debug","@line":60,"@message":"✅ Operations unpacked: count=8 operations=[189, 177, 77, 53, 167, 213, 110, 36]","@module":"flavor::psp::format_2025::operations","@pid":7004,"@timestamp":"2026-03-31T20:27:21.523112Z"}
{"@file":"src/psp/format_2025/reader.rs","@level":"debug","@line":102,"@message":"  metadata_offset: 0x0000000000000000 (0)","@module":"flavor::psp::format_2025::reader","@pid":7004,"@timestamp":"2026-03-31T20:27:21.523193Z"}
{"@file":"src/psp/format_2025/operations.rs","@level":"debug","@line":37,"@message":"✅ Operations packed: result=171","@module":"flavor::psp::format_2025::operations","@pid":7004,"@timestamp":"2026-03-31T20:27:21.523213Z"}
{"@file":"src/psp/format_2025/operations.rs","@level":"debug","@line":60,"@message":"✅ Operations unpacked: count=8 operations=[106, 13, 119, 104, 197, 39, 33, 63]","@module":"flavor::psp::format_2025::operations","@pid":7004,"@timestamp":"2026-03-31T20:27:21.523265Z"}
{"@file":"src/psp/format_2025/operations.rs","@level":"debug","@line":37,"@message":"✅ Operations packed: result=261202084018003","@module":"flavor::psp::format_2025::operations","@pid":7004,"@timestamp":"2026-03-31T20:27:21.523214Z"}
{"@file":"src/psp/format_2025/operations.rs","@level":"debug","@line":60,"@message":"✅ Operations unpacked: count=1 operations=[171]","@module":"flavor::psp::format_2025::operations","@pid":7004,"@timestamp":"2026-03-31T20:27:21.523272Z"}
test psp::format_2025::verifier::tests::test_attestation_sbom_digest_present_no_slot ... ok
{"@file":"src/psp/format_2025/reader.rs","@level":"debug","@line":106,"@message":"  metadata_size: 164 bytes","@module":"flavor::psp::format_2025::reader","@pid":7004,"@timestamp":"2026-03-31T20:27:21.523251Z"}
{"@file":"src/psp/format_2025/operations.rs","@level":"debug","@line":37,"@message":"✅ Operations packed: result=4548960827435584874","@module":"flavor::psp::format_2025::operations","@pid":7004,"@timestamp":"2026-03-31T20:27:21.523294Z"}
{"@file":"src/psp/format_2025/reader.rs","@level":"debug","@line":107,"@message":"  slot_table_offset: 0x0000000000000000","@module":"flavor::psp::format_2025::reader","@pid":7004,"@timestamp":"2026-03-31T20:27:21.523381Z"}
{"@file":"src/psp/format_2025/operations.rs","@level":"debug","@line":37,"@message":"✅ Operations packed: result=17681","@module":"flavor::psp::format_2025::operations","@pid":7004,"@timestamp":"2026-03-31T20:27:21.523391Z"}
{"@file":"src/psp/format_2025/operations.rs","@level":"debug","@line":37,"@message":"✅ Operations packed: result=1077132253454","@module":"flavor::psp::format_2025::operations","@pid":7004,"@timestamp":"2026-03-31T20:27:21.523354Z"}
{"@file":"src/psp/format_2025/operations.rs","@level":"debug","@line":60,"@message":"✅ Operations unpacked: count=2 operations=[17, 69]","@module":"flavor::psp::format_2025::operations","@pid":7004,"@timestamp":"2026-03-31T20:27:21.523436Z"}
{"@file":"src/psp/format_2025/operations.rs","@level":"debug","@line":60,"@message":"✅ Operations unpacked: count=8 operations=[106, 13, 119, 104, 197, 39, 33, 63]","@module":"flavor::psp::format_2025::operations","@pid":7004,"@timestamp":"2026-03-31T20:27:21.523401Z"}
{"@file":"src/psp/format_2025/operations.rs","@level":"debug","@line":37,"@message":"✅ Operations packed: result=242","@module":"flavor::psp::format_2025::operations","@pid":7004,"@timestamp":"2026-03-31T20:27:21.523504Z"}
{"@file":"src/psp/format_2025/operations.rs","@level":"debug","@line":37,"@message":"✅ Operations packed: result=28942","@module":"flavor::psp::format_2025::operations","@pid":7004,"@timestamp":"2026-03-31T20:27:21.523486Z"}
{"@file":"src/psp/format_2025/operations.rs","@level":"debug","@line":60,"@message":"✅ Operations unpacked: count=1 operations=[242]","@module":"flavor::psp::format_2025::operations","@pid":7004,"@timestamp":"2026-03-31T20:27:21.523539Z"}
{"@file":"src/psp/format_2025/operations.rs","@level":"debug","@line":60,"@message":"✅ Operations unpacked: count=8 operations=[242, 240, 184, 147, 107, 108, 33, 38]","@module":"flavor::psp::format_2025::operations","@pid":7004,"@timestamp":"2026-03-31T20:27:21.523555Z"}
{"@file":"src/psp/format_2025/reader.rs","@level":"debug","@line":108,"@message":"  slot_count: 0","@module":"flavor::psp::format_2025::reader","@pid":7004,"@timestamp":"2026-03-31T20:27:21.523425Z"}
{"@file":"src/psp/format_2025/operations.rs","@level":"debug","@line":37,"@message":"✅ Operations packed: result=20446","@module":"flavor::psp::format_2025::operations","@pid":7004,"@timestamp":"2026-03-31T20:27:21.523584Z"}
{"@file":"src/psp/format_2025/operations.rs","@level":"debug","@line":37,"@message":"✅ Operations packed: result=2747596456968384754","@module":"flavor::psp::format_2025::operations","@pid":7004,"@timestamp":"2026-03-31T20:27:21.523587Z"}
{"@file":"src/psp/format_2025/operations.rs","@level":"debug","@line":37,"@message":"✅ Operations packed: result=1083731244826","@module":"flavor::psp::format_2025::operations","@pid":7004,"@timestamp":"2026-03-31T20:27:21.523600Z"}
{"@file":"src/psp/format_2025/operations.rs","@level":"debug","@line":60,"@message":"✅ Operations unpacked: count=8 operations=[242, 240, 184, 147, 107, 108, 33, 38]","@module":"flavor::psp::format_2025::operations","@pid":7004,"@timestamp":"2026-03-31T20:27:21.523736Z"}
{"@file":"src/psp/format_2025/operations.rs","@level":"debug","@line":60,"@message":"✅ Operations unpacked: count=5 operations=[26, 119, 106, 83, 252]","@module":"flavor::psp::format_2025::operations","@pid":7004,"@timestamp":"2026-03-31T20:27:21.523746Z"}
{"@file":"src/psp/format_2025/operations.rs","@level":"debug","@line":37,"@message":"✅ Operations packed: result=31126232140372","@module":"flavor::psp::format_2025::operations","@pid":7004,"@timestamp":"2026-03-31T20:27:21.523746Z"}
{"@file":"src/psp/format_2025/reader.rs","@level":"debug","@line":117,"@message":"Index loaded in 787.375µs","@module":"flavor::psp::format_2025::reader","@pid":7004,"@timestamp":"2026-03-31T20:27:21.523774Z"}
{"@file":"src/psp/format_2025/operations.rs","@level":"debug","@line":60,"@message":"✅ Operations unpacked: count=8 operations=[193, 183, 254, 118, 29, 43, 41, 211]","@module":"flavor::psp::format_2025::operations","@pid":7004,"@timestamp":"2026-03-31T20:27:21.523789Z"}
{"@file":"src/psp/format_2025/operations.rs","@level":"debug","@line":37,"@message":"✅ Operations packed: result=47322714685278","@module":"flavor::psp::format_2025::operations","@pid":7004,"@timestamp":"2026-03-31T20:27:21.523804Z"}
{"@file":"src/psp/format_2025/reader.rs","@level":"debug","@line":141,"@message":"📖 Reading metadata from offset 0x0, size 164 bytes","@module":"flavor::psp::format_2025::reader","@pid":7004,"@timestamp":"2026-03-31T20:27:21.523801Z"}
{"@file":"src/psp/format_2025/operations.rs","@level":"debug","@line":37,"@message":"✅ Operations packed: result=0","@module":"flavor::psp::format_2025::operations","@pid":7004,"@timestamp":"2026-03-31T20:27:21.523850Z"}
{"@file":"src/psp/format_2025/operations.rs","@level":"debug","@line":60,"@message":"✅ Operations unpacked: count=6 operations=[94, 63, 153, 45, 10, 43]","@module":"flavor::psp::format_2025::operations","@pid":7004,"@timestamp":"2026-03-31T20:27:21.523824Z"}
{"@file":"src/psp/format_2025/operations.rs","@level":"debug","@line":37,"@message":"✅ Operations packed: result=15215740221598382017","@module":"flavor::psp::format_2025::operations","@pid":7004,"@timestamp":"2026-03-31T20:27:21.523810Z"}
{"@file":"src/psp/format_2025/operations.rs","@level":"debug","@line":60,"@message":"✅ Operations unpacked: count=8 operations=[193, 183, 254, 118, 29, 43, 41, 211]","@module":"flavor::psp::format_2025::operations","@pid":7004,"@timestamp":"2026-03-31T20:27:21.523930Z"}
{"@file":"src/psp/format_2025/operations.rs","@level":"debug","@line":37,"@message":"✅ Operations packed: result=41241","@module":"flavor::psp::format_2025::operations","@pid":7004,"@timestamp":"2026-03-31T20:27:21.523938Z"}
{"@file":"src/psp/format_2025/operations.rs","@level":"debug","@line":37,"@message":"✅ Operations packed: result=4937414","@module":"flavor::psp::format_2025::operations","@pid":7004,"@timestamp":"2026-03-31T20:27:21.523956Z"}
{"@file":"src/psp/format_2025/operations.rs","@level":"debug","@line":60,"@message":"✅ Operations unpacked: count=3 operations=[198, 86, 75]","@module":"flavor::psp::format_2025::operations","@pid":7004,"@timestamp":"2026-03-31T20:27:21.523976Z"}
{"@file":"src/psp/format_2025/operations.rs","@level":"debug","@line":37,"@message":"✅ Operations packed: result=186295444904418","@module":"flavor::psp::format_2025::operations","@pid":7004,"@timestamp":"2026-03-31T20:27:21.523988Z"}
{"@file":"src/psp/format_2025/operations.rs","@level":"debug","@line":60,"@message":"✅ Operations unpacked: count=8 operations=[112, 177, 67, 64, 219, 156, 42, 224]","@module":"flavor::psp::format_2025::operations","@pid":7004,"@timestamp":"2026-03-31T20:27:21.524000Z"}
{"@file":"src/psp/format_2025/operations.rs","@level":"debug","@line":37,"@message":"✅ Operations packed: result=32015","@module":"flavor::psp::format_2025::operations","@pid":7004,"@timestamp":"2026-03-31T20:27:21.524023Z"}
{"@file":"src/psp/format_2025/operations.rs","@level":"debug","@line":37,"@message":"✅ Operations packed: result=11899126387718741","@module":"flavor::psp::format_2025::operations","@pid":7004,"@timestamp":"2026-03-31T20:27:21.524041Z"}
{"@file":"src/psp/format_2025/operations.rs","@level":"debug","@line":60,"@message":"✅ Operations unpacked: count=2 operations=[15, 125]","@module":"flavor::psp::format_2025::operations","@pid":7004,"@timestamp":"2026-03-31T20:27:21.524051Z"}
{"@file":"src/psp/format_2025/operations.rs","@level":"debug","@line":37,"@message":"✅ Operations packed: result=16152895479007654256","@module":"flavor::psp::format_2025::operations","@pid":7004,"@timestamp":"2026-03-31T20:27:21.524052Z"}
{"@file":"src/psp/format_2025/operations.rs","@level":"debug","@line":37,"@message":"✅ Operations packed: result=415454848404","@module":"flavor::psp::format_2025::operations","@pid":7004,"@timestamp":"2026-03-31T20:27:21.524090Z"}
{"@file":"src/psp/format_2025/operations.rs","@level":"debug","@line":37,"@message":"✅ Operations packed: result=161922106858","@module":"flavor::psp::format_2025::operations","@pid":7004,"@timestamp":"2026-03-31T20:27:21.524103Z"}
{"@file":"src/psp/format_2025/reader.rs","@level":"debug","@line":233,"@message":"✅ Successfully parsed metadata for test v0.0.1","@module":"flavor::psp::format_2025::reader","@pid":7004,"@timestamp":"2026-03-31T20:27:21.524119Z"}
{"@file":"src/psp/format_2025/operations.rs","@level":"debug","@line":60,"@message":"✅ Operations unpacked: count=5 operations=[234, 69, 79, 179, 37]","@module":"flavor::psp::format_2025::operations","@pid":7004,"@timestamp":"2026-03-31T20:27:21.524131Z"}
{"@file":"src/psp/format_2025/operations.rs","@level":"debug","@line":37,"@message":"✅ Operations packed: result=1020361303380","@module":"flavor::psp::format_2025::operations","@pid":7004,"@timestamp":"2026-03-31T20:27:21.524143Z"}
{"@file":"src/psp/format_2025/operations.rs","@level":"debug","@line":60,"@message":"✅ Operations unpacked: count=8 operations=[112, 177, 67, 64, 219, 156, 42, 224]","@module":"flavor::psp::format_2025::operations","@pid":7004,"@timestamp":"2026-03-31T20:27:21.524102Z"}
{"@file":"src/psp/format_2025/operations.rs","@level":"debug","@line":37,"@message":"✅ Operations packed: result=565476788609","@module":"flavor::psp::format_2025::operations","@pid":7004,"@timestamp":"2026-03-31T20:27:21.524189Z"}
{"@file":"src/psp/format_2025/operations.rs","@level":"debug","@line":37,"@message":"✅ Operations packed: result=191786981790842","@module":"flavor::psp::format_2025::operations","@pid":7004,"@timestamp":"2026-03-31T20:27:21.524196Z"}
{"@file":"src/psp/format_2025/operations.rs","@level":"debug","@line":60,"@message":"✅ Operations unpacked: count=8 operations=[107, 57, 210, 123, 79, 91, 144, 124]","@module":"flavor::psp::format_2025::operations","@pid":7004,"@timestamp":"2026-03-31T20:27:21.524203Z"}
test psp::format_2025::execution::validation::tests::save_index_metadata_writes_expected_json_fields ... ok{"@file":"src/psp/format_2025/operations.rs","@level":"debug","@line":60,"@message":"✅ Operations unpacked: count=5 operations=[129, 9, 11, 169, 131]","@module":"flavor::psp::format_2025::operations","@pid":7004,"@timestamp":"2026-03-31T20:27:21.524212Z"}

{"@file":"src/psp/format_2025/operations.rs","@level":"debug","@line":37,"@message":"✅ Operations packed: result=11418","@module":"flavor::psp::format_2025::operations","@pid":7004,"@timestamp":"2026-03-31T20:27:21.524247Z"}
{"@file":"src/psp/format_2025/operations.rs","@level":"debug","@line":37,"@message":"✅ Operations packed: result=8975774454287317355","@module":"flavor::psp::format_2025::operations","@pid":7004,"@timestamp":"2026-03-31T20:27:21.524231Z"}
{"@file":"src/psp/format_2025/operations.rs","@level":"debug","@line":37,"@message":"✅ Operations packed: result=252602333667468","@module":"flavor::psp::format_2025::operations","@pid":7004,"@timestamp":"2026-03-31T20:27:21.524295Z"}
{"@file":"src/psp/format_2025/operations.rs","@level":"debug","@line":60,"@message":"✅ Operations unpacked: count=8 operations=[107, 57, 210, 123, 79, 91, 144, 124]","@module":"flavor::psp::format_2025::operations","@pid":7004,"@timestamp":"2026-03-31T20:27:21.524303Z"}
{"@file":"src/psp/format_2025/operations.rs","@level":"debug","@line":37,"@message":"✅ Operations packed: result=5070466","@module":"flavor::psp::format_2025::operations","@pid":7004,"@timestamp":"2026-03-31T20:27:21.524326Z"}
{"@file":"src/psp/format_2025/operations.rs","@level":"debug","@line":37,"@message":"✅ Operations packed: result=53050298450230301","@module":"flavor::psp::format_2025::operations","@pid":7004,"@timestamp":"2026-03-31T20:27:21.524354Z"}
{"@file":"src/psp/format_2025/operations.rs","@level":"debug","@line":60,"@message":"✅ Operations unpacked: count=3 operations=[130, 94, 77]","@module":"flavor::psp::format_2025::operations","@pid":7004,"@timestamp":"2026-03-31T20:27:21.524374Z"}
{"@file":"src/psp/format_2025/operations.rs","@level":"debug","@line":60,"@message":"✅ Operations unpacked: count=8 operations=[19, 176, 44, 149, 137, 238, 167, 43]","@module":"flavor::psp::format_2025::operations","@pid":7004,"@timestamp":"2026-03-31T20:27:21.524366Z"}
{"@file":"src/psp/format_2025/operations.rs","@level":"debug","@line":37,"@message":"✅ Operations packed: result=3703656604","@module":"flavor::psp::format_2025::operations","@pid":7004,"@timestamp":"2026-03-31T20:27:21.524409Z"}
test psp::format_2025::execution::validation::tests::check_workenv_validity_requires_complete_marker_and_matching_checksum ... ok{"@file":"src/psp/format_2025/operations.rs","@level":"debug","@line":37,"@message":"✅ Operations packed: result=10749335","@module":"flavor::psp::format_2025::operations","@pid":7004,"@timestamp":"2026-03-31T20:27:21.524447Z"}

{"@file":"src/psp/format_2025/operations.rs","@level":"debug","@line":37,"@message":"✅ Operations packed: result=3145745139422244883","@module":"flavor::psp::format_2025::operations","@pid":7004,"@timestamp":"2026-03-31T20:27:21.524459Z"}
{"@file":"src/psp/format_2025/operations.rs","@level":"debug","@line":60,"@message":"✅ Operations unpacked: count=3 operations=[151, 5, 164]","@module":"flavor::psp::format_2025::operations","@pid":7004,"@timestamp":"2026-03-31T20:27:21.524503Z"}
{"@file":"src/psp/format_2025/operations.rs","@level":"debug","@line":60,"@message":"✅ Operations unpacked: count=8 operations=[19, 176, 44, 149, 137, 238, 167, 43]","@module":"flavor::psp::format_2025::operations","@pid":7004,"@timestamp":"2026-03-31T20:27:21.524538Z"}
{"@file":"src/psp/format_2025/operations.rs","@level":"debug","@line":37,"@message":"✅ Operations packed: result=13777780139815296937","@module":"flavor::psp::format_2025::operations","@pid":7004,"@timestamp":"2026-03-31T20:27:21.524578Z"}
{"@file":"src/psp/format_2025/operations.rs","@level":"debug","@line":37,"@message":"✅ Operations packed: result=0","@module":"flavor::psp::format_2025::operations","@pid":7004,"@timestamp":"2026-03-31T20:27:21.524593Z"}
{"@file":"src/psp/format_2025/operations.rs","@level":"debug","@line":60,"@message":"✅ Operations unpacked: count=8 operations=[206, 166, 229, 103, 163, 115, 100, 101]","@module":"flavor::psp::format_2025::operations","@pid":7004,"@timestamp":"2026-03-31T20:27:21.524598Z"}
{"@file":"src/psp/format_2025/operations.rs","@level":"debug","@line":60,"@message":"✅ Operations unpacked: count=0 operations=[]","@module":"flavor::psp::format_2025::operations","@pid":7004,"@timestamp":"2026-03-31T20:27:21.524618Z"}
{"@file":"src/psp/format_2025/operations.rs","@level":"debug","@line":37,"@message":"✅ Operations packed: result=44080855395770865","@module":"flavor::psp::format_2025::operations","@pid":7004,"@timestamp":"2026-03-31T20:27:21.524635Z"}
{"@file":"src/psp/format_2025/operations.rs","@level":"debug","@line":37,"@message":"✅ Operations packed: result=7306091641161754318","@module":"flavor::psp::format_2025::operations","@pid":7004,"@timestamp":"2026-03-31T20:27:21.524629Z"}
{"@file":"src/psp/format_2025/operations.rs","@level":"debug","@line":37,"@message":"✅ Operations packed: result=4344159145110052855","@module":"flavor::psp::format_2025::operations","@pid":7004,"@timestamp":"2026-03-31T20:27:21.524696Z"}
{"@file":"src/psp/format_2025/operations.rs","@level":"debug","@line":37,"@message":"✅ Operations packed: result=565866966675","@module":"flavor::psp::format_2025::operations","@pid":7004,"@timestamp":"2026-03-31T20:27:21.524722Z"}
{"@file":"src/psp/format_2025/operations.rs","@level":"debug","@line":60,"@message":"✅ Operations unpacked: count=8 operations=[247, 159, 12, 228, 185, 141, 73, 60]","@module":"flavor::psp::format_2025::operations","@pid":7004,"@timestamp":"2026-03-31T20:27:21.524746Z"}
{"@file":"src/psp/format_2025/operations.rs","@level":"debug","@line":60,"@message":"✅ Operations unpacked: count=8 operations=[206, 166, 229, 103, 163, 115, 100, 101]","@module":"flavor::psp::format_2025::operations","@pid":7004,"@timestamp":"2026-03-31T20:27:21.524724Z"}
{"@file":"src/psp/format_2025/backends.rs","@level":"debug","@line":202,"@message":"📁 File backend opened /var/folders/sg/wy47gw996f78fznt898m8x540000gn/T/.tmpAGAIxe (8363 bytes) in 104.167µs","@module":"flavor::psp::format_2025::backends","@pid":7004,"@timestamp":"2026-03-31T20:27:21.524778Z"}
{"@file":"src/psp/format_2025/operations.rs","@level":"debug","@line":37,"@message":"✅ Operations packed: result=818976147095","@module":"flavor::psp::format_2025::operations","@pid":7004,"@timestamp":"2026-03-31T20:27:21.524812Z"}
{"@file":"src/psp/format_2025/operations.rs","@level":"debug","@line":60,"@message":"✅ Operations unpacked: count=8 operations=[224, 191, 113, 18, 235, 57, 183, 184]","@module":"flavor::psp::format_2025::operations","@pid":7004,"@timestamp":"2026-03-31T20:27:21.524825Z"}
{"@file":"src/psp/format_2025/reader.rs","@level":"debug","@line":274,"@message":"Trailer size: 8200, file size: 8363 bytes","@module":"flavor::psp::format_2025::reader","@pid":7004,"@timestamp":"2026-03-31T20:27:21.524834Z"}
{"@file":"src/psp/format_2025/index.rs","@level":"debug","@line":181,"@message":"Parsed metadata_offset: 0x0000000000000054 (84)","@module":"flavor::psp::format_2025::index","@pid":7004,"@timestamp":"2026-03-31T20:27:21.524897Z"}
{"@file":"src/psp/format_2025/operations.rs","@level":"debug","@line":60,"@message":"✅ Operations unpacked: count=5 operations=[151, 70, 200, 174, 190]","@module":"flavor::psp::format_2025::operations","@pid":7004,"@timestamp":"2026-03-31T20:27:21.524839Z"}
{"@file":"src/psp/format_2025/index.rs","@level":"debug","@line":182,"@message":"Parsed metadata_size: 79 bytes","@module":"flavor::psp::format_2025::index","@pid":7004,"@timestamp":"2026-03-31T20:27:21.524930Z"}
{"@file":"src/psp/format_2025/operations.rs","@level":"debug","@line":37,"@message":"✅ Operations packed: result=36482","@module":"flavor::psp::format_2025::operations","@pid":7004,"@timestamp":"2026-03-31T20:27:21.524785Z"}
{"@file":"src/psp/format_2025/reader.rs","@level":"debug","@line":99,"@message":"Parsed index values:","@module":"flavor::psp::format_2025::reader","@pid":7004,"@timestamp":"2026-03-31T20:27:21.524959Z"}
{"@file":"src/psp/format_2025/operations.rs","@level":"debug","@line":37,"@message":"✅ Operations packed: result=63568","@module":"flavor::psp::format_2025::operations","@pid":7004,"@timestamp":"2026-03-31T20:27:21.524975Z"}
{"@file":"src/psp/format_2025/reader.rs","@level":"debug","@line":100,"@message":"  package_size: 8363","@module":"flavor::psp::format_2025::reader","@pid":7004,"@timestamp":"2026-03-31T20:27:21.524990Z"}
{"@file":"src/psp/format_2025/backends.rs","@level":"debug","@line":202,"@message":"📁 File backend opened /var/folders/sg/wy47gw996f78fznt898m8x540000gn/T/.tmpuLP17h (8329 bytes) in 78.917µs","@module":"flavor::psp::format_2025::backends","@pid":7004,"@timestamp":"2026-03-31T20:27:21.524837Z"}
test psp::format_2025::verifier::tests::test_verify_attestation_policy_hash_match ... ok{"@file":"src/psp/format_2025/operations.rs","@level":"debug","@line":37,"@message":"✅ Operations packed: result=13310170905506332640","@module":"flavor::psp::format_2025::operations","@pid":7004,"@timestamp":"2026-03-31T20:27:21.524847Z"}

{"@file":"src/psp/format_2025/operations.rs","@level":"debug","@line":60,"@message":"✅ Operations unpacked: count=2 operations=[80, 248]","@module":"flavor::psp::format_2025::operations","@pid":7004,"@timestamp":"2026-03-31T20:27:21.525004Z"}
test psp::format_2025::launcher::filesystem::tests::fix_shebangs_rewrites_matching_scripts_only ... {"@file":"src/psp/format_2025/operations.rs","@level":"debug","@line":60,"@message":"✅ Operations unpacked: count=8 operations=[224, 191, 113, 18, 235, 57, 183, 184]","@module":"flavor::psp::format_2025::operations","@pid":7004,"@timestamp":"2026-03-31T20:27:21.525181Z"}
ok
{"@file":"src/psp/format_2025/operations.rs","@level":"debug","@line":37,"@message":"✅ Operations packed: result=15566089","@module":"flavor::psp::format_2025::operations","@pid":7004,"@timestamp":"2026-03-31T20:27:21.525002Z"}
{"@file":"src/psp/format_2025/backends.rs","@level":"debug","@line":202,"@message":"📁 File backend opened /var/folders/sg/wy47gw996f78fznt898m8x540000gn/T/.tmpO4VcCF (8367 bytes) in 77.25µs","@module":"flavor::psp::format_2025::backends","@pid":7004,"@timestamp":"2026-03-31T20:27:21.525070Z"}
{"@file":"src/psp/format_2025/operations.rs","@level":"debug","@line":60,"@message":"✅ Operations unpacked: count=8 operations=[19, 100, 5, 123, 67, 69, 161, 133]","@module":"flavor::psp::format_2025::operations","@pid":7004,"@timestamp":"2026-03-31T20:27:21.525250Z"}
{"@file":"src/psp/format_2025/operations.rs","@level":"debug","@line":37,"@message":"✅ Operations packed: result=111604372471546","@module":"flavor::psp::format_2025::operations","@pid":7004,"@timestamp":"2026-03-31T20:27:21.525263Z"}
{"@file":"src/psp/format_2025/reader.rs","@level":"debug","@line":274,"@message":"Trailer size: 8200, file size: 8329 bytes","@module":"flavor::psp::format_2025::reader","@pid":7004,"@timestamp":"2026-03-31T20:27:21.525172Z"}
{"@file":"src/psp/format_2025/operations.rs","@level":"debug","@line":37,"@message":"✅ Operations packed: result=9629053634423907347","@module":"flavor::psp::format_2025::operations","@pid":7004,"@timestamp":"2026-03-31T20:27:21.525288Z"}
{"@file":"src/psp/format_2025/reader.rs","@level":"debug","@line":274,"@message":"Trailer size: 8200, file size: 8367 bytes","@module":"flavor::psp::format_2025::reader","@pid":7004,"@timestamp":"2026-03-31T20:27:21.525281Z"}
{"@file":"src/psp/format_2025/operations.rs","@level":"debug","@line":60,"@message":"✅ Operations unpacked: count=8 operations=[19, 100, 5, 123, 67, 69, 161, 133]","@module":"flavor::psp::format_2025::operations","@pid":7004,"@timestamp":"2026-03-31T20:27:21.525324Z"}
{"@file":"src/psp/format_2025/backends.rs","@level":"debug","@line":202,"@message":"📁 File backend opened /var/folders/sg/wy47gw996f78fznt898m8x540000gn/T/.tmpiWzJev (8329 bytes) in 104.25µs","@module":"flavor::psp::format_2025::backends","@pid":7004,"@timestamp":"2026-03-31T20:27:21.525282Z"}
{"@file":"src/psp/format_2025/index.rs","@level":"debug","@line":181,"@message":"Parsed metadata_offset: 0x0000000000000058 (88)","@module":"flavor::psp::format_2025::index","@pid":7004,"@timestamp":"2026-03-31T20:27:21.525357Z"}
{"@file":"src/psp/format_2025/operations.rs","@level":"debug","@line":60,"@message":"✅ Operations unpacked: count=8 operations=[171, 253, 24, 254, 250, 172, 70, 133]","@module":"flavor::psp::format_2025::operations","@pid":7004,"@timestamp":"2026-03-31T20:27:21.525385Z"}
{"@file":"src/psp/format_2025/reader.rs","@level":"debug","@line":274,"@message":"Trailer size: 8200, file size: 8329 bytes","@module":"flavor::psp::format_2025::reader","@pid":7004,"@timestamp":"2026-03-31T20:27:21.525404Z"}
{"@file":"src/psp/format_2025/operations.rs","@level":"debug","@line":37,"@message":"✅ Operations packed: result=9603553449419013547","@module":"flavor::psp::format_2025::operations","@pid":7004,"@timestamp":"2026-03-31T20:27:21.525424Z"}
{"@file":"src/psp/format_2025/index.rs","@level":"debug","@line":181,"@message":"Parsed metadata_offset: 0x0000000000000000 (0)","@module":"flavor::psp::format_2025::index","@pid":7004,"@timestamp":"2026-03-31T20:27:21.525441Z"}
{"@file":"src/psp/format_2025/operations.rs","@level":"debug","@line":60,"@message":"✅ Operations unpacked: count=6 operations=[250, 254, 249, 234, 128, 101]","@module":"flavor::psp::format_2025::operations","@pid":7004,"@timestamp":"2026-03-31T20:27:21.525290Z"}
{"@file":"src/psp/format_2025/operations.rs","@level":"debug","@line":60,"@message":"✅ Operations unpacked: count=8 operations=[171, 253, 24, 254, 250, 172, 70, 133]","@module":"flavor::psp::format_2025::operations","@pid":7004,"@timestamp":"2026-03-31T20:27:21.525462Z"}
{"@file":"src/psp/format_2025/index.rs","@level":"debug","@line":182,"@message":"Parsed metadata_size: 129 bytes","@module":"flavor::psp::format_2025::index","@pid":7004,"@timestamp":"2026-03-31T20:27:21.525473Z"}
{"@file":"src/psp/format_2025/operations.rs","@level":"debug","@line":37,"@message":"✅ Operations packed: result=9953512458172468955","@module":"flavor::psp::format_2025::operations","@pid":7004,"@timestamp":"2026-03-31T20:27:21.525278Z"}
{"@file":"src/psp/format_2025/reader.rs","@level":"debug","@line":99,"@message":"Parsed index values:","@module":"flavor::psp::format_2025::reader","@pid":7004,"@timestamp":"2026-03-31T20:27:21.525510Z"}
{"@file":"src/psp/format_2025/operations.rs","@level":"debug","@line":60,"@message":"✅ Operations unpacked: count=8 operations=[126, 244, 68, 17, 10, 171, 79, 199]","@module":"flavor::psp::format_2025::operations","@pid":7004,"@timestamp":"2026-03-31T20:27:21.525524Z"}
{"@file":"src/psp/format_2025/index.rs","@level":"debug","@line":181,"@message":"Parsed metadata_offset: 0x0000000000000000 (0)","@module":"flavor::psp::format_2025::index","@pid":7004,"@timestamp":"2026-03-31T20:27:21.525312Z"}
{"@file":"src/psp/format_2025/index.rs","@level":"debug","@line":182,"@message":"Parsed metadata_size: 79 bytes","@module":"flavor::psp::format_2025::index","@pid":7004,"@timestamp":"2026-03-31T20:27:21.525395Z"}
{"@file":"src/psp/format_2025/index.rs","@level":"debug","@line":182,"@message":"Parsed metadata_size: 129 bytes","@module":"flavor::psp::format_2025::index","@pid":7004,"@timestamp":"2026-03-31T20:27:21.525623Z"}
{"@file":"src/psp/format_2025/reader.rs","@level":"debug","@line":101,"@message":"  launcher_size: 0","@module":"flavor::psp::format_2025::reader","@pid":7004,"@timestamp":"2026-03-31T20:27:21.525009Z"}
{"@file":"src/psp/format_2025/reader.rs","@level":"debug","@line":100,"@message":"  package_size: 8329","@module":"flavor::psp::format_2025::reader","@pid":7004,"@timestamp":"2026-03-31T20:27:21.525545Z"}
{"@file":"src/psp/format_2025/backends.rs","@level":"debug","@line":202,"@message":"📁 File backend opened /var/folders/sg/wy47gw996f78fznt898m8x540000gn/T/.tmpX90fqR (8352 bytes) in 82.458µs","@module":"flavor::psp::format_2025::backends","@pid":7004,"@timestamp":"2026-03-31T20:27:21.525541Z"}
{"@file":"src/psp/format_2025/operations.rs","@level":"debug","@line":37,"@message":"✅ Operations packed: result=3595867","@module":"flavor::psp::format_2025::operations","@pid":7004,"@timestamp":"2026-03-31T20:27:21.525557Z"}
{"@file":"src/psp/format_2025/operations.rs","@level":"debug","@line":37,"@message":"✅ Operations packed: result=14361885796435555454","@module":"flavor::psp::format_2025::operations","@pid":7004,"@timestamp":"2026-03-31T20:27:21.525592Z"}
{"@file":"src/psp/format_2025/reader.rs","@level":"debug","@line":274,"@message":"Trailer size: 8200, file size: 8352 bytes","@module":"flavor::psp::format_2025::reader","@pid":7004,"@timestamp":"2026-03-31T20:27:21.525705Z"}
{"@file":"src/psp/format_2025/reader.rs","@level":"debug","@line":99,"@message":"Parsed index values:","@module":"flavor::psp::format_2025::reader","@pid":7004,"@timestamp":"2026-03-31T20:27:21.525644Z"}
{"@file":"src/psp/format_2025/operations.rs","@level":"debug","@line":37,"@message":"✅ Operations packed: result=3594251306470435","@module":"flavor::psp::format_2025::operations","@pid":7004,"@timestamp":"2026-03-31T20:27:21.525724Z"}
{"@file":"src/psp/format_2025/index.rs","@level":"debug","@line":181,"@message":"Parsed metadata_offset: 0x0000000000000000 (0)","@module":"flavor::psp::format_2025::index","@pid":7004,"@timestamp":"2026-03-31T20:27:21.525731Z"}
{"@file":"src/psp/format_2025/reader.rs","@level":"debug","@line":101,"@message":"  launcher_size: 0","@module":"flavor::psp::format_2025::reader","@pid":7004,"@timestamp":"2026-03-31T20:27:21.525674Z"}
{"@file":"src/psp/format_2025/reader.rs","@level":"debug","@line":99,"@message":"Parsed index values:","@module":"flavor::psp::format_2025::reader","@pid":7004,"@timestamp":"2026-03-31T20:27:21.525653Z"}
{"@file":"src/psp/format_2025/reader.rs","@level":"debug","@line":102,"@message":"  metadata_offset: 0x0000000000000000 (0)","@module":"flavor::psp::format_2025::reader","@pid":7004,"@timestamp":"2026-03-31T20:27:21.525776Z"}
test psp::format_2025::execution::validation::tests::save_and_validate_package_checksum_round_trip ... ok{"@file":"src/psp/format_2025/reader.rs","@level":"debug","@line":102,"@message":"  metadata_offset: 0x0000000000000054 (84)","@module":"flavor::psp::format_2025::reader","@pid":7004,"@timestamp":"2026-03-31T20:27:21.525662Z"}

{"@file":"src/psp/format_2025/index.rs","@level":"debug","@line":182,"@message":"Parsed metadata_size: 152 bytes","@module":"flavor::psp::format_2025::index","@pid":7004,"@timestamp":"2026-03-31T20:27:21.525752Z"}
{"@file":"src/psp/format_2025/reader.rs","@level":"debug","@line":100,"@message":"  package_size: 8367","@module":"flavor::psp::format_2025::reader","@pid":7004,"@timestamp":"2026-03-31T20:27:21.525753Z"}
{"@file":"src/psp/format_2025/reader.rs","@level":"debug","@line":99,"@message":"Parsed index values:","@module":"flavor::psp::format_2025::reader","@pid":7004,"@timestamp":"2026-03-31T20:27:21.525906Z"}
{"@file":"src/psp/format_2025/reader.rs","@level":"debug","@line":101,"@message":"  launcher_size: 0","@module":"flavor::psp::format_2025::reader","@pid":7004,"@timestamp":"2026-03-31T20:27:21.525915Z"}
{"@file":"src/psp/format_2025/operations.rs","@level":"debug","@line":37,"@message":"✅ Operations packed: result=3939504131","@module":"flavor::psp::format_2025::operations","@pid":7004,"@timestamp":"2026-03-31T20:27:21.525772Z"}
{"@file":"src/psp/format_2025/reader.rs","@level":"debug","@line":100,"@message":"  package_size: 8352","@module":"flavor::psp::format_2025::reader","@pid":7004,"@timestamp":"2026-03-31T20:27:21.525931Z"}
{"@file":"src/psp/format_2025/reader.rs","@level":"debug","@line":106,"@message":"  metadata_size: 129 bytes","@module":"flavor::psp::format_2025::reader","@pid":7004,"@timestamp":"2026-03-31T20:27:21.525867Z"}
{"@file":"src/psp/format_2025/reader.rs","@level":"debug","@line":101,"@message":"  launcher_size: 0","@module":"flavor::psp::format_2025::reader","@pid":7004,"@timestamp":"2026-03-31T20:27:21.525954Z"}
{"@file":"src/psp/format_2025/reader.rs","@level":"debug","@line":107,"@message":"  slot_table_offset: 0x0000000000000000","@module":"flavor::psp::format_2025::reader","@pid":7004,"@timestamp":"2026-03-31T20:27:21.525968Z"}
{"@file":"src/psp/format_2025/reader.rs","@level":"debug","@line":102,"@message":"  metadata_offset: 0x0000000000000000 (0)","@module":"flavor::psp::format_2025::reader","@pid":7004,"@timestamp":"2026-03-31T20:27:21.525979Z"}
{"@file":"src/psp/format_2025/reader.rs","@level":"debug","@line":108,"@message":"  slot_count: 0","@module":"flavor::psp::format_2025::reader","@pid":7004,"@timestamp":"2026-03-31T20:27:21.525990Z"}
{"@file":"src/psp/format_2025/reader.rs","@level":"debug","@line":106,"@message":"  metadata_size: 152 bytes","@module":"flavor::psp::format_2025::reader","@pid":7004,"@timestamp":"2026-03-31T20:27:21.526002Z"}
{"@file":"src/psp/format_2025/reader.rs","@level":"debug","@line":106,"@message":"  metadata_size: 79 bytes","@module":"flavor::psp::format_2025::reader","@pid":7004,"@timestamp":"2026-03-31T20:27:21.525890Z"}
{"@file":"src/psp/format_2025/operations.rs","@level":"debug","@line":37,"@message":"✅ Operations packed: result=6340330","@module":"flavor::psp::format_2025::operations","@pid":7004,"@timestamp":"2026-03-31T20:27:21.525518Z"}
{"@file":"src/psp/format_2025/operations.rs","@level":"debug","@line":37,"@message":"✅ Operations packed: result=174","@module":"flavor::psp::format_2025::operations","@pid":7004,"@timestamp":"2026-03-31T20:27:21.525973Z"}
{"@file":"src/psp/format_2025/operations.rs","@level":"debug","@line":60,"@message":"✅ Operations unpacked: count=3 operations=[234, 190, 96]","@module":"flavor::psp::format_2025::operations","@pid":7004,"@timestamp":"2026-03-31T20:27:21.526062Z"}
{"@file":"src/psp/format_2025/operations.rs","@level":"debug","@line":60,"@message":"✅ Operations unpacked: count=8 operations=[126, 244, 68, 17, 10, 171, 79, 199]","@module":"flavor::psp::format_2025::operations","@pid":7004,"@timestamp":"2026-03-31T20:27:21.525709Z"}
{"@file":"src/psp/format_2025/reader.rs","@level":"debug","@line":102,"@message":"  metadata_offset: 0x0000000000000058 (88)","@module":"flavor::psp::format_2025::reader","@pid":7004,"@timestamp":"2026-03-31T20:27:21.525937Z"}
{"@file":"src/psp/format_2025/reader.rs","@level":"debug","@line":107,"@message":"  slot_table_offset: 0x0000000000000000","@module":"flavor::psp::format_2025::reader","@pid":7004,"@timestamp":"2026-03-31T20:27:21.526024Z"}
{"@file":"src/psp/format_2025/reader.rs","@level":"debug","@line":107,"@message":"  slot_table_offset: 0x0000000000000014","@module":"flavor::psp::format_2025::reader","@pid":7004,"@timestamp":"2026-03-31T20:27:21.526046Z"}
{"@file":"src/psp/format_2025/reader.rs","@level":"debug","@line":108,"@message":"  slot_count: 0","@module":"flavor::psp::format_2025::reader","@pid":7004,"@timestamp":"2026-03-31T20:27:21.526145Z"}
{"@file":"src/psp/format_2025/reader.rs","@level":"debug","@line":108,"@message":"  slot_count: 1","@module":"flavor::psp::format_2025::reader","@pid":7004,"@timestamp":"2026-03-31T20:27:21.526164Z"}
{"@file":"src/psp/format_2025/operations.rs","@level":"debug","@line":37,"@message":"✅ Operations packed: result=1467738664","@module":"flavor::psp::format_2025::operations","@pid":7004,"@timestamp":"2026-03-31T20:27:21.526102Z"}
{"@file":"src/psp/format_2025/operations.rs","@level":"debug","@line":37,"@message":"✅ Operations packed: result=33524","@module":"flavor::psp::format_2025::operations","@pid":7004,"@timestamp":"2026-03-31T20:27:21.526114Z"}
{"@file":"src/psp/format_2025/reader.rs","@level":"debug","@line":106,"@message":"  metadata_size: 79 bytes","@module":"flavor::psp::format_2025::reader","@pid":7004,"@timestamp":"2026-03-31T20:27:21.526123Z"}
{"@file":"src/psp/format_2025/operations.rs","@level":"debug","@line":60,"@message":"✅ Operations unpacked: count=2 operations=[244, 130]","@module":"flavor::psp::format_2025::operations","@pid":7004,"@timestamp":"2026-03-31T20:27:21.526220Z"}
{"@file":"src/psp/format_2025/reader.rs","@level":"debug","@line":100,"@message":"  package_size: 8329","@module":"flavor::psp::format_2025::reader","@pid":7004,"@timestamp":"2026-03-31T20:27:21.525798Z"}
{"@file":"src/psp/format_2025/reader.rs","@level":"debug","@line":107,"@message":"  slot_table_offset: 0x0000000000000018","@module":"flavor::psp::format_2025::reader","@pid":7004,"@timestamp":"2026-03-31T20:27:21.526239Z"}
{"@file":"src/psp/format_2025/reader.rs","@level":"debug","@line":101,"@message":"  launcher_size: 0","@module":"flavor::psp::format_2025::reader","@pid":7004,"@timestamp":"2026-03-31T20:27:21.526259Z"}
{"@file":"src/psp/format_2025/reader.rs","@level":"debug","@line":108,"@message":"  slot_count: 1","@module":"flavor::psp::format_2025::reader","@pid":7004,"@timestamp":"2026-03-31T20:27:21.526274Z"}
{"@file":"src/psp/format_2025/reader.rs","@level":"debug","@line":102,"@message":"  metadata_offset: 0x0000000000000000 (0)","@module":"flavor::psp::format_2025::reader","@pid":7004,"@timestamp":"2026-03-31T20:27:21.526289Z"}
{"@file":"src/psp/format_2025/reader.rs","@level":"debug","@line":117,"@message":"Index loaded in 555.417µs","@module":"flavor::psp::format_2025::reader","@pid":7004,"@timestamp":"2026-03-31T20:27:21.526245Z"}
{"@file":"src/psp/format_2025/reader.rs","@level":"debug","@line":106,"@message":"  metadata_size: 129 bytes","@module":"flavor::psp::format_2025::reader","@pid":7004,"@timestamp":"2026-03-31T20:27:21.526316Z"}
{"@file":"src/psp/format_2025/reader.rs","@level":"debug","@line":117,"@message":"Index loaded in 1.441375ms","@module":"flavor::psp::format_2025::reader","@pid":7004,"@timestamp":"2026-03-31T20:27:21.526264Z"}
{"@file":"src/psp/format_2025/operations.rs","@level":"debug","@line":37,"@message":"✅ Operations packed: result=163","@module":"flavor::psp::format_2025::operations","@pid":7004,"@timestamp":"2026-03-31T20:27:21.526236Z"}
{"@file":"src/psp/format_2025/operations.rs","@level":"debug","@line":37,"@message":"✅ Operations packed: result=36411540144437955","@module":"flavor::psp::format_2025::operations","@pid":7004,"@timestamp":"2026-03-31T20:27:21.526277Z"}
{"@file":"src/psp/format_2025/reader.rs","@level":"debug","@line":117,"@message":"Index loaded in 698µs","@module":"flavor::psp::format_2025::reader","@pid":7004,"@timestamp":"2026-03-31T20:27:21.526080Z"}
{"@file":"src/psp/format_2025/operations.rs","@level":"debug","@line":60,"@message":"✅ Operations unpacked: count=7 operations=[195, 186, 8, 84, 26, 92, 129]","@module":"flavor::psp::format_2025::operations","@pid":7004,"@timestamp":"2026-03-31T20:27:21.526370Z"}
{"@file":"src/psp/format_2025/operations.rs","@level":"debug","@line":60,"@message":"✅ Operations unpacked: count=8 operations=[111, 164, 177, 251, 60, 253, 198, 194]","@module":"flavor::psp::format_2025::operations","@pid":7004,"@timestamp":"2026-03-31T20:27:21.526135Z"}
{"@file":"src/psp/format_2025/reader.rs","@level":"debug","@line":107,"@message":"  slot_table_offset: 0x0000000000000000","@module":"flavor::psp::format_2025::reader","@pid":7004,"@timestamp":"2026-03-31T20:27:21.526339Z"}
{"@file":"src/psp/format_2025/reader.rs","@level":"debug","@line":297,"@message":"📊 Reading 1 slot descriptors from offset 0x14","@module":"flavor::psp::format_2025::reader","@pid":7004,"@timestamp":"2026-03-31T20:27:21.526350Z"}
{"@file":"src/psp/format_2025/reader.rs","@level":"debug","@line":108,"@message":"  slot_count: 0","@module":"flavor::psp::format_2025::reader","@pid":7004,"@timestamp":"2026-03-31T20:27:21.526427Z"}
{"@file":"src/psp/format_2025/operations.rs","@level":"debug","@line":37,"@message":"✅ Operations packed: result=43188","@module":"flavor::psp::format_2025::operations","@pid":7004,"@timestamp":"2026-03-31T20:27:21.526387Z"}
{"@file":"src/psp/format_2025/reader.rs","@level":"debug","@line":141,"@message":"📖 Reading metadata from offset 0x0, size 129 bytes","@module":"flavor::psp::format_2025::reader","@pid":7004,"@timestamp":"2026-03-31T20:27:21.526389Z"}
{"@file":"src/psp/format_2025/reader.rs","@level":"debug","@line":141,"@message":"📖 Reading metadata from offset 0x0, size 152 bytes","@module":"flavor::psp::format_2025::reader","@pid":7004,"@timestamp":"2026-03-31T20:27:21.526331Z"}
{"@file":"src/psp/format_2025/operations.rs","@level":"debug","@line":37,"@message":"✅ Operations packed: result=14035183727109317743","@module":"flavor::psp::format_2025::operations","@pid":7004,"@timestamp":"2026-03-31T20:27:21.526413Z"}
{"@file":"src/psp/format_2025/operations.rs","@level":"debug","@line":37,"@message":"✅ Operations packed: result=423674643248","@module":"flavor::psp::format_2025::operations","@pid":7004,"@timestamp":"2026-03-31T20:27:21.526425Z"}
{"@file":"src/psp/format_2025/operations.rs","@level":"debug","@line":60,"@message":"✅ Operations unpacked: count=8 operations=[111, 164, 177, 251, 60, 253, 198, 194]","@module":"flavor::psp::format_2025::operations","@pid":7004,"@timestamp":"2026-03-31T20:27:21.526526Z"}
{"@file":"src/psp/format_2025/operations.rs","@level":"debug","@line":60,"@message":"✅ Operations unpacked: count=5 operations=[48, 3, 250, 164, 98]","@module":"flavor::psp::format_2025::operations","@pid":7004,"@timestamp":"2026-03-31T20:27:21.526548Z"}
{"@file":"src/psp/format_2025/reader.rs","@level":"debug","@line":233,"@message":"✅ Successfully parsed metadata for test v0.0.1","@module":"flavor::psp::format_2025::reader","@pid":7004,"@timestamp":"2026-03-31T20:27:21.526559Z"}
test psp::format_2025::verifier::tests::test_attestation_sbom_digest_match ... {"@file":"src/psp/format_2025/reader.rs","@level":"debug","@line":117,"@message":"Index loaded in 1.117375ms","@module":"flavor::psp::format_2025::reader","@pid":7004,"@timestamp":"2026-03-31T20:27:21.526385Z"}
ok
{"@file":"src/psp/format_2025/reader.rs","@level":"debug","@line":233,"@message":"✅ Successfully parsed metadata for test v0.0.1","@module":"flavor::psp::format_2025::reader","@pid":7004,"@timestamp":"2026-03-31T20:27:21.526599Z"}
{"@file":"src/psp/format_2025/operations.rs","@level":"debug","@line":37,"@message":"✅ Operations packed: result=218","@module":"flavor::psp::format_2025::operations","@pid":7004,"@timestamp":"2026-03-31T20:27:21.526494Z"}
{"@file":"src/psp/format_2025/operations.rs","@level":"debug","@line":37,"@message":"✅ Operations packed: result=372537886442","@module":"flavor::psp::format_2025::operations","@pid":7004,"@timestamp":"2026-03-31T20:27:21.526615Z"}
{"@file":"src/psp/format_2025/reader.rs","@level":"debug","@line":117,"@message":"Index loaded in 1.360041ms","@module":"flavor::psp::format_2025::reader","@pid":7004,"@timestamp":"2026-03-31T20:27:21.526519Z"}
{"@file":"src/psp/format_2025/operations.rs","@level":"debug","@line":60,"@message":"✅ Operations unpacked: count=5 operations=[234, 6, 253, 188, 86]","@module":"flavor::psp::format_2025::operations","@pid":7004,"@timestamp":"2026-03-31T20:27:21.526653Z"}
{"@file":"src/psp/format_2025/operations.rs","@level":"debug","@line":37,"@message":"✅ Operations packed: result=19791","@module":"flavor::psp::format_2025::operations","@pid":7004,"@timestamp":"2026-03-31T20:27:21.526672Z"}
{"@file":"src/psp/format_2025/reader.rs","@level":"debug","@line":297,"@message":"📊 Reading 1 slot descriptors from offset 0x18","@module":"flavor::psp::format_2025::reader","@pid":7004,"@timestamp":"2026-03-31T20:27:21.526617Z"}
{"@file":"src/psp/format_2025/operations.rs","@level":"debug","@line":37,"@message":"✅ Operations packed: result=4193736280","@module":"flavor::psp::format_2025::operations","@pid":7004,"@timestamp":"2026-03-31T20:27:21.526715Z"}
{"@file":"src/psp/format_2025/operations.rs","@level":"debug","@line":37,"@message":"✅ Operations packed: result=162","@module":"flavor::psp::format_2025::operations","@pid":7004,"@timestamp":"2026-03-31T20:27:21.526728Z"}
test psp::format_2025::verifier::tests::test_verify_attestation_policy_hash_present_no_policy_fails ... {"@file":"src/psp/format_2025/operations.rs","@level":"debug","@line":60,"@message":"✅ Operations unpacked: count=4 operations=[88, 86, 247, 249]","@module":"flavor::psp::format_2025::operations","@pid":7004,"@timestamp":"2026-03-31T20:27:21.526747Z"}
ok
{"@file":"src/psp/format_2025/operations.rs","@level":"debug","@line":60,"@message":"✅ Operations unpacked: count=8 operations=[84, 172, 163, 5, 55, 80, 141, 228]","@module":"flavor::psp::format_2025::operations","@pid":7004,"@timestamp":"2026-03-31T20:27:21.526591Z"}
{"@file":"src/psp/format_2025/operations.rs","@level":"debug","@line":37,"@message":"✅ Operations packed: result=3591746721","@module":"flavor::psp::format_2025::operations","@pid":7004,"@timestamp":"2026-03-31T20:27:21.526782Z"}
{"@file":"src/psp/format_2025/operations.rs","@level":"debug","@line":37,"@message":"✅ Operations packed: result=16468907609611807828","@module":"flavor::psp::format_2025::operations","@pid":7004,"@timestamp":"2026-03-31T20:27:21.526808Z"}
{"@file":"src/psp/format_2025/operations.rs","@level":"debug","@line":37,"@message":"✅ Operations packed: result=61293","@module":"flavor::psp::format_2025::operations","@pid":7004,"@timestamp":"2026-03-31T20:27:21.526813Z"}
test psp::format_2025::verifier::tests::test_verify_attestation_policy_hash_mismatch ... ok{"@file":"src/psp/format_2025/operations.rs","@level":"debug","@line":60,"@message":"✅ Operations unpacked: count=8 operations=[84, 172, 163, 5, 55, 80, 141, 228]","@module":"flavor::psp::format_2025::operations","@pid":7004,"@timestamp":"2026-03-31T20:27:21.526841Z"}

{"@file":"src/psp/format_2025/operations.rs","@level":"debug","@line":60,"@message":"✅ Operations unpacked: count=2 operations=[109, 239]","@module":"flavor::psp::format_2025::operations","@pid":7004,"@timestamp":"2026-03-31T20:27:21.526879Z"}
{"@file":"src/psp/format_2025/operations.rs","@level":"debug","@line":37,"@message":"✅ Operations packed: result=221313259","@module":"flavor::psp::format_2025::operations","@pid":7004,"@timestamp":"2026-03-31T20:27:21.526847Z"}
test psp::format_2025::verifier::tests::test_verify_attestation_policy_hash_zero_field_skip ... ok
{"@file":"src/psp/format_2025/operations.rs","@level":"debug","@line":60,"@message":"✅ Operations unpacked: count=8 operations=[194, 70, 47, 77, 10, 183, 217, 231]","@module":"flavor::psp::format_2025::operations","@pid":7004,"@timestamp":"2026-03-31T20:27:21.526939Z"}
{"@file":"src/psp/format_2025/operations.rs","@level":"debug","@line":37,"@message":"✅ Operations packed: result=17834","@module":"flavor::psp::format_2025::operations","@pid":7004,"@timestamp":"2026-03-31T20:27:21.526940Z"}
{"@file":"src/psp/format_2025/operations.rs","@level":"debug","@line":37,"@message":"✅ Operations packed: result=16706585547580065474","@module":"flavor::psp::format_2025::operations","@pid":7004,"@timestamp":"2026-03-31T20:27:21.526972Z"}
{"@file":"src/psp/format_2025/operations.rs","@level":"debug","@line":37,"@message":"✅ Operations packed: result=14598206443661199711","@module":"flavor::psp::format_2025::operations","@pid":7004,"@timestamp":"2026-03-31T20:27:21.526970Z"}
{"@file":"src/psp/format_2025/operations.rs","@level":"debug","@line":60,"@message":"✅ Operations unpacked: count=2 operations=[170, 69]","@module":"flavor::psp::format_2025::operations","@pid":7004,"@timestamp":"2026-03-31T20:27:21.526986Z"}
{"@file":"src/psp/format_2025/operations.rs","@level":"debug","@line":60,"@message":"✅ Operations unpacked: count=8 operations=[194, 70, 47, 77, 10, 183, 217, 231]","@module":"flavor::psp::format_2025::operations","@pid":7004,"@timestamp":"2026-03-31T20:27:21.526999Z"}
{"@file":"src/psp/format_2025/operations.rs","@level":"debug","@line":37,"@message":"✅ Operations packed: result=727803808196","@module":"flavor::psp::format_2025::operations","@pid":7004,"@timestamp":"2026-03-31T20:27:21.527034Z"}
test psp::format_2025::verifier::tests::test_attestation_sbom_digest_absent_skipped ... ok
{"@file":"src/psp/format_2025/operations.rs","@level":"debug","@line":37,"@message":"✅ Operations packed: result=59376","@module":"flavor::psp::format_2025::operations","@pid":7004,"@timestamp":"2026-03-31T20:27:21.527070Z"}
{"@file":"src/psp/format_2025/operations.rs","@level":"debug","@line":60,"@message":"✅ Operations unpacked: count=8 operations=[71, 120, 206, 78, 97, 206, 229, 59]","@module":"flavor::psp::format_2025::operations","@pid":7004,"@timestamp":"2026-03-31T20:27:21.527075Z"}
{"@file":"src/psp/format_2025/operations.rs","@level":"debug","@line":60,"@message":"✅ Operations unpacked: count=2 operations=[240, 231]","@module":"flavor::psp::format_2025::operations","@pid":7004,"@timestamp":"2026-03-31T20:27:21.527096Z"}
{"@file":"src/psp/format_2025/operations.rs","@level":"debug","@line":37,"@message":"✅ Operations packed: result=0","@module":"flavor::psp::format_2025::operations","@pid":7004,"@timestamp":"2026-03-31T20:27:21.527087Z"}
{"@file":"src/psp/format_2025/operations.rs","@level":"debug","@line":37,"@message":"✅ Operations packed: result=4316082735233792071","@module":"flavor::psp::format_2025::operations","@pid":7004,"@timestamp":"2026-03-31T20:27:21.527114Z"}
{"@file":"src/psp/format_2025/operations.rs","@level":"debug","@line":60,"@message":"✅ Operations unpacked: count=8 operations=[71, 120, 206, 78, 97, 206, 229, 59]","@module":"flavor::psp::format_2025::operations","@pid":7004,"@timestamp":"2026-03-31T20:27:21.527143Z"}
{"@file":"src/psp/format_2025/operations.rs","@level":"debug","@line":37,"@message":"✅ Operations packed: result=25143","@module":"flavor::psp::format_2025::operations","@pid":7004,"@timestamp":"2026-03-31T20:27:21.527151Z"}
{"@file":"src/psp/format_2025/operations.rs","@level":"debug","@line":37,"@message":"✅ Operations packed: result=23097","@module":"flavor::psp::format_2025::operations","@pid":7004,"@timestamp":"2026-03-31T20:27:21.527159Z"}
{"@file":"src/psp/format_2025/operations.rs","@level":"debug","@line":60,"@message":"✅ Operations unpacked: count=2 operations=[55, 98]","@module":"flavor::psp::format_2025::operations","@pid":7004,"@timestamp":"2026-03-31T20:27:21.527181Z"}
{"@file":"src/psp/format_2025/operations.rs","@level":"debug","@line":60,"@message":"✅ Operations unpacked: count=8 operations=[228, 44, 12, 3, 208, 32, 10, 78]","@module":"flavor::psp::format_2025::operations","@pid":7004,"@timestamp":"2026-03-31T20:27:21.527198Z"}
{"@file":"src/psp/format_2025/operations.rs","@level":"debug","@line":37,"@message":"✅ Operations packed: result=5623343162501901540","@module":"flavor::psp::format_2025::operations","@pid":7004,"@timestamp":"2026-03-31T20:27:21.527229Z"}
{"@file":"src/psp/format_2025/operations.rs","@level":"debug","@line":37,"@message":"✅ Operations packed: result=1484158786525635","@module":"flavor::psp::format_2025::operations","@pid":7004,"@timestamp":"2026-03-31T20:27:21.527246Z"}
{"@file":"src/psp/format_2025/operations.rs","@level":"debug","@line":37,"@message":"✅ Operations packed: result=9217491","@module":"flavor::psp::format_2025::operations","@pid":7004,"@timestamp":"2026-03-31T20:27:21.527249Z"}
{"@file":"src/psp/format_2025/operations.rs","@level":"debug","@line":60,"@message":"✅ Operations unpacked: count=7 operations=[195, 217, 66, 165, 213, 69, 5]","@module":"flavor::psp::format_2025::operations","@pid":7004,"@timestamp":"2026-03-31T20:27:21.527282Z"}
{"@file":"src/psp/format_2025/operations.rs","@level":"debug","@line":60,"@message":"✅ Operations unpacked: count=8 operations=[228, 44, 12, 3, 208, 32, 10, 78]","@module":"flavor::psp::format_2025::operations","@pid":7004,"@timestamp":"2026-03-31T20:27:21.527256Z"}
{"@file":"src/psp/format_2025/operations.rs","@level":"debug","@line":37,"@message":"✅ Operations packed: result=20357325255302177","@module":"flavor::psp::format_2025::operations","@pid":7004,"@timestamp":"2026-03-31T20:27:21.527328Z"}
{"@file":"src/psp/format_2025/operations.rs","@level":"debug","@line":37,"@message":"✅ Operations packed: result=13585707","@module":"flavor::psp::format_2025::operations","@pid":7004,"@timestamp":"2026-03-31T20:27:21.527334Z"}
{"@file":"src/psp/format_2025/operations.rs","@level":"debug","@line":60,"@message":"✅ Operations unpacked: count=3 operations=[43, 77, 207]","@module":"flavor::psp::format_2025::operations","@pid":7004,"@timestamp":"2026-03-31T20:27:21.527362Z"}
{"@file":"src/psp/format_2025/operations.rs","@level":"debug","@line":60,"@message":"✅ Operations unpacked: count=8 operations=[14, 237, 132, 60, 49, 253, 201, 160]","@module":"flavor::psp::format_2025::operations","@pid":7004,"@timestamp":"2026-03-31T20:27:21.527361Z"}
{"@file":"src/psp/format_2025/operations.rs","@level":"debug","@line":37,"@message":"✅ Operations packed: result=819923374354","@module":"flavor::psp::format_2025::operations","@pid":7004,"@timestamp":"2026-03-31T20:27:21.527384Z"}
{"@file":"src/psp/format_2025/operations.rs","@level":"debug","@line":37,"@message":"✅ Operations packed: result=11586069904297880846","@module":"flavor::psp::format_2025::operations","@pid":7004,"@timestamp":"2026-03-31T20:27:21.527396Z"}
{"@file":"src/psp/format_2025/operations.rs","@level":"debug","@line":37,"@message":"✅ Operations packed: result=0","@module":"flavor::psp::format_2025::operations","@pid":7004,"@timestamp":"2026-03-31T20:27:21.527413Z"}
{"@file":"src/psp/format_2025/operations.rs","@level":"debug","@line":37,"@message":"✅ Operations packed: result=63071","@module":"flavor::psp::format_2025::operations","@pid":7004,"@timestamp":"2026-03-31T20:27:21.527432Z"}
{"@file":"src/psp/format_2025/operations.rs","@level":"debug","@line":60,"@message":"✅ Operations unpacked: count=0 operations=[]","@module":"flavor::psp::format_2025::operations","@pid":7004,"@timestamp":"2026-03-31T20:27:21.527434Z"}
{"@file":"src/psp/format_2025/operations.rs","@level":"debug","@line":60,"@message":"✅ Operations unpacked: count=8 operations=[14, 237, 132, 60, 49, 253, 201, 160]","@module":"flavor::psp::format_2025::operations","@pid":7004,"@timestamp":"2026-03-31T20:27:21.527415Z"}
{"@file":"src/psp/format_2025/operations.rs","@level":"debug","@line":37,"@message":"✅ Operations packed: result=1789425","@module":"flavor::psp::format_2025::operations","@pid":7004,"@timestamp":"2026-03-31T20:27:21.527483Z"}
{"@file":"src/psp/format_2025/operations.rs","@level":"debug","@line":37,"@message":"✅ Operations packed: result=1110242399","@module":"flavor::psp::format_2025::operations","@pid":7004,"@timestamp":"2026-03-31T20:27:21.527497Z"}
{"@file":"src/psp/format_2025/operations.rs","@level":"debug","@line":60,"@message":"✅ Operations unpacked: count=4 operations=[95, 244, 44, 66]","@module":"flavor::psp::format_2025::operations","@pid":7004,"@timestamp":"2026-03-31T20:27:21.527521Z"}
{"@file":"src/psp/format_2025/operations.rs","@level":"debug","@line":37,"@message":"✅ Operations packed: result=177","@module":"flavor::psp::format_2025::operations","@pid":7004,"@timestamp":"2026-03-31T20:27:21.527535Z"}
{"@file":"src/psp/format_2025/operations.rs","@level":"debug","@line":60,"@message":"✅ Operations unpacked: count=8 operations=[142, 16, 8, 253, 217, 180, 58, 217]","@module":"flavor::psp::format_2025::operations","@pid":7004,"@timestamp":"2026-03-31T20:27:21.527520Z"}
{"@file":"src/psp/format_2025/operations.rs","@level":"debug","@line":37,"@message":"✅ Operations packed: result=15653022303225647246","@module":"flavor::psp::format_2025::operations","@pid":7004,"@timestamp":"2026-03-31T20:27:21.527570Z"}
{"@file":"src/psp/format_2025/operations.rs","@level":"debug","@line":37,"@message":"✅ Operations packed: result=921296903304","@module":"flavor::psp::format_2025::operations","@pid":7004,"@timestamp":"2026-03-31T20:27:21.527582Z"}
{"@file":"src/psp/format_2025/operations.rs","@level":"debug","@line":37,"@message":"✅ Operations packed: result=0","@module":"flavor::psp::format_2025::operations","@pid":7004,"@timestamp":"2026-03-31T20:27:21.527583Z"}
{"@file":"src/psp/format_2025/operations.rs","@level":"debug","@line":60,"@message":"✅ Operations unpacked: count=5 operations=[136, 28, 147, 129, 214]","@module":"flavor::psp::format_2025::operations","@pid":7004,"@timestamp":"2026-03-31T20:27:21.527616Z"}
{"@file":"src/psp/format_2025/operations.rs","@level":"debug","@line":60,"@message":"✅ Operations unpacked: count=8 operations=[142, 16, 8, 253, 217, 180, 58, 217]","@module":"flavor::psp::format_2025::operations","@pid":7004,"@timestamp":"2026-03-31T20:27:21.527607Z"}
{"@file":"src/psp/format_2025/operations.rs","@level":"debug","@line":37,"@message":"✅ Operations packed: result=3887224016","@module":"flavor::psp::format_2025::operations","@pid":7004,"@timestamp":"2026-03-31T20:27:21.527657Z"}
{"@file":"src/psp/format_2025/operations.rs","@level":"debug","@line":37,"@message":"✅ Operations packed: result=16964581891025442968","@module":"flavor::psp::format_2025::operations","@pid":7004,"@timestamp":"2026-03-31T20:27:21.527669Z"}
{"@file":"src/psp/format_2025/operations.rs","@level":"debug","@line":60,"@message":"✅ Operations unpacked: count=8 operations=[152, 152, 152, 1, 89, 77, 110, 235]","@module":"flavor::psp::format_2025::operations","@pid":7004,"@timestamp":"2026-03-31T20:27:21.527693Z"}
{"@file":"src/psp/format_2025/operations.rs","@level":"debug","@line":60,"@message":"✅ Operations unpacked: count=8 operations=[176, 4, 200, 151, 68, 103, 115, 243]","@module":"flavor::psp::format_2025::operations","@pid":7004,"@timestamp":"2026-03-31T20:27:21.527697Z"}
{"@file":"src/psp/format_2025/operations.rs","@level":"debug","@line":37,"@message":"✅ Operations packed: result=10012352027481057106","@module":"flavor::psp::format_2025::operations","@pid":7004,"@timestamp":"2026-03-31T20:27:21.527711Z"}
{"@file":"src/psp/format_2025/operations.rs","@level":"debug","@line":37,"@message":"✅ Operations packed: result=17542478517840118960","@module":"flavor::psp::format_2025::operations","@pid":7004,"@timestamp":"2026-03-31T20:27:21.527731Z"}
{"@file":"src/psp/format_2025/operations.rs","@level":"debug","@line":37,"@message":"✅ Operations packed: result=11602710","@module":"flavor::psp::format_2025::operations","@pid":7004,"@timestamp":"2026-03-31T20:27:21.527742Z"}
{"@file":"src/psp/format_2025/operations.rs","@level":"debug","@line":60,"@message":"✅ Operations unpacked: count=8 operations=[176, 4, 200, 151, 68, 103, 115, 243]","@module":"flavor::psp::format_2025::operations","@pid":7004,"@timestamp":"2026-03-31T20:27:21.527768Z"}
{"@file":"src/psp/format_2025/operations.rs","@level":"debug","@line":60,"@message":"✅ Operations unpacked: count=3 operations=[22, 11, 177]","@module":"flavor::psp::format_2025::operations","@pid":7004,"@timestamp":"2026-03-31T20:27:21.527776Z"}
{"@file":"src/psp/format_2025/operations.rs","@level":"debug","@line":37,"@message":"✅ Operations packed: result=10556969090376157928","@module":"flavor::psp::format_2025::operations","@pid":7004,"@timestamp":"2026-03-31T20:27:21.527785Z"}
{"@file":"src/psp/format_2025/operations.rs","@level":"debug","@line":60,"@message":"✅ Operations unpacked: count=8 operations=[79, 28, 189, 162, 169, 45, 161, 204]","@module":"flavor::psp::format_2025::operations","@pid":7004,"@timestamp":"2026-03-31T20:27:21.527819Z"}
{"@file":"src/psp/format_2025/operations.rs","@level":"debug","@line":37,"@message":"✅ Operations packed: result=2295855788485148507","@module":"flavor::psp::format_2025::operations","@pid":7004,"@timestamp":"2026-03-31T20:27:21.527825Z"}
{"@file":"src/psp/format_2025/operations.rs","@level":"debug","@line":37,"@message":"✅ Operations packed: result=14745116861590740047","@module":"flavor::psp::format_2025::operations","@pid":7004,"@timestamp":"2026-03-31T20:27:21.527845Z"}
{"@file":"src/psp/format_2025/operations.rs","@level":"debug","@line":60,"@message":"✅ Operations unpacked: count=8 operations=[91, 127, 46, 248, 172, 132, 220, 31]","@module":"flavor::psp::format_2025::operations","@pid":7004,"@timestamp":"2026-03-31T20:27:21.527853Z"}
{"@file":"src/psp/format_2025/operations.rs","@level":"debug","@line":37,"@message":"✅ Operations packed: result=239","@module":"flavor::psp::format_2025::operations","@pid":7004,"@timestamp":"2026-03-31T20:27:21.527850Z"}
{"@file":"src/psp/format_2025/operations.rs","@level":"debug","@line":60,"@message":"✅ Operations unpacked: count=8 operations=[79, 28, 189, 162, 169, 45, 161, 204]","@module":"flavor::psp::format_2025::operations","@pid":7004,"@timestamp":"2026-03-31T20:27:21.527868Z"}
{"@file":"src/psp/format_2025/operations.rs","@level":"debug","@line":37,"@message":"✅ Operations packed: result=9907239192230058180","@module":"flavor::psp::format_2025::operations","@pid":7004,"@timestamp":"2026-03-31T20:27:21.527902Z"}
{"@file":"src/psp/format_2025/operations.rs","@level":"debug","@line":37,"@message":"✅ Operations packed: result=21428398023044339","@module":"flavor::psp::format_2025::operations","@pid":7004,"@timestamp":"2026-03-31T20:27:21.527951Z"}
{"@file":"src/psp/format_2025/operations.rs","@level":"debug","@line":60,"@message":"✅ Operations unpacked: count=8 operations=[196, 88, 179, 245, 141, 149, 125, 137]","@module":"flavor::psp::format_2025::operations","@pid":7004,"@timestamp":"2026-03-31T20:27:21.527948Z"}
{"@file":"src/psp/format_2025/operations.rs","@level":"debug","@line":60,"@message":"✅ Operations unpacked: count=8 operations=[190, 137, 148, 222, 195, 39, 13, 179]","@module":"flavor::psp::format_2025::operations","@pid":7004,"@timestamp":"2026-03-31T20:27:21.527961Z"}
{"@file":"src/psp/format_2025/operations.rs","@level":"debug","@line":37,"@message":"✅ Operations packed: result=15866059","@module":"flavor::psp::format_2025::operations","@pid":7004,"@timestamp":"2026-03-31T20:27:21.528010Z"}
{"@file":"src/psp/format_2025/operations.rs","@level":"debug","@line":37,"@message":"✅ Operations packed: result=12902012229692721598","@module":"flavor::psp::format_2025::operations","@pid":7004,"@timestamp":"2026-03-31T20:27:21.528013Z"}
{"@file":"src/psp/format_2025/operations.rs","@level":"debug","@line":37,"@message":"✅ Operations packed: result=5554012","@module":"flavor::psp::format_2025::operations","@pid":7004,"@timestamp":"2026-03-31T20:27:21.528038Z"}
{"@file":"src/psp/format_2025/operations.rs","@level":"debug","@line":60,"@message":"✅ Operations unpacked: count=8 operations=[190, 137, 148, 222, 195, 39, 13, 179]","@module":"flavor::psp::format_2025::operations","@pid":7004,"@timestamp":"2026-03-31T20:27:21.528043Z"}
{"@file":"src/psp/format_2025/operations.rs","@level":"debug","@line":37,"@message":"✅ Operations packed: result=2975250156","@module":"flavor::psp::format_2025::operations","@pid":7004,"@timestamp":"2026-03-31T20:27:21.528064Z"}
{"@file":"src/psp/format_2025/operations.rs","@level":"debug","@line":60,"@message":"✅ Operations unpacked: count=3 operations=[92, 191, 84]","@module":"flavor::psp::format_2025::operations","@pid":7004,"@timestamp":"2026-03-31T20:27:21.528066Z"}
{"@file":"src/psp/format_2025/operations.rs","@level":"debug","@line":60,"@message":"✅ Operations unpacked: count=8 operations=[95, 136, 52, 79, 17, 96, 74, 8]","@module":"flavor::psp::format_2025::operations","@pid":7004,"@timestamp":"2026-03-31T20:27:21.528116Z"}
{"@file":"src/psp/format_2025/operations.rs","@level":"debug","@line":37,"@message":"✅ Operations packed: result=8262487325164581977","@module":"flavor::psp::format_2025::operations","@pid":7004,"@timestamp":"2026-03-31T20:27:21.528137Z"}
{"@file":"src/psp/format_2025/operations.rs","@level":"debug","@line":37,"@message":"✅ Operations packed: result=52953","@module":"flavor::psp::format_2025::operations","@pid":7004,"@timestamp":"2026-03-31T20:27:21.528129Z"}
{"@file":"src/psp/format_2025/operations.rs","@level":"debug","@line":60,"@message":"✅ Operations unpacked: count=8 operations=[89, 52, 154, 25, 114, 64, 170, 114]","@module":"flavor::psp::format_2025::operations","@pid":7004,"@timestamp":"2026-03-31T20:27:21.528165Z"}
{"@file":"src/psp/format_2025/operations.rs","@level":"debug","@line":37,"@message":"✅ Operations packed: result=597395528039565407","@module":"flavor::psp::format_2025::operations","@pid":7004,"@timestamp":"2026-03-31T20:27:21.528155Z"}
{"@file":"src/psp/format_2025/operations.rs","@level":"debug","@line":60,"@message":"✅ Operations unpacked: count=8 operations=[95, 136, 52, 79, 17, 96, 74, 8]","@module":"flavor::psp::format_2025::operations","@pid":7004,"@timestamp":"2026-03-31T20:27:21.528212Z"}
{"@file":"src/psp/format_2025/operations.rs","@level":"debug","@line":37,"@message":"✅ Operations packed: result=28405877215277426","@module":"flavor::psp::format_2025::operations","@pid":7004,"@timestamp":"2026-03-31T20:27:21.528218Z"}
{"@file":"src/psp/format_2025/operations.rs","@level":"debug","@line":37,"@message":"✅ Operations packed: result=28901","@module":"flavor::psp::format_2025::operations","@pid":7004,"@timestamp":"2026-03-31T20:27:21.528216Z"}
{"@file":"src/psp/format_2025/operations.rs","@level":"debug","@line":60,"@message":"✅ Operations unpacked: count=7 operations=[114, 49, 243, 172, 254, 234, 100]","@module":"flavor::psp::format_2025::operations","@pid":7004,"@timestamp":"2026-03-31T20:27:21.528238Z"}
{"@file":"src/psp/format_2025/operations.rs","@level":"debug","@line":60,"@message":"✅ Operations unpacked: count=8 operations=[108, 139, 104, 174, 153, 90, 76, 205]","@module":"flavor::psp::format_2025::operations","@pid":7004,"@timestamp":"2026-03-31T20:27:21.528263Z"}
{"@file":"src/psp/format_2025/operations.rs","@level":"debug","@line":37,"@message":"✅ Operations packed: result=14793298492107819884","@module":"flavor::psp::format_2025::operations","@pid":7004,"@timestamp":"2026-03-31T20:27:21.528290Z"}
{"@file":"src/psp/format_2025/operations.rs","@level":"debug","@line":37,"@message":"✅ Operations packed: result=9962954083762820224","@module":"flavor::psp::format_2025::operations","@pid":7004,"@timestamp":"2026-03-31T20:27:21.528302Z"}
{"@file":"src/psp/format_2025/operations.rs","@level":"debug","@line":37,"@message":"✅ Operations packed: result=75","@module":"flavor::psp::format_2025::operations","@pid":7004,"@timestamp":"2026-03-31T20:27:21.528319Z"}
{"@file":"src/psp/format_2025/operations.rs","@level":"debug","@line":60,"@message":"✅ Operations unpacked: count=8 operations=[108, 139, 104, 174, 153, 90, 76, 205]","@module":"flavor::psp::format_2025::operations","@pid":7004,"@timestamp":"2026-03-31T20:27:21.528313Z"}
{"@file":"src/psp/format_2025/operations.rs","@level":"debug","@line":60,"@message":"✅ Operations unpacked: count=1 operations=[75]","@module":"flavor::psp::format_2025::operations","@pid":7004,"@timestamp":"2026-03-31T20:27:21.528345Z"}
{"@file":"src/psp/format_2025/operations.rs","@level":"debug","@line":37,"@message":"✅ Operations packed: result=13737779303119519633","@module":"flavor::psp::format_2025::operations","@pid":7004,"@timestamp":"2026-03-31T20:27:21.528368Z"}
{"@file":"src/psp/format_2025/operations.rs","@level":"debug","@line":60,"@message":"✅ Operations unpacked: count=8 operations=[7, 240, 79, 206, 124, 192, 99, 181]","@module":"flavor::psp::format_2025::operations","@pid":7004,"@timestamp":"2026-03-31T20:27:21.528397Z"}
{"@file":"src/psp/format_2025/operations.rs","@level":"debug","@line":37,"@message":"✅ Operations packed: result=37834498","@module":"flavor::psp::format_2025::operations","@pid":7004,"@timestamp":"2026-03-31T20:27:21.528405Z"}
{"@file":"src/psp/format_2025/operations.rs","@level":"debug","@line":37,"@message":"✅ Operations packed: result=37989","@module":"flavor::psp::format_2025::operations","@pid":7004,"@timestamp":"2026-03-31T20:27:21.528425Z"}
{"@file":"src/psp/format_2025/operations.rs","@level":"debug","@line":37,"@message":"✅ Operations packed: result=13070502185829134343","@module":"flavor::psp::format_2025::operations","@pid":7004,"@timestamp":"2026-03-31T20:27:21.528432Z"}
{"@file":"src/psp/format_2025/operations.rs","@level":"debug","@line":60,"@message":"✅ Operations unpacked: count=4 operations=[2, 79, 65, 2]","@module":"flavor::psp::format_2025::operations","@pid":7004,"@timestamp":"2026-03-31T20:27:21.528444Z"}
{"@file":"src/psp/format_2025/operations.rs","@level":"debug","@line":60,"@message":"✅ Operations unpacked: count=8 operations=[7, 240, 79, 206, 124, 192, 99, 181]","@module":"flavor::psp::format_2025::operations","@pid":7004,"@timestamp":"2026-03-31T20:27:21.528467Z"}
{"@file":"src/psp/format_2025/operations.rs","@level":"debug","@line":37,"@message":"✅ Operations packed: result=51110","@module":"flavor::psp::format_2025::operations","@pid":7004,"@timestamp":"2026-03-31T20:27:21.528483Z"}
{"@file":"src/psp/format_2025/operations.rs","@level":"debug","@line":37,"@message":"✅ Operations packed: result=10204092379059009","@module":"flavor::psp::format_2025::operations","@pid":7004,"@timestamp":"2026-03-31T20:27:21.528510Z"}
{"@file":"src/psp/format_2025/operations.rs","@level":"debug","@line":37,"@message":"✅ Operations packed: result=9657924541026324813","@module":"flavor::psp::format_2025::operations","@pid":7004,"@timestamp":"2026-03-31T20:27:21.528544Z"}
{"@file":"src/psp/format_2025/operations.rs","@level":"debug","@line":60,"@message":"✅ Operations unpacked: count=8 operations=[238, 33, 137, 251, 197, 74, 137, 38]","@module":"flavor::psp::format_2025::operations","@pid":7004,"@timestamp":"2026-03-31T20:27:21.528528Z"}
{"@file":"src/psp/format_2025/operations.rs","@level":"debug","@line":37,"@message":"✅ Operations packed: result=206","@module":"flavor::psp::format_2025::operations","@pid":7004,"@timestamp":"2026-03-31T20:27:21.528616Z"}
{"@file":"src/psp/format_2025/operations.rs","@level":"debug","@line":37,"@message":"✅ Operations packed: result=2776832859439702510","@module":"flavor::psp::format_2025::operations","@pid":7004,"@timestamp":"2026-03-31T20:27:21.528631Z"}
{"@file":"src/psp/format_2025/operations.rs","@level":"debug","@line":60,"@message":"✅ Operations unpacked: count=7 operations=[65, 83, 130, 101, 145, 64, 36]","@module":"flavor::psp::format_2025::operations","@pid":7004,"@timestamp":"2026-03-31T20:27:21.528542Z"}
{"@file":"src/psp/format_2025/operations.rs","@level":"debug","@line":60,"@message":"✅ Operations unpacked: count=8 operations=[238, 33, 137, 251, 197, 74, 137, 38]","@module":"flavor::psp::format_2025::operations","@pid":7004,"@timestamp":"2026-03-31T20:27:21.528665Z"}
{"@file":"src/psp/format_2025/operations.rs","@level":"debug","@line":37,"@message":"✅ Operations packed: result=689774877901","@module":"flavor::psp::format_2025::operations","@pid":7004,"@timestamp":"2026-03-31T20:27:21.528676Z"}
{"@file":"src/psp/format_2025/operations.rs","@level":"debug","@line":60,"@message":"✅ Operations unpacked: count=5 operations=[38, 235, 98, 143, 204]","@module":"flavor::psp::format_2025::operations","@pid":7004,"@timestamp":"2026-03-31T20:27:21.528717Z"}
{"@file":"src/psp/format_2025/operations.rs","@level":"debug","@line":37,"@message":"✅ Operations packed: result=82","@module":"flavor::psp::format_2025::operations","@pid":7004,"@timestamp":"2026-03-31T20:27:21.528724Z"}
{"@file":"src/psp/format_2025/operations.rs","@level":"debug","@line":37,"@message":"✅ Operations packed: result=878578952998","@module":"flavor::psp::format_2025::operations","@pid":7004,"@timestamp":"2026-03-31T20:27:21.528748Z"}
{"@file":"src/psp/format_2025/operations.rs","@level":"debug","@line":60,"@message":"✅ Operations unpacked: count=1 operations=[82]","@module":"flavor::psp::format_2025::operations","@pid":7004,"@timestamp":"2026-03-31T20:27:21.528759Z"}
{"@file":"src/psp/format_2025/operations.rs","@level":"debug","@line":60,"@message":"✅ Operations unpacked: count=5 operations=[38, 235, 98, 143, 204]","@module":"flavor::psp::format_2025::operations","@pid":7004,"@timestamp":"2026-03-31T20:27:21.528772Z"}
{"@file":"src/psp/format_2025/operations.rs","@level":"debug","@line":37,"@message":"✅ Operations packed: result=32","@module":"flavor::psp::format_2025::operations","@pid":7004,"@timestamp":"2026-03-31T20:27:21.528805Z"}
test psp::format_2025::launcher::filesystem::tests::copy_dir_all_recursively_copies_tree ... {"@file":"src/psp/format_2025/operations.rs","@level":"debug","@line":60,"@message":"✅ Operations unpacked: count=8 operations=[199, 143, 133, 85, 111, 144, 48, 26]","@module":"flavor::psp::format_2025::operations","@pid":7004,"@timestamp":"2026-03-31T20:27:21.528821Z"}
ok
{"@file":"src/psp/format_2025/operations.rs","@level":"debug","@line":60,"@message":"✅ Operations unpacked: count=1 operations=[32]","@module":"flavor::psp::format_2025::operations","@pid":7004,"@timestamp":"2026-03-31T20:27:21.528825Z"}
{"@file":"src/psp/format_2025/operations.rs","@level":"debug","@line":37,"@message":"✅ Operations packed: result=1887167051718823879","@module":"flavor::psp::format_2025::operations","@pid":7004,"@timestamp":"2026-03-31T20:27:21.528856Z"}
{"@file":"src/psp/format_2025/operations.rs","@level":"debug","@line":37,"@message":"✅ Operations packed: result=0","@module":"flavor::psp::format_2025::operations","@pid":7004,"@timestamp":"2026-03-31T20:27:21.528735Z"}
{"@file":"src/psp/format_2025/operations.rs","@level":"debug","@line":60,"@message":"✅ Operations unpacked: count=8 operations=[199, 143, 133, 85, 111, 144, 48, 26]","@module":"flavor::psp::format_2025::operations","@pid":7004,"@timestamp":"2026-03-31T20:27:21.528884Z"}
{"@file":"src/psp/format_2025/operations.rs","@level":"debug","@line":37,"@message":"✅ Operations packed: result=13072119944408260","@module":"flavor::psp::format_2025::operations","@pid":7004,"@timestamp":"2026-03-31T20:27:21.528903Z"}
{"@file":"src/psp/format_2025/operations.rs","@level":"debug","@line":60,"@message":"✅ Operations unpacked: count=7 operations=[196, 108, 191, 25, 6, 113, 46]","@module":"flavor::psp::format_2025::operations","@pid":7004,"@timestamp":"2026-03-31T20:27:21.528924Z"}
{"@file":"src/psp/format_2025/operations.rs","@level":"debug","@line":60,"@message":"✅ Operations unpacked: count=8 operations=[125, 197, 198, 11, 147, 112, 46, 239]","@module":"flavor::psp::format_2025::operations","@pid":7004,"@timestamp":"2026-03-31T20:27:21.528935Z"}
{"@file":"src/psp/format_2025/operations.rs","@level":"debug","@line":37,"@message":"✅ Operations packed: result=93568746603","@module":"flavor::psp::format_2025::operations","@pid":7004,"@timestamp":"2026-03-31T20:27:21.528935Z"}
{"@file":"src/psp/format_2025/operations.rs","@level":"debug","@line":37,"@message":"✅ Operations packed: result=17234836600853546365","@module":"flavor::psp::format_2025::operations","@pid":7004,"@timestamp":"2026-03-31T20:27:21.528967Z"}
{"@file":"src/psp/format_2025/operations.rs","@level":"debug","@line":37,"@message":"✅ Operations packed: result=206072802743252","@module":"flavor::psp::format_2025::operations","@pid":7004,"@timestamp":"2026-03-31T20:27:21.528975Z"}
{"@file":"src/psp/format_2025/operations.rs","@level":"debug","@line":60,"@message":"✅ Operations unpacked: count=8 operations=[125, 197, 198, 11, 147, 112, 46, 239]","@module":"flavor::psp::format_2025::operations","@pid":7004,"@timestamp":"2026-03-31T20:27:21.528994Z"}
{"@file":"src/psp/format_2025/operations.rs","@level":"debug","@line":60,"@message":"✅ Operations unpacked: count=6 operations=[212, 147, 52, 16, 108, 187]","@module":"flavor::psp::format_2025::operations","@pid":7004,"@timestamp":"2026-03-31T20:27:21.529015Z"}
{"@file":"src/psp/format_2025/operations.rs","@level":"debug","@line":37,"@message":"✅ Operations packed: result=134","@module":"flavor::psp::format_2025::operations","@pid":7004,"@timestamp":"2026-03-31T20:27:21.529007Z"}
{"@file":"src/psp/format_2025/operations.rs","@level":"debug","@line":60,"@message":"✅ Operations unpacked: count=8 operations=[132, 7, 186, 139, 138, 195, 123, 52]","@module":"flavor::psp::format_2025::operations","@pid":7004,"@timestamp":"2026-03-31T20:27:21.529059Z"}
{"@file":"src/psp/format_2025/operations.rs","@level":"debug","@line":37,"@message":"✅ Operations packed: result=0","@module":"flavor::psp::format_2025::operations","@pid":7004,"@timestamp":"2026-03-31T20:27:21.529080Z"}
{"@file":"src/psp/format_2025/operations.rs","@level":"debug","@line":37,"@message":"✅ Operations packed: result=54200576552706675","@module":"flavor::psp::format_2025::operations","@pid":7004,"@timestamp":"2026-03-31T20:27:21.529073Z"}
{"@file":"src/psp/format_2025/operations.rs","@level":"debug","@line":37,"@message":"✅ Operations packed: result=3781831311924791172","@module":"flavor::psp::format_2025::operations","@pid":7004,"@timestamp":"2026-03-31T20:27:21.529088Z"}
{"@file":"src/psp/format_2025/operations.rs","@level":"debug","@line":60,"@message":"✅ Operations unpacked: count=7 operations=[115, 162, 11, 32, 35, 143, 192]","@module":"flavor::psp::format_2025::operations","@pid":7004,"@timestamp":"2026-03-31T20:27:21.529125Z"}
{"@file":"src/psp/format_2025/operations.rs","@level":"debug","@line":60,"@message":"✅ Operations unpacked: count=8 operations=[132, 7, 186, 139, 138, 195, 123, 52]","@module":"flavor::psp::format_2025::operations","@pid":7004,"@timestamp":"2026-03-31T20:27:21.529133Z"}
{"@file":"src/psp/format_2025/operations.rs","@level":"debug","@line":37,"@message":"✅ Operations packed: result=1886243036","@module":"flavor::psp::format_2025::operations","@pid":7004,"@timestamp":"2026-03-31T20:27:21.529144Z"}
{"@file":"src/psp/format_2025/operations.rs","@level":"debug","@line":37,"@message":"✅ Operations packed: result=3541404161","@module":"flavor::psp::format_2025::operations","@pid":7004,"@timestamp":"2026-03-31T20:27:21.529177Z"}
{"@file":"src/psp/format_2025/operations.rs","@level":"debug","@line":60,"@message":"✅ Operations unpacked: count=8 operations=[31, 13, 196, 2, 15, 169, 186, 16]","@module":"flavor::psp::format_2025::operations","@pid":7004,"@timestamp":"2026-03-31T20:27:21.529180Z"}
{"@file":"src/psp/format_2025/operations.rs","@level":"debug","@line":60,"@message":"✅ Operations unpacked: count=4 operations=[1, 138, 21, 211]","@module":"flavor::psp::format_2025::operations","@pid":7004,"@timestamp":"2026-03-31T20:27:21.529206Z"}
{"@file":"src/psp/format_2025/operations.rs","@level":"debug","@line":37,"@message":"✅ Operations packed: result=1205461732211035423","@module":"flavor::psp::format_2025::operations","@pid":7004,"@timestamp":"2026-03-31T20:27:21.529222Z"}
{"@file":"src/psp/format_2025/operations.rs","@level":"debug","@line":37,"@message":"✅ Operations packed: result=188701459567865","@module":"flavor::psp::format_2025::operations","@pid":7004,"@timestamp":"2026-03-31T20:27:21.529210Z"}
{"@file":"src/psp/format_2025/operations.rs","@level":"debug","@line":37,"@message":"✅ Operations packed: result=213","@module":"flavor::psp::format_2025::operations","@pid":7004,"@timestamp":"2026-03-31T20:27:21.529261Z"}
{"@file":"src/psp/format_2025/operations.rs","@level":"debug","@line":60,"@message":"✅ Operations unpacked: count=8 operations=[31, 13, 196, 2, 15, 169, 186, 16]","@module":"flavor::psp::format_2025::operations","@pid":7004,"@timestamp":"2026-03-31T20:27:21.529259Z"}
{"@file":"src/psp/format_2025/operations.rs","@level":"debug","@line":60,"@message":"✅ Operations unpacked: count=1 operations=[213]","@module":"flavor::psp::format_2025::operations","@pid":7004,"@timestamp":"2026-03-31T20:27:21.529287Z"}
{"@file":"src/psp/format_2025/operations.rs","@level":"debug","@line":37,"@message":"✅ Operations packed: result=1179","@module":"flavor::psp::format_2025::operations","@pid":7004,"@timestamp":"2026-03-31T20:27:21.529294Z"}
{"@file":"src/psp/format_2025/operations.rs","@level":"debug","@line":60,"@message":"✅ Operations unpacked: count=8 operations=[8, 82, 152, 231, 216, 232, 59, 41]","@module":"flavor::psp::format_2025::operations","@pid":7004,"@timestamp":"2026-03-31T20:27:21.529329Z"}
{"@file":"src/psp/format_2025/operations.rs","@level":"debug","@line":37,"@message":"✅ Operations packed: result=4232289192","@module":"flavor::psp::format_2025::operations","@pid":7004,"@timestamp":"2026-03-31T20:27:21.529340Z"}
{"@file":"src/psp/format_2025/operations.rs","@level":"debug","@line":37,"@message":"✅ Operations packed: result=3265589125","@module":"flavor::psp::format_2025::operations","@pid":7004,"@timestamp":"2026-03-31T20:27:21.529359Z"}
{"@file":"src/psp/format_2025/operations.rs","@level":"debug","@line":60,"@message":"✅ Operations unpacked: count=4 operations=[168, 155, 67, 252]","@module":"flavor::psp::format_2025::operations","@pid":7004,"@timestamp":"2026-03-31T20:27:21.529372Z"}
{"@file":"src/psp/format_2025/operations.rs","@level":"debug","@line":37,"@message":"✅ Operations packed: result=2971224397477073416","@module":"flavor::psp::format_2025::operations","@pid":7004,"@timestamp":"2026-03-31T20:27:21.529352Z"}
{"@file":"src/psp/format_2025/operations.rs","@level":"debug","@line":60,"@message":"✅ Operations unpacked: count=8 operations=[8, 82, 152, 231, 216, 232, 59, 41]","@module":"flavor::psp::format_2025::operations","@pid":7004,"@timestamp":"2026-03-31T20:27:21.529425Z"}
{"@file":"src/psp/format_2025/operations.rs","@level":"debug","@line":37,"@message":"✅ Operations packed: result=3371628","@module":"flavor::psp::format_2025::operations","@pid":7004,"@timestamp":"2026-03-31T20:27:21.529429Z"}
{"@file":"src/psp/format_2025/operations.rs","@level":"debug","@line":37,"@message":"✅ Operations packed: result=2182981555591558130","@module":"flavor::psp::format_2025::operations","@pid":7004,"@timestamp":"2026-03-31T20:27:21.529429Z"}
{"@file":"src/psp/format_2025/operations.rs","@level":"debug","@line":60,"@message":"✅ Operations unpacked: count=3 operations=[108, 114, 51]","@module":"flavor::psp::format_2025::operations","@pid":7004,"@timestamp":"2026-03-31T20:27:21.529471Z"}
{"@file":"src/psp/format_2025/operations.rs","@level":"debug","@line":60,"@message":"✅ Operations unpacked: count=8 operations=[39, 11, 47, 208, 21, 114, 84, 52]","@module":"flavor::psp::format_2025::operations","@pid":7004,"@timestamp":"2026-03-31T20:27:21.529484Z"}
{"@file":"src/psp/format_2025/operations.rs","@level":"debug","@line":37,"@message":"✅ Operations packed: result=240374435233933","@module":"flavor::psp::format_2025::operations","@pid":7004,"@timestamp":"2026-03-31T20:27:21.529506Z"}
{"@file":"src/psp/format_2025/operations.rs","@level":"debug","@line":37,"@message":"✅ Operations packed: result=3770764226028571431","@module":"flavor::psp::format_2025::operations","@pid":7004,"@timestamp":"2026-03-31T20:27:21.529515Z"}
{"@file":"src/psp/format_2025/operations.rs","@level":"debug","@line":37,"@message":"✅ Operations packed: result=277487648370","@module":"flavor::psp::format_2025::operations","@pid":7004,"@timestamp":"2026-03-31T20:27:21.529526Z"}
{"@file":"src/psp/format_2025/operations.rs","@level":"debug","@line":60,"@message":"✅ Operations unpacked: count=8 operations=[39, 11, 47, 208, 21, 114, 84, 52]","@module":"flavor::psp::format_2025::operations","@pid":7004,"@timestamp":"2026-03-31T20:27:21.529542Z"}
{"@file":"src/psp/format_2025/operations.rs","@level":"debug","@line":60,"@message":"✅ Operations unpacked: count=5 operations=[114, 126, 141, 155, 64]","@module":"flavor::psp::format_2025::operations","@pid":7004,"@timestamp":"2026-03-31T20:27:21.529553Z"}
{"@file":"src/psp/format_2025/operations.rs","@level":"debug","@line":37,"@message":"✅ Operations packed: result=16131314","@module":"flavor::psp::format_2025::operations","@pid":7004,"@timestamp":"2026-03-31T20:27:21.529560Z"}
{"@file":"src/psp/format_2025/operations.rs","@level":"debug","@line":60,"@message":"✅ Operations unpacked: count=8 operations=[214, 90, 90, 89, 253, 180, 126, 17]","@module":"flavor::psp::format_2025::operations","@pid":7004,"@timestamp":"2026-03-31T20:27:21.529598Z"}
{"@file":"src/psp/format_2025/operations.rs","@level":"debug","@line":37,"@message":"✅ Operations packed: result=275847578758527","@module":"flavor::psp::format_2025::operations","@pid":7004,"@timestamp":"2026-03-31T20:27:21.529684Z"}
{"@file":"src/psp/format_2025/operations.rs","@level":"debug","@line":37,"@message":"✅ Operations packed: result=0","@module":"flavor::psp::format_2025::operations","@pid":7004,"@timestamp":"2026-03-31T20:27:21.529696Z"}
{"@file":"src/psp/format_2025/operations.rs","@level":"debug","@line":37,"@message":"✅ Operations packed: result=1260643945929136854","@module":"flavor::psp::format_2025::operations","@pid":7004,"@timestamp":"2026-03-31T20:27:21.529687Z"}
{"@file":"src/psp/format_2025/operations.rs","@level":"debug","@line":60,"@message":"✅ Operations unpacked: count=6 operations=[127, 173, 241, 196, 225, 250]","@module":"flavor::psp::format_2025::operations","@pid":7004,"@timestamp":"2026-03-31T20:27:21.529714Z"}
{"@file":"src/psp/format_2025/operations.rs","@level":"debug","@line":60,"@message":"✅ Operations unpacked: count=8 operations=[214, 90, 90, 89, 253, 180, 126, 17]","@module":"flavor::psp::format_2025::operations","@pid":7004,"@timestamp":"2026-03-31T20:27:21.529736Z"}
{"@file":"src/psp/format_2025/operations.rs","@level":"debug","@line":37,"@message":"✅ Operations packed: result=12069029","@module":"flavor::psp::format_2025::operations","@pid":7004,"@timestamp":"2026-03-31T20:27:21.529749Z"}
{"@file":"src/psp/format_2025/operations.rs","@level":"debug","@line":37,"@message":"✅ Operations packed: result=15615857","@module":"flavor::psp::format_2025::operations","@pid":7004,"@timestamp":"2026-03-31T20:27:21.529779Z"}
{"@file":"src/psp/format_2025/operations.rs","@level":"debug","@line":60,"@message":"✅ Operations unpacked: count=3 operations=[113, 71, 238]","@module":"flavor::psp::format_2025::operations","@pid":7004,"@timestamp":"2026-03-31T20:27:21.529801Z"}
{"@file":"src/psp/format_2025/operations.rs","@level":"debug","@line":37,"@message":"✅ Operations packed: result=233293115201","@module":"flavor::psp::format_2025::operations","@pid":7004,"@timestamp":"2026-03-31T20:27:21.529810Z"}
{"@file":"src/psp/format_2025/operations.rs","@level":"debug","@line":60,"@message":"✅ Operations unpacked: count=8 operations=[145, 236, 107, 93, 165, 126, 122, 28]","@module":"flavor::psp::format_2025::operations","@pid":7004,"@timestamp":"2026-03-31T20:27:21.529802Z"}
{"@file":"src/psp/format_2025/operations.rs","@level":"debug","@line":37,"@message":"✅ Operations packed: result=8806520097605080111","@module":"flavor::psp::format_2025::operations","@pid":7004,"@timestamp":"2026-03-31T20:27:21.529856Z"}
{"@file":"src/psp/format_2025/operations.rs","@level":"debug","@line":37,"@message":"✅ Operations packed: result=2052091828922739857","@module":"flavor::psp::format_2025::operations","@pid":7004,"@timestamp":"2026-03-31T20:27:21.529880Z"}
{"@file":"src/psp/format_2025/operations.rs","@level":"debug","@line":37,"@message":"✅ Operations packed: result=3843751185","@module":"flavor::psp::format_2025::operations","@pid":7004,"@timestamp":"2026-03-31T20:27:21.529894Z"}
{"@file":"src/psp/format_2025/operations.rs","@level":"debug","@line":60,"@message":"✅ Operations unpacked: count=8 operations=[47, 212, 22, 173, 94, 11, 55, 122]","@module":"flavor::psp::format_2025::operations","@pid":7004,"@timestamp":"2026-03-31T20:27:21.529886Z"}
{"@file":"src/psp/format_2025/operations.rs","@level":"debug","@line":60,"@message":"✅ Operations unpacked: count=8 operations=[145, 236, 107, 93, 165, 126, 122, 28]","@module":"flavor::psp::format_2025::operations","@pid":7004,"@timestamp":"2026-03-31T20:27:21.529906Z"}
{"@file":"src/psp/format_2025/operations.rs","@level":"debug","@line":37,"@message":"✅ Operations packed: result=16337285","@module":"flavor::psp::format_2025::operations","@pid":7004,"@timestamp":"2026-03-31T20:27:21.529947Z"}
{"@file":"src/psp/format_2025/operations.rs","@level":"debug","@line":37,"@message":"✅ Operations packed: result=0","@module":"flavor::psp::format_2025::operations","@pid":7004,"@timestamp":"2026-03-31T20:27:21.529970Z"}
{"@file":"src/psp/format_2025/operations.rs","@level":"debug","@line":60,"@message":"✅ Operations unpacked: count=8 operations=[139, 88, 175, 55, 212, 91, 232, 162]","@module":"flavor::psp::format_2025::operations","@pid":7004,"@timestamp":"2026-03-31T20:27:21.529977Z"}
{"@file":"src/psp/format_2025/operations.rs","@level":"debug","@line":37,"@message":"✅ Operations packed: result=1018","@module":"flavor::psp::format_2025::operations","@pid":7004,"@timestamp":"2026-03-31T20:27:21.529993Z"}
{"@file":"src/psp/format_2025/operations.rs","@level":"debug","@line":60,"@message":"✅ Operations unpacked: count=0 operations=[]","@module":"flavor::psp::format_2025::operations","@pid":7004,"@timestamp":"2026-03-31T20:27:21.530001Z"}
{"@file":"src/psp/format_2025/operations.rs","@level":"debug","@line":37,"@message":"✅ Operations packed: result=11738733395766630539","@module":"flavor::psp::format_2025::operations","@pid":7004,"@timestamp":"2026-03-31T20:27:21.530009Z"}
{"@file":"src/psp/format_2025/operations.rs","@level":"debug","@line":60,"@message":"✅ Operations unpacked: count=8 operations=[139, 88, 175, 55, 212, 91, 232, 162]","@module":"flavor::psp::format_2025::operations","@pid":7004,"@timestamp":"2026-03-31T20:27:21.530035Z"}
{"@file":"src/psp/format_2025/operations.rs","@level":"debug","@line":37,"@message":"✅ Operations packed: result=117","@module":"flavor::psp::format_2025::operations","@pid":7004,"@timestamp":"2026-03-31T20:27:21.530045Z"}
{"@file":"src/psp/format_2025/operations.rs","@level":"debug","@line":37,"@message":"✅ Operations packed: result=642511752345","@module":"flavor::psp::format_2025::operations","@pid":7004,"@timestamp":"2026-03-31T20:27:21.530067Z"}
{"@file":"src/psp/format_2025/operations.rs","@level":"debug","@line":60,"@message":"✅ Operations unpacked: count=5 operations=[153, 76, 175, 152, 149]","@module":"flavor::psp::format_2025::operations","@pid":7004,"@timestamp":"2026-03-31T20:27:21.530089Z"}
{"@file":"src/psp/format_2025/operations.rs","@level":"debug","@line":37,"@message":"✅ Operations packed: result=698860220640","@module":"flavor::psp::format_2025::operations","@pid":7004,"@timestamp":"2026-03-31T20:27:21.530101Z"}
{"@file":"src/psp/format_2025/operations.rs","@level":"debug","@line":60,"@message":"✅ Operations unpacked: count=8 operations=[156, 66, 135, 51, 140, 154, 19, 150]","@module":"flavor::psp::format_2025::operations","@pid":7004,"@timestamp":"2026-03-31T20:27:21.530092Z"}
{"@file":"src/psp/format_2025/operations.rs","@level":"debug","@line":37,"@message":"✅ Operations packed: result=69024541412773","@module":"flavor::psp::format_2025::operations","@pid":7004,"@timestamp":"2026-03-31T20:27:21.530138Z"}
{"@file":"src/psp/format_2025/operations.rs","@level":"debug","@line":37,"@message":"✅ Operations packed: result=10814157057197294236","@module":"flavor::psp::format_2025::operations","@pid":7004,"@timestamp":"2026-03-31T20:27:21.530129Z"}
{"@file":"src/psp/format_2025/operations.rs","@level":"debug","@line":60,"@message":"✅ Operations unpacked: count=6 operations=[165, 141, 69, 7, 199, 62]","@module":"flavor::psp::format_2025::operations","@pid":7004,"@timestamp":"2026-03-31T20:27:21.530162Z"}
{"@file":"src/psp/format_2025/operations.rs","@level":"debug","@line":37,"@message":"✅ Operations packed: result=2408948277690721862","@module":"flavor::psp::format_2025::operations","@pid":7004,"@timestamp":"2026-03-31T20:27:21.530152Z"}
{"@file":"src/psp/format_2025/operations.rs","@level":"debug","@line":60,"@message":"✅ Operations unpacked: count=8 operations=[156, 66, 135, 51, 140, 154, 19, 150]","@module":"flavor::psp::format_2025::operations","@pid":7004,"@timestamp":"2026-03-31T20:27:21.530179Z"}
{"@file":"src/psp/format_2025/operations.rs","@level":"debug","@line":37,"@message":"✅ Operations packed: result=71293111728204153","@module":"flavor::psp::format_2025::operations","@pid":7004,"@timestamp":"2026-03-31T20:27:21.530216Z"}
{"@file":"src/psp/format_2025/operations.rs","@level":"debug","@line":37,"@message":"✅ Operations packed: result=7250536632463405984","@module":"flavor::psp::format_2025::operations","@pid":7004,"@timestamp":"2026-03-31T20:27:21.530222Z"}
{"@file":"src/psp/format_2025/operations.rs","@level":"debug","@line":60,"@message":"✅ Operations unpacked: count=7 operations=[121, 233, 125, 23, 181, 72, 253]","@module":"flavor::psp::format_2025::operations","@pid":7004,"@timestamp":"2026-03-31T20:27:21.530243Z"}
{"@file":"src/psp/format_2025/operations.rs","@level":"debug","@line":60,"@message":"✅ Operations unpacked: count=8 operations=[98, 70, 180, 240, 188, 171, 229, 35]","@module":"flavor::psp::format_2025::operations","@pid":7004,"@timestamp":"2026-03-31T20:27:21.530243Z"}
{"@file":"src/psp/format_2025/operations.rs","@level":"debug","@line":37,"@message":"✅ Operations packed: result=121","@module":"flavor::psp::format_2025::operations","@pid":7004,"@timestamp":"2026-03-31T20:27:21.530279Z"}
{"@file":"src/psp/format_2025/operations.rs","@level":"debug","@line":37,"@message":"✅ Operations packed: result=2586662388974765666","@module":"flavor::psp::format_2025::operations","@pid":7004,"@timestamp":"2026-03-31T20:27:21.530280Z"}
{"@file":"src/psp/format_2025/operations.rs","@level":"debug","@line":37,"@message":"✅ Operations packed: result=54697","@module":"flavor::psp::format_2025::operations","@pid":7004,"@timestamp":"2026-03-31T20:27:21.530299Z"}
{"@file":"src/psp/format_2025/operations.rs","@level":"debug","@line":60,"@message":"✅ Operations unpacked: count=8 operations=[98, 70, 180, 240, 188, 171, 229, 35]","@module":"flavor::psp::format_2025::operations","@pid":7004,"@timestamp":"2026-03-31T20:27:21.530310Z"}
{"@file":"src/psp/format_2025/operations.rs","@level":"debug","@line":60,"@message":"✅ Operations unpacked: count=2 operations=[169, 213]","@module":"flavor::psp::format_2025::operations","@pid":7004,"@timestamp":"2026-03-31T20:27:21.530319Z"}
{"@file":"src/psp/format_2025/operations.rs","@level":"debug","@line":37,"@message":"✅ Operations packed: result=370964398073","@module":"flavor::psp::format_2025::operations","@pid":7004,"@timestamp":"2026-03-31T20:27:21.530330Z"}
{"@file":"src/psp/format_2025/operations.rs","@level":"debug","@line":60,"@message":"✅ Operations unpacked: count=8 operations=[61, 88, 132, 123, 162, 252, 231, 210]","@module":"flavor::psp::format_2025::operations","@pid":7004,"@timestamp":"2026-03-31T20:27:21.530359Z"}
{"@file":"src/psp/format_2025/operations.rs","@level":"debug","@line":37,"@message":"✅ Operations packed: result=63957815821902427","@module":"flavor::psp::format_2025::operations","@pid":7004,"@timestamp":"2026-03-31T20:27:21.530367Z"}
{"@file":"src/psp/format_2025/operations.rs","@level":"debug","@line":37,"@message":"✅ Operations packed: result=64414559625879806","@module":"flavor::psp::format_2025::operations","@pid":7004,"@timestamp":"2026-03-31T20:27:21.530378Z"}
{"@file":"src/psp/format_2025/operations.rs","@level":"debug","@line":60,"@message":"✅ Operations unpacked: count=7 operations=[91, 162, 172, 108, 75, 57, 227]","@module":"flavor::psp::format_2025::operations","@pid":7004,"@timestamp":"2026-03-31T20:27:21.530388Z"}
{"@file":"src/psp/format_2025/operations.rs","@level":"debug","@line":37,"@message":"✅ Operations packed: result=15197393242372200509","@module":"flavor::psp::format_2025::operations","@pid":7004,"@timestamp":"2026-03-31T20:27:21.530379Z"}
{"@file":"src/psp/format_2025/operations.rs","@level":"debug","@line":60,"@message":"✅ Operations unpacked: count=8 operations=[61, 88, 132, 123, 162, 252, 231, 210]","@module":"flavor::psp::format_2025::operations","@pid":7004,"@timestamp":"2026-03-31T20:27:21.530424Z"}
{"@file":"src/psp/format_2025/operations.rs","@level":"debug","@line":37,"@message":"✅ Operations packed: result=218","@module":"flavor::psp::format_2025::operations","@pid":7004,"@timestamp":"2026-03-31T20:27:21.530429Z"}
{"@file":"src/psp/format_2025/operations.rs","@level":"debug","@line":37,"@message":"✅ Operations packed: result=57774353565612166","@module":"flavor::psp::format_2025::operations","@pid":7004,"@timestamp":"2026-03-31T20:27:21.530441Z"}
{"@file":"src/psp/format_2025/operations.rs","@level":"debug","@line":60,"@message":"✅ Operations unpacked: count=7 operations=[134, 248, 103, 237, 119, 65, 205]","@module":"flavor::psp::format_2025::operations","@pid":7004,"@timestamp":"2026-03-31T20:27:21.530472Z"}
{"@file":"src/psp/format_2025/operations.rs","@level":"debug","@line":60,"@message":"✅ Operations unpacked: count=8 operations=[163, 113, 167, 159, 238, 32, 239, 127]","@module":"flavor::psp::format_2025::operations","@pid":7004,"@timestamp":"2026-03-31T20:27:21.530475Z"}
{"@file":"src/psp/format_2025/operations.rs","@level":"debug","@line":37,"@message":"✅ Operations packed: result=2712542220","@module":"flavor::psp::format_2025::operations","@pid":7004,"@timestamp":"2026-03-31T20:27:21.530492Z"}
{"@file":"src/psp/format_2025/operations.rs","@level":"debug","@line":37,"@message":"✅ Operations packed: result=9218623171503550883","@module":"flavor::psp::format_2025::operations","@pid":7004,"@timestamp":"2026-03-31T20:27:21.530503Z"}
{"@file":"src/psp/format_2025/operations.rs","@level":"debug","@line":37,"@message":"✅ Operations packed: result=560184852","@module":"flavor::psp::format_2025::operations","@pid":7004,"@timestamp":"2026-03-31T20:27:21.530521Z"}
{"@file":"src/psp/format_2025/operations.rs","@level":"debug","@line":60,"@message":"✅ Operations unpacked: count=8 operations=[163, 113, 167, 159, 238, 32, 239, 127]","@module":"flavor::psp::format_2025::operations","@pid":7004,"@timestamp":"2026-03-31T20:27:21.530528Z"}
{"@file":"src/psp/format_2025/operations.rs","@level":"debug","@line":60,"@message":"✅ Operations unpacked: count=4 operations=[20, 190, 99, 33]","@module":"flavor::psp::format_2025::operations","@pid":7004,"@timestamp":"2026-03-31T20:27:21.530542Z"}
{"@file":"src/psp/format_2025/operations.rs","@level":"debug","@line":37,"@message":"✅ Operations packed: result=2263198029456410012","@module":"flavor::psp::format_2025::operations","@pid":7004,"@timestamp":"2026-03-31T20:27:21.530550Z"}
{"@file":"src/psp/format_2025/operations.rs","@level":"debug","@line":60,"@message":"✅ Operations unpacked: count=8 operations=[170, 145, 92, 234, 192, 22, 145, 2]","@module":"flavor::psp::format_2025::operations","@pid":7004,"@timestamp":"2026-03-31T20:27:21.530576Z"}
{"@file":"src/psp/format_2025/operations.rs","@level":"debug","@line":37,"@message":"✅ Operations packed: result=828773875894","@module":"flavor::psp::format_2025::operations","@pid":7004,"@timestamp":"2026-03-31T20:27:21.530590Z"}
{"@file":"src/psp/format_2025/operations.rs","@level":"debug","@line":37,"@message":"✅ Operations packed: result=184954077520368042","@module":"flavor::psp::format_2025::operations","@pid":7004,"@timestamp":"2026-03-31T20:27:21.530600Z"}
{"@file":"src/psp/format_2025/operations.rs","@level":"debug","@line":60,"@message":"✅ Operations unpacked: count=5 operations=[182, 192, 197, 246, 192]","@module":"flavor::psp::format_2025::operations","@pid":7004,"@timestamp":"2026-03-31T20:27:21.530611Z"}
{"@file":"src/psp/format_2025/operations.rs","@level":"debug","@line":37,"@message":"✅ Operations packed: result=2739637765","@module":"flavor::psp::format_2025::operations","@pid":7004,"@timestamp":"2026-03-31T20:27:21.530611Z"}
{"@file":"src/psp/format_2025/operations.rs","@level":"debug","@line":60,"@message":"✅ Operations unpacked: count=8 operations=[170, 145, 92, 234, 192, 22, 145, 2]","@module":"flavor::psp::format_2025::operations","@pid":7004,"@timestamp":"2026-03-31T20:27:21.530619Z"}
{"@file":"src/psp/format_2025/operations.rs","@level":"debug","@line":37,"@message":"✅ Operations packed: result=1581285929","@module":"flavor::psp::format_2025::operations","@pid":7004,"@timestamp":"2026-03-31T20:27:21.530659Z"}
{"@file":"src/psp/format_2025/operations.rs","@level":"debug","@line":37,"@message":"✅ Operations packed: result=213214906826","@module":"flavor::psp::format_2025::operations","@pid":7004,"@timestamp":"2026-03-31T20:27:21.530673Z"}
{"@file":"src/psp/format_2025/operations.rs","@level":"debug","@line":60,"@message":"✅ Operations unpacked: count=8 operations=[65, 246, 224, 212, 245, 94, 245, 15]","@module":"flavor::psp::format_2025::operations","@pid":7004,"@timestamp":"2026-03-31T20:27:21.530679Z"}
{"@file":"src/psp/format_2025/operations.rs","@level":"debug","@line":60,"@message":"✅ Operations unpacked: count=4 operations=[41, 130, 64, 94]","@module":"flavor::psp::format_2025::operations","@pid":7004,"@timestamp":"2026-03-31T20:27:21.530678Z"}
{"@file":"src/psp/format_2025/operations.rs","@level":"debug","@line":37,"@message":"✅ Operations packed: result=1149929689794541121","@module":"flavor::psp::format_2025::operations","@pid":7004,"@timestamp":"2026-03-31T20:27:21.530702Z"}
{"@file":"src/psp/format_2025/operations.rs","@level":"debug","@line":60,"@message":"✅ Operations unpacked: count=8 operations=[65, 246, 224, 212, 245, 94, 245, 15]","@module":"flavor::psp::format_2025::operations","@pid":7004,"@timestamp":"2026-03-31T20:27:21.530721Z"}
{"@file":"src/psp/format_2025/operations.rs","@level":"debug","@line":37,"@message":"✅ Operations packed: result=150755150251","@module":"flavor::psp::format_2025::operations","@pid":7004,"@timestamp":"2026-03-31T20:27:21.530725Z"}
{"@file":"src/psp/format_2025/operations.rs","@level":"debug","@line":37,"@message":"✅ Operations packed: result=27253","@module":"flavor::psp::format_2025::operations","@pid":7004,"@timestamp":"2026-03-31T20:27:21.530737Z"}
{"@file":"src/psp/format_2025/operations.rs","@level":"debug","@line":60,"@message":"✅ Operations unpacked: count=8 operations=[158, 130, 78, 2, 21, 189, 29, 63]","@module":"flavor::psp::format_2025::operations","@pid":7004,"@timestamp":"2026-03-31T20:27:21.530769Z"}
{"@file":"src/psp/format_2025/operations.rs","@level":"debug","@line":60,"@message":"✅ Operations unpacked: count=2 operations=[117, 106]","@module":"flavor::psp::format_2025::operations","@pid":7004,"@timestamp":"2026-03-31T20:27:21.530775Z"}
{"@file":"src/psp/format_2025/operations.rs","@level":"debug","@line":37,"@message":"✅ Operations packed: result=4547999096644731550","@module":"flavor::psp::format_2025::operations","@pid":7004,"@timestamp":"2026-03-31T20:27:21.530798Z"}
{"@file":"src/psp/format_2025/operations.rs","@level":"debug","@line":37,"@message":"✅ Operations packed: result=344834176","@module":"flavor::psp::format_2025::operations","@pid":7004,"@timestamp":"2026-03-31T20:27:21.530785Z"}
{"@file":"src/psp/format_2025/operations.rs","@level":"debug","@line":60,"@message":"✅ Operations unpacked: count=8 operations=[158, 130, 78, 2, 21, 189, 29, 63]","@module":"flavor::psp::format_2025::operations","@pid":7004,"@timestamp":"2026-03-31T20:27:21.530823Z"}
{"@file":"src/psp/format_2025/operations.rs","@level":"debug","@line":37,"@message":"✅ Operations packed: result=71755394369637779","@module":"flavor::psp::format_2025::operations","@pid":7004,"@timestamp":"2026-03-31T20:27:21.530845Z"}
{"@file":"src/psp/format_2025/operations.rs","@level":"debug","@line":37,"@message":"✅ Operations packed: result=29614573117162011","@module":"flavor::psp::format_2025::operations","@pid":7004,"@timestamp":"2026-03-31T20:27:21.530857Z"}
{"@file":"src/psp/format_2025/operations.rs","@level":"debug","@line":60,"@message":"✅ Operations unpacked: count=8 operations=[49, 190, 250, 189, 160, 161, 2, 161]","@module":"flavor::psp::format_2025::operations","@pid":7004,"@timestamp":"2026-03-31T20:27:21.530870Z"}
{"@file":"src/psp/format_2025/operations.rs","@level":"debug","@line":60,"@message":"✅ Operations unpacked: count=7 operations=[147, 205, 30, 168, 38, 237, 254]","@module":"flavor::psp::format_2025::operations","@pid":7004,"@timestamp":"2026-03-31T20:27:21.530872Z"}
{"@file":"src/psp/format_2025/operations.rs","@level":"debug","@line":37,"@message":"✅ Operations packed: result=11602013301813984817","@module":"flavor::psp::format_2025::operations","@pid":7004,"@timestamp":"2026-03-31T20:27:21.530898Z"}
{"@file":"src/psp/format_2025/operations.rs","@level":"debug","@line":37,"@message":"✅ Operations packed: result=235","@module":"flavor::psp::format_2025::operations","@pid":7004,"@timestamp":"2026-03-31T20:27:21.530914Z"}
{"@file":"src/psp/format_2025/operations.rs","@level":"debug","@line":60,"@message":"✅ Operations unpacked: count=8 operations=[49, 190, 250, 189, 160, 161, 2, 161]","@module":"flavor::psp::format_2025::operations","@pid":7004,"@timestamp":"2026-03-31T20:27:21.530918Z"}
{"@file":"src/psp/format_2025/operations.rs","@level":"debug","@line":37,"@message":"✅ Operations packed: result=718117087289","@module":"flavor::psp::format_2025::operations","@pid":7004,"@timestamp":"2026-03-31T20:27:21.530943Z"}
{"@file":"src/psp/format_2025/operations.rs","@level":"debug","@line":60,"@message":"✅ Operations unpacked: count=5 operations=[57, 40, 29, 51, 167]","@module":"flavor::psp::format_2025::operations","@pid":7004,"@timestamp":"2026-03-31T20:27:21.530962Z"}
{"@file":"src/psp/format_2025/operations.rs","@level":"debug","@line":60,"@message":"✅ Operations unpacked: count=8 operations=[244, 15, 112, 203, 252, 246, 201, 63]","@module":"flavor::psp::format_2025::operations","@pid":7004,"@timestamp":"2026-03-31T20:27:21.530971Z"}
{"@file":"src/psp/format_2025/operations.rs","@level":"debug","@line":37,"@message":"✅ Operations packed: result=1030359954109","@module":"flavor::psp::format_2025::operations","@pid":7004,"@timestamp":"2026-03-31T20:27:21.530964Z"}
{"@file":"src/psp/format_2025/operations.rs","@level":"debug","@line":37,"@message":"✅ Operations packed: result=4596476460313612276","@module":"flavor::psp::format_2025::operations","@pid":7004,"@timestamp":"2026-03-31T20:27:21.530996Z"}
{"@file":"src/psp/format_2025/operations.rs","@level":"debug","@line":37,"@message":"✅ Operations packed: result=71319290578438361","@module":"flavor::psp::format_2025::operations","@pid":7004,"@timestamp":"2026-03-31T20:27:21.531013Z"}
{"@file":"src/psp/format_2025/operations.rs","@level":"debug","@line":60,"@message":"✅ Operations unpacked: count=7 operations=[217, 136, 143, 84, 132, 96, 253]","@module":"flavor::psp::format_2025::operations","@pid":7004,"@timestamp":"2026-03-31T20:27:21.531037Z"}
{"@file":"src/psp/format_2025/operations.rs","@level":"debug","@line":37,"@message":"✅ Operations packed: result=11092901716666909340","@module":"flavor::psp::format_2025::operations","@pid":7004,"@timestamp":"2026-03-31T20:27:21.531043Z"}
{"@file":"src/psp/format_2025/operations.rs","@level":"debug","@line":60,"@message":"✅ Operations unpacked: count=8 operations=[244, 15, 112, 203, 252, 246, 201, 63]","@module":"flavor::psp::format_2025::operations","@pid":7004,"@timestamp":"2026-03-31T20:27:21.531019Z"}
{"@file":"src/psp/format_2025/operations.rs","@level":"debug","@line":37,"@message":"✅ Operations packed: result=0","@module":"flavor::psp::format_2025::operations","@pid":7004,"@timestamp":"2026-03-31T20:27:21.531086Z"}
{"@file":"src/psp/format_2025/operations.rs","@level":"debug","@line":37,"@message":"✅ Operations packed: result=51757806308278","@module":"flavor::psp::format_2025::operations","@pid":7004,"@timestamp":"2026-03-31T20:27:21.531102Z"}
{"@file":"src/psp/format_2025/operations.rs","@level":"debug","@line":60,"@message":"✅ Operations unpacked: count=0 operations=[]","@module":"flavor::psp::format_2025::operations","@pid":7004,"@timestamp":"2026-03-31T20:27:21.531113Z"}
{"@file":"src/psp/format_2025/operations.rs","@level":"debug","@line":60,"@message":"✅ Operations unpacked: count=8 operations=[185, 18, 239, 57, 23, 7, 100, 33]","@module":"flavor::psp::format_2025::operations","@pid":7004,"@timestamp":"2026-03-31T20:27:21.531117Z"}
{"@file":"src/psp/format_2025/operations.rs","@level":"debug","@line":37,"@message":"✅ Operations packed: result=2406055897260298937","@module":"flavor::psp::format_2025::operations","@pid":7004,"@timestamp":"2026-03-31T20:27:21.531155Z"}
{"@file":"src/psp/format_2025/operations.rs","@level":"debug","@line":37,"@message":"✅ Operations packed: result=484762140913","@module":"flavor::psp::format_2025::operations","@pid":7004,"@timestamp":"2026-03-31T20:27:21.531168Z"}
{"@file":"src/psp/format_2025/operations.rs","@level":"debug","@line":60,"@message":"✅ Operations unpacked: count=8 operations=[185, 18, 239, 57, 23, 7, 100, 33]","@module":"flavor::psp::format_2025::operations","@pid":7004,"@timestamp":"2026-03-31T20:27:21.531178Z"}
{"@file":"src/psp/format_2025/operations.rs","@level":"debug","@line":37,"@message":"✅ Operations packed: result=14387333","@module":"flavor::psp::format_2025::operations","@pid":7004,"@timestamp":"2026-03-31T20:27:21.531167Z"}
{"@file":"src/psp/format_2025/operations.rs","@level":"debug","@line":60,"@message":"✅ Operations unpacked: count=5 operations=[241, 64, 19, 222, 112]","@module":"flavor::psp::format_2025::operations","@pid":7004,"@timestamp":"2026-03-31T20:27:21.531197Z"}
{"@file":"src/psp/format_2025/operations.rs","@level":"debug","@line":60,"@message":"✅ Operations unpacked: count=8 operations=[234, 72, 174, 196, 253, 111, 221, 223]","@module":"flavor::psp::format_2025::operations","@pid":7004,"@timestamp":"2026-03-31T20:27:21.531237Z"}
{"@file":"src/psp/format_2025/operations.rs","@level":"debug","@line":37,"@message":"✅ Operations packed: result=16601086429470621681","@module":"flavor::psp::format_2025::operations","@pid":7004,"@timestamp":"2026-03-31T20:27:21.531251Z"}
{"@file":"src/psp/format_2025/operations.rs","@level":"debug","@line":37,"@message":"✅ Operations packed: result=16131172576028149994","@module":"flavor::psp::format_2025::operations","@pid":7004,"@timestamp":"2026-03-31T20:27:21.531265Z"}
{"@file":"src/psp/format_2025/operations.rs","@level":"debug","@line":37,"@message":"✅ Operations packed: result=2391905800","@module":"flavor::psp::format_2025::operations","@pid":7004,"@timestamp":"2026-03-31T20:27:21.531257Z"}
{"@file":"src/psp/format_2025/operations.rs","@level":"debug","@line":60,"@message":"✅ Operations unpacked: count=8 operations=[234, 72, 174, 196, 253, 111, 221, 223]","@module":"flavor::psp::format_2025::operations","@pid":7004,"@timestamp":"2026-03-31T20:27:21.531293Z"}
{"@file":"src/psp/format_2025/operations.rs","@level":"debug","@line":60,"@message":"✅ Operations unpacked: count=4 operations=[8, 150, 145, 142]","@module":"flavor::psp::format_2025::operations","@pid":7004,"@timestamp":"2026-03-31T20:27:21.531300Z"}
{"@file":"src/psp/format_2025/operations.rs","@level":"debug","@line":37,"@message":"✅ Operations packed: result=259513392975823","@module":"flavor::psp::format_2025::operations","@pid":7004,"@timestamp":"2026-03-31T20:27:21.531310Z"}
{"@file":"src/psp/format_2025/operations.rs","@level":"debug","@line":60,"@message":"✅ Operations unpacked: count=8 operations=[210, 171, 194, 174, 125, 155, 17, 215]","@module":"flavor::psp::format_2025::operations","@pid":7004,"@timestamp":"2026-03-31T20:27:21.531340Z"}
{"@file":"src/psp/format_2025/operations.rs","@level":"debug","@line":37,"@message":"✅ Operations packed: result=115","@module":"flavor::psp::format_2025::operations","@pid":7004,"@timestamp":"2026-03-31T20:27:21.531350Z"}
{"@file":"src/psp/format_2025/operations.rs","@level":"debug","@line":37,"@message":"✅ Operations packed: result=1450316831","@module":"flavor::psp::format_2025::operations","@pid":7004,"@timestamp":"2026-03-31T20:27:21.531364Z"}
{"@file":"src/psp/format_2025/operations.rs","@level":"debug","@line":37,"@message":"✅ Operations packed: result=15497338756863798226","@module":"flavor::psp::format_2025::operations","@pid":7004,"@timestamp":"2026-03-31T20:27:21.531367Z"}
{"@file":"src/psp/format_2025/operations.rs","@level":"debug","@line":60,"@message":"✅ Operations unpacked: count=1 operations=[115]","@module":"flavor::psp::format_2025::operations","@pid":7004,"@timestamp":"2026-03-31T20:27:21.531373Z"}
{"@file":"src/psp/format_2025/operations.rs","@level":"debug","@line":60,"@message":"✅ Operations unpacked: count=8 operations=[210, 171, 194, 174, 125, 155, 17, 215]","@module":"flavor::psp::format_2025::operations","@pid":7004,"@timestamp":"2026-03-31T20:27:21.531409Z"}
{"@file":"src/psp/format_2025/operations.rs","@level":"debug","@line":37,"@message":"✅ Operations packed: result=79117238499","@module":"flavor::psp::format_2025::operations","@pid":7004,"@timestamp":"2026-03-31T20:27:21.531425Z"}
{"@file":"src/psp/format_2025/operations.rs","@level":"debug","@line":37,"@message":"✅ Operations packed: result=2850061","@module":"flavor::psp::format_2025::operations","@pid":7004,"@timestamp":"2026-03-31T20:27:21.531444Z"}
{"@file":"src/psp/format_2025/operations.rs","@level":"debug","@line":60,"@message":"✅ Operations unpacked: count=8 operations=[103, 92, 85, 222, 124, 39, 74, 113]","@module":"flavor::psp::format_2025::operations","@pid":7004,"@timestamp":"2026-03-31T20:27:21.531456Z"}
{"@file":"src/psp/format_2025/operations.rs","@level":"debug","@line":60,"@message":"✅ Operations unpacked: count=3 operations=[13, 125, 43]","@module":"flavor::psp::format_2025::operations","@pid":7004,"@timestamp":"2026-03-31T20:27:21.531470Z"}
{"@file":"src/psp/format_2025/operations.rs","@level":"debug","@line":37,"@message":"✅ Operations packed: result=8163380691822009447","@module":"flavor::psp::format_2025::operations","@pid":7004,"@timestamp":"2026-03-31T20:27:21.531477Z"}
{"@file":"src/psp/format_2025/operations.rs","@level":"debug","@line":37,"@message":"✅ Operations packed: result=4723092","@module":"flavor::psp::format_2025::operations","@pid":7004,"@timestamp":"2026-03-31T20:27:21.531480Z"}
{"@file":"src/psp/format_2025/operations.rs","@level":"debug","@line":60,"@message":"✅ Operations unpacked: count=8 operations=[103, 92, 85, 222, 124, 39, 74, 113]","@module":"flavor::psp::format_2025::operations","@pid":7004,"@timestamp":"2026-03-31T20:27:21.531498Z"}
{"@file":"src/psp/format_2025/operations.rs","@level":"debug","@line":37,"@message":"✅ Operations packed: result=0","@module":"flavor::psp::format_2025::operations","@pid":7004,"@timestamp":"2026-03-31T20:27:21.531517Z"}
{"@file":"src/psp/format_2025/operations.rs","@level":"debug","@line":60,"@message":"✅ Operations unpacked: count=0 operations=[]","@module":"flavor::psp::format_2025::operations","@pid":7004,"@timestamp":"2026-03-31T20:27:21.531535Z"}
{"@file":"src/psp/format_2025/operations.rs","@level":"debug","@line":37,"@message":"✅ Operations packed: result=63938","@module":"flavor::psp::format_2025::operations","@pid":7004,"@timestamp":"2026-03-31T20:27:21.531537Z"}
{"@file":"src/psp/format_2025/operations.rs","@level":"debug","@line":60,"@message":"✅ Operations unpacked: count=8 operations=[203, 206, 120, 127, 160, 128, 106, 164]","@module":"flavor::psp::format_2025::operations","@pid":7004,"@timestamp":"2026-03-31T20:27:21.531550Z"}
{"@file":"src/psp/format_2025/operations.rs","@level":"debug","@line":37,"@message":"✅ Operations packed: result=11847423196573257419","@module":"flavor::psp::format_2025::operations","@pid":7004,"@timestamp":"2026-03-31T20:27:21.531576Z"}
{"@file":"src/psp/format_2025/operations.rs","@level":"debug","@line":37,"@message":"✅ Operations packed: result=4055897649","@module":"flavor::psp::format_2025::operations","@pid":7004,"@timestamp":"2026-03-31T20:27:21.531583Z"}
{"@file":"src/psp/format_2025/operations.rs","@level":"debug","@line":60,"@message":"✅ Operations unpacked: count=8 operations=[203, 206, 120, 127, 160, 128, 106, 164]","@module":"flavor::psp::format_2025::operations","@pid":7004,"@timestamp":"2026-03-31T20:27:21.531594Z"}
{"@file":"src/psp/format_2025/operations.rs","@level":"debug","@line":60,"@message":"✅ Operations unpacked: count=4 operations=[49, 22, 192, 241]","@module":"flavor::psp::format_2025::operations","@pid":7004,"@timestamp":"2026-03-31T20:27:21.531605Z"}
{"@file":"src/psp/format_2025/operations.rs","@level":"debug","@line":37,"@message":"✅ Operations packed: result=23936962490489317","@module":"flavor::psp::format_2025::operations","@pid":7004,"@timestamp":"2026-03-31T20:27:21.531596Z"}
{"@file":"src/psp/format_2025/operations.rs","@level":"debug","@line":60,"@message":"✅ Operations unpacked: count=8 operations=[74, 114, 237, 156, 91, 96, 162, 173]","@module":"flavor::psp::format_2025::operations","@pid":7004,"@timestamp":"2026-03-31T20:27:21.531647Z"}
{"@file":"src/psp/format_2025/operations.rs","@level":"debug","@line":37,"@message":"✅ Operations packed: result=192332600881021","@module":"flavor::psp::format_2025::operations","@pid":7004,"@timestamp":"2026-03-31T20:27:21.531655Z"}
{"@file":"src/psp/format_2025/operations.rs","@level":"debug","@line":37,"@message":"✅ Operations packed: result=0","@module":"flavor::psp::format_2025::operations","@pid":7004,"@timestamp":"2026-03-31T20:27:21.531661Z"}
{"@file":"src/psp/format_2025/operations.rs","@level":"debug","@line":37,"@message":"✅ Operations packed: result=12511668661379756618","@module":"flavor::psp::format_2025::operations","@pid":7004,"@timestamp":"2026-03-31T20:27:21.531667Z"}
{"@file":"src/psp/format_2025/operations.rs","@level":"debug","@line":60,"@message":"✅ Operations unpacked: count=6 operations=[125, 175, 90, 236, 236, 174]","@module":"flavor::psp::format_2025::operations","@pid":7004,"@timestamp":"2026-03-31T20:27:21.531678Z"}
{"@file":"src/psp/format_2025/operations.rs","@level":"debug","@line":60,"@message":"✅ Operations unpacked: count=8 operations=[74, 114, 237, 156, 91, 96, 162, 173]","@module":"flavor::psp::format_2025::operations","@pid":7004,"@timestamp":"2026-03-31T20:27:21.531696Z"}
{"@file":"src/psp/format_2025/operations.rs","@level":"debug","@line":37,"@message":"✅ Operations packed: result=6688481632748263","@module":"flavor::psp::format_2025::operations","@pid":7004,"@timestamp":"2026-03-31T20:27:21.531719Z"}
{"@file":"src/psp/format_2025/operations.rs","@level":"debug","@line":37,"@message":"✅ Operations packed: result=12896983398184346021","@module":"flavor::psp::format_2025::operations","@pid":7004,"@timestamp":"2026-03-31T20:27:21.531731Z"}
{"@file":"src/psp/format_2025/operations.rs","@level":"debug","@line":60,"@message":"✅ Operations unpacked: count=8 operations=[92, 146, 63, 209, 183, 187, 11, 199]","@module":"flavor::psp::format_2025::operations","@pid":7004,"@timestamp":"2026-03-31T20:27:21.531743Z"}
{"@file":"src/psp/format_2025/operations.rs","@level":"debug","@line":60,"@message":"✅ Operations unpacked: count=8 operations=[165, 97, 227, 202, 17, 74, 251, 178]","@module":"flavor::psp::format_2025::operations","@pid":7004,"@timestamp":"2026-03-31T20:27:21.531751Z"}
{"@file":"src/psp/format_2025/operations.rs","@level":"debug","@line":37,"@message":"✅ Operations packed: result=14342763836455490140","@module":"flavor::psp::format_2025::operations","@pid":7004,"@timestamp":"2026-03-31T20:27:21.531765Z"}
{"@file":"src/psp/format_2025/operations.rs","@level":"debug","@line":37,"@message":"✅ Operations packed: result=71210686365010180","@module":"flavor::psp::format_2025::operations","@pid":7004,"@timestamp":"2026-03-31T20:27:21.531768Z"}
{"@file":"src/psp/format_2025/operations.rs","@level":"debug","@line":60,"@message":"✅ Operations unpacked: count=8 operations=[92, 146, 63, 209, 183, 187, 11, 199]","@module":"flavor::psp::format_2025::operations","@pid":7004,"@timestamp":"2026-03-31T20:27:21.531785Z"}
{"@file":"src/psp/format_2025/operations.rs","@level":"debug","@line":37,"@message":"✅ Operations packed: result=9677075","@module":"flavor::psp::format_2025::operations","@pid":7004,"@timestamp":"2026-03-31T20:27:21.531799Z"}
{"@file":"src/psp/format_2025/operations.rs","@level":"debug","@line":37,"@message":"✅ Operations packed: result=110","@module":"flavor::psp::format_2025::operations","@pid":7004,"@timestamp":"2026-03-31T20:27:21.531826Z"}
{"@file":"src/psp/format_2025/operations.rs","@level":"debug","@line":60,"@message":"✅ Operations unpacked: count=3 operations=[19, 169, 147]","@module":"flavor::psp::format_2025::operations","@pid":7004,"@timestamp":"2026-03-31T20:27:21.531836Z"}
{"@file":"src/psp/format_2025/operations.rs","@level":"debug","@line":60,"@message":"✅ Operations unpacked: count=8 operations=[200, 231, 106, 193, 51, 214, 207, 140]","@module":"flavor::psp::format_2025::operations","@pid":7004,"@timestamp":"2026-03-31T20:27:21.531842Z"}
{"@file":"src/psp/format_2025/operations.rs","@level":"debug","@line":37,"@message":"✅ Operations packed: result=3650084492","@module":"flavor::psp::format_2025::operations","@pid":7004,"@timestamp":"2026-03-31T20:27:21.531873Z"}
{"@file":"src/psp/format_2025/operations.rs","@level":"debug","@line":37,"@message":"✅ Operations packed: result=14582302744834840","@module":"flavor::psp::format_2025::operations","@pid":7004,"@timestamp":"2026-03-31T20:27:21.531885Z"}
{"@file":"src/psp/format_2025/operations.rs","@level":"debug","@line":37,"@message":"✅ Operations packed: result=10146564003265701832","@module":"flavor::psp::format_2025::operations","@pid":7004,"@timestamp":"2026-03-31T20:27:21.531874Z"}
{"@file":"src/psp/format_2025/operations.rs","@level":"debug","@line":60,"@message":"✅ Operations unpacked: count=7 operations=[24, 243, 28, 239, 134, 206, 51]","@module":"flavor::psp::format_2025::operations","@pid":7004,"@timestamp":"2026-03-31T20:27:21.531910Z"}
{"@file":"src/psp/format_2025/operations.rs","@level":"debug","@line":60,"@message":"✅ Operations unpacked: count=8 operations=[200, 231, 106, 193, 51, 214, 207, 140]","@module":"flavor::psp::format_2025::operations","@pid":7004,"@timestamp":"2026-03-31T20:27:21.531918Z"}
{"@file":"src/psp/format_2025/operations.rs","@level":"debug","@line":37,"@message":"✅ Operations packed: result=4844894915685661720","@module":"flavor::psp::format_2025::operations","@pid":7004,"@timestamp":"2026-03-31T20:27:21.531932Z"}
{"@file":"src/psp/format_2025/operations.rs","@level":"debug","@line":37,"@message":"✅ Operations packed: result=85","@module":"flavor::psp::format_2025::operations","@pid":7004,"@timestamp":"2026-03-31T20:27:21.531958Z"}
{"@file":"src/psp/format_2025/operations.rs","@level":"debug","@line":60,"@message":"✅ Operations unpacked: count=8 operations=[154, 197, 187, 189, 216, 16, 25, 197]","@module":"flavor::psp::format_2025::operations","@pid":7004,"@timestamp":"2026-03-31T20:27:21.531967Z"}
{"@file":"src/psp/format_2025/operations.rs","@level":"debug","@line":60,"@message":"✅ Operations unpacked: count=1 operations=[85]","@module":"flavor::psp::format_2025::operations","@pid":7004,"@timestamp":"2026-03-31T20:27:21.531978Z"}
{"@file":"src/psp/format_2025/operations.rs","@level":"debug","@line":37,"@message":"✅ Operations packed: result=162474583797705","@module":"flavor::psp::format_2025::operations","@pid":7004,"@timestamp":"2026-03-31T20:27:21.531981Z"}
{"@file":"src/psp/format_2025/operations.rs","@level":"debug","@line":37,"@message":"✅ Operations packed: result=14202401422971749786","@module":"flavor::psp::format_2025::operations","@pid":7004,"@timestamp":"2026-03-31T20:27:21.531986Z"}
{"@file":"src/psp/format_2025/operations.rs","@level":"debug","@line":60,"@message":"✅ Operations unpacked: count=8 operations=[154, 197, 187, 189, 216, 16, 25, 197]","@module":"flavor::psp::format_2025::operations","@pid":7004,"@timestamp":"2026-03-31T20:27:21.532022Z"}
{"@file":"src/psp/format_2025/operations.rs","@level":"debug","@line":37,"@message":"✅ Operations packed: result=15539786796067761","@module":"flavor::psp::format_2025::operations","@pid":7004,"@timestamp":"2026-03-31T20:27:21.532034Z"}
{"@file":"src/psp/format_2025/operations.rs","@level":"debug","@line":37,"@message":"✅ Operations packed: result=1344103452","@module":"flavor::psp::format_2025::operations","@pid":7004,"@timestamp":"2026-03-31T20:27:21.532043Z"}
{"@file":"src/psp/format_2025/operations.rs","@level":"debug","@line":60,"@message":"✅ Operations unpacked: count=7 operations=[177, 107, 221, 143, 90, 53, 55]","@module":"flavor::psp::format_2025::operations","@pid":7004,"@timestamp":"2026-03-31T20:27:21.532053Z"}
{"@file":"src/psp/format_2025/operations.rs","@level":"debug","@line":60,"@message":"✅ Operations unpacked: count=8 operations=[83, 60, 232, 44, 197, 19, 255, 203]","@module":"flavor::psp::format_2025::operations","@pid":7004,"@timestamp":"2026-03-31T20:27:21.532068Z"}
{"@file":"src/psp/format_2025/operations.rs","@level":"debug","@line":37,"@message":"✅ Operations packed: result=410881754361","@module":"flavor::psp::format_2025::operations","@pid":7004,"@timestamp":"2026-03-31T20:27:21.532091Z"}
{"@file":"src/psp/format_2025/operations.rs","@level":"debug","@line":37,"@message":"✅ Operations packed: result=14699489446343490643","@module":"flavor::psp::format_2025::operations","@pid":7004,"@timestamp":"2026-03-31T20:27:21.532092Z"}
{"@file":"src/psp/format_2025/operations.rs","@level":"debug","@line":37,"@message":"✅ Operations packed: result=12719763221276117300","@module":"flavor::psp::format_2025::operations","@pid":7004,"@timestamp":"2026-03-31T20:27:21.532102Z"}
{"@file":"src/psp/format_2025/operations.rs","@level":"debug","@line":60,"@message":"✅ Operations unpacked: count=8 operations=[52, 201, 61, 239, 65, 173, 133, 176]","@module":"flavor::psp::format_2025::operations","@pid":7004,"@timestamp":"2026-03-31T20:27:21.532129Z"}
{"@file":"src/psp/format_2025/operations.rs","@level":"debug","@line":60,"@message":"✅ Operations unpacked: count=8 operations=[83, 60, 232, 44, 197, 19, 255, 203]","@module":"flavor::psp::format_2025::operations","@pid":7004,"@timestamp":"2026-03-31T20:27:21.532121Z"}
{"@file":"src/psp/format_2025/operations.rs","@level":"debug","@line":37,"@message":"✅ Operations packed: result=9154338458613903565","@module":"flavor::psp::format_2025::operations","@pid":7004,"@timestamp":"2026-03-31T20:27:21.532140Z"}
{"@file":"src/psp/format_2025/operations.rs","@level":"debug","@line":60,"@message":"✅ Operations unpacked: count=8 operations=[104, 52, 187, 254, 196, 212, 221, 9]","@module":"flavor::psp::format_2025::operations","@pid":7004,"@timestamp":"2026-03-31T20:27:21.532183Z"}
{"@file":"src/psp/format_2025/operations.rs","@level":"debug","@line":37,"@message":"✅ Operations packed: result=63782","@module":"flavor::psp::format_2025::operations","@pid":7004,"@timestamp":"2026-03-31T20:27:21.532188Z"}
{"@file":"src/psp/format_2025/operations.rs","@level":"debug","@line":37,"@message":"✅ Operations packed: result=710958258746766440","@module":"flavor::psp::format_2025::operations","@pid":7004,"@timestamp":"2026-03-31T20:27:21.532204Z"}
{"@file":"src/psp/format_2025/operations.rs","@level":"debug","@line":37,"@message":"✅ Operations packed: result=117690019554862","@module":"flavor::psp::format_2025::operations","@pid":7004,"@timestamp":"2026-03-31T20:27:21.532197Z"}
{"@file":"src/psp/format_2025/operations.rs","@level":"debug","@line":60,"@message":"✅ Operations unpacked: count=2 operations=[38, 249]","@module":"flavor::psp::format_2025::operations","@pid":7004,"@timestamp":"2026-03-31T20:27:21.532221Z"}
{"@file":"src/psp/format_2025/operations.rs","@level":"debug","@line":60,"@message":"✅ Operations unpacked: count=8 operations=[104, 52, 187, 254, 196, 212, 221, 9]","@module":"flavor::psp::format_2025::operations","@pid":7004,"@timestamp":"2026-03-31T20:27:21.532228Z"}
{"@file":"src/psp/format_2025/operations.rs","@level":"debug","@line":37,"@message":"✅ Operations packed: result=0","@module":"flavor::psp::format_2025::operations","@pid":7004,"@timestamp":"2026-03-31T20:27:21.532262Z"}
{"@file":"src/psp/format_2025/operations.rs","@level":"debug","@line":37,"@message":"✅ Operations packed: result=8780290","@module":"flavor::psp::format_2025::operations","@pid":7004,"@timestamp":"2026-03-31T20:27:21.532279Z"}
{"@file":"src/psp/format_2025/operations.rs","@level":"debug","@line":60,"@message":"✅ Operations unpacked: count=8 operations=[129, 70, 63, 33, 66, 144, 156, 206]","@module":"flavor::psp::format_2025::operations","@pid":7004,"@timestamp":"2026-03-31T20:27:21.532294Z"}
{"@file":"src/psp/format_2025/operations.rs","@level":"debug","@line":60,"@message":"✅ Operations unpacked: count=3 operations=[2, 250, 133]","@module":"flavor::psp::format_2025::operations","@pid":7004,"@timestamp":"2026-03-31T20:27:21.532307Z"}
{"@file":"src/psp/format_2025/operations.rs","@level":"debug","@line":37,"@message":"✅ Operations packed: result=53107","@module":"flavor::psp::format_2025::operations","@pid":7004,"@timestamp":"2026-03-31T20:27:21.532308Z"}
{"@file":"src/psp/format_2025/operations.rs","@level":"debug","@line":37,"@message":"✅ Operations packed: result=14887933081880053377","@module":"flavor::psp::format_2025::operations","@pid":7004,"@timestamp":"2026-03-31T20:27:21.532335Z"}
{"@file":"src/psp/format_2025/operations.rs","@level":"debug","@line":60,"@message":"✅ Operations unpacked: count=8 operations=[129, 70, 63, 33, 66, 144, 156, 206]","@module":"flavor::psp::format_2025::operations","@pid":7004,"@timestamp":"2026-03-31T20:27:21.532368Z"}
{"@file":"src/psp/format_2025/operations.rs","@level":"debug","@line":37,"@message":"✅ Operations packed: result=7279","@module":"flavor::psp::format_2025::operations","@pid":7004,"@timestamp":"2026-03-31T20:27:21.532381Z"}
{"@file":"src/psp/format_2025/operations.rs","@level":"debug","@line":37,"@message":"✅ Operations packed: result=490595262929","@module":"flavor::psp::format_2025::operations","@pid":7004,"@timestamp":"2026-03-31T20:27:21.532397Z"}
{"@file":"src/psp/format_2025/operations.rs","@level":"debug","@line":60,"@message":"✅ Operations unpacked: count=2 operations=[111, 28]","@module":"flavor::psp::format_2025::operations","@pid":7004,"@timestamp":"2026-03-31T20:27:21.532423Z"}
{"@file":"src/psp/format_2025/operations.rs","@level":"debug","@line":60,"@message":"✅ Operations unpacked: count=8 operations=[71, 245, 93, 154, 209, 221, 214, 227]","@module":"flavor::psp::format_2025::operations","@pid":7004,"@timestamp":"2026-03-31T20:27:21.532437Z"}
{"@file":"src/psp/format_2025/operations.rs","@level":"debug","@line":37,"@message":"✅ Operations packed: result=7290138964917096072","@module":"flavor::psp::format_2025::operations","@pid":7004,"@timestamp":"2026-03-31T20:27:21.532458Z"}
{"@file":"src/psp/format_2025/operations.rs","@level":"debug","@line":37,"@message":"✅ Operations packed: result=5271906","@module":"flavor::psp::format_2025::operations","@pid":7004,"@timestamp":"2026-03-31T20:27:21.532470Z"}
{"@file":"src/psp/format_2025/operations.rs","@level":"debug","@line":37,"@message":"✅ Operations packed: result=16417553383933474119","@module":"flavor::psp::format_2025::operations","@pid":7004,"@timestamp":"2026-03-31T20:27:21.532465Z"}
{"@file":"src/psp/format_2025/operations.rs","@level":"debug","@line":60,"@message":"✅ Operations unpacked: count=8 operations=[71, 245, 93, 154, 209, 221, 214, 227]","@module":"flavor::psp::format_2025::operations","@pid":7004,"@timestamp":"2026-03-31T20:27:21.532504Z"}
{"@file":"src/psp/format_2025/operations.rs","@level":"debug","@line":60,"@message":"✅ Operations unpacked: count=3 operations=[98, 113, 80]","@module":"flavor::psp::format_2025::operations","@pid":7004,"@timestamp":"2026-03-31T20:27:21.532495Z"}
{"@file":"src/psp/format_2025/operations.rs","@level":"debug","@line":37,"@message":"✅ Operations packed: result=6960041566099843579","@module":"flavor::psp::format_2025::operations","@pid":7004,"@timestamp":"2026-03-31T20:27:21.532517Z"}
{"@file":"src/psp/format_2025/operations.rs","@level":"debug","@line":60,"@message":"✅ Operations unpacked: count=8 operations=[59, 192, 202, 205, 196, 69, 150, 27]","@module":"flavor::psp::format_2025::operations","@pid":7004,"@timestamp":"2026-03-31T20:27:21.532558Z"}
{"@file":"src/psp/format_2025/operations.rs","@level":"debug","@line":37,"@message":"✅ Operations packed: result=207603419","@module":"flavor::psp::format_2025::operations","@pid":7004,"@timestamp":"2026-03-31T20:27:21.532576Z"}
{"@file":"src/psp/format_2025/operations.rs","@level":"debug","@line":37,"@message":"✅ Operations packed: result=1987852997099175995","@module":"flavor::psp::format_2025::operations","@pid":7004,"@timestamp":"2026-03-31T20:27:21.532580Z"}
{"@file":"src/psp/format_2025/operations.rs","@level":"debug","@line":60,"@message":"✅ Operations unpacked: count=4 operations=[219, 198, 95, 12]","@module":"flavor::psp::format_2025::operations","@pid":7004,"@timestamp":"2026-03-31T20:27:21.532609Z"}
{"@file":"src/psp/format_2025/operations.rs","@level":"debug","@line":37,"@message":"✅ Operations packed: result=125","@module":"flavor::psp::format_2025::operations","@pid":7004,"@timestamp":"2026-03-31T20:27:21.532587Z"}
{"@file":"src/psp/format_2025/operations.rs","@level":"debug","@line":60,"@message":"✅ Operations unpacked: count=8 operations=[59, 192, 202, 205, 196, 69, 150, 27]","@module":"flavor::psp::format_2025::operations","@pid":7004,"@timestamp":"2026-03-31T20:27:21.532623Z"}
{"@file":"src/psp/format_2025/operations.rs","@level":"debug","@line":37,"@message":"✅ Operations packed: result=30429","@module":"flavor::psp::format_2025::operations","@pid":7004,"@timestamp":"2026-03-31T20:27:21.532666Z"}
{"@file":"src/psp/format_2025/operations.rs","@level":"debug","@line":37,"@message":"✅ Operations packed: result=1020185045367","@module":"flavor::psp::format_2025::operations","@pid":7004,"@timestamp":"2026-03-31T20:27:21.532678Z"}
{"@file":"src/psp/format_2025/operations.rs","@level":"debug","@line":60,"@message":"✅ Operations unpacked: count=8 operations=[172, 121, 237, 14, 180, 182, 29, 78]","@module":"flavor::psp::format_2025::operations","@pid":7004,"@timestamp":"2026-03-31T20:27:21.532690Z"}
{"@file":"src/psp/format_2025/operations.rs","@level":"debug","@line":60,"@message":"✅ Operations unpacked: count=2 operations=[221, 118]","@module":"flavor::psp::format_2025::operations","@pid":7004,"@timestamp":"2026-03-31T20:27:21.532726Z"}
{"@file":"src/psp/format_2025/operations.rs","@level":"debug","@line":37,"@message":"✅ Operations packed: result=5628855993743800748","@module":"flavor::psp::format_2025::operations","@pid":7004,"@timestamp":"2026-03-31T20:27:21.532755Z"}
{"@file":"src/psp/format_2025/operations.rs","@level":"debug","@line":37,"@message":"✅ Operations packed: result=38813052960231875","@module":"flavor::psp::format_2025::operations","@pid":7004,"@timestamp":"2026-03-31T20:27:21.532780Z"}
{"@file":"src/psp/format_2025/operations.rs","@level":"debug","@line":60,"@message":"✅ Operations unpacked: count=8 operations=[172, 121, 237, 14, 180, 182, 29, 78]","@module":"flavor::psp::format_2025::operations","@pid":7004,"@timestamp":"2026-03-31T20:27:21.532781Z"}
{"@file":"src/psp/format_2025/operations.rs","@level":"debug","@line":37,"@message":"✅ Operations packed: result=8417626124818899","@module":"flavor::psp::format_2025::operations","@pid":7004,"@timestamp":"2026-03-31T20:27:21.532800Z"}
{"@file":"src/psp/format_2025/operations.rs","@level":"debug","@line":60,"@message":"✅ Operations unpacked: count=7 operations=[211, 153, 5, 79, 201, 231, 29]","@module":"flavor::psp::format_2025::operations","@pid":7004,"@timestamp":"2026-03-31T20:27:21.532826Z"}
{"@file":"src/psp/format_2025/operations.rs","@level":"debug","@line":37,"@message":"✅ Operations packed: result=33","@module":"flavor::psp::format_2025::operations","@pid":7004,"@timestamp":"2026-03-31T20:27:21.532832Z"}
{"@file":"src/psp/format_2025/operations.rs","@level":"debug","@line":60,"@message":"✅ Operations unpacked: count=8 operations=[189, 68, 104, 117, 203, 23, 240, 38]","@module":"flavor::psp::format_2025::operations","@pid":7004,"@timestamp":"2026-03-31T20:27:21.532840Z"}
{"@file":"src/psp/format_2025/operations.rs","@level":"debug","@line":37,"@message":"✅ Operations packed: result=2805768730467386557","@module":"flavor::psp::format_2025::operations","@pid":7004,"@timestamp":"2026-03-31T20:27:21.532864Z"}
{"@file":"src/psp/format_2025/operations.rs","@level":"debug","@line":37,"@message":"✅ Operations packed: result=7892","@module":"flavor::psp::format_2025::operations","@pid":7004,"@timestamp":"2026-03-31T20:27:21.532874Z"}
{"@file":"src/psp/format_2025/operations.rs","@level":"debug","@line":37,"@message":"✅ Operations packed: result=64207","@module":"flavor::psp::format_2025::operations","@pid":7004,"@timestamp":"2026-03-31T20:27:21.532887Z"}
{"@file":"src/psp/format_2025/operations.rs","@level":"debug","@line":60,"@message":"✅ Operations unpacked: count=8 operations=[189, 68, 104, 117, 203, 23, 240, 38]","@module":"flavor::psp::format_2025::operations","@pid":7004,"@timestamp":"2026-03-31T20:27:21.532886Z"}
{"@file":"src/psp/format_2025/operations.rs","@level":"debug","@line":60,"@message":"✅ Operations unpacked: count=2 operations=[212, 30]","@module":"flavor::psp::format_2025::operations","@pid":7004,"@timestamp":"2026-03-31T20:27:21.532901Z"}
{"@file":"src/psp/format_2025/operations.rs","@level":"debug","@line":37,"@message":"✅ Operations packed: result=8338056034306846026","@module":"flavor::psp::format_2025::operations","@pid":7004,"@timestamp":"2026-03-31T20:27:21.532942Z"}
{"@file":"src/psp/format_2025/operations.rs","@level":"debug","@line":60,"@message":"✅ Operations unpacked: count=8 operations=[141, 255, 49, 230, 7, 188, 202, 170]","@module":"flavor::psp::format_2025::operations","@pid":7004,"@timestamp":"2026-03-31T20:27:21.532952Z"}
{"@file":"src/psp/format_2025/operations.rs","@level":"debug","@line":37,"@message":"✅ Operations packed: result=160","@module":"flavor::psp::format_2025::operations","@pid":7004,"@timestamp":"2026-03-31T20:27:21.532965Z"}
{"@file":"src/psp/format_2025/operations.rs","@level":"debug","@line":37,"@message":"✅ Operations packed: result=12306855673856130957","@module":"flavor::psp::format_2025::operations","@pid":7004,"@timestamp":"2026-03-31T20:27:21.532980Z"}
{"@file":"src/psp/format_2025/operations.rs","@level":"debug","@line":60,"@message":"✅ Operations unpacked: count=1 operations=[160]","@module":"flavor::psp::format_2025::operations","@pid":7004,"@timestamp":"2026-03-31T20:27:21.532993Z"}
{"@file":"src/psp/format_2025/operations.rs","@level":"debug","@line":60,"@message":"✅ Operations unpacked: count=8 operations=[141, 255, 49, 230, 7, 188, 202, 170]","@module":"flavor::psp::format_2025::operations","@pid":7004,"@timestamp":"2026-03-31T20:27:21.533006Z"}
{"@file":"src/psp/format_2025/operations.rs","@level":"debug","@line":37,"@message":"✅ Operations packed: result=255929625623780","@module":"flavor::psp::format_2025::operations","@pid":7004,"@timestamp":"2026-03-31T20:27:21.532999Z"}
{"@file":"src/psp/format_2025/operations.rs","@level":"debug","@line":37,"@message":"✅ Operations packed: result=126891832713","@module":"flavor::psp::format_2025::operations","@pid":7004,"@timestamp":"2026-03-31T20:27:21.533053Z"}
{"@file":"src/psp/format_2025/operations.rs","@level":"debug","@line":37,"@message":"✅ Operations packed: result=147135882282738","@module":"flavor::psp::format_2025::operations","@pid":7004,"@timestamp":"2026-03-31T20:27:21.533068Z"}
{"@file":"src/psp/format_2025/operations.rs","@level":"debug","@line":60,"@message":"✅ Operations unpacked: count=8 operations=[134, 66, 200, 141, 205, 192, 252, 231]","@module":"flavor::psp::format_2025::operations","@pid":7004,"@timestamp":"2026-03-31T20:27:21.533060Z"}
{"@file":"src/psp/format_2025/operations.rs","@level":"debug","@line":60,"@message":"✅ Operations unpacked: count=5 operations=[137, 181, 87, 139, 29]","@module":"flavor::psp::format_2025::operations","@pid":7004,"@timestamp":"2026-03-31T20:27:21.533085Z"}
{"@file":"src/psp/format_2025/operations.rs","@level":"debug","@line":37,"@message":"✅ Operations packed: result=16716447905971978886","@module":"flavor::psp::format_2025::operations","@pid":7004,"@timestamp":"2026-03-31T20:27:21.533111Z"}
{"@file":"src/psp/format_2025/operations.rs","@level":"debug","@line":37,"@message":"✅ Operations packed: result=1740874135","@module":"flavor::psp::format_2025::operations","@pid":7004,"@timestamp":"2026-03-31T20:27:21.533124Z"}
{"@file":"src/psp/format_2025/operations.rs","@level":"debug","@line":60,"@message":"✅ Operations unpacked: count=8 operations=[134, 66, 200, 141, 205, 192, 252, 231]","@module":"flavor::psp::format_2025::operations","@pid":7004,"@timestamp":"2026-03-31T20:27:21.533136Z"}
{"@file":"src/psp/format_2025/operations.rs","@level":"debug","@line":37,"@message":"✅ Operations packed: result=1613122","@module":"flavor::psp::format_2025::operations","@pid":7004,"@timestamp":"2026-03-31T20:27:21.533153Z"}
{"@file":"src/psp/format_2025/operations.rs","@level":"debug","@line":37,"@message":"✅ Operations packed: result=23502639603590","@module":"flavor::psp::format_2025::operations","@pid":7004,"@timestamp":"2026-03-31T20:27:21.533181Z"}
{"@file":"src/psp/format_2025/operations.rs","@level":"debug","@line":60,"@message":"✅ Operations unpacked: count=3 operations=[66, 157, 24]","@module":"flavor::psp::format_2025::operations","@pid":7004,"@timestamp":"2026-03-31T20:27:21.533181Z"}
{"@file":"src/psp/format_2025/operations.rs","@level":"debug","@line":60,"@message":"✅ Operations unpacked: count=8 operations=[252, 59, 254, 127, 17, 62, 4, 113]","@module":"flavor::psp::format_2025::operations","@pid":7004,"@timestamp":"2026-03-31T20:27:21.533191Z"}
{"@file":"src/psp/format_2025/operations.rs","@level":"debug","@line":37,"@message":"✅ Operations packed: result=2877894005139378064","@module":"flavor::psp::format_2025::operations","@pid":7004,"@timestamp":"2026-03-31T20:27:21.533234Z"}
{"@file":"src/psp/format_2025/operations.rs","@level":"debug","@line":37,"@message":"✅ Operations packed: result=487539032814","@module":"flavor::psp::format_2025::operations","@pid":7004,"@timestamp":"2026-03-31T20:27:21.533249Z"}
{"@file":"src/psp/format_2025/operations.rs","@level":"debug","@line":37,"@message":"✅ Operations packed: result=8143702271075433468","@module":"flavor::psp::format_2025::operations","@pid":7004,"@timestamp":"2026-03-31T20:27:21.533235Z"}
{"@file":"src/psp/format_2025/operations.rs","@level":"debug","@line":60,"@message":"✅ Operations unpacked: count=5 operations=[238, 66, 151, 131, 113]","@module":"flavor::psp::format_2025::operations","@pid":7004,"@timestamp":"2026-03-31T20:27:21.533274Z"}
{"@file":"src/psp/format_2025/operations.rs","@level":"debug","@line":37,"@message":"✅ Operations packed: result=0","@module":"flavor::psp::format_2025::operations","@pid":7004,"@timestamp":"2026-03-31T20:27:21.533292Z"}
{"@file":"src/psp/format_2025/operations.rs","@level":"debug","@line":60,"@message":"✅ Operations unpacked: count=8 operations=[252, 59, 254, 127, 17, 62, 4, 113]","@module":"flavor::psp::format_2025::operations","@pid":7004,"@timestamp":"2026-03-31T20:27:21.533291Z"}
{"@file":"src/psp/format_2025/operations.rs","@level":"debug","@line":37,"@message":"✅ Operations packed: result=0","@module":"flavor::psp::format_2025::operations","@pid":7004,"@timestamp":"2026-03-31T20:27:21.533329Z"}
{"@file":"src/psp/format_2025/operations.rs","@level":"debug","@line":60,"@message":"✅ Operations unpacked: count=0 operations=[]","@module":"flavor::psp::format_2025::operations","@pid":7004,"@timestamp":"2026-03-31T20:27:21.533353Z"}
{"@file":"src/psp/format_2025/operations.rs","@level":"debug","@line":37,"@message":"✅ Operations packed: result=6581020","@module":"flavor::psp::format_2025::operations","@pid":7004,"@timestamp":"2026-03-31T20:27:21.533351Z"}
{"@file":"src/psp/format_2025/operations.rs","@level":"debug","@line":60,"@message":"✅ Operations unpacked: count=8 operations=[66, 80, 129, 129, 225, 123, 20, 77]","@module":"flavor::psp::format_2025::operations","@pid":7004,"@timestamp":"2026-03-31T20:27:21.533376Z"}
{"@file":"src/psp/format_2025/operations.rs","@level":"debug","@line":37,"@message":"✅ Operations packed: result=5554200448925257794","@module":"flavor::psp::format_2025::operations","@pid":7004,"@timestamp":"2026-03-31T20:27:21.533400Z"}
{"@file":"src/psp/format_2025/operations.rs","@level":"debug","@line":37,"@message":"✅ Operations packed: result=2493453599","@module":"flavor::psp::format_2025::operations","@pid":7004,"@timestamp":"2026-03-31T20:27:21.533404Z"}
{"@file":"src/psp/format_2025/operations.rs","@level":"debug","@line":37,"@message":"✅ Operations packed: result=4","@module":"flavor::psp::format_2025::operations","@pid":7004,"@timestamp":"2026-03-31T20:27:21.533417Z"}
{"@file":"src/psp/format_2025/operations.rs","@level":"debug","@line":60,"@message":"✅ Operations unpacked: count=8 operations=[66, 80, 129, 129, 225, 123, 20, 77]","@module":"flavor::psp::format_2025::operations","@pid":7004,"@timestamp":"2026-03-31T20:27:21.533421Z"}
{"@file":"src/psp/format_2025/operations.rs","@level":"debug","@line":60,"@message":"✅ Operations unpacked: count=4 operations=[31, 21, 159, 148]","@module":"flavor::psp::format_2025::operations","@pid":7004,"@timestamp":"2026-03-31T20:27:21.533442Z"}
{"@file":"src/psp/format_2025/operations.rs","@level":"debug","@line":37,"@message":"✅ Operations packed: result=1157715","@module":"flavor::psp::format_2025::operations","@pid":7004,"@timestamp":"2026-03-31T20:27:21.533482Z"}
{"@file":"src/psp/format_2025/operations.rs","@level":"debug","@line":60,"@message":"✅ Operations unpacked: count=8 operations=[25, 157, 138, 121, 209, 184, 215, 122]","@module":"flavor::psp::format_2025::operations","@pid":7004,"@timestamp":"2026-03-31T20:27:21.533493Z"}
{"@file":"src/psp/format_2025/operations.rs","@level":"debug","@line":37,"@message":"✅ Operations packed: result=248386152853624","@module":"flavor::psp::format_2025::operations","@pid":7004,"@timestamp":"2026-03-31T20:27:21.533507Z"}
{"@file":"src/psp/format_2025/operations.rs","@level":"debug","@line":37,"@message":"✅ Operations packed: result=8851746802446802201","@module":"flavor::psp::format_2025::operations","@pid":7004,"@timestamp":"2026-03-31T20:27:21.533521Z"}
{"@file":"src/psp/format_2025/operations.rs","@level":"debug","@line":60,"@message":"✅ Operations unpacked: count=6 operations=[120, 112, 104, 232, 231, 225]","@module":"flavor::psp::format_2025::operations","@pid":7004,"@timestamp":"2026-03-31T20:27:21.533529Z"}
{"@file":"src/psp/format_2025/operations.rs","@level":"debug","@line":60,"@message":"✅ Operations unpacked: count=8 operations=[25, 157, 138, 121, 209, 184, 215, 122]","@module":"flavor::psp::format_2025::operations","@pid":7004,"@timestamp":"2026-03-31T20:27:21.533540Z"}
{"@file":"src/psp/format_2025/operations.rs","@level":"debug","@line":37,"@message":"✅ Operations packed: result=31243","@module":"flavor::psp::format_2025::operations","@pid":7004,"@timestamp":"2026-03-31T20:27:21.533538Z"}
{"@file":"src/psp/format_2025/operations.rs","@level":"debug","@line":37,"@message":"✅ Operations packed: result=494340236600","@module":"flavor::psp::format_2025::operations","@pid":7004,"@timestamp":"2026-03-31T20:27:21.533577Z"}
{"@file":"src/psp/format_2025/operations.rs","@level":"debug","@line":60,"@message":"✅ Operations unpacked: count=8 operations=[60, 111, 36, 163, 71, 194, 127, 21]","@module":"flavor::psp::format_2025::operations","@pid":7004,"@timestamp":"2026-03-31T20:27:21.533595Z"}
{"@file":"src/psp/format_2025/operations.rs","@level":"debug","@line":37,"@message":"✅ Operations packed: result=4209296549","@module":"flavor::psp::format_2025::operations","@pid":7004,"@timestamp":"2026-03-31T20:27:21.533607Z"}
{"@file":"src/psp/format_2025/operations.rs","@level":"debug","@line":37,"@message":"✅ Operations packed: result=1549170409774280508","@module":"flavor::psp::format_2025::operations","@pid":7004,"@timestamp":"2026-03-31T20:27:21.533620Z"}
{"@file":"src/psp/format_2025/operations.rs","@level":"debug","@line":60,"@message":"✅ Operations unpacked: count=5 operations=[56, 101, 249, 24, 115]","@module":"flavor::psp::format_2025::operations","@pid":7004,"@timestamp":"2026-03-31T20:27:21.533599Z"}
{"@file":"src/psp/format_2025/operations.rs","@level":"debug","@line":60,"@message":"✅ Operations unpacked: count=8 operations=[60, 111, 36, 163, 71, 194, 127, 21]","@module":"flavor::psp::format_2025::operations","@pid":7004,"@timestamp":"2026-03-31T20:27:21.533643Z"}
{"@file":"src/psp/format_2025/operations.rs","@level":"debug","@line":37,"@message":"✅ Operations packed: result=0","@module":"flavor::psp::format_2025::operations","@pid":7004,"@timestamp":"2026-03-31T20:27:21.533659Z"}
{"@file":"src/psp/format_2025/operations.rs","@level":"debug","@line":37,"@message":"✅ Operations packed: result=3698839842","@module":"flavor::psp::format_2025::operations","@pid":7004,"@timestamp":"2026-03-31T20:27:21.533688Z"}
{"@file":"src/psp/format_2025/operations.rs","@level":"debug","@line":37,"@message":"✅ Operations packed: result=10044079750761752811","@module":"flavor::psp::format_2025::operations","@pid":7004,"@timestamp":"2026-03-31T20:27:21.533709Z"}
{"@file":"src/psp/format_2025/operations.rs","@level":"debug","@line":60,"@message":"✅ Operations unpacked: count=4 operations=[34, 209, 119, 220]","@module":"flavor::psp::format_2025::operations","@pid":7004,"@timestamp":"2026-03-31T20:27:21.533719Z"}
{"@file":"src/psp/format_2025/operations.rs","@level":"debug","@line":60,"@message":"✅ Operations unpacked: count=8 operations=[239, 123, 45, 111, 191, 224, 203, 7]","@module":"flavor::psp::format_2025::operations","@pid":7004,"@timestamp":"2026-03-31T20:27:21.533696Z"}
{"@file":"src/psp/format_2025/operations.rs","@level":"debug","@line":37,"@message":"✅ Operations packed: result=561789691346385903","@module":"flavor::psp::format_2025::operations","@pid":7004,"@timestamp":"2026-03-31T20:27:21.533754Z"}
{"@file":"src/psp/format_2025/operations.rs","@level":"debug","@line":37,"@message":"✅ Operations packed: result=4398661","@module":"flavor::psp::format_2025::operations","@pid":7004,"@timestamp":"2026-03-31T20:27:21.533767Z"}
{"@file":"src/psp/format_2025/operations.rs","@level":"debug","@line":37,"@message":"✅ Operations packed: result=231231068393979","@module":"flavor::psp::format_2025::operations","@pid":7004,"@timestamp":"2026-03-31T20:27:21.533775Z"}
{"@file":"src/psp/format_2025/operations.rs","@level":"debug","@line":60,"@message":"✅ Operations unpacked: count=8 operations=[239, 123, 45, 111, 191, 224, 203, 7]","@module":"flavor::psp::format_2025::operations","@pid":7004,"@timestamp":"2026-03-31T20:27:21.533773Z"}
{"@file":"src/psp/format_2025/operations.rs","@level":"debug","@line":60,"@message":"✅ Operations unpacked: count=6 operations=[251, 81, 177, 173, 77, 210]","@module":"flavor::psp::format_2025::operations","@pid":7004,"@timestamp":"2026-03-31T20:27:21.533812Z"}
{"@file":"src/psp/format_2025/operations.rs","@level":"debug","@line":37,"@message":"✅ Operations packed: result=35537217627976640","@module":"flavor::psp::format_2025::operations","@pid":7004,"@timestamp":"2026-03-31T20:27:21.533827Z"}
{"@file":"src/psp/format_2025/operations.rs","@level":"debug","@line":60,"@message":"✅ Operations unpacked: count=8 operations=[30, 174, 47, 239, 20, 161, 111, 173]","@module":"flavor::psp::format_2025::operations","@pid":7004,"@timestamp":"2026-03-31T20:27:21.533846Z"}
{"@file":"src/psp/format_2025/operations.rs","@level":"debug","@line":37,"@message":"✅ Operations packed: result=43770052819589","@module":"flavor::psp::format_2025::operations","@pid":7004,"@timestamp":"2026-03-31T20:27:21.533872Z"}
{"@file":"src/psp/format_2025/operations.rs","@level":"debug","@line":37,"@message":"✅ Operations packed: result=12497384602260712990","@module":"flavor::psp::format_2025::operations","@pid":7004,"@timestamp":"2026-03-31T20:27:21.533919Z"}
{"@file":"src/psp/format_2025/operations.rs","@level":"debug","@line":37,"@message":"✅ Operations packed: result=13513003967440019","@module":"flavor::psp::format_2025::operations","@pid":7004,"@timestamp":"2026-03-31T20:27:21.533886Z"}
{"@file":"src/psp/format_2025/operations.rs","@level":"debug","@line":60,"@message":"✅ Operations unpacked: count=6 operations=[133, 58, 115, 2, 207, 39]","@module":"flavor::psp::format_2025::operations","@pid":7004,"@timestamp":"2026-03-31T20:27:21.533933Z"}
{"@file":"src/psp/format_2025/operations.rs","@level":"debug","@line":60,"@message":"✅ Operations unpacked: count=8 operations=[30, 174, 47, 239, 20, 161, 111, 173]","@module":"flavor::psp::format_2025::operations","@pid":7004,"@timestamp":"2026-03-31T20:27:21.533948Z"}
{"@file":"src/psp/format_2025/operations.rs","@level":"debug","@line":37,"@message":"✅ Operations packed: result=208329797014","@module":"flavor::psp::format_2025::operations","@pid":7004,"@timestamp":"2026-03-31T20:27:21.533990Z"}
{"@file":"src/psp/format_2025/operations.rs","@level":"debug","@line":37,"@message":"✅ Operations packed: result=7126550","@module":"flavor::psp::format_2025::operations","@pid":7004,"@timestamp":"2026-03-31T20:27:21.534004Z"}
{"@file":"src/psp/format_2025/operations.rs","@level":"debug","@line":60,"@message":"✅ Operations unpacked: count=8 operations=[16, 47, 32, 144, 154, 37, 48, 38]","@module":"flavor::psp::format_2025::operations","@pid":7004,"@timestamp":"2026-03-31T20:27:21.534011Z"}
{"@file":"src/psp/format_2025/operations.rs","@level":"debug","@line":60,"@message":"✅ Operations unpacked: count=3 operations=[22, 190, 108]","@module":"flavor::psp::format_2025::operations","@pid":7004,"@timestamp":"2026-03-31T20:27:21.534030Z"}
{"@file":"src/psp/format_2025/operations.rs","@level":"debug","@line":37,"@message":"✅ Operations packed: result=2751740718096592656","@module":"flavor::psp::format_2025::operations","@pid":7004,"@timestamp":"2026-03-31T20:27:21.534037Z"}
{"@file":"src/psp/format_2025/operations.rs","@level":"debug","@line":37,"@message":"✅ Operations packed: result=11448","@module":"flavor::psp::format_2025::operations","@pid":7004,"@timestamp":"2026-03-31T20:27:21.534044Z"}
{"@file":"src/psp/format_2025/operations.rs","@level":"debug","@line":60,"@message":"✅ Operations unpacked: count=8 operations=[16, 47, 32, 144, 154, 37, 48, 38]","@module":"flavor::psp::format_2025::operations","@pid":7004,"@timestamp":"2026-03-31T20:27:21.534056Z"}
{"@file":"src/psp/format_2025/operations.rs","@level":"debug","@line":37,"@message":"✅ Operations packed: result=206661526","@module":"flavor::psp::format_2025::operations","@pid":7004,"@timestamp":"2026-03-31T20:27:21.534079Z"}
{"@file":"src/psp/format_2025/operations.rs","@level":"debug","@line":37,"@message":"✅ Operations packed: result=57331440361708","@module":"flavor::psp::format_2025::operations","@pid":7004,"@timestamp":"2026-03-31T20:27:21.534099Z"}
{"@file":"src/psp/format_2025/operations.rs","@level":"debug","@line":60,"@message":"✅ Operations unpacked: count=4 operations=[150, 103, 81, 12]","@module":"flavor::psp::format_2025::operations","@pid":7004,"@timestamp":"2026-03-31T20:27:21.534105Z"}
{"@file":"src/psp/format_2025/operations.rs","@level":"debug","@line":60,"@message":"✅ Operations unpacked: count=8 operations=[103, 96, 164, 142, 45, 160, 176, 37]","@module":"flavor::psp::format_2025::operations","@pid":7004,"@timestamp":"2026-03-31T20:27:21.534118Z"}
{"@file":"src/psp/format_2025/operations.rs","@level":"debug","@line":37,"@message":"✅ Operations packed: result=6385136760547472048","@module":"flavor::psp::format_2025::operations","@pid":7004,"@timestamp":"2026-03-31T20:27:21.534158Z"}
{"@file":"src/psp/format_2025/operations.rs","@level":"debug","@line":37,"@message":"✅ Operations packed: result=2715846692831518823","@module":"flavor::psp::format_2025::operations","@pid":7004,"@timestamp":"2026-03-31T20:27:21.534160Z"}
{"@file":"src/psp/format_2025/operations.rs","@level":"debug","@line":37,"@message":"✅ Operations packed: result=1388959649","@module":"flavor::psp::format_2025::operations","@pid":7004,"@timestamp":"2026-03-31T20:27:21.534179Z"}
{"@file":"src/psp/format_2025/operations.rs","@level":"debug","@line":60,"@message":"✅ Operations unpacked: count=8 operations=[103, 96, 164, 142, 45, 160, 176, 37]","@module":"flavor::psp::format_2025::operations","@pid":7004,"@timestamp":"2026-03-31T20:27:21.534193Z"}
{"@file":"src/psp/format_2025/operations.rs","@level":"debug","@line":60,"@message":"✅ Operations unpacked: count=4 operations=[161, 215, 201, 82]","@module":"flavor::psp::format_2025::operations","@pid":7004,"@timestamp":"2026-03-31T20:27:21.534207Z"}
{"@file":"src/psp/format_2025/operations.rs","@level":"debug","@line":37,"@message":"✅ Operations packed: result=169204859409330","@module":"flavor::psp::format_2025::operations","@pid":7004,"@timestamp":"2026-03-31T20:27:21.534214Z"}
{"@file":"src/psp/format_2025/operations.rs","@level":"debug","@line":60,"@message":"✅ Operations unpacked: count=8 operations=[85, 153, 143, 68, 25, 239, 243, 216]","@module":"flavor::psp::format_2025::operations","@pid":7004,"@timestamp":"2026-03-31T20:27:21.534246Z"}
test psp::format_2025::operations::tests::prop_pack_high_bytes_zero ... ok
{"@file":"src/psp/format_2025/operations.rs","@level":"debug","@line":37,"@message":"✅ Operations packed: result=15633101623336606037","@module":"flavor::psp::format_2025::operations","@pid":7004,"@timestamp":"2026-03-31T20:27:21.534275Z"}
{"@file":"src/psp/format_2025/operations.rs","@level":"debug","@line":37,"@message":"✅ Operations packed: result=17670320787665697026","@module":"flavor::psp::format_2025::operations","@pid":7004,"@timestamp":"2026-03-31T20:27:21.534277Z"}
{"@file":"src/psp/format_2025/operations.rs","@level":"debug","@line":60,"@message":"✅ Operations unpacked: count=8 operations=[85, 153, 143, 68, 25, 239, 243, 216]","@module":"flavor::psp::format_2025::operations","@pid":7004,"@timestamp":"2026-03-31T20:27:21.534302Z"}
{"@file":"src/psp/format_2025/operations.rs","@level":"debug","@line":60,"@message":"✅ Operations unpacked: count=8 operations=[2, 185, 3, 144, 34, 151, 57, 245]","@module":"flavor::psp::format_2025::operations","@pid":7004,"@timestamp":"2026-03-31T20:27:21.534316Z"}
{"@file":"src/psp/format_2025/operations.rs","@level":"debug","@line":60,"@message":"✅ Operations unpacked: count=8 operations=[156, 175, 172, 92, 170, 169, 150, 42]","@module":"flavor::psp::format_2025::operations","@pid":7004,"@timestamp":"2026-03-31T20:27:21.534354Z"}
{"@file":"src/psp/format_2025/operations.rs","@level":"debug","@line":37,"@message":"✅ Operations packed: result=11196380","@module":"flavor::psp::format_2025::operations","@pid":7004,"@timestamp":"2026-03-31T20:27:21.534371Z"}
{"@file":"src/psp/format_2025/operations.rs","@level":"debug","@line":37,"@message":"✅ Operations packed: result=3068826745263927196","@module":"flavor::psp::format_2025::operations","@pid":7004,"@timestamp":"2026-03-31T20:27:21.534383Z"}
{"@file":"src/psp/format_2025/operations.rs","@level":"debug","@line":60,"@message":"✅ Operations unpacked: count=3 operations=[220, 215, 170]","@module":"flavor::psp::format_2025::operations","@pid":7004,"@timestamp":"2026-03-31T20:27:21.534399Z"}
{"@file":"src/psp/format_2025/operations.rs","@level":"debug","@line":60,"@message":"✅ Operations unpacked: count=8 operations=[156, 175, 172, 92, 170, 169, 150, 42]","@module":"flavor::psp::format_2025::operations","@pid":7004,"@timestamp":"2026-03-31T20:27:21.534410Z"}
{"@file":"src/psp/format_2025/operations.rs","@level":"debug","@line":37,"@message":"✅ Operations packed: result=780149860752","@module":"flavor::psp::format_2025::operations","@pid":7004,"@timestamp":"2026-03-31T20:27:21.534452Z"}
{"@file":"src/psp/format_2025/operations.rs","@level":"debug","@line":60,"@message":"✅ Operations unpacked: count=8 operations=[97, 199, 214, 250, 201, 208, 247, 120]","@module":"flavor::psp::format_2025::operations","@pid":7004,"@timestamp":"2026-03-31T20:27:21.534462Z"}
{"@file":"src/psp/format_2025/operations.rs","@level":"debug","@line":60,"@message":"✅ Operations unpacked: count=5 operations=[144, 41, 142, 164, 181]","@module":"flavor::psp::format_2025::operations","@pid":7004,"@timestamp":"2026-03-31T20:27:21.534478Z"}
{"@file":"src/psp/format_2025/operations.rs","@level":"debug","@line":37,"@message":"✅ Operations packed: result=8716665169714268001","@module":"flavor::psp::format_2025::operations","@pid":7004,"@timestamp":"2026-03-31T20:27:21.534491Z"}
{"@file":"src/psp/format_2025/operations.rs","@level":"debug","@line":60,"@message":"✅ Operations unpacked: count=8 operations=[97, 199, 214, 250, 201, 208, 247, 120]","@module":"flavor::psp::format_2025::operations","@pid":7004,"@timestamp":"2026-03-31T20:27:21.534517Z"}
{"@file":"src/psp/format_2025/operations.rs","@level":"debug","@line":37,"@message":"✅ Operations packed: result=12502529539354209790","@module":"flavor::psp::format_2025::operations","@pid":7004,"@timestamp":"2026-03-31T20:27:21.534535Z"}
{"@file":"src/psp/format_2025/operations.rs","@level":"debug","@line":60,"@message":"✅ Operations unpacked: count=8 operations=[254, 45, 9, 243, 95, 232, 129, 173]","@module":"flavor::psp::format_2025::operations","@pid":7004,"@timestamp":"2026-03-31T20:27:21.534562Z"}
{"@file":"src/psp/format_2025/operations.rs","@level":"debug","@line":60,"@message":"✅ Operations unpacked: count=8 operations=[115, 167, 152, 167, 26, 190, 22, 153]","@module":"flavor::psp::format_2025::operations","@pid":7004,"@timestamp":"2026-03-31T20:27:21.534568Z"}
{"@file":"src/psp/format_2025/operations.rs","@level":"debug","@line":37,"@message":"✅ Operations packed: result=11031213358980835187","@module":"flavor::psp::format_2025::operations","@pid":7004,"@timestamp":"2026-03-31T20:27:21.534597Z"}
{"@file":"src/psp/format_2025/operations.rs","@level":"debug","@line":37,"@message":"✅ Operations packed: result=13270","@module":"flavor::psp::format_2025::operations","@pid":7004,"@timestamp":"2026-03-31T20:27:21.534611Z"}
{"@file":"src/psp/format_2025/operations.rs","@level":"debug","@line":60,"@message":"✅ Operations unpacked: count=8 operations=[115, 167, 152, 167, 26, 190, 22, 153]","@module":"flavor::psp::format_2025::operations","@pid":7004,"@timestamp":"2026-03-31T20:27:21.534621Z"}
{"@file":"src/psp/format_2025/operations.rs","@level":"debug","@line":60,"@message":"✅ Operations unpacked: count=2 operations=[214, 51]","@module":"flavor::psp::format_2025::operations","@pid":7004,"@timestamp":"2026-03-31T20:27:21.534637Z"}
{"@file":"src/psp/format_2025/operations.rs","@level":"debug","@line":60,"@message":"✅ Operations unpacked: count=8 operations=[168, 79, 165, 120, 144, 79, 235, 217]","@module":"flavor::psp::format_2025::operations","@pid":7004,"@timestamp":"2026-03-31T20:27:21.534674Z"}
{"@file":"src/psp/format_2025/operations.rs","@level":"debug","@line":37,"@message":"✅ Operations packed: result=82293205296195","@module":"flavor::psp::format_2025::operations","@pid":7004,"@timestamp":"2026-03-31T20:27:21.534690Z"}
{"@file":"src/psp/format_2025/operations.rs","@level":"debug","@line":37,"@message":"✅ Operations packed: result=15702732007675350952","@module":"flavor::psp::format_2025::operations","@pid":7004,"@timestamp":"2026-03-31T20:27:21.534701Z"}
{"@file":"src/psp/format_2025/operations.rs","@level":"debug","@line":60,"@message":"✅ Operations unpacked: count=6 operations=[67, 228, 68, 97, 216, 74]","@module":"flavor::psp::format_2025::operations","@pid":7004,"@timestamp":"2026-03-31T20:27:21.534715Z"}
{"@file":"src/psp/format_2025/operations.rs","@level":"debug","@line":60,"@message":"✅ Operations unpacked: count=8 operations=[168, 79, 165, 120, 144, 79, 235, 217]","@module":"flavor::psp::format_2025::operations","@pid":7004,"@timestamp":"2026-03-31T20:27:21.534726Z"}
{"@file":"src/psp/format_2025/operations.rs","@level":"debug","@line":37,"@message":"✅ Operations packed: result=2930398072","@module":"flavor::psp::format_2025::operations","@pid":7004,"@timestamp":"2026-03-31T20:27:21.534770Z"}
{"@file":"src/psp/format_2025/operations.rs","@level":"debug","@line":60,"@message":"✅ Operations unpacked: count=8 operations=[47, 239, 195, 199, 176, 113, 141, 85]","@module":"flavor::psp::format_2025::operations","@pid":7004,"@timestamp":"2026-03-31T20:27:21.534782Z"}
{"@file":"src/psp/format_2025/operations.rs","@level":"debug","@line":60,"@message":"✅ Operations unpacked: count=4 operations=[120, 83, 170, 174]","@module":"flavor::psp::format_2025::operations","@pid":7004,"@timestamp":"2026-03-31T20:27:21.534796Z"}
{"@file":"src/psp/format_2025/operations.rs","@level":"debug","@line":37,"@message":"✅ Operations packed: result=6164708469019766575","@module":"flavor::psp::format_2025::operations","@pid":7004,"@timestamp":"2026-03-31T20:27:21.534808Z"}
{"@file":"src/psp/format_2025/operations.rs","@level":"debug","@line":60,"@message":"✅ Operations unpacked: count=8 operations=[47, 239, 195, 199, 176, 113, 141, 85]","@module":"flavor::psp::format_2025::operations","@pid":7004,"@timestamp":"2026-03-31T20:27:21.534835Z"}
{"@file":"src/psp/format_2025/operations.rs","@level":"debug","@line":37,"@message":"✅ Operations packed: result=200","@module":"flavor::psp::format_2025::operations","@pid":7004,"@timestamp":"2026-03-31T20:27:21.534849Z"}
{"@file":"src/psp/format_2025/operations.rs","@level":"debug","@line":60,"@message":"✅ Operations unpacked: count=1 operations=[200]","@module":"flavor::psp::format_2025::operations","@pid":7004,"@timestamp":"2026-03-31T20:27:21.534875Z"}
{"@file":"src/psp/format_2025/operations.rs","@level":"debug","@line":60,"@message":"✅ Operations unpacked: count=8 operations=[183, 66, 245, 74, 65, 145, 160, 44]","@module":"flavor::psp::format_2025::operations","@pid":7004,"@timestamp":"2026-03-31T20:27:21.534881Z"}
{"@file":"src/psp/format_2025/operations.rs","@level":"debug","@line":37,"@message":"✅ Operations packed: result=3215729843559023287","@module":"flavor::psp::format_2025::operations","@pid":7004,"@timestamp":"2026-03-31T20:27:21.534908Z"}
{"@file":"src/psp/format_2025/operations.rs","@level":"debug","@line":37,"@message":"✅ Operations packed: result=35472316246963895","@module":"flavor::psp::format_2025::operations","@pid":7004,"@timestamp":"2026-03-31T20:27:21.534925Z"}
{"@file":"src/psp/format_2025/operations.rs","@level":"debug","@line":60,"@message":"✅ Operations unpacked: count=8 operations=[183, 66, 245, 74, 65, 145, 160, 44]","@module":"flavor::psp::format_2025::operations","@pid":7004,"@timestamp":"2026-03-31T20:27:21.534928Z"}
{"@file":"src/psp/format_2025/operations.rs","@level":"debug","@line":60,"@message":"✅ Operations unpacked: count=7 operations=[183, 182, 66, 57, 226, 5, 126]","@module":"flavor::psp::format_2025::operations","@pid":7004,"@timestamp":"2026-03-31T20:27:21.534955Z"}
{"@file":"src/psp/format_2025/operations.rs","@level":"debug","@line":60,"@message":"✅ Operations unpacked: count=8 operations=[13, 75, 115, 85, 216, 106, 178, 218]","@module":"flavor::psp::format_2025::operations","@pid":7004,"@timestamp":"2026-03-31T20:27:21.534990Z"}
{"@file":"src/psp/format_2025/operations.rs","@level":"debug","@line":37,"@message":"✅ Operations packed: result=2021855780","@module":"flavor::psp::format_2025::operations","@pid":7004,"@timestamp":"2026-03-31T20:27:21.535008Z"}
{"@file":"src/psp/format_2025/operations.rs","@level":"debug","@line":37,"@message":"✅ Operations packed: result=15758775523501886221","@module":"flavor::psp::format_2025::operations","@pid":7004,"@timestamp":"2026-03-31T20:27:21.535010Z"}
{"@file":"src/psp/format_2025/operations.rs","@level":"debug","@line":60,"@message":"✅ Operations unpacked: count=4 operations=[36, 18, 131, 120]","@module":"flavor::psp::format_2025::operations","@pid":7004,"@timestamp":"2026-03-31T20:27:21.535030Z"}
{"@file":"src/psp/format_2025/operations.rs","@level":"debug","@line":60,"@message":"✅ Operations unpacked: count=8 operations=[13, 75, 115, 85, 216, 106, 178, 218]","@module":"flavor::psp::format_2025::operations","@pid":7004,"@timestamp":"2026-03-31T20:27:21.535036Z"}
{"@file":"src/psp/format_2025/operations.rs","@level":"debug","@line":37,"@message":"✅ Operations packed: result=13949028","@module":"flavor::psp::format_2025::operations","@pid":7004,"@timestamp":"2026-03-31T20:27:21.535077Z"}
{"@file":"src/psp/format_2025/operations.rs","@level":"debug","@line":60,"@message":"✅ Operations unpacked: count=8 operations=[204, 14, 140, 188, 208, 201, 86, 85]","@module":"flavor::psp::format_2025::operations","@pid":7004,"@timestamp":"2026-03-31T20:27:21.535084Z"}
{"@file":"src/psp/format_2025/operations.rs","@level":"debug","@line":60,"@message":"✅ Operations unpacked: count=3 operations=[100, 216, 212]","@module":"flavor::psp::format_2025::operations","@pid":7004,"@timestamp":"2026-03-31T20:27:21.535095Z"}
{"@file":"src/psp/format_2025/operations.rs","@level":"debug","@line":37,"@message":"✅ Operations packed: result=6149324239574666956","@module":"flavor::psp::format_2025::operations","@pid":7004,"@timestamp":"2026-03-31T20:27:21.535103Z"}
{"@file":"src/psp/format_2025/operations.rs","@level":"debug","@line":60,"@message":"✅ Operations unpacked: count=8 operations=[204, 14, 140, 188, 208, 201, 86, 85]","@module":"flavor::psp::format_2025::operations","@pid":7004,"@timestamp":"2026-03-31T20:27:21.535121Z"}
{"@file":"src/psp/format_2025/operations.rs","@level":"debug","@line":37,"@message":"✅ Operations packed: result=12608982999087894142","@module":"flavor::psp::format_2025::operations","@pid":7004,"@timestamp":"2026-03-31T20:27:21.535143Z"}
{"@file":"src/psp/format_2025/operations.rs","@level":"debug","@line":60,"@message":"✅ Operations unpacked: count=8 operations=[59, 197, 202, 79, 23, 163, 249, 12]","@module":"flavor::psp::format_2025::operations","@pid":7004,"@timestamp":"2026-03-31T20:27:21.535167Z"}
{"@file":"src/psp/format_2025/operations.rs","@level":"debug","@line":60,"@message":"✅ Operations unpacked: count=8 operations=[126, 206, 146, 127, 59, 27, 252, 174]","@module":"flavor::psp::format_2025::operations","@pid":7004,"@timestamp":"2026-03-31T20:27:21.535201Z"}
{"@file":"src/psp/format_2025/operations.rs","@level":"debug","@line":37,"@message":"✅ Operations packed: result=934957718174352699","@module":"flavor::psp::format_2025::operations","@pid":7004,"@timestamp":"2026-03-31T20:27:21.535214Z"}
{"@file":"src/psp/format_2025/operations.rs","@level":"debug","@line":60,"@message":"✅ Operations unpacked: count=8 operations=[59, 197, 202, 79, 23, 163, 249, 12]","@module":"flavor::psp::format_2025::operations","@pid":7004,"@timestamp":"2026-03-31T20:27:21.535239Z"}
{"@file":"src/psp/format_2025/operations.rs","@level":"debug","@line":37,"@message":"✅ Operations packed: result=801078400150","@module":"flavor::psp::format_2025::operations","@pid":7004,"@timestamp":"2026-03-31T20:27:21.535261Z"}
{"@file":"src/psp/format_2025/operations.rs","@level":"debug","@line":60,"@message":"✅ Operations unpacked: count=5 operations=[150, 84, 254, 131, 186]","@module":"flavor::psp::format_2025::operations","@pid":7004,"@timestamp":"2026-03-31T20:27:21.535287Z"}
{"@file":"src/psp/format_2025/operations.rs","@level":"debug","@line":60,"@message":"✅ Operations unpacked: count=6 operations=[243, 104, 118, 139, 47, 71]","@module":"flavor::psp::format_2025::operations","@pid":7004,"@timestamp":"2026-03-31T20:27:21.535289Z"}
{"@file":"src/psp/format_2025/operations.rs","@level":"debug","@line":37,"@message":"✅ Operations packed: result=78269528828147","@module":"flavor::psp::format_2025::operations","@pid":7004,"@timestamp":"2026-03-31T20:27:21.535318Z"}
{"@file":"src/psp/format_2025/operations.rs","@level":"debug","@line":60,"@message":"✅ Operations unpacked: count=6 operations=[243, 104, 118, 139, 47, 71]","@module":"flavor::psp::format_2025::operations","@pid":7004,"@timestamp":"2026-03-31T20:27:21.535337Z"}
{"@file":"src/psp/format_2025/operations.rs","@level":"debug","@line":37,"@message":"✅ Operations packed: result=66154668260042","@module":"flavor::psp::format_2025::operations","@pid":7004,"@timestamp":"2026-03-31T20:27:21.535338Z"}
{"@file":"src/psp/format_2025/operations.rs","@level":"debug","@line":60,"@message":"✅ Operations unpacked: count=6 operations=[202, 122, 128, 213, 42, 60]","@module":"flavor::psp::format_2025::operations","@pid":7004,"@timestamp":"2026-03-31T20:27:21.535374Z"}
{"@file":"src/psp/format_2025/operations.rs","@level":"debug","@line":60,"@message":"✅ Operations unpacked: count=8 operations=[151, 15, 157, 98, 153, 168, 178, 114]","@module":"flavor::psp::format_2025::operations","@pid":7004,"@timestamp":"2026-03-31T20:27:21.535388Z"}
{"@file":"src/psp/format_2025/operations.rs","@level":"debug","@line":37,"@message":"✅ Operations packed: result=8264853642916204439","@module":"flavor::psp::format_2025::operations","@pid":7004,"@timestamp":"2026-03-31T20:27:21.535417Z"}
{"@file":"src/psp/format_2025/operations.rs","@level":"debug","@line":37,"@message":"✅ Operations packed: result=10742618","@module":"flavor::psp::format_2025::operations","@pid":7004,"@timestamp":"2026-03-31T20:27:21.535424Z"}
{"@file":"src/psp/format_2025/operations.rs","@level":"debug","@line":60,"@message":"✅ Operations unpacked: count=8 operations=[151, 15, 157, 98, 153, 168, 178, 114]","@module":"flavor::psp::format_2025::operations","@pid":7004,"@timestamp":"2026-03-31T20:27:21.535436Z"}
{"@file":"src/psp/format_2025/operations.rs","@level":"debug","@line":60,"@message":"✅ Operations unpacked: count=3 operations=[90, 235, 163]","@module":"flavor::psp::format_2025::operations","@pid":7004,"@timestamp":"2026-03-31T20:27:21.535450Z"}
{"@file":"src/psp/format_2025/operations.rs","@level":"debug","@line":60,"@message":"✅ Operations unpacked: count=8 operations=[35, 125, 35, 207, 175, 209, 116, 185]","@module":"flavor::psp::format_2025::operations","@pid":7004,"@timestamp":"2026-03-31T20:27:21.535488Z"}
{"@file":"src/psp/format_2025/operations.rs","@level":"debug","@line":37,"@message":"✅ Operations packed: result=634989337","@module":"flavor::psp::format_2025::operations","@pid":7004,"@timestamp":"2026-03-31T20:27:21.535504Z"}
{"@file":"src/psp/format_2025/operations.rs","@level":"debug","@line":37,"@message":"✅ Operations packed: result=13363536547339795747","@module":"flavor::psp::format_2025::operations","@pid":7004,"@timestamp":"2026-03-31T20:27:21.535516Z"}
{"@file":"src/psp/format_2025/operations.rs","@level":"debug","@line":60,"@message":"✅ Operations unpacked: count=4 operations=[25, 43, 217, 37]","@module":"flavor::psp::format_2025::operations","@pid":7004,"@timestamp":"2026-03-31T20:27:21.535529Z"}
{"@file":"src/psp/format_2025/operations.rs","@level":"debug","@line":60,"@message":"✅ Operations unpacked: count=8 operations=[35, 125, 35, 207, 175, 209, 116, 185]","@module":"flavor::psp::format_2025::operations","@pid":7004,"@timestamp":"2026-03-31T20:27:21.535542Z"}
{"@file":"src/psp/format_2025/operations.rs","@level":"debug","@line":37,"@message":"✅ Operations packed: result=505525900160595465","@module":"flavor::psp::format_2025::operations","@pid":7004,"@timestamp":"2026-03-31T20:27:21.535593Z"}
{"@file":"src/psp/format_2025/operations.rs","@level":"debug","@line":60,"@message":"✅ Operations unpacked: count=8 operations=[183, 157, 53, 10, 27, 115, 123, 98]","@module":"flavor::psp::format_2025::operations","@pid":7004,"@timestamp":"2026-03-31T20:27:21.535601Z"}
{"@file":"src/psp/format_2025/operations.rs","@level":"debug","@line":60,"@message":"✅ Operations unpacked: count=8 operations=[9, 246, 212, 183, 32, 253, 3, 7]","@module":"flavor::psp::format_2025::operations","@pid":7004,"@timestamp":"2026-03-31T20:27:21.535625Z"}
{"@file":"src/psp/format_2025/operations.rs","@level":"debug","@line":37,"@message":"✅ Operations packed: result=7096392197824945591","@module":"flavor::psp::format_2025::operations","@pid":7004,"@timestamp":"2026-03-31T20:27:21.535637Z"}
{"@file":"src/psp/format_2025/operations.rs","@level":"debug","@line":60,"@message":"✅ Operations unpacked: count=8 operations=[183, 157, 53, 10, 27, 115, 123, 98]","@module":"flavor::psp::format_2025::operations","@pid":7004,"@timestamp":"2026-03-31T20:27:21.535674Z"}
{"@file":"src/psp/format_2025/operations.rs","@level":"debug","@line":37,"@message":"✅ Operations packed: result=55058","@module":"flavor::psp::format_2025::operations","@pid":7004,"@timestamp":"2026-03-31T20:27:21.535697Z"}
{"@file":"src/psp/format_2025/operations.rs","@level":"debug","@line":60,"@message":"✅ Operations unpacked: count=2 operations=[18, 215]","@module":"flavor::psp::format_2025::operations","@pid":7004,"@timestamp":"2026-03-31T20:27:21.535715Z"}
{"@file":"src/psp/format_2025/operations.rs","@level":"debug","@line":60,"@message":"✅ Operations unpacked: count=8 operations=[173, 62, 126, 221, 198, 151, 248, 182]","@module":"flavor::psp::format_2025::operations","@pid":7004,"@timestamp":"2026-03-31T20:27:21.535722Z"}
{"@file":"src/psp/format_2025/operations.rs","@level":"debug","@line":37,"@message":"✅ Operations packed: result=13184454789502484141","@module":"flavor::psp::format_2025::operations","@pid":7004,"@timestamp":"2026-03-31T20:27:21.535746Z"}
{"@file":"src/psp/format_2025/operations.rs","@level":"debug","@line":37,"@message":"✅ Operations packed: result=15670932208382764031","@module":"flavor::psp::format_2025::operations","@pid":7004,"@timestamp":"2026-03-31T20:27:21.535762Z"}
{"@file":"src/psp/format_2025/operations.rs","@level":"debug","@line":60,"@message":"✅ Operations unpacked: count=8 operations=[173, 62, 126, 221, 198, 151, 248, 182]","@module":"flavor::psp::format_2025::operations","@pid":7004,"@timestamp":"2026-03-31T20:27:21.535765Z"}
{"@file":"src/psp/format_2025/operations.rs","@level":"debug","@line":60,"@message":"✅ Operations unpacked: count=8 operations=[255, 227, 225, 187, 208, 85, 122, 217]","@module":"flavor::psp::format_2025::operations","@pid":7004,"@timestamp":"2026-03-31T20:27:21.535783Z"}
{"@file":"src/psp/format_2025/operations.rs","@level":"debug","@line":60,"@message":"✅ Operations unpacked: count=8 operations=[51, 30, 162, 5, 77, 85, 145, 91]","@module":"flavor::psp::format_2025::operations","@pid":7004,"@timestamp":"2026-03-31T20:27:21.535818Z"}
{"@file":"src/psp/format_2025/operations.rs","@level":"debug","@line":37,"@message":"✅ Operations packed: result=15861607179722984649","@module":"flavor::psp::format_2025::operations","@pid":7004,"@timestamp":"2026-03-31T20:27:21.535831Z"}
{"@file":"src/psp/format_2025/operations.rs","@level":"debug","@line":37,"@message":"✅ Operations packed: result=6598148718369840691","@module":"flavor::psp::format_2025::operations","@pid":7004,"@timestamp":"2026-03-31T20:27:21.535838Z"}
{"@file":"src/psp/format_2025/operations.rs","@level":"debug","@line":60,"@message":"✅ Operations unpacked: count=8 operations=[201, 140, 44, 10, 177, 191, 31, 220]","@module":"flavor::psp::format_2025::operations","@pid":7004,"@timestamp":"2026-03-31T20:27:21.535850Z"}
{"@file":"src/psp/format_2025/operations.rs","@level":"debug","@line":60,"@message":"✅ Operations unpacked: count=8 operations=[51, 30, 162, 5, 77, 85, 145, 91]","@module":"flavor::psp::format_2025::operations","@pid":7004,"@timestamp":"2026-03-31T20:27:21.535855Z"}
{"@file":"src/psp/format_2025/operations.rs","@level":"debug","@line":37,"@message":"✅ Operations packed: result=11183215359096264","@module":"flavor::psp::format_2025::operations","@pid":7004,"@timestamp":"2026-03-31T20:27:21.535898Z"}
{"@file":"src/psp/format_2025/operations.rs","@level":"debug","@line":60,"@message":"✅ Operations unpacked: count=8 operations=[97, 191, 213, 76, 254, 4, 104, 3]","@module":"flavor::psp::format_2025::operations","@pid":7004,"@timestamp":"2026-03-31T20:27:21.535921Z"}
{"@file":"src/psp/format_2025/operations.rs","@level":"debug","@line":60,"@message":"✅ Operations unpacked: count=7 operations=[200, 245, 236, 58, 19, 187, 39]","@module":"flavor::psp::format_2025::operations","@pid":7004,"@timestamp":"2026-03-31T20:27:21.535923Z"}
{"@file":"src/psp/format_2025/operations.rs","@level":"debug","@line":37,"@message":"✅ Operations packed: result=245451669948972897","@module":"flavor::psp::format_2025::operations","@pid":7004,"@timestamp":"2026-03-31T20:27:21.535955Z"}
{"@file":"src/psp/format_2025/operations.rs","@level":"debug","@line":60,"@message":"✅ Operations unpacked: count=8 operations=[97, 191, 213, 76, 254, 4, 104, 3]","@module":"flavor::psp::format_2025::operations","@pid":7004,"@timestamp":"2026-03-31T20:27:21.535981Z"}
{"@file":"src/psp/format_2025/operations.rs","@level":"debug","@line":37,"@message":"✅ Operations packed: result=62243205182346676","@module":"flavor::psp::format_2025::operations","@pid":7004,"@timestamp":"2026-03-31T20:27:21.536000Z"}
{"@file":"src/psp/format_2025/operations.rs","@level":"debug","@line":60,"@message":"✅ Operations unpacked: count=7 operations=[180, 85, 147, 134, 221, 33, 221]","@module":"flavor::psp::format_2025::operations","@pid":7004,"@timestamp":"2026-03-31T20:27:21.536025Z"}
{"@file":"src/psp/format_2025/operations.rs","@level":"debug","@line":60,"@message":"✅ Operations unpacked: count=8 operations=[16, 234, 125, 194, 222, 250, 194, 76]","@module":"flavor::psp::format_2025::operations","@pid":7004,"@timestamp":"2026-03-31T20:27:21.536027Z"}
{"@file":"src/psp/format_2025/operations.rs","@level":"debug","@line":37,"@message":"✅ Operations packed: result=5531259127017105936","@module":"flavor::psp::format_2025::operations","@pid":7004,"@timestamp":"2026-03-31T20:27:21.536062Z"}
{"@file":"src/psp/format_2025/operations.rs","@level":"debug","@line":37,"@message":"✅ Operations packed: result=32386","@module":"flavor::psp::format_2025::operations","@pid":7004,"@timestamp":"2026-03-31T20:27:21.536078Z"}
{"@file":"src/psp/format_2025/operations.rs","@level":"debug","@line":60,"@message":"✅ Operations unpacked: count=8 operations=[16, 234, 125, 194, 222, 250, 194, 76]","@module":"flavor::psp::format_2025::operations","@pid":7004,"@timestamp":"2026-03-31T20:27:21.536082Z"}
{"@file":"src/psp/format_2025/operations.rs","@level":"debug","@line":60,"@message":"✅ Operations unpacked: count=2 operations=[130, 126]","@module":"flavor::psp::format_2025::operations","@pid":7004,"@timestamp":"2026-03-31T20:27:21.536100Z"}
{"@file":"src/psp/format_2025/operations.rs","@level":"debug","@line":60,"@message":"✅ Operations unpacked: count=8 operations=[211, 93, 56, 92, 135, 43, 171, 29]","@module":"flavor::psp::format_2025::operations","@pid":7004,"@timestamp":"2026-03-31T20:27:21.536137Z"}
{"@file":"src/psp/format_2025/operations.rs","@level":"debug","@line":37,"@message":"✅ Operations packed: result=18090625199398833726","@module":"flavor::psp::format_2025::operations","@pid":7004,"@timestamp":"2026-03-31T20:27:21.536147Z"}
{"@file":"src/psp/format_2025/operations.rs","@level":"debug","@line":37,"@message":"✅ Operations packed: result=2137850308485209555","@module":"flavor::psp::format_2025::operations","@pid":7004,"@timestamp":"2026-03-31T20:27:21.536160Z"}
{"@file":"src/psp/format_2025/operations.rs","@level":"debug","@line":60,"@message":"✅ Operations unpacked: count=8 operations=[62, 206, 229, 70, 197, 207, 14, 251]","@module":"flavor::psp::format_2025::operations","@pid":7004,"@timestamp":"2026-03-31T20:27:21.536165Z"}
{"@file":"src/psp/format_2025/operations.rs","@level":"debug","@line":60,"@message":"✅ Operations unpacked: count=8 operations=[211, 93, 56, 92, 135, 43, 171, 29]","@module":"flavor::psp::format_2025::operations","@pid":7004,"@timestamp":"2026-03-31T20:27:21.536179Z"}
{"@file":"src/psp/format_2025/operations.rs","@level":"debug","@line":37,"@message":"✅ Operations packed: result=15192019","@module":"flavor::psp::format_2025::operations","@pid":7004,"@timestamp":"2026-03-31T20:27:21.536228Z"}
{"@file":"src/psp/format_2025/operations.rs","@level":"debug","@line":60,"@message":"✅ Operations unpacked: count=8 operations=[186, 33, 229, 198, 45, 96, 94, 117]","@module":"flavor::psp::format_2025::operations","@pid":7004,"@timestamp":"2026-03-31T20:27:21.536236Z"}
{"@file":"src/psp/format_2025/operations.rs","@level":"debug","@line":60,"@message":"✅ Operations unpacked: count=3 operations=[211, 207, 231]","@module":"flavor::psp::format_2025::operations","@pid":7004,"@timestamp":"2026-03-31T20:27:21.536257Z"}
{"@file":"src/psp/format_2025/operations.rs","@level":"debug","@line":37,"@message":"✅ Operations packed: result=8457302899975070138","@module":"flavor::psp::format_2025::operations","@pid":7004,"@timestamp":"2026-03-31T20:27:21.536267Z"}
{"@file":"src/psp/format_2025/operations.rs","@level":"debug","@line":60,"@message":"✅ Operations unpacked: count=8 operations=[186, 33, 229, 198, 45, 96, 94, 117]","@module":"flavor::psp::format_2025::operations","@pid":7004,"@timestamp":"2026-03-31T20:27:21.536285Z"}
{"@file":"src/psp/format_2025/operations.rs","@level":"debug","@line":37,"@message":"✅ Operations packed: result=928307348499936141","@module":"flavor::psp::format_2025::operations","@pid":7004,"@timestamp":"2026-03-31T20:27:21.536304Z"}
{"@file":"src/psp/format_2025/operations.rs","@level":"debug","@line":60,"@message":"✅ Operations unpacked: count=8 operations=[141, 51, 185, 117, 157, 2, 226, 12]","@module":"flavor::psp::format_2025::operations","@pid":7004,"@timestamp":"2026-03-31T20:27:21.536324Z"}
{"@file":"src/psp/format_2025/operations.rs","@level":"debug","@line":60,"@message":"✅ Operations unpacked: count=8 operations=[137, 248, 23, 241, 203, 64, 250, 94]","@module":"flavor::psp::format_2025::operations","@pid":7004,"@timestamp":"2026-03-31T20:27:21.536334Z"}
{"@file":"src/psp/format_2025/operations.rs","@level":"debug","@line":37,"@message":"✅ Operations packed: result=6843853828410308745","@module":"flavor::psp::format_2025::operations","@pid":7004,"@timestamp":"2026-03-31T20:27:21.536357Z"}
{"@file":"src/psp/format_2025/operations.rs","@level":"debug","@line":37,"@message":"✅ Operations packed: result=12892514442278885","@module":"flavor::psp::format_2025::operations","@pid":7004,"@timestamp":"2026-03-31T20:27:21.536371Z"}
{"@file":"src/psp/format_2025/operations.rs","@level":"debug","@line":60,"@message":"✅ Operations unpacked: count=8 operations=[137, 248, 23, 241, 203, 64, 250, 94]","@module":"flavor::psp::format_2025::operations","@pid":7004,"@timestamp":"2026-03-31T20:27:21.536377Z"}
{"@file":"src/psp/format_2025/operations.rs","@level":"debug","@line":60,"@message":"✅ Operations unpacked: count=7 operations=[229, 247, 151, 111, 172, 205, 45]","@module":"flavor::psp::format_2025::operations","@pid":7004,"@timestamp":"2026-03-31T20:27:21.536394Z"}
{"@file":"src/psp/format_2025/operations.rs","@level":"debug","@line":60,"@message":"✅ Operations unpacked: count=8 operations=[83, 251, 148, 66, 194, 93, 10, 125]","@module":"flavor::psp::format_2025::operations","@pid":7004,"@timestamp":"2026-03-31T20:27:21.536443Z"}
{"@file":"src/psp/format_2025/operations.rs","@level":"debug","@line":37,"@message":"✅ Operations packed: result=9010117093430197075","@module":"flavor::psp::format_2025::operations","@pid":7004,"@timestamp":"2026-03-31T20:27:21.536466Z"}
{"@file":"src/psp/format_2025/operations.rs","@level":"debug","@line":37,"@message":"✅ Operations packed: result=32362","@module":"flavor::psp::format_2025::operations","@pid":7004,"@timestamp":"2026-03-31T20:27:21.536454Z"}
{"@file":"src/psp/format_2025/operations.rs","@level":"debug","@line":60,"@message":"✅ Operations unpacked: count=8 operations=[83, 251, 148, 66, 194, 93, 10, 125]","@module":"flavor::psp::format_2025::operations","@pid":7004,"@timestamp":"2026-03-31T20:27:21.536489Z"}
{"@file":"src/psp/format_2025/operations.rs","@level":"debug","@line":60,"@message":"✅ Operations unpacked: count=2 operations=[106, 126]","@module":"flavor::psp::format_2025::operations","@pid":7004,"@timestamp":"2026-03-31T20:27:21.536499Z"}
{"@file":"src/psp/format_2025/operations.rs","@level":"debug","@line":60,"@message":"✅ Operations unpacked: count=8 operations=[163, 181, 236, 77, 59, 249, 136, 8]","@module":"flavor::psp::format_2025::operations","@pid":7004,"@timestamp":"2026-03-31T20:27:21.536549Z"}
{"@file":"src/psp/format_2025/operations.rs","@level":"debug","@line":37,"@message":"✅ Operations packed: result=12539852758750024845","@module":"flavor::psp::format_2025::operations","@pid":7004,"@timestamp":"2026-03-31T20:27:21.536559Z"}
{"@file":"src/psp/format_2025/operations.rs","@level":"debug","@line":37,"@message":"✅ Operations packed: result=615015382241818019","@module":"flavor::psp::format_2025::operations","@pid":7004,"@timestamp":"2026-03-31T20:27:21.536578Z"}
{"@file":"src/psp/format_2025/operations.rs","@level":"debug","@line":60,"@message":"✅ Operations unpacked: count=8 operations=[141, 84, 255, 36, 165, 129, 6, 174]","@module":"flavor::psp::format_2025::operations","@pid":7004,"@timestamp":"2026-03-31T20:27:21.536636Z"}
{"@file":"src/psp/format_2025/operations.rs","@level":"debug","@line":60,"@message":"✅ Operations unpacked: count=8 operations=[163, 181, 236, 77, 59, 249, 136, 8]","@module":"flavor::psp::format_2025::operations","@pid":7004,"@timestamp":"2026-03-31T20:27:21.536649Z"}
{"@file":"src/psp/format_2025/operations.rs","@level":"debug","@line":37,"@message":"✅ Operations packed: result=207739685310263","@module":"flavor::psp::format_2025::operations","@pid":7004,"@timestamp":"2026-03-31T20:27:21.536693Z"}
{"@file":"src/psp/format_2025/operations.rs","@level":"debug","@line":60,"@message":"✅ Operations unpacked: count=8 operations=[200, 156, 29, 22, 75, 194, 81, 11]","@module":"flavor::psp::format_2025::operations","@pid":7004,"@timestamp":"2026-03-31T20:27:21.536704Z"}
{"@file":"src/psp/format_2025/operations.rs","@level":"debug","@line":60,"@message":"✅ Operations unpacked: count=6 operations=[55, 15, 38, 42, 240, 188]","@module":"flavor::psp::format_2025::operations","@pid":7004,"@timestamp":"2026-03-31T20:27:21.536720Z"}
{"@file":"src/psp/format_2025/operations.rs","@level":"debug","@line":37,"@message":"✅ Operations packed: result=815646635280145608","@module":"flavor::psp::format_2025::operations","@pid":7004,"@timestamp":"2026-03-31T20:27:21.536731Z"}
{"@file":"src/psp/format_2025/operations.rs","@level":"debug","@line":60,"@message":"✅ Operations unpacked: count=8 operations=[200, 156, 29, 22, 75, 194, 81, 11]","@module":"flavor::psp::format_2025::operations","@pid":7004,"@timestamp":"2026-03-31T20:27:21.536757Z"}
{"@file":"src/psp/format_2025/operations.rs","@level":"debug","@line":37,"@message":"✅ Operations packed: result=4094670740800215","@module":"flavor::psp::format_2025::operations","@pid":7004,"@timestamp":"2026-03-31T20:27:21.536777Z"}
{"@file":"src/psp/format_2025/operations.rs","@level":"debug","@line":60,"@message":"✅ Operations unpacked: count=7 operations=[215, 66, 250, 210, 20, 140, 14]","@module":"flavor::psp::format_2025::operations","@pid":7004,"@timestamp":"2026-03-31T20:27:21.536802Z"}
{"@file":"src/psp/format_2025/operations.rs","@level":"debug","@line":60,"@message":"✅ Operations unpacked: count=8 operations=[122, 47, 91, 1, 176, 199, 125, 208]","@module":"flavor::psp::format_2025::operations","@pid":7004,"@timestamp":"2026-03-31T20:27:21.536807Z"}
{"@file":"src/psp/format_2025/operations.rs","@level":"debug","@line":37,"@message":"✅ Operations packed: result=15023383490728767354","@module":"flavor::psp::format_2025::operations","@pid":7004,"@timestamp":"2026-03-31T20:27:21.536835Z"}
{"@file":"src/psp/format_2025/operations.rs","@level":"debug","@line":37,"@message":"✅ Operations packed: result=210030162240135","@module":"flavor::psp::format_2025::operations","@pid":7004,"@timestamp":"2026-03-31T20:27:21.536853Z"}
{"@file":"src/psp/format_2025/operations.rs","@level":"debug","@line":60,"@message":"✅ Operations unpacked: count=8 operations=[122, 47, 91, 1, 176, 199, 125, 208]","@module":"flavor::psp::format_2025::operations","@pid":7004,"@timestamp":"2026-03-31T20:27:21.536857Z"}
{"@file":"src/psp/format_2025/operations.rs","@level":"debug","@line":60,"@message":"✅ Operations unpacked: count=6 operations=[135, 98, 54, 117, 5, 191]","@module":"flavor::psp::format_2025::operations","@pid":7004,"@timestamp":"2026-03-31T20:27:21.536884Z"}
{"@file":"src/psp/format_2025/operations.rs","@level":"debug","@line":60,"@message":"✅ Operations unpacked: count=8 operations=[191, 98, 72, 150, 209, 115, 196, 89]","@module":"flavor::psp::format_2025::operations","@pid":7004,"@timestamp":"2026-03-31T20:27:21.536921Z"}
{"@file":"src/psp/format_2025/operations.rs","@level":"debug","@line":37,"@message":"✅ Operations packed: result=143937903965985","@module":"flavor::psp::format_2025::operations","@pid":7004,"@timestamp":"2026-03-31T20:27:21.536934Z"}
{"@file":"src/psp/format_2025/operations.rs","@level":"debug","@line":37,"@message":"✅ Operations packed: result=6468422308817560255","@module":"flavor::psp::format_2025::operations","@pid":7004,"@timestamp":"2026-03-31T20:27:21.536943Z"}
{"@file":"src/psp/format_2025/operations.rs","@level":"debug","@line":60,"@message":"✅ Operations unpacked: count=6 operations=[33, 183, 162, 39, 233, 130]","@module":"flavor::psp::format_2025::operations","@pid":7004,"@timestamp":"2026-03-31T20:27:21.536953Z"}
{"@file":"src/psp/format_2025/operations.rs","@level":"debug","@line":60,"@message":"✅ Operations unpacked: count=8 operations=[191, 98, 72, 150, 209, 115, 196, 89]","@module":"flavor::psp::format_2025::operations","@pid":7004,"@timestamp":"2026-03-31T20:27:21.536961Z"}
{"@file":"src/psp/format_2025/operations.rs","@level":"debug","@line":37,"@message":"✅ Operations packed: result=147","@module":"flavor::psp::format_2025::operations","@pid":7004,"@timestamp":"2026-03-31T20:27:21.537000Z"}
{"@file":"src/psp/format_2025/operations.rs","@level":"debug","@line":60,"@message":"✅ Operations unpacked: count=8 operations=[108, 129, 126, 22, 22, 229, 85, 77]","@module":"flavor::psp::format_2025::operations","@pid":7004,"@timestamp":"2026-03-31T20:27:21.537007Z"}
{"@file":"src/psp/format_2025/operations.rs","@level":"debug","@line":60,"@message":"✅ Operations unpacked: count=1 operations=[147]","@module":"flavor::psp::format_2025::operations","@pid":7004,"@timestamp":"2026-03-31T20:27:21.537021Z"}
{"@file":"src/psp/format_2025/operations.rs","@level":"debug","@line":37,"@message":"✅ Operations packed: result=5572611996970287468","@module":"flavor::psp::format_2025::operations","@pid":7004,"@timestamp":"2026-03-31T20:27:21.537027Z"}
{"@file":"src/psp/format_2025/operations.rs","@level":"debug","@line":60,"@message":"✅ Operations unpacked: count=8 operations=[108, 129, 126, 22, 22, 229, 85, 77]","@module":"flavor::psp::format_2025::operations","@pid":7004,"@timestamp":"2026-03-31T20:27:21.537064Z"}
{"@file":"src/psp/format_2025/operations.rs","@level":"debug","@line":37,"@message":"✅ Operations packed: result=15536657409867642771","@module":"flavor::psp::format_2025::operations","@pid":7004,"@timestamp":"2026-03-31T20:27:21.537069Z"}
{"@file":"src/psp/format_2025/operations.rs","@level":"debug","@line":60,"@message":"✅ Operations unpacked: count=8 operations=[147, 247, 25, 248, 152, 75, 157, 215]","@module":"flavor::psp::format_2025::operations","@pid":7004,"@timestamp":"2026-03-31T20:27:21.537096Z"}
{"@file":"src/psp/format_2025/operations.rs","@level":"debug","@line":60,"@message":"✅ Operations unpacked: count=8 operations=[152, 210, 159, 26, 174, 239, 220, 53]","@module":"flavor::psp::format_2025::operations","@pid":7004,"@timestamp":"2026-03-31T20:27:21.537114Z"}
{"@file":"src/psp/format_2025/operations.rs","@level":"debug","@line":37,"@message":"✅ Operations packed: result=3881240509936554648","@module":"flavor::psp::format_2025::operations","@pid":7004,"@timestamp":"2026-03-31T20:27:21.537141Z"}
{"@file":"src/psp/format_2025/operations.rs","@level":"debug","@line":37,"@message":"✅ Operations packed: result=0","@module":"flavor::psp::format_2025::operations","@pid":7004,"@timestamp":"2026-03-31T20:27:21.537143Z"}
{"@file":"src/psp/format_2025/operations.rs","@level":"debug","@line":60,"@message":"✅ Operations unpacked: count=8 operations=[152, 210, 159, 26, 174, 239, 220, 53]","@module":"flavor::psp::format_2025::operations","@pid":7004,"@timestamp":"2026-03-31T20:27:21.537161Z"}
{"@file":"src/psp/format_2025/operations.rs","@level":"debug","@line":60,"@message":"✅ Operations unpacked: count=0 operations=[]","@module":"flavor::psp::format_2025::operations","@pid":7004,"@timestamp":"2026-03-31T20:27:21.537169Z"}
{"@file":"src/psp/format_2025/operations.rs","@level":"debug","@line":60,"@message":"✅ Operations unpacked: count=8 operations=[177, 194, 120, 85, 223, 107, 130, 90]","@module":"flavor::psp::format_2025::operations","@pid":7004,"@timestamp":"2026-03-31T20:27:21.537218Z"}
{"@file":"src/psp/format_2025/operations.rs","@level":"debug","@line":37,"@message":"✅ Operations packed: result=211303571846512","@module":"flavor::psp::format_2025::operations","@pid":7004,"@timestamp":"2026-03-31T20:27:21.537234Z"}
{"@file":"src/psp/format_2025/operations.rs","@level":"debug","@line":37,"@message":"✅ Operations packed: result=6521893817341756081","@module":"flavor::psp::format_2025::operations","@pid":7004,"@timestamp":"2026-03-31T20:27:21.537246Z"}
{"@file":"src/psp/format_2025/operations.rs","@level":"debug","@line":60,"@message":"✅ Operations unpacked: count=6 operations=[112, 245, 86, 242, 45, 192]","@module":"flavor::psp::format_2025::operations","@pid":7004,"@timestamp":"2026-03-31T20:27:21.537262Z"}
{"@file":"src/psp/format_2025/operations.rs","@level":"debug","@line":60,"@message":"✅ Operations unpacked: count=8 operations=[177, 194, 120, 85, 223, 107, 130, 90]","@module":"flavor::psp::format_2025::operations","@pid":7004,"@timestamp":"2026-03-31T20:27:21.537274Z"}
{"@file":"src/psp/format_2025/operations.rs","@level":"debug","@line":37,"@message":"✅ Operations packed: result=0","@module":"flavor::psp::format_2025::operations","@pid":7004,"@timestamp":"2026-03-31T20:27:21.537317Z"}
{"@file":"src/psp/format_2025/operations.rs","@level":"debug","@line":60,"@message":"✅ Operations unpacked: count=8 operations=[72, 250, 23, 157, 5, 104, 186, 108]","@module":"flavor::psp::format_2025::operations","@pid":7004,"@timestamp":"2026-03-31T20:27:21.537330Z"}
{"@file":"src/psp/format_2025/operations.rs","@level":"debug","@line":60,"@message":"✅ Operations unpacked: count=0 operations=[]","@module":"flavor::psp::format_2025::operations","@pid":7004,"@timestamp":"2026-03-31T20:27:21.537345Z"}
{"@file":"src/psp/format_2025/operations.rs","@level":"debug","@line":37,"@message":"✅ Operations packed: result=7834688875084118600","@module":"flavor::psp::format_2025::operations","@pid":7004,"@timestamp":"2026-03-31T20:27:21.537360Z"}
{"@file":"src/psp/format_2025/operations.rs","@level":"debug","@line":60,"@message":"✅ Operations unpacked: count=8 operations=[72, 250, 23, 157, 5, 104, 186, 108]","@module":"flavor::psp::format_2025::operations","@pid":7004,"@timestamp":"2026-03-31T20:27:21.537385Z"}
{"@file":"src/psp/format_2025/operations.rs","@level":"debug","@line":37,"@message":"✅ Operations packed: result=17656540002495455927","@module":"flavor::psp::format_2025::operations","@pid":7004,"@timestamp":"2026-03-31T20:27:21.537403Z"}
{"@file":"src/psp/format_2025/operations.rs","@level":"debug","@line":60,"@message":"✅ Operations unpacked: count=8 operations=[183, 98, 55, 123, 149, 161, 8, 245]","@module":"flavor::psp::format_2025::operations","@pid":7004,"@timestamp":"2026-03-31T20:27:21.537430Z"}
{"@file":"src/psp/format_2025/operations.rs","@level":"debug","@line":60,"@message":"✅ Operations unpacked: count=8 operations=[130, 81, 153, 123, 240, 144, 11, 58]","@module":"flavor::psp::format_2025::operations","@pid":7004,"@timestamp":"2026-03-31T20:27:21.537433Z"}
{"@file":"src/psp/format_2025/operations.rs","@level":"debug","@line":37,"@message":"✅ Operations packed: result=4182596041483833730","@module":"flavor::psp::format_2025::operations","@pid":7004,"@timestamp":"2026-03-31T20:27:21.537463Z"}
{"@file":"src/psp/format_2025/operations.rs","@level":"debug","@line":37,"@message":"✅ Operations packed: result=7193549414123881249","@module":"flavor::psp::format_2025::operations","@pid":7004,"@timestamp":"2026-03-31T20:27:21.537482Z"}
{"@file":"src/psp/format_2025/operations.rs","@level":"debug","@line":60,"@message":"✅ Operations unpacked: count=8 operations=[130, 81, 153, 123, 240, 144, 11, 58]","@module":"flavor::psp::format_2025::operations","@pid":7004,"@timestamp":"2026-03-31T20:27:21.537484Z"}
{"@file":"src/psp/format_2025/operations.rs","@level":"debug","@line":60,"@message":"✅ Operations unpacked: count=8 operations=[33, 195, 18, 63, 20, 159, 212, 99]","@module":"flavor::psp::format_2025::operations","@pid":7004,"@timestamp":"2026-03-31T20:27:21.537513Z"}
{"@file":"src/psp/format_2025/operations.rs","@level":"debug","@line":60,"@message":"✅ Operations unpacked: count=8 operations=[157, 230, 44, 135, 218, 188, 200, 22]","@module":"flavor::psp::format_2025::operations","@pid":7004,"@timestamp":"2026-03-31T20:27:21.537563Z"}
{"@file":"src/psp/format_2025/operations.rs","@level":"debug","@line":37,"@message":"✅ Operations packed: result=68537388845973009","@module":"flavor::psp::format_2025::operations","@pid":7004,"@timestamp":"2026-03-31T20:27:21.537577Z"}
{"@file":"src/psp/format_2025/operations.rs","@level":"debug","@line":37,"@message":"✅ Operations packed: result=1641769710933304989","@module":"flavor::psp::format_2025::operations","@pid":7004,"@timestamp":"2026-03-31T20:27:21.537590Z"}
{"@file":"src/psp/format_2025/operations.rs","@level":"debug","@line":60,"@message":"✅ Operations unpacked: count=8 operations=[157, 230, 44, 135, 218, 188, 200, 22]","@module":"flavor::psp::format_2025::operations","@pid":7004,"@timestamp":"2026-03-31T20:27:21.537616Z"}
{"@file":"src/psp/format_2025/operations.rs","@level":"debug","@line":60,"@message":"✅ Operations unpacked: count=7 operations=[17, 62, 255, 91, 100, 126, 243]","@module":"flavor::psp::format_2025::operations","@pid":7004,"@timestamp":"2026-03-31T20:27:21.537607Z"}
{"@file":"src/psp/format_2025/operations.rs","@level":"debug","@line":60,"@message":"✅ Operations unpacked: count=8 operations=[217, 134, 96, 246, 48, 67, 236, 245]","@module":"flavor::psp::format_2025::operations","@pid":7004,"@timestamp":"2026-03-31T20:27:21.537666Z"}
{"@file":"src/psp/format_2025/operations.rs","@level":"debug","@line":37,"@message":"✅ Operations packed: result=33644600905318102","@module":"flavor::psp::format_2025::operations","@pid":7004,"@timestamp":"2026-03-31T20:27:21.537676Z"}
{"@file":"src/psp/format_2025/operations.rs","@level":"debug","@line":37,"@message":"✅ Operations packed: result=17720612511367071449","@module":"flavor::psp::format_2025::operations","@pid":7004,"@timestamp":"2026-03-31T20:27:21.537687Z"}
{"@file":"src/psp/format_2025/operations.rs","@level":"debug","@line":60,"@message":"✅ Operations unpacked: count=7 operations=[214, 62, 146, 21, 150, 135, 119]","@module":"flavor::psp::format_2025::operations","@pid":7004,"@timestamp":"2026-03-31T20:27:21.537696Z"}
{"@file":"src/psp/format_2025/operations.rs","@level":"debug","@line":60,"@message":"✅ Operations unpacked: count=8 operations=[217, 134, 96, 246, 48, 67, 236, 245]","@module":"flavor::psp::format_2025::operations","@pid":7004,"@timestamp":"2026-03-31T20:27:21.537706Z"}
{"@file":"src/psp/format_2025/operations.rs","@level":"debug","@line":37,"@message":"✅ Operations packed: result=627619887764","@module":"flavor::psp::format_2025::operations","@pid":7004,"@timestamp":"2026-03-31T20:27:21.537743Z"}
{"@file":"src/psp/format_2025/operations.rs","@level":"debug","@line":60,"@message":"✅ Operations unpacked: count=8 operations=[209, 221, 57, 81, 129, 255, 252, 98]","@module":"flavor::psp::format_2025::operations","@pid":7004,"@timestamp":"2026-03-31T20:27:21.537754Z"}
{"@file":"src/psp/format_2025/operations.rs","@level":"debug","@line":60,"@message":"✅ Operations unpacked: count=5 operations=[148, 122, 15, 33, 146]","@module":"flavor::psp::format_2025::operations","@pid":7004,"@timestamp":"2026-03-31T20:27:21.537763Z"}
{"@file":"src/psp/format_2025/operations.rs","@level":"debug","@line":37,"@message":"✅ Operations packed: result=7132856840726633937","@module":"flavor::psp::format_2025::operations","@pid":7004,"@timestamp":"2026-03-31T20:27:21.537776Z"}
{"@file":"src/psp/format_2025/operations.rs","@level":"debug","@line":60,"@message":"✅ Operations unpacked: count=8 operations=[209, 221, 57, 81, 129, 255, 252, 98]","@module":"flavor::psp::format_2025::operations","@pid":7004,"@timestamp":"2026-03-31T20:27:21.537795Z"}
{"@file":"src/psp/format_2025/operations.rs","@level":"debug","@line":37,"@message":"✅ Operations packed: result=55571419667923109","@module":"flavor::psp::format_2025::operations","@pid":7004,"@timestamp":"2026-03-31T20:27:21.537812Z"}
{"@file":"src/psp/format_2025/operations.rs","@level":"debug","@line":60,"@message":"✅ Operations unpacked: count=7 operations=[165, 128, 248, 104, 233, 109, 197]","@module":"flavor::psp::format_2025::operations","@pid":7004,"@timestamp":"2026-03-31T20:27:21.537832Z"}
{"@file":"src/psp/format_2025/operations.rs","@level":"debug","@line":60,"@message":"✅ Operations unpacked: count=8 operations=[34, 190, 26, 255, 141, 238, 130, 133]","@module":"flavor::psp::format_2025::operations","@pid":7004,"@timestamp":"2026-03-31T20:27:21.537844Z"}
{"@file":"src/psp/format_2025/operations.rs","@level":"debug","@line":37,"@message":"✅ Operations packed: result=9620514047654542882","@module":"flavor::psp::format_2025::operations","@pid":7004,"@timestamp":"2026-03-31T20:27:21.537865Z"}
{"@file":"src/psp/format_2025/operations.rs","@level":"debug","@line":37,"@message":"✅ Operations packed: result=147445796754","@module":"flavor::psp::format_2025::operations","@pid":7004,"@timestamp":"2026-03-31T20:27:21.537880Z"}
{"@file":"src/psp/format_2025/operations.rs","@level":"debug","@line":60,"@message":"✅ Operations unpacked: count=8 operations=[34, 190, 26, 255, 141, 238, 130, 133]","@module":"flavor::psp::format_2025::operations","@pid":7004,"@timestamp":"2026-03-31T20:27:21.537884Z"}
{"@file":"src/psp/format_2025/operations.rs","@level":"debug","@line":60,"@message":"✅ Operations unpacked: count=5 operations=[146, 79, 116, 84, 34]","@module":"flavor::psp::format_2025::operations","@pid":7004,"@timestamp":"2026-03-31T20:27:21.537903Z"}
{"@file":"src/psp/format_2025/operations.rs","@level":"debug","@line":60,"@message":"✅ Operations unpacked: count=8 operations=[17, 147, 113, 87, 158, 150, 118, 27]","@module":"flavor::psp::format_2025::operations","@pid":7004,"@timestamp":"2026-03-31T20:27:21.537967Z"}
{"@file":"src/psp/format_2025/operations.rs","@level":"debug","@line":37,"@message":"✅ Operations packed: result=15648895467689723","@module":"flavor::psp::format_2025::operations","@pid":7004,"@timestamp":"2026-03-31T20:27:21.537983Z"}
{"@file":"src/psp/format_2025/operations.rs","@level":"debug","@line":37,"@message":"✅ Operations packed: result=1978934693091971857","@module":"flavor::psp::format_2025::operations","@pid":7004,"@timestamp":"2026-03-31T20:27:21.537994Z"}
{"@file":"src/psp/format_2025/operations.rs","@level":"debug","@line":60,"@message":"✅ Operations unpacked: count=7 operations=[251, 150, 122, 103, 150, 152, 55]","@module":"flavor::psp::format_2025::operations","@pid":7004,"@timestamp":"2026-03-31T20:27:21.538003Z"}
{"@file":"src/psp/format_2025/operations.rs","@level":"debug","@line":60,"@message":"✅ Operations unpacked: count=8 operations=[17, 147, 113, 87, 158, 150, 118, 27]","@module":"flavor::psp::format_2025::operations","@pid":7004,"@timestamp":"2026-03-31T20:27:21.538013Z"}
{"@file":"src/psp/format_2025/operations.rs","@level":"debug","@line":37,"@message":"✅ Operations packed: result=24076920267336169","@module":"flavor::psp::format_2025::operations","@pid":7004,"@timestamp":"2026-03-31T20:27:21.538054Z"}
{"@file":"src/psp/format_2025/operations.rs","@level":"debug","@line":60,"@message":"✅ Operations unpacked: count=8 operations=[6, 182, 235, 182, 223, 34, 194, 70]","@module":"flavor::psp::format_2025::operations","@pid":7004,"@timestamp":"2026-03-31T20:27:21.538060Z"}
{"@file":"src/psp/format_2025/operations.rs","@level":"debug","@line":60,"@message":"✅ Operations unpacked: count=7 operations=[233, 233, 209, 215, 212, 137, 85]","@module":"flavor::psp::format_2025::operations","@pid":7004,"@timestamp":"2026-03-31T20:27:21.538076Z"}
{"@file":"src/psp/format_2025/operations.rs","@level":"debug","@line":37,"@message":"✅ Operations packed: result=5098676072378775046","@module":"flavor::psp::format_2025::operations","@pid":7004,"@timestamp":"2026-03-31T20:27:21.538081Z"}
{"@file":"src/psp/format_2025/operations.rs","@level":"debug","@line":60,"@message":"✅ Operations unpacked: count=8 operations=[6, 182, 235, 182, 223, 34, 194, 70]","@module":"flavor::psp::format_2025::operations","@pid":7004,"@timestamp":"2026-03-31T20:27:21.538106Z"}
{"@file":"src/psp/format_2025/operations.rs","@level":"debug","@line":37,"@message":"✅ Operations packed: result=592980054705","@module":"flavor::psp::format_2025::operations","@pid":7004,"@timestamp":"2026-03-31T20:27:21.538126Z"}
{"@file":"src/psp/format_2025/operations.rs","@level":"debug","@line":60,"@message":"✅ Operations unpacked: count=5 operations=[177, 146, 93, 16, 138]","@module":"flavor::psp::format_2025::operations","@pid":7004,"@timestamp":"2026-03-31T20:27:21.538146Z"}
{"@file":"src/psp/format_2025/operations.rs","@level":"debug","@line":60,"@message":"✅ Operations unpacked: count=8 operations=[124, 228, 253, 54, 84, 102, 116, 12]","@module":"flavor::psp::format_2025::operations","@pid":7004,"@timestamp":"2026-03-31T20:27:21.538153Z"}
{"@file":"src/psp/format_2025/operations.rs","@level":"debug","@line":37,"@message":"✅ Operations packed: result=897454737639466108","@module":"flavor::psp::format_2025::operations","@pid":7004,"@timestamp":"2026-03-31T20:27:21.538174Z"}
{"@file":"src/psp/format_2025/operations.rs","@level":"debug","@line":60,"@message":"✅ Operations unpacked: count=8 operations=[124, 228, 253, 54, 84, 102, 116, 12]","@module":"flavor::psp::format_2025::operations","@pid":7004,"@timestamp":"2026-03-31T20:27:21.538191Z"}
{"@file":"src/psp/format_2025/operations.rs","@level":"debug","@line":37,"@message":"✅ Operations packed: result=906791994537","@module":"flavor::psp::format_2025::operations","@pid":7004,"@timestamp":"2026-03-31T20:27:21.538196Z"}
{"@file":"src/psp/format_2025/operations.rs","@level":"debug","@line":60,"@message":"✅ Operations unpacked: count=5 operations=[169, 196, 3, 33, 211]","@module":"flavor::psp::format_2025::operations","@pid":7004,"@timestamp":"2026-03-31T20:27:21.538231Z"}
{"@file":"src/psp/format_2025/operations.rs","@level":"debug","@line":60,"@message":"✅ Operations unpacked: count=8 operations=[152, 104, 57, 118, 101, 199, 101, 127]","@module":"flavor::psp::format_2025::operations","@pid":7004,"@timestamp":"2026-03-31T20:27:21.538241Z"}
{"@file":"src/psp/format_2025/operations.rs","@level":"debug","@line":37,"@message":"✅ Operations packed: result=9179962654053722264","@module":"flavor::psp::format_2025::operations","@pid":7004,"@timestamp":"2026-03-31T20:27:21.538269Z"}
{"@file":"src/psp/format_2025/operations.rs","@level":"debug","@line":60,"@message":"✅ Operations unpacked: count=8 operations=[152, 104, 57, 118, 101, 199, 101, 127]","@module":"flavor::psp::format_2025::operations","@pid":7004,"@timestamp":"2026-03-31T20:27:21.538287Z"}
{"@file":"src/psp/format_2025/operations.rs","@level":"debug","@line":37,"@message":"✅ Operations packed: result=195","@module":"flavor::psp::format_2025::operations","@pid":7004,"@timestamp":"2026-03-31T20:27:21.538289Z"}
{"@file":"src/psp/format_2025/operations.rs","@level":"debug","@line":60,"@message":"✅ Operations unpacked: count=1 operations=[195]","@module":"flavor::psp::format_2025::operations","@pid":7004,"@timestamp":"2026-03-31T20:27:21.538318Z"}
{"@file":"src/psp/format_2025/operations.rs","@level":"debug","@line":60,"@message":"✅ Operations unpacked: count=8 operations=[239, 52, 58, 65, 152, 241, 253, 123]","@module":"flavor::psp::format_2025::operations","@pid":7004,"@timestamp":"2026-03-31T20:27:21.538335Z"}
{"@file":"src/psp/format_2025/operations.rs","@level":"debug","@line":37,"@message":"✅ Operations packed: result=8934562872004588783","@module":"flavor::psp::format_2025::operations","@pid":7004,"@timestamp":"2026-03-31T20:27:21.538356Z"}
{"@file":"src/psp/format_2025/operations.rs","@level":"debug","@line":37,"@message":"✅ Operations packed: result=7277617833698626323","@module":"flavor::psp::format_2025::operations","@pid":7004,"@timestamp":"2026-03-31T20:27:21.538368Z"}
{"@file":"src/psp/format_2025/operations.rs","@level":"debug","@line":60,"@message":"✅ Operations unpacked: count=8 operations=[239, 52, 58, 65, 152, 241, 253, 123]","@module":"flavor::psp::format_2025::operations","@pid":7004,"@timestamp":"2026-03-31T20:27:21.538376Z"}
{"@file":"src/psp/format_2025/operations.rs","@level":"debug","@line":60,"@message":"✅ Operations unpacked: count=8 operations=[19, 139, 167, 124, 220, 74, 255, 100]","@module":"flavor::psp::format_2025::operations","@pid":7004,"@timestamp":"2026-03-31T20:27:21.538388Z"}
{"@file":"src/psp/format_2025/operations.rs","@level":"debug","@line":60,"@message":"✅ Operations unpacked: count=8 operations=[78, 239, 147, 184, 217, 131, 90, 28]","@module":"flavor::psp::format_2025::operations","@pid":7004,"@timestamp":"2026-03-31T20:27:21.538422Z"}
{"@file":"src/psp/format_2025/operations.rs","@level":"debug","@line":37,"@message":"✅ Operations packed: result=12074313","@module":"flavor::psp::format_2025::operations","@pid":7004,"@timestamp":"2026-03-31T20:27:21.538436Z"}
{"@file":"src/psp/format_2025/operations.rs","@level":"debug","@line":37,"@message":"✅ Operations packed: result=2043090352093785934","@module":"flavor::psp::format_2025::operations","@pid":7004,"@timestamp":"2026-03-31T20:27:21.538442Z"}
{"@file":"src/psp/format_2025/operations.rs","@level":"debug","@line":60,"@message":"✅ Operations unpacked: count=3 operations=[73, 61, 184]","@module":"flavor::psp::format_2025::operations","@pid":7004,"@timestamp":"2026-03-31T20:27:21.538458Z"}
{"@file":"src/psp/format_2025/operations.rs","@level":"debug","@line":60,"@message":"✅ Operations unpacked: count=8 operations=[78, 239, 147, 184, 217, 131, 90, 28]","@module":"flavor::psp::format_2025::operations","@pid":7004,"@timestamp":"2026-03-31T20:27:21.538467Z"}
{"@file":"src/psp/format_2025/operations.rs","@level":"debug","@line":37,"@message":"✅ Operations packed: result=189567485441615","@module":"flavor::psp::format_2025::operations","@pid":7004,"@timestamp":"2026-03-31T20:27:21.538507Z"}
{"@file":"src/psp/format_2025/operations.rs","@level":"debug","@line":60,"@message":"✅ Operations unpacked: count=8 operations=[200, 74, 148, 88, 195, 250, 27, 242]","@module":"flavor::psp::format_2025::operations","@pid":7004,"@timestamp":"2026-03-31T20:27:21.538514Z"}
{"@file":"src/psp/format_2025/operations.rs","@level":"debug","@line":60,"@message":"✅ Operations unpacked: count=6 operations=[79, 118, 161, 30, 105, 172]","@module":"flavor::psp::format_2025::operations","@pid":7004,"@timestamp":"2026-03-31T20:27:21.538531Z"}
{"@file":"src/psp/format_2025/operations.rs","@level":"debug","@line":37,"@message":"✅ Operations packed: result=17445813298461428424","@module":"flavor::psp::format_2025::operations","@pid":7004,"@timestamp":"2026-03-31T20:27:21.538550Z"}
{"@file":"src/psp/format_2025/operations.rs","@level":"debug","@line":60,"@message":"✅ Operations unpacked: count=8 operations=[200, 74, 148, 88, 195, 250, 27, 242]","@module":"flavor::psp::format_2025::operations","@pid":7004,"@timestamp":"2026-03-31T20:27:21.538576Z"}
{"@file":"src/psp/format_2025/operations.rs","@level":"debug","@line":37,"@message":"✅ Operations packed: result=0","@module":"flavor::psp::format_2025::operations","@pid":7004,"@timestamp":"2026-03-31T20:27:21.538589Z"}
{"@file":"src/psp/format_2025/operations.rs","@level":"debug","@line":60,"@message":"✅ Operations unpacked: count=0 operations=[]","@module":"flavor::psp::format_2025::operations","@pid":7004,"@timestamp":"2026-03-31T20:27:21.538616Z"}
{"@file":"src/psp/format_2025/operations.rs","@level":"debug","@line":60,"@message":"✅ Operations unpacked: count=5 operations=[124, 246, 89, 87, 184]","@module":"flavor::psp::format_2025::operations","@pid":7004,"@timestamp":"2026-03-31T20:27:21.538624Z"}
{"@file":"src/psp/format_2025/operations.rs","@level":"debug","@line":37,"@message":"✅ Operations packed: result=6582691","@module":"flavor::psp::format_2025::operations","@pid":7004,"@timestamp":"2026-03-31T20:27:21.538665Z"}
{"@file":"src/psp/format_2025/operations.rs","@level":"debug","@line":37,"@message":"✅ Operations packed: result=791739496060","@module":"flavor::psp::format_2025::operations","@pid":7004,"@timestamp":"2026-03-31T20:27:21.538723Z"}
{"@file":"src/psp/format_2025/operations.rs","@level":"debug","@line":60,"@message":"✅ Operations unpacked: count=3 operations=[163, 113, 100]","@module":"flavor::psp::format_2025::operations","@pid":7004,"@timestamp":"2026-03-31T20:27:21.538737Z"}
{"@file":"src/psp/format_2025/operations.rs","@level":"debug","@line":60,"@message":"✅ Operations unpacked: count=5 operations=[124, 246, 89, 87, 184]","@module":"flavor::psp::format_2025::operations","@pid":7004,"@timestamp":"2026-03-31T20:27:21.538749Z"}
{"@file":"src/psp/format_2025/operations.rs","@level":"debug","@line":37,"@message":"✅ Operations packed: result=193289019244033","@module":"flavor::psp::format_2025::operations","@pid":7004,"@timestamp":"2026-03-31T20:27:21.538789Z"}
{"@file":"src/psp/format_2025/operations.rs","@level":"debug","@line":60,"@message":"✅ Operations unpacked: count=8 operations=[60, 15, 22, 127, 223, 16, 43, 64]","@module":"flavor::psp::format_2025::operations","@pid":7004,"@timestamp":"2026-03-31T20:27:21.538800Z"}
{"@file":"src/psp/format_2025/operations.rs","@level":"debug","@line":60,"@message":"✅ Operations unpacked: count=6 operations=[1, 190, 84, 155, 203, 175]","@module":"flavor::psp::format_2025::operations","@pid":7004,"@timestamp":"2026-03-31T20:27:21.538816Z"}
{"@file":"src/psp/format_2025/operations.rs","@level":"debug","@line":37,"@message":"✅ Operations packed: result=4623807994521849660","@module":"flavor::psp::format_2025::operations","@pid":7004,"@timestamp":"2026-03-31T20:27:21.538827Z"}
{"@file":"src/psp/format_2025/operations.rs","@level":"debug","@line":60,"@message":"✅ Operations unpacked: count=8 operations=[60, 15, 22, 127, 223, 16, 43, 64]","@module":"flavor::psp::format_2025::operations","@pid":7004,"@timestamp":"2026-03-31T20:27:21.538853Z"}
{"@file":"src/psp/format_2025/operations.rs","@level":"debug","@line":37,"@message":"✅ Operations packed: result=143","@module":"flavor::psp::format_2025::operations","@pid":7004,"@timestamp":"2026-03-31T20:27:21.538869Z"}
{"@file":"src/psp/format_2025/operations.rs","@level":"debug","@line":60,"@message":"✅ Operations unpacked: count=1 operations=[143]","@module":"flavor::psp::format_2025::operations","@pid":7004,"@timestamp":"2026-03-31T20:27:21.538921Z"}
{"@file":"src/psp/format_2025/operations.rs","@level":"debug","@line":60,"@message":"✅ Operations unpacked: count=8 operations=[22, 245, 145, 127, 149, 231, 48, 217]","@module":"flavor::psp::format_2025::operations","@pid":7004,"@timestamp":"2026-03-31T20:27:21.538900Z"}
{"@file":"src/psp/format_2025/operations.rs","@level":"debug","@line":37,"@message":"✅ Operations packed: result=15650263334388888854","@module":"flavor::psp::format_2025::operations","@pid":7004,"@timestamp":"2026-03-31T20:27:21.538972Z"}
{"@file":"src/psp/format_2025/operations.rs","@level":"debug","@line":37,"@message":"✅ Operations packed: result=40865","@module":"flavor::psp::format_2025::operations","@pid":7004,"@timestamp":"2026-03-31T20:27:21.538990Z"}
{"@file":"src/psp/format_2025/operations.rs","@level":"debug","@line":60,"@message":"✅ Operations unpacked: count=8 operations=[22, 245, 145, 127, 149, 231, 48, 217]","@module":"flavor::psp::format_2025::operations","@pid":7004,"@timestamp":"2026-03-31T20:27:21.538993Z"}
{"@file":"src/psp/format_2025/operations.rs","@level":"debug","@line":60,"@message":"✅ Operations unpacked: count=2 operations=[161, 159]","@module":"flavor::psp::format_2025::operations","@pid":7004,"@timestamp":"2026-03-31T20:27:21.539011Z"}
{"@file":"src/psp/format_2025/operations.rs","@level":"debug","@line":60,"@message":"✅ Operations unpacked: count=7 operations=[178, 141, 108, 57, 6, 118, 23]","@module":"flavor::psp::format_2025::operations","@pid":7004,"@timestamp":"2026-03-31T20:27:21.539046Z"}
{"@file":"src/psp/format_2025/operations.rs","@level":"debug","@line":37,"@message":"✅ Operations packed: result=64364","@module":"flavor::psp::format_2025::operations","@pid":7004,"@timestamp":"2026-03-31T20:27:21.539059Z"}
{"@file":"src/psp/format_2025/operations.rs","@level":"debug","@line":37,"@message":"✅ Operations packed: result=6603693569641906","@module":"flavor::psp::format_2025::operations","@pid":7004,"@timestamp":"2026-03-31T20:27:21.539067Z"}
{"@file":"src/psp/format_2025/operations.rs","@level":"debug","@line":60,"@message":"✅ Operations unpacked: count=2 operations=[108, 251]","@module":"flavor::psp::format_2025::operations","@pid":7004,"@timestamp":"2026-03-31T20:27:21.539079Z"}
{"@file":"src/psp/format_2025/operations.rs","@level":"debug","@line":60,"@message":"✅ Operations unpacked: count=7 operations=[178, 141, 108, 57, 6, 118, 23]","@module":"flavor::psp::format_2025::operations","@pid":7004,"@timestamp":"2026-03-31T20:27:21.539086Z"}
{"@file":"src/psp/format_2025/operations.rs","@level":"debug","@line":37,"@message":"✅ Operations packed: result=926077405450","@module":"flavor::psp::format_2025::operations","@pid":7004,"@timestamp":"2026-03-31T20:27:21.539127Z"}
{"@file":"src/psp/format_2025/operations.rs","@level":"debug","@line":60,"@message":"✅ Operations unpacked: count=8 operations=[143, 83, 108, 94, 165, 170, 229, 34]","@module":"flavor::psp::format_2025::operations","@pid":7004,"@timestamp":"2026-03-31T20:27:21.539131Z"}
{"@file":"src/psp/format_2025/operations.rs","@level":"debug","@line":60,"@message":"✅ Operations unpacked: count=5 operations=[10, 201, 131, 158, 215]","@module":"flavor::psp::format_2025::operations","@pid":7004,"@timestamp":"2026-03-31T20:27:21.539148Z"}
{"@file":"src/psp/format_2025/operations.rs","@level":"debug","@line":37,"@message":"✅ Operations packed: result=2514603594186773391","@module":"flavor::psp::format_2025::operations","@pid":7004,"@timestamp":"2026-03-31T20:27:21.539157Z"}
{"@file":"src/psp/format_2025/operations.rs","@level":"debug","@line":60,"@message":"✅ Operations unpacked: count=8 operations=[143, 83, 108, 94, 165, 170, 229, 34]","@module":"flavor::psp::format_2025::operations","@pid":7004,"@timestamp":"2026-03-31T20:27:21.539175Z"}
{"@file":"src/psp/format_2025/operations.rs","@level":"debug","@line":37,"@message":"✅ Operations packed: result=27011728113651494","@module":"flavor::psp::format_2025::operations","@pid":7004,"@timestamp":"2026-03-31T20:27:21.539195Z"}
{"@file":"src/psp/format_2025/operations.rs","@level":"debug","@line":60,"@message":"✅ Operations unpacked: count=7 operations=[38, 207, 251, 10, 6, 247, 95]","@module":"flavor::psp::format_2025::operations","@pid":7004,"@timestamp":"2026-03-31T20:27:21.539216Z"}
{"@file":"src/psp/format_2025/operations.rs","@level":"debug","@line":60,"@message":"✅ Operations unpacked: count=8 operations=[208, 49, 186, 168, 77, 66, 46, 81]","@module":"flavor::psp::format_2025::operations","@pid":7004,"@timestamp":"2026-03-31T20:27:21.539220Z"}
{"@file":"src/psp/format_2025/operations.rs","@level":"debug","@line":37,"@message":"✅ Operations packed: result=5849685867311542736","@module":"flavor::psp::format_2025::operations","@pid":7004,"@timestamp":"2026-03-31T20:27:21.539240Z"}
{"@file":"src/psp/format_2025/operations.rs","@level":"debug","@line":60,"@message":"✅ Operations unpacked: count=8 operations=[208, 49, 186, 168, 77, 66, 46, 81]","@module":"flavor::psp::format_2025::operations","@pid":7004,"@timestamp":"2026-03-31T20:27:21.539258Z"}
{"@file":"src/psp/format_2025/operations.rs","@level":"debug","@line":37,"@message":"✅ Operations packed: result=196145090","@module":"flavor::psp::format_2025::operations","@pid":7004,"@timestamp":"2026-03-31T20:27:21.539262Z"}
{"@file":"src/psp/format_2025/operations.rs","@level":"debug","@line":60,"@message":"✅ Operations unpacked: count=4 operations=[194, 239, 176, 11]","@module":"flavor::psp::format_2025::operations","@pid":7004,"@timestamp":"2026-03-31T20:27:21.539301Z"}
{"@file":"src/psp/format_2025/operations.rs","@level":"debug","@line":60,"@message":"✅ Operations unpacked: count=8 operations=[177, 50, 166, 89, 17, 234, 203, 124]","@module":"flavor::psp::format_2025::operations","@pid":7004,"@timestamp":"2026-03-31T20:27:21.539305Z"}
{"@file":"src/psp/format_2025/operations.rs","@level":"debug","@line":37,"@message":"✅ Operations packed: result=8992538441214735025","@module":"flavor::psp::format_2025::operations","@pid":7004,"@timestamp":"2026-03-31T20:27:21.539340Z"}
{"@file":"src/psp/format_2025/operations.rs","@level":"debug","@line":37,"@message":"✅ Operations packed: result=14861658","@module":"flavor::psp::format_2025::operations","@pid":7004,"@timestamp":"2026-03-31T20:27:21.539353Z"}
{"@file":"src/psp/format_2025/operations.rs","@level":"debug","@line":60,"@message":"✅ Operations unpacked: count=8 operations=[177, 50, 166, 89, 17, 234, 203, 124]","@module":"flavor::psp::format_2025::operations","@pid":7004,"@timestamp":"2026-03-31T20:27:21.539362Z"}
{"@file":"src/psp/format_2025/operations.rs","@level":"debug","@line":60,"@message":"✅ Operations unpacked: count=3 operations=[90, 197, 226]","@module":"flavor::psp::format_2025::operations","@pid":7004,"@timestamp":"2026-03-31T20:27:21.539383Z"}
{"@file":"src/psp/format_2025/operations.rs","@level":"debug","@line":60,"@message":"✅ Operations unpacked: count=8 operations=[37, 210, 213, 142, 85, 163, 218, 179]","@module":"flavor::psp::format_2025::operations","@pid":7004,"@timestamp":"2026-03-31T20:27:21.539424Z"}
{"@file":"src/psp/format_2025/operations.rs","@level":"debug","@line":37,"@message":"✅ Operations packed: result=13152939","@module":"flavor::psp::format_2025::operations","@pid":7004,"@timestamp":"2026-03-31T20:27:21.539435Z"}
{"@file":"src/psp/format_2025/operations.rs","@level":"debug","@line":37,"@message":"✅ Operations packed: result=12959850465575948837","@module":"flavor::psp::format_2025::operations","@pid":7004,"@timestamp":"2026-03-31T20:27:21.539451Z"}
{"@file":"src/psp/format_2025/operations.rs","@level":"debug","@line":60,"@message":"✅ Operations unpacked: count=3 operations=[171, 178, 200]","@module":"flavor::psp::format_2025::operations","@pid":7004,"@timestamp":"2026-03-31T20:27:21.539462Z"}
{"@file":"src/psp/format_2025/operations.rs","@level":"debug","@line":60,"@message":"✅ Operations unpacked: count=8 operations=[37, 210, 213, 142, 85, 163, 218, 179]","@module":"flavor::psp::format_2025::operations","@pid":7004,"@timestamp":"2026-03-31T20:27:21.539477Z"}
{"@file":"src/psp/format_2025/operations.rs","@level":"debug","@line":37,"@message":"✅ Operations packed: result=0","@module":"flavor::psp::format_2025::operations","@pid":7004,"@timestamp":"2026-03-31T20:27:21.539519Z"}
{"@file":"src/psp/format_2025/operations.rs","@level":"debug","@line":60,"@message":"✅ Operations unpacked: count=2 operations=[93, 47]","@module":"flavor::psp::format_2025::operations","@pid":7004,"@timestamp":"2026-03-31T20:27:21.539531Z"}
{"@file":"src/psp/format_2025/operations.rs","@level":"debug","@line":60,"@message":"✅ Operations unpacked: count=0 operations=[]","@module":"flavor::psp::format_2025::operations","@pid":7004,"@timestamp":"2026-03-31T20:27:21.539545Z"}
{"@file":"src/psp/format_2025/operations.rs","@level":"debug","@line":37,"@message":"✅ Operations packed: result=12125","@module":"flavor::psp::format_2025::operations","@pid":7004,"@timestamp":"2026-03-31T20:27:21.539557Z"}
{"@file":"src/psp/format_2025/operations.rs","@level":"debug","@line":60,"@message":"✅ Operations unpacked: count=2 operations=[93, 47]","@module":"flavor::psp::format_2025::operations","@pid":7004,"@timestamp":"2026-03-31T20:27:21.539581Z"}
{"@file":"src/psp/format_2025/operations.rs","@level":"debug","@line":37,"@message":"✅ Operations packed: result=3465018382","@module":"flavor::psp::format_2025::operations","@pid":7004,"@timestamp":"2026-03-31T20:27:21.539602Z"}
{"@file":"src/psp/format_2025/operations.rs","@level":"debug","@line":60,"@message":"✅ Operations unpacked: count=4 operations=[14, 252, 135, 206]","@module":"flavor::psp::format_2025::operations","@pid":7004,"@timestamp":"2026-03-31T20:27:21.539631Z"}
{"@file":"src/psp/format_2025/operations.rs","@level":"debug","@line":60,"@message":"✅ Operations unpacked: count=8 operations=[171, 27, 8, 165, 44, 186, 187, 29]","@module":"flavor::psp::format_2025::operations","@pid":7004,"@timestamp":"2026-03-31T20:27:21.539649Z"}
{"@file":"src/psp/format_2025/operations.rs","@level":"debug","@line":37,"@message":"✅ Operations packed: result=2142510748654902187","@module":"flavor::psp::format_2025::operations","@pid":7004,"@timestamp":"2026-03-31T20:27:21.539673Z"}
{"@file":"src/psp/format_2025/operations.rs","@level":"debug","@line":37,"@message":"✅ Operations packed: result=0","@module":"flavor::psp::format_2025::operations","@pid":7004,"@timestamp":"2026-03-31T20:27:21.539678Z"}
{"@file":"src/psp/format_2025/operations.rs","@level":"debug","@line":60,"@message":"✅ Operations unpacked: count=8 operations=[171, 27, 8, 165, 44, 186, 187, 29]","@module":"flavor::psp::format_2025::operations","@pid":7004,"@timestamp":"2026-03-31T20:27:21.539694Z"}
{"@file":"src/psp/format_2025/operations.rs","@level":"debug","@line":60,"@message":"✅ Operations unpacked: count=0 operations=[]","@module":"flavor::psp::format_2025::operations","@pid":7004,"@timestamp":"2026-03-31T20:27:21.539717Z"}
{"@file":"src/psp/format_2025/operations.rs","@level":"debug","@line":60,"@message":"✅ Operations unpacked: count=8 operations=[104, 50, 78, 39, 226, 236, 193, 108]","@module":"flavor::psp::format_2025::operations","@pid":7004,"@timestamp":"2026-03-31T20:27:21.539760Z"}
{"@file":"src/psp/format_2025/operations.rs","@level":"debug","@line":37,"@message":"✅ Operations packed: result=0","@module":"flavor::psp::format_2025::operations","@pid":7004,"@timestamp":"2026-03-31T20:27:21.539771Z"}
{"@file":"src/psp/format_2025/operations.rs","@level":"debug","@line":37,"@message":"✅ Operations packed: result=7836805282667573864","@module":"flavor::psp::format_2025::operations","@pid":7004,"@timestamp":"2026-03-31T20:27:21.539786Z"}
{"@file":"src/psp/format_2025/operations.rs","@level":"debug","@line":60,"@message":"✅ Operations unpacked: count=0 operations=[]","@module":"flavor::psp::format_2025::operations","@pid":7004,"@timestamp":"2026-03-31T20:27:21.539810Z"}
{"@file":"src/psp/format_2025/operations.rs","@level":"debug","@line":60,"@message":"✅ Operations unpacked: count=8 operations=[104, 50, 78, 39, 226, 236, 193, 108]","@module":"flavor::psp::format_2025::operations","@pid":7004,"@timestamp":"2026-03-31T20:27:21.539820Z"}
{"@file":"src/psp/format_2025/operations.rs","@level":"debug","@line":37,"@message":"✅ Operations packed: result=78","@module":"flavor::psp::format_2025::operations","@pid":7004,"@timestamp":"2026-03-31T20:27:21.539858Z"}
{"@file":"src/psp/format_2025/operations.rs","@level":"debug","@line":60,"@message":"✅ Operations unpacked: count=8 operations=[171, 130, 77, 12, 239, 136, 175, 248]","@module":"flavor::psp::format_2025::operations","@pid":7004,"@timestamp":"2026-03-31T20:27:21.539868Z"}
{"@file":"src/psp/format_2025/operations.rs","@level":"debug","@line":60,"@message":"✅ Operations unpacked: count=1 operations=[78]","@module":"flavor::psp::format_2025::operations","@pid":7004,"@timestamp":"2026-03-31T20:27:21.539877Z"}
{"@file":"src/psp/format_2025/operations.rs","@level":"debug","@line":37,"@message":"✅ Operations packed: result=17919692002615460523","@module":"flavor::psp::format_2025::operations","@pid":7004,"@timestamp":"2026-03-31T20:27:21.539894Z"}
{"@file":"src/psp/format_2025/operations.rs","@level":"debug","@line":60,"@message":"✅ Operations unpacked: count=8 operations=[171, 130, 77, 12, 239, 136, 175, 248]","@module":"flavor::psp::format_2025::operations","@pid":7004,"@timestamp":"2026-03-31T20:27:21.539934Z"}
{"@file":"src/psp/format_2025/operations.rs","@level":"debug","@line":37,"@message":"✅ Operations packed: result=573771306928","@module":"flavor::psp::format_2025::operations","@pid":7004,"@timestamp":"2026-03-31T20:27:21.539977Z"}
{"@file":"src/psp/format_2025/operations.rs","@level":"debug","@line":60,"@message":"✅ Operations unpacked: count=8 operations=[194, 77, 144, 45, 142, 220, 48, 67]","@module":"flavor::psp::format_2025::operations","@pid":7004,"@timestamp":"2026-03-31T20:27:21.539984Z"}
{"@file":"src/psp/format_2025/operations.rs","@level":"debug","@line":60,"@message":"✅ Operations unpacked: count=5 operations=[176, 87, 111, 151, 133]","@module":"flavor::psp::format_2025::operations","@pid":7004,"@timestamp":"2026-03-31T20:27:21.540000Z"}
{"@file":"src/psp/format_2025/operations.rs","@level":"debug","@line":37,"@message":"✅ Operations packed: result=4841612102631181762","@module":"flavor::psp::format_2025::operations","@pid":7004,"@timestamp":"2026-03-31T20:27:21.540006Z"}
{"@file":"src/psp/format_2025/operations.rs","@level":"debug","@line":60,"@message":"✅ Operations unpacked: count=8 operations=[194, 77, 144, 45, 142, 220, 48, 67]","@module":"flavor::psp::format_2025::operations","@pid":7004,"@timestamp":"2026-03-31T20:27:21.540029Z"}
{"@file":"src/psp/format_2025/operations.rs","@level":"debug","@line":37,"@message":"✅ Operations packed: result=13308050","@module":"flavor::psp::format_2025::operations","@pid":7004,"@timestamp":"2026-03-31T20:27:21.540049Z"}
{"@file":"src/psp/format_2025/operations.rs","@level":"debug","@line":60,"@message":"✅ Operations unpacked: count=3 operations=[146, 16, 203]","@module":"flavor::psp::format_2025::operations","@pid":7004,"@timestamp":"2026-03-31T20:27:21.540068Z"}
{"@file":"src/psp/format_2025/operations.rs","@level":"debug","@line":60,"@message":"✅ Operations unpacked: count=8 operations=[68, 103, 183, 43, 140, 216, 224, 237]","@module":"flavor::psp::format_2025::operations","@pid":7004,"@timestamp":"2026-03-31T20:27:21.540076Z"}
{"@file":"src/psp/format_2025/operations.rs","@level":"debug","@line":37,"@message":"✅ Operations packed: result=17140938278312568644","@module":"flavor::psp::format_2025::operations","@pid":7004,"@timestamp":"2026-03-31T20:27:21.540097Z"}
{"@file":"src/psp/format_2025/operations.rs","@level":"debug","@line":37,"@message":"✅ Operations packed: result=31915","@module":"flavor::psp::format_2025::operations","@pid":7004,"@timestamp":"2026-03-31T20:27:21.540115Z"}
{"@file":"src/psp/format_2025/operations.rs","@level":"debug","@line":60,"@message":"✅ Operations unpacked: count=8 operations=[68, 103, 183, 43, 140, 216, 224, 237]","@module":"flavor::psp::format_2025::operations","@pid":7004,"@timestamp":"2026-03-31T20:27:21.540114Z"}
{"@file":"src/psp/format_2025/operations.rs","@level":"debug","@line":60,"@message":"✅ Operations unpacked: count=2 operations=[171, 124]","@module":"flavor::psp::format_2025::operations","@pid":7004,"@timestamp":"2026-03-31T20:27:21.540139Z"}
{"@file":"src/psp/format_2025/operations.rs","@level":"debug","@line":60,"@message":"✅ Operations unpacked: count=8 operations=[222, 101, 34, 163, 138, 204, 30, 185]","@module":"flavor::psp::format_2025::operations","@pid":7004,"@timestamp":"2026-03-31T20:27:21.540189Z"}
{"@file":"src/psp/format_2025/operations.rs","@level":"debug","@line":37,"@message":"✅ Operations packed: result=2804950698","@module":"flavor::psp::format_2025::operations","@pid":7004,"@timestamp":"2026-03-31T20:27:21.540201Z"}
{"@file":"src/psp/format_2025/operations.rs","@level":"debug","@line":37,"@message":"✅ Operations packed: result=13339324042132481502","@module":"flavor::psp::format_2025::operations","@pid":7004,"@timestamp":"2026-03-31T20:27:21.540227Z"}
{"@file":"src/psp/format_2025/operations.rs","@level":"debug","@line":60,"@message":"✅ Operations unpacked: count=4 operations=[170, 38, 48, 167]","@module":"flavor::psp::format_2025::operations","@pid":7004,"@timestamp":"2026-03-31T20:27:21.540240Z"}
{"@file":"src/psp/format_2025/operations.rs","@level":"debug","@line":60,"@message":"✅ Operations unpacked: count=8 operations=[222, 101, 34, 163, 138, 204, 30, 185]","@module":"flavor::psp::format_2025::operations","@pid":7004,"@timestamp":"2026-03-31T20:27:21.540253Z"}
{"@file":"src/psp/format_2025/operations.rs","@level":"debug","@line":37,"@message":"✅ Operations packed: result=149","@module":"flavor::psp::format_2025::operations","@pid":7004,"@timestamp":"2026-03-31T20:27:21.540297Z"}
{"@file":"src/psp/format_2025/operations.rs","@level":"debug","@line":60,"@message":"✅ Operations unpacked: count=8 operations=[248, 16, 236, 133, 120, 233, 144, 46]","@module":"flavor::psp::format_2025::operations","@pid":7004,"@timestamp":"2026-03-31T20:27:21.540307Z"}
{"@file":"src/psp/format_2025/operations.rs","@level":"debug","@line":60,"@message":"✅ Operations unpacked: count=1 operations=[149]","@module":"flavor::psp::format_2025::operations","@pid":7004,"@timestamp":"2026-03-31T20:27:21.540323Z"}
{"@file":"src/psp/format_2025/operations.rs","@level":"debug","@line":37,"@message":"✅ Operations packed: result=3355438426243207416","@module":"flavor::psp::format_2025::operations","@pid":7004,"@timestamp":"2026-03-31T20:27:21.540332Z"}
{"@file":"src/psp/format_2025/operations.rs","@level":"debug","@line":60,"@message":"✅ Operations unpacked: count=8 operations=[248, 16, 236, 133, 120, 233, 144, 46]","@module":"flavor::psp::format_2025::operations","@pid":7004,"@timestamp":"2026-03-31T20:27:21.540358Z"}
{"@file":"src/psp/format_2025/operations.rs","@level":"debug","@line":37,"@message":"✅ Operations packed: result=3711590023","@module":"flavor::psp::format_2025::operations","@pid":7004,"@timestamp":"2026-03-31T20:27:21.540375Z"}
{"@file":"src/psp/format_2025/operations.rs","@level":"debug","@line":60,"@message":"✅ Operations unpacked: count=4 operations=[135, 94, 58, 221]","@module":"flavor::psp::format_2025::operations","@pid":7004,"@timestamp":"2026-03-31T20:27:21.540401Z"}
{"@file":"src/psp/format_2025/operations.rs","@level":"debug","@line":60,"@message":"✅ Operations unpacked: count=8 operations=[21, 248, 50, 177, 135, 206, 92, 97]","@module":"flavor::psp::format_2025::operations","@pid":7004,"@timestamp":"2026-03-31T20:27:21.540404Z"}
{"@file":"src/psp/format_2025/operations.rs","@level":"debug","@line":37,"@message":"✅ Operations packed: result=7015709401725204501","@module":"flavor::psp::format_2025::operations","@pid":7004,"@timestamp":"2026-03-31T20:27:21.540448Z"}
{"@file":"src/psp/format_2025/operations.rs","@level":"debug","@line":37,"@message":"✅ Operations packed: result=883921924159","@module":"flavor::psp::format_2025::operations","@pid":7004,"@timestamp":"2026-03-31T20:27:21.540459Z"}
{"@file":"src/psp/format_2025/operations.rs","@level":"debug","@line":60,"@message":"✅ Operations unpacked: count=8 operations=[21, 248, 50, 177, 135, 206, 92, 97]","@module":"flavor::psp::format_2025::operations","@pid":7004,"@timestamp":"2026-03-31T20:27:21.540470Z"}
{"@file":"src/psp/format_2025/operations.rs","@level":"debug","@line":60,"@message":"✅ Operations unpacked: count=5 operations=[63, 48, 218, 205, 205]","@module":"flavor::psp::format_2025::operations","@pid":7004,"@timestamp":"2026-03-31T20:27:21.540479Z"}
{"@file":"src/psp/format_2025/operations.rs","@level":"debug","@line":60,"@message":"✅ Operations unpacked: count=8 operations=[237, 89, 123, 3, 60, 159, 155, 106]","@module":"flavor::psp::format_2025::operations","@pid":7004,"@timestamp":"2026-03-31T20:27:21.540519Z"}
{"@file":"src/psp/format_2025/operations.rs","@level":"debug","@line":37,"@message":"✅ Operations packed: result=26671484883286","@module":"flavor::psp::format_2025::operations","@pid":7004,"@timestamp":"2026-03-31T20:27:21.540526Z"}
{"@file":"src/psp/format_2025/operations.rs","@level":"debug","@line":37,"@message":"✅ Operations packed: result=7681908669515782637","@module":"flavor::psp::format_2025::operations","@pid":7004,"@timestamp":"2026-03-31T20:27:21.540543Z"}
{"@file":"src/psp/format_2025/operations.rs","@level":"debug","@line":60,"@message":"✅ Operations unpacked: count=6 operations=[86, 209, 97, 240, 65, 24]","@module":"flavor::psp::format_2025::operations","@pid":7004,"@timestamp":"2026-03-31T20:27:21.540554Z"}
{"@file":"src/psp/format_2025/operations.rs","@level":"debug","@line":60,"@message":"✅ Operations unpacked: count=8 operations=[237, 89, 123, 3, 60, 159, 155, 106]","@module":"flavor::psp::format_2025::operations","@pid":7004,"@timestamp":"2026-03-31T20:27:21.540561Z"}
{"@file":"src/psp/format_2025/operations.rs","@level":"debug","@line":37,"@message":"✅ Operations packed: result=46","@module":"flavor::psp::format_2025::operations","@pid":7004,"@timestamp":"2026-03-31T20:27:21.540607Z"}
{"@file":"src/psp/format_2025/operations.rs","@level":"debug","@line":60,"@message":"✅ Operations unpacked: count=8 operations=[187, 117, 43, 211, 94, 141, 29, 253]","@module":"flavor::psp::format_2025::operations","@pid":7004,"@timestamp":"2026-03-31T20:27:21.540615Z"}
{"@file":"src/psp/format_2025/operations.rs","@level":"debug","@line":60,"@message":"✅ Operations unpacked: count=1 operations=[46]","@module":"flavor::psp::format_2025::operations","@pid":7004,"@timestamp":"2026-03-31T20:27:21.540627Z"}
{"@file":"src/psp/format_2025/operations.rs","@level":"debug","@line":37,"@message":"✅ Operations packed: result=18238889504329659835","@module":"flavor::psp::format_2025::operations","@pid":7004,"@timestamp":"2026-03-31T20:27:21.540636Z"}
{"@file":"src/psp/format_2025/operations.rs","@level":"debug","@line":60,"@message":"✅ Operations unpacked: count=8 operations=[187, 117, 43, 211, 94, 141, 29, 253]","@module":"flavor::psp::format_2025::operations","@pid":7004,"@timestamp":"2026-03-31T20:27:21.540654Z"}
{"@file":"src/psp/format_2025/operations.rs","@level":"debug","@line":37,"@message":"✅ Operations packed: result=0","@module":"flavor::psp::format_2025::operations","@pid":7004,"@timestamp":"2026-03-31T20:27:21.540692Z"}
{"@file":"src/psp/format_2025/operations.rs","@level":"debug","@line":60,"@message":"✅ Operations unpacked: count=8 operations=[70, 184, 153, 84, 28, 234, 99, 141]","@module":"flavor::psp::format_2025::operations","@pid":7004,"@timestamp":"2026-03-31T20:27:21.540699Z"}
{"@file":"src/psp/format_2025/operations.rs","@level":"debug","@line":60,"@message":"✅ Operations unpacked: count=0 operations=[]","@module":"flavor::psp::format_2025::operations","@pid":7004,"@timestamp":"2026-03-31T20:27:21.540724Z"}
{"@file":"src/psp/format_2025/operations.rs","@level":"debug","@line":37,"@message":"✅ Operations packed: result=10188244189441538118","@module":"flavor::psp::format_2025::operations","@pid":7004,"@timestamp":"2026-03-31T20:27:21.540738Z"}
{"@file":"src/psp/format_2025/operations.rs","@level":"debug","@line":60,"@message":"✅ Operations unpacked: count=8 operations=[70, 184, 153, 84, 28, 234, 99, 141]","@module":"flavor::psp::format_2025::operations","@pid":7004,"@timestamp":"2026-03-31T20:27:21.540764Z"}
{"@file":"src/psp/format_2025/operations.rs","@level":"debug","@line":37,"@message":"✅ Operations packed: result=600753787757","@module":"flavor::psp::format_2025::operations","@pid":7004,"@timestamp":"2026-03-31T20:27:21.540778Z"}
{"@file":"src/psp/format_2025/operations.rs","@level":"debug","@line":60,"@message":"✅ Operations unpacked: count=5 operations=[109, 83, 183, 223, 139]","@module":"flavor::psp::format_2025::operations","@pid":7004,"@timestamp":"2026-03-31T20:27:21.540806Z"}
{"@file":"src/psp/format_2025/operations.rs","@level":"debug","@line":60,"@message":"✅ Operations unpacked: count=8 operations=[1, 240, 232, 188, 15, 32, 248, 14]","@module":"flavor::psp::format_2025::operations","@pid":7004,"@timestamp":"2026-03-31T20:27:21.540811Z"}
{"@file":"src/psp/format_2025/operations.rs","@level":"debug","@line":37,"@message":"✅ Operations packed: result=1078647362721214465","@module":"flavor::psp::format_2025::operations","@pid":7004,"@timestamp":"2026-03-31T20:27:21.540838Z"}
{"@file":"src/psp/format_2025/operations.rs","@level":"debug","@line":37,"@message":"✅ Operations packed: result=0","@module":"flavor::psp::format_2025::operations","@pid":7004,"@timestamp":"2026-03-31T20:27:21.540855Z"}
{"@file":"src/psp/format_2025/operations.rs","@level":"debug","@line":60,"@message":"✅ Operations unpacked: count=8 operations=[1, 240, 232, 188, 15, 32, 248, 14]","@module":"flavor::psp::format_2025::operations","@pid":7004,"@timestamp":"2026-03-31T20:27:21.540857Z"}
{"@file":"src/psp/format_2025/operations.rs","@level":"debug","@line":60,"@message":"✅ Operations unpacked: count=0 operations=[]","@module":"flavor::psp::format_2025::operations","@pid":7004,"@timestamp":"2026-03-31T20:27:21.540889Z"}
{"@file":"src/psp/format_2025/operations.rs","@level":"debug","@line":60,"@message":"✅ Operations unpacked: count=8 operations=[28, 211, 57, 105, 33, 109, 214, 253]","@module":"flavor::psp::format_2025::operations","@pid":7004,"@timestamp":"2026-03-31T20:27:21.540930Z"}
{"@file":"src/psp/format_2025/operations.rs","@level":"debug","@line":37,"@message":"✅ Operations packed: result=633573009341","@module":"flavor::psp::format_2025::operations","@pid":7004,"@timestamp":"2026-03-31T20:27:21.540942Z"}
{"@file":"src/psp/format_2025/operations.rs","@level":"debug","@line":37,"@message":"✅ Operations packed: result=18290926926878593820","@module":"flavor::psp::format_2025::operations","@pid":7004,"@timestamp":"2026-03-31T20:27:21.540956Z"}
{"@file":"src/psp/format_2025/operations.rs","@level":"debug","@line":60,"@message":"✅ Operations unpacked: count=5 operations=[189, 231, 228, 131, 147]","@module":"flavor::psp::format_2025::operations","@pid":7004,"@timestamp":"2026-03-31T20:27:21.540971Z"}
{"@file":"src/psp/format_2025/operations.rs","@level":"debug","@line":60,"@message":"✅ Operations unpacked: count=8 operations=[28, 211, 57, 105, 33, 109, 214, 253]","@module":"flavor::psp::format_2025::operations","@pid":7004,"@timestamp":"2026-03-31T20:27:21.540981Z"}
{"@file":"src/psp/format_2025/operations.rs","@level":"debug","@line":37,"@message":"✅ Operations packed: result=568617016556","@module":"flavor::psp::format_2025::operations","@pid":7004,"@timestamp":"2026-03-31T20:27:21.541026Z"}
{"@file":"src/psp/format_2025/operations.rs","@level":"debug","@line":60,"@message":"✅ Operations unpacked: count=8 operations=[177, 231, 216, 61, 221, 170, 63, 18]","@module":"flavor::psp::format_2025::operations","@pid":7004,"@timestamp":"2026-03-31T20:27:21.541035Z"}
{"@file":"src/psp/format_2025/operations.rs","@level":"debug","@line":60,"@message":"✅ Operations unpacked: count=5 operations=[236, 28, 55, 100, 132]","@module":"flavor::psp::format_2025::operations","@pid":7004,"@timestamp":"2026-03-31T20:27:21.541054Z"}
{"@file":"src/psp/format_2025/operations.rs","@level":"debug","@line":37,"@message":"✅ Operations packed: result=1314957483417593777","@module":"flavor::psp::format_2025::operations","@pid":7004,"@timestamp":"2026-03-31T20:27:21.541069Z"}
{"@file":"src/psp/format_2025/operations.rs","@level":"debug","@line":60,"@message":"✅ Operations unpacked: count=8 operations=[177, 231, 216, 61, 221, 170, 63, 18]","@module":"flavor::psp::format_2025::operations","@pid":7004,"@timestamp":"2026-03-31T20:27:21.541091Z"}
{"@file":"src/psp/format_2025/operations.rs","@level":"debug","@line":37,"@message":"✅ Operations packed: result=290166","@module":"flavor::psp::format_2025::operations","@pid":7004,"@timestamp":"2026-03-31T20:27:21.541102Z"}
{"@file":"src/psp/format_2025/operations.rs","@level":"debug","@line":60,"@message":"✅ Operations unpacked: count=3 operations=[118, 109, 4]","@module":"flavor::psp::format_2025::operations","@pid":7004,"@timestamp":"2026-03-31T20:27:21.541123Z"}
{"@file":"src/psp/format_2025/operations.rs","@level":"debug","@line":60,"@message":"✅ Operations unpacked: count=8 operations=[59, 71, 69, 226, 173, 245, 189, 197]","@module":"flavor::psp::format_2025::operations","@pid":7004,"@timestamp":"2026-03-31T20:27:21.541140Z"}
{"@file":"src/psp/format_2025/operations.rs","@level":"debug","@line":37,"@message":"✅ Operations packed: result=14248814923244455739","@module":"flavor::psp::format_2025::operations","@pid":7004,"@timestamp":"2026-03-31T20:27:21.541162Z"}
{"@file":"src/psp/format_2025/operations.rs","@level":"debug","@line":37,"@message":"✅ Operations packed: result=251","@module":"flavor::psp::format_2025::operations","@pid":7004,"@timestamp":"2026-03-31T20:27:21.541168Z"}
{"@file":"src/psp/format_2025/operations.rs","@level":"debug","@line":60,"@message":"✅ Operations unpacked: count=8 operations=[59, 71, 69, 226, 173, 245, 189, 197]","@module":"flavor::psp::format_2025::operations","@pid":7004,"@timestamp":"2026-03-31T20:27:21.541181Z"}
{"@file":"src/psp/format_2025/operations.rs","@level":"debug","@line":60,"@message":"✅ Operations unpacked: count=1 operations=[251]","@module":"flavor::psp::format_2025::operations","@pid":7004,"@timestamp":"2026-03-31T20:27:21.541186Z"}
{"@file":"src/psp/format_2025/operations.rs","@level":"debug","@line":60,"@message":"✅ Operations unpacked: count=8 operations=[85, 217, 254, 201, 125, 89, 79, 14]","@module":"flavor::psp::format_2025::operations","@pid":7004,"@timestamp":"2026-03-31T20:27:21.541231Z"}
{"@file":"src/psp/format_2025/operations.rs","@level":"debug","@line":37,"@message":"✅ Operations packed: result=1969467029","@module":"flavor::psp::format_2025::operations","@pid":7004,"@timestamp":"2026-03-31T20:27:21.541251Z"}
{"@file":"src/psp/format_2025/operations.rs","@level":"debug","@line":37,"@message":"✅ Operations packed: result=1031141236485839189","@module":"flavor::psp::format_2025::operations","@pid":7004,"@timestamp":"2026-03-31T20:27:21.541258Z"}
{"@file":"src/psp/format_2025/operations.rs","@level":"debug","@line":60,"@message":"✅ Operations unpacked: count=4 operations=[149, 174, 99, 117]","@module":"flavor::psp::format_2025::operations","@pid":7004,"@timestamp":"2026-03-31T20:27:21.541280Z"}
{"@file":"src/psp/format_2025/operations.rs","@level":"debug","@line":60,"@message":"✅ Operations unpacked: count=8 operations=[85, 217, 254, 201, 125, 89, 79, 14]","@module":"flavor::psp::format_2025::operations","@pid":7004,"@timestamp":"2026-03-31T20:27:21.541291Z"}
{"@file":"src/psp/format_2025/operations.rs","@level":"debug","@line":37,"@message":"✅ Operations packed: result=3939549241","@module":"flavor::psp::format_2025::operations","@pid":7004,"@timestamp":"2026-03-31T20:27:21.541340Z"}
{"@file":"src/psp/format_2025/operations.rs","@level":"debug","@line":60,"@message":"✅ Operations unpacked: count=8 operations=[128, 25, 45, 99, 189, 56, 134, 155]","@module":"flavor::psp::format_2025::operations","@pid":7004,"@timestamp":"2026-03-31T20:27:21.541350Z"}
{"@file":"src/psp/format_2025/operations.rs","@level":"debug","@line":60,"@message":"✅ Operations unpacked: count=4 operations=[57, 192, 208, 234]","@module":"flavor::psp::format_2025::operations","@pid":7004,"@timestamp":"2026-03-31T20:27:21.541365Z"}
{"@file":"src/psp/format_2025/operations.rs","@level":"debug","@line":37,"@message":"✅ Operations packed: result=11206707108821932416","@module":"flavor::psp::format_2025::operations","@pid":7004,"@timestamp":"2026-03-31T20:27:21.541372Z"}
{"@file":"src/psp/format_2025/operations.rs","@level":"debug","@line":60,"@message":"✅ Operations unpacked: count=8 operations=[128, 25, 45, 99, 189, 56, 134, 155]","@module":"flavor::psp::format_2025::operations","@pid":7004,"@timestamp":"2026-03-31T20:27:21.541389Z"}
test psp::format_2025::operations::tests::prop_pack_unpack_roundtrip ... ok
{"@file":"src/psp/format_2025/operations.rs","@level":"debug","@line":60,"@message":"✅ Operations unpacked: count=8 operations=[243, 214, 6, 136, 141, 110, 4, 90]","@module":"flavor::psp::format_2025::operations","@pid":7004,"@timestamp":"2026-03-31T20:27:21.541434Z"}
{"@file":"src/psp/format_2025/operations.rs","@level":"debug","@line":37,"@message":"✅ Operations packed: result=6486430917471950579","@module":"flavor::psp::format_2025::operations","@pid":7004,"@timestamp":"2026-03-31T20:27:21.541462Z"}
{"@file":"src/psp/format_2025/operations.rs","@level":"debug","@line":60,"@message":"✅ Operations unpacked: count=8 operations=[243, 214, 6, 136, 141, 110, 4, 90]","@module":"flavor::psp::format_2025::operations","@pid":7004,"@timestamp":"2026-03-31T20:27:21.541480Z"}
{"@file":"src/psp/format_2025/operations.rs","@level":"debug","@line":60,"@message":"✅ Operations unpacked: count=8 operations=[56, 175, 12, 254, 55, 246, 125, 72]","@module":"flavor::psp::format_2025::operations","@pid":7004,"@timestamp":"2026-03-31T20:27:21.541526Z"}
{"@file":"src/psp/format_2025/operations.rs","@level":"debug","@line":37,"@message":"✅ Operations packed: result=5223601863165521720","@module":"flavor::psp::format_2025::operations","@pid":7004,"@timestamp":"2026-03-31T20:27:21.541546Z"}
{"@file":"src/psp/format_2025/operations.rs","@level":"debug","@line":60,"@message":"✅ Operations unpacked: count=8 operations=[56, 175, 12, 254, 55, 246, 125, 72]","@module":"flavor::psp::format_2025::operations","@pid":7004,"@timestamp":"2026-03-31T20:27:21.541567Z"}
{"@file":"src/psp/format_2025/operations.rs","@level":"debug","@line":60,"@message":"✅ Operations unpacked: count=8 operations=[94, 170, 65, 118, 134, 238, 176, 173]","@module":"flavor::psp::format_2025::operations","@pid":7004,"@timestamp":"2026-03-31T20:27:21.541614Z"}
{"@file":"src/psp/format_2025/operations.rs","@level":"debug","@line":37,"@message":"✅ Operations packed: result=12515765625739651678","@module":"flavor::psp::format_2025::operations","@pid":7004,"@timestamp":"2026-03-31T20:27:21.541636Z"}
{"@file":"src/psp/format_2025/operations.rs","@level":"debug","@line":60,"@message":"✅ Operations unpacked: count=8 operations=[94, 170, 65, 118, 134, 238, 176, 173]","@module":"flavor::psp::format_2025::operations","@pid":7004,"@timestamp":"2026-03-31T20:27:21.541657Z"}
{"@file":"src/psp/format_2025/operations.rs","@level":"debug","@line":60,"@message":"✅ Operations unpacked: count=8 operations=[209, 122, 119, 244, 78, 141, 76, 127]","@module":"flavor::psp::format_2025::operations","@pid":7004,"@timestamp":"2026-03-31T20:27:21.541705Z"}
{"@file":"src/psp/format_2025/operations.rs","@level":"debug","@line":37,"@message":"✅ Operations packed: result=9172861911295294161","@module":"flavor::psp::format_2025::operations","@pid":7004,"@timestamp":"2026-03-31T20:27:21.541725Z"}
{"@file":"src/psp/format_2025/operations.rs","@level":"debug","@line":60,"@message":"✅ Operations unpacked: count=8 operations=[209, 122, 119, 244, 78, 141, 76, 127]","@module":"flavor::psp::format_2025::operations","@pid":7004,"@timestamp":"2026-03-31T20:27:21.541743Z"}
{"@file":"src/psp/format_2025/operations.rs","@level":"debug","@line":60,"@message":"✅ Operations unpacked: count=8 operations=[154, 91, 7, 143, 152, 131, 89, 153]","@module":"flavor::psp::format_2025::operations","@pid":7004,"@timestamp":"2026-03-31T20:27:21.541789Z"}
{"@file":"src/psp/format_2025/operations.rs","@level":"debug","@line":37,"@message":"✅ Operations packed: result=11050007851988114330","@module":"flavor::psp::format_2025::operations","@pid":7004,"@timestamp":"2026-03-31T20:27:21.541811Z"}
{"@file":"src/psp/format_2025/operations.rs","@level":"debug","@line":60,"@message":"✅ Operations unpacked: count=8 operations=[154, 91, 7, 143, 152, 131, 89, 153]","@module":"flavor::psp::format_2025::operations","@pid":7004,"@timestamp":"2026-03-31T20:27:21.541832Z"}
{"@file":"src/psp/format_2025/operations.rs","@level":"debug","@line":60,"@message":"✅ Operations unpacked: count=8 operations=[85, 25, 120, 67, 21, 64, 140, 1]","@module":"flavor::psp::format_2025::operations","@pid":7004,"@timestamp":"2026-03-31T20:27:21.541878Z"}
{"@file":"src/psp/format_2025/operations.rs","@level":"debug","@line":37,"@message":"✅ Operations packed: result=111534550847854933","@module":"flavor::psp::format_2025::operations","@pid":7004,"@timestamp":"2026-03-31T20:27:21.541899Z"}
{"@file":"src/psp/format_2025/operations.rs","@level":"debug","@line":60,"@message":"✅ Operations unpacked: count=8 operations=[85, 25, 120, 67, 21, 64, 140, 1]","@module":"flavor::psp::format_2025::operations","@pid":7004,"@timestamp":"2026-03-31T20:27:21.541918Z"}
{"@file":"src/psp/format_2025/operations.rs","@level":"debug","@line":60,"@message":"✅ Operations unpacked: count=8 operations=[249, 161, 140, 133, 172, 51, 39, 171]","@module":"flavor::psp::format_2025::operations","@pid":7004,"@timestamp":"2026-03-31T20:27:21.541963Z"}
{"@file":"src/psp/format_2025/operations.rs","@level":"debug","@line":37,"@message":"✅ Operations packed: result=12332882920645370361","@module":"flavor::psp::format_2025::operations","@pid":7004,"@timestamp":"2026-03-31T20:27:21.541982Z"}
{"@file":"src/psp/format_2025/operations.rs","@level":"debug","@line":60,"@message":"✅ Operations unpacked: count=8 operations=[249, 161, 140, 133, 172, 51, 39, 171]","@module":"flavor::psp::format_2025::operations","@pid":7004,"@timestamp":"2026-03-31T20:27:21.541999Z"}
{"@file":"src/psp/format_2025/operations.rs","@level":"debug","@line":60,"@message":"✅ Operations unpacked: count=8 operations=[83, 233, 198, 123, 73, 97, 207, 161]","@module":"flavor::psp::format_2025::operations","@pid":7004,"@timestamp":"2026-03-31T20:27:21.542045Z"}
{"@file":"src/psp/format_2025/operations.rs","@level":"debug","@line":37,"@message":"✅ Operations packed: result=11659644928522643795","@module":"flavor::psp::format_2025::operations","@pid":7004,"@timestamp":"2026-03-31T20:27:21.542065Z"}
{"@file":"src/psp/format_2025/operations.rs","@level":"debug","@line":60,"@message":"✅ Operations unpacked: count=8 operations=[83, 233, 198, 123, 73, 97, 207, 161]","@module":"flavor::psp::format_2025::operations","@pid":7004,"@timestamp":"2026-03-31T20:27:21.542082Z"}
{"@file":"src/psp/format_2025/operations.rs","@level":"debug","@line":60,"@message":"✅ Operations unpacked: count=8 operations=[222, 89, 92, 50, 166, 141, 122, 183]","@module":"flavor::psp::format_2025::operations","@pid":7004,"@timestamp":"2026-03-31T20:27:21.542127Z"}
{"@file":"src/psp/format_2025/operations.rs","@level":"debug","@line":37,"@message":"✅ Operations packed: result=13221035401048512990","@module":"flavor::psp::format_2025::operations","@pid":7004,"@timestamp":"2026-03-31T20:27:21.542147Z"}
{"@file":"src/psp/format_2025/operations.rs","@level":"debug","@line":60,"@message":"✅ Operations unpacked: count=8 operations=[222, 89, 92, 50, 166, 141, 122, 183]","@module":"flavor::psp::format_2025::operations","@pid":7004,"@timestamp":"2026-03-31T20:27:21.542165Z"}
{"@file":"src/psp/format_2025/operations.rs","@level":"debug","@line":60,"@message":"✅ Operations unpacked: count=8 operations=[36, 72, 64, 207, 51, 124, 85, 36]","@module":"flavor::psp::format_2025::operations","@pid":7004,"@timestamp":"2026-03-31T20:27:21.542209Z"}
{"@file":"src/psp/format_2025/operations.rs","@level":"debug","@line":37,"@message":"✅ Operations packed: result=2618135320348084260","@module":"flavor::psp::format_2025::operations","@pid":7004,"@timestamp":"2026-03-31T20:27:21.542229Z"}
{"@file":"src/psp/format_2025/operations.rs","@level":"debug","@line":60,"@message":"✅ Operations unpacked: count=8 operations=[36, 72, 64, 207, 51, 124, 85, 36]","@module":"flavor::psp::format_2025::operations","@pid":7004,"@timestamp":"2026-03-31T20:27:21.542246Z"}
{"@file":"src/psp/format_2025/operations.rs","@level":"debug","@line":60,"@message":"✅ Operations unpacked: count=8 operations=[28, 216, 221, 129, 160, 120, 241, 207]","@module":"flavor::psp::format_2025::operations","@pid":7004,"@timestamp":"2026-03-31T20:27:21.542292Z"}
{"@file":"src/psp/format_2025/operations.rs","@level":"debug","@line":37,"@message":"✅ Operations packed: result=14983890066007250972","@module":"flavor::psp::format_2025::operations","@pid":7004,"@timestamp":"2026-03-31T20:27:21.542312Z"}
{"@file":"src/psp/format_2025/operations.rs","@level":"debug","@line":60,"@message":"✅ Operations unpacked: count=8 operations=[28, 216, 221, 129, 160, 120, 241, 207]","@module":"flavor::psp::format_2025::operations","@pid":7004,"@timestamp":"2026-03-31T20:27:21.542331Z"}
{"@file":"src/psp/format_2025/operations.rs","@level":"debug","@line":60,"@message":"✅ Operations unpacked: count=8 operations=[81, 80, 26, 6, 114, 218, 13, 237]","@module":"flavor::psp::format_2025::operations","@pid":7004,"@timestamp":"2026-03-31T20:27:21.542376Z"}
{"@file":"src/psp/format_2025/operations.rs","@level":"debug","@line":37,"@message":"✅ Operations packed: result=17081549144949674065","@module":"flavor::psp::format_2025::operations","@pid":7004,"@timestamp":"2026-03-31T20:27:21.542395Z"}
{"@file":"src/psp/format_2025/operations.rs","@level":"debug","@line":60,"@message":"✅ Operations unpacked: count=8 operations=[81, 80, 26, 6, 114, 218, 13, 237]","@module":"flavor::psp::format_2025::operations","@pid":7004,"@timestamp":"2026-03-31T20:27:21.542416Z"}
{"@file":"src/psp/format_2025/operations.rs","@level":"debug","@line":60,"@message":"✅ Operations unpacked: count=8 operations=[137, 252, 71, 176, 226, 82, 26, 145]","@module":"flavor::psp::format_2025::operations","@pid":7004,"@timestamp":"2026-03-31T20:27:21.542462Z"}
{"@file":"src/psp/format_2025/operations.rs","@level":"debug","@line":37,"@message":"✅ Operations packed: result=10455760618467622025","@module":"flavor::psp::format_2025::operations","@pid":7004,"@timestamp":"2026-03-31T20:27:21.542481Z"}
{"@file":"src/psp/format_2025/operations.rs","@level":"debug","@line":60,"@message":"✅ Operations unpacked: count=8 operations=[137, 252, 71, 176, 226, 82, 26, 145]","@module":"flavor::psp::format_2025::operations","@pid":7004,"@timestamp":"2026-03-31T20:27:21.542499Z"}
{"@file":"src/psp/format_2025/operations.rs","@level":"debug","@line":60,"@message":"✅ Operations unpacked: count=8 operations=[73, 78, 181, 198, 236, 21, 170, 248]","@module":"flavor::psp::format_2025::operations","@pid":7004,"@timestamp":"2026-03-31T20:27:21.542544Z"}
{"@file":"src/psp/format_2025/operations.rs","@level":"debug","@line":37,"@message":"✅ Operations packed: result=17918158174137175625","@module":"flavor::psp::format_2025::operations","@pid":7004,"@timestamp":"2026-03-31T20:27:21.542568Z"}
{"@file":"src/psp/format_2025/operations.rs","@level":"debug","@line":60,"@message":"✅ Operations unpacked: count=8 operations=[73, 78, 181, 198, 236, 21, 170, 248]","@module":"flavor::psp::format_2025::operations","@pid":7004,"@timestamp":"2026-03-31T20:27:21.542586Z"}
{"@file":"src/psp/format_2025/operations.rs","@level":"debug","@line":60,"@message":"✅ Operations unpacked: count=8 operations=[217, 22, 63, 29, 244, 59, 47, 156]","@module":"flavor::psp::format_2025::operations","@pid":7004,"@timestamp":"2026-03-31T20:27:21.542631Z"}
{"@file":"src/psp/format_2025/operations.rs","@level":"debug","@line":37,"@message":"✅ Operations packed: result=11254279913470891737","@module":"flavor::psp::format_2025::operations","@pid":7004,"@timestamp":"2026-03-31T20:27:21.542652Z"}
{"@file":"src/psp/format_2025/operations.rs","@level":"debug","@line":60,"@message":"✅ Operations unpacked: count=8 operations=[217, 22, 63, 29, 244, 59, 47, 156]","@module":"flavor::psp::format_2025::operations","@pid":7004,"@timestamp":"2026-03-31T20:27:21.542670Z"}
{"@file":"src/psp/format_2025/operations.rs","@level":"debug","@line":60,"@message":"✅ Operations unpacked: count=8 operations=[127, 98, 220, 83, 222, 255, 133, 63]","@module":"flavor::psp::format_2025::operations","@pid":7004,"@timestamp":"2026-03-31T20:27:21.542714Z"}
{"@file":"src/psp/format_2025/operations.rs","@level":"debug","@line":37,"@message":"✅ Operations packed: result=4577345926646751871","@module":"flavor::psp::format_2025::operations","@pid":7004,"@timestamp":"2026-03-31T20:27:21.542734Z"}
{"@file":"src/psp/format_2025/operations.rs","@level":"debug","@line":60,"@message":"✅ Operations unpacked: count=8 operations=[127, 98, 220, 83, 222, 255, 133, 63]","@module":"flavor::psp::format_2025::operations","@pid":7004,"@timestamp":"2026-03-31T20:27:21.542752Z"}
{"@file":"src/psp/format_2025/operations.rs","@level":"debug","@line":60,"@message":"✅ Operations unpacked: count=8 operations=[213, 228, 140, 201, 217, 226, 253, 135]","@module":"flavor::psp::format_2025::operations","@pid":7004,"@timestamp":"2026-03-31T20:27:21.542798Z"}
{"@file":"src/psp/format_2025/operations.rs","@level":"debug","@line":37,"@message":"✅ Operations packed: result=9799237789245301973","@module":"flavor::psp::format_2025::operations","@pid":7004,"@timestamp":"2026-03-31T20:27:21.542818Z"}
{"@file":"src/psp/format_2025/operations.rs","@level":"debug","@line":60,"@message":"✅ Operations unpacked: count=8 operations=[213, 228, 140, 201, 217, 226, 253, 135]","@module":"flavor::psp::format_2025::operations","@pid":7004,"@timestamp":"2026-03-31T20:27:21.542835Z"}
{"@file":"src/psp/format_2025/operations.rs","@level":"debug","@line":60,"@message":"✅ Operations unpacked: count=1 operations=[169]","@module":"flavor::psp::format_2025::operations","@pid":7004,"@timestamp":"2026-03-31T20:27:21.542883Z"}
{"@file":"src/psp/format_2025/operations.rs","@level":"debug","@line":37,"@message":"✅ Operations packed: result=169","@module":"flavor::psp::format_2025::operations","@pid":7004,"@timestamp":"2026-03-31T20:27:21.542902Z"}
{"@file":"src/psp/format_2025/operations.rs","@level":"debug","@line":60,"@message":"✅ Operations unpacked: count=1 operations=[169]","@module":"flavor::psp::format_2025::operations","@pid":7004,"@timestamp":"2026-03-31T20:27:21.542920Z"}
{"@file":"src/psp/format_2025/operations.rs","@level":"debug","@line":60,"@message":"✅ Operations unpacked: count=8 operations=[13, 69, 230, 42, 76, 43, 23, 178]","@module":"flavor::psp::format_2025::operations","@pid":7004,"@timestamp":"2026-03-31T20:27:21.542967Z"}
{"@file":"src/psp/format_2025/operations.rs","@level":"debug","@line":37,"@message":"✅ Operations packed: result=12832773269352760589","@module":"flavor::psp::format_2025::operations","@pid":7004,"@timestamp":"2026-03-31T20:27:21.542988Z"}
{"@file":"src/psp/format_2025/operations.rs","@level":"debug","@line":60,"@message":"✅ Operations unpacked: count=8 operations=[13, 69, 230, 42, 76, 43, 23, 178]","@module":"flavor::psp::format_2025::operations","@pid":7004,"@timestamp":"2026-03-31T20:27:21.543006Z"}
{"@file":"src/psp/format_2025/operations.rs","@level":"debug","@line":60,"@message":"✅ Operations unpacked: count=8 operations=[140, 78, 249, 255, 22, 6, 202, 67]","@module":"flavor::psp::format_2025::operations","@pid":7004,"@timestamp":"2026-03-31T20:27:21.543052Z"}
{"@file":"src/psp/format_2025/operations.rs","@level":"debug","@line":37,"@message":"✅ Operations packed: result=4884723441690300044","@module":"flavor::psp::format_2025::operations","@pid":7004,"@timestamp":"2026-03-31T20:27:21.543076Z"}
{"@file":"src/psp/format_2025/operations.rs","@level":"debug","@line":60,"@message":"✅ Operations unpacked: count=8 operations=[140, 78, 249, 255, 22, 6, 202, 67]","@module":"flavor::psp::format_2025::operations","@pid":7004,"@timestamp":"2026-03-31T20:27:21.543095Z"}
{"@file":"src/psp/format_2025/operations.rs","@level":"debug","@line":60,"@message":"✅ Operations unpacked: count=8 operations=[129, 204, 125, 189, 35, 158, 59, 200]","@module":"flavor::psp::format_2025::operations","@pid":7004,"@timestamp":"2026-03-31T20:27:21.543141Z"}
{"@file":"src/psp/format_2025/operations.rs","@level":"debug","@line":37,"@message":"✅ Operations packed: result=14428299707551698049","@module":"flavor::psp::format_2025::operations","@pid":7004,"@timestamp":"2026-03-31T20:27:21.543161Z"}
{"@file":"src/psp/format_2025/operations.rs","@level":"debug","@line":60,"@message":"✅ Operations unpacked: count=8 operations=[129, 204, 125, 189, 35, 158, 59, 200]","@module":"flavor::psp::format_2025::operations","@pid":7004,"@timestamp":"2026-03-31T20:27:21.543181Z"}
{"@file":"src/psp/format_2025/operations.rs","@level":"debug","@line":60,"@message":"✅ Operations unpacked: count=8 operations=[220, 160, 148, 144, 23, 166, 219, 226]","@module":"flavor::psp::format_2025::operations","@pid":7004,"@timestamp":"2026-03-31T20:27:21.543226Z"}
{"@file":"src/psp/format_2025/operations.rs","@level":"debug","@line":37,"@message":"✅ Operations packed: result=16346841892611465436","@module":"flavor::psp::format_2025::operations","@pid":7004,"@timestamp":"2026-03-31T20:27:21.543246Z"}
{"@file":"src/psp/format_2025/operations.rs","@level":"debug","@line":60,"@message":"✅ Operations unpacked: count=8 operations=[220, 160, 148, 144, 23, 166, 219, 226]","@module":"flavor::psp::format_2025::operations","@pid":7004,"@timestamp":"2026-03-31T20:27:21.543264Z"}
{"@file":"src/psp/format_2025/operations.rs","@level":"debug","@line":60,"@message":"✅ Operations unpacked: count=8 operations=[17, 252, 163, 40, 97, 197, 31, 29]","@module":"flavor::psp::format_2025::operations","@pid":7004,"@timestamp":"2026-03-31T20:27:21.543308Z"}
{"@file":"src/psp/format_2025/operations.rs","@level":"debug","@line":37,"@message":"✅ Operations packed: result=2098612972462275601","@module":"flavor::psp::format_2025::operations","@pid":7004,"@timestamp":"2026-03-31T20:27:21.543328Z"}
{"@file":"src/psp/format_2025/operations.rs","@level":"debug","@line":60,"@message":"✅ Operations unpacked: count=8 operations=[17, 252, 163, 40, 97, 197, 31, 29]","@module":"flavor::psp::format_2025::operations","@pid":7004,"@timestamp":"2026-03-31T20:27:21.543347Z"}
{"@file":"src/psp/format_2025/operations.rs","@level":"debug","@line":60,"@message":"✅ Operations unpacked: count=8 operations=[104, 250, 176, 15, 253, 178, 179, 154]","@module":"flavor::psp::format_2025::operations","@pid":7004,"@timestamp":"2026-03-31T20:27:21.543394Z"}
{"@file":"src/psp/format_2025/operations.rs","@level":"debug","@line":37,"@message":"✅ Operations packed: result=11147450302631836264","@module":"flavor::psp::format_2025::operations","@pid":7004,"@timestamp":"2026-03-31T20:27:21.543421Z"}
{"@file":"src/psp/format_2025/operations.rs","@level":"debug","@line":60,"@message":"✅ Operations unpacked: count=8 operations=[104, 250, 176, 15, 253, 178, 179, 154]","@module":"flavor::psp::format_2025::operations","@pid":7004,"@timestamp":"2026-03-31T20:27:21.543439Z"}
{"@file":"src/psp/format_2025/operations.rs","@level":"debug","@line":60,"@message":"✅ Operations unpacked: count=8 operations=[163, 186, 130, 248, 27, 111, 248, 57]","@module":"flavor::psp::format_2025::operations","@pid":7004,"@timestamp":"2026-03-31T20:27:21.543485Z"}
{"@file":"src/psp/format_2025/operations.rs","@level":"debug","@line":37,"@message":"✅ Operations packed: result=4177210820310252195","@module":"flavor::psp::format_2025::operations","@pid":7004,"@timestamp":"2026-03-31T20:27:21.543504Z"}
{"@file":"src/psp/format_2025/operations.rs","@level":"debug","@line":60,"@message":"✅ Operations unpacked: count=8 operations=[163, 186, 130, 248, 27, 111, 248, 57]","@module":"flavor::psp::format_2025::operations","@pid":7004,"@timestamp":"2026-03-31T20:27:21.543523Z"}
{"@file":"src/psp/format_2025/operations.rs","@level":"debug","@line":60,"@message":"✅ Operations unpacked: count=8 operations=[65, 73, 177, 67, 2, 204, 246, 19]","@module":"flavor::psp::format_2025::operations","@pid":7004,"@timestamp":"2026-03-31T20:27:21.543569Z"}
{"@file":"src/psp/format_2025/operations.rs","@level":"debug","@line":37,"@message":"✅ Operations packed: result=1438561441089145153","@module":"flavor::psp::format_2025::operations","@pid":7004,"@timestamp":"2026-03-31T20:27:21.543589Z"}
{"@file":"src/psp/format_2025/operations.rs","@level":"debug","@line":60,"@message":"✅ Operations unpacked: count=8 operations=[65, 73, 177, 67, 2, 204, 246, 19]","@module":"flavor::psp::format_2025::operations","@pid":7004,"@timestamp":"2026-03-31T20:27:21.543609Z"}
{"@file":"src/psp/format_2025/operations.rs","@level":"debug","@line":60,"@message":"✅ Operations unpacked: count=8 operations=[75, 192, 234, 214, 59, 230, 113, 153]","@module":"flavor::psp::format_2025::operations","@pid":7004,"@timestamp":"2026-03-31T20:27:21.543655Z"}
{"@file":"src/psp/format_2025/operations.rs","@level":"debug","@line":37,"@message":"✅ Operations packed: result=11056871704854446155","@module":"flavor::psp::format_2025::operations","@pid":7004,"@timestamp":"2026-03-31T20:27:21.543675Z"}
{"@file":"src/psp/format_2025/operations.rs","@level":"debug","@line":60,"@message":"✅ Operations unpacked: count=8 operations=[75, 192, 234, 214, 59, 230, 113, 153]","@module":"flavor::psp::format_2025::operations","@pid":7004,"@timestamp":"2026-03-31T20:27:21.543692Z"}
{"@file":"src/psp/format_2025/operations.rs","@level":"debug","@line":60,"@message":"✅ Operations unpacked: count=8 operations=[112, 71, 178, 212, 24, 101, 77, 202]","@module":"flavor::psp::format_2025::operations","@pid":7004,"@timestamp":"2026-03-31T20:27:21.543737Z"}
{"@file":"src/psp/format_2025/operations.rs","@level":"debug","@line":37,"@message":"✅ Operations packed: result=14577418726190237552","@module":"flavor::psp::format_2025::operations","@pid":7004,"@timestamp":"2026-03-31T20:27:21.543756Z"}
{"@file":"src/psp/format_2025/operations.rs","@level":"debug","@line":60,"@message":"✅ Operations unpacked: count=8 operations=[112, 71, 178, 212, 24, 101, 77, 202]","@module":"flavor::psp::format_2025::operations","@pid":7004,"@timestamp":"2026-03-31T20:27:21.543773Z"}
{"@file":"src/psp/format_2025/operations.rs","@level":"debug","@line":60,"@message":"✅ Operations unpacked: count=8 operations=[33, 107, 234, 94, 198, 36, 60, 238]","@module":"flavor::psp::format_2025::operations","@pid":7004,"@timestamp":"2026-03-31T20:27:21.543816Z"}
{"@file":"src/psp/format_2025/operations.rs","@level":"debug","@line":37,"@message":"✅ Operations packed: result=17166636314044033825","@module":"flavor::psp::format_2025::operations","@pid":7004,"@timestamp":"2026-03-31T20:27:21.543836Z"}
{"@file":"src/psp/format_2025/operations.rs","@level":"debug","@line":60,"@message":"✅ Operations unpacked: count=8 operations=[33, 107, 234, 94, 198, 36, 60, 238]","@module":"flavor::psp::format_2025::operations","@pid":7004,"@timestamp":"2026-03-31T20:27:21.543857Z"}
{"@file":"src/psp/format_2025/operations.rs","@level":"debug","@line":60,"@message":"✅ Operations unpacked: count=8 operations=[150, 17, 39, 74, 12, 238, 58, 148]","@module":"flavor::psp::format_2025::operations","@pid":7004,"@timestamp":"2026-03-31T20:27:21.543903Z"}
{"@file":"src/psp/format_2025/operations.rs","@level":"debug","@line":37,"@message":"✅ Operations packed: result=10681111202813645206","@module":"flavor::psp::format_2025::operations","@pid":7004,"@timestamp":"2026-03-31T20:27:21.543922Z"}
{"@file":"src/psp/format_2025/operations.rs","@level":"debug","@line":60,"@message":"✅ Operations unpacked: count=8 operations=[150, 17, 39, 74, 12, 238, 58, 148]","@module":"flavor::psp::format_2025::operations","@pid":7004,"@timestamp":"2026-03-31T20:27:21.543943Z"}
{"@file":"src/psp/format_2025/operations.rs","@level":"debug","@line":60,"@message":"✅ Operations unpacked: count=8 operations=[234, 29, 33, 109, 178, 247, 163, 19]","@module":"flavor::psp::format_2025::operations","@pid":7004,"@timestamp":"2026-03-31T20:27:21.543990Z"}
{"@file":"src/psp/format_2025/operations.rs","@level":"debug","@line":37,"@message":"✅ Operations packed: result=1415247053631593962","@module":"flavor::psp::format_2025::operations","@pid":7004,"@timestamp":"2026-03-31T20:27:21.544013Z"}
{"@file":"src/psp/format_2025/operations.rs","@level":"debug","@line":60,"@message":"✅ Operations unpacked: count=8 operations=[234, 29, 33, 109, 178, 247, 163, 19]","@module":"flavor::psp::format_2025::operations","@pid":7004,"@timestamp":"2026-03-31T20:27:21.544032Z"}
{"@file":"src/psp/format_2025/operations.rs","@level":"debug","@line":60,"@message":"✅ Operations unpacked: count=8 operations=[198, 240, 169, 109, 214, 160, 189, 7]","@module":"flavor::psp::format_2025::operations","@pid":7004,"@timestamp":"2026-03-31T20:27:21.544079Z"}
{"@file":"src/psp/format_2025/operations.rs","@level":"debug","@line":37,"@message":"✅ Operations packed: result=557778771687108806","@module":"flavor::psp::format_2025::operations","@pid":7004,"@timestamp":"2026-03-31T20:27:21.544100Z"}
{"@file":"src/psp/format_2025/operations.rs","@level":"debug","@line":60,"@message":"✅ Operations unpacked: count=8 operations=[198, 240, 169, 109, 214, 160, 189, 7]","@module":"flavor::psp::format_2025::operations","@pid":7004,"@timestamp":"2026-03-31T20:27:21.544121Z"}
{"@file":"src/psp/format_2025/operations.rs","@level":"debug","@line":60,"@message":"✅ Operations unpacked: count=8 operations=[149, 40, 160, 31, 195, 146, 189, 86]","@module":"flavor::psp::format_2025::operations","@pid":7004,"@timestamp":"2026-03-31T20:27:21.544166Z"}
{"@file":"src/psp/format_2025/operations.rs","@level":"debug","@line":37,"@message":"✅ Operations packed: result=6250313224606984341","@module":"flavor::psp::format_2025::operations","@pid":7004,"@timestamp":"2026-03-31T20:27:21.544188Z"}
{"@file":"src/psp/format_2025/operations.rs","@level":"debug","@line":60,"@message":"✅ Operations unpacked: count=8 operations=[149, 40, 160, 31, 195, 146, 189, 86]","@module":"flavor::psp::format_2025::operations","@pid":7004,"@timestamp":"2026-03-31T20:27:21.544207Z"}
{"@file":"src/psp/format_2025/operations.rs","@level":"debug","@line":60,"@message":"✅ Operations unpacked: count=8 operations=[180, 65, 213, 146, 244, 48, 56, 50]","@module":"flavor::psp::format_2025::operations","@pid":7004,"@timestamp":"2026-03-31T20:27:21.544252Z"}
{"@file":"src/psp/format_2025/operations.rs","@level":"debug","@line":37,"@message":"✅ Operations packed: result=3618696127585796532","@module":"flavor::psp::format_2025::operations","@pid":7004,"@timestamp":"2026-03-31T20:27:21.544271Z"}
{"@file":"src/psp/format_2025/operations.rs","@level":"debug","@line":60,"@message":"✅ Operations unpacked: count=8 operations=[180, 65, 213, 146, 244, 48, 56, 50]","@module":"flavor::psp::format_2025::operations","@pid":7004,"@timestamp":"2026-03-31T20:27:21.544288Z"}
{"@file":"src/psp/format_2025/operations.rs","@level":"debug","@line":60,"@message":"✅ Operations unpacked: count=8 operations=[249, 50, 198, 191, 153, 128, 74, 196]","@module":"flavor::psp::format_2025::operations","@pid":7004,"@timestamp":"2026-03-31T20:27:21.544334Z"}
{"@file":"src/psp/format_2025/operations.rs","@level":"debug","@line":37,"@message":"✅ Operations packed: result=14144258977546253049","@module":"flavor::psp::format_2025::operations","@pid":7004,"@timestamp":"2026-03-31T20:27:21.544353Z"}
{"@file":"src/psp/format_2025/operations.rs","@level":"debug","@line":60,"@message":"✅ Operations unpacked: count=8 operations=[249, 50, 198, 191, 153, 128, 74, 196]","@module":"flavor::psp::format_2025::operations","@pid":7004,"@timestamp":"2026-03-31T20:27:21.544372Z"}
{"@file":"src/psp/format_2025/operations.rs","@level":"debug","@line":60,"@message":"✅ Operations unpacked: count=8 operations=[7, 142, 43, 175, 101, 174, 206, 153]","@module":"flavor::psp::format_2025::operations","@pid":7004,"@timestamp":"2026-03-31T20:27:21.544417Z"}
{"@file":"src/psp/format_2025/operations.rs","@level":"debug","@line":37,"@message":"✅ Operations packed: result=11082987484759166471","@module":"flavor::psp::format_2025::operations","@pid":7004,"@timestamp":"2026-03-31T20:27:21.544437Z"}
{"@file":"src/psp/format_2025/operations.rs","@level":"debug","@line":60,"@message":"✅ Operations unpacked: count=8 operations=[7, 142, 43, 175, 101, 174, 206, 153]","@module":"flavor::psp::format_2025::operations","@pid":7004,"@timestamp":"2026-03-31T20:27:21.544455Z"}
{"@file":"src/psp/format_2025/operations.rs","@level":"debug","@line":60,"@message":"✅ Operations unpacked: count=8 operations=[150, 1, 142, 143, 201, 59, 169, 243]","@module":"flavor::psp::format_2025::operations","@pid":7004,"@timestamp":"2026-03-31T20:27:21.544500Z"}
{"@file":"src/psp/format_2025/operations.rs","@level":"debug","@line":37,"@message":"✅ Operations packed: result=17557630359163502998","@module":"flavor::psp::format_2025::operations","@pid":7004,"@timestamp":"2026-03-31T20:27:21.544520Z"}
{"@file":"src/psp/format_2025/operations.rs","@level":"debug","@line":60,"@message":"✅ Operations unpacked: count=8 operations=[150, 1, 142, 143, 201, 59, 169, 243]","@module":"flavor::psp::format_2025::operations","@pid":7004,"@timestamp":"2026-03-31T20:27:21.544537Z"}
{"@file":"src/psp/format_2025/operations.rs","@level":"debug","@line":60,"@message":"✅ Operations unpacked: count=8 operations=[170, 22, 28, 239, 145, 112, 144, 207]","@module":"flavor::psp::format_2025::operations","@pid":7004,"@timestamp":"2026-03-31T20:27:21.544581Z"}
{"@file":"src/psp/format_2025/operations.rs","@level":"debug","@line":37,"@message":"✅ Operations packed: result=14956578134581581482","@module":"flavor::psp::format_2025::operations","@pid":7004,"@timestamp":"2026-03-31T20:27:21.544601Z"}
{"@file":"src/psp/format_2025/operations.rs","@level":"debug","@line":60,"@message":"✅ Operations unpacked: count=8 operations=[170, 22, 28, 239, 145, 112, 144, 207]","@module":"flavor::psp::format_2025::operations","@pid":7004,"@timestamp":"2026-03-31T20:27:21.544682Z"}
{"@file":"src/psp/format_2025/operations.rs","@level":"debug","@line":60,"@message":"✅ Operations unpacked: count=8 operations=[255, 9, 140, 176, 23, 102, 8, 121]","@module":"flavor::psp::format_2025::operations","@pid":7004,"@timestamp":"2026-03-31T20:27:21.544733Z"}
{"@file":"src/psp/format_2025/operations.rs","@level":"debug","@line":37,"@message":"✅ Operations packed: result=8721332930335214079","@module":"flavor::psp::format_2025::operations","@pid":7004,"@timestamp":"2026-03-31T20:27:21.544753Z"}
{"@file":"src/psp/format_2025/operations.rs","@level":"debug","@line":60,"@message":"✅ Operations unpacked: count=8 operations=[255, 9, 140, 176, 23, 102, 8, 121]","@module":"flavor::psp::format_2025::operations","@pid":7004,"@timestamp":"2026-03-31T20:27:21.544780Z"}
{"@file":"src/psp/format_2025/operations.rs","@level":"debug","@line":60,"@message":"✅ Operations unpacked: count=8 operations=[147, 149, 228, 18, 234, 115, 191, 123]","@module":"flavor::psp::format_2025::operations","@pid":7004,"@timestamp":"2026-03-31T20:27:21.544836Z"}
{"@file":"src/psp/format_2025/operations.rs","@level":"debug","@line":37,"@message":"✅ Operations packed: result=8916973236393383315","@module":"flavor::psp::format_2025::operations","@pid":7004,"@timestamp":"2026-03-31T20:27:21.544857Z"}
{"@file":"src/psp/format_2025/operations.rs","@level":"debug","@line":60,"@message":"✅ Operations unpacked: count=8 operations=[147, 149, 228, 18, 234, 115, 191, 123]","@module":"flavor::psp::format_2025::operations","@pid":7004,"@timestamp":"2026-03-31T20:27:21.544874Z"}
{"@file":"src/psp/format_2025/operations.rs","@level":"debug","@line":60,"@message":"✅ Operations unpacked: count=8 operations=[139, 88, 58, 141, 220, 149, 190, 148]","@module":"flavor::psp::format_2025::operations","@pid":7004,"@timestamp":"2026-03-31T20:27:21.544921Z"}
{"@file":"src/psp/format_2025/operations.rs","@level":"debug","@line":37,"@message":"✅ Operations packed: result=10718168937683114123","@module":"flavor::psp::format_2025::operations","@pid":7004,"@timestamp":"2026-03-31T20:27:21.544940Z"}
{"@file":"src/psp/format_2025/operations.rs","@level":"debug","@line":60,"@message":"✅ Operations unpacked: count=8 operations=[139, 88, 58, 141, 220, 149, 190, 148]","@module":"flavor::psp::format_2025::operations","@pid":7004,"@timestamp":"2026-03-31T20:27:21.544959Z"}
{"@file":"src/psp/format_2025/operations.rs","@level":"debug","@line":60,"@message":"✅ Operations unpacked: count=7 operations=[163, 128, 82, 46, 191, 21, 178]","@module":"flavor::psp::format_2025::operations","@pid":7004,"@timestamp":"2026-03-31T20:27:21.545015Z"}
{"@file":"src/psp/format_2025/operations.rs","@level":"debug","@line":37,"@message":"✅ Operations packed: result=50126456714592419","@module":"flavor::psp::format_2025::operations","@pid":7004,"@timestamp":"2026-03-31T20:27:21.545042Z"}
{"@file":"src/psp/format_2025/operations.rs","@level":"debug","@line":60,"@message":"✅ Operations unpacked: count=7 operations=[163, 128, 82, 46, 191, 21, 178]","@module":"flavor::psp::format_2025::operations","@pid":7004,"@timestamp":"2026-03-31T20:27:21.545060Z"}
{"@file":"src/psp/format_2025/operations.rs","@level":"debug","@line":60,"@message":"✅ Operations unpacked: count=8 operations=[40, 232, 76, 214, 50, 80, 212, 213]","@module":"flavor::psp::format_2025::operations","@pid":7004,"@timestamp":"2026-03-31T20:27:21.545107Z"}
{"@file":"src/psp/format_2025/operations.rs","@level":"debug","@line":37,"@message":"✅ Operations packed: result=15408028404415260712","@module":"flavor::psp::format_2025::operations","@pid":7004,"@timestamp":"2026-03-31T20:27:21.545127Z"}
{"@file":"src/psp/format_2025/operations.rs","@level":"debug","@line":60,"@message":"✅ Operations unpacked: count=8 operations=[40, 232, 76, 214, 50, 80, 212, 213]","@module":"flavor::psp::format_2025::operations","@pid":7004,"@timestamp":"2026-03-31T20:27:21.545144Z"}
{"@file":"src/psp/format_2025/operations.rs","@level":"debug","@line":60,"@message":"✅ Operations unpacked: count=8 operations=[214, 226, 32, 141, 74, 98, 183, 198]","@module":"flavor::psp::format_2025::operations","@pid":7004,"@timestamp":"2026-03-31T20:27:21.545190Z"}
{"@file":"src/psp/format_2025/operations.rs","@level":"debug","@line":37,"@message":"✅ Operations packed: result=14319021612582626006","@module":"flavor::psp::format_2025::operations","@pid":7004,"@timestamp":"2026-03-31T20:27:21.545210Z"}
{"@file":"src/psp/format_2025/operations.rs","@level":"debug","@line":60,"@message":"✅ Operations unpacked: count=8 operations=[214, 226, 32, 141, 74, 98, 183, 198]","@module":"flavor::psp::format_2025::operations","@pid":7004,"@timestamp":"2026-03-31T20:27:21.545228Z"}
{"@file":"src/psp/format_2025/operations.rs","@level":"debug","@line":60,"@message":"✅ Operations unpacked: count=8 operations=[14, 155, 237, 75, 242, 141, 36, 94]","@module":"flavor::psp::format_2025::operations","@pid":7004,"@timestamp":"2026-03-31T20:27:21.545291Z"}
{"@file":"src/psp/format_2025/operations.rs","@level":"debug","@line":37,"@message":"✅ Operations packed: result=6783703010522274574","@module":"flavor::psp::format_2025::operations","@pid":7004,"@timestamp":"2026-03-31T20:27:21.545318Z"}
{"@file":"src/psp/format_2025/operations.rs","@level":"debug","@line":60,"@message":"✅ Operations unpacked: count=8 operations=[14, 155, 237, 75, 242, 141, 36, 94]","@module":"flavor::psp::format_2025::operations","@pid":7004,"@timestamp":"2026-03-31T20:27:21.545336Z"}
{"@file":"src/psp/format_2025/operations.rs","@level":"debug","@line":60,"@message":"✅ Operations unpacked: count=8 operations=[66, 223, 246, 5, 146, 150, 126, 84]","@module":"flavor::psp::format_2025::operations","@pid":7004,"@timestamp":"2026-03-31T20:27:21.545384Z"}
{"@file":"src/psp/format_2025/operations.rs","@level":"debug","@line":37,"@message":"✅ Operations packed: result=6088469300160945986","@module":"flavor::psp::format_2025::operations","@pid":7004,"@timestamp":"2026-03-31T20:27:21.545404Z"}
{"@file":"src/psp/format_2025/operations.rs","@level":"debug","@line":60,"@message":"✅ Operations unpacked: count=8 operations=[66, 223, 246, 5, 146, 150, 126, 84]","@module":"flavor::psp::format_2025::operations","@pid":7004,"@timestamp":"2026-03-31T20:27:21.545441Z"}
{"@file":"src/psp/format_2025/operations.rs","@level":"debug","@line":60,"@message":"✅ Operations unpacked: count=8 operations=[169, 222, 187, 92, 220, 220, 30, 28]","@module":"flavor::psp::format_2025::operations","@pid":7004,"@timestamp":"2026-03-31T20:27:21.545491Z"}
{"@file":"src/psp/format_2025/operations.rs","@level":"debug","@line":37,"@message":"✅ Operations packed: result=2026299721370033833","@module":"flavor::psp::format_2025::operations","@pid":7004,"@timestamp":"2026-03-31T20:27:21.545511Z"}
{"@file":"src/psp/format_2025/operations.rs","@level":"debug","@line":60,"@message":"✅ Operations unpacked: count=8 operations=[169, 222, 187, 92, 220, 220, 30, 28]","@module":"flavor::psp::format_2025::operations","@pid":7004,"@timestamp":"2026-03-31T20:27:21.545531Z"}
{"@file":"src/psp/format_2025/operations.rs","@level":"debug","@line":60,"@message":"✅ Operations unpacked: count=8 operations=[116, 208, 192, 83, 91, 123, 2, 207]","@module":"flavor::psp::format_2025::operations","@pid":7004,"@timestamp":"2026-03-31T20:27:21.545576Z"}
{"@file":"src/psp/format_2025/operations.rs","@level":"debug","@line":37,"@message":"✅ Operations packed: result=14916620547981889652","@module":"flavor::psp::format_2025::operations","@pid":7004,"@timestamp":"2026-03-31T20:27:21.545599Z"}
{"@file":"src/psp/format_2025/operations.rs","@level":"debug","@line":60,"@message":"✅ Operations unpacked: count=8 operations=[116, 208, 192, 83, 91, 123, 2, 207]","@module":"flavor::psp::format_2025::operations","@pid":7004,"@timestamp":"2026-03-31T20:27:21.545618Z"}
{"@file":"src/psp/format_2025/operations.rs","@level":"debug","@line":60,"@message":"✅ Operations unpacked: count=8 operations=[117, 229, 94, 254, 82, 177, 55, 63]","@module":"flavor::psp::format_2025::operations","@pid":7004,"@timestamp":"2026-03-31T20:27:21.545663Z"}
{"@file":"src/psp/format_2025/operations.rs","@level":"debug","@line":37,"@message":"✅ Operations packed: result=4555304518121612661","@module":"flavor::psp::format_2025::operations","@pid":7004,"@timestamp":"2026-03-31T20:27:21.545713Z"}
{"@file":"src/psp/format_2025/operations.rs","@level":"debug","@line":60,"@message":"✅ Operations unpacked: count=8 operations=[117, 229, 94, 254, 82, 177, 55, 63]","@module":"flavor::psp::format_2025::operations","@pid":7004,"@timestamp":"2026-03-31T20:27:21.545747Z"}
{"@file":"src/psp/format_2025/operations.rs","@level":"debug","@line":60,"@message":"✅ Operations unpacked: count=8 operations=[162, 160, 83, 226, 154, 219, 64, 37]","@module":"flavor::psp::format_2025::operations","@pid":7004,"@timestamp":"2026-03-31T20:27:21.545799Z"}
{"@file":"src/psp/format_2025/operations.rs","@level":"debug","@line":37,"@message":"✅ Operations packed: result=2684386836181393570","@module":"flavor::psp::format_2025::operations","@pid":7004,"@timestamp":"2026-03-31T20:27:21.545823Z"}
{"@file":"src/psp/format_2025/operations.rs","@level":"debug","@line":60,"@message":"✅ Operations unpacked: count=8 operations=[162, 160, 83, 226, 154, 219, 64, 37]","@module":"flavor::psp::format_2025::operations","@pid":7004,"@timestamp":"2026-03-31T20:27:21.545843Z"}
{"@file":"src/psp/format_2025/operations.rs","@level":"debug","@line":60,"@message":"✅ Operations unpacked: count=8 operations=[106, 2, 199, 73, 9, 200, 95, 104]","@module":"flavor::psp::format_2025::operations","@pid":7004,"@timestamp":"2026-03-31T20:27:21.545890Z"}
{"@file":"src/psp/format_2025/operations.rs","@level":"debug","@line":37,"@message":"✅ Operations packed: result=7520949844950057578","@module":"flavor::psp::format_2025::operations","@pid":7004,"@timestamp":"2026-03-31T20:27:21.545912Z"}
{"@file":"src/psp/format_2025/operations.rs","@level":"debug","@line":60,"@message":"✅ Operations unpacked: count=8 operations=[106, 2, 199, 73, 9, 200, 95, 104]","@module":"flavor::psp::format_2025::operations","@pid":7004,"@timestamp":"2026-03-31T20:27:21.545932Z"}
{"@file":"src/psp/format_2025/operations.rs","@level":"debug","@line":60,"@message":"✅ Operations unpacked: count=8 operations=[149, 141, 127, 136, 182, 96, 181, 116]","@module":"flavor::psp::format_2025::operations","@pid":7004,"@timestamp":"2026-03-31T20:27:21.545979Z"}
{"@file":"src/psp/format_2025/operations.rs","@level":"debug","@line":37,"@message":"✅ Operations packed: result=8409734216274644373","@module":"flavor::psp::format_2025::operations","@pid":7004,"@timestamp":"2026-03-31T20:27:21.546001Z"}
{"@file":"src/psp/format_2025/operations.rs","@level":"debug","@line":60,"@message":"✅ Operations unpacked: count=8 operations=[149, 141, 127, 136, 182, 96, 181, 116]","@module":"flavor::psp::format_2025::operations","@pid":7004,"@timestamp":"2026-03-31T20:27:21.546019Z"}
{"@file":"src/psp/format_2025/operations.rs","@level":"debug","@line":60,"@message":"✅ Operations unpacked: count=8 operations=[20, 248, 152, 19, 184, 202, 245, 165]","@module":"flavor::psp::format_2025::operations","@pid":7004,"@timestamp":"2026-03-31T20:27:21.546134Z"}
{"@file":"src/psp/format_2025/operations.rs","@level":"debug","@line":37,"@message":"✅ Operations packed: result=11958687277503805460","@module":"flavor::psp::format_2025::operations","@pid":7004,"@timestamp":"2026-03-31T20:27:21.546160Z"}
{"@file":"src/psp/format_2025/operations.rs","@level":"debug","@line":60,"@message":"✅ Operations unpacked: count=8 operations=[20, 248, 152, 19, 184, 202, 245, 165]","@module":"flavor::psp::format_2025::operations","@pid":7004,"@timestamp":"2026-03-31T20:27:21.546179Z"}
{"@file":"src/psp/format_2025/operations.rs","@level":"debug","@line":60,"@message":"✅ Operations unpacked: count=8 operations=[107, 6, 193, 180, 253, 18, 230, 152]","@module":"flavor::psp::format_2025::operations","@pid":7004,"@timestamp":"2026-03-31T20:27:21.546224Z"}
{"@file":"src/psp/format_2025/operations.rs","@level":"debug","@line":37,"@message":"✅ Operations packed: result=11017514419277071979","@module":"flavor::psp::format_2025::operations","@pid":7004,"@timestamp":"2026-03-31T20:27:21.546247Z"}
{"@file":"src/psp/format_2025/operations.rs","@level":"debug","@line":60,"@message":"✅ Operations unpacked: count=8 operations=[107, 6, 193, 180, 253, 18, 230, 152]","@module":"flavor::psp::format_2025::operations","@pid":7004,"@timestamp":"2026-03-31T20:27:21.546266Z"}
{"@file":"src/psp/format_2025/operations.rs","@level":"debug","@line":60,"@message":"✅ Operations unpacked: count=4 operations=[100, 100, 131, 170]","@module":"flavor::psp::format_2025::operations","@pid":7004,"@timestamp":"2026-03-31T20:27:21.546310Z"}
{"@file":"src/psp/format_2025/operations.rs","@level":"debug","@line":37,"@message":"✅ Operations packed: result=2860737636","@module":"flavor::psp::format_2025::operations","@pid":7004,"@timestamp":"2026-03-31T20:27:21.546330Z"}
{"@file":"src/psp/format_2025/operations.rs","@level":"debug","@line":60,"@message":"✅ Operations unpacked: count=4 operations=[100, 100, 131, 170]","@module":"flavor::psp::format_2025::operations","@pid":7004,"@timestamp":"2026-03-31T20:27:21.546348Z"}
{"@file":"src/psp/format_2025/operations.rs","@level":"debug","@line":60,"@message":"✅ Operations unpacked: count=8 operations=[124, 54, 38, 221, 228, 117, 255, 98]","@module":"flavor::psp::format_2025::operations","@pid":7004,"@timestamp":"2026-03-31T20:27:21.546396Z"}
{"@file":"src/psp/format_2025/operations.rs","@level":"debug","@line":37,"@message":"✅ Operations packed: result=7133549960601417340","@module":"flavor::psp::format_2025::operations","@pid":7004,"@timestamp":"2026-03-31T20:27:21.546419Z"}
{"@file":"src/psp/format_2025/operations.rs","@level":"debug","@line":60,"@message":"✅ Operations unpacked: count=8 operations=[124, 54, 38, 221, 228, 117, 255, 98]","@module":"flavor::psp::format_2025::operations","@pid":7004,"@timestamp":"2026-03-31T20:27:21.546442Z"}
{"@file":"src/psp/format_2025/operations.rs","@level":"debug","@line":60,"@message":"✅ Operations unpacked: count=8 operations=[219, 226, 218, 232, 47, 19, 228, 85]","@module":"flavor::psp::format_2025::operations","@pid":7004,"@timestamp":"2026-03-31T20:27:21.546493Z"}
{"@file":"src/psp/format_2025/operations.rs","@level":"debug","@line":37,"@message":"✅ Operations packed: result=6189092884404953819","@module":"flavor::psp::format_2025::operations","@pid":7004,"@timestamp":"2026-03-31T20:27:21.546517Z"}
{"@file":"src/psp/format_2025/operations.rs","@level":"debug","@line":60,"@message":"✅ Operations unpacked: count=8 operations=[219, 226, 218, 232, 47, 19, 228, 85]","@module":"flavor::psp::format_2025::operations","@pid":7004,"@timestamp":"2026-03-31T20:27:21.546535Z"}
{"@file":"src/psp/format_2025/operations.rs","@level":"debug","@line":60,"@message":"✅ Operations unpacked: count=8 operations=[8, 85, 253, 133, 109, 120, 193, 104]","@module":"flavor::psp::format_2025::operations","@pid":7004,"@timestamp":"2026-03-31T20:27:21.546580Z"}
{"@file":"src/psp/format_2025/operations.rs","@level":"debug","@line":37,"@message":"✅ Operations packed: result=7548446862244402440","@module":"flavor::psp::format_2025::operations","@pid":7004,"@timestamp":"2026-03-31T20:27:21.546600Z"}
{"@file":"src/psp/format_2025/operations.rs","@level":"debug","@line":60,"@message":"✅ Operations unpacked: count=8 operations=[8, 85, 253, 133, 109, 120, 193, 104]","@module":"flavor::psp::format_2025::operations","@pid":7004,"@timestamp":"2026-03-31T20:27:21.546619Z"}
{"@file":"src/psp/format_2025/operations.rs","@level":"debug","@line":60,"@message":"✅ Operations unpacked: count=8 operations=[56, 146, 199, 78, 26, 220, 110, 23]","@module":"flavor::psp::format_2025::operations","@pid":7004,"@timestamp":"2026-03-31T20:27:21.546665Z"}
{"@file":"src/psp/format_2025/operations.rs","@level":"debug","@line":37,"@message":"✅ Operations packed: result=1688528915859477048","@module":"flavor::psp::format_2025::operations","@pid":7004,"@timestamp":"2026-03-31T20:27:21.546685Z"}
{"@file":"src/psp/format_2025/operations.rs","@level":"debug","@line":60,"@message":"✅ Operations unpacked: count=8 operations=[56, 146, 199, 78, 26, 220, 110, 23]","@module":"flavor::psp::format_2025::operations","@pid":7004,"@timestamp":"2026-03-31T20:27:21.546704Z"}
{"@file":"src/psp/format_2025/operations.rs","@level":"debug","@line":60,"@message":"✅ Operations unpacked: count=8 operations=[157, 106, 142, 39, 2, 145, 175, 196]","@module":"flavor::psp::format_2025::operations","@pid":7004,"@timestamp":"2026-03-31T20:27:21.546750Z"}
{"@file":"src/psp/format_2025/operations.rs","@level":"debug","@line":37,"@message":"✅ Operations packed: result=14172705990797847197","@module":"flavor::psp::format_2025::operations","@pid":7004,"@timestamp":"2026-03-31T20:27:21.546770Z"}
{"@file":"src/psp/format_2025/operations.rs","@level":"debug","@line":60,"@message":"✅ Operations unpacked: count=8 operations=[157, 106, 142, 39, 2, 145, 175, 196]","@module":"flavor::psp::format_2025::operations","@pid":7004,"@timestamp":"2026-03-31T20:27:21.546788Z"}
{"@file":"src/psp/format_2025/operations.rs","@level":"debug","@line":60,"@message":"✅ Operations unpacked: count=8 operations=[235, 136, 119, 146, 186, 183, 118, 22]","@module":"flavor::psp::format_2025::operations","@pid":7004,"@timestamp":"2026-03-31T20:27:21.546838Z"}
{"@file":"src/psp/format_2025/operations.rs","@level":"debug","@line":37,"@message":"✅ Operations packed: result=1618683128035379435","@module":"flavor::psp::format_2025::operations","@pid":7004,"@timestamp":"2026-03-31T20:27:21.546861Z"}
{"@file":"src/psp/format_2025/operations.rs","@level":"debug","@line":60,"@message":"✅ Operations unpacked: count=8 operations=[235, 136, 119, 146, 186, 183, 118, 22]","@module":"flavor::psp::format_2025::operations","@pid":7004,"@timestamp":"2026-03-31T20:27:21.546879Z"}
{"@file":"src/psp/format_2025/operations.rs","@level":"debug","@line":60,"@message":"✅ Operations unpacked: count=8 operations=[144, 188, 217, 121, 1, 254, 69, 207]","@module":"flavor::psp::format_2025::operations","@pid":7004,"@timestamp":"2026-03-31T20:27:21.546927Z"}
{"@file":"src/psp/format_2025/operations.rs","@level":"debug","@line":37,"@message":"✅ Operations packed: result=14935623021536853136","@module":"flavor::psp::format_2025::operations","@pid":7004,"@timestamp":"2026-03-31T20:27:21.546949Z"}
{"@file":"src/psp/format_2025/operations.rs","@level":"debug","@line":60,"@message":"✅ Operations unpacked: count=8 operations=[144, 188, 217, 121, 1, 254, 69, 207]","@module":"flavor::psp::format_2025::operations","@pid":7004,"@timestamp":"2026-03-31T20:27:21.546968Z"}
{"@file":"src/psp/format_2025/operations.rs","@level":"debug","@line":60,"@message":"✅ Operations unpacked: count=8 operations=[143, 60, 43, 249, 255, 145, 210, 83]","@module":"flavor::psp::format_2025::operations","@pid":7004,"@timestamp":"2026-03-31T20:27:21.547013Z"}
{"@file":"src/psp/format_2025/operations.rs","@level":"debug","@line":37,"@message":"✅ Operations packed: result=6040050578840304783","@module":"flavor::psp::format_2025::operations","@pid":7004,"@timestamp":"2026-03-31T20:27:21.547031Z"}
{"@file":"src/psp/format_2025/operations.rs","@level":"debug","@line":60,"@message":"✅ Operations unpacked: count=8 operations=[143, 60, 43, 249, 255, 145, 210, 83]","@module":"flavor::psp::format_2025::operations","@pid":7004,"@timestamp":"2026-03-31T20:27:21.547049Z"}
{"@file":"src/psp/format_2025/operations.rs","@level":"debug","@line":60,"@message":"✅ Operations unpacked: count=8 operations=[56, 246, 236, 229, 72, 211, 215, 103]","@module":"flavor::psp::format_2025::operations","@pid":7004,"@timestamp":"2026-03-31T20:27:21.547094Z"}
{"@file":"src/psp/format_2025/operations.rs","@level":"debug","@line":37,"@message":"✅ Operations packed: result=7482681615947986488","@module":"flavor::psp::format_2025::operations","@pid":7004,"@timestamp":"2026-03-31T20:27:21.547115Z"}
{"@file":"src/psp/format_2025/operations.rs","@level":"debug","@line":60,"@message":"✅ Operations unpacked: count=8 operations=[56, 246, 236, 229, 72, 211, 215, 103]","@module":"flavor::psp::format_2025::operations","@pid":7004,"@timestamp":"2026-03-31T20:27:21.547134Z"}
{"@file":"src/psp/format_2025/operations.rs","@level":"debug","@line":60,"@message":"✅ Operations unpacked: count=8 operations=[94, 234, 16, 7, 179, 248, 152, 115]","@module":"flavor::psp::format_2025::operations","@pid":7004,"@timestamp":"2026-03-31T20:27:21.547179Z"}
{"@file":"src/psp/format_2025/operations.rs","@level":"debug","@line":37,"@message":"✅ Operations packed: result=8329680958623115870","@module":"flavor::psp::format_2025::operations","@pid":7004,"@timestamp":"2026-03-31T20:27:21.547199Z"}
{"@file":"src/psp/format_2025/operations.rs","@level":"debug","@line":60,"@message":"✅ Operations unpacked: count=8 operations=[94, 234, 16, 7, 179, 248, 152, 115]","@module":"flavor::psp::format_2025::operations","@pid":7004,"@timestamp":"2026-03-31T20:27:21.547217Z"}
{"@file":"src/psp/format_2025/operations.rs","@level":"debug","@line":60,"@message":"✅ Operations unpacked: count=8 operations=[164, 104, 227, 89, 29, 237, 116, 25]","@module":"flavor::psp::format_2025::operations","@pid":7004,"@timestamp":"2026-03-31T20:27:21.547261Z"}
{"@file":"src/psp/format_2025/operations.rs","@level":"debug","@line":37,"@message":"✅ Operations packed: result=1834351658564544676","@module":"flavor::psp::format_2025::operations","@pid":7004,"@timestamp":"2026-03-31T20:27:21.547280Z"}
{"@file":"src/psp/format_2025/operations.rs","@level":"debug","@line":60,"@message":"✅ Operations unpacked: count=8 operations=[164, 104, 227, 89, 29, 237, 116, 25]","@module":"flavor::psp::format_2025::operations","@pid":7004,"@timestamp":"2026-03-31T20:27:21.547300Z"}
{"@file":"src/psp/format_2025/operations.rs","@level":"debug","@line":60,"@message":"✅ Operations unpacked: count=8 operations=[226, 49, 29, 122, 100, 180, 253, 243]","@module":"flavor::psp::format_2025::operations","@pid":7004,"@timestamp":"2026-03-31T20:27:21.547345Z"}
{"@file":"src/psp/format_2025/operations.rs","@level":"debug","@line":37,"@message":"✅ Operations packed: result=17581406863962747362","@module":"flavor::psp::format_2025::operations","@pid":7004,"@timestamp":"2026-03-31T20:27:21.547365Z"}
{"@file":"src/psp/format_2025/operations.rs","@level":"debug","@line":60,"@message":"✅ Operations unpacked: count=8 operations=[226, 49, 29, 122, 100, 180, 253, 243]","@module":"flavor::psp::format_2025::operations","@pid":7004,"@timestamp":"2026-03-31T20:27:21.547385Z"}
{"@file":"src/psp/format_2025/operations.rs","@level":"debug","@line":60,"@message":"✅ Operations unpacked: count=8 operations=[7, 137, 8, 121, 190, 198, 156, 110]","@module":"flavor::psp::format_2025::operations","@pid":7004,"@timestamp":"2026-03-31T20:27:21.547430Z"}
{"@file":"src/psp/format_2025/operations.rs","@level":"debug","@line":37,"@message":"✅ Operations packed: result=7970463961915623687","@module":"flavor::psp::format_2025::operations","@pid":7004,"@timestamp":"2026-03-31T20:27:21.547451Z"}
{"@file":"src/psp/format_2025/operations.rs","@level":"debug","@line":60,"@message":"✅ Operations unpacked: count=8 operations=[7, 137, 8, 121, 190, 198, 156, 110]","@module":"flavor::psp::format_2025::operations","@pid":7004,"@timestamp":"2026-03-31T20:27:21.547470Z"}
test psp::format_2025::operations::tests::prop_unpack_pack_idempotent ... ok

test result: ok. 109 passed; 0 failed; 0 ignored; 0 measured; 0 filtered out; finished in 0.05s

     Running `/private/var/folders/sg/wy47gw996f78fznt898m8x540000gn/T/cargo-mutants-flavor-rs-AJnnRY.tmp/target/debug/deps/flavor_rs_builder-8b703e7e9be23f48`

running 0 tests

test result: ok. 0 passed; 0 failed; 0 ignored; 0 measured; 0 filtered out; finished in 0.00s

     Running `/private/var/folders/sg/wy47gw996f78fznt898m8x540000gn/T/cargo-mutants-flavor-rs-AJnnRY.tmp/target/debug/deps/flavor_rs_launcher-30d5c8f9cc0f7e8a`

running 0 tests

test result: ok. 0 passed; 0 failed; 0 ignored; 0 measured; 0 filtered out; finished in 0.00s

   Doc-tests flavor
     Running `/Users/tim/.rustup/toolchains/stable-aarch64-apple-darwin/bin/rustdoc --edition=2024 --crate-type lib --color auto --crate-name flavor --test src/lib.rs --test-run-directory /private/var/folders/sg/wy47gw996f78fznt898m8x540000gn/T/cargo-mutants-flavor-rs-AJnnRY.tmp --extern adler2=/private/var/folders/sg/wy47gw996f78fznt898m8x540000gn/T/cargo-mutants-flavor-rs-AJnnRY.tmp/target/debug/deps/libadler2-1237be17f08066aa.rlib --extern anyhow=/private/var/folders/sg/wy47gw996f78fznt898m8x540000gn/T/cargo-mutants-flavor-rs-AJnnRY.tmp/target/debug/deps/libanyhow-d9b6d410a1361442.rlib --extern chrono=/private/var/folders/sg/wy47gw996f78fznt898m8x540000gn/T/cargo-mutants-flavor-rs-AJnnRY.tmp/target/debug/deps/libchrono-b7affcfd136ee226.rlib --extern clap=/private/var/folders/sg/wy47gw996f78fznt898m8x540000gn/T/cargo-mutants-flavor-rs-AJnnRY.tmp/target/debug/deps/libclap-c2746911242c53dc.rlib --extern ed25519_dalek=/private/var/folders/sg/wy47gw996f78fznt898m8x540000gn/T/cargo-mutants-flavor-rs-AJnnRY.tmp/target/debug/deps/libed25519_dalek-42293ea3dc57f31c.rlib --extern env_logger=/private/var/folders/sg/wy47gw996f78fznt898m8x540000gn/T/cargo-mutants-flavor-rs-AJnnRY.tmp/target/debug/deps/libenv_logger-75173f29843c9a52.rlib --extern flate2=/private/var/folders/sg/wy47gw996f78fznt898m8x540000gn/T/cargo-mutants-flavor-rs-AJnnRY.tmp/target/debug/deps/libflate2-96cd3d855b9115ec.rlib --extern flavor=/private/var/folders/sg/wy47gw996f78fznt898m8x540000gn/T/cargo-mutants-flavor-rs-AJnnRY.tmp/target/debug/deps/libflavor-88d82f8937f7a117.rlib --extern fs2=/private/var/folders/sg/wy47gw996f78fznt898m8x540000gn/T/cargo-mutants-flavor-rs-AJnnRY.tmp/target/debug/deps/libfs2-71900ee401453af8.rlib --extern gethostname=/private/var/folders/sg/wy47gw996f78fznt898m8x540000gn/T/cargo-mutants-flavor-rs-AJnnRY.tmp/target/debug/deps/libgethostname-e6576ba3912663df.rlib --extern glob=/private/var/folders/sg/wy47gw996f78fznt898m8x540000gn/T/cargo-mutants-flavor-rs-AJnnRY.tmp/target/debug/deps/libglob-56daeb017c976e69.rlib --extern hex=/private/var/folders/sg/wy47gw996f78fznt898m8x540000gn/T/cargo-mutants-flavor-rs-AJnnRY.tmp/target/debug/deps/libhex-6a16846156d7c862.rlib --extern libc=/private/var/folders/sg/wy47gw996f78fznt898m8x540000gn/T/cargo-mutants-flavor-rs-AJnnRY.tmp/target/debug/deps/liblibc-26979bb06dae4666.rlib --extern log=/private/var/folders/sg/wy47gw996f78fznt898m8x540000gn/T/cargo-mutants-flavor-rs-AJnnRY.tmp/target/debug/deps/liblog-8a7d20b8c005bc83.rlib --extern memmap2=/private/var/folders/sg/wy47gw996f78fznt898m8x540000gn/T/cargo-mutants-flavor-rs-AJnnRY.tmp/target/debug/deps/libmemmap2-413e3a480d8f5878.rlib --extern pem=/private/var/folders/sg/wy47gw996f78fznt898m8x540000gn/T/cargo-mutants-flavor-rs-AJnnRY.tmp/target/debug/deps/libpem-baee24606d736ef7.rlib --extern proptest=/private/var/folders/sg/wy47gw996f78fznt898m8x540000gn/T/cargo-mutants-flavor-rs-AJnnRY.tmp/target/debug/deps/libproptest-387450d3dcbd40ff.rlib --extern rand=/private/var/folders/sg/wy47gw996f78fznt898m8x540000gn/T/cargo-mutants-flavor-rs-AJnnRY.tmp/target/debug/deps/librand-a25bcd883a2e2285.rlib --extern serde=/private/var/folders/sg/wy47gw996f78fznt898m8x540000gn/T/cargo-mutants-flavor-rs-AJnnRY.tmp/target/debug/deps/libserde-02be1dd65d3ef57a.rlib --extern serde_json=/private/var/folders/sg/wy47gw996f78fznt898m8x540000gn/T/cargo-mutants-flavor-rs-AJnnRY.tmp/target/debug/deps/libserde_json-469eaea1fff499db.rlib --extern sha2=/private/var/folders/sg/wy47gw996f78fznt898m8x540000gn/T/cargo-mutants-flavor-rs-AJnnRY.tmp/target/debug/deps/libsha2-28b9a530c85e9fef.rlib --extern signal_hook=/private/var/folders/sg/wy47gw996f78fznt898m8x540000gn/T/cargo-mutants-flavor-rs-AJnnRY.tmp/target/debug/deps/libsignal_hook-0a34b12e866764fc.rlib --extern tar=/private/var/folders/sg/wy47gw996f78fznt898m8x540000gn/T/cargo-mutants-flavor-rs-AJnnRY.tmp/target/debug/deps/libtar-9468371f38505d5a.rlib --extern tempfile=/private/var/folders/sg/wy47gw996f78fznt898m8x540000gn/T/cargo-mutants-flavor-rs-AJnnRY.tmp/target/debug/deps/libtempfile-f67b0e214d8dd2e3.rlib --extern which=/private/var/folders/sg/wy47gw996f78fznt898m8x540000gn/T/cargo-mutants-flavor-rs-AJnnRY.tmp/target/debug/deps/libwhich-a2a3c9536beaf592.rlib -L dependency=/private/var/folders/sg/wy47gw996f78fznt898m8x540000gn/T/cargo-mutants-flavor-rs-AJnnRY.tmp/target/debug/deps -C embed-bitcode=no --cfg 'feature="default"' --check-cfg 'cfg(docsrs,test)' --check-cfg 'cfg(feature, values("default"))' --error-format human`

running 0 tests

test result: ok. 0 passed; 0 failed; 0 ignored; 0 measured; 0 filtered out; finished in 0.00s


*** result: Success
