
*** src/psp/format_2025/backends.rs:473:30: replace > with == in create_backend

*** mutation diff:
--- src/psp/format_2025/backends.rs
+++ replace > with == in create_backend
@@ -465,17 +465,17 @@
 
     if mode == ACCESS_AUTO {
         // Auto-select based on file size and platform
         if let Some(p) = path {
             if let Ok(metadata) = std::fs::metadata(p) {
                 let file_size = metadata.len();
 
                 // Use streaming for very large files (>100MB)
-                if file_size > 100 * 1024 * 1024 {
+                if file_size == /* ~ changed by cargo-mutants ~ */ 100 * 1024 * 1024 {
                     mode = ACCESS_STREAM;
                 // Use mmap for files over 1MB
                 } else if file_size > 1024 * 1024 {
                     mode = ACCESS_MMAP;
                 } else {
                     mode = ACCESS_FILE;
                 }
             } else {


*** /Users/tim/.rustup/toolchains/stable-aarch64-apple-darwin/bin/cargo test --no-run --verbose --package=flavor@0.3.21 --all-features
       Fresh cfg-if v1.0.4
       Fresh bitflags v2.11.0
       Fresh version_check v0.9.5
       Fresh unicode-ident v1.0.24
       Fresh memchr v2.8.0
       Fresh regex-syntax v0.8.10
       Fresh semver v1.0.27
       Fresh autocfg v1.5.0
       Fresh utf8parse v0.2.2
       Fresh anstyle v1.0.14
       Fresh is_terminal_polyfill v1.70.2
       Fresh anstyle-query v1.1.5
       Fresh colorchoice v1.0.5
       Fresh once_cell v1.21.4
       Fresh fastrand v2.3.0
       Fresh libc v0.2.183
       Fresh rustc_version v0.4.1
       Fresh anstyle-parse v1.0.0
       Fresh aho-corasick v1.1.4
       Fresh adler2 v2.0.1
       Fresh strsim v0.11.1
       Fresh signature v2.2.0
       Fresh simd-adler32 v0.3.9
       Fresh core-foundation-sys v0.8.7
       Fresh errno v0.3.14
       Fresh typenum v1.19.0
       Fresh proc-macro2 v1.0.106
       Fresh zerocopy v0.8.48
       Fresh getrandom v0.3.4
       Fresh regex-automata v0.4.14
       Fresh getrandom v0.2.17
       Fresh getrandom v0.4.2
       Fresh anstream v1.0.0
       Fresh serde_core v1.0.228
       Fresh cpufeatures v0.2.17
       Fresh zeroize v1.8.2
       Fresh log v0.4.29
       Fresh clap_lex v1.1.0
       Fresh subtle v2.6.1
       Fresh heck v0.5.0
       Fresh ed25519 v2.2.3
       Fresh wait-timeout v0.2.1
       Fresh generic-array v0.14.7
       Fresh rustix v1.1.4
       Fresh quote v1.0.45
       Fresh ppv-lite86 v0.2.21
       Fresh rand_core v0.9.5
       Fresh rand_core v0.6.4
       Fresh num-traits v0.2.19
       Fresh regex v1.12.3
       Fresh rustix v0.38.44
       Fresh crc32fast v1.5.0
       Fresh signal-hook-registry v1.4.8
       Fresh zmij v1.0.21
       Fresh clap_builder v4.6.0
       Fresh miniz_oxide v0.8.9
       Fresh iana-time-zone v0.1.65
       Fresh filetime v0.2.27
       Fresh itoa v1.0.18
       Fresh base64 v0.22.1
       Fresh jiff v0.2.23
       Fresh quick-error v1.2.3
       Fresh crypto-common v0.1.7
       Fresh block-buffer v0.10.4
       Fresh syn v2.0.117
       Fresh tempfile v3.27.0
       Fresh rand_chacha v0.3.1
       Fresh xattr v1.6.1
       Fresh env_filter v1.0.1
       Fresh fnv v1.0.7
       Fresh bit-vec v0.8.0
       Fresh either v1.15.0
       Fresh home v0.5.11
       Fresh gethostname v0.5.0
       Fresh rand_chacha v0.9.0
       Fresh rand_xorshift v0.4.0
       Fresh flate2 v1.1.9
       Fresh signal-hook v0.3.18
       Fresh pem v3.0.6
       Fresh anyhow v1.0.102
       Fresh chrono v0.4.44
       Fresh serde_json v1.0.149
       Dirty flavor v0.3.21 (/private/var/folders/sg/wy47gw996f78fznt898m8x540000gn/T/cargo-mutants-flavor-rs-AJnnRY.tmp): the file `../../VERSION` is missing
   Compiling flavor v0.3.21 (/private/var/folders/sg/wy47gw996f78fznt898m8x540000gn/T/cargo-mutants-flavor-rs-AJnnRY.tmp)
       Fresh rand v0.9.2
       Fresh memmap2 v0.9.10
       Fresh fs2 v0.4.3
       Fresh glob v0.3.3
     Running `/private/var/folders/sg/wy47gw996f78fznt898m8x540000gn/T/cargo-mutants-flavor-rs-AJnnRY.tmp/target/debug/build/flavor-d6cea4267b429fe1/build-script-build`
       Fresh digest v0.10.7
       Fresh clap_derive v4.6.0
       Fresh serde_derive v1.0.228
       Fresh rusty-fork v0.3.1
       Fresh env_logger v0.11.10
       Fresh bit-set v0.8.0
       Fresh rand v0.8.5
       Fresh tar v0.4.45
       Fresh which v6.0.3
       Fresh unarray v0.1.4
       Fresh hex v0.4.3
       Fresh curve25519-dalek v4.1.3
       Fresh sha2 v0.10.9
       Fresh clap v4.6.0
       Fresh serde v1.0.228
       Fresh proptest v1.11.0
       Fresh ed25519-dalek v2.2.0
     Running `/Users/tim/.rustup/toolchains/stable-aarch64-apple-darwin/bin/rustc --crate-name flavor --edition=2024 src/lib.rs --error-format=json --json=diagnostic-rendered-ansi,artifacts,future-incompat --emit=dep-info,link -C embed-bitcode=no -C debuginfo=2 -C split-debuginfo=unpacked --test --cfg 'feature="default"' --check-cfg 'cfg(docsrs,test)' --check-cfg 'cfg(feature, values("default"))' -C metadata=b72348e8a9d7df2e -C extra-filename=-19035fd48ff337ba --out-dir /private/var/folders/sg/wy47gw996f78fznt898m8x540000gn/T/cargo-mutants-flavor-rs-AJnnRY.tmp/target/debug/deps -C incremental=/private/var/folders/sg/wy47gw996f78fznt898m8x540000gn/T/cargo-mutants-flavor-rs-AJnnRY.tmp/target/debug/incremental -L dependency=/private/var/folders/sg/wy47gw996f78fznt898m8x540000gn/T/cargo-mutants-flavor-rs-AJnnRY.tmp/target/debug/deps --extern adler2=/private/var/folders/sg/wy47gw996f78fznt898m8x540000gn/T/cargo-mutants-flavor-rs-AJnnRY.tmp/target/debug/deps/libadler2-1237be17f08066aa.rlib --extern anyhow=/private/var/folders/sg/wy47gw996f78fznt898m8x540000gn/T/cargo-mutants-flavor-rs-AJnnRY.tmp/target/debug/deps/libanyhow-d9b6d410a1361442.rlib --extern chrono=/private/var/folders/sg/wy47gw996f78fznt898m8x540000gn/T/cargo-mutants-flavor-rs-AJnnRY.tmp/target/debug/deps/libchrono-b7affcfd136ee226.rlib --extern clap=/private/var/folders/sg/wy47gw996f78fznt898m8x540000gn/T/cargo-mutants-flavor-rs-AJnnRY.tmp/target/debug/deps/libclap-c2746911242c53dc.rlib --extern ed25519_dalek=/private/var/folders/sg/wy47gw996f78fznt898m8x540000gn/T/cargo-mutants-flavor-rs-AJnnRY.tmp/target/debug/deps/libed25519_dalek-42293ea3dc57f31c.rlib --extern env_logger=/private/var/folders/sg/wy47gw996f78fznt898m8x540000gn/T/cargo-mutants-flavor-rs-AJnnRY.tmp/target/debug/deps/libenv_logger-75173f29843c9a52.rlib --extern flate2=/private/var/folders/sg/wy47gw996f78fznt898m8x540000gn/T/cargo-mutants-flavor-rs-AJnnRY.tmp/target/debug/deps/libflate2-96cd3d855b9115ec.rlib --extern fs2=/private/var/folders/sg/wy47gw996f78fznt898m8x540000gn/T/cargo-mutants-flavor-rs-AJnnRY.tmp/target/debug/deps/libfs2-71900ee401453af8.rlib --extern gethostname=/private/var/folders/sg/wy47gw996f78fznt898m8x540000gn/T/cargo-mutants-flavor-rs-AJnnRY.tmp/target/debug/deps/libgethostname-e6576ba3912663df.rlib --extern glob=/private/var/folders/sg/wy47gw996f78fznt898m8x540000gn/T/cargo-mutants-flavor-rs-AJnnRY.tmp/target/debug/deps/libglob-56daeb017c976e69.rlib --extern hex=/private/var/folders/sg/wy47gw996f78fznt898m8x540000gn/T/cargo-mutants-flavor-rs-AJnnRY.tmp/target/debug/deps/libhex-6a16846156d7c862.rlib --extern libc=/private/var/folders/sg/wy47gw996f78fznt898m8x540000gn/T/cargo-mutants-flavor-rs-AJnnRY.tmp/target/debug/deps/liblibc-26979bb06dae4666.rlib --extern log=/private/var/folders/sg/wy47gw996f78fznt898m8x540000gn/T/cargo-mutants-flavor-rs-AJnnRY.tmp/target/debug/deps/liblog-8a7d20b8c005bc83.rlib --extern memmap2=/private/var/folders/sg/wy47gw996f78fznt898m8x540000gn/T/cargo-mutants-flavor-rs-AJnnRY.tmp/target/debug/deps/libmemmap2-413e3a480d8f5878.rlib --extern pem=/private/var/folders/sg/wy47gw996f78fznt898m8x540000gn/T/cargo-mutants-flavor-rs-AJnnRY.tmp/target/debug/deps/libpem-baee24606d736ef7.rlib --extern proptest=/private/var/folders/sg/wy47gw996f78fznt898m8x540000gn/T/cargo-mutants-flavor-rs-AJnnRY.tmp/target/debug/deps/libproptest-387450d3dcbd40ff.rlib --extern rand=/private/var/folders/sg/wy47gw996f78fznt898m8x540000gn/T/cargo-mutants-flavor-rs-AJnnRY.tmp/target/debug/deps/librand-a25bcd883a2e2285.rlib --extern serde=/private/var/folders/sg/wy47gw996f78fznt898m8x540000gn/T/cargo-mutants-flavor-rs-AJnnRY.tmp/target/debug/deps/libserde-02be1dd65d3ef57a.rlib --extern serde_json=/private/var/folders/sg/wy47gw996f78fznt898m8x540000gn/T/cargo-mutants-flavor-rs-AJnnRY.tmp/target/debug/deps/libserde_json-469eaea1fff499db.rlib --extern sha2=/private/var/folders/sg/wy47gw996f78fznt898m8x540000gn/T/cargo-mutants-flavor-rs-AJnnRY.tmp/target/debug/deps/libsha2-28b9a530c85e9fef.rlib --extern signal_hook=/private/var/folders/sg/wy47gw996f78fznt898m8x540000gn/T/cargo-mutants-flavor-rs-AJnnRY.tmp/target/debug/deps/libsignal_hook-0a34b12e866764fc.rlib --extern tar=/private/var/folders/sg/wy47gw996f78fznt898m8x540000gn/T/cargo-mutants-flavor-rs-AJnnRY.tmp/target/debug/deps/libtar-9468371f38505d5a.rlib --extern tempfile=/private/var/folders/sg/wy47gw996f78fznt898m8x540000gn/T/cargo-mutants-flavor-rs-AJnnRY.tmp/target/debug/deps/libtempfile-f67b0e214d8dd2e3.rlib --extern which=/private/var/folders/sg/wy47gw996f78fznt898m8x540000gn/T/cargo-mutants-flavor-rs-AJnnRY.tmp/target/debug/deps/libwhich-a2a3c9536beaf592.rlib`
     Running `/Users/tim/.rustup/toolchains/stable-aarch64-apple-darwin/bin/rustc --crate-name flavor --edition=2024 src/lib.rs --error-format=json --json=diagnostic-rendered-ansi,artifacts,future-incompat --crate-type lib --emit=dep-info,metadata,link -C embed-bitcode=no -C debuginfo=2 -C split-debuginfo=unpacked --cfg 'feature="default"' --check-cfg 'cfg(docsrs,test)' --check-cfg 'cfg(feature, values("default"))' -C metadata=638a3856e0fcd0df -C extra-filename=-88d82f8937f7a117 --out-dir /private/var/folders/sg/wy47gw996f78fznt898m8x540000gn/T/cargo-mutants-flavor-rs-AJnnRY.tmp/target/debug/deps -C incremental=/private/var/folders/sg/wy47gw996f78fznt898m8x540000gn/T/cargo-mutants-flavor-rs-AJnnRY.tmp/target/debug/incremental -L dependency=/private/var/folders/sg/wy47gw996f78fznt898m8x540000gn/T/cargo-mutants-flavor-rs-AJnnRY.tmp/target/debug/deps --extern adler2=/private/var/folders/sg/wy47gw996f78fznt898m8x540000gn/T/cargo-mutants-flavor-rs-AJnnRY.tmp/target/debug/deps/libadler2-1237be17f08066aa.rmeta --extern anyhow=/private/var/folders/sg/wy47gw996f78fznt898m8x540000gn/T/cargo-mutants-flavor-rs-AJnnRY.tmp/target/debug/deps/libanyhow-d9b6d410a1361442.rmeta --extern chrono=/private/var/folders/sg/wy47gw996f78fznt898m8x540000gn/T/cargo-mutants-flavor-rs-AJnnRY.tmp/target/debug/deps/libchrono-b7affcfd136ee226.rmeta --extern clap=/private/var/folders/sg/wy47gw996f78fznt898m8x540000gn/T/cargo-mutants-flavor-rs-AJnnRY.tmp/target/debug/deps/libclap-c2746911242c53dc.rmeta --extern ed25519_dalek=/private/var/folders/sg/wy47gw996f78fznt898m8x540000gn/T/cargo-mutants-flavor-rs-AJnnRY.tmp/target/debug/deps/libed25519_dalek-42293ea3dc57f31c.rmeta --extern env_logger=/private/var/folders/sg/wy47gw996f78fznt898m8x540000gn/T/cargo-mutants-flavor-rs-AJnnRY.tmp/target/debug/deps/libenv_logger-75173f29843c9a52.rmeta --extern flate2=/private/var/folders/sg/wy47gw996f78fznt898m8x540000gn/T/cargo-mutants-flavor-rs-AJnnRY.tmp/target/debug/deps/libflate2-96cd3d855b9115ec.rmeta --extern fs2=/private/var/folders/sg/wy47gw996f78fznt898m8x540000gn/T/cargo-mutants-flavor-rs-AJnnRY.tmp/target/debug/deps/libfs2-71900ee401453af8.rmeta --extern gethostname=/private/var/folders/sg/wy47gw996f78fznt898m8x540000gn/T/cargo-mutants-flavor-rs-AJnnRY.tmp/target/debug/deps/libgethostname-e6576ba3912663df.rmeta --extern glob=/private/var/folders/sg/wy47gw996f78fznt898m8x540000gn/T/cargo-mutants-flavor-rs-AJnnRY.tmp/target/debug/deps/libglob-56daeb017c976e69.rmeta --extern hex=/private/var/folders/sg/wy47gw996f78fznt898m8x540000gn/T/cargo-mutants-flavor-rs-AJnnRY.tmp/target/debug/deps/libhex-6a16846156d7c862.rmeta --extern libc=/private/var/folders/sg/wy47gw996f78fznt898m8x540000gn/T/cargo-mutants-flavor-rs-AJnnRY.tmp/target/debug/deps/liblibc-26979bb06dae4666.rmeta --extern log=/private/var/folders/sg/wy47gw996f78fznt898m8x540000gn/T/cargo-mutants-flavor-rs-AJnnRY.tmp/target/debug/deps/liblog-8a7d20b8c005bc83.rmeta --extern memmap2=/private/var/folders/sg/wy47gw996f78fznt898m8x540000gn/T/cargo-mutants-flavor-rs-AJnnRY.tmp/target/debug/deps/libmemmap2-413e3a480d8f5878.rmeta --extern pem=/private/var/folders/sg/wy47gw996f78fznt898m8x540000gn/T/cargo-mutants-flavor-rs-AJnnRY.tmp/target/debug/deps/libpem-baee24606d736ef7.rmeta --extern rand=/private/var/folders/sg/wy47gw996f78fznt898m8x540000gn/T/cargo-mutants-flavor-rs-AJnnRY.tmp/target/debug/deps/librand-a25bcd883a2e2285.rmeta --extern serde=/private/var/folders/sg/wy47gw996f78fznt898m8x540000gn/T/cargo-mutants-flavor-rs-AJnnRY.tmp/target/debug/deps/libserde-02be1dd65d3ef57a.rmeta --extern serde_json=/private/var/folders/sg/wy47gw996f78fznt898m8x540000gn/T/cargo-mutants-flavor-rs-AJnnRY.tmp/target/debug/deps/libserde_json-469eaea1fff499db.rmeta --extern sha2=/private/var/folders/sg/wy47gw996f78fznt898m8x540000gn/T/cargo-mutants-flavor-rs-AJnnRY.tmp/target/debug/deps/libsha2-28b9a530c85e9fef.rmeta --extern signal_hook=/private/var/folders/sg/wy47gw996f78fznt898m8x540000gn/T/cargo-mutants-flavor-rs-AJnnRY.tmp/target/debug/deps/libsignal_hook-0a34b12e866764fc.rmeta --extern tar=/private/var/folders/sg/wy47gw996f78fznt898m8x540000gn/T/cargo-mutants-flavor-rs-AJnnRY.tmp/target/debug/deps/libtar-9468371f38505d5a.rmeta --extern tempfile=/private/var/folders/sg/wy47gw996f78fznt898m8x540000gn/T/cargo-mutants-flavor-rs-AJnnRY.tmp/target/debug/deps/libtempfile-f67b0e214d8dd2e3.rmeta --extern which=/private/var/folders/sg/wy47gw996f78fznt898m8x540000gn/T/cargo-mutants-flavor-rs-AJnnRY.tmp/target/debug/deps/libwhich-a2a3c9536beaf592.rmeta`
     Running `/Users/tim/.rustup/toolchains/stable-aarch64-apple-darwin/bin/rustc --crate-name flavor_rs_launcher --edition=2024 src/bin/flavor-rs-launcher.rs --error-format=json --json=diagnostic-rendered-ansi,artifacts,future-incompat --emit=dep-info,link -C embed-bitcode=no -C debuginfo=2 -C split-debuginfo=unpacked --test --cfg 'feature="default"' --check-cfg 'cfg(docsrs,test)' --check-cfg 'cfg(feature, values("default"))' -C metadata=1e86bd574fcae1c3 -C extra-filename=-30d5c8f9cc0f7e8a --out-dir /private/var/folders/sg/wy47gw996f78fznt898m8x540000gn/T/cargo-mutants-flavor-rs-AJnnRY.tmp/target/debug/deps -C incremental=/private/var/folders/sg/wy47gw996f78fznt898m8x540000gn/T/cargo-mutants-flavor-rs-AJnnRY.tmp/target/debug/incremental -L dependency=/private/var/folders/sg/wy47gw996f78fznt898m8x540000gn/T/cargo-mutants-flavor-rs-AJnnRY.tmp/target/debug/deps --extern adler2=/private/var/folders/sg/wy47gw996f78fznt898m8x540000gn/T/cargo-mutants-flavor-rs-AJnnRY.tmp/target/debug/deps/libadler2-1237be17f08066aa.rlib --extern anyhow=/private/var/folders/sg/wy47gw996f78fznt898m8x540000gn/T/cargo-mutants-flavor-rs-AJnnRY.tmp/target/debug/deps/libanyhow-d9b6d410a1361442.rlib --extern chrono=/private/var/folders/sg/wy47gw996f78fznt898m8x540000gn/T/cargo-mutants-flavor-rs-AJnnRY.tmp/target/debug/deps/libchrono-b7affcfd136ee226.rlib --extern clap=/private/var/folders/sg/wy47gw996f78fznt898m8x540000gn/T/cargo-mutants-flavor-rs-AJnnRY.tmp/target/debug/deps/libclap-c2746911242c53dc.rlib --extern ed25519_dalek=/private/var/folders/sg/wy47gw996f78fznt898m8x540000gn/T/cargo-mutants-flavor-rs-AJnnRY.tmp/target/debug/deps/libed25519_dalek-42293ea3dc57f31c.rlib --extern env_logger=/private/var/folders/sg/wy47gw996f78fznt898m8x540000gn/T/cargo-mutants-flavor-rs-AJnnRY.tmp/target/debug/deps/libenv_logger-75173f29843c9a52.rlib --extern flate2=/private/var/folders/sg/wy47gw996f78fznt898m8x540000gn/T/cargo-mutants-flavor-rs-AJnnRY.tmp/target/debug/deps/libflate2-96cd3d855b9115ec.rlib --extern flavor=/private/var/folders/sg/wy47gw996f78fznt898m8x540000gn/T/cargo-mutants-flavor-rs-AJnnRY.tmp/target/debug/deps/libflavor-88d82f8937f7a117.rlib --extern fs2=/private/var/folders/sg/wy47gw996f78fznt898m8x540000gn/T/cargo-mutants-flavor-rs-AJnnRY.tmp/target/debug/deps/libfs2-71900ee401453af8.rlib --extern gethostname=/private/var/folders/sg/wy47gw996f78fznt898m8x540000gn/T/cargo-mutants-flavor-rs-AJnnRY.tmp/target/debug/deps/libgethostname-e6576ba3912663df.rlib --extern glob=/private/var/folders/sg/wy47gw996f78fznt898m8x540000gn/T/cargo-mutants-flavor-rs-AJnnRY.tmp/target/debug/deps/libglob-56daeb017c976e69.rlib --extern hex=/private/var/folders/sg/wy47gw996f78fznt898m8x540000gn/T/cargo-mutants-flavor-rs-AJnnRY.tmp/target/debug/deps/libhex-6a16846156d7c862.rlib --extern libc=/private/var/folders/sg/wy47gw996f78fznt898m8x540000gn/T/cargo-mutants-flavor-rs-AJnnRY.tmp/target/debug/deps/liblibc-26979bb06dae4666.rlib --extern log=/private/var/folders/sg/wy47gw996f78fznt898m8x540000gn/T/cargo-mutants-flavor-rs-AJnnRY.tmp/target/debug/deps/liblog-8a7d20b8c005bc83.rlib --extern memmap2=/private/var/folders/sg/wy47gw996f78fznt898m8x540000gn/T/cargo-mutants-flavor-rs-AJnnRY.tmp/target/debug/deps/libmemmap2-413e3a480d8f5878.rlib --extern pem=/private/var/folders/sg/wy47gw996f78fznt898m8x540000gn/T/cargo-mutants-flavor-rs-AJnnRY.tmp/target/debug/deps/libpem-baee24606d736ef7.rlib --extern proptest=/private/var/folders/sg/wy47gw996f78fznt898m8x540000gn/T/cargo-mutants-flavor-rs-AJnnRY.tmp/target/debug/deps/libproptest-387450d3dcbd40ff.rlib --extern rand=/private/var/folders/sg/wy47gw996f78fznt898m8x540000gn/T/cargo-mutants-flavor-rs-AJnnRY.tmp/target/debug/deps/librand-a25bcd883a2e2285.rlib --extern serde=/private/var/folders/sg/wy47gw996f78fznt898m8x540000gn/T/cargo-mutants-flavor-rs-AJnnRY.tmp/target/debug/deps/libserde-02be1dd65d3ef57a.rlib --extern serde_json=/private/var/folders/sg/wy47gw996f78fznt898m8x540000gn/T/cargo-mutants-flavor-rs-AJnnRY.tmp/target/debug/deps/libserde_json-469eaea1fff499db.rlib --extern sha2=/private/var/folders/sg/wy47gw996f78fznt898m8x540000gn/T/cargo-mutants-flavor-rs-AJnnRY.tmp/target/debug/deps/libsha2-28b9a530c85e9fef.rlib --extern signal_hook=/private/var/folders/sg/wy47gw996f78fznt898m8x540000gn/T/cargo-mutants-flavor-rs-AJnnRY.tmp/target/debug/deps/libsignal_hook-0a34b12e866764fc.rlib --extern tar=/private/var/folders/sg/wy47gw996f78fznt898m8x540000gn/T/cargo-mutants-flavor-rs-AJnnRY.tmp/target/debug/deps/libtar-9468371f38505d5a.rlib --extern tempfile=/private/var/folders/sg/wy47gw996f78fznt898m8x540000gn/T/cargo-mutants-flavor-rs-AJnnRY.tmp/target/debug/deps/libtempfile-f67b0e214d8dd2e3.rlib --extern which=/private/var/folders/sg/wy47gw996f78fznt898m8x540000gn/T/cargo-mutants-flavor-rs-AJnnRY.tmp/target/debug/deps/libwhich-a2a3c9536beaf592.rlib`
     Running `/Users/tim/.rustup/toolchains/stable-aarch64-apple-darwin/bin/rustc --crate-name flavor_rs_builder --edition=2024 src/bin/flavor-rs-builder.rs --error-format=json --json=diagnostic-rendered-ansi,artifacts,future-incompat --emit=dep-info,link -C embed-bitcode=no -C debuginfo=2 -C split-debuginfo=unpacked --test --cfg 'feature="default"' --check-cfg 'cfg(docsrs,test)' --check-cfg 'cfg(feature, values("default"))' -C metadata=069fa1d69c2b4683 -C extra-filename=-8b703e7e9be23f48 --out-dir /private/var/folders/sg/wy47gw996f78fznt898m8x540000gn/T/cargo-mutants-flavor-rs-AJnnRY.tmp/target/debug/deps -C incremental=/private/var/folders/sg/wy47gw996f78fznt898m8x540000gn/T/cargo-mutants-flavor-rs-AJnnRY.tmp/target/debug/incremental -L dependency=/private/var/folders/sg/wy47gw996f78fznt898m8x540000gn/T/cargo-mutants-flavor-rs-AJnnRY.tmp/target/debug/deps --extern adler2=/private/var/folders/sg/wy47gw996f78fznt898m8x540000gn/T/cargo-mutants-flavor-rs-AJnnRY.tmp/target/debug/deps/libadler2-1237be17f08066aa.rlib --extern anyhow=/private/var/folders/sg/wy47gw996f78fznt898m8x540000gn/T/cargo-mutants-flavor-rs-AJnnRY.tmp/target/debug/deps/libanyhow-d9b6d410a1361442.rlib --extern chrono=/private/var/folders/sg/wy47gw996f78fznt898m8x540000gn/T/cargo-mutants-flavor-rs-AJnnRY.tmp/target/debug/deps/libchrono-b7affcfd136ee226.rlib --extern clap=/private/var/folders/sg/wy47gw996f78fznt898m8x540000gn/T/cargo-mutants-flavor-rs-AJnnRY.tmp/target/debug/deps/libclap-c2746911242c53dc.rlib --extern ed25519_dalek=/private/var/folders/sg/wy47gw996f78fznt898m8x540000gn/T/cargo-mutants-flavor-rs-AJnnRY.tmp/target/debug/deps/libed25519_dalek-42293ea3dc57f31c.rlib --extern env_logger=/private/var/folders/sg/wy47gw996f78fznt898m8x540000gn/T/cargo-mutants-flavor-rs-AJnnRY.tmp/target/debug/deps/libenv_logger-75173f29843c9a52.rlib --extern flate2=/private/var/folders/sg/wy47gw996f78fznt898m8x540000gn/T/cargo-mutants-flavor-rs-AJnnRY.tmp/target/debug/deps/libflate2-96cd3d855b9115ec.rlib --extern flavor=/private/var/folders/sg/wy47gw996f78fznt898m8x540000gn/T/cargo-mutants-flavor-rs-AJnnRY.tmp/target/debug/deps/libflavor-88d82f8937f7a117.rlib --extern fs2=/private/var/folders/sg/wy47gw996f78fznt898m8x540000gn/T/cargo-mutants-flavor-rs-AJnnRY.tmp/target/debug/deps/libfs2-71900ee401453af8.rlib --extern gethostname=/private/var/folders/sg/wy47gw996f78fznt898m8x540000gn/T/cargo-mutants-flavor-rs-AJnnRY.tmp/target/debug/deps/libgethostname-e6576ba3912663df.rlib --extern glob=/private/var/folders/sg/wy47gw996f78fznt898m8x540000gn/T/cargo-mutants-flavor-rs-AJnnRY.tmp/target/debug/deps/libglob-56daeb017c976e69.rlib --extern hex=/private/var/folders/sg/wy47gw996f78fznt898m8x540000gn/T/cargo-mutants-flavor-rs-AJnnRY.tmp/target/debug/deps/libhex-6a16846156d7c862.rlib --extern libc=/private/var/folders/sg/wy47gw996f78fznt898m8x540000gn/T/cargo-mutants-flavor-rs-AJnnRY.tmp/target/debug/deps/liblibc-26979bb06dae4666.rlib --extern log=/private/var/folders/sg/wy47gw996f78fznt898m8x540000gn/T/cargo-mutants-flavor-rs-AJnnRY.tmp/target/debug/deps/liblog-8a7d20b8c005bc83.rlib --extern memmap2=/private/var/folders/sg/wy47gw996f78fznt898m8x540000gn/T/cargo-mutants-flavor-rs-AJnnRY.tmp/target/debug/deps/libmemmap2-413e3a480d8f5878.rlib --extern pem=/private/var/folders/sg/wy47gw996f78fznt898m8x540000gn/T/cargo-mutants-flavor-rs-AJnnRY.tmp/target/debug/deps/libpem-baee24606d736ef7.rlib --extern proptest=/private/var/folders/sg/wy47gw996f78fznt898m8x540000gn/T/cargo-mutants-flavor-rs-AJnnRY.tmp/target/debug/deps/libproptest-387450d3dcbd40ff.rlib --extern rand=/private/var/folders/sg/wy47gw996f78fznt898m8x540000gn/T/cargo-mutants-flavor-rs-AJnnRY.tmp/target/debug/deps/librand-a25bcd883a2e2285.rlib --extern serde=/private/var/folders/sg/wy47gw996f78fznt898m8x540000gn/T/cargo-mutants-flavor-rs-AJnnRY.tmp/target/debug/deps/libserde-02be1dd65d3ef57a.rlib --extern serde_json=/private/var/folders/sg/wy47gw996f78fznt898m8x540000gn/T/cargo-mutants-flavor-rs-AJnnRY.tmp/target/debug/deps/libserde_json-469eaea1fff499db.rlib --extern sha2=/private/var/folders/sg/wy47gw996f78fznt898m8x540000gn/T/cargo-mutants-flavor-rs-AJnnRY.tmp/target/debug/deps/libsha2-28b9a530c85e9fef.rlib --extern signal_hook=/private/var/folders/sg/wy47gw996f78fznt898m8x540000gn/T/cargo-mutants-flavor-rs-AJnnRY.tmp/target/debug/deps/libsignal_hook-0a34b12e866764fc.rlib --extern tar=/private/var/folders/sg/wy47gw996f78fznt898m8x540000gn/T/cargo-mutants-flavor-rs-AJnnRY.tmp/target/debug/deps/libtar-9468371f38505d5a.rlib --extern tempfile=/private/var/folders/sg/wy47gw996f78fznt898m8x540000gn/T/cargo-mutants-flavor-rs-AJnnRY.tmp/target/debug/deps/libtempfile-f67b0e214d8dd2e3.rlib --extern which=/private/var/folders/sg/wy47gw996f78fznt898m8x540000gn/T/cargo-mutants-flavor-rs-AJnnRY.tmp/target/debug/deps/libwhich-a2a3c9536beaf592.rlib`
    Finished `test` profile [unoptimized + debuginfo] target(s) in 1.47s
  Executable `/private/var/folders/sg/wy47gw996f78fznt898m8x540000gn/T/cargo-mutants-flavor-rs-AJnnRY.tmp/target/debug/deps/flavor-19035fd48ff337ba`
  Executable `/private/var/folders/sg/wy47gw996f78fznt898m8x540000gn/T/cargo-mutants-flavor-rs-AJnnRY.tmp/target/debug/deps/flavor_rs_builder-8b703e7e9be23f48`
  Executable `/private/var/folders/sg/wy47gw996f78fznt898m8x540000gn/T/cargo-mutants-flavor-rs-AJnnRY.tmp/target/debug/deps/flavor_rs_launcher-30d5c8f9cc0f7e8a`

*** result: Success

*** /Users/tim/.rustup/toolchains/stable-aarch64-apple-darwin/bin/cargo test --verbose --package=flavor@0.3.21 --all-features
       Fresh cfg-if v1.0.4
       Fresh bitflags v2.11.0
       Fresh version_check v0.9.5
       Fresh unicode-ident v1.0.24
       Fresh memchr v2.8.0
       Fresh autocfg v1.5.0
       Fresh semver v1.0.27
       Fresh utf8parse v0.2.2
       Fresh regex-syntax v0.8.10
       Fresh anstyle v1.0.14
       Fresh anstyle-query v1.1.5
       Fresh is_terminal_polyfill v1.70.2
       Fresh colorchoice v1.0.5
       Fresh fastrand v2.3.0
       Fresh libc v0.2.183
       Fresh aho-corasick v1.1.4
       Fresh rustc_version v0.4.1
       Fresh anstyle-parse v1.0.0
       Fresh once_cell v1.21.4
       Fresh signature v2.2.0
       Fresh log v0.4.29
       Fresh strsim v0.11.1
       Fresh core-foundation-sys v0.8.7
       Fresh errno v0.3.14
       Fresh typenum v1.19.0
       Fresh proc-macro2 v1.0.106
       Fresh zerocopy v0.8.48
       Fresh getrandom v0.3.4
       Fresh anstream v1.0.0
       Fresh regex-automata v0.4.14
       Fresh getrandom v0.4.2
       Fresh getrandom v0.2.17
       Fresh serde_core v1.0.228
       Fresh cpufeatures v0.2.17
       Fresh simd-adler32 v0.3.9
       Fresh heck v0.5.0
       Fresh zeroize v1.8.2
       Fresh clap_lex v1.1.0
       Fresh adler2 v2.0.1
       Fresh subtle v2.6.1
       Fresh ed25519 v2.2.3
       Fresh wait-timeout v0.2.1
       Fresh filetime v0.2.27
       Fresh generic-array v0.14.7
       Fresh quote v1.0.45
       Fresh rustix v1.1.4
       Fresh ppv-lite86 v0.2.21
       Fresh rand_core v0.9.5
       Fresh rustix v0.38.44
       Fresh regex v1.12.3
       Fresh rand_core v0.6.4
       Fresh num-traits v0.2.19
       Fresh signal-hook-registry v1.4.8
       Fresh zmij v1.0.21
       Fresh clap_builder v4.6.0
       Fresh miniz_oxide v0.8.9
       Fresh iana-time-zone v0.1.65
       Fresh crc32fast v1.5.0
       Fresh jiff v0.2.23
       Fresh quick-error v1.2.3
       Fresh base64 v0.22.1
       Fresh either v1.15.0
       Fresh crypto-common v0.1.7
       Fresh syn v2.0.117
       Fresh block-buffer v0.10.4
       Fresh tempfile v3.27.0
       Fresh xattr v1.6.1
       Fresh rand_chacha v0.3.1
       Fresh env_filter v1.0.1
       Fresh itoa v1.0.18
       Fresh home v0.5.11
       Fresh fnv v1.0.7
       Fresh bit-vec v0.8.0
       Fresh rand_chacha v0.9.0
       Fresh signal-hook v0.3.18
       Fresh gethostname v0.5.0
       Fresh pem v3.0.6
       Fresh flate2 v1.1.9
       Dirty flavor v0.3.21 (/private/var/folders/sg/wy47gw996f78fznt898m8x540000gn/T/cargo-mutants-flavor-rs-AJnnRY.tmp): the file `../../VERSION` is missing
   Compiling flavor v0.3.21 (/private/var/folders/sg/wy47gw996f78fznt898m8x540000gn/T/cargo-mutants-flavor-rs-AJnnRY.tmp)
       Fresh rand v0.9.2
       Fresh anyhow v1.0.102
       Fresh rand_xorshift v0.4.0
       Fresh chrono v0.4.44
       Fresh memmap2 v0.9.10
       Fresh fs2 v0.4.3
       Fresh glob v0.3.3
       Fresh hex v0.4.3
     Running `/private/var/folders/sg/wy47gw996f78fznt898m8x540000gn/T/cargo-mutants-flavor-rs-AJnnRY.tmp/target/debug/build/flavor-d6cea4267b429fe1/build-script-build`
       Fresh digest v0.10.7
       Fresh clap_derive v4.6.0
       Fresh serde_derive v1.0.228
       Fresh rusty-fork v0.3.1
       Fresh tar v0.4.45
       Fresh rand v0.8.5
       Fresh serde_json v1.0.149
       Fresh env_logger v0.11.10
       Fresh which v6.0.3
       Fresh bit-set v0.8.0
       Fresh unarray v0.1.4
       Fresh sha2 v0.10.9
       Fresh curve25519-dalek v4.1.3
       Fresh serde v1.0.228
       Fresh clap v4.6.0
       Fresh proptest v1.11.0
       Fresh ed25519-dalek v2.2.0
     Running `/Users/tim/.rustup/toolchains/stable-aarch64-apple-darwin/bin/rustc --crate-name flavor --edition=2024 src/lib.rs --error-format=json --json=diagnostic-rendered-ansi,artifacts,future-incompat --emit=dep-info,link -C embed-bitcode=no -C debuginfo=2 -C split-debuginfo=unpacked --test --cfg 'feature="default"' --check-cfg 'cfg(docsrs,test)' --check-cfg 'cfg(feature, values("default"))' -C metadata=b72348e8a9d7df2e -C extra-filename=-19035fd48ff337ba --out-dir /private/var/folders/sg/wy47gw996f78fznt898m8x540000gn/T/cargo-mutants-flavor-rs-AJnnRY.tmp/target/debug/deps -C incremental=/private/var/folders/sg/wy47gw996f78fznt898m8x540000gn/T/cargo-mutants-flavor-rs-AJnnRY.tmp/target/debug/incremental -L dependency=/private/var/folders/sg/wy47gw996f78fznt898m8x540000gn/T/cargo-mutants-flavor-rs-AJnnRY.tmp/target/debug/deps --extern adler2=/private/var/folders/sg/wy47gw996f78fznt898m8x540000gn/T/cargo-mutants-flavor-rs-AJnnRY.tmp/target/debug/deps/libadler2-1237be17f08066aa.rlib --extern anyhow=/private/var/folders/sg/wy47gw996f78fznt898m8x540000gn/T/cargo-mutants-flavor-rs-AJnnRY.tmp/target/debug/deps/libanyhow-d9b6d410a1361442.rlib --extern chrono=/private/var/folders/sg/wy47gw996f78fznt898m8x540000gn/T/cargo-mutants-flavor-rs-AJnnRY.tmp/target/debug/deps/libchrono-b7affcfd136ee226.rlib --extern clap=/private/var/folders/sg/wy47gw996f78fznt898m8x540000gn/T/cargo-mutants-flavor-rs-AJnnRY.tmp/target/debug/deps/libclap-c2746911242c53dc.rlib --extern ed25519_dalek=/private/var/folders/sg/wy47gw996f78fznt898m8x540000gn/T/cargo-mutants-flavor-rs-AJnnRY.tmp/target/debug/deps/libed25519_dalek-42293ea3dc57f31c.rlib --extern env_logger=/private/var/folders/sg/wy47gw996f78fznt898m8x540000gn/T/cargo-mutants-flavor-rs-AJnnRY.tmp/target/debug/deps/libenv_logger-75173f29843c9a52.rlib --extern flate2=/private/var/folders/sg/wy47gw996f78fznt898m8x540000gn/T/cargo-mutants-flavor-rs-AJnnRY.tmp/target/debug/deps/libflate2-96cd3d855b9115ec.rlib --extern fs2=/private/var/folders/sg/wy47gw996f78fznt898m8x540000gn/T/cargo-mutants-flavor-rs-AJnnRY.tmp/target/debug/deps/libfs2-71900ee401453af8.rlib --extern gethostname=/private/var/folders/sg/wy47gw996f78fznt898m8x540000gn/T/cargo-mutants-flavor-rs-AJnnRY.tmp/target/debug/deps/libgethostname-e6576ba3912663df.rlib --extern glob=/private/var/folders/sg/wy47gw996f78fznt898m8x540000gn/T/cargo-mutants-flavor-rs-AJnnRY.tmp/target/debug/deps/libglob-56daeb017c976e69.rlib --extern hex=/private/var/folders/sg/wy47gw996f78fznt898m8x540000gn/T/cargo-mutants-flavor-rs-AJnnRY.tmp/target/debug/deps/libhex-6a16846156d7c862.rlib --extern libc=/private/var/folders/sg/wy47gw996f78fznt898m8x540000gn/T/cargo-mutants-flavor-rs-AJnnRY.tmp/target/debug/deps/liblibc-26979bb06dae4666.rlib --extern log=/private/var/folders/sg/wy47gw996f78fznt898m8x540000gn/T/cargo-mutants-flavor-rs-AJnnRY.tmp/target/debug/deps/liblog-8a7d20b8c005bc83.rlib --extern memmap2=/private/var/folders/sg/wy47gw996f78fznt898m8x540000gn/T/cargo-mutants-flavor-rs-AJnnRY.tmp/target/debug/deps/libmemmap2-413e3a480d8f5878.rlib --extern pem=/private/var/folders/sg/wy47gw996f78fznt898m8x540000gn/T/cargo-mutants-flavor-rs-AJnnRY.tmp/target/debug/deps/libpem-baee24606d736ef7.rlib --extern proptest=/private/var/folders/sg/wy47gw996f78fznt898m8x540000gn/T/cargo-mutants-flavor-rs-AJnnRY.tmp/target/debug/deps/libproptest-387450d3dcbd40ff.rlib --extern rand=/private/var/folders/sg/wy47gw996f78fznt898m8x540000gn/T/cargo-mutants-flavor-rs-AJnnRY.tmp/target/debug/deps/librand-a25bcd883a2e2285.rlib --extern serde=/private/var/folders/sg/wy47gw996f78fznt898m8x540000gn/T/cargo-mutants-flavor-rs-AJnnRY.tmp/target/debug/deps/libserde-02be1dd65d3ef57a.rlib --extern serde_json=/private/var/folders/sg/wy47gw996f78fznt898m8x540000gn/T/cargo-mutants-flavor-rs-AJnnRY.tmp/target/debug/deps/libserde_json-469eaea1fff499db.rlib --extern sha2=/private/var/folders/sg/wy47gw996f78fznt898m8x540000gn/T/cargo-mutants-flavor-rs-AJnnRY.tmp/target/debug/deps/libsha2-28b9a530c85e9fef.rlib --extern signal_hook=/private/var/folders/sg/wy47gw996f78fznt898m8x540000gn/T/cargo-mutants-flavor-rs-AJnnRY.tmp/target/debug/deps/libsignal_hook-0a34b12e866764fc.rlib --extern tar=/private/var/folders/sg/wy47gw996f78fznt898m8x540000gn/T/cargo-mutants-flavor-rs-AJnnRY.tmp/target/debug/deps/libtar-9468371f38505d5a.rlib --extern tempfile=/private/var/folders/sg/wy47gw996f78fznt898m8x540000gn/T/cargo-mutants-flavor-rs-AJnnRY.tmp/target/debug/deps/libtempfile-f67b0e214d8dd2e3.rlib --extern which=/private/var/folders/sg/wy47gw996f78fznt898m8x540000gn/T/cargo-mutants-flavor-rs-AJnnRY.tmp/target/debug/deps/libwhich-a2a3c9536beaf592.rlib`
     Running `/Users/tim/.rustup/toolchains/stable-aarch64-apple-darwin/bin/rustc --crate-name flavor --edition=2024 src/lib.rs --error-format=json --json=diagnostic-rendered-ansi,artifacts,future-incompat --crate-type lib --emit=dep-info,metadata,link -C embed-bitcode=no -C debuginfo=2 -C split-debuginfo=unpacked --cfg 'feature="default"' --check-cfg 'cfg(docsrs,test)' --check-cfg 'cfg(feature, values("default"))' -C metadata=638a3856e0fcd0df -C extra-filename=-88d82f8937f7a117 --out-dir /private/var/folders/sg/wy47gw996f78fznt898m8x540000gn/T/cargo-mutants-flavor-rs-AJnnRY.tmp/target/debug/deps -C incremental=/private/var/folders/sg/wy47gw996f78fznt898m8x540000gn/T/cargo-mutants-flavor-rs-AJnnRY.tmp/target/debug/incremental -L dependency=/private/var/folders/sg/wy47gw996f78fznt898m8x540000gn/T/cargo-mutants-flavor-rs-AJnnRY.tmp/target/debug/deps --extern adler2=/private/var/folders/sg/wy47gw996f78fznt898m8x540000gn/T/cargo-mutants-flavor-rs-AJnnRY.tmp/target/debug/deps/libadler2-1237be17f08066aa.rmeta --extern anyhow=/private/var/folders/sg/wy47gw996f78fznt898m8x540000gn/T/cargo-mutants-flavor-rs-AJnnRY.tmp/target/debug/deps/libanyhow-d9b6d410a1361442.rmeta --extern chrono=/private/var/folders/sg/wy47gw996f78fznt898m8x540000gn/T/cargo-mutants-flavor-rs-AJnnRY.tmp/target/debug/deps/libchrono-b7affcfd136ee226.rmeta --extern clap=/private/var/folders/sg/wy47gw996f78fznt898m8x540000gn/T/cargo-mutants-flavor-rs-AJnnRY.tmp/target/debug/deps/libclap-c2746911242c53dc.rmeta --extern ed25519_dalek=/private/var/folders/sg/wy47gw996f78fznt898m8x540000gn/T/cargo-mutants-flavor-rs-AJnnRY.tmp/target/debug/deps/libed25519_dalek-42293ea3dc57f31c.rmeta --extern env_logger=/private/var/folders/sg/wy47gw996f78fznt898m8x540000gn/T/cargo-mutants-flavor-rs-AJnnRY.tmp/target/debug/deps/libenv_logger-75173f29843c9a52.rmeta --extern flate2=/private/var/folders/sg/wy47gw996f78fznt898m8x540000gn/T/cargo-mutants-flavor-rs-AJnnRY.tmp/target/debug/deps/libflate2-96cd3d855b9115ec.rmeta --extern fs2=/private/var/folders/sg/wy47gw996f78fznt898m8x540000gn/T/cargo-mutants-flavor-rs-AJnnRY.tmp/target/debug/deps/libfs2-71900ee401453af8.rmeta --extern gethostname=/private/var/folders/sg/wy47gw996f78fznt898m8x540000gn/T/cargo-mutants-flavor-rs-AJnnRY.tmp/target/debug/deps/libgethostname-e6576ba3912663df.rmeta --extern glob=/private/var/folders/sg/wy47gw996f78fznt898m8x540000gn/T/cargo-mutants-flavor-rs-AJnnRY.tmp/target/debug/deps/libglob-56daeb017c976e69.rmeta --extern hex=/private/var/folders/sg/wy47gw996f78fznt898m8x540000gn/T/cargo-mutants-flavor-rs-AJnnRY.tmp/target/debug/deps/libhex-6a16846156d7c862.rmeta --extern libc=/private/var/folders/sg/wy47gw996f78fznt898m8x540000gn/T/cargo-mutants-flavor-rs-AJnnRY.tmp/target/debug/deps/liblibc-26979bb06dae4666.rmeta --extern log=/private/var/folders/sg/wy47gw996f78fznt898m8x540000gn/T/cargo-mutants-flavor-rs-AJnnRY.tmp/target/debug/deps/liblog-8a7d20b8c005bc83.rmeta --extern memmap2=/private/var/folders/sg/wy47gw996f78fznt898m8x540000gn/T/cargo-mutants-flavor-rs-AJnnRY.tmp/target/debug/deps/libmemmap2-413e3a480d8f5878.rmeta --extern pem=/private/var/folders/sg/wy47gw996f78fznt898m8x540000gn/T/cargo-mutants-flavor-rs-AJnnRY.tmp/target/debug/deps/libpem-baee24606d736ef7.rmeta --extern rand=/private/var/folders/sg/wy47gw996f78fznt898m8x540000gn/T/cargo-mutants-flavor-rs-AJnnRY.tmp/target/debug/deps/librand-a25bcd883a2e2285.rmeta --extern serde=/private/var/folders/sg/wy47gw996f78fznt898m8x540000gn/T/cargo-mutants-flavor-rs-AJnnRY.tmp/target/debug/deps/libserde-02be1dd65d3ef57a.rmeta --extern serde_json=/private/var/folders/sg/wy47gw996f78fznt898m8x540000gn/T/cargo-mutants-flavor-rs-AJnnRY.tmp/target/debug/deps/libserde_json-469eaea1fff499db.rmeta --extern sha2=/private/var/folders/sg/wy47gw996f78fznt898m8x540000gn/T/cargo-mutants-flavor-rs-AJnnRY.tmp/target/debug/deps/libsha2-28b9a530c85e9fef.rmeta --extern signal_hook=/private/var/folders/sg/wy47gw996f78fznt898m8x540000gn/T/cargo-mutants-flavor-rs-AJnnRY.tmp/target/debug/deps/libsignal_hook-0a34b12e866764fc.rmeta --extern tar=/private/var/folders/sg/wy47gw996f78fznt898m8x540000gn/T/cargo-mutants-flavor-rs-AJnnRY.tmp/target/debug/deps/libtar-9468371f38505d5a.rmeta --extern tempfile=/private/var/folders/sg/wy47gw996f78fznt898m8x540000gn/T/cargo-mutants-flavor-rs-AJnnRY.tmp/target/debug/deps/libtempfile-f67b0e214d8dd2e3.rmeta --extern which=/private/var/folders/sg/wy47gw996f78fznt898m8x540000gn/T/cargo-mutants-flavor-rs-AJnnRY.tmp/target/debug/deps/libwhich-a2a3c9536beaf592.rmeta`
     Running `/Users/tim/.rustup/toolchains/stable-aarch64-apple-darwin/bin/rustc --crate-name flavor_rs_builder --edition=2024 src/bin/flavor-rs-builder.rs --error-format=json --json=diagnostic-rendered-ansi,artifacts,future-incompat --emit=dep-info,link -C embed-bitcode=no -C debuginfo=2 -C split-debuginfo=unpacked --test --cfg 'feature="default"' --check-cfg 'cfg(docsrs,test)' --check-cfg 'cfg(feature, values("default"))' -C metadata=069fa1d69c2b4683 -C extra-filename=-8b703e7e9be23f48 --out-dir /private/var/folders/sg/wy47gw996f78fznt898m8x540000gn/T/cargo-mutants-flavor-rs-AJnnRY.tmp/target/debug/deps -C incremental=/private/var/folders/sg/wy47gw996f78fznt898m8x540000gn/T/cargo-mutants-flavor-rs-AJnnRY.tmp/target/debug/incremental -L dependency=/private/var/folders/sg/wy47gw996f78fznt898m8x540000gn/T/cargo-mutants-flavor-rs-AJnnRY.tmp/target/debug/deps --extern adler2=/private/var/folders/sg/wy47gw996f78fznt898m8x540000gn/T/cargo-mutants-flavor-rs-AJnnRY.tmp/target/debug/deps/libadler2-1237be17f08066aa.rlib --extern anyhow=/private/var/folders/sg/wy47gw996f78fznt898m8x540000gn/T/cargo-mutants-flavor-rs-AJnnRY.tmp/target/debug/deps/libanyhow-d9b6d410a1361442.rlib --extern chrono=/private/var/folders/sg/wy47gw996f78fznt898m8x540000gn/T/cargo-mutants-flavor-rs-AJnnRY.tmp/target/debug/deps/libchrono-b7affcfd136ee226.rlib --extern clap=/private/var/folders/sg/wy47gw996f78fznt898m8x540000gn/T/cargo-mutants-flavor-rs-AJnnRY.tmp/target/debug/deps/libclap-c2746911242c53dc.rlib --extern ed25519_dalek=/private/var/folders/sg/wy47gw996f78fznt898m8x540000gn/T/cargo-mutants-flavor-rs-AJnnRY.tmp/target/debug/deps/libed25519_dalek-42293ea3dc57f31c.rlib --extern env_logger=/private/var/folders/sg/wy47gw996f78fznt898m8x540000gn/T/cargo-mutants-flavor-rs-AJnnRY.tmp/target/debug/deps/libenv_logger-75173f29843c9a52.rlib --extern flate2=/private/var/folders/sg/wy47gw996f78fznt898m8x540000gn/T/cargo-mutants-flavor-rs-AJnnRY.tmp/target/debug/deps/libflate2-96cd3d855b9115ec.rlib --extern flavor=/private/var/folders/sg/wy47gw996f78fznt898m8x540000gn/T/cargo-mutants-flavor-rs-AJnnRY.tmp/target/debug/deps/libflavor-88d82f8937f7a117.rlib --extern fs2=/private/var/folders/sg/wy47gw996f78fznt898m8x540000gn/T/cargo-mutants-flavor-rs-AJnnRY.tmp/target/debug/deps/libfs2-71900ee401453af8.rlib --extern gethostname=/private/var/folders/sg/wy47gw996f78fznt898m8x540000gn/T/cargo-mutants-flavor-rs-AJnnRY.tmp/target/debug/deps/libgethostname-e6576ba3912663df.rlib --extern glob=/private/var/folders/sg/wy47gw996f78fznt898m8x540000gn/T/cargo-mutants-flavor-rs-AJnnRY.tmp/target/debug/deps/libglob-56daeb017c976e69.rlib --extern hex=/private/var/folders/sg/wy47gw996f78fznt898m8x540000gn/T/cargo-mutants-flavor-rs-AJnnRY.tmp/target/debug/deps/libhex-6a16846156d7c862.rlib --extern libc=/private/var/folders/sg/wy47gw996f78fznt898m8x540000gn/T/cargo-mutants-flavor-rs-AJnnRY.tmp/target/debug/deps/liblibc-26979bb06dae4666.rlib --extern log=/private/var/folders/sg/wy47gw996f78fznt898m8x540000gn/T/cargo-mutants-flavor-rs-AJnnRY.tmp/target/debug/deps/liblog-8a7d20b8c005bc83.rlib --extern memmap2=/private/var/folders/sg/wy47gw996f78fznt898m8x540000gn/T/cargo-mutants-flavor-rs-AJnnRY.tmp/target/debug/deps/libmemmap2-413e3a480d8f5878.rlib --extern pem=/private/var/folders/sg/wy47gw996f78fznt898m8x540000gn/T/cargo-mutants-flavor-rs-AJnnRY.tmp/target/debug/deps/libpem-baee24606d736ef7.rlib --extern proptest=/private/var/folders/sg/wy47gw996f78fznt898m8x540000gn/T/cargo-mutants-flavor-rs-AJnnRY.tmp/target/debug/deps/libproptest-387450d3dcbd40ff.rlib --extern rand=/private/var/folders/sg/wy47gw996f78fznt898m8x540000gn/T/cargo-mutants-flavor-rs-AJnnRY.tmp/target/debug/deps/librand-a25bcd883a2e2285.rlib --extern serde=/private/var/folders/sg/wy47gw996f78fznt898m8x540000gn/T/cargo-mutants-flavor-rs-AJnnRY.tmp/target/debug/deps/libserde-02be1dd65d3ef57a.rlib --extern serde_json=/private/var/folders/sg/wy47gw996f78fznt898m8x540000gn/T/cargo-mutants-flavor-rs-AJnnRY.tmp/target/debug/deps/libserde_json-469eaea1fff499db.rlib --extern sha2=/private/var/folders/sg/wy47gw996f78fznt898m8x540000gn/T/cargo-mutants-flavor-rs-AJnnRY.tmp/target/debug/deps/libsha2-28b9a530c85e9fef.rlib --extern signal_hook=/private/var/folders/sg/wy47gw996f78fznt898m8x540000gn/T/cargo-mutants-flavor-rs-AJnnRY.tmp/target/debug/deps/libsignal_hook-0a34b12e866764fc.rlib --extern tar=/private/var/folders/sg/wy47gw996f78fznt898m8x540000gn/T/cargo-mutants-flavor-rs-AJnnRY.tmp/target/debug/deps/libtar-9468371f38505d5a.rlib --extern tempfile=/private/var/folders/sg/wy47gw996f78fznt898m8x540000gn/T/cargo-mutants-flavor-rs-AJnnRY.tmp/target/debug/deps/libtempfile-f67b0e214d8dd2e3.rlib --extern which=/private/var/folders/sg/wy47gw996f78fznt898m8x540000gn/T/cargo-mutants-flavor-rs-AJnnRY.tmp/target/debug/deps/libwhich-a2a3c9536beaf592.rlib`
     Running `/Users/tim/.rustup/toolchains/stable-aarch64-apple-darwin/bin/rustc --crate-name flavor_rs_launcher --edition=2024 src/bin/flavor-rs-launcher.rs --error-format=json --json=diagnostic-rendered-ansi,artifacts,future-incompat --emit=dep-info,link -C embed-bitcode=no -C debuginfo=2 -C split-debuginfo=unpacked --test --cfg 'feature="default"' --check-cfg 'cfg(docsrs,test)' --check-cfg 'cfg(feature, values("default"))' -C metadata=1e86bd574fcae1c3 -C extra-filename=-30d5c8f9cc0f7e8a --out-dir /private/var/folders/sg/wy47gw996f78fznt898m8x540000gn/T/cargo-mutants-flavor-rs-AJnnRY.tmp/target/debug/deps -C incremental=/private/var/folders/sg/wy47gw996f78fznt898m8x540000gn/T/cargo-mutants-flavor-rs-AJnnRY.tmp/target/debug/incremental -L dependency=/private/var/folders/sg/wy47gw996f78fznt898m8x540000gn/T/cargo-mutants-flavor-rs-AJnnRY.tmp/target/debug/deps --extern adler2=/private/var/folders/sg/wy47gw996f78fznt898m8x540000gn/T/cargo-mutants-flavor-rs-AJnnRY.tmp/target/debug/deps/libadler2-1237be17f08066aa.rlib --extern anyhow=/private/var/folders/sg/wy47gw996f78fznt898m8x540000gn/T/cargo-mutants-flavor-rs-AJnnRY.tmp/target/debug/deps/libanyhow-d9b6d410a1361442.rlib --extern chrono=/private/var/folders/sg/wy47gw996f78fznt898m8x540000gn/T/cargo-mutants-flavor-rs-AJnnRY.tmp/target/debug/deps/libchrono-b7affcfd136ee226.rlib --extern clap=/private/var/folders/sg/wy47gw996f78fznt898m8x540000gn/T/cargo-mutants-flavor-rs-AJnnRY.tmp/target/debug/deps/libclap-c2746911242c53dc.rlib --extern ed25519_dalek=/private/var/folders/sg/wy47gw996f78fznt898m8x540000gn/T/cargo-mutants-flavor-rs-AJnnRY.tmp/target/debug/deps/libed25519_dalek-42293ea3dc57f31c.rlib --extern env_logger=/private/var/folders/sg/wy47gw996f78fznt898m8x540000gn/T/cargo-mutants-flavor-rs-AJnnRY.tmp/target/debug/deps/libenv_logger-75173f29843c9a52.rlib --extern flate2=/private/var/folders/sg/wy47gw996f78fznt898m8x540000gn/T/cargo-mutants-flavor-rs-AJnnRY.tmp/target/debug/deps/libflate2-96cd3d855b9115ec.rlib --extern flavor=/private/var/folders/sg/wy47gw996f78fznt898m8x540000gn/T/cargo-mutants-flavor-rs-AJnnRY.tmp/target/debug/deps/libflavor-88d82f8937f7a117.rlib --extern fs2=/private/var/folders/sg/wy47gw996f78fznt898m8x540000gn/T/cargo-mutants-flavor-rs-AJnnRY.tmp/target/debug/deps/libfs2-71900ee401453af8.rlib --extern gethostname=/private/var/folders/sg/wy47gw996f78fznt898m8x540000gn/T/cargo-mutants-flavor-rs-AJnnRY.tmp/target/debug/deps/libgethostname-e6576ba3912663df.rlib --extern glob=/private/var/folders/sg/wy47gw996f78fznt898m8x540000gn/T/cargo-mutants-flavor-rs-AJnnRY.tmp/target/debug/deps/libglob-56daeb017c976e69.rlib --extern hex=/private/var/folders/sg/wy47gw996f78fznt898m8x540000gn/T/cargo-mutants-flavor-rs-AJnnRY.tmp/target/debug/deps/libhex-6a16846156d7c862.rlib --extern libc=/private/var/folders/sg/wy47gw996f78fznt898m8x540000gn/T/cargo-mutants-flavor-rs-AJnnRY.tmp/target/debug/deps/liblibc-26979bb06dae4666.rlib --extern log=/private/var/folders/sg/wy47gw996f78fznt898m8x540000gn/T/cargo-mutants-flavor-rs-AJnnRY.tmp/target/debug/deps/liblog-8a7d20b8c005bc83.rlib --extern memmap2=/private/var/folders/sg/wy47gw996f78fznt898m8x540000gn/T/cargo-mutants-flavor-rs-AJnnRY.tmp/target/debug/deps/libmemmap2-413e3a480d8f5878.rlib --extern pem=/private/var/folders/sg/wy47gw996f78fznt898m8x540000gn/T/cargo-mutants-flavor-rs-AJnnRY.tmp/target/debug/deps/libpem-baee24606d736ef7.rlib --extern proptest=/private/var/folders/sg/wy47gw996f78fznt898m8x540000gn/T/cargo-mutants-flavor-rs-AJnnRY.tmp/target/debug/deps/libproptest-387450d3dcbd40ff.rlib --extern rand=/private/var/folders/sg/wy47gw996f78fznt898m8x540000gn/T/cargo-mutants-flavor-rs-AJnnRY.tmp/target/debug/deps/librand-a25bcd883a2e2285.rlib --extern serde=/private/var/folders/sg/wy47gw996f78fznt898m8x540000gn/T/cargo-mutants-flavor-rs-AJnnRY.tmp/target/debug/deps/libserde-02be1dd65d3ef57a.rlib --extern serde_json=/private/var/folders/sg/wy47gw996f78fznt898m8x540000gn/T/cargo-mutants-flavor-rs-AJnnRY.tmp/target/debug/deps/libserde_json-469eaea1fff499db.rlib --extern sha2=/private/var/folders/sg/wy47gw996f78fznt898m8x540000gn/T/cargo-mutants-flavor-rs-AJnnRY.tmp/target/debug/deps/libsha2-28b9a530c85e9fef.rlib --extern signal_hook=/private/var/folders/sg/wy47gw996f78fznt898m8x540000gn/T/cargo-mutants-flavor-rs-AJnnRY.tmp/target/debug/deps/libsignal_hook-0a34b12e866764fc.rlib --extern tar=/private/var/folders/sg/wy47gw996f78fznt898m8x540000gn/T/cargo-mutants-flavor-rs-AJnnRY.tmp/target/debug/deps/libtar-9468371f38505d5a.rlib --extern tempfile=/private/var/folders/sg/wy47gw996f78fznt898m8x540000gn/T/cargo-mutants-flavor-rs-AJnnRY.tmp/target/debug/deps/libtempfile-f67b0e214d8dd2e3.rlib --extern which=/private/var/folders/sg/wy47gw996f78fznt898m8x540000gn/T/cargo-mutants-flavor-rs-AJnnRY.tmp/target/debug/deps/libwhich-a2a3c9536beaf592.rlib`
    Finished `test` profile [unoptimized + debuginfo] target(s) in 1.42s
     Running `/private/var/folders/sg/wy47gw996f78fznt898m8x540000gn/T/cargo-mutants-flavor-rs-AJnnRY.tmp/target/debug/deps/flavor-19035fd48ff337ba`

running 109 tests
test psp::format_2025::defaults::tests::get_validation_level_falls_back_to_strict_for_invalid_value ... ok
test logger::tests::parse_level_mode_defaults_invalid_json_level_to_trace ... ok
test logger::tests::parse_level_mode_handles_plain_and_json_levels ... ok
test logger::tests::parse_level_mode_defaults_json_mode_to_info ... ok
test psp::format_2025::defaults::tests::get_validation_level_uses_env_override ... ok
test logger::tests::init_with_level_json_mode_returns_actual_level_and_source ... ok
test logger::tests::is_json_logging_tracks_environment_prefix ... ok
test psp::format_2025::defaults::tests::validation_level_rejects_unknown_values ... ok
test psp::format_2025::execution::commands::tests::test_build_workenv_path_without_existing_path_uses_only_bin_dir ... ok
test psp::format_2025::defaults::tests::validation_level_roundtrips_all_known_values ... ok
test psp::format_2025::execution::commands::tests::test_shell_split_empty ... ok
test psp::format_2025::execution::commands::tests::test_shell_split_single_quoted ... ok
test psp::format_2025::execution::commands::tests::test_shell_split_basic ... ok
test api::tests::detect_package_format_rejects_plain_files ... ok
test psp::format_2025::execution::commands::tests::test_shell_split_quoted ... ok
test psp::format_2025::checksums::tests::test_parse_checksum_prefixed_and_legacy_formats ... ok
test api::tests::verify_package_rejects_unknown_format ... ok
test psp::format_2025::execution::commands::tests::test_run_command_path_has_correct_bin_dir_and_separator ... ok
test psp::format_2025::extraction::tests::test_resolve_in_workenv_rejects_absolute_paths ... ok
test psp::format_2025::extraction::tests::test_resolve_in_workenv_rejects_parent_traversal ... ok
test psp::format_2025::checksums::tests::test_calculate_checksum_bytes_and_verify ... ok
test psp::format_2025::checksums::tests::test_calculate_checksum_streaming_and_blake2b_error ... ok
test api::tests::launch_package_rejects_unknown_format ... ok
test api::tests::detect_package_format_recognizes_pspf_magic_trailer ... ok
test psp::format_2025::launcher::command::tests::test_path_prepend_uses_correct_bin_dir_and_separator ... ok
test psp::format_2025::launcher::command::tests::test_platform_separator ... ok
test psp::format_2025::crypto::tests::test_verify_signature_rejects_invalid_length ... ok
{"@file":"src/psp/format_2025/index.rs","@level":"debug","@line":181,"@message":"Parsed metadata_offset: 0x00000000000186a0 (100000)","@module":"flavor::psp::format_2025::index","@pid":13811,"@timestamp":"2026-03-31T20:29:35.550841Z"}
test psp::format_2025::launcher::command::tests::test_path_not_set_uses_only_bin_dir ... ok{"@file":"src/psp/format_2025/builder/slot_processor.rs","@level":"debug","@line":47,"@message":"🎰 Processing 1 slots","@module":"flavor::psp::format_2025::builder::slot_processor","@pid":13811,"@timestamp":"2026-03-31T20:29:35.549664Z"}

{"@file":"unknown","@level":"info","@line":0,"@message":"stderr fallback","@module":"flavor::tests","@pid":13811,"@timestamp":"2026-03-31T20:29:35.549663Z"}
{"@file":"src/psp/format_2025/execution/validation.rs","@level":"debug","@line":205,"@message":"🔍 No extraction completion marker found","@module":"flavor::psp::format_2025::execution::validation","@pid":13811,"@timestamp":"2026-03-31T20:29:35.550586Z"}
test psp::format_2025::launcher::workenv::tests::test_ensure_sufficient_disk_space_accepts_available_capacity ... ok
{"@file":"src/psp/format_2025/builder/slot_processor.rs","@level":"debug","@line":47,"@message":"🎰 Processing 1 slots","@module":"flavor::psp::format_2025::builder::slot_processor","@pid":13811,"@timestamp":"2026-03-31T20:29:35.549622Z"}
test psp::format_2025::launcher::workenv::tests::test_ensure_sufficient_disk_space_rejects_insufficient_capacity ... ok
{"@file":"src/psp/format_2025/operations.rs","@level":"debug","@line":37,"@message":"✅ Operations packed: result=4097","@module":"flavor::psp::format_2025::operations","@pid":13811,"@timestamp":"2026-03-31T20:29:35.550304Z"}
{"@file":"src/psp/format_2025/index.rs","@level":"debug","@line":181,"@message":"Parsed metadata_offset: 0x0000000000000000 (0)","@module":"flavor::psp::format_2025::index","@pid":13811,"@timestamp":"2026-03-31T20:29:35.550773Z"}
test psp::format_2025::launcher::workenv::tests::test_calculate_total_size_needed_uses_multiplier ... ok
{"@file":"src/psp/format_2025/execution/validation.rs","@level":"warn","@line":71,"@message":"⚠️ SECURITY WARNING: Package checksum mismatch! cached: deadbeef, current: cafebabe","@module":"flavor::psp::format_2025::execution::validation","@pid":13811,"@timestamp":"2026-03-31T20:29:35.550362Z"}
{"@file":"src/psp/format_2025/index.rs","@level":"debug","@line":182,"@message":"Parsed metadata_size: 0 bytes","@module":"flavor::psp::format_2025::index","@pid":13811,"@timestamp":"2026-03-31T20:29:35.551144Z"}
test logger::tests::json_logger_handles_stderr_fallback_without_a_file ... ok
{"@file":"src/psp/format_2025/builder/slot_processor.rs","@level":"info","@line":181,"@message":"🔍 No FLAVOR_WORKENV_BASE, using CWD: /private/var/folders/sg/wy47gw996f78fznt898m8x540000gn/T/.tmpYFlnGv","@module":"flavor::psp::format_2025::builder::slot_processor","@pid":13811,"@timestamp":"2026-03-31T20:29:35.549876Z"}
test psp::format_2025::builder::slot_processor::tests::test_process_slots_rejects_slot_number_mismatch ... ok
{"@file":"src/psp/format_2025/index.rs","@level":"debug","@line":182,"@message":"Parsed metadata_size: 50000 bytes","@module":"flavor::psp::format_2025::index","@pid":13811,"@timestamp":"2026-03-31T20:29:35.550972Z"}
test psp::format_2025::index::tests::test_pack_verify_roundtrip ... ok{"@file":"src/psp/format_2025/builder/slot_processor.rs","@level":"info","@line":193,"@message":"📍 Slot path has no {workenv}: /var/folders/sg/wy47gw996f78fznt898m8x540000gn/T/.tmpmYdoSF/payload.txt","@module":"flavor::psp::format_2025::builder::slot_processor","@pid":13811,"@timestamp":"2026-03-31T20:29:35.551003Z"}

{"@file":"src/psp/format_2025/operations.rs","@level":"warn","@line":20,"@message":"⚠️ Too many operations, truncating to 8: provided=10","@module":"flavor::psp::format_2025::operations","@pid":13811,"@timestamp":"2026-03-31T20:29:35.551311Z"}
{"@file":"src/psp/format_2025/builder/slot_processor.rs","@level":"info","@line":197,"@message":"Attempting to open slot file at: \"/var/folders/sg/wy47gw996f78fznt898m8x540000gn/T/.tmpmYdoSF/payload.txt\"","@module":"flavor::psp::format_2025::builder::slot_processor","@pid":13811,"@timestamp":"2026-03-31T20:29:35.551323Z"}
{"@file":"src/psp/format_2025/builder/slot_processor.rs","@level":"debug","@line":47,"@message":"🎰 Processing 1 slots","@module":"flavor::psp::format_2025::builder::slot_processor","@pid":13811,"@timestamp":"2026-03-31T20:29:35.549983Z"}
test psp::format_2025::index::tests::test_pack_verify_with_values ... {"@file":"src/psp/format_2025/operations.rs","@level":"debug","@line":37,"@message":"✅ Operations packed: result=4097","@module":"flavor::psp::format_2025::operations","@pid":13811,"@timestamp":"2026-03-31T20:29:35.551155Z"}
ok
{"@file":"src/psp/format_2025/builder/slot_processor.rs","@level":"info","@line":70,"@message":"✨ Slot 0 is self-referential ($SELF), skipping packaging","@module":"flavor::psp::format_2025::builder::slot_processor","@pid":13811,"@timestamp":"2026-03-31T20:29:35.551454Z"}
test api::tests::build_package_rejects_unknown_format ... ok{"@file":"src/psp/format_2025/operations.rs","@level":"debug","@line":37,"@message":"✅ Operations packed: result=4097","@module":"flavor::psp::format_2025::operations","@pid":13811,"@timestamp":"2026-03-31T20:29:35.551226Z"}

{"@file":"src/psp/format_2025/builder/slot_processor.rs","@level":"debug","@line":163,"@message":"✅ Processed 1 slots in 38.542µs","@module":"flavor::psp::format_2025::builder::slot_processor","@pid":13811,"@timestamp":"2026-03-31T20:29:35.551492Z"}
{"@file":"src/psp/format_2025/operations.rs","@level":"debug","@line":37,"@message":"✅ Operations packed: result=16","@module":"flavor::psp::format_2025::operations","@pid":13811,"@timestamp":"2026-03-31T20:29:35.551230Z"}
{"@file":"src/psp/format_2025/operations.rs","@level":"debug","@line":37,"@message":"✅ Operations packed: result=0","@module":"flavor::psp::format_2025::operations","@pid":13811,"@timestamp":"2026-03-31T20:29:35.551084Z"}
test psp::format_2025::operations::tests::test_pack_multiple_operations ... ok
{"@file":"src/psp/format_2025/operations.rs","@level":"debug","@line":60,"@message":"✅ Operations unpacked: count=2 operations=[1, 16]","@module":"flavor::psp::format_2025::operations","@pid":13811,"@timestamp":"2026-03-31T20:29:35.551553Z"}
test psp::format_2025::crypto::tests::test_sign_and_verify_roundtrip ... ok{"@file":"src/psp/format_2025/builder/slot_processor.rs","@level":"debug","@line":333,"@message":"📍 Slot 0: payload size 5 bytes, checksum 00000000deadbeef","@module":"flavor::psp::format_2025::builder::slot_processor","@pid":13811,"@timestamp":"2026-03-31T20:29:35.551141Z"}

{"@file":"src/psp/format_2025/operations.rs","@level":"debug","@line":60,"@message":"✅ Operations unpacked: count=2 operations=[1, 16]","@module":"flavor::psp::format_2025::operations","@pid":13811,"@timestamp":"2026-03-31T20:29:35.551354Z"}
test psp::format_2025::builder::slot_processor::tests::test_process_slots_self_ref_sets_defaults ... ok{"@file":"src/psp/format_2025/operations.rs","@level":"debug","@line":37,"@message":"✅ Operations packed: result=4097","@module":"flavor::psp::format_2025::operations","@pid":13811,"@timestamp":"2026-03-31T20:29:35.551722Z"}

{"@file":"src/psp/format_2025/execution/validation.rs","@level":"warn","@line":75,"@message":"⚠️ Cache may be compromised or package has changed","@module":"flavor::psp::format_2025::execution::validation","@pid":13811,"@timestamp":"2026-03-31T20:29:35.551190Z"}
test psp::format_2025::paths::tests::test_paths_structure ... ok
{"@file":"src/psp/format_2025/operations.rs","@level":"debug","@line":60,"@message":"✅ Operations unpacked: count=1 operations=[16]","@module":"flavor::psp::format_2025::operations","@pid":13811,"@timestamp":"2026-03-31T20:29:35.551511Z"}
test psp::format_2025::operations::tests::test_pack_single_operation ... ok
{"@file":"src/psp/format_2025/operations.rs","@level":"debug","@line":37,"@message":"✅ Operations packed: result=0","@module":"flavor::psp::format_2025::operations","@pid":13811,"@timestamp":"2026-03-31T20:29:35.551575Z"}
test psp::format_2025::operations::tests::test_round_trip ... ok
{"@file":"src/psp/format_2025/operations.rs","@level":"debug","@line":60,"@message":"✅ Operations unpacked: count=0 operations=[]","@module":"flavor::psp::format_2025::operations","@pid":13811,"@timestamp":"2026-03-31T20:29:35.551846Z"}
test psp::format_2025::pe_resources::tests::test_non_windows_stub ... ok
{"@file":"src/psp/format_2025/operations.rs","@level":"debug","@line":60,"@message":"✅ Operations unpacked: count=0 operations=[]","@module":"flavor::psp::format_2025::operations","@pid":13811,"@timestamp":"2026-03-31T20:29:35.551615Z"}
test psp::format_2025::operations::tests::test_unpack_multiple_operations ... ok
{"@file":"src/psp/format_2025/builder/slot_processor.rs","@level":"info","@line":185,"@message":"📍 Resolved slot path: {workenv}/nested/file.txt -> /private/var/folders/sg/wy47gw996f78fznt898m8x540000gn/T/.tmpYFlnGv/nested/file.txt (base: /private/var/folders/sg/wy47gw996f78fznt898m8x540000gn/T/.tmpYFlnGv)","@module":"flavor::psp::format_2025::builder::slot_processor","@pid":13811,"@timestamp":"2026-03-31T20:29:35.551275Z"}
{"@file":"src/psp/format_2025/pe_utils.rs","@level":"debug","@line":88,"@message":"Detected Go binary with minimal DOS stub: pe_offset=0x80 (128 bytes)","@module":"flavor::psp::format_2025::pe_utils","@pid":13811,"@timestamp":"2026-03-31T20:29:35.551786Z"}
test psp::format_2025::builder::slot_processor::tests::test_create_slot_descriptor_uses_default_permissions_for_invalid_octal ... ok
{"@file":"src/psp/format_2025/execution/validation.rs","@level":"warn","@line":76,"@message":"⚠️ Continuing due to relaxed validation","@module":"flavor::psp::format_2025::execution::validation","@pid":13811,"@timestamp":"2026-03-31T20:29:35.551789Z"}
test psp::format_2025::pe_utils::tests::test_is_pe_executable ... ok
{"@file":"src/psp/format_2025/operations.rs","@level":"debug","@line":37,"@message":"✅ Operations packed: result=847078601010","@module":"flavor::psp::format_2025::operations","@pid":13811,"@timestamp":"2026-03-31T20:29:35.551848Z"}
{"@file":"src/psp/format_2025/operations.rs","@level":"debug","@line":37,"@message":"✅ Operations packed: result=578437695752307201","@module":"flavor::psp::format_2025::operations","@pid":13811,"@timestamp":"2026-03-31T20:29:35.551345Z"}
test psp::format_2025::operations::tests::test_unpack_single_operation ... ok{"@file":"src/psp/format_2025/operations.rs","@level":"debug","@line":37,"@message":"✅ Operations packed: result=100047687980868","@module":"flavor::psp::format_2025::operations","@pid":13811,"@timestamp":"2026-03-31T20:29:35.551925Z"}

{"@file":"src/psp/format_2025/operations.rs","@level":"debug","@line":60,"@message":"✅ Operations unpacked: count=8 operations=[1, 2, 3, 4, 5, 6, 7, 8]","@module":"flavor::psp::format_2025::operations","@pid":13811,"@timestamp":"2026-03-31T20:29:35.552059Z"}
{"@file":"src/psp/format_2025/operations.rs","@level":"debug","@line":37,"@message":"✅ Operations packed: result=62","@module":"flavor::psp::format_2025::operations","@pid":13811,"@timestamp":"2026-03-31T20:29:35.552076Z"}
test psp::format_2025::policy::tests::test_enforce_policy_age_exceeded ... ok
{"@file":"src/psp/format_2025/extraction.rs","@level":"debug","@line":307,"@message":"📦 Extracting tarball to \"/var/folders/sg/wy47gw996f78fznt898m8x540000gn/T/.tmpoqjkLS\"","@module":"flavor::psp::format_2025::extraction","@pid":13811,"@timestamp":"2026-03-31T20:29:35.552056Z"}
test psp::format_2025::policy::tests::test_enforce_policy_env_var_missing ... {"@file":"src/psp/format_2025/builder/slot_processor.rs","@level":"info","@line":248,"@message":"Slot 0: SHA256 checksum: sha256:4878649abe08d9faaa6f7b948502e4144ec4fb1859e108f6367d65254c7b983c","@module":"flavor::psp::format_2025::builder::slot_processor","@pid":13811,"@timestamp":"2026-03-31T20:29:35.552136Z"}
ok{"@file":"src/psp/format_2025/operations.rs","@level":"debug","@line":37,"@message":"✅ Operations packed: result=96","@module":"flavor::psp::format_2025::operations","@pid":13811,"@timestamp":"2026-03-31T20:29:35.552148Z"}

{"@file":"src/psp/format_2025/operations.rs","@level":"debug","@line":60,"@message":"✅ Operations unpacked: count=6 operations=[68, 23, 231, 42, 254, 90]","@module":"flavor::psp::format_2025::operations","@pid":13811,"@timestamp":"2026-03-31T20:29:35.552082Z"}
{"@file":"src/psp/format_2025/operations.rs","@level":"debug","@line":60,"@message":"✅ Operations unpacked: count=8 operations=[1, 101, 18, 155, 203, 36, 143, 37]","@module":"flavor::psp::format_2025::operations","@pid":13811,"@timestamp":"2026-03-31T20:29:35.552039Z"}
test psp::format_2025::policy::tests::test_enforce_policy_env_var_present ... {"@file":"src/psp/format_2025/builder/slot_processor.rs","@level":"info","@line":197,"@message":"Attempting to open slot file at: \"/private/var/folders/sg/wy47gw996f78fznt898m8x540000gn/T/.tmpYFlnGv/nested/file.txt\"","@module":"flavor::psp::format_2025::builder::slot_processor","@pid":13811,"@timestamp":"2026-03-31T20:29:35.551967Z"}
ok{"@file":"src/psp/format_2025/operations.rs","@level":"debug","@line":37,"@message":"✅ Operations packed: result=2706422357971592449","@module":"flavor::psp::format_2025::operations","@pid":13811,"@timestamp":"2026-03-31T20:29:35.552231Z"}

{"@file":"src/psp/format_2025/execution/validation.rs","@level":"debug","@line":191,"@message":"💾 Saved index metadata to \"/var/folders/sg/wy47gw996f78fznt898m8x540000gn/T/.tmpjq3gYM/workenv/.demo.pspf/instance/index.json\"","@module":"flavor::psp::format_2025::execution::validation","@pid":13811,"@timestamp":"2026-03-31T20:29:35.552092Z"}
test psp::format_2025::operations::tests::test_empty_operations ... {"@file":"src/psp/format_2025/builder/slot_processor.rs","@level":"debug","@line":249,"@message":"Slot 0: SHA256 u64 (first 8 bytes): fad908be9a647848","@module":"flavor::psp::format_2025::builder::slot_processor","@pid":13811,"@timestamp":"2026-03-31T20:29:35.552168Z"}
ok
{"@file":"src/psp/format_2025/operations.rs","@level":"debug","@line":37,"@message":"✅ Operations packed: result=1018583556236","@module":"flavor::psp::format_2025::operations","@pid":13811,"@timestamp":"2026-03-31T20:29:35.552202Z"}
test psp::format_2025::policy::tests::test_enforce_policy_permissive ... {"@file":"src/psp/format_2025/execution/validation.rs","@level":"warn","@line":88,"@message":"⚠️ Package checksum mismatch, continuing with standard validation: cached: deadbeef, current: cafebabe","@module":"flavor::psp::format_2025::execution::validation","@pid":13811,"@timestamp":"2026-03-31T20:29:35.552029Z"}
ok
{"@file":"src/psp/format_2025/operations.rs","@level":"debug","@line":37,"@message":"✅ Operations packed: result=0","@module":"flavor::psp::format_2025::operations","@pid":13811,"@timestamp":"2026-03-31T20:29:35.552250Z"}
{"@file":"src/psp/format_2025/execution/validation.rs","@level":"error","@line":95,"@message":"🚨 CRITICAL: Package checksum mismatch! cached: deadbeef, current: cafebabe","@module":"flavor::psp::format_2025::execution::validation","@pid":13811,"@timestamp":"2026-03-31T20:29:35.552364Z"}
test psp::format_2025::pe_utils::tests::test_needs_dos_stub_expansion ... ok{"@file":"src/psp/format_2025/operations.rs","@level":"debug","@line":60,"@message":"✅ Operations unpacked: count=0 operations=[]","@module":"flavor::psp::format_2025::operations","@pid":13811,"@timestamp":"2026-03-31T20:29:35.552384Z"}

{"@file":"src/psp/format_2025/execution/validation.rs","@level":"error","@line":100,"@message":"🚨 Cache may be compromised or package has changed","@module":"flavor::psp::format_2025::execution::validation","@pid":13811,"@timestamp":"2026-03-31T20:29:35.552407Z"}
{"@file":"src/psp/format_2025/execution/validation.rs","@level":"debug","@line":121,"@message":"💾 Saved package checksum: deadbeef","@module":"flavor::psp::format_2025::execution::validation","@pid":13811,"@timestamp":"2026-03-31T20:29:35.552371Z"}
test psp::format_2025::policy::tests::test_enforce_policy_platform_blocked ... {"@file":"src/psp/format_2025/execution/validation.rs","@level":"error","@line":101,"@message":"🚨 Refusing to continue. Set FLAVOR_VALIDATION=relaxed to bypass (NOT RECOMMENDED)","@module":"flavor::psp::format_2025::execution::validation","@pid":13811,"@timestamp":"2026-03-31T20:29:35.552449Z"}
ok{"@file":"src/psp/format_2025/operations.rs","@level":"debug","@line":37,"@message":"✅ Operations packed: result=4097","@module":"flavor::psp::format_2025::operations","@pid":13811,"@timestamp":"2026-03-31T20:29:35.552333Z"}

{"@file":"src/psp/format_2025/operations.rs","@level":"debug","@line":60,"@message":"✅ Operations unpacked: count=8 operations=[1, 101, 18, 155, 203, 36, 143, 37]","@module":"flavor::psp::format_2025::operations","@pid":13811,"@timestamp":"2026-03-31T20:29:35.552260Z"}
{"@file":"src/psp/format_2025/builder/slot_processor.rs","@level":"debug","@line":333,"@message":"📍 Slot 0: payload size 12 bytes, checksum fad908be9a647848","@module":"flavor::psp::format_2025::builder::slot_processor","@pid":13811,"@timestamp":"2026-03-31T20:29:35.552535Z"}
test psp::format_2025::policy::tests::test_enforce_policy_refuse_root_current_platform ... {"@file":"src/psp/format_2025/operations.rs","@level":"debug","@line":37,"@message":"✅ Operations packed: result=1917225273","@module":"flavor::psp::format_2025::operations","@pid":13811,"@timestamp":"2026-03-31T20:29:35.552464Z"}
ok{"@file":"src/psp/format_2025/builder/slot_processor.rs","@level":"debug","@line":163,"@message":"✅ Processed 1 slots in 1.570125ms","@module":"flavor::psp::format_2025::builder::slot_processor","@pid":13811,"@timestamp":"2026-03-31T20:29:35.552570Z"}

{"@file":"src/psp/format_2025/operations.rs","@level":"debug","@line":37,"@message":"✅ Operations packed: result=8491933510754557202","@module":"flavor::psp::format_2025::operations","@pid":13811,"@timestamp":"2026-03-31T20:29:35.552386Z"}
test psp::format_2025::policy::tests::test_enforce_policy_require_trusted_key_not_required ... {"@file":"src/psp/format_2025/operations.rs","@level":"debug","@line":37,"@message":"✅ Operations packed: result=4097","@module":"flavor::psp::format_2025::operations","@pid":13811,"@timestamp":"2026-03-31T20:29:35.552600Z"}
ok
{"@file":"src/psp/format_2025/execution/validation.rs","@level":"debug","@line":25,"@message":"✅ Package checksum matches cached version: deadbeef","@module":"flavor::psp::format_2025::execution::validation","@pid":13811,"@timestamp":"2026-03-31T20:29:35.552608Z"}
test psp::format_2025::operations::tests::test_too_many_operations ... {"@file":"src/psp/format_2025/operations.rs","@level":"debug","@line":60,"@message":"✅ Operations unpacked: count=8 operations=[106, 214, 121, 141, 19, 3, 142, 6]","@module":"flavor::psp::format_2025::operations","@pid":13811,"@timestamp":"2026-03-31T20:29:35.552586Z"}
ok
{"@file":"src/psp/format_2025/operations.rs","@level":"debug","@line":60,"@message":"✅ Operations unpacked: count=4 operations=[57, 137, 70, 114]","@module":"flavor::psp::format_2025::operations","@pid":13811,"@timestamp":"2026-03-31T20:29:35.552590Z"}
{"@file":"src/psp/format_2025/operations.rs","@level":"debug","@line":37,"@message":"✅ Operations packed: result=472318393433314922","@module":"flavor::psp::format_2025::operations","@pid":13811,"@timestamp":"2026-03-31T20:29:35.552671Z"}
test psp::format_2025::policy::tests::test_enforce_policy_require_trusted_key_trusted ... {"@file":"src/psp/format_2025/operations.rs","@level":"debug","@line":37,"@message":"✅ Operations packed: result=36698333546515747","@module":"flavor::psp::format_2025::operations","@pid":13811,"@timestamp":"2026-03-31T20:29:35.552659Z"}
ok
{"@file":"src/psp/format_2025/operations.rs","@level":"debug","@line":60,"@message":"✅ Operations unpacked: count=8 operations=[106, 214, 121, 141, 19, 3, 142, 6]","@module":"flavor::psp::format_2025::operations","@pid":13811,"@timestamp":"2026-03-31T20:29:35.552701Z"}
test psp::format_2025::policy::tests::test_enforce_policy_require_trusted_key_untrusted ... ok{"@file":"src/psp/format_2025/operations.rs","@level":"debug","@line":37,"@message":"✅ Operations packed: result=30317","@module":"flavor::psp::format_2025::operations","@pid":13811,"@timestamp":"2026-03-31T20:29:35.552734Z"}

{"@file":"src/psp/format_2025/operations.rs","@level":"debug","@line":37,"@message":"✅ Operations packed: result=275051304308522","@module":"flavor::psp::format_2025::operations","@pid":13811,"@timestamp":"2026-03-31T20:29:35.552748Z"}
test psp::format_2025::policy::tests::test_enforce_policy_sbom_required ... ok{"@file":"src/psp/format_2025/operations.rs","@level":"debug","@line":60,"@message":"✅ Operations unpacked: count=8 operations=[246, 139, 254, 160, 185, 235, 171, 129]","@module":"flavor::psp::format_2025::operations","@pid":13811,"@timestamp":"2026-03-31T20:29:35.552766Z"}

{"@file":"src/psp/format_2025/operations.rs","@level":"debug","@line":60,"@message":"✅ Operations unpacked: count=2 operations=[109, 118]","@module":"flavor::psp::format_2025::operations","@pid":13811,"@timestamp":"2026-03-31T20:29:35.552768Z"}
{"@file":"src/psp/format_2025/operations.rs","@level":"debug","@line":37,"@message":"✅ Operations packed: result=9343821034412739574","@module":"flavor::psp::format_2025::operations","@pid":13811,"@timestamp":"2026-03-31T20:29:35.552823Z"}
test psp::format_2025::policy::tests::test_get_current_platform_nonempty ... ok{"@file":"src/psp/format_2025/operations.rs","@level":"debug","@line":37,"@message":"✅ Operations packed: result=23","@module":"flavor::psp::format_2025::operations","@pid":13811,"@timestamp":"2026-03-31T20:29:35.552832Z"}

{"@file":"src/psp/format_2025/operations.rs","@level":"debug","@line":60,"@message":"✅ Operations unpacked: count=8 operations=[246, 139, 254, 160, 185, 235, 171, 129]","@module":"flavor::psp::format_2025::operations","@pid":13811,"@timestamp":"2026-03-31T20:29:35.552855Z"}
{"@file":"src/psp/format_2025/operations.rs","@level":"debug","@line":37,"@message":"✅ Operations packed: result=233429371437","@module":"flavor::psp::format_2025::operations","@pid":13811,"@timestamp":"2026-03-31T20:29:35.552869Z"}
test psp::format_2025::policy::tests::test_load_operator_policy_missing_file ... ok
{"@file":"src/psp/format_2025/operations.rs","@level":"debug","@line":60,"@message":"✅ Operations unpacked: count=5 operations=[45, 138, 121, 89, 54]","@module":"flavor::psp::format_2025::operations","@pid":13811,"@timestamp":"2026-03-31T20:29:35.552901Z"}
{"@file":"src/psp/format_2025/operations.rs","@level":"debug","@line":37,"@message":"✅ Operations packed: result=12477553678685577689","@module":"flavor::psp::format_2025::operations","@pid":13811,"@timestamp":"2026-03-31T20:29:35.552906Z"}
test logger::tests::json_logger_writes_structured_records_to_file ... ok
{"@file":"src/psp/format_2025/operations.rs","@level":"debug","@line":60,"@message":"✅ Operations unpacked: count=8 operations=[205, 115, 61, 77, 24, 4, 103, 7]","@module":"flavor::psp::format_2025::operations","@pid":13811,"@timestamp":"2026-03-31T20:29:35.552917Z"}
test psp::format_2025::policy::tests::test_merge_policy_max_age_days_min ... {"@file":"src/psp/format_2025/operations.rs","@level":"debug","@line":37,"@message":"✅ Operations packed: result=2850602315097962699","@module":"flavor::psp::format_2025::operations","@pid":13811,"@timestamp":"2026-03-31T20:29:35.552959Z"}
ok
{"@file":"src/psp/format_2025/operations.rs","@level":"debug","@line":37,"@message":"✅ Operations packed: result=533399583288292301","@module":"flavor::psp::format_2025::operations","@pid":13811,"@timestamp":"2026-03-31T20:29:35.552984Z"}
{"@file":"src/psp/format_2025/operations.rs","@level":"debug","@line":60,"@message":"✅ Operations unpacked: count=8 operations=[203, 248, 81, 211, 179, 95, 143, 39]","@module":"flavor::psp::format_2025::operations","@pid":13811,"@timestamp":"2026-03-31T20:29:35.552997Z"}
test psp::format_2025::policy::tests::test_merge_policy_max_age_only_pkg ... ok
{"@file":"src/psp/format_2025/operations.rs","@level":"debug","@line":37,"@message":"✅ Operations packed: result=113","@module":"flavor::psp::format_2025::operations","@pid":13811,"@timestamp":"2026-03-31T20:29:35.552969Z"}
{"@file":"src/psp/format_2025/operations.rs","@level":"debug","@line":60,"@message":"✅ Operations unpacked: count=8 operations=[205, 115, 61, 77, 24, 4, 103, 7]","@module":"flavor::psp::format_2025::operations","@pid":13811,"@timestamp":"2026-03-31T20:29:35.553016Z"}
test psp::format_2025::extraction::tests::test_extract_tarball_rejects_symlink_entries ... {"@file":"src/psp/format_2025/operations.rs","@level":"debug","@line":37,"@message":"✅ Operations packed: result=0","@module":"flavor::psp::format_2025::operations","@pid":13811,"@timestamp":"2026-03-31T20:29:35.553059Z"}
ok
{"@file":"src/psp/format_2025/runtime.rs","@level":"debug","@line":174,"@message":"📋 Pattern processor: 2 patterns (1 exact)","@module":"flavor::psp::format_2025::runtime::runtime_impl::patterns","@pid":13811,"@timestamp":"2026-03-31T20:29:35.553070Z"}
test psp::format_2025::execution::validation::tests::validate_package_checksum_mismatch_varies_by_validation_level ... {"@file":"src/psp/format_2025/operations.rs","@level":"debug","@line":60,"@message":"✅ Operations unpacked: count=0 operations=[]","@module":"flavor::psp::format_2025::operations","@pid":13811,"@timestamp":"2026-03-31T20:29:35.553089Z"}
ok
{"@file":"src/psp/format_2025/operations.rs","@level":"debug","@line":60,"@message":"✅ Operations unpacked: count=8 operations=[155, 53, 93, 13, 169, 14, 179, 77]","@module":"flavor::psp::format_2025::operations","@pid":13811,"@timestamp":"2026-03-31T20:29:35.553104Z"}
test psp::format_2025::policy::tests::test_merge_policy_platforms_intersection ... {"@file":"src/psp/format_2025/operations.rs","@level":"debug","@line":37,"@message":"✅ Operations packed: result=4245580996","@module":"flavor::psp::format_2025::operations","@pid":13811,"@timestamp":"2026-03-31T20:29:35.553113Z"}
ok{"@file":"src/psp/format_2025/runtime.rs","@level":"debug","@line":39,"@message":"🔧 Processing runtime environment configuration","@module":"flavor::psp::format_2025::runtime::runtime_impl","@pid":13811,"@timestamp":"2026-03-31T20:29:35.553094Z"}

{"@file":"src/psp/format_2025/runtime.rs","@level":"debug","@line":39,"@message":"🔧 Processing runtime environment configuration","@module":"flavor::psp::format_2025::runtime::runtime_impl","@pid":13811,"@timestamp":"2026-03-31T20:29:35.553160Z"}
{"@file":"src/psp/format_2025/operations.rs","@level":"debug","@line":37,"@message":"✅ Operations packed: result=25517833760743894","@module":"flavor::psp::format_2025::operations","@pid":13811,"@timestamp":"2026-03-31T20:29:35.553160Z"}
test psp::format_2025::policy::tests::test_merge_policy_platforms_only_operator ... {"@file":"src/psp/format_2025/runtime.rs","@level":"debug","@line":174,"@message":"📋 Pattern processor: 2 patterns (1 exact)","@module":"flavor::psp::format_2025::runtime::runtime_impl::patterns","@pid":13811,"@timestamp":"2026-03-31T20:29:35.553198Z"}
ok
{"@file":"src/psp/format_2025/operations.rs","@level":"debug","@line":37,"@message":"✅ Operations packed: result=5598834880988132763","@module":"flavor::psp::format_2025::operations","@pid":13811,"@timestamp":"2026-03-31T20:29:35.553144Z"}
{"@file":"src/psp/format_2025/runtime.rs","@level":"debug","@line":75,"@message":"📋 Unset patterns found: [\"DROP_*\"]","@module":"flavor::psp::format_2025::runtime::runtime_impl","@pid":13811,"@timestamp":"2026-03-31T20:29:35.553235Z"}
test psp::format_2025::policy::tests::test_merge_policy_refuse_root ... {"@file":"src/psp/format_2025/runtime.rs","@level":"debug","@line":39,"@message":"🔧 Processing runtime environment configuration","@module":"flavor::psp::format_2025::runtime::runtime_impl","@pid":13811,"@timestamp":"2026-03-31T20:29:35.553157Z"}
ok{"@file":"src/psp/format_2025/operations.rs","@level":"debug","@line":60,"@message":"✅ Operations unpacked: count=8 operations=[155, 53, 93, 13, 169, 14, 179, 77]","@module":"flavor::psp::format_2025::operations","@pid":13811,"@timestamp":"2026-03-31T20:29:35.553260Z"}

{"@file":"src/psp/format_2025/runtime.rs","@level":"debug","@line":174,"@message":"📋 Pattern processor: 1 patterns (1 exact)","@module":"flavor::psp::format_2025::runtime::runtime_impl::patterns","@pid":13811,"@timestamp":"2026-03-31T20:29:35.553285Z"}
test psp::format_2025::policy::tests::test_parse_policy_file_all_fields ... {"@file":"src/psp/format_2025/operations.rs","@level":"debug","@line":37,"@message":"✅ Operations packed: result=2104155211","@module":"flavor::psp::format_2025::operations","@pid":13811,"@timestamp":"2026-03-31T20:29:35.553206Z"}
ok
{"@file":"src/psp/format_2025/operations.rs","@level":"debug","@line":60,"@message":"✅ Operations unpacked: count=8 operations=[108, 236, 229, 126, 18, 110, 45, 153]","@module":"flavor::psp::format_2025::operations","@pid":13811,"@timestamp":"2026-03-31T20:29:35.553330Z"}
test psp::format_2025::policy::tests::test_parse_policy_file_allow_platforms ... {"@file":"src/psp/format_2025/runtime.rs","@level":"debug","@line":253,"@message":"🗑️ Processing 1 unset patterns","@module":"flavor::psp::format_2025::runtime::runtime_impl::operations","@pid":13811,"@timestamp":"2026-03-31T20:29:35.553273Z"}
ok{"@file":"src/psp/format_2025/operations.rs","@level":"debug","@line":37,"@message":"✅ Operations packed: result=18028743537","@module":"flavor::psp::format_2025::operations","@pid":13811,"@timestamp":"2026-03-31T20:29:35.553377Z"}

{"@file":"src/psp/format_2025/runtime.rs","@level":"debug","@line":256,"@message":"  Processing unset pattern: 'DROP_*'","@module":"flavor::psp::format_2025::runtime::runtime_impl::operations","@pid":13811,"@timestamp":"2026-03-31T20:29:35.553397Z"}
test psp::format_2025::policy::tests::test_parse_policy_file_ignores_comments ... {"@file":"src/psp/format_2025/runtime.rs","@level":"debug","@line":174,"@message":"📋 Pattern processor: 1 patterns (1 exact)","@module":"flavor::psp::format_2025::runtime::runtime_impl::patterns","@pid":13811,"@timestamp":"2026-03-31T20:29:35.553207Z"}
ok
{"@file":"src/psp/format_2025/operations.rs","@level":"debug","@line":37,"@message":"✅ Operations packed: result=18158346725916823","@module":"flavor::psp::format_2025::operations","@pid":13811,"@timestamp":"2026-03-31T20:29:35.553448Z"}
{"@file":"src/psp/format_2025/operations.rs","@level":"debug","@line":60,"@message":"✅ Operations unpacked: count=7 operations=[214, 33, 191, 168, 85, 168, 90]","@module":"flavor::psp::format_2025::operations","@pid":13811,"@timestamp":"2026-03-31T20:29:35.553219Z"}
test psp::format_2025::policy::tests::test_parse_policy_file_inline_comment ... {"@file":"src/psp/format_2025/runtime.rs","@level":"debug","@line":75,"@message":"📋 Unset patterns found: [\"REMOVE_ME\"]","@module":"flavor::psp::format_2025::runtime::runtime_impl","@pid":13811,"@timestamp":"2026-03-31T20:29:35.553319Z"}
ok
{"@file":"src/psp/format_2025/operations.rs","@level":"debug","@line":37,"@message":"✅ Operations packed: result=896790092814","@module":"flavor::psp::format_2025::operations","@pid":13811,"@timestamp":"2026-03-31T20:29:35.553523Z"}
{"@file":"src/psp/format_2025/runtime.rs","@level":"debug","@line":253,"@message":"🗑️ Processing 1 unset patterns","@module":"flavor::psp::format_2025::runtime::runtime_impl::operations","@pid":13811,"@timestamp":"2026-03-31T20:29:35.553541Z"}
test psp::format_2025::policy::tests::test_parse_toml_string_list_empty ... {"@file":"src/psp/format_2025/operations.rs","@level":"debug","@line":37,"@message":"✅ Operations packed: result=450582706473","@module":"flavor::psp::format_2025::operations","@pid":13811,"@timestamp":"2026-03-31T20:29:35.553552Z"}
ok
{"@file":"src/psp/format_2025/runtime.rs","@level":"debug","@line":256,"@message":"  Processing unset pattern: 'REMOVE_ME'","@module":"flavor::psp::format_2025::runtime::runtime_impl::operations","@pid":13811,"@timestamp":"2026-03-31T20:29:35.553576Z"}
test psp::format_2025::policy::tests::test_parse_toml_string_list_invalid ... {"@file":"src/psp/format_2025/operations.rs","@level":"debug","@line":37,"@message":"✅ Operations packed: result=104083587589480893","@module":"flavor::psp::format_2025::operations","@pid":13811,"@timestamp":"2026-03-31T20:29:35.553593Z"}
ok
{"@file":"src/psp/format_2025/runtime.rs","@level":"debug","@line":75,"@message":"📋 Unset patterns found: [\"DROP_*\"]","@module":"flavor::psp::format_2025::runtime::runtime_impl","@pid":13811,"@timestamp":"2026-03-31T20:29:35.553464Z"}
test psp::format_2025::policy::tests::test_parse_toml_string_list_single_quotes ... {"@file":"src/psp/format_2025/runtime.rs","@level":"debug","@line":261,"@message":"  Match: glob pattern","@module":"flavor::psp::format_2025::runtime::runtime_impl::operations","@pid":13811,"@timestamp":"2026-03-31T20:29:35.553433Z"}
ok{"@file":"src/psp/format_2025/runtime.rs","@level":"debug","@line":253,"@message":"🗑️ Processing 1 unset patterns","@module":"flavor::psp::format_2025::runtime::runtime_impl::operations","@pid":13811,"@timestamp":"2026-03-31T20:29:35.553665Z"}

{"@file":"src/psp/format_2025/operations.rs","@level":"debug","@line":37,"@message":"✅ Operations packed: result=11037599287472417900","@module":"flavor::psp::format_2025::operations","@pid":13811,"@timestamp":"2026-03-31T20:29:35.553365Z"}
test psp::format_2025::runtime::runtime_impl::tests::pattern_processor_requires_exact_pass_patterns ... ok{"@file":"src/psp/format_2025/runtime.rs","@level":"debug","@line":264,"@message":"  Match: exact pattern","@module":"flavor::psp::format_2025::runtime::runtime_impl::operations","@pid":13811,"@timestamp":"2026-03-31T20:29:35.553614Z"}

{"@file":"src/psp/format_2025/operations.rs","@level":"debug","@line":60,"@message":"✅ Operations unpacked: count=8 operations=[108, 236, 229, 126, 18, 110, 45, 153]","@module":"flavor::psp::format_2025::operations","@pid":13811,"@timestamp":"2026-03-31T20:29:35.553776Z"}
{"@file":"src/psp/format_2025/operations.rs","@level":"debug","@line":60,"@message":"✅ Operations unpacked: count=5 operations=[41, 121, 210, 232, 104]","@module":"flavor::psp::format_2025::operations","@pid":13811,"@timestamp":"2026-03-31T20:29:35.553595Z"}
test psp::format_2025::trust::tests::test_compute_key_fingerprint_valid ... ok
{"@file":"src/psp/format_2025/runtime.rs","@level":"debug","@line":256,"@message":"  Processing unset pattern: 'DROP_*'","@module":"flavor::psp::format_2025::runtime::runtime_impl::operations","@pid":13811,"@timestamp":"2026-03-31T20:29:35.553703Z"}
test psp::format_2025::trust::tests::test_compute_key_fingerprint_wrong_length ... {"@file":"src/psp/format_2025/runtime.rs","@level":"debug","@line":86,"@message":"🧹 Stripped 1 env vars from child environment: DROP_ME","@module":"flavor::psp::format_2025::runtime::runtime_impl","@pid":13811,"@timestamp":"2026-03-31T20:29:35.553765Z"}
ok{"@file":"src/psp/format_2025/runtime.rs","@level":"debug","@line":261,"@message":"  Match: glob pattern","@module":"flavor::psp::format_2025::runtime::runtime_impl::operations","@pid":13811,"@timestamp":"2026-03-31T20:29:35.553872Z"}

{"@file":"src/psp/format_2025/runtime.rs","@level":"debug","@line":92,"@message":"✅ Unset operations completed successfully","@module":"flavor::psp::format_2025::runtime::runtime_impl","@pid":13811,"@timestamp":"2026-03-31T20:29:35.553891Z"}
{"@file":"src/psp/format_2025/launcher/filesystem.rs","@level":"debug","@line":70,"@message":"Fixed shebang in \"tool\"","@module":"flavor::psp::format_2025::launcher::filesystem","@pid":13811,"@timestamp":"2026-03-31T20:29:35.553825Z"}
test psp::format_2025::trust::tests::test_extract_ed25519_raw_key_valid_spki ... {"@file":"src/psp/format_2025/runtime.rs","@level":"debug","@line":351,"@message":"🔄 Processing 1 map operations","@module":"flavor::psp::format_2025::runtime::runtime_impl::operations","@pid":13811,"@timestamp":"2026-03-31T20:29:35.553922Z"}
ok{"@file":"src/psp/format_2025/operations.rs","@level":"debug","@line":37,"@message":"✅ Operations packed: result=9058477","@module":"flavor::psp::format_2025::operations","@pid":13811,"@timestamp":"2026-03-31T20:29:35.553864Z"}

{"@file":"src/psp/format_2025/runtime.rs","@level":"debug","@line":365,"@message":"🔄 Mapped: SOURCE -> RENAMED","@module":"flavor::psp::format_2025::runtime::runtime_impl::operations","@pid":13811,"@timestamp":"2026-03-31T20:29:35.553957Z"}
{"@file":"src/psp/format_2025/operations.rs","@level":"debug","@line":37,"@message":"✅ Operations packed: result=251","@module":"flavor::psp::format_2025::operations","@pid":13811,"@timestamp":"2026-03-31T20:29:35.553671Z"}
{"@file":"src/psp/format_2025/runtime.rs","@level":"debug","@line":386,"@message":"📝 Processing 1 set operations","@module":"flavor::psp::format_2025::runtime::runtime_impl::operations","@pid":13811,"@timestamp":"2026-03-31T20:29:35.553986Z"}
test psp::format_2025::trust::tests::test_extract_ed25519_raw_key_wrong_length ... {"@file":"src/psp/format_2025/runtime.rs","@level":"debug","@line":86,"@message":"🧹 Stripped 2 env vars from child environment: DROP_A, DROP_B","@module":"flavor::psp::format_2025::runtime::runtime_impl","@pid":13811,"@timestamp":"2026-03-31T20:29:35.553924Z"}
ok
{"@file":"src/psp/format_2025/operations.rs","@level":"debug","@line":60,"@message":"✅ Operations unpacked: count=3 operations=[173, 56, 138]","@module":"flavor::psp::format_2025::operations","@pid":13811,"@timestamp":"2026-03-31T20:29:35.553971Z"}
{"@file":"src/psp/format_2025/runtime.rs","@level":"debug","@line":330,"@message":"🗑️ Unset: REMOVE_ME","@module":"flavor::psp::format_2025::runtime::runtime_impl::operations","@pid":13811,"@timestamp":"2026-03-31T20:29:35.553799Z"}
test psp::format_2025::trust::tests::test_extract_ed25519_raw_key_wrong_prefix ... ok
{"@file":"src/psp/format_2025/runtime.rs","@level":"debug","@line":86,"@message":"🧹 Stripped 1 env vars from child environment: REMOVE_ME","@module":"flavor::psp::format_2025::runtime::runtime_impl","@pid":13811,"@timestamp":"2026-03-31T20:29:35.554082Z"}
test psp::format_2025::builder::slot_processor::tests::test_process_slots_regular_file_builds_descriptor ... ok{"@file":"src/psp/format_2025/operations.rs","@level":"debug","@line":37,"@message":"✅ Operations packed: result=149261944159","@module":"flavor::psp::format_2025::operations","@pid":13811,"@timestamp":"2026-03-31T20:29:35.554098Z"}

{"@file":"src/psp/format_2025/runtime.rs","@level":"debug","@line":92,"@message":"✅ Unset operations completed successfully","@module":"flavor::psp::format_2025::runtime::runtime_impl","@pid":13811,"@timestamp":"2026-03-31T20:29:35.554104Z"}
test psp::format_2025::trust::tests::test_is_key_trusted_no_store ... {"@file":"src/psp/format_2025/operations.rs","@level":"debug","@line":60,"@message":"✅ Operations unpacked: count=5 operations=[95, 133, 180, 192, 34]","@module":"flavor::psp::format_2025::operations","@pid":13811,"@timestamp":"2026-03-31T20:29:35.554123Z"}
ok
{"@file":"src/psp/format_2025/operations.rs","@level":"debug","@line":60,"@message":"✅ Operations unpacked: count=8 operations=[6, 42, 60, 106, 173, 211, 246, 233]","@module":"flavor::psp::format_2025::operations","@pid":13811,"@timestamp":"2026-03-31T20:29:35.553836Z"}
test psp::format_2025::trust::tests::test_load_keys_from_dir_missing ... ok
{"@file":"src/psp/format_2025/operations.rs","@level":"debug","@line":37,"@message":"✅ Operations packed: result=3946657960310603","@module":"flavor::psp::format_2025::operations","@pid":13811,"@timestamp":"2026-03-31T20:29:35.554029Z"}
test psp::format_2025::verifier::tests::test_verify_slot_checksum_detects_tampering ... ok
{"@file":"src/psp/format_2025/execution/validation.rs","@level":"debug","@line":121,"@message":"💾 Saved package checksum: 12345678","@module":"flavor::psp::format_2025::execution::validation","@pid":13811,"@timestamp":"2026-03-31T20:29:35.554231Z"}
test psp::format_2025::builder::slot_processor::tests::test_resolve_slot_path_uses_current_dir_when_workenv_base_is_unset ... {"@file":"src/psp/format_2025/runtime.rs","@level":"debug","@line":92,"@message":"✅ Unset operations completed successfully","@module":"flavor::psp::format_2025::runtime::runtime_impl","@pid":13811,"@timestamp":"2026-03-31T20:29:35.554062Z"}
ok
{"@file":"src/psp/format_2025/operations.rs","@level":"debug","@line":37,"@message":"✅ Operations packed: result=125","@module":"flavor::psp::format_2025::operations","@pid":13811,"@timestamp":"2026-03-31T20:29:35.554184Z"}
{"@file":"src/psp/format_2025/runtime.rs","@level":"debug","@line":397,"@message":"📝 Set: ADDED = 'value'","@module":"flavor::psp::format_2025::runtime::runtime_impl::operations","@pid":13811,"@timestamp":"2026-03-31T20:29:35.554011Z"}
{"@file":"src/psp/format_2025/runtime.rs","@level":"debug","@line":135,"@message":"✅ Runtime environment processing complete","@module":"flavor::psp::format_2025::runtime::runtime_impl","@pid":13811,"@timestamp":"2026-03-31T20:29:35.554335Z"}
{"@file":"src/psp/format_2025/runtime.rs","@level":"debug","@line":135,"@message":"✅ Runtime environment processing complete","@module":"flavor::psp::format_2025::runtime::runtime_impl","@pid":13811,"@timestamp":"2026-03-31T20:29:35.554401Z"}
{"@file":"src/psp/format_2025/operations.rs","@level":"debug","@line":37,"@message":"✅ Operations packed: result=2909212046","@module":"flavor::psp::format_2025::operations","@pid":13811,"@timestamp":"2026-03-31T20:29:35.554283Z"}
test psp::format_2025::runtime::runtime_impl::tests::process_runtime_env_unset_glob_pattern_removes_matching_variables ... ok
{"@file":"src/psp/format_2025/operations.rs","@level":"debug","@line":60,"@message":"✅ Operations unpacked: count=1 operations=[125]","@module":"flavor::psp::format_2025::operations","@pid":13811,"@timestamp":"2026-03-31T20:29:35.554371Z"}
test psp::format_2025::runtime::runtime_impl::tests::process_runtime_env_applies_unset_map_and_set_operations ... {"@file":"src/psp/format_2025/runtime.rs","@level":"debug","@line":135,"@message":"✅ Runtime environment processing complete","@module":"flavor::psp::format_2025::runtime::runtime_impl","@pid":13811,"@timestamp":"2026-03-31T20:29:35.554128Z"}
ok
{"@file":"src/psp/format_2025/operations.rs","@level":"debug","@line":37,"@message":"✅ Operations packed: result=16858894996873161222","@module":"flavor::psp::format_2025::operations","@pid":13811,"@timestamp":"2026-03-31T20:29:35.554200Z"}
test psp::format_2025::runtime::runtime_impl::tests::process_runtime_env_unset_exact_match_removes_variable ... ok{"@file":"src/psp/format_2025/operations.rs","@level":"debug","@line":60,"@message":"✅ Operations unpacked: count=8 operations=[6, 42, 60, 106, 173, 211, 246, 233]","@module":"flavor::psp::format_2025::operations","@pid":13811,"@timestamp":"2026-03-31T20:29:35.554578Z"}

{"@file":"src/psp/format_2025/operations.rs","@level":"debug","@line":37,"@message":"✅ Operations packed: result=1720350399","@module":"flavor::psp::format_2025::operations","@pid":13811,"@timestamp":"2026-03-31T20:29:35.554594Z"}
{"@file":"src/psp/format_2025/operations.rs","@level":"debug","@line":60,"@message":"✅ Operations unpacked: count=8 operations=[3, 189, 85, 136, 219, 197, 181, 90]","@module":"flavor::psp::format_2025::operations","@pid":13811,"@timestamp":"2026-03-31T20:29:35.554639Z"}
{"@file":"src/psp/format_2025/operations.rs","@level":"debug","@line":37,"@message":"✅ Operations packed: result=6536347980873972995","@module":"flavor::psp::format_2025::operations","@pid":13811,"@timestamp":"2026-03-31T20:29:35.554671Z"}
{"@file":"src/psp/format_2025/operations.rs","@level":"debug","@line":60,"@message":"✅ Operations unpacked: count=8 operations=[3, 189, 85, 136, 219, 197, 181, 90]","@module":"flavor::psp::format_2025::operations","@pid":13811,"@timestamp":"2026-03-31T20:29:35.554693Z"}
{"@file":"src/psp/format_2025/operations.rs","@level":"debug","@line":37,"@message":"✅ Operations packed: result=17701353053997672263","@module":"flavor::psp::format_2025::operations","@pid":13811,"@timestamp":"2026-03-31T20:29:35.554620Z"}
{"@file":"src/psp/format_2025/operations.rs","@level":"debug","@line":60,"@message":"✅ Operations unpacked: count=8 operations=[172, 118, 235, 25, 174, 96, 189, 193]","@module":"flavor::psp::format_2025::operations","@pid":13811,"@timestamp":"2026-03-31T20:29:35.554746Z"}
{"@file":"src/psp/format_2025/operations.rs","@level":"debug","@line":37,"@message":"✅ Operations packed: result=152107889529","@module":"flavor::psp::format_2025::operations","@pid":13811,"@timestamp":"2026-03-31T20:29:35.554729Z"}
{"@file":"src/psp/format_2025/operations.rs","@level":"debug","@line":60,"@message":"✅ Operations unpacked: count=8 operations=[71, 167, 78, 27, 209, 214, 167, 245]","@module":"flavor::psp::format_2025::operations","@pid":13811,"@timestamp":"2026-03-31T20:29:35.554756Z"}
{"@file":"src/psp/format_2025/operations.rs","@level":"debug","@line":37,"@message":"✅ Operations packed: result=13960420720793843372","@module":"flavor::psp::format_2025::operations","@pid":13811,"@timestamp":"2026-03-31T20:29:35.554776Z"}
{"@file":"src/psp/format_2025/operations.rs","@level":"debug","@line":60,"@message":"✅ Operations unpacked: count=8 operations=[172, 118, 235, 25, 174, 96, 189, 193]","@module":"flavor::psp::format_2025::operations","@pid":13811,"@timestamp":"2026-03-31T20:29:35.554860Z"}
{"@file":"src/psp/format_2025/operations.rs","@level":"debug","@line":37,"@message":"✅ Operations packed: result=8988346572108215","@module":"flavor::psp::format_2025::operations","@pid":13811,"@timestamp":"2026-03-31T20:29:35.554898Z"}
{"@file":"src/psp/format_2025/operations.rs","@level":"debug","@line":37,"@message":"✅ Operations packed: result=849772585713","@module":"flavor::psp::format_2025::operations","@pid":13811,"@timestamp":"2026-03-31T20:29:35.554943Z"}
{"@file":"src/psp/format_2025/operations.rs","@level":"debug","@line":60,"@message":"✅ Operations unpacked: count=8 operations=[35, 137, 92, 108, 247, 141, 11, 22]","@module":"flavor::psp::format_2025::operations","@pid":13811,"@timestamp":"2026-03-31T20:29:35.554984Z"}
{"@file":"src/psp/format_2025/operations.rs","@level":"debug","@line":60,"@message":"✅ Operations unpacked: count=5 operations=[241, 162, 100, 218, 197]","@module":"flavor::psp::format_2025::operations","@pid":13811,"@timestamp":"2026-03-31T20:29:35.555023Z"}
{"@file":"src/psp/format_2025/operations.rs","@level":"debug","@line":37,"@message":"✅ Operations packed: result=1588519387392674083","@module":"flavor::psp::format_2025::operations","@pid":13811,"@timestamp":"2026-03-31T20:29:35.555042Z"}
{"@file":"src/psp/format_2025/operations.rs","@level":"debug","@line":37,"@message":"✅ Operations packed: result=13234103940685028","@module":"flavor::psp::format_2025::operations","@pid":13811,"@timestamp":"2026-03-31T20:29:35.555098Z"}
{"@file":"src/psp/format_2025/operations.rs","@level":"debug","@line":60,"@message":"✅ Operations unpacked: count=8 operations=[35, 137, 92, 108, 247, 141, 11, 22]","@module":"flavor::psp::format_2025::operations","@pid":13811,"@timestamp":"2026-03-31T20:29:35.555123Z"}
{"@file":"src/psp/format_2025/operations.rs","@level":"debug","@line":37,"@message":"✅ Operations packed: result=18290255213895243","@module":"flavor::psp::format_2025::operations","@pid":13811,"@timestamp":"2026-03-31T20:29:35.555156Z"}
{"@file":"src/psp/format_2025/operations.rs","@level":"debug","@line":60,"@message":"✅ Operations unpacked: count=8 operations=[146, 75, 189, 50, 229, 218, 135, 22]","@module":"flavor::psp::format_2025::operations","@pid":13811,"@timestamp":"2026-03-31T20:29:35.555230Z"}
{"@file":"src/psp/format_2025/operations.rs","@level":"debug","@line":37,"@message":"✅ Operations packed: result=11888575975102315","@module":"flavor::psp::format_2025::operations","@pid":13811,"@timestamp":"2026-03-31T20:29:35.555244Z"}
{"@file":"src/psp/format_2025/operations.rs","@level":"debug","@line":60,"@message":"✅ Operations unpacked: count=7 operations=[75, 30, 224, 228, 227, 250, 64]","@module":"flavor::psp::format_2025::operations","@pid":13811,"@timestamp":"2026-03-31T20:29:35.555220Z"}
{"@file":"src/psp/format_2025/operations.rs","@level":"debug","@line":37,"@message":"✅ Operations packed: result=1623506868623985554","@module":"flavor::psp::format_2025::operations","@pid":13811,"@timestamp":"2026-03-31T20:29:35.555274Z"}
{"@file":"src/psp/format_2025/operations.rs","@level":"debug","@line":37,"@message":"✅ Operations packed: result=6061810","@module":"flavor::psp::format_2025::operations","@pid":13811,"@timestamp":"2026-03-31T20:29:35.555367Z"}
{"@file":"src/psp/format_2025/operations.rs","@level":"debug","@line":60,"@message":"✅ Operations unpacked: count=3 operations=[242, 126, 92]","@module":"flavor::psp::format_2025::operations","@pid":13811,"@timestamp":"2026-03-31T20:29:35.555397Z"}
{"@file":"src/psp/format_2025/operations.rs","@level":"debug","@line":37,"@message":"✅ Operations packed: result=44856116570595","@module":"flavor::psp::format_2025::operations","@pid":13811,"@timestamp":"2026-03-31T20:29:35.555390Z"}
{"@file":"src/psp/format_2025/operations.rs","@level":"debug","@line":37,"@message":"✅ Operations packed: result=24448850189008784","@module":"flavor::psp::format_2025::operations","@pid":13811,"@timestamp":"2026-03-31T20:29:35.555458Z"}
{"@file":"src/psp/format_2025/operations.rs","@level":"debug","@line":60,"@message":"✅ Operations unpacked: count=8 operations=[146, 75, 189, 50, 229, 218, 135, 22]","@module":"flavor::psp::format_2025::operations","@pid":13811,"@timestamp":"2026-03-31T20:29:35.555369Z"}
{"@file":"src/psp/format_2025/operations.rs","@level":"debug","@line":60,"@message":"✅ Operations unpacked: count=7 operations=[144, 191, 174, 134, 25, 220, 86]","@module":"flavor::psp::format_2025::operations","@pid":13811,"@timestamp":"2026-03-31T20:29:35.555490Z"}
{"@file":"src/psp/format_2025/operations.rs","@level":"debug","@line":60,"@message":"✅ Operations unpacked: count=8 operations=[159, 105, 194, 242, 86, 138, 83, 200]","@module":"flavor::psp::format_2025::operations","@pid":13811,"@timestamp":"2026-03-31T20:29:35.555540Z"}
{"@file":"src/psp/format_2025/operations.rs","@level":"debug","@line":37,"@message":"✅ Operations packed: result=38395988031151558","@module":"flavor::psp::format_2025::operations","@pid":13811,"@timestamp":"2026-03-31T20:29:35.555558Z"}
{"@file":"src/psp/format_2025/operations.rs","@level":"debug","@line":37,"@message":"✅ Operations packed: result=1645284615","@module":"flavor::psp::format_2025::operations","@pid":13811,"@timestamp":"2026-03-31T20:29:35.555548Z"}
test psp::format_2025::trust::tests::test_load_keys_from_dir_empty ... {"@file":"src/psp/format_2025/operations.rs","@level":"debug","@line":37,"@message":"✅ Operations packed: result=14435033336697219487","@module":"flavor::psp::format_2025::operations","@pid":13811,"@timestamp":"2026-03-31T20:29:35.555578Z"}
ok{"@file":"src/psp/format_2025/operations.rs","@level":"debug","@line":60,"@message":"✅ Operations unpacked: count=4 operations=[7, 13, 17, 98]","@module":"flavor::psp::format_2025::operations","@pid":13811,"@timestamp":"2026-03-31T20:29:35.555607Z"}

{"@file":"src/psp/format_2025/operations.rs","@level":"debug","@line":37,"@message":"✅ Operations packed: result=8828","@module":"flavor::psp::format_2025::operations","@pid":13811,"@timestamp":"2026-03-31T20:29:35.555620Z"}
{"@file":"src/psp/format_2025/execution/validation.rs","@level":"debug","@line":25,"@message":"✅ Package checksum matches cached version: 12345678","@module":"flavor::psp::format_2025::execution::validation","@pid":13811,"@timestamp":"2026-03-31T20:29:35.555611Z"}
{"@file":"src/psp/format_2025/operations.rs","@level":"debug","@line":37,"@message":"✅ Operations packed: result=204519327634104","@module":"flavor::psp::format_2025::operations","@pid":13811,"@timestamp":"2026-03-31T20:29:35.555673Z"}
{"@file":"src/psp/format_2025/operations.rs","@level":"debug","@line":37,"@message":"✅ Operations packed: result=22119779496881893","@module":"flavor::psp::format_2025::operations","@pid":13811,"@timestamp":"2026-03-31T20:29:35.555696Z"}
{"@file":"src/psp/format_2025/operations.rs","@level":"debug","@line":60,"@message":"✅ Operations unpacked: count=6 operations=[184, 146, 223, 93, 2, 186]","@module":"flavor::psp::format_2025::operations","@pid":13811,"@timestamp":"2026-03-31T20:29:35.555710Z"}
{"@file":"src/psp/format_2025/operations.rs","@level":"debug","@line":60,"@message":"✅ Operations unpacked: count=8 operations=[159, 105, 194, 242, 86, 138, 83, 200]","@module":"flavor::psp::format_2025::operations","@pid":13811,"@timestamp":"2026-03-31T20:29:35.555627Z"}
{"@file":"src/psp/format_2025/backends.rs","@level":"debug","@line":204,"@message":"📁 File backend opened /var/folders/sg/wy47gw996f78fznt898m8x540000gn/T/.tmpVhNQ3p (8352 bytes) in 163.291µs","@module":"flavor::psp::format_2025::backends","@pid":13811,"@timestamp":"2026-03-31T20:29:35.555653Z"}
{"@file":"src/psp/format_2025/operations.rs","@level":"debug","@line":37,"@message":"✅ Operations packed: result=549843715","@module":"flavor::psp::format_2025::operations","@pid":13811,"@timestamp":"2026-03-31T20:29:35.555760Z"}
{"@file":"src/psp/format_2025/operations.rs","@level":"debug","@line":37,"@message":"✅ Operations packed: result=19461","@module":"flavor::psp::format_2025::operations","@pid":13811,"@timestamp":"2026-03-31T20:29:35.555772Z"}
{"@file":"src/psp/format_2025/operations.rs","@level":"debug","@line":60,"@message":"✅ Operations unpacked: count=2 operations=[5, 76]","@module":"flavor::psp::format_2025::operations","@pid":13811,"@timestamp":"2026-03-31T20:29:35.555803Z"}
{"@file":"src/psp/format_2025/operations.rs","@level":"debug","@line":60,"@message":"✅ Operations unpacked: count=8 operations=[151, 209, 31, 65, 189, 213, 53, 78]","@module":"flavor::psp::format_2025::operations","@pid":13811,"@timestamp":"2026-03-31T20:29:35.555780Z"}
{"@file":"src/psp/format_2025/operations.rs","@level":"debug","@line":37,"@message":"✅ Operations packed: result=0","@module":"flavor::psp::format_2025::operations","@pid":13811,"@timestamp":"2026-03-31T20:29:35.555819Z"}
{"@file":"src/psp/format_2025/reader.rs","@level":"debug","@line":274,"@message":"Trailer size: 8200, file size: 8352 bytes","@module":"flavor::psp::format_2025::reader","@pid":13811,"@timestamp":"2026-03-31T20:29:35.555816Z"}
{"@file":"src/psp/format_2025/operations.rs","@level":"debug","@line":37,"@message":"✅ Operations packed: result=5635645517542183319","@module":"flavor::psp::format_2025::operations","@pid":13811,"@timestamp":"2026-03-31T20:29:35.555847Z"}
{"@file":"src/psp/format_2025/operations.rs","@level":"debug","@line":37,"@message":"✅ Operations packed: result=13","@module":"flavor::psp::format_2025::operations","@pid":13811,"@timestamp":"2026-03-31T20:29:35.555881Z"}
{"@file":"src/psp/format_2025/index.rs","@level":"debug","@line":181,"@message":"Parsed metadata_offset: 0x0000000000000000 (0)","@module":"flavor::psp::format_2025::index","@pid":13811,"@timestamp":"2026-03-31T20:29:35.555899Z"}
{"@file":"src/psp/format_2025/operations.rs","@level":"debug","@line":37,"@message":"✅ Operations packed: result=41010336996378274","@module":"flavor::psp::format_2025::operations","@pid":13811,"@timestamp":"2026-03-31T20:29:35.555859Z"}
{"@file":"src/psp/format_2025/operations.rs","@level":"debug","@line":37,"@message":"✅ Operations packed: result=620807599880","@module":"flavor::psp::format_2025::operations","@pid":13811,"@timestamp":"2026-03-31T20:29:35.555974Z"}
{"@file":"src/psp/format_2025/backends.rs","@level":"debug","@line":204,"@message":"📁 File backend opened /var/folders/sg/wy47gw996f78fznt898m8x540000gn/T/.tmpwSZnZB (8329 bytes) in 307µs","@module":"flavor::psp::format_2025::backends","@pid":13811,"@timestamp":"2026-03-31T20:29:35.555994Z"}
{"@file":"src/psp/format_2025/operations.rs","@level":"debug","@line":60,"@message":"✅ Operations unpacked: count=8 operations=[151, 209, 31, 65, 189, 213, 53, 78]","@module":"flavor::psp::format_2025::operations","@pid":13811,"@timestamp":"2026-03-31T20:29:35.555946Z"}
{"@file":"src/psp/format_2025/index.rs","@level":"debug","@line":182,"@message":"Parsed metadata_size: 152 bytes","@module":"flavor::psp::format_2025::index","@pid":13811,"@timestamp":"2026-03-31T20:29:35.555955Z"}
{"@file":"src/psp/format_2025/operations.rs","@level":"debug","@line":60,"@message":"✅ Operations unpacked: count=7 operations=[162, 198, 201, 40, 175, 178, 145]","@module":"flavor::psp::format_2025::operations","@pid":13811,"@timestamp":"2026-03-31T20:29:35.555996Z"}
{"@file":"src/psp/format_2025/reader.rs","@level":"debug","@line":99,"@message":"Parsed index values:","@module":"flavor::psp::format_2025::reader","@pid":13811,"@timestamp":"2026-03-31T20:29:35.556128Z"}
{"@file":"src/psp/format_2025/reader.rs","@level":"debug","@line":274,"@message":"Trailer size: 8200, file size: 8329 bytes","@module":"flavor::psp::format_2025::reader","@pid":13811,"@timestamp":"2026-03-31T20:29:35.556061Z"}
{"@file":"src/psp/format_2025/operations.rs","@level":"debug","@line":37,"@message":"✅ Operations packed: result=1464028719","@module":"flavor::psp::format_2025::operations","@pid":13811,"@timestamp":"2026-03-31T20:29:35.556039Z"}
{"@file":"src/psp/format_2025/operations.rs","@level":"debug","@line":60,"@message":"✅ Operations unpacked: count=8 operations=[4, 7, 83, 61, 162, 177, 133, 242]","@module":"flavor::psp::format_2025::operations","@pid":13811,"@timestamp":"2026-03-31T20:29:35.556134Z"}
{"@file":"src/psp/format_2025/index.rs","@level":"debug","@line":181,"@message":"Parsed metadata_offset: 0x0000000000000000 (0)","@module":"flavor::psp::format_2025::index","@pid":13811,"@timestamp":"2026-03-31T20:29:35.556181Z"}
{"@file":"src/psp/format_2025/operations.rs","@level":"debug","@line":37,"@message":"✅ Operations packed: result=2975038","@module":"flavor::psp::format_2025::operations","@pid":13811,"@timestamp":"2026-03-31T20:29:35.556196Z"}
test psp::format_2025::execution::validation::tests::save_index_metadata_writes_expected_json_fields ... {"@file":"src/psp/format_2025/operations.rs","@level":"debug","@line":37,"@message":"✅ Operations packed: result=17475569239452747524","@module":"flavor::psp::format_2025::operations","@pid":13811,"@timestamp":"2026-03-31T20:29:35.556221Z"}
ok
{"@file":"src/psp/format_2025/reader.rs","@level":"debug","@line":100,"@message":"  package_size: 8352","@module":"flavor::psp::format_2025::reader","@pid":13811,"@timestamp":"2026-03-31T20:29:35.556159Z"}
{"@file":"src/psp/format_2025/operations.rs","@level":"debug","@line":37,"@message":"✅ Operations packed: result=3054535465","@module":"flavor::psp::format_2025::operations","@pid":13811,"@timestamp":"2026-03-31T20:29:35.556228Z"}
{"@file":"src/psp/format_2025/operations.rs","@level":"debug","@line":60,"@message":"✅ Operations unpacked: count=3 operations=[62, 101, 45]","@module":"flavor::psp::format_2025::operations","@pid":13811,"@timestamp":"2026-03-31T20:29:35.556293Z"}
{"@file":"src/psp/format_2025/operations.rs","@level":"debug","@line":60,"@message":"✅ Operations unpacked: count=8 operations=[4, 7, 83, 61, 162, 177, 133, 242]","@module":"flavor::psp::format_2025::operations","@pid":13811,"@timestamp":"2026-03-31T20:29:35.556333Z"}
{"@file":"src/psp/format_2025/operations.rs","@level":"debug","@line":37,"@message":"✅ Operations packed: result=5835234906436817088","@module":"flavor::psp::format_2025::operations","@pid":13811,"@timestamp":"2026-03-31T20:29:35.556457Z"}
{"@file":"src/psp/format_2025/operations.rs","@level":"debug","@line":37,"@message":"✅ Operations packed: result=0","@module":"flavor::psp::format_2025::operations","@pid":13811,"@timestamp":"2026-03-31T20:29:35.556482Z"}
{"@file":"src/psp/format_2025/operations.rs","@level":"debug","@line":60,"@message":"✅ Operations unpacked: count=8 operations=[141, 128, 120, 109, 254, 239, 37, 170]","@module":"flavor::psp::format_2025::operations","@pid":13811,"@timestamp":"2026-03-31T20:29:35.556491Z"}
{"@file":"src/psp/format_2025/backends.rs","@level":"debug","@line":204,"@message":"📁 File backend opened /var/folders/sg/wy47gw996f78fznt898m8x540000gn/T/.tmpnUkGc6 (8363 bytes) in 72.542µs","@module":"flavor::psp::format_2025::backends","@pid":13811,"@timestamp":"2026-03-31T20:29:35.556384Z"}
{"@file":"src/psp/format_2025/index.rs","@level":"debug","@line":182,"@message":"Parsed metadata_size: 129 bytes","@module":"flavor::psp::format_2025::index","@pid":13811,"@timestamp":"2026-03-31T20:29:35.556264Z"}
{"@file":"src/psp/format_2025/reader.rs","@level":"debug","@line":101,"@message":"  launcher_size: 0","@module":"flavor::psp::format_2025::reader","@pid":13811,"@timestamp":"2026-03-31T20:29:35.556402Z"}
{"@file":"src/psp/format_2025/reader.rs","@level":"debug","@line":274,"@message":"Trailer size: 8200, file size: 8363 bytes","@module":"flavor::psp::format_2025::reader","@pid":13811,"@timestamp":"2026-03-31T20:29:35.556600Z"}
{"@file":"src/psp/format_2025/reader.rs","@level":"debug","@line":99,"@message":"Parsed index values:","@module":"flavor::psp::format_2025::reader","@pid":13811,"@timestamp":"2026-03-31T20:29:35.556615Z"}
{"@file":"src/psp/format_2025/index.rs","@level":"debug","@line":181,"@message":"Parsed metadata_offset: 0x0000000000000054 (84)","@module":"flavor::psp::format_2025::index","@pid":13811,"@timestamp":"2026-03-31T20:29:35.556631Z"}
{"@file":"src/psp/format_2025/reader.rs","@level":"debug","@line":100,"@message":"  package_size: 8329","@module":"flavor::psp::format_2025::reader","@pid":13811,"@timestamp":"2026-03-31T20:29:35.556649Z"}
{"@file":"src/psp/format_2025/index.rs","@level":"debug","@line":182,"@message":"Parsed metadata_size: 79 bytes","@module":"flavor::psp::format_2025::index","@pid":13811,"@timestamp":"2026-03-31T20:29:35.556661Z"}
{"@file":"src/psp/format_2025/reader.rs","@level":"debug","@line":102,"@message":"  metadata_offset: 0x0000000000000000 (0)","@module":"flavor::psp::format_2025::reader","@pid":13811,"@timestamp":"2026-03-31T20:29:35.556618Z"}
{"@file":"src/psp/format_2025/reader.rs","@level":"debug","@line":99,"@message":"Parsed index values:","@module":"flavor::psp::format_2025::reader","@pid":13811,"@timestamp":"2026-03-31T20:29:35.556695Z"}
{"@file":"src/psp/format_2025/reader.rs","@level":"debug","@line":106,"@message":"  metadata_size: 152 bytes","@module":"flavor::psp::format_2025::reader","@pid":13811,"@timestamp":"2026-03-31T20:29:35.556709Z"}
{"@file":"src/psp/format_2025/backends.rs","@level":"debug","@line":204,"@message":"📁 File backend opened /var/folders/sg/wy47gw996f78fznt898m8x540000gn/T/.tmpAyrHGz (8364 bytes) in 107.875µs","@module":"flavor::psp::format_2025::backends","@pid":13811,"@timestamp":"2026-03-31T20:29:35.556740Z"}
{"@file":"src/psp/format_2025/reader.rs","@level":"debug","@line":107,"@message":"  slot_table_offset: 0x0000000000000000","@module":"flavor::psp::format_2025::reader","@pid":13811,"@timestamp":"2026-03-31T20:29:35.556751Z"}
{"@file":"src/psp/format_2025/reader.rs","@level":"debug","@line":101,"@message":"  launcher_size: 0","@module":"flavor::psp::format_2025::reader","@pid":13811,"@timestamp":"2026-03-31T20:29:35.556677Z"}
{"@file":"src/psp/format_2025/reader.rs","@level":"debug","@line":274,"@message":"Trailer size: 8200, file size: 8364 bytes","@module":"flavor::psp::format_2025::reader","@pid":13811,"@timestamp":"2026-03-31T20:29:35.556784Z"}
{"@file":"src/psp/format_2025/reader.rs","@level":"debug","@line":100,"@message":"  package_size: 8363","@module":"flavor::psp::format_2025::reader","@pid":13811,"@timestamp":"2026-03-31T20:29:35.556729Z"}
{"@file":"src/psp/format_2025/index.rs","@level":"debug","@line":181,"@message":"Parsed metadata_offset: 0x0000000000000055 (85)","@module":"flavor::psp::format_2025::index","@pid":13811,"@timestamp":"2026-03-31T20:29:35.556816Z"}
test psp::format_2025::execution::validation::tests::save_and_validate_package_checksum_round_trip ... {"@file":"src/psp/format_2025/reader.rs","@level":"debug","@line":108,"@message":"  slot_count: 0","@module":"flavor::psp::format_2025::reader","@pid":13811,"@timestamp":"2026-03-31T20:29:35.556775Z"}
ok{"@file":"src/psp/format_2025/index.rs","@level":"debug","@line":182,"@message":"Parsed metadata_size: 79 bytes","@module":"flavor::psp::format_2025::index","@pid":13811,"@timestamp":"2026-03-31T20:29:35.556853Z"}

{"@file":"src/psp/format_2025/operations.rs","@level":"debug","@line":60,"@message":"✅ Operations unpacked: count=0 operations=[]","@module":"flavor::psp::format_2025::operations","@pid":13811,"@timestamp":"2026-03-31T20:29:35.556519Z"}
{"@file":"src/psp/format_2025/reader.rs","@level":"debug","@line":99,"@message":"Parsed index values:","@module":"flavor::psp::format_2025::reader","@pid":13811,"@timestamp":"2026-03-31T20:29:35.556887Z"}
{"@file":"src/psp/format_2025/backends.rs","@level":"debug","@line":204,"@message":"📁 File backend opened /var/folders/sg/wy47gw996f78fznt898m8x540000gn/T/.tmplqigpm (8367 bytes) in 117µs","@module":"flavor::psp::format_2025::backends","@pid":13811,"@timestamp":"2026-03-31T20:29:35.556794Z"}
{"@file":"src/psp/format_2025/reader.rs","@level":"debug","@line":102,"@message":"  metadata_offset: 0x0000000000000000 (0)","@module":"flavor::psp::format_2025::reader","@pid":13811,"@timestamp":"2026-03-31T20:29:35.556815Z"}
{"@file":"src/psp/format_2025/backends.rs","@level":"debug","@line":204,"@message":"📁 File backend opened /var/folders/sg/wy47gw996f78fznt898m8x540000gn/T/.tmpphsKqT (8279 bytes) in 81.542µs","@module":"flavor::psp::format_2025::backends","@pid":13811,"@timestamp":"2026-03-31T20:29:35.556823Z"}
{"@file":"src/psp/format_2025/operations.rs","@level":"debug","@line":37,"@message":"✅ Operations packed: result=12260469436623388813","@module":"flavor::psp::format_2025::operations","@pid":13811,"@timestamp":"2026-03-31T20:29:35.556526Z"}
{"@file":"src/psp/format_2025/reader.rs","@level":"debug","@line":274,"@message":"Trailer size: 8200, file size: 8367 bytes","@module":"flavor::psp::format_2025::reader","@pid":13811,"@timestamp":"2026-03-31T20:29:35.556950Z"}
{"@file":"src/psp/format_2025/operations.rs","@level":"debug","@line":60,"@message":"✅ Operations unpacked: count=8 operations=[141, 128, 120, 109, 254, 239, 37, 170]","@module":"flavor::psp::format_2025::operations","@pid":13811,"@timestamp":"2026-03-31T20:29:35.556973Z"}
{"@file":"src/psp/format_2025/backends.rs","@level":"debug","@line":204,"@message":"📁 File backend opened /var/folders/sg/wy47gw996f78fznt898m8x540000gn/T/.tmpJXiHec (8364 bytes) in 159.416µs","@module":"flavor::psp::format_2025::backends","@pid":13811,"@timestamp":"2026-03-31T20:29:35.556805Z"}
{"@file":"src/psp/format_2025/reader.rs","@level":"debug","@line":100,"@message":"  package_size: 8364","@module":"flavor::psp::format_2025::reader","@pid":13811,"@timestamp":"2026-03-31T20:29:35.556911Z"}
{"@file":"src/psp/format_2025/operations.rs","@level":"debug","@line":37,"@message":"✅ Operations packed: result=0","@module":"flavor::psp::format_2025::operations","@pid":13811,"@timestamp":"2026-03-31T20:29:35.556927Z"}
{"@file":"src/psp/format_2025/reader.rs","@level":"debug","@line":274,"@message":"Trailer size: 8200, file size: 8364 bytes","@module":"flavor::psp::format_2025::reader","@pid":13811,"@timestamp":"2026-03-31T20:29:35.557036Z"}
{"@file":"src/psp/format_2025/reader.rs","@level":"debug","@line":101,"@message":"  launcher_size: 0","@module":"flavor::psp::format_2025::reader","@pid":13811,"@timestamp":"2026-03-31T20:29:35.557041Z"}
{"@file":"src/psp/format_2025/operations.rs","@level":"debug","@line":60,"@message":"✅ Operations unpacked: count=0 operations=[]","@module":"flavor::psp::format_2025::operations","@pid":13811,"@timestamp":"2026-03-31T20:29:35.557059Z"}
{"@file":"src/psp/format_2025/reader.rs","@level":"debug","@line":102,"@message":"  metadata_offset: 0x0000000000000055 (85)","@module":"flavor::psp::format_2025::reader","@pid":13811,"@timestamp":"2026-03-31T20:29:35.557078Z"}
{"@file":"src/psp/format_2025/operations.rs","@level":"debug","@line":37,"@message":"✅ Operations packed: result=871131845472","@module":"flavor::psp::format_2025::operations","@pid":13811,"@timestamp":"2026-03-31T20:29:35.556526Z"}
{"@file":"src/psp/format_2025/index.rs","@level":"debug","@line":181,"@message":"Parsed metadata_offset: 0x0000000000000058 (88)","@module":"flavor::psp::format_2025::index","@pid":13811,"@timestamp":"2026-03-31T20:29:35.556994Z"}
{"@file":"src/psp/format_2025/operations.rs","@level":"debug","@line":60,"@message":"✅ Operations unpacked: count=8 operations=[43, 159, 251, 15, 133, 4, 164, 28]","@module":"flavor::psp::format_2025::operations","@pid":13811,"@timestamp":"2026-03-31T20:29:35.557032Z"}
test psp::format_2025::trust::tests::test_load_keys_from_dir_bad_pub_file_skipped ... ok{"@file":"src/psp/format_2025/index.rs","@level":"debug","@line":182,"@message":"Parsed metadata_size: 79 bytes","@module":"flavor::psp::format_2025::index","@pid":13811,"@timestamp":"2026-03-31T20:29:35.557151Z"}

{"@file":"src/psp/format_2025/operations.rs","@level":"debug","@line":37,"@message":"✅ Operations packed: result=2063779498787839787","@module":"flavor::psp::format_2025::operations","@pid":13811,"@timestamp":"2026-03-31T20:29:35.557166Z"}
test psp::format_2025::launcher::filesystem::tests::fix_shebangs_rewrites_matching_scripts_only ... {"@file":"src/psp/format_2025/reader.rs","@level":"debug","@line":106,"@message":"  metadata_size: 129 bytes","@module":"flavor::psp::format_2025::reader","@pid":13811,"@timestamp":"2026-03-31T20:29:35.556956Z"}
ok{"@file":"src/psp/format_2025/operations.rs","@level":"debug","@line":60,"@message":"✅ Operations unpacked: count=8 operations=[43, 159, 251, 15, 133, 4, 164, 28]","@module":"flavor::psp::format_2025::operations","@pid":13811,"@timestamp":"2026-03-31T20:29:35.557201Z"}

{"@file":"src/psp/format_2025/reader.rs","@level":"debug","@line":107,"@message":"  slot_table_offset: 0x0000000000000000","@module":"flavor::psp::format_2025::reader","@pid":13811,"@timestamp":"2026-03-31T20:29:35.557220Z"}
{"@file":"src/psp/format_2025/reader.rs","@level":"debug","@line":274,"@message":"Trailer size: 8200, file size: 8279 bytes","@module":"flavor::psp::format_2025::reader","@pid":13811,"@timestamp":"2026-03-31T20:29:35.556977Z"}
{"@file":"src/psp/format_2025/reader.rs","@level":"debug","@line":108,"@message":"  slot_count: 0","@module":"flavor::psp::format_2025::reader","@pid":13811,"@timestamp":"2026-03-31T20:29:35.557252Z"}
{"@file":"src/psp/format_2025/operations.rs","@level":"debug","@line":37,"@message":"✅ Operations packed: result=0","@module":"flavor::psp::format_2025::operations","@pid":13811,"@timestamp":"2026-03-31T20:29:35.557121Z"}
{"@file":"src/psp/format_2025/operations.rs","@level":"debug","@line":60,"@message":"✅ Operations unpacked: count=8 operations=[10, 66, 100, 136, 134, 104, 243, 103]","@module":"flavor::psp::format_2025::operations","@pid":13811,"@timestamp":"2026-03-31T20:29:35.557267Z"}
{"@file":"src/psp/format_2025/reader.rs","@level":"debug","@line":117,"@message":"Index loaded in 1.158125ms","@module":"flavor::psp::format_2025::reader","@pid":13811,"@timestamp":"2026-03-31T20:29:35.556943Z"}
{"@file":"src/psp/format_2025/operations.rs","@level":"debug","@line":37,"@message":"✅ Operations packed: result=7490445532270445066","@module":"flavor::psp::format_2025::operations","@pid":13811,"@timestamp":"2026-03-31T20:29:35.557299Z"}
{"@file":"src/psp/format_2025/reader.rs","@level":"debug","@line":99,"@message":"Parsed index values:","@module":"flavor::psp::format_2025::reader","@pid":13811,"@timestamp":"2026-03-31T20:29:35.557191Z"}
{"@file":"src/psp/format_2025/reader.rs","@level":"debug","@line":141,"@message":"📖 Reading metadata from offset 0x0, size 152 bytes","@module":"flavor::psp::format_2025::reader","@pid":13811,"@timestamp":"2026-03-31T20:29:35.557319Z"}
{"@file":"src/psp/format_2025/reader.rs","@level":"debug","@line":100,"@message":"  package_size: 8367","@module":"flavor::psp::format_2025::reader","@pid":13811,"@timestamp":"2026-03-31T20:29:35.557338Z"}
{"@file":"src/psp/format_2025/reader.rs","@level":"debug","@line":106,"@message":"  metadata_size: 79 bytes","@module":"flavor::psp::format_2025::reader","@pid":13811,"@timestamp":"2026-03-31T20:29:35.557108Z"}
{"@file":"src/psp/format_2025/reader.rs","@level":"debug","@line":101,"@message":"  launcher_size: 0","@module":"flavor::psp::format_2025::reader","@pid":13811,"@timestamp":"2026-03-31T20:29:35.557369Z"}
{"@file":"src/psp/format_2025/backends.rs","@level":"debug","@line":204,"@message":"📁 File backend opened /var/folders/sg/wy47gw996f78fznt898m8x540000gn/T/.tmpwnRucR (8329 bytes) in 190.75µs","@module":"flavor::psp::format_2025::backends","@pid":13811,"@timestamp":"2026-03-31T20:29:35.557040Z"}
{"@file":"src/psp/format_2025/reader.rs","@level":"debug","@line":102,"@message":"  metadata_offset: 0x0000000000000058 (88)","@module":"flavor::psp::format_2025::reader","@pid":13811,"@timestamp":"2026-03-31T20:29:35.557396Z"}
{"@file":"src/psp/format_2025/operations.rs","@level":"debug","@line":37,"@message":"✅ Operations packed: result=6367214","@module":"flavor::psp::format_2025::operations","@pid":13811,"@timestamp":"2026-03-31T20:29:35.557173Z"}
{"@file":"src/psp/format_2025/reader.rs","@level":"debug","@line":106,"@message":"  metadata_size: 79 bytes","@module":"flavor::psp::format_2025::reader","@pid":13811,"@timestamp":"2026-03-31T20:29:35.557422Z"}
{"@file":"src/psp/format_2025/operations.rs","@level":"debug","@line":60,"@message":"✅ Operations unpacked: count=8 operations=[10, 66, 100, 136, 134, 104, 243, 103]","@module":"flavor::psp::format_2025::operations","@pid":13811,"@timestamp":"2026-03-31T20:29:35.557327Z"}
{"@file":"src/psp/format_2025/reader.rs","@level":"debug","@line":107,"@message":"  slot_table_offset: 0x0000000000000018","@module":"flavor::psp::format_2025::reader","@pid":13811,"@timestamp":"2026-03-31T20:29:35.557448Z"}
{"@file":"src/psp/format_2025/reader.rs","@level":"debug","@line":117,"@message":"Index loaded in 1.297167ms","@module":"flavor::psp::format_2025::reader","@pid":13811,"@timestamp":"2026-03-31T20:29:35.557345Z"}
{"@file":"src/psp/format_2025/reader.rs","@level":"debug","@line":108,"@message":"  slot_count: 1","@module":"flavor::psp::format_2025::reader","@pid":13811,"@timestamp":"2026-03-31T20:29:35.557477Z"}
{"@file":"src/psp/format_2025/reader.rs","@level":"debug","@line":141,"@message":"📖 Reading metadata from offset 0x0, size 129 bytes","@module":"flavor::psp::format_2025::reader","@pid":13811,"@timestamp":"2026-03-31T20:29:35.557492Z"}
{"@file":"src/psp/format_2025/operations.rs","@level":"debug","@line":60,"@message":"✅ Operations unpacked: count=0 operations=[]","@module":"flavor::psp::format_2025::operations","@pid":13811,"@timestamp":"2026-03-31T20:29:35.557293Z"}
{"@file":"src/psp/format_2025/reader.rs","@level":"debug","@line":274,"@message":"Trailer size: 8200, file size: 8329 bytes","@module":"flavor::psp::format_2025::reader","@pid":13811,"@timestamp":"2026-03-31T20:29:35.557423Z"}
{"@file":"src/psp/format_2025/reader.rs","@level":"debug","@line":101,"@message":"  launcher_size: 0","@module":"flavor::psp::format_2025::reader","@pid":13811,"@timestamp":"2026-03-31T20:29:35.556843Z"}
{"@file":"src/psp/format_2025/index.rs","@level":"debug","@line":181,"@message":"Parsed metadata_offset: 0x0000000000000000 (0)","@module":"flavor::psp::format_2025::index","@pid":13811,"@timestamp":"2026-03-31T20:29:35.557553Z"}
{"@file":"src/psp/format_2025/reader.rs","@level":"debug","@line":102,"@message":"  metadata_offset: 0x0000000000000054 (84)","@module":"flavor::psp::format_2025::reader","@pid":13811,"@timestamp":"2026-03-31T20:29:35.557573Z"}
{"@file":"src/psp/format_2025/index.rs","@level":"debug","@line":182,"@message":"Parsed metadata_size: 129 bytes","@module":"flavor::psp::format_2025::index","@pid":13811,"@timestamp":"2026-03-31T20:29:35.557588Z"}
{"@file":"src/psp/format_2025/reader.rs","@level":"debug","@line":106,"@message":"  metadata_size: 79 bytes","@module":"flavor::psp::format_2025::reader","@pid":13811,"@timestamp":"2026-03-31T20:29:35.557609Z"}
{"@file":"src/psp/format_2025/reader.rs","@level":"debug","@line":99,"@message":"Parsed index values:","@module":"flavor::psp::format_2025::reader","@pid":13811,"@timestamp":"2026-03-31T20:29:35.557627Z"}
{"@file":"src/psp/format_2025/reader.rs","@level":"debug","@line":107,"@message":"  slot_table_offset: 0x0000000000000014","@module":"flavor::psp::format_2025::reader","@pid":13811,"@timestamp":"2026-03-31T20:29:35.557643Z"}
test psp::format_2025::launcher::filesystem::tests::copy_dir_all_recursively_copies_tree ... {"@file":"src/psp/format_2025/reader.rs","@level":"debug","@line":100,"@message":"  package_size: 8329","@module":"flavor::psp::format_2025::reader","@pid":13811,"@timestamp":"2026-03-31T20:29:35.557662Z"}
ok
{"@file":"src/psp/format_2025/operations.rs","@level":"debug","@line":37,"@message":"✅ Operations packed: result=127689838484266","@module":"flavor::psp::format_2025::operations","@pid":13811,"@timestamp":"2026-03-31T20:29:35.557472Z"}
{"@file":"src/psp/format_2025/reader.rs","@level":"debug","@line":101,"@message":"  launcher_size: 0","@module":"flavor::psp::format_2025::reader","@pid":13811,"@timestamp":"2026-03-31T20:29:35.557701Z"}
{"@file":"src/psp/format_2025/index.rs","@level":"debug","@line":181,"@message":"Parsed metadata_offset: 0x0000000000000000 (0)","@module":"flavor::psp::format_2025::index","@pid":13811,"@timestamp":"2026-03-31T20:29:35.557270Z"}
{"@file":"src/psp/format_2025/reader.rs","@level":"debug","@line":102,"@message":"  metadata_offset: 0x0000000000000000 (0)","@module":"flavor::psp::format_2025::reader","@pid":13811,"@timestamp":"2026-03-31T20:29:35.557732Z"}
{"@file":"src/psp/format_2025/reader.rs","@level":"debug","@line":233,"@message":"✅ Successfully parsed metadata for test v0.0.1","@module":"flavor::psp::format_2025::reader","@pid":13811,"@timestamp":"2026-03-31T20:29:35.557629Z"}
{"@file":"src/psp/format_2025/reader.rs","@level":"debug","@line":106,"@message":"  metadata_size: 129 bytes","@module":"flavor::psp::format_2025::reader","@pid":13811,"@timestamp":"2026-03-31T20:29:35.557760Z"}
{"@file":"src/psp/format_2025/reader.rs","@level":"debug","@line":233,"@message":"✅ Successfully parsed metadata for test v0.0.1","@module":"flavor::psp::format_2025::reader","@pid":13811,"@timestamp":"2026-03-31T20:29:35.557629Z"}
{"@file":"src/psp/format_2025/index.rs","@level":"debug","@line":181,"@message":"Parsed metadata_offset: 0x0000000000000000 (0)","@module":"flavor::psp::format_2025::index","@pid":13811,"@timestamp":"2026-03-31T20:29:35.557066Z"}
{"@file":"src/psp/format_2025/operations.rs","@level":"debug","@line":37,"@message":"✅ Operations packed: result=109","@module":"flavor::psp::format_2025::operations","@pid":13811,"@timestamp":"2026-03-31T20:29:35.557561Z"}
test psp::format_2025::execution::validation::tests::check_workenv_validity_requires_complete_marker_and_matching_checksum ... ok{"@file":"src/psp/format_2025/reader.rs","@level":"debug","@line":108,"@message":"  slot_count: 1","@module":"flavor::psp::format_2025::reader","@pid":13811,"@timestamp":"2026-03-31T20:29:35.557676Z"}

{"@file":"src/psp/format_2025/reader.rs","@level":"debug","@line":117,"@message":"Index loaded in 639.041µs","@module":"flavor::psp::format_2025::reader","@pid":13811,"@timestamp":"2026-03-31T20:29:35.557578Z"}
{"@file":"src/psp/format_2025/operations.rs","@level":"debug","@line":60,"@message":"✅ Operations unpacked: count=8 operations=[55, 45, 100, 74, 252, 105, 136, 139]","@module":"flavor::psp::format_2025::operations","@pid":13811,"@timestamp":"2026-03-31T20:29:35.557491Z"}
{"@file":"src/psp/format_2025/reader.rs","@level":"debug","@line":297,"@message":"📊 Reading 1 slot descriptors from offset 0x18","@module":"flavor::psp::format_2025::reader","@pid":13811,"@timestamp":"2026-03-31T20:29:35.557900Z"}
test psp::format_2025::verifier::tests::test_verify_attestation_policy_hash_mismatch ... {"@file":"src/psp/format_2025/operations.rs","@level":"debug","@line":37,"@message":"✅ Operations packed: result=10054402700405386551","@module":"flavor::psp::format_2025::operations","@pid":13811,"@timestamp":"2026-03-31T20:29:35.557914Z"}
ok
{"@file":"src/psp/format_2025/reader.rs","@level":"debug","@line":107,"@message":"  slot_table_offset: 0x0000000000000015","@module":"flavor::psp::format_2025::reader","@pid":13811,"@timestamp":"2026-03-31T20:29:35.557386Z"}
{"@file":"src/psp/format_2025/reader.rs","@level":"debug","@line":117,"@message":"Index loaded in 1.354708ms","@module":"flavor::psp::format_2025::reader","@pid":13811,"@timestamp":"2026-03-31T20:29:35.557941Z"}
test psp::format_2025::verifier::tests::test_verify_attestation_policy_hash_present_no_policy_fails ... {"@file":"src/psp/format_2025/reader.rs","@level":"debug","@line":108,"@message":"  slot_count: 1","@module":"flavor::psp::format_2025::reader","@pid":13811,"@timestamp":"2026-03-31T20:29:35.557962Z"}
ok{"@file":"src/psp/format_2025/reader.rs","@level":"debug","@line":297,"@message":"📊 Reading 1 slot descriptors from offset 0x14","@module":"flavor::psp::format_2025::reader","@pid":13811,"@timestamp":"2026-03-31T20:29:35.557981Z"}

{"@file":"src/psp/format_2025/index.rs","@level":"debug","@line":182,"@message":"Parsed metadata_size: 79 bytes","@module":"flavor::psp::format_2025::index","@pid":13811,"@timestamp":"2026-03-31T20:29:35.557748Z"}
{"@file":"src/psp/format_2025/operations.rs","@level":"debug","@line":37,"@message":"✅ Operations packed: result=0","@module":"flavor::psp::format_2025::operations","@pid":13811,"@timestamp":"2026-03-31T20:29:35.557749Z"}
{"@file":"src/psp/format_2025/reader.rs","@level":"debug","@line":99,"@message":"Parsed index values:","@module":"flavor::psp::format_2025::reader","@pid":13811,"@timestamp":"2026-03-31T20:29:35.558036Z"}
{"@file":"src/psp/format_2025/operations.rs","@level":"debug","@line":60,"@message":"✅ Operations unpacked: count=8 operations=[55, 45, 100, 74, 252, 105, 136, 139]","@module":"flavor::psp::format_2025::operations","@pid":13811,"@timestamp":"2026-03-31T20:29:35.557948Z"}
test psp::format_2025::verifier::tests::test_attestation_sbom_digest_absent_skipped ... ok{"@file":"src/psp/format_2025/index.rs","@level":"debug","@line":182,"@message":"Parsed metadata_size: 164 bytes","@module":"flavor::psp::format_2025::index","@pid":13811,"@timestamp":"2026-03-31T20:29:35.557825Z"}

{"@file":"src/psp/format_2025/operations.rs","@level":"debug","@line":60,"@message":"✅ Operations unpacked: count=1 operations=[109]","@module":"flavor::psp::format_2025::operations","@pid":13811,"@timestamp":"2026-03-31T20:29:35.557849Z"}
{"@file":"src/psp/format_2025/reader.rs","@level":"debug","@line":107,"@message":"  slot_table_offset: 0x0000000000000000","@module":"flavor::psp::format_2025::reader","@pid":13811,"@timestamp":"2026-03-31T20:29:35.557791Z"}
{"@file":"src/psp/format_2025/reader.rs","@level":"debug","@line":100,"@message":"  package_size: 8279","@module":"flavor::psp::format_2025::reader","@pid":13811,"@timestamp":"2026-03-31T20:29:35.558062Z"}
{"@file":"src/psp/format_2025/reader.rs","@level":"debug","@line":108,"@message":"  slot_count: 0","@module":"flavor::psp::format_2025::reader","@pid":13811,"@timestamp":"2026-03-31T20:29:35.558134Z"}
test psp::format_2025::verifier::tests::test_attestation_sbom_digest_match ... {"@file":"src/psp/format_2025/operations.rs","@level":"debug","@line":37,"@message":"✅ Operations packed: result=10051583","@module":"flavor::psp::format_2025::operations","@pid":13811,"@timestamp":"2026-03-31T20:29:35.558079Z"}
ok
{"@file":"src/psp/format_2025/reader.rs","@level":"debug","@line":99,"@message":"Parsed index values:","@module":"flavor::psp::format_2025::reader","@pid":13811,"@timestamp":"2026-03-31T20:29:35.558109Z"}
{"@file":"src/psp/format_2025/operations.rs","@level":"debug","@line":60,"@message":"✅ Operations unpacked: count=8 operations=[189, 203, 164, 120, 37, 236, 51, 133]","@module":"flavor::psp::format_2025::operations","@pid":13811,"@timestamp":"2026-03-31T20:29:35.558120Z"}
{"@file":"src/psp/format_2025/reader.rs","@level":"debug","@line":100,"@message":"  package_size: 8364","@module":"flavor::psp::format_2025::reader","@pid":13811,"@timestamp":"2026-03-31T20:29:35.558189Z"}
{"@file":"src/psp/format_2025/operations.rs","@level":"debug","@line":37,"@message":"✅ Operations packed: result=9598274876538670013","@module":"flavor::psp::format_2025::operations","@pid":13811,"@timestamp":"2026-03-31T20:29:35.558201Z"}
{"@file":"src/psp/format_2025/operations.rs","@level":"debug","@line":37,"@message":"✅ Operations packed: result=1002315302","@module":"flavor::psp::format_2025::operations","@pid":13811,"@timestamp":"2026-03-31T20:29:35.558151Z"}
{"@file":"src/psp/format_2025/operations.rs","@level":"debug","@line":60,"@message":"✅ Operations unpacked: count=8 operations=[189, 203, 164, 120, 37, 236, 51, 133]","@module":"flavor::psp::format_2025::operations","@pid":13811,"@timestamp":"2026-03-31T20:29:35.558225Z"}
{"@file":"src/psp/format_2025/operations.rs","@level":"debug","@line":37,"@message":"✅ Operations packed: result=90455587627375","@module":"flavor::psp::format_2025::operations","@pid":13811,"@timestamp":"2026-03-31T20:29:35.558207Z"}
{"@file":"src/psp/format_2025/reader.rs","@level":"debug","@line":101,"@message":"  launcher_size: 0","@module":"flavor::psp::format_2025::reader","@pid":13811,"@timestamp":"2026-03-31T20:29:35.558215Z"}
{"@file":"src/psp/format_2025/reader.rs","@level":"debug","@line":101,"@message":"  launcher_size: 0","@module":"flavor::psp::format_2025::reader","@pid":13811,"@timestamp":"2026-03-31T20:29:35.558152Z"}
{"@file":"src/psp/format_2025/operations.rs","@level":"debug","@line":37,"@message":"✅ Operations packed: result=13438915764769264424","@module":"flavor::psp::format_2025::operations","@pid":13811,"@timestamp":"2026-03-31T20:29:35.558296Z"}
{"@file":"src/psp/format_2025/reader.rs","@level":"debug","@line":102,"@message":"  metadata_offset: 0x0000000000000000 (0)","@module":"flavor::psp::format_2025::reader","@pid":13811,"@timestamp":"2026-03-31T20:29:35.558314Z"}
{"@file":"src/psp/format_2025/operations.rs","@level":"debug","@line":60,"@message":"✅ Operations unpacked: count=4 operations=[38, 30, 190, 59]","@module":"flavor::psp::format_2025::operations","@pid":13811,"@timestamp":"2026-03-31T20:29:35.558240Z"}
{"@file":"src/psp/format_2025/reader.rs","@level":"debug","@line":106,"@message":"  metadata_size: 79 bytes","@module":"flavor::psp::format_2025::reader","@pid":13811,"@timestamp":"2026-03-31T20:29:35.558343Z"}
{"@file":"src/psp/format_2025/reader.rs","@level":"debug","@line":102,"@message":"  metadata_offset: 0x0000000000000000 (0)","@module":"flavor::psp::format_2025::reader","@pid":13811,"@timestamp":"2026-03-31T20:29:35.558293Z"}
{"@file":"src/psp/format_2025/operations.rs","@level":"debug","@line":37,"@message":"✅ Operations packed: result=17","@module":"flavor::psp::format_2025::operations","@pid":13811,"@timestamp":"2026-03-31T20:29:35.558353Z"}
{"@file":"src/psp/format_2025/reader.rs","@level":"debug","@line":117,"@message":"Index loaded in 821.125µs","@module":"flavor::psp::format_2025::reader","@pid":13811,"@timestamp":"2026-03-31T20:29:35.558232Z"}
{"@file":"src/psp/format_2025/operations.rs","@level":"debug","@line":37,"@message":"✅ Operations packed: result=113572570","@module":"flavor::psp::format_2025::operations","@pid":13811,"@timestamp":"2026-03-31T20:29:35.558389Z"}
{"@file":"src/psp/format_2025/reader.rs","@level":"debug","@line":117,"@message":"Index loaded in 1.290416ms","@module":"flavor::psp::format_2025::reader","@pid":13811,"@timestamp":"2026-03-31T20:29:35.558065Z"}
{"@file":"src/psp/format_2025/operations.rs","@level":"debug","@line":60,"@message":"✅ Operations unpacked: count=4 operations=[218, 250, 196, 6]","@module":"flavor::psp::format_2025::operations","@pid":13811,"@timestamp":"2026-03-31T20:29:35.558424Z"}
{"@file":"src/psp/format_2025/reader.rs","@level":"debug","@line":106,"@message":"  metadata_size: 164 bytes","@module":"flavor::psp::format_2025::reader","@pid":13811,"@timestamp":"2026-03-31T20:29:35.558386Z"}
{"@file":"src/psp/format_2025/operations.rs","@level":"debug","@line":60,"@message":"✅ Operations unpacked: count=8 operations=[39, 77, 223, 205, 89, 190, 67, 11]","@module":"flavor::psp::format_2025::operations","@pid":13811,"@timestamp":"2026-03-31T20:29:35.558284Z"}
{"@file":"src/psp/format_2025/reader.rs","@level":"debug","@line":107,"@message":"  slot_table_offset: 0x0000000000000000","@module":"flavor::psp::format_2025::reader","@pid":13811,"@timestamp":"2026-03-31T20:29:35.558469Z"}
{"@file":"src/psp/format_2025/operations.rs","@level":"debug","@line":37,"@message":"✅ Operations packed: result=811701650772151591","@module":"flavor::psp::format_2025::operations","@pid":13811,"@timestamp":"2026-03-31T20:29:35.558484Z"}
{"@file":"src/psp/format_2025/reader.rs","@level":"debug","@line":108,"@message":"  slot_count: 0","@module":"flavor::psp::format_2025::reader","@pid":13811,"@timestamp":"2026-03-31T20:29:35.558498Z"}
{"@file":"src/psp/format_2025/reader.rs","@level":"debug","@line":297,"@message":"📊 Reading 1 slot descriptors from offset 0x15","@module":"flavor::psp::format_2025::reader","@pid":13811,"@timestamp":"2026-03-31T20:29:35.558445Z"}
{"@file":"src/psp/format_2025/reader.rs","@level":"debug","@line":107,"@message":"  slot_table_offset: 0x0000000000000000","@module":"flavor::psp::format_2025::reader","@pid":13811,"@timestamp":"2026-03-31T20:29:35.558369Z"}
{"@file":"src/psp/format_2025/operations.rs","@level":"debug","@line":37,"@message":"✅ Operations packed: result=80","@module":"flavor::psp::format_2025::operations","@pid":13811,"@timestamp":"2026-03-31T20:29:35.558489Z"}
{"@file":"src/psp/format_2025/operations.rs","@level":"debug","@line":60,"@message":"✅ Operations unpacked: count=8 operations=[39, 77, 223, 205, 89, 190, 67, 11]","@module":"flavor::psp::format_2025::operations","@pid":13811,"@timestamp":"2026-03-31T20:29:35.558515Z"}
{"@file":"src/psp/format_2025/operations.rs","@level":"debug","@line":60,"@message":"✅ Operations unpacked: count=1 operations=[80]","@module":"flavor::psp::format_2025::operations","@pid":13811,"@timestamp":"2026-03-31T20:29:35.558580Z"}
test psp::format_2025::verifier::tests::test_verify_attestation_policy_hash_zero_field_skip ... {"@file":"src/psp/format_2025/operations.rs","@level":"debug","@line":37,"@message":"✅ Operations packed: result=45674","@module":"flavor::psp::format_2025::operations","@pid":13811,"@timestamp":"2026-03-31T20:29:35.558423Z"}
ok
{"@file":"src/psp/format_2025/reader.rs","@level":"debug","@line":108,"@message":"  slot_count: 0","@module":"flavor::psp::format_2025::reader","@pid":13811,"@timestamp":"2026-03-31T20:29:35.558557Z"}
{"@file":"src/psp/format_2025/operations.rs","@level":"debug","@line":60,"@message":"✅ Operations unpacked: count=8 operations=[101, 22, 220, 130, 110, 197, 244, 22]","@module":"flavor::psp::format_2025::operations","@pid":13811,"@timestamp":"2026-03-31T20:29:35.558628Z"}
{"@file":"src/psp/format_2025/operations.rs","@level":"debug","@line":37,"@message":"✅ Operations packed: result=5026","@module":"flavor::psp::format_2025::operations","@pid":13811,"@timestamp":"2026-03-31T20:29:35.558643Z"}
{"@file":"src/psp/format_2025/operations.rs","@level":"debug","@line":37,"@message":"✅ Operations packed: result=151","@module":"flavor::psp::format_2025::operations","@pid":13811,"@timestamp":"2026-03-31T20:29:35.558656Z"}
{"@file":"src/psp/format_2025/operations.rs","@level":"debug","@line":60,"@message":"✅ Operations unpacked: count=2 operations=[162, 19]","@module":"flavor::psp::format_2025::operations","@pid":13811,"@timestamp":"2026-03-31T20:29:35.558677Z"}
test psp::format_2025::verifier::tests::test_attestation_sbom_digest_mismatch ... ok{"@file":"src/psp/format_2025/operations.rs","@level":"debug","@line":37,"@message":"✅ Operations packed: result=1654164041584350821","@module":"flavor::psp::format_2025::operations","@pid":13811,"@timestamp":"2026-03-31T20:29:35.558661Z"}

{"@file":"src/psp/format_2025/reader.rs","@level":"debug","@line":117,"@message":"Index loaded in 1.74475ms","@module":"flavor::psp::format_2025::reader","@pid":13811,"@timestamp":"2026-03-31T20:29:35.558711Z"}
{"@file":"src/psp/format_2025/reader.rs","@level":"debug","@line":117,"@message":"Index loaded in 1.586792ms","@module":"flavor::psp::format_2025::reader","@pid":13811,"@timestamp":"2026-03-31T20:29:35.558612Z"}
{"@file":"src/psp/format_2025/operations.rs","@level":"debug","@line":37,"@message":"✅ Operations packed: result=119712253636","@module":"flavor::psp::format_2025::operations","@pid":13811,"@timestamp":"2026-03-31T20:29:35.558733Z"}
{"@file":"src/psp/format_2025/operations.rs","@level":"debug","@line":60,"@message":"✅ Operations unpacked: count=8 operations=[101, 22, 220, 130, 110, 197, 244, 22]","@module":"flavor::psp::format_2025::operations","@pid":13811,"@timestamp":"2026-03-31T20:29:35.558731Z"}
{"@file":"src/psp/format_2025/reader.rs","@level":"debug","@line":297,"@message":"📊 Reading 0 slot descriptors from offset 0x0","@module":"flavor::psp::format_2025::reader","@pid":13811,"@timestamp":"2026-03-31T20:29:35.558742Z"}
{"@file":"src/psp/format_2025/operations.rs","@level":"debug","@line":37,"@message":"✅ Operations packed: result=47300715841000937","@module":"flavor::psp::format_2025::operations","@pid":13811,"@timestamp":"2026-03-31T20:29:35.558742Z"}
{"@file":"src/psp/format_2025/reader.rs","@level":"debug","@line":141,"@message":"📖 Reading metadata from offset 0x0, size 164 bytes","@module":"flavor::psp::format_2025::reader","@pid":13811,"@timestamp":"2026-03-31T20:29:35.558758Z"}
{"@file":"src/psp/format_2025/operations.rs","@level":"debug","@line":60,"@message":"✅ Operations unpacked: count=8 operations=[145, 179, 57, 124, 63, 78, 228, 249]","@module":"flavor::psp::format_2025::operations","@pid":13811,"@timestamp":"2026-03-31T20:29:35.558819Z"}
{"@file":"src/psp/format_2025/operations.rs","@level":"debug","@line":37,"@message":"✅ Operations packed: result=41440444600553155","@module":"flavor::psp::format_2025::operations","@pid":13811,"@timestamp":"2026-03-31T20:29:35.558813Z"}
{"@file":"src/psp/format_2025/operations.rs","@level":"debug","@line":60,"@message":"✅ Operations unpacked: count=7 operations=[233, 21, 83, 29, 192, 11, 168]","@module":"flavor::psp::format_2025::operations","@pid":13811,"@timestamp":"2026-03-31T20:29:35.558822Z"}
{"@file":"src/psp/format_2025/operations.rs","@level":"debug","@line":37,"@message":"✅ Operations packed: result=18006603244708148113","@module":"flavor::psp::format_2025::operations","@pid":13811,"@timestamp":"2026-03-31T20:29:35.558842Z"}
{"@file":"src/psp/format_2025/operations.rs","@level":"debug","@line":60,"@message":"✅ Operations unpacked: count=8 operations=[145, 179, 57, 124, 63, 78, 228, 249]","@module":"flavor::psp::format_2025::operations","@pid":13811,"@timestamp":"2026-03-31T20:29:35.558880Z"}
{"@file":"src/psp/format_2025/operations.rs","@level":"debug","@line":37,"@message":"✅ Operations packed: result=2043215899100642072","@module":"flavor::psp::format_2025::operations","@pid":13811,"@timestamp":"2026-03-31T20:29:35.558882Z"}
{"@file":"src/psp/format_2025/operations.rs","@level":"debug","@line":37,"@message":"✅ Operations packed: result=181","@module":"flavor::psp::format_2025::operations","@pid":13811,"@timestamp":"2026-03-31T20:29:35.558904Z"}
{"@file":"src/psp/format_2025/reader.rs","@level":"debug","@line":233,"@message":"✅ Successfully parsed metadata for test v0.0.1","@module":"flavor::psp::format_2025::reader","@pid":13811,"@timestamp":"2026-03-31T20:29:35.558909Z"}
test psp::format_2025::verifier::tests::test_attestation_sbom_digest_present_no_slot ... {"@file":"src/psp/format_2025/operations.rs","@level":"debug","@line":60,"@message":"✅ Operations unpacked: count=1 operations=[181]","@module":"flavor::psp::format_2025::operations","@pid":13811,"@timestamp":"2026-03-31T20:29:35.558988Z"}
ok{"@file":"src/psp/format_2025/operations.rs","@level":"debug","@line":60,"@message":"✅ Operations unpacked: count=8 operations=[105, 206, 90, 253, 133, 15, 100, 139]","@module":"flavor::psp::format_2025::operations","@pid":13811,"@timestamp":"2026-03-31T20:29:35.558995Z"}

{"@file":"src/psp/format_2025/operations.rs","@level":"debug","@line":37,"@message":"✅ Operations packed: result=1027840705","@module":"flavor::psp::format_2025::operations","@pid":13811,"@timestamp":"2026-03-31T20:29:35.559007Z"}
{"@file":"src/psp/format_2025/operations.rs","@level":"debug","@line":37,"@message":"✅ Operations packed: result=10044170137098702441","@module":"flavor::psp::format_2025::operations","@pid":13811,"@timestamp":"2026-03-31T20:29:35.559033Z"}
{"@file":"src/psp/format_2025/operations.rs","@level":"debug","@line":37,"@message":"✅ Operations packed: result=16727032082996701823","@module":"flavor::psp::format_2025::operations","@pid":13811,"@timestamp":"2026-03-31T20:29:35.559046Z"}
{"@file":"src/psp/format_2025/operations.rs","@level":"debug","@line":60,"@message":"✅ Operations unpacked: count=8 operations=[105, 206, 90, 253, 133, 15, 100, 139]","@module":"flavor::psp::format_2025::operations","@pid":13811,"@timestamp":"2026-03-31T20:29:35.559063Z"}
{"@file":"src/psp/format_2025/operations.rs","@level":"debug","@line":60,"@message":"✅ Operations unpacked: count=8 operations=[127, 170, 148, 77, 14, 91, 34, 232]","@module":"flavor::psp::format_2025::operations","@pid":13811,"@timestamp":"2026-03-31T20:29:35.559073Z"}
{"@file":"src/psp/format_2025/operations.rs","@level":"debug","@line":37,"@message":"✅ Operations packed: result=94245067970483","@module":"flavor::psp::format_2025::operations","@pid":13811,"@timestamp":"2026-03-31T20:29:35.559087Z"}
test psp::format_2025::verifier::tests::test_verify_attestation_policy_hash_match ... {"@file":"src/psp/format_2025/operations.rs","@level":"debug","@line":60,"@message":"✅ Operations unpacked: count=8 operations=[252, 87, 14, 160, 161, 237, 3, 191]","@module":"flavor::psp::format_2025::operations","@pid":13811,"@timestamp":"2026-03-31T20:29:35.559118Z"}
ok
{"@file":"src/psp/format_2025/operations.rs","@level":"debug","@line":37,"@message":"✅ Operations packed: result=173","@module":"flavor::psp::format_2025::operations","@pid":13811,"@timestamp":"2026-03-31T20:29:35.559129Z"}
{"@file":"src/psp/format_2025/operations.rs","@level":"debug","@line":37,"@message":"✅ Operations packed: result=51556636323005511","@module":"flavor::psp::format_2025::operations","@pid":13811,"@timestamp":"2026-03-31T20:29:35.559148Z"}
{"@file":"src/psp/format_2025/operations.rs","@level":"debug","@line":37,"@message":"✅ Operations packed: result=13764106164605179900","@module":"flavor::psp::format_2025::operations","@pid":13811,"@timestamp":"2026-03-31T20:29:35.559156Z"}
{"@file":"src/psp/format_2025/operations.rs","@level":"debug","@line":60,"@message":"✅ Operations unpacked: count=1 operations=[173]","@module":"flavor::psp::format_2025::operations","@pid":13811,"@timestamp":"2026-03-31T20:29:35.559168Z"}
{"@file":"src/psp/format_2025/operations.rs","@level":"debug","@line":60,"@message":"✅ Operations unpacked: count=8 operations=[252, 87, 14, 160, 161, 237, 3, 191]","@module":"flavor::psp::format_2025::operations","@pid":13811,"@timestamp":"2026-03-31T20:29:35.559193Z"}
{"@file":"src/psp/format_2025/operations.rs","@level":"debug","@line":37,"@message":"✅ Operations packed: result=0","@module":"flavor::psp::format_2025::operations","@pid":13811,"@timestamp":"2026-03-31T20:29:35.559205Z"}
{"@file":"src/psp/format_2025/operations.rs","@level":"debug","@line":37,"@message":"✅ Operations packed: result=1567841544","@module":"flavor::psp::format_2025::operations","@pid":13811,"@timestamp":"2026-03-31T20:29:35.559235Z"}
{"@file":"src/psp/format_2025/operations.rs","@level":"debug","@line":60,"@message":"✅ Operations unpacked: count=8 operations=[223, 160, 216, 236, 124, 63, 52, 131]","@module":"flavor::psp::format_2025::operations","@pid":13811,"@timestamp":"2026-03-31T20:29:35.559247Z"}
{"@file":"src/psp/format_2025/operations.rs","@level":"debug","@line":37,"@message":"✅ Operations packed: result=55633037506794","@module":"flavor::psp::format_2025::operations","@pid":13811,"@timestamp":"2026-03-31T20:29:35.559256Z"}
{"@file":"src/psp/format_2025/operations.rs","@level":"debug","@line":60,"@message":"✅ Operations unpacked: count=4 operations=[8, 93, 115, 93]","@module":"flavor::psp::format_2025::operations","@pid":13811,"@timestamp":"2026-03-31T20:29:35.559263Z"}
{"@file":"src/psp/format_2025/operations.rs","@level":"debug","@line":37,"@message":"✅ Operations packed: result=9454251323539628255","@module":"flavor::psp::format_2025::operations","@pid":13811,"@timestamp":"2026-03-31T20:29:35.559277Z"}
{"@file":"src/psp/format_2025/operations.rs","@level":"debug","@line":60,"@message":"✅ Operations unpacked: count=8 operations=[223, 160, 216, 236, 124, 63, 52, 131]","@module":"flavor::psp::format_2025::operations","@pid":13811,"@timestamp":"2026-03-31T20:29:35.559318Z"}
{"@file":"src/psp/format_2025/operations.rs","@level":"debug","@line":37,"@message":"✅ Operations packed: result=105311568365801","@module":"flavor::psp::format_2025::operations","@pid":13811,"@timestamp":"2026-03-31T20:29:35.559318Z"}
{"@file":"src/psp/format_2025/operations.rs","@level":"debug","@line":37,"@message":"✅ Operations packed: result=248","@module":"flavor::psp::format_2025::operations","@pid":13811,"@timestamp":"2026-03-31T20:29:35.559334Z"}
{"@file":"src/psp/format_2025/operations.rs","@level":"debug","@line":60,"@message":"✅ Operations unpacked: count=1 operations=[248]","@module":"flavor::psp::format_2025::operations","@pid":13811,"@timestamp":"2026-03-31T20:29:35.559363Z"}
{"@file":"src/psp/format_2025/operations.rs","@level":"debug","@line":60,"@message":"✅ Operations unpacked: count=8 operations=[5, 84, 98, 37, 13, 124, 241, 62]","@module":"flavor::psp::format_2025::operations","@pid":13811,"@timestamp":"2026-03-31T20:29:35.559368Z"}
{"@file":"src/psp/format_2025/operations.rs","@level":"debug","@line":37,"@message":"✅ Operations packed: result=0","@module":"flavor::psp::format_2025::operations","@pid":13811,"@timestamp":"2026-03-31T20:29:35.559375Z"}
{"@file":"src/psp/format_2025/operations.rs","@level":"debug","@line":37,"@message":"✅ Operations packed: result=4535542695642420229","@module":"flavor::psp::format_2025::operations","@pid":13811,"@timestamp":"2026-03-31T20:29:35.559399Z"}
{"@file":"src/psp/format_2025/operations.rs","@level":"debug","@line":37,"@message":"✅ Operations packed: result=5380503","@module":"flavor::psp::format_2025::operations","@pid":13811,"@timestamp":"2026-03-31T20:29:35.559415Z"}
{"@file":"src/psp/format_2025/operations.rs","@level":"debug","@line":60,"@message":"✅ Operations unpacked: count=8 operations=[5, 84, 98, 37, 13, 124, 241, 62]","@module":"flavor::psp::format_2025::operations","@pid":13811,"@timestamp":"2026-03-31T20:29:35.559423Z"}
{"@file":"src/psp/format_2025/operations.rs","@level":"debug","@line":37,"@message":"✅ Operations packed: result=11907098326624932","@module":"flavor::psp::format_2025::operations","@pid":13811,"@timestamp":"2026-03-31T20:29:35.559445Z"}
{"@file":"src/psp/format_2025/operations.rs","@level":"debug","@line":60,"@message":"✅ Operations unpacked: count=3 operations=[151, 25, 82]","@module":"flavor::psp::format_2025::operations","@pid":13811,"@timestamp":"2026-03-31T20:29:35.559447Z"}
{"@file":"src/psp/format_2025/operations.rs","@level":"debug","@line":60,"@message":"✅ Operations unpacked: count=8 operations=[123, 171, 113, 15, 18, 219, 238, 215]","@module":"flavor::psp::format_2025::operations","@pid":13811,"@timestamp":"2026-03-31T20:29:35.559487Z"}
{"@file":"src/psp/format_2025/operations.rs","@level":"debug","@line":37,"@message":"✅ Operations packed: result=108356439109003","@module":"flavor::psp::format_2025::operations","@pid":13811,"@timestamp":"2026-03-31T20:29:35.559503Z"}
{"@file":"src/psp/format_2025/operations.rs","@level":"debug","@line":37,"@message":"✅ Operations packed: result=9623941","@module":"flavor::psp::format_2025::operations","@pid":13811,"@timestamp":"2026-03-31T20:29:35.559517Z"}
{"@file":"src/psp/format_2025/operations.rs","@level":"debug","@line":37,"@message":"✅ Operations packed: result=15559614633226644347","@module":"flavor::psp::format_2025::operations","@pid":13811,"@timestamp":"2026-03-31T20:29:35.559510Z"}
{"@file":"src/psp/format_2025/operations.rs","@level":"debug","@line":60,"@message":"✅ Operations unpacked: count=3 operations=[133, 217, 146]","@module":"flavor::psp::format_2025::operations","@pid":13811,"@timestamp":"2026-03-31T20:29:35.559543Z"}
{"@file":"src/psp/format_2025/operations.rs","@level":"debug","@line":60,"@message":"✅ Operations unpacked: count=8 operations=[123, 171, 113, 15, 18, 219, 238, 215]","@module":"flavor::psp::format_2025::operations","@pid":13811,"@timestamp":"2026-03-31T20:29:35.559550Z"}
{"@file":"src/psp/format_2025/operations.rs","@level":"debug","@line":37,"@message":"✅ Operations packed: result=236","@module":"flavor::psp::format_2025::operations","@pid":13811,"@timestamp":"2026-03-31T20:29:35.559563Z"}
{"@file":"src/psp/format_2025/operations.rs","@level":"debug","@line":37,"@message":"✅ Operations packed: result=0","@module":"flavor::psp::format_2025::operations","@pid":13811,"@timestamp":"2026-03-31T20:29:35.559595Z"}
{"@file":"src/psp/format_2025/operations.rs","@level":"debug","@line":60,"@message":"✅ Operations unpacked: count=8 operations=[79, 180, 181, 160, 177, 208, 71, 159]","@module":"flavor::psp::format_2025::operations","@pid":13811,"@timestamp":"2026-03-31T20:29:35.559602Z"}
{"@file":"src/psp/format_2025/operations.rs","@level":"debug","@line":60,"@message":"✅ Operations unpacked: count=0 operations=[]","@module":"flavor::psp::format_2025::operations","@pid":13811,"@timestamp":"2026-03-31T20:29:35.559625Z"}
{"@file":"src/psp/format_2025/operations.rs","@level":"debug","@line":37,"@message":"✅ Operations packed: result=11477371636701049935","@module":"flavor::psp::format_2025::operations","@pid":13811,"@timestamp":"2026-03-31T20:29:35.559631Z"}
{"@file":"src/psp/format_2025/operations.rs","@level":"debug","@line":37,"@message":"✅ Operations packed: result=140","@module":"flavor::psp::format_2025::operations","@pid":13811,"@timestamp":"2026-03-31T20:29:35.559624Z"}
{"@file":"src/psp/format_2025/operations.rs","@level":"debug","@line":60,"@message":"✅ Operations unpacked: count=8 operations=[79, 180, 181, 160, 177, 208, 71, 159]","@module":"flavor::psp::format_2025::operations","@pid":13811,"@timestamp":"2026-03-31T20:29:35.559655Z"}
{"@file":"src/psp/format_2025/operations.rs","@level":"debug","@line":37,"@message":"✅ Operations packed: result=649089121848","@module":"flavor::psp::format_2025::operations","@pid":13811,"@timestamp":"2026-03-31T20:29:35.559681Z"}
{"@file":"src/psp/format_2025/operations.rs","@level":"debug","@line":37,"@message":"✅ Operations packed: result=208376172374383","@module":"flavor::psp::format_2025::operations","@pid":13811,"@timestamp":"2026-03-31T20:29:35.559695Z"}
{"@file":"src/psp/format_2025/operations.rs","@level":"debug","@line":60,"@message":"✅ Operations unpacked: count=5 operations=[56, 254, 185, 32, 151]","@module":"flavor::psp::format_2025::operations","@pid":13811,"@timestamp":"2026-03-31T20:29:35.559704Z"}
{"@file":"src/psp/format_2025/operations.rs","@level":"debug","@line":60,"@message":"✅ Operations unpacked: count=8 operations=[57, 180, 205, 249, 15, 26, 53, 152]","@module":"flavor::psp::format_2025::operations","@pid":13811,"@timestamp":"2026-03-31T20:29:35.559708Z"}
{"@file":"src/psp/format_2025/operations.rs","@level":"debug","@line":37,"@message":"✅ Operations packed: result=10967701123448550457","@module":"flavor::psp::format_2025::operations","@pid":13811,"@timestamp":"2026-03-31T20:29:35.559739Z"}
{"@file":"src/psp/format_2025/operations.rs","@level":"debug","@line":37,"@message":"✅ Operations packed: result=11779854890007923","@module":"flavor::psp::format_2025::operations","@pid":13811,"@timestamp":"2026-03-31T20:29:35.559751Z"}
{"@file":"src/psp/format_2025/operations.rs","@level":"debug","@line":60,"@message":"✅ Operations unpacked: count=8 operations=[57, 180, 205, 249, 15, 26, 53, 152]","@module":"flavor::psp::format_2025::operations","@pid":13811,"@timestamp":"2026-03-31T20:29:35.559761Z"}
{"@file":"src/psp/format_2025/operations.rs","@level":"debug","@line":37,"@message":"✅ Operations packed: result=84066441903507","@module":"flavor::psp::format_2025::operations","@pid":13811,"@timestamp":"2026-03-31T20:29:35.559762Z"}
{"@file":"src/psp/format_2025/operations.rs","@level":"debug","@line":60,"@message":"✅ Operations unpacked: count=6 operations=[147, 61, 104, 62, 117, 76]","@module":"flavor::psp::format_2025::operations","@pid":13811,"@timestamp":"2026-03-31T20:29:35.559797Z"}
{"@file":"src/psp/format_2025/operations.rs","@level":"debug","@line":37,"@message":"✅ Operations packed: result=2101230975","@module":"flavor::psp::format_2025::operations","@pid":13811,"@timestamp":"2026-03-31T20:29:35.559807Z"}
{"@file":"src/psp/format_2025/operations.rs","@level":"debug","@line":60,"@message":"✅ Operations unpacked: count=8 operations=[105, 141, 202, 144, 65, 156, 6, 184]","@module":"flavor::psp::format_2025::operations","@pid":13811,"@timestamp":"2026-03-31T20:29:35.559818Z"}
{"@file":"src/psp/format_2025/operations.rs","@level":"debug","@line":37,"@message":"✅ Operations packed: result=13260457958255005033","@module":"flavor::psp::format_2025::operations","@pid":13811,"@timestamp":"2026-03-31T20:29:35.559845Z"}
{"@file":"src/psp/format_2025/operations.rs","@level":"debug","@line":37,"@message":"✅ Operations packed: result=1647557240358217004","@module":"flavor::psp::format_2025::operations","@pid":13811,"@timestamp":"2026-03-31T20:29:35.559849Z"}
{"@file":"src/psp/format_2025/operations.rs","@level":"debug","@line":37,"@message":"✅ Operations packed: result=34408","@module":"flavor::psp::format_2025::operations","@pid":13811,"@timestamp":"2026-03-31T20:29:35.559862Z"}
{"@file":"src/psp/format_2025/operations.rs","@level":"debug","@line":60,"@message":"✅ Operations unpacked: count=8 operations=[105, 141, 202, 144, 65, 156, 6, 184]","@module":"flavor::psp::format_2025::operations","@pid":13811,"@timestamp":"2026-03-31T20:29:35.559872Z"}
{"@file":"src/psp/format_2025/operations.rs","@level":"debug","@line":60,"@message":"✅ Operations unpacked: count=8 operations=[44, 165, 172, 186, 148, 76, 221, 22]","@module":"flavor::psp::format_2025::operations","@pid":13811,"@timestamp":"2026-03-31T20:29:35.559900Z"}
{"@file":"src/psp/format_2025/operations.rs","@level":"debug","@line":37,"@message":"✅ Operations packed: result=1381655224","@module":"flavor::psp::format_2025::operations","@pid":13811,"@timestamp":"2026-03-31T20:29:35.559938Z"}
{"@file":"src/psp/format_2025/operations.rs","@level":"debug","@line":60,"@message":"✅ Operations unpacked: count=8 operations=[84, 190, 234, 104, 20, 63, 15, 150]","@module":"flavor::psp::format_2025::operations","@pid":13811,"@timestamp":"2026-03-31T20:29:35.559959Z"}
{"@file":"src/psp/format_2025/operations.rs","@level":"debug","@line":37,"@message":"✅ Operations packed: result=985784904652","@module":"flavor::psp::format_2025::operations","@pid":13811,"@timestamp":"2026-03-31T20:29:35.559978Z"}
{"@file":"src/psp/format_2025/operations.rs","@level":"debug","@line":37,"@message":"✅ Operations packed: result=10812930587231960660","@module":"flavor::psp::format_2025::operations","@pid":13811,"@timestamp":"2026-03-31T20:29:35.559992Z"}
{"@file":"src/psp/format_2025/operations.rs","@level":"debug","@line":37,"@message":"✅ Operations packed: result=969056307977","@module":"flavor::psp::format_2025::operations","@pid":13811,"@timestamp":"2026-03-31T20:29:35.560003Z"}
{"@file":"src/psp/format_2025/operations.rs","@level":"debug","@line":60,"@message":"✅ Operations unpacked: count=5 operations=[204, 235, 91, 133, 229]","@module":"flavor::psp::format_2025::operations","@pid":13811,"@timestamp":"2026-03-31T20:29:35.560016Z"}
{"@file":"src/psp/format_2025/operations.rs","@level":"debug","@line":60,"@message":"✅ Operations unpacked: count=8 operations=[84, 190, 234, 104, 20, 63, 15, 150]","@module":"flavor::psp::format_2025::operations","@pid":13811,"@timestamp":"2026-03-31T20:29:35.560035Z"}
{"@file":"src/psp/format_2025/operations.rs","@level":"debug","@line":37,"@message":"✅ Operations packed: result=62894571179254934","@module":"flavor::psp::format_2025::operations","@pid":13811,"@timestamp":"2026-03-31T20:29:35.560081Z"}
{"@file":"src/psp/format_2025/operations.rs","@level":"debug","@line":60,"@message":"✅ Operations unpacked: count=8 operations=[188, 108, 225, 144, 217, 4, 92, 95]","@module":"flavor::psp::format_2025::operations","@pid":13811,"@timestamp":"2026-03-31T20:29:35.560127Z"}
{"@file":"src/psp/format_2025/operations.rs","@level":"debug","@line":37,"@message":"✅ Operations packed: result=1950654","@module":"flavor::psp::format_2025::operations","@pid":13811,"@timestamp":"2026-03-31T20:29:35.560137Z"}
{"@file":"src/psp/format_2025/operations.rs","@level":"debug","@line":37,"@message":"✅ Operations packed: result=0","@module":"flavor::psp::format_2025::operations","@pid":13811,"@timestamp":"2026-03-31T20:29:35.560120Z"}
{"@file":"src/psp/format_2025/operations.rs","@level":"debug","@line":37,"@message":"✅ Operations packed: result=6871372463945641148","@module":"flavor::psp::format_2025::operations","@pid":13811,"@timestamp":"2026-03-31T20:29:35.560159Z"}
{"@file":"src/psp/format_2025/operations.rs","@level":"debug","@line":60,"@message":"✅ Operations unpacked: count=0 operations=[]","@module":"flavor::psp::format_2025::operations","@pid":13811,"@timestamp":"2026-03-31T20:29:35.560198Z"}
{"@file":"src/psp/format_2025/operations.rs","@level":"debug","@line":60,"@message":"✅ Operations unpacked: count=8 operations=[188, 108, 225, 144, 217, 4, 92, 95]","@module":"flavor::psp::format_2025::operations","@pid":13811,"@timestamp":"2026-03-31T20:29:35.560222Z"}
{"@file":"src/psp/format_2025/operations.rs","@level":"debug","@line":37,"@message":"✅ Operations packed: result=20811073316956010","@module":"flavor::psp::format_2025::operations","@pid":13811,"@timestamp":"2026-03-31T20:29:35.560236Z"}
{"@file":"src/psp/format_2025/operations.rs","@level":"debug","@line":37,"@message":"✅ Operations packed: result=767743451028","@module":"flavor::psp::format_2025::operations","@pid":13811,"@timestamp":"2026-03-31T20:29:35.560271Z"}
{"@file":"src/psp/format_2025/operations.rs","@level":"debug","@line":60,"@message":"✅ Operations unpacked: count=8 operations=[93, 215, 66, 42, 65, 121, 9, 81]","@module":"flavor::psp::format_2025::operations","@pid":13811,"@timestamp":"2026-03-31T20:29:35.560287Z"}
{"@file":"src/psp/format_2025/operations.rs","@level":"debug","@line":60,"@message":"✅ Operations unpacked: count=5 operations=[148, 95, 19, 193, 178]","@module":"flavor::psp::format_2025::operations","@pid":13811,"@timestamp":"2026-03-31T20:29:35.560304Z"}
{"@file":"src/psp/format_2025/operations.rs","@level":"debug","@line":37,"@message":"✅ Operations packed: result=3981217153","@module":"flavor::psp::format_2025::operations","@pid":13811,"@timestamp":"2026-03-31T20:29:35.560311Z"}
{"@file":"src/psp/format_2025/operations.rs","@level":"debug","@line":37,"@message":"✅ Operations packed: result=5839331712651417437","@module":"flavor::psp::format_2025::operations","@pid":13811,"@timestamp":"2026-03-31T20:29:35.560318Z"}
{"@file":"src/psp/format_2025/operations.rs","@level":"debug","@line":37,"@message":"✅ Operations packed: result=6368664620554477055","@module":"flavor::psp::format_2025::operations","@pid":13811,"@timestamp":"2026-03-31T20:29:35.560366Z"}
{"@file":"src/psp/format_2025/operations.rs","@level":"debug","@line":37,"@message":"✅ Operations packed: result=0","@module":"flavor::psp::format_2025::operations","@pid":13811,"@timestamp":"2026-03-31T20:29:35.560382Z"}
{"@file":"src/psp/format_2025/operations.rs","@level":"debug","@line":60,"@message":"✅ Operations unpacked: count=8 operations=[255, 93, 191, 209, 186, 10, 98, 88]","@module":"flavor::psp::format_2025::operations","@pid":13811,"@timestamp":"2026-03-31T20:29:35.560397Z"}
{"@file":"src/psp/format_2025/operations.rs","@level":"debug","@line":60,"@message":"✅ Operations unpacked: count=8 operations=[93, 215, 66, 42, 65, 121, 9, 81]","@module":"flavor::psp::format_2025::operations","@pid":13811,"@timestamp":"2026-03-31T20:29:35.560384Z"}
{"@file":"src/psp/format_2025/operations.rs","@level":"debug","@line":37,"@message":"✅ Operations packed: result=41228","@module":"flavor::psp::format_2025::operations","@pid":13811,"@timestamp":"2026-03-31T20:29:35.560458Z"}
{"@file":"src/psp/format_2025/operations.rs","@level":"debug","@line":60,"@message":"✅ Operations unpacked: count=8 operations=[39, 32, 114, 233, 201, 160, 206, 170]","@module":"flavor::psp::format_2025::operations","@pid":13811,"@timestamp":"2026-03-31T20:29:35.560472Z"}
{"@file":"src/psp/format_2025/operations.rs","@level":"debug","@line":37,"@message":"✅ Operations packed: result=46561343432881371","@module":"flavor::psp::format_2025::operations","@pid":13811,"@timestamp":"2026-03-31T20:29:35.560458Z"}
{"@file":"src/psp/format_2025/operations.rs","@level":"debug","@line":37,"@message":"✅ Operations packed: result=11510176","@module":"flavor::psp::format_2025::operations","@pid":13811,"@timestamp":"2026-03-31T20:29:35.560516Z"}
{"@file":"src/psp/format_2025/operations.rs","@level":"debug","@line":60,"@message":"✅ Operations unpacked: count=7 operations=[219, 244, 148, 143, 75, 107, 165]","@module":"flavor::psp::format_2025::operations","@pid":13811,"@timestamp":"2026-03-31T20:29:35.560532Z"}
{"@file":"src/psp/format_2025/operations.rs","@level":"debug","@line":37,"@message":"✅ Operations packed: result=12307951620715585575","@module":"flavor::psp::format_2025::operations","@pid":13811,"@timestamp":"2026-03-31T20:29:35.560508Z"}
{"@file":"src/psp/format_2025/operations.rs","@level":"debug","@line":37,"@message":"✅ Operations packed: result=38178410071973862","@module":"flavor::psp::format_2025::operations","@pid":13811,"@timestamp":"2026-03-31T20:29:35.560577Z"}
{"@file":"src/psp/format_2025/operations.rs","@level":"debug","@line":60,"@message":"✅ Operations unpacked: count=8 operations=[39, 32, 114, 233, 201, 160, 206, 170]","@module":"flavor::psp::format_2025::operations","@pid":13811,"@timestamp":"2026-03-31T20:29:35.560585Z"}
{"@file":"src/psp/format_2025/operations.rs","@level":"debug","@line":37,"@message":"✅ Operations packed: result=934524855185","@module":"flavor::psp::format_2025::operations","@pid":13811,"@timestamp":"2026-03-31T20:29:35.560600Z"}
{"@file":"src/psp/format_2025/operations.rs","@level":"debug","@line":60,"@message":"✅ Operations unpacked: count=5 operations=[145, 163, 5, 150, 217]","@module":"flavor::psp::format_2025::operations","@pid":13811,"@timestamp":"2026-03-31T20:29:35.560634Z"}
{"@file":"src/psp/format_2025/operations.rs","@level":"debug","@line":37,"@message":"✅ Operations packed: result=10062753","@module":"flavor::psp::format_2025::operations","@pid":13811,"@timestamp":"2026-03-31T20:29:35.560641Z"}
{"@file":"src/psp/format_2025/operations.rs","@level":"debug","@line":60,"@message":"✅ Operations unpacked: count=8 operations=[250, 40, 43, 215, 176, 33, 143, 255]","@module":"flavor::psp::format_2025::operations","@pid":13811,"@timestamp":"2026-03-31T20:29:35.560659Z"}
{"@file":"src/psp/format_2025/operations.rs","@level":"debug","@line":37,"@message":"✅ Operations packed: result=18414974444749138170","@module":"flavor::psp::format_2025::operations","@pid":13811,"@timestamp":"2026-03-31T20:29:35.560688Z"}
{"@file":"src/psp/format_2025/operations.rs","@level":"debug","@line":37,"@message":"✅ Operations packed: result=8944966","@module":"flavor::psp::format_2025::operations","@pid":13811,"@timestamp":"2026-03-31T20:29:35.560687Z"}
{"@file":"src/psp/format_2025/operations.rs","@level":"debug","@line":60,"@message":"✅ Operations unpacked: count=8 operations=[250, 40, 43, 215, 176, 33, 143, 255]","@module":"flavor::psp::format_2025::operations","@pid":13811,"@timestamp":"2026-03-31T20:29:35.560711Z"}
{"@file":"src/psp/format_2025/operations.rs","@level":"debug","@line":37,"@message":"✅ Operations packed: result=4910155512259506039","@module":"flavor::psp::format_2025::operations","@pid":13811,"@timestamp":"2026-03-31T20:29:35.560700Z"}
{"@file":"src/psp/format_2025/operations.rs","@level":"debug","@line":60,"@message":"✅ Operations unpacked: count=3 operations=[70, 125, 136]","@module":"flavor::psp::format_2025::operations","@pid":13811,"@timestamp":"2026-03-31T20:29:35.560725Z"}
{"@file":"src/psp/format_2025/operations.rs","@level":"debug","@line":60,"@message":"✅ Operations unpacked: count=8 operations=[64, 32, 81, 19, 121, 39, 51, 31]","@module":"flavor::psp::format_2025::operations","@pid":13811,"@timestamp":"2026-03-31T20:29:35.560760Z"}
{"@file":"src/psp/format_2025/operations.rs","@level":"debug","@line":37,"@message":"✅ Operations packed: result=97","@module":"flavor::psp::format_2025::operations","@pid":13811,"@timestamp":"2026-03-31T20:29:35.560770Z"}
{"@file":"src/psp/format_2025/operations.rs","@level":"debug","@line":37,"@message":"✅ Operations packed: result=51","@module":"flavor::psp::format_2025::operations","@pid":13811,"@timestamp":"2026-03-31T20:29:35.560771Z"}
{"@file":"src/psp/format_2025/operations.rs","@level":"debug","@line":37,"@message":"✅ Operations packed: result=2248184039956619328","@module":"flavor::psp::format_2025::operations","@pid":13811,"@timestamp":"2026-03-31T20:29:35.560780Z"}
{"@file":"src/psp/format_2025/operations.rs","@level":"debug","@line":60,"@message":"✅ Operations unpacked: count=1 operations=[51]","@module":"flavor::psp::format_2025::operations","@pid":13811,"@timestamp":"2026-03-31T20:29:35.560801Z"}
{"@file":"src/psp/format_2025/operations.rs","@level":"debug","@line":60,"@message":"✅ Operations unpacked: count=8 operations=[64, 32, 81, 19, 121, 39, 51, 31]","@module":"flavor::psp::format_2025::operations","@pid":13811,"@timestamp":"2026-03-31T20:29:35.560823Z"}
{"@file":"src/psp/format_2025/operations.rs","@level":"debug","@line":37,"@message":"✅ Operations packed: result=1254533664","@module":"flavor::psp::format_2025::operations","@pid":13811,"@timestamp":"2026-03-31T20:29:35.560827Z"}
{"@file":"src/psp/format_2025/operations.rs","@level":"debug","@line":37,"@message":"✅ Operations packed: result=172705163127083","@module":"flavor::psp::format_2025::operations","@pid":13811,"@timestamp":"2026-03-31T20:29:35.560882Z"}
{"@file":"src/psp/format_2025/operations.rs","@level":"debug","@line":60,"@message":"✅ Operations unpacked: count=8 operations=[9, 189, 188, 21, 101, 26, 187, 35]","@module":"flavor::psp::format_2025::operations","@pid":13811,"@timestamp":"2026-03-31T20:29:35.560891Z"}
{"@file":"src/psp/format_2025/operations.rs","@level":"debug","@line":60,"@message":"✅ Operations unpacked: count=6 operations=[43, 41, 230, 13, 19, 157]","@module":"flavor::psp::format_2025::operations","@pid":13811,"@timestamp":"2026-03-31T20:29:35.560904Z"}
{"@file":"src/psp/format_2025/operations.rs","@level":"debug","@line":37,"@message":"✅ Operations packed: result=236018720295270","@module":"flavor::psp::format_2025::operations","@pid":13811,"@timestamp":"2026-03-31T20:29:35.560907Z"}
{"@file":"src/psp/format_2025/operations.rs","@level":"debug","@line":37,"@message":"✅ Operations packed: result=2574680633431080201","@module":"flavor::psp::format_2025::operations","@pid":13811,"@timestamp":"2026-03-31T20:29:35.560922Z"}
{"@file":"src/psp/format_2025/operations.rs","@level":"debug","@line":37,"@message":"✅ Operations packed: result=224","@module":"flavor::psp::format_2025::operations","@pid":13811,"@timestamp":"2026-03-31T20:29:35.560965Z"}
{"@file":"src/psp/format_2025/operations.rs","@level":"debug","@line":60,"@message":"✅ Operations unpacked: count=8 operations=[9, 189, 188, 21, 101, 26, 187, 35]","@module":"flavor::psp::format_2025::operations","@pid":13811,"@timestamp":"2026-03-31T20:29:35.560964Z"}
{"@file":"src/psp/format_2025/operations.rs","@level":"debug","@line":37,"@message":"✅ Operations packed: result=9484144716450710123","@module":"flavor::psp::format_2025::operations","@pid":13811,"@timestamp":"2026-03-31T20:29:35.560985Z"}
{"@file":"src/psp/format_2025/operations.rs","@level":"debug","@line":60,"@message":"✅ Operations unpacked: count=1 operations=[224]","@module":"flavor::psp::format_2025::operations","@pid":13811,"@timestamp":"2026-03-31T20:29:35.560998Z"}
{"@file":"src/psp/format_2025/operations.rs","@level":"debug","@line":60,"@message":"✅ Operations unpacked: count=8 operations=[104, 231, 82, 105, 185, 204, 163, 227]","@module":"flavor::psp::format_2025::operations","@pid":13811,"@timestamp":"2026-03-31T20:29:35.561042Z"}
{"@file":"src/psp/format_2025/operations.rs","@level":"debug","@line":37,"@message":"✅ Operations packed: result=29402","@module":"flavor::psp::format_2025::operations","@pid":13811,"@timestamp":"2026-03-31T20:29:35.561052Z"}
{"@file":"src/psp/format_2025/operations.rs","@level":"debug","@line":37,"@message":"✅ Operations packed: result=171774432436208","@module":"flavor::psp::format_2025::operations","@pid":13811,"@timestamp":"2026-03-31T20:29:35.561067Z"}
{"@file":"src/psp/format_2025/operations.rs","@level":"debug","@line":37,"@message":"✅ Operations packed: result=16403179364521535336","@module":"flavor::psp::format_2025::operations","@pid":13811,"@timestamp":"2026-03-31T20:29:35.561072Z"}
{"@file":"src/psp/format_2025/operations.rs","@level":"debug","@line":60,"@message":"✅ Operations unpacked: count=6 operations=[240, 223, 6, 90, 58, 156]","@module":"flavor::psp::format_2025::operations","@pid":13811,"@timestamp":"2026-03-31T20:29:35.561101Z"}
{"@file":"src/psp/format_2025/operations.rs","@level":"debug","@line":60,"@message":"✅ Operations unpacked: count=8 operations=[104, 231, 82, 105, 185, 204, 163, 227]","@module":"flavor::psp::format_2025::operations","@pid":13811,"@timestamp":"2026-03-31T20:29:35.561115Z"}
{"@file":"src/psp/format_2025/operations.rs","@level":"debug","@line":37,"@message":"✅ Operations packed: result=17233056828527580","@module":"flavor::psp::format_2025::operations","@pid":13811,"@timestamp":"2026-03-31T20:29:35.561107Z"}
{"@file":"src/psp/format_2025/operations.rs","@level":"debug","@line":37,"@message":"✅ Operations packed: result=789832522381","@module":"flavor::psp::format_2025::operations","@pid":13811,"@timestamp":"2026-03-31T20:29:35.561161Z"}
{"@file":"src/psp/format_2025/operations.rs","@level":"debug","@line":60,"@message":"✅ Operations unpacked: count=8 operations=[110, 244, 87, 15, 102, 50, 149, 123]","@module":"flavor::psp::format_2025::operations","@pid":13811,"@timestamp":"2026-03-31T20:29:35.561173Z"}
{"@file":"src/psp/format_2025/operations.rs","@level":"debug","@line":37,"@message":"✅ Operations packed: result=716140420794","@module":"flavor::psp::format_2025::operations","@pid":13811,"@timestamp":"2026-03-31T20:29:35.561178Z"}
{"@file":"src/psp/format_2025/operations.rs","@level":"debug","@line":60,"@message":"✅ Operations unpacked: count=5 operations=[141, 218, 175, 229, 183]","@module":"flavor::psp::format_2025::operations","@pid":13811,"@timestamp":"2026-03-31T20:29:35.561188Z"}
{"@file":"src/psp/format_2025/operations.rs","@level":"debug","@line":37,"@message":"✅ Operations packed: result=8905079252120499310","@module":"flavor::psp::format_2025::operations","@pid":13811,"@timestamp":"2026-03-31T20:29:35.561203Z"}
{"@file":"src/psp/format_2025/operations.rs","@level":"debug","@line":60,"@message":"✅ Operations unpacked: count=8 operations=[110, 244, 87, 15, 102, 50, 149, 123]","@module":"flavor::psp::format_2025::operations","@pid":13811,"@timestamp":"2026-03-31T20:29:35.561240Z"}
{"@file":"src/psp/format_2025/operations.rs","@level":"debug","@line":37,"@message":"✅ Operations packed: result=62","@module":"flavor::psp::format_2025::operations","@pid":13811,"@timestamp":"2026-03-31T20:29:35.561241Z"}
{"@file":"src/psp/format_2025/operations.rs","@level":"debug","@line":37,"@message":"✅ Operations packed: result=0","@module":"flavor::psp::format_2025::operations","@pid":13811,"@timestamp":"2026-03-31T20:29:35.561250Z"}
{"@file":"src/psp/format_2025/operations.rs","@level":"debug","@line":60,"@message":"✅ Operations unpacked: count=0 operations=[]","@module":"flavor::psp::format_2025::operations","@pid":13811,"@timestamp":"2026-03-31T20:29:35.561300Z"}
{"@file":"src/psp/format_2025/operations.rs","@level":"debug","@line":60,"@message":"✅ Operations unpacked: count=8 operations=[216, 135, 109, 43, 172, 13, 181, 228]","@module":"flavor::psp::format_2025::operations","@pid":13811,"@timestamp":"2026-03-31T20:29:35.561300Z"}
{"@file":"src/psp/format_2025/operations.rs","@level":"debug","@line":37,"@message":"✅ Operations packed: result=67479051114652716","@module":"flavor::psp::format_2025::operations","@pid":13811,"@timestamp":"2026-03-31T20:29:35.561317Z"}
{"@file":"src/psp/format_2025/operations.rs","@level":"debug","@line":37,"@message":"✅ Operations packed: result=16480093444546332632","@module":"flavor::psp::format_2025::operations","@pid":13811,"@timestamp":"2026-03-31T20:29:35.561338Z"}
{"@file":"src/psp/format_2025/operations.rs","@level":"debug","@line":37,"@message":"✅ Operations packed: result=68625318440569139","@module":"flavor::psp::format_2025::operations","@pid":13811,"@timestamp":"2026-03-31T20:29:35.561354Z"}
{"@file":"src/psp/format_2025/operations.rs","@level":"debug","@line":60,"@message":"✅ Operations unpacked: count=8 operations=[216, 135, 109, 43, 172, 13, 181, 228]","@module":"flavor::psp::format_2025::operations","@pid":13811,"@timestamp":"2026-03-31T20:29:35.561372Z"}
{"@file":"src/psp/format_2025/operations.rs","@level":"debug","@line":60,"@message":"✅ Operations unpacked: count=7 operations=[51, 137, 63, 16, 93, 206, 243]","@module":"flavor::psp::format_2025::operations","@pid":13811,"@timestamp":"2026-03-31T20:29:35.561393Z"}
{"@file":"src/psp/format_2025/operations.rs","@level":"debug","@line":37,"@message":"✅ Operations packed: result=16312110","@module":"flavor::psp::format_2025::operations","@pid":13811,"@timestamp":"2026-03-31T20:29:35.561387Z"}
{"@file":"src/psp/format_2025/operations.rs","@level":"debug","@line":60,"@message":"✅ Operations unpacked: count=8 operations=[227, 183, 194, 134, 43, 87, 64, 39]","@module":"flavor::psp::format_2025::operations","@pid":13811,"@timestamp":"2026-03-31T20:29:35.561449Z"}
{"@file":"src/psp/format_2025/operations.rs","@level":"debug","@line":37,"@message":"✅ Operations packed: result=5409816","@module":"flavor::psp::format_2025::operations","@pid":13811,"@timestamp":"2026-03-31T20:29:35.561457Z"}
{"@file":"src/psp/format_2025/operations.rs","@level":"debug","@line":37,"@message":"✅ Operations packed: result=1099162013","@module":"flavor::psp::format_2025::operations","@pid":13811,"@timestamp":"2026-03-31T20:29:35.561461Z"}
{"@file":"src/psp/format_2025/operations.rs","@level":"debug","@line":37,"@message":"✅ Operations packed: result=2828356410444789731","@module":"flavor::psp::format_2025::operations","@pid":13811,"@timestamp":"2026-03-31T20:29:35.561473Z"}
{"@file":"src/psp/format_2025/operations.rs","@level":"debug","@line":60,"@message":"✅ Operations unpacked: count=3 operations=[24, 140, 82]","@module":"flavor::psp::format_2025::operations","@pid":13811,"@timestamp":"2026-03-31T20:29:35.561492Z"}
{"@file":"src/psp/format_2025/operations.rs","@level":"debug","@line":60,"@message":"✅ Operations unpacked: count=8 operations=[227, 183, 194, 134, 43, 87, 64, 39]","@module":"flavor::psp::format_2025::operations","@pid":13811,"@timestamp":"2026-03-31T20:29:35.561512Z"}
{"@file":"src/psp/format_2025/operations.rs","@level":"debug","@line":37,"@message":"✅ Operations packed: result=0","@module":"flavor::psp::format_2025::operations","@pid":13811,"@timestamp":"2026-03-31T20:29:35.561530Z"}
{"@file":"src/psp/format_2025/operations.rs","@level":"debug","@line":37,"@message":"✅ Operations packed: result=142","@module":"flavor::psp::format_2025::operations","@pid":13811,"@timestamp":"2026-03-31T20:29:35.561547Z"}
{"@file":"src/psp/format_2025/operations.rs","@level":"debug","@line":60,"@message":"✅ Operations unpacked: count=1 operations=[142]","@module":"flavor::psp::format_2025::operations","@pid":13811,"@timestamp":"2026-03-31T20:29:35.561569Z"}
{"@file":"src/psp/format_2025/operations.rs","@level":"debug","@line":60,"@message":"✅ Operations unpacked: count=8 operations=[107, 214, 64, 149, 165, 58, 183, 215]","@module":"flavor::psp::format_2025::operations","@pid":13811,"@timestamp":"2026-03-31T20:29:35.561581Z"}
{"@file":"src/psp/format_2025/operations.rs","@level":"debug","@line":37,"@message":"✅ Operations packed: result=1445","@module":"flavor::psp::format_2025::operations","@pid":13811,"@timestamp":"2026-03-31T20:29:35.561593Z"}
{"@file":"src/psp/format_2025/operations.rs","@level":"debug","@line":37,"@message":"✅ Operations packed: result=15543957121740625515","@module":"flavor::psp::format_2025::operations","@pid":13811,"@timestamp":"2026-03-31T20:29:35.561609Z"}
{"@file":"src/psp/format_2025/operations.rs","@level":"debug","@line":37,"@message":"✅ Operations packed: result=1384753420","@module":"flavor::psp::format_2025::operations","@pid":13811,"@timestamp":"2026-03-31T20:29:35.561619Z"}
{"@file":"src/psp/format_2025/operations.rs","@level":"debug","@line":60,"@message":"✅ Operations unpacked: count=8 operations=[107, 214, 64, 149, 165, 58, 183, 215]","@module":"flavor::psp::format_2025::operations","@pid":13811,"@timestamp":"2026-03-31T20:29:35.561636Z"}
{"@file":"src/psp/format_2025/operations.rs","@level":"debug","@line":37,"@message":"✅ Operations packed: result=200","@module":"flavor::psp::format_2025::operations","@pid":13811,"@timestamp":"2026-03-31T20:29:35.561646Z"}
{"@file":"src/psp/format_2025/operations.rs","@level":"debug","@line":60,"@message":"✅ Operations unpacked: count=4 operations=[12, 169, 137, 82]","@module":"flavor::psp::format_2025::operations","@pid":13811,"@timestamp":"2026-03-31T20:29:35.561646Z"}
{"@file":"src/psp/format_2025/operations.rs","@level":"debug","@line":60,"@message":"✅ Operations unpacked: count=8 operations=[202, 123, 243, 229, 206, 186, 56, 81]","@module":"flavor::psp::format_2025::operations","@pid":13811,"@timestamp":"2026-03-31T20:29:35.561691Z"}
{"@file":"src/psp/format_2025/operations.rs","@level":"debug","@line":37,"@message":"✅ Operations packed: result=2106405519","@module":"flavor::psp::format_2025::operations","@pid":13811,"@timestamp":"2026-03-31T20:29:35.561709Z"}
{"@file":"src/psp/format_2025/operations.rs","@level":"debug","@line":37,"@message":"✅ Operations packed: result=0","@module":"flavor::psp::format_2025::operations","@pid":13811,"@timestamp":"2026-03-31T20:29:35.561700Z"}
{"@file":"src/psp/format_2025/operations.rs","@level":"debug","@line":37,"@message":"✅ Operations packed: result=5852633113551928266","@module":"flavor::psp::format_2025::operations","@pid":13811,"@timestamp":"2026-03-31T20:29:35.561723Z"}
{"@file":"src/psp/format_2025/operations.rs","@level":"debug","@line":60,"@message":"✅ Operations unpacked: count=4 operations=[143, 50, 141, 125]","@module":"flavor::psp::format_2025::operations","@pid":13811,"@timestamp":"2026-03-31T20:29:35.561736Z"}
{"@file":"src/psp/format_2025/operations.rs","@level":"debug","@line":60,"@message":"✅ Operations unpacked: count=8 operations=[202, 123, 243, 229, 206, 186, 56, 81]","@module":"flavor::psp::format_2025::operations","@pid":13811,"@timestamp":"2026-03-31T20:29:35.561752Z"}
{"@file":"src/psp/format_2025/operations.rs","@level":"debug","@line":37,"@message":"✅ Operations packed: result=50334","@module":"flavor::psp::format_2025::operations","@pid":13811,"@timestamp":"2026-03-31T20:29:35.561770Z"}
{"@file":"src/psp/format_2025/operations.rs","@level":"debug","@line":37,"@message":"✅ Operations packed: result=13269734321894716944","@module":"flavor::psp::format_2025::operations","@pid":13811,"@timestamp":"2026-03-31T20:29:35.561792Z"}
{"@file":"src/psp/format_2025/operations.rs","@level":"debug","@line":60,"@message":"✅ Operations unpacked: count=8 operations=[46, 51, 41, 160, 252, 27, 254, 170]","@module":"flavor::psp::format_2025::operations","@pid":13811,"@timestamp":"2026-03-31T20:29:35.561807Z"}
{"@file":"src/psp/format_2025/operations.rs","@level":"debug","@line":37,"@message":"✅ Operations packed: result=3423946297","@module":"flavor::psp::format_2025::operations","@pid":13811,"@timestamp":"2026-03-31T20:29:35.561823Z"}
{"@file":"src/psp/format_2025/operations.rs","@level":"debug","@line":60,"@message":"✅ Operations unpacked: count=8 operations=[16, 246, 87, 72, 15, 145, 39, 184]","@module":"flavor::psp::format_2025::operations","@pid":13811,"@timestamp":"2026-03-31T20:29:35.561814Z"}
{"@file":"src/psp/format_2025/operations.rs","@level":"debug","@line":37,"@message":"✅ Operations packed: result=12321316402365018926","@module":"flavor::psp::format_2025::operations","@pid":13811,"@timestamp":"2026-03-31T20:29:35.561839Z"}
{"@file":"src/psp/format_2025/operations.rs","@level":"debug","@line":60,"@message":"✅ Operations unpacked: count=8 operations=[46, 51, 41, 160, 252, 27, 254, 170]","@module":"flavor::psp::format_2025::operations","@pid":13811,"@timestamp":"2026-03-31T20:29:35.561865Z"}
{"@file":"src/psp/format_2025/operations.rs","@level":"debug","@line":37,"@message":"✅ Operations packed: result=972476432345","@module":"flavor::psp::format_2025::operations","@pid":13811,"@timestamp":"2026-03-31T20:29:35.561877Z"}
{"@file":"src/psp/format_2025/operations.rs","@level":"debug","@line":37,"@message":"✅ Operations packed: result=312214595990","@module":"flavor::psp::format_2025::operations","@pid":13811,"@timestamp":"2026-03-31T20:29:35.561883Z"}
{"@file":"src/psp/format_2025/operations.rs","@level":"debug","@line":60,"@message":"✅ Operations unpacked: count=5 operations=[150, 169, 112, 177, 72]","@module":"flavor::psp::format_2025::operations","@pid":13811,"@timestamp":"2026-03-31T20:29:35.561910Z"}
{"@file":"src/psp/format_2025/operations.rs","@level":"debug","@line":60,"@message":"✅ Operations unpacked: count=8 operations=[100, 77, 135, 129, 84, 252, 48, 125]","@module":"flavor::psp::format_2025::operations","@pid":13811,"@timestamp":"2026-03-31T20:29:35.561915Z"}
{"@file":"src/psp/format_2025/operations.rs","@level":"debug","@line":37,"@message":"✅ Operations packed: result=9020987493503683940","@module":"flavor::psp::format_2025::operations","@pid":13811,"@timestamp":"2026-03-31T20:29:35.561944Z"}
{"@file":"src/psp/format_2025/operations.rs","@level":"debug","@line":37,"@message":"✅ Operations packed: result=172177100060542","@module":"flavor::psp::format_2025::operations","@pid":13811,"@timestamp":"2026-03-31T20:29:35.561944Z"}
{"@file":"src/psp/format_2025/operations.rs","@level":"debug","@line":37,"@message":"✅ Operations packed: result=15982222","@module":"flavor::psp::format_2025::operations","@pid":13811,"@timestamp":"2026-03-31T20:29:35.561962Z"}
{"@file":"src/psp/format_2025/operations.rs","@level":"debug","@line":60,"@message":"✅ Operations unpacked: count=8 operations=[100, 77, 135, 129, 84, 252, 48, 125]","@module":"flavor::psp::format_2025::operations","@pid":13811,"@timestamp":"2026-03-31T20:29:35.561966Z"}
{"@file":"src/psp/format_2025/operations.rs","@level":"debug","@line":60,"@message":"✅ Operations unpacked: count=3 operations=[142, 222, 243]","@module":"flavor::psp::format_2025::operations","@pid":13811,"@timestamp":"2026-03-31T20:29:35.561993Z"}
{"@file":"src/psp/format_2025/operations.rs","@level":"debug","@line":37,"@message":"✅ Operations packed: result=44557","@module":"flavor::psp::format_2025::operations","@pid":13811,"@timestamp":"2026-03-31T20:29:35.562008Z"}
{"@file":"src/psp/format_2025/operations.rs","@level":"debug","@line":60,"@message":"✅ Operations unpacked: count=8 operations=[66, 51, 135, 107, 232, 215, 169, 254]","@module":"flavor::psp::format_2025::operations","@pid":13811,"@timestamp":"2026-03-31T20:29:35.562030Z"}
{"@file":"src/psp/format_2025/operations.rs","@level":"debug","@line":37,"@message":"✅ Operations packed: result=7239538","@module":"flavor::psp::format_2025::operations","@pid":13811,"@timestamp":"2026-03-31T20:29:35.562046Z"}
{"@file":"src/psp/format_2025/operations.rs","@level":"debug","@line":37,"@message":"✅ Operations packed: result=19096","@module":"flavor::psp::format_2025::operations","@pid":13811,"@timestamp":"2026-03-31T20:29:35.562055Z"}
{"@file":"src/psp/format_2025/operations.rs","@level":"debug","@line":37,"@message":"✅ Operations packed: result=18350435549934203714","@module":"flavor::psp::format_2025::operations","@pid":13811,"@timestamp":"2026-03-31T20:29:35.562057Z"}
{"@file":"src/psp/format_2025/operations.rs","@level":"debug","@line":60,"@message":"✅ Operations unpacked: count=3 operations=[114, 119, 110]","@module":"flavor::psp::format_2025::operations","@pid":13811,"@timestamp":"2026-03-31T20:29:35.562072Z"}
{"@file":"src/psp/format_2025/operations.rs","@level":"debug","@line":60,"@message":"✅ Operations unpacked: count=8 operations=[66, 51, 135, 107, 232, 215, 169, 254]","@module":"flavor::psp::format_2025::operations","@pid":13811,"@timestamp":"2026-03-31T20:29:35.562094Z"}
{"@file":"src/psp/format_2025/operations.rs","@level":"debug","@line":37,"@message":"✅ Operations packed: result=8413182403913079017","@module":"flavor::psp::format_2025::operations","@pid":13811,"@timestamp":"2026-03-31T20:29:35.562111Z"}
{"@file":"src/psp/format_2025/operations.rs","@level":"debug","@line":37,"@message":"✅ Operations packed: result=43424","@module":"flavor::psp::format_2025::operations","@pid":13811,"@timestamp":"2026-03-31T20:29:35.562127Z"}
{"@file":"src/psp/format_2025/operations.rs","@level":"debug","@line":60,"@message":"✅ Operations unpacked: count=8 operations=[239, 226, 45, 47, 7, 105, 254, 95]","@module":"flavor::psp::format_2025::operations","@pid":13811,"@timestamp":"2026-03-31T20:29:35.562143Z"}
{"@file":"src/psp/format_2025/operations.rs","@level":"debug","@line":37,"@message":"✅ Operations packed: result=3889360","@module":"flavor::psp::format_2025::operations","@pid":13811,"@timestamp":"2026-03-31T20:29:35.562159Z"}
{"@file":"src/psp/format_2025/operations.rs","@level":"debug","@line":37,"@message":"✅ Operations packed: result=6917081557264884463","@module":"flavor::psp::format_2025::operations","@pid":13811,"@timestamp":"2026-03-31T20:29:35.562169Z"}
{"@file":"src/psp/format_2025/operations.rs","@level":"debug","@line":60,"@message":"✅ Operations unpacked: count=2 operations=[160, 169]","@module":"flavor::psp::format_2025::operations","@pid":13811,"@timestamp":"2026-03-31T20:29:35.562146Z"}
{"@file":"src/psp/format_2025/operations.rs","@level":"debug","@line":60,"@message":"✅ Operations unpacked: count=8 operations=[239, 226, 45, 47, 7, 105, 254, 95]","@module":"flavor::psp::format_2025::operations","@pid":13811,"@timestamp":"2026-03-31T20:29:35.562190Z"}
{"@file":"src/psp/format_2025/operations.rs","@level":"debug","@line":37,"@message":"✅ Operations packed: result=20311638797844857","@module":"flavor::psp::format_2025::operations","@pid":13811,"@timestamp":"2026-03-31T20:29:35.562213Z"}
{"@file":"src/psp/format_2025/operations.rs","@level":"debug","@line":37,"@message":"✅ Operations packed: result=2","@module":"flavor::psp::format_2025::operations","@pid":13811,"@timestamp":"2026-03-31T20:29:35.562232Z"}
{"@file":"src/psp/format_2025/operations.rs","@level":"debug","@line":60,"@message":"✅ Operations unpacked: count=8 operations=[118, 134, 74, 110, 58, 209, 192, 13]","@module":"flavor::psp::format_2025::operations","@pid":13811,"@timestamp":"2026-03-31T20:29:35.562241Z"}
{"@file":"src/psp/format_2025/operations.rs","@level":"debug","@line":60,"@message":"✅ Operations unpacked: count=1 operations=[2]","@module":"flavor::psp::format_2025::operations","@pid":13811,"@timestamp":"2026-03-31T20:29:35.562258Z"}
{"@file":"src/psp/format_2025/operations.rs","@level":"debug","@line":37,"@message":"✅ Operations packed: result=5635095405863698971","@module":"flavor::psp::format_2025::operations","@pid":13811,"@timestamp":"2026-03-31T20:29:35.562261Z"}
{"@file":"src/psp/format_2025/operations.rs","@level":"debug","@line":37,"@message":"✅ Operations packed: result=991021966910195318","@module":"flavor::psp::format_2025::operations","@pid":13811,"@timestamp":"2026-03-31T20:29:35.562267Z"}
{"@file":"src/psp/format_2025/operations.rs","@level":"debug","@line":60,"@message":"✅ Operations unpacked: count=8 operations=[118, 134, 74, 110, 58, 209, 192, 13]","@module":"flavor::psp::format_2025::operations","@pid":13811,"@timestamp":"2026-03-31T20:29:35.562308Z"}
{"@file":"src/psp/format_2025/operations.rs","@level":"debug","@line":37,"@message":"✅ Operations packed: result=4417306634511930491","@module":"flavor::psp::format_2025::operations","@pid":13811,"@timestamp":"2026-03-31T20:29:35.562319Z"}
{"@file":"src/psp/format_2025/operations.rs","@level":"debug","@line":37,"@message":"✅ Operations packed: result=10495394403007684081","@module":"flavor::psp::format_2025::operations","@pid":13811,"@timestamp":"2026-03-31T20:29:35.562331Z"}
{"@file":"src/psp/format_2025/operations.rs","@level":"debug","@line":60,"@message":"✅ Operations unpacked: count=8 operations=[123, 84, 15, 238, 250, 108, 77, 61]","@module":"flavor::psp::format_2025::operations","@pid":13811,"@timestamp":"2026-03-31T20:29:35.562347Z"}
{"@file":"src/psp/format_2025/operations.rs","@level":"debug","@line":60,"@message":"✅ Operations unpacked: count=8 operations=[203, 35, 174, 13, 26, 156, 166, 118]","@module":"flavor::psp::format_2025::operations","@pid":13811,"@timestamp":"2026-03-31T20:29:35.562356Z"}
{"@file":"src/psp/format_2025/operations.rs","@level":"debug","@line":37,"@message":"✅ Operations packed: result=8549692578322064331","@module":"flavor::psp::format_2025::operations","@pid":13811,"@timestamp":"2026-03-31T20:29:35.562383Z"}
{"@file":"src/psp/format_2025/operations.rs","@level":"debug","@line":37,"@message":"✅ Operations packed: result=647422828","@module":"flavor::psp::format_2025::operations","@pid":13811,"@timestamp":"2026-03-31T20:29:35.562384Z"}
{"@file":"src/psp/format_2025/operations.rs","@level":"debug","@line":60,"@message":"✅ Operations unpacked: count=8 operations=[203, 35, 174, 13, 26, 156, 166, 118]","@module":"flavor::psp::format_2025::operations","@pid":13811,"@timestamp":"2026-03-31T20:29:35.562404Z"}
{"@file":"src/psp/format_2025/operations.rs","@level":"debug","@line":37,"@message":"✅ Operations packed: result=1128732547","@module":"flavor::psp::format_2025::operations","@pid":13811,"@timestamp":"2026-03-31T20:29:35.562403Z"}
{"@file":"src/psp/format_2025/operations.rs","@level":"debug","@line":37,"@message":"✅ Operations packed: result=28873320559751940","@module":"flavor::psp::format_2025::operations","@pid":13811,"@timestamp":"2026-03-31T20:29:35.562440Z"}
{"@file":"src/psp/format_2025/operations.rs","@level":"debug","@line":60,"@message":"✅ Operations unpacked: count=4 operations=[131, 23, 71, 67]","@module":"flavor::psp::format_2025::operations","@pid":13811,"@timestamp":"2026-03-31T20:29:35.562444Z"}
{"@file":"src/psp/format_2025/operations.rs","@level":"debug","@line":60,"@message":"✅ Operations unpacked: count=8 operations=[222, 94, 126, 53, 217, 149, 115, 174]","@module":"flavor::psp::format_2025::operations","@pid":13811,"@timestamp":"2026-03-31T20:29:35.562460Z"}
{"@file":"src/psp/format_2025/operations.rs","@level":"debug","@line":37,"@message":"✅ Operations packed: result=12570555745059102430","@module":"flavor::psp::format_2025::operations","@pid":13811,"@timestamp":"2026-03-31T20:29:35.562498Z"}
{"@file":"src/psp/format_2025/operations.rs","@level":"debug","@line":37,"@message":"✅ Operations packed: result=91676881334701","@module":"flavor::psp::format_2025::operations","@pid":13811,"@timestamp":"2026-03-31T20:29:35.562500Z"}
{"@file":"src/psp/format_2025/operations.rs","@level":"debug","@line":37,"@message":"✅ Operations packed: result=0","@module":"flavor::psp::format_2025::operations","@pid":13811,"@timestamp":"2026-03-31T20:29:35.562515Z"}
{"@file":"src/psp/format_2025/operations.rs","@level":"debug","@line":60,"@message":"✅ Operations unpacked: count=8 operations=[222, 94, 126, 53, 217, 149, 115, 174]","@module":"flavor::psp::format_2025::operations","@pid":13811,"@timestamp":"2026-03-31T20:29:35.562520Z"}
{"@file":"src/psp/format_2025/operations.rs","@level":"debug","@line":60,"@message":"✅ Operations unpacked: count=0 operations=[]","@module":"flavor::psp::format_2025::operations","@pid":13811,"@timestamp":"2026-03-31T20:29:35.562547Z"}
{"@file":"src/psp/format_2025/operations.rs","@level":"debug","@line":37,"@message":"✅ Operations packed: result=3508990564","@module":"flavor::psp::format_2025::operations","@pid":13811,"@timestamp":"2026-03-31T20:29:35.562553Z"}
{"@file":"src/psp/format_2025/operations.rs","@level":"debug","@line":60,"@message":"✅ Operations unpacked: count=8 operations=[60, 214, 219, 95, 146, 79, 149, 229]","@module":"flavor::psp::format_2025::operations","@pid":13811,"@timestamp":"2026-03-31T20:29:35.562586Z"}
{"@file":"src/psp/format_2025/operations.rs","@level":"debug","@line":37,"@message":"✅ Operations packed: result=16543216296307447356","@module":"flavor::psp::format_2025::operations","@pid":13811,"@timestamp":"2026-03-31T20:29:35.562605Z"}
{"@file":"src/psp/format_2025/operations.rs","@level":"debug","@line":37,"@message":"✅ Operations packed: result=33599","@module":"flavor::psp::format_2025::operations","@pid":13811,"@timestamp":"2026-03-31T20:29:35.562605Z"}
{"@file":"src/psp/format_2025/operations.rs","@level":"debug","@line":37,"@message":"✅ Operations packed: result=227","@module":"flavor::psp::format_2025::operations","@pid":13811,"@timestamp":"2026-03-31T20:29:35.562615Z"}
{"@file":"src/psp/format_2025/operations.rs","@level":"debug","@line":60,"@message":"✅ Operations unpacked: count=2 operations=[63, 131]","@module":"flavor::psp::format_2025::operations","@pid":13811,"@timestamp":"2026-03-31T20:29:35.562643Z"}
{"@file":"src/psp/format_2025/operations.rs","@level":"debug","@line":60,"@message":"✅ Operations unpacked: count=8 operations=[60, 214, 219, 95, 146, 79, 149, 229]","@module":"flavor::psp::format_2025::operations","@pid":13811,"@timestamp":"2026-03-31T20:29:35.562633Z"}
{"@file":"src/psp/format_2025/operations.rs","@level":"debug","@line":37,"@message":"✅ Operations packed: result=7837833","@module":"flavor::psp::format_2025::operations","@pid":13811,"@timestamp":"2026-03-31T20:29:35.562692Z"}
{"@file":"src/psp/format_2025/operations.rs","@level":"debug","@line":60,"@message":"✅ Operations unpacked: count=8 operations=[200, 135, 153, 108, 227, 178, 20, 116]","@module":"flavor::psp::format_2025::operations","@pid":13811,"@timestamp":"2026-03-31T20:29:35.562707Z"}
{"@file":"src/psp/format_2025/operations.rs","@level":"debug","@line":37,"@message":"✅ Operations packed: result=860304518197","@module":"flavor::psp::format_2025::operations","@pid":13811,"@timestamp":"2026-03-31T20:29:35.562698Z"}
{"@file":"src/psp/format_2025/operations.rs","@level":"debug","@line":37,"@message":"✅ Operations packed: result=8364507097783175112","@module":"flavor::psp::format_2025::operations","@pid":13811,"@timestamp":"2026-03-31T20:29:35.562733Z"}
{"@file":"src/psp/format_2025/operations.rs","@level":"debug","@line":60,"@message":"✅ Operations unpacked: count=5 operations=[53, 44, 37, 78, 200]","@module":"flavor::psp::format_2025::operations","@pid":13811,"@timestamp":"2026-03-31T20:29:35.562738Z"}
{"@file":"src/psp/format_2025/operations.rs","@level":"debug","@line":60,"@message":"✅ Operations unpacked: count=8 operations=[200, 135, 153, 108, 227, 178, 20, 116]","@module":"flavor::psp::format_2025::operations","@pid":13811,"@timestamp":"2026-03-31T20:29:35.562751Z"}
{"@file":"src/psp/format_2025/operations.rs","@level":"debug","@line":37,"@message":"✅ Operations packed: result=44676181052178775","@module":"flavor::psp::format_2025::operations","@pid":13811,"@timestamp":"2026-03-31T20:29:35.562757Z"}
{"@file":"src/psp/format_2025/operations.rs","@level":"debug","@line":37,"@message":"✅ Operations packed: result=6427496842091","@module":"flavor::psp::format_2025::operations","@pid":13811,"@timestamp":"2026-03-31T20:29:35.562787Z"}
{"@file":"src/psp/format_2025/operations.rs","@level":"debug","@line":60,"@message":"✅ Operations unpacked: count=8 operations=[90, 204, 172, 213, 79, 74, 10, 133]","@module":"flavor::psp::format_2025::operations","@pid":13811,"@timestamp":"2026-03-31T20:29:35.562801Z"}
{"@file":"src/psp/format_2025/operations.rs","@level":"debug","@line":60,"@message":"✅ Operations unpacked: count=6 operations=[107, 131, 170, 132, 216, 5]","@module":"flavor::psp::format_2025::operations","@pid":13811,"@timestamp":"2026-03-31T20:29:35.562811Z"}
{"@file":"src/psp/format_2025/operations.rs","@level":"debug","@line":37,"@message":"✅ Operations packed: result=239","@module":"flavor::psp::format_2025::operations","@pid":13811,"@timestamp":"2026-03-31T20:29:35.562814Z"}
{"@file":"src/psp/format_2025/operations.rs","@level":"debug","@line":37,"@message":"✅ Operations packed: result=9586556463559265370","@module":"flavor::psp::format_2025::operations","@pid":13811,"@timestamp":"2026-03-31T20:29:35.562822Z"}
{"@file":"src/psp/format_2025/operations.rs","@level":"debug","@line":60,"@message":"✅ Operations unpacked: count=8 operations=[90, 204, 172, 213, 79, 74, 10, 133]","@module":"flavor::psp::format_2025::operations","@pid":13811,"@timestamp":"2026-03-31T20:29:35.562858Z"}
{"@file":"src/psp/format_2025/operations.rs","@level":"debug","@line":37,"@message":"✅ Operations packed: result=225209812114020","@module":"flavor::psp::format_2025::operations","@pid":13811,"@timestamp":"2026-03-31T20:29:35.562861Z"}
{"@file":"src/psp/format_2025/operations.rs","@level":"debug","@line":37,"@message":"✅ Operations packed: result=0","@module":"flavor::psp::format_2025::operations","@pid":13811,"@timestamp":"2026-03-31T20:29:35.562874Z"}
{"@file":"src/psp/format_2025/operations.rs","@level":"debug","@line":60,"@message":"✅ Operations unpacked: count=6 operations=[100, 218, 217, 190, 211, 204]","@module":"flavor::psp::format_2025::operations","@pid":13811,"@timestamp":"2026-03-31T20:29:35.562887Z"}
{"@file":"src/psp/format_2025/operations.rs","@level":"debug","@line":60,"@message":"✅ Operations unpacked: count=8 operations=[127, 247, 53, 153, 102, 60, 61, 32]","@module":"flavor::psp::format_2025::operations","@pid":13811,"@timestamp":"2026-03-31T20:29:35.562907Z"}
{"@file":"src/psp/format_2025/operations.rs","@level":"debug","@line":37,"@message":"✅ Operations packed: result=2323079394147825535","@module":"flavor::psp::format_2025::operations","@pid":13811,"@timestamp":"2026-03-31T20:29:35.562928Z"}
{"@file":"src/psp/format_2025/operations.rs","@level":"debug","@line":37,"@message":"✅ Operations packed: result=0","@module":"flavor::psp::format_2025::operations","@pid":13811,"@timestamp":"2026-03-31T20:29:35.562931Z"}
{"@file":"src/psp/format_2025/operations.rs","@level":"debug","@line":37,"@message":"✅ Operations packed: result=14664518630148137369","@module":"flavor::psp::format_2025::operations","@pid":13811,"@timestamp":"2026-03-31T20:29:35.562941Z"}
{"@file":"src/psp/format_2025/operations.rs","@level":"debug","@line":60,"@message":"✅ Operations unpacked: count=8 operations=[127, 247, 53, 153, 102, 60, 61, 32]","@module":"flavor::psp::format_2025::operations","@pid":13811,"@timestamp":"2026-03-31T20:29:35.562946Z"}
{"@file":"src/psp/format_2025/operations.rs","@level":"debug","@line":60,"@message":"✅ Operations unpacked: count=8 operations=[153, 225, 19, 136, 255, 213, 130, 203]","@module":"flavor::psp::format_2025::operations","@pid":13811,"@timestamp":"2026-03-31T20:29:35.562967Z"}
{"@file":"src/psp/format_2025/operations.rs","@level":"debug","@line":37,"@message":"✅ Operations packed: result=5000640","@module":"flavor::psp::format_2025::operations","@pid":13811,"@timestamp":"2026-03-31T20:29:35.562986Z"}
{"@file":"src/psp/format_2025/operations.rs","@level":"debug","@line":60,"@message":"✅ Operations unpacked: count=8 operations=[75, 160, 223, 90, 253, 20, 202, 239]","@module":"flavor::psp::format_2025::operations","@pid":13811,"@timestamp":"2026-03-31T20:29:35.563000Z"}
{"@file":"src/psp/format_2025/operations.rs","@level":"debug","@line":37,"@message":"✅ Operations packed: result=0","@module":"flavor::psp::format_2025::operations","@pid":13811,"@timestamp":"2026-03-31T20:29:35.563014Z"}
{"@file":"src/psp/format_2025/operations.rs","@level":"debug","@line":37,"@message":"✅ Operations packed: result=17278645998744215627","@module":"flavor::psp::format_2025::operations","@pid":13811,"@timestamp":"2026-03-31T20:29:35.563026Z"}
{"@file":"src/psp/format_2025/operations.rs","@level":"debug","@line":60,"@message":"✅ Operations unpacked: count=0 operations=[]","@module":"flavor::psp::format_2025::operations","@pid":13811,"@timestamp":"2026-03-31T20:29:35.563034Z"}
{"@file":"src/psp/format_2025/operations.rs","@level":"debug","@line":60,"@message":"✅ Operations unpacked: count=8 operations=[75, 160, 223, 90, 253, 20, 202, 239]","@module":"flavor::psp::format_2025::operations","@pid":13811,"@timestamp":"2026-03-31T20:29:35.563045Z"}
{"@file":"src/psp/format_2025/operations.rs","@level":"debug","@line":37,"@message":"✅ Operations packed: result=0","@module":"flavor::psp::format_2025::operations","@pid":13811,"@timestamp":"2026-03-31T20:29:35.563043Z"}
{"@file":"src/psp/format_2025/operations.rs","@level":"debug","@line":37,"@message":"✅ Operations packed: result=0","@module":"flavor::psp::format_2025::operations","@pid":13811,"@timestamp":"2026-03-31T20:29:35.563079Z"}
{"@file":"src/psp/format_2025/operations.rs","@level":"debug","@line":60,"@message":"✅ Operations unpacked: count=0 operations=[]","@module":"flavor::psp::format_2025::operations","@pid":13811,"@timestamp":"2026-03-31T20:29:35.563103Z"}
{"@file":"src/psp/format_2025/operations.rs","@level":"debug","@line":60,"@message":"✅ Operations unpacked: count=8 operations=[10, 83, 65, 143, 47, 72, 42, 55]","@module":"flavor::psp::format_2025::operations","@pid":13811,"@timestamp":"2026-03-31T20:29:35.563101Z"}
{"@file":"src/psp/format_2025/operations.rs","@level":"debug","@line":37,"@message":"✅ Operations packed: result=171","@module":"flavor::psp::format_2025::operations","@pid":13811,"@timestamp":"2026-03-31T20:29:35.563115Z"}
{"@file":"src/psp/format_2025/operations.rs","@level":"debug","@line":37,"@message":"✅ Operations packed: result=3975068990211969802","@module":"flavor::psp::format_2025::operations","@pid":13811,"@timestamp":"2026-03-31T20:29:35.563128Z"}
{"@file":"src/psp/format_2025/operations.rs","@level":"debug","@line":60,"@message":"✅ Operations unpacked: count=8 operations=[10, 83, 65, 143, 47, 72, 42, 55]","@module":"flavor::psp::format_2025::operations","@pid":13811,"@timestamp":"2026-03-31T20:29:35.563153Z"}
{"@file":"src/psp/format_2025/operations.rs","@level":"debug","@line":37,"@message":"✅ Operations packed: result=13748604919312396514","@module":"flavor::psp::format_2025::operations","@pid":13811,"@timestamp":"2026-03-31T20:29:35.563153Z"}
{"@file":"src/psp/format_2025/operations.rs","@level":"debug","@line":37,"@message":"✅ Operations packed: result=628097433703","@module":"flavor::psp::format_2025::operations","@pid":13811,"@timestamp":"2026-03-31T20:29:35.563171Z"}
{"@file":"src/psp/format_2025/operations.rs","@level":"debug","@line":60,"@message":"✅ Operations unpacked: count=8 operations=[226, 176, 205, 180, 84, 219, 204, 190]","@module":"flavor::psp::format_2025::operations","@pid":13811,"@timestamp":"2026-03-31T20:29:35.563180Z"}
{"@file":"src/psp/format_2025/operations.rs","@level":"debug","@line":60,"@message":"✅ Operations unpacked: count=8 operations=[243, 146, 58, 197, 230, 43, 209, 50]","@module":"flavor::psp::format_2025::operations","@pid":13811,"@timestamp":"2026-03-31T20:29:35.563201Z"}
{"@file":"src/psp/format_2025/operations.rs","@level":"debug","@line":37,"@message":"✅ Operations packed: result=3661756242180346611","@module":"flavor::psp::format_2025::operations","@pid":13811,"@timestamp":"2026-03-31T20:29:35.563222Z"}
{"@file":"src/psp/format_2025/operations.rs","@level":"debug","@line":37,"@message":"✅ Operations packed: result=29986895416564405","@module":"flavor::psp::format_2025::operations","@pid":13811,"@timestamp":"2026-03-31T20:29:35.563232Z"}
{"@file":"src/psp/format_2025/operations.rs","@level":"debug","@line":60,"@message":"✅ Operations unpacked: count=8 operations=[243, 146, 58, 197, 230, 43, 209, 50]","@module":"flavor::psp::format_2025::operations","@pid":13811,"@timestamp":"2026-03-31T20:29:35.563240Z"}
{"@file":"src/psp/format_2025/operations.rs","@level":"debug","@line":37,"@message":"✅ Operations packed: result=4009227146245958","@module":"flavor::psp::format_2025::operations","@pid":13811,"@timestamp":"2026-03-31T20:29:35.563242Z"}
{"@file":"src/psp/format_2025/operations.rs","@level":"debug","@line":60,"@message":"✅ Operations unpacked: count=7 operations=[70, 55, 224, 239, 94, 62, 14]","@module":"flavor::psp::format_2025::operations","@pid":13811,"@timestamp":"2026-03-31T20:29:35.563282Z"}
{"@file":"src/psp/format_2025/operations.rs","@level":"debug","@line":37,"@message":"✅ Operations packed: result=16430932","@module":"flavor::psp::format_2025::operations","@pid":13811,"@timestamp":"2026-03-31T20:29:35.563292Z"}
{"@file":"src/psp/format_2025/operations.rs","@level":"debug","@line":60,"@message":"✅ Operations unpacked: count=8 operations=[187, 166, 206, 214, 33, 62, 145, 18]","@module":"flavor::psp::format_2025::operations","@pid":13811,"@timestamp":"2026-03-31T20:29:35.563304Z"}
{"@file":"src/psp/format_2025/operations.rs","@level":"debug","@line":37,"@message":"✅ Operations packed: result=1337918879364458171","@module":"flavor::psp::format_2025::operations","@pid":13811,"@timestamp":"2026-03-31T20:29:35.563329Z"}
{"@file":"src/psp/format_2025/operations.rs","@level":"debug","@line":37,"@message":"✅ Operations packed: result=35676417088753758","@module":"flavor::psp::format_2025::operations","@pid":13811,"@timestamp":"2026-03-31T20:29:35.563331Z"}
{"@file":"src/psp/format_2025/operations.rs","@level":"debug","@line":37,"@message":"✅ Operations packed: result=0","@module":"flavor::psp::format_2025::operations","@pid":13811,"@timestamp":"2026-03-31T20:29:35.563346Z"}
{"@file":"src/psp/format_2025/operations.rs","@level":"debug","@line":60,"@message":"✅ Operations unpacked: count=8 operations=[187, 166, 206, 214, 33, 62, 145, 18]","@module":"flavor::psp::format_2025::operations","@pid":13811,"@timestamp":"2026-03-31T20:29:35.563351Z"}
{"@file":"src/psp/format_2025/operations.rs","@level":"debug","@line":60,"@message":"✅ Operations unpacked: count=7 operations=[94, 16, 111, 39, 131, 191, 126]","@module":"flavor::psp::format_2025::operations","@pid":13811,"@timestamp":"2026-03-31T20:29:35.563356Z"}
{"@file":"src/psp/format_2025/operations.rs","@level":"debug","@line":37,"@message":"✅ Operations packed: result=884474505352","@module":"flavor::psp::format_2025::operations","@pid":13811,"@timestamp":"2026-03-31T20:29:35.563413Z"}
{"@file":"src/psp/format_2025/operations.rs","@level":"debug","@line":60,"@message":"✅ Operations unpacked: count=8 operations=[178, 35, 202, 251, 163, 220, 122, 219]","@module":"flavor::psp::format_2025::operations","@pid":13811,"@timestamp":"2026-03-31T20:29:35.563425Z"}
{"@file":"src/psp/format_2025/operations.rs","@level":"debug","@line":37,"@message":"✅ Operations packed: result=8095","@module":"flavor::psp::format_2025::operations","@pid":13811,"@timestamp":"2026-03-31T20:29:35.563430Z"}
{"@file":"src/psp/format_2025/operations.rs","@level":"debug","@line":37,"@message":"✅ Operations packed: result=15815195638327026610","@module":"flavor::psp::format_2025::operations","@pid":13811,"@timestamp":"2026-03-31T20:29:35.563454Z"}
{"@file":"src/psp/format_2025/operations.rs","@level":"debug","@line":60,"@message":"✅ Operations unpacked: count=2 operations=[159, 31]","@module":"flavor::psp::format_2025::operations","@pid":13811,"@timestamp":"2026-03-31T20:29:35.563458Z"}
{"@file":"src/psp/format_2025/operations.rs","@level":"debug","@line":60,"@message":"✅ Operations unpacked: count=8 operations=[178, 35, 202, 251, 163, 220, 122, 219]","@module":"flavor::psp::format_2025::operations","@pid":13811,"@timestamp":"2026-03-31T20:29:35.563473Z"}
{"@file":"src/psp/format_2025/operations.rs","@level":"debug","@line":37,"@message":"✅ Operations packed: result=4096233161391014","@module":"flavor::psp::format_2025::operations","@pid":13811,"@timestamp":"2026-03-31T20:29:35.563469Z"}
{"@file":"src/psp/format_2025/operations.rs","@level":"debug","@line":37,"@message":"✅ Operations packed: result=60386","@module":"flavor::psp::format_2025::operations","@pid":13811,"@timestamp":"2026-03-31T20:29:35.563505Z"}
{"@file":"src/psp/format_2025/operations.rs","@level":"debug","@line":60,"@message":"✅ Operations unpacked: count=2 operations=[226, 235]","@module":"flavor::psp::format_2025::operations","@pid":13811,"@timestamp":"2026-03-31T20:29:35.563524Z"}
{"@file":"src/psp/format_2025/operations.rs","@level":"debug","@line":37,"@message":"✅ Operations packed: result=10267284311573","@module":"flavor::psp::format_2025::operations","@pid":13811,"@timestamp":"2026-03-31T20:29:35.563540Z"}
{"@file":"src/psp/format_2025/operations.rs","@level":"debug","@line":60,"@message":"✅ Operations unpacked: count=8 operations=[145, 24, 241, 2, 56, 83, 231, 155]","@module":"flavor::psp::format_2025::operations","@pid":13811,"@timestamp":"2026-03-31T20:29:35.563538Z"}
{"@file":"src/psp/format_2025/operations.rs","@level":"debug","@line":37,"@message":"✅ Operations packed: result=8694535151609623935","@module":"flavor::psp::format_2025::operations","@pid":13811,"@timestamp":"2026-03-31T20:29:35.563573Z"}
{"@file":"src/psp/format_2025/operations.rs","@level":"debug","@line":37,"@message":"✅ Operations packed: result=11234039295531620497","@module":"flavor::psp::format_2025::operations","@pid":13811,"@timestamp":"2026-03-31T20:29:35.563580Z"}
{"@file":"src/psp/format_2025/operations.rs","@level":"debug","@line":37,"@message":"✅ Operations packed: result=486141111063","@module":"flavor::psp::format_2025::operations","@pid":13811,"@timestamp":"2026-03-31T20:29:35.563597Z"}
{"@file":"src/psp/format_2025/operations.rs","@level":"debug","@line":60,"@message":"✅ Operations unpacked: count=8 operations=[127, 181, 214, 158, 167, 49, 169, 120]","@module":"flavor::psp::format_2025::operations","@pid":13811,"@timestamp":"2026-03-31T20:29:35.563601Z"}
{"@file":"src/psp/format_2025/operations.rs","@level":"debug","@line":60,"@message":"✅ Operations unpacked: count=8 operations=[145, 24, 241, 2, 56, 83, 231, 155]","@module":"flavor::psp::format_2025::operations","@pid":13811,"@timestamp":"2026-03-31T20:29:35.563612Z"}
{"@file":"src/psp/format_2025/operations.rs","@level":"debug","@line":37,"@message":"✅ Operations packed: result=12","@module":"flavor::psp::format_2025::operations","@pid":13811,"@timestamp":"2026-03-31T20:29:35.563653Z"}
{"@file":"src/psp/format_2025/operations.rs","@level":"debug","@line":37,"@message":"✅ Operations packed: result=258228530631976","@module":"flavor::psp::format_2025::operations","@pid":13811,"@timestamp":"2026-03-31T20:29:35.563665Z"}
{"@file":"src/psp/format_2025/operations.rs","@level":"debug","@line":60,"@message":"✅ Operations unpacked: count=8 operations=[252, 110, 172, 195, 89, 199, 234, 52]","@module":"flavor::psp::format_2025::operations","@pid":13811,"@timestamp":"2026-03-31T20:29:35.563675Z"}
{"@file":"src/psp/format_2025/operations.rs","@level":"debug","@line":60,"@message":"✅ Operations unpacked: count=6 operations=[40, 213, 214, 131, 219, 234]","@module":"flavor::psp::format_2025::operations","@pid":13811,"@timestamp":"2026-03-31T20:29:35.563683Z"}
{"@file":"src/psp/format_2025/operations.rs","@level":"debug","@line":37,"@message":"✅ Operations packed: result=3813079222871420668","@module":"flavor::psp::format_2025::operations","@pid":13811,"@timestamp":"2026-03-31T20:29:35.563695Z"}
{"@file":"src/psp/format_2025/operations.rs","@level":"debug","@line":37,"@message":"✅ Operations packed: result=623094939417","@module":"flavor::psp::format_2025::operations","@pid":13811,"@timestamp":"2026-03-31T20:29:35.563702Z"}
{"@file":"src/psp/format_2025/operations.rs","@level":"debug","@line":60,"@message":"✅ Operations unpacked: count=8 operations=[252, 110, 172, 195, 89, 199, 234, 52]","@module":"flavor::psp::format_2025::operations","@pid":13811,"@timestamp":"2026-03-31T20:29:35.563713Z"}
{"@file":"src/psp/format_2025/operations.rs","@level":"debug","@line":37,"@message":"✅ Operations packed: result=815018669","@module":"flavor::psp::format_2025::operations","@pid":13811,"@timestamp":"2026-03-31T20:29:35.563730Z"}
{"@file":"src/psp/format_2025/operations.rs","@level":"debug","@line":60,"@message":"✅ Operations unpacked: count=4 operations=[173, 50, 148, 48]","@module":"flavor::psp::format_2025::operations","@pid":13811,"@timestamp":"2026-03-31T20:29:35.563748Z"}
{"@file":"src/psp/format_2025/operations.rs","@level":"debug","@line":37,"@message":"✅ Operations packed: result=22836409978393839","@module":"flavor::psp::format_2025::operations","@pid":13811,"@timestamp":"2026-03-31T20:29:35.563749Z"}
{"@file":"src/psp/format_2025/operations.rs","@level":"debug","@line":60,"@message":"✅ Operations unpacked: count=8 operations=[213, 233, 188, 81, 172, 4, 209, 139]","@module":"flavor::psp::format_2025::operations","@pid":13811,"@timestamp":"2026-03-31T20:29:35.563759Z"}
{"@file":"src/psp/format_2025/operations.rs","@level":"debug","@line":37,"@message":"✅ Operations packed: result=10074838979556731349","@module":"flavor::psp::format_2025::operations","@pid":13811,"@timestamp":"2026-03-31T20:29:35.563778Z"}
{"@file":"src/psp/format_2025/operations.rs","@level":"debug","@line":60,"@message":"✅ Operations unpacked: count=8 operations=[213, 233, 188, 81, 172, 4, 209, 139]","@module":"flavor::psp::format_2025::operations","@pid":13811,"@timestamp":"2026-03-31T20:29:35.563795Z"}
{"@file":"src/psp/format_2025/operations.rs","@level":"debug","@line":37,"@message":"✅ Operations packed: result=5168","@module":"flavor::psp::format_2025::operations","@pid":13811,"@timestamp":"2026-03-31T20:29:35.563801Z"}
{"@file":"src/psp/format_2025/operations.rs","@level":"debug","@line":37,"@message":"✅ Operations packed: result=10909436","@module":"flavor::psp::format_2025::operations","@pid":13811,"@timestamp":"2026-03-31T20:29:35.563795Z"}
{"@file":"src/psp/format_2025/operations.rs","@level":"debug","@line":60,"@message":"✅ Operations unpacked: count=3 operations=[252, 118, 166]","@module":"flavor::psp::format_2025::operations","@pid":13811,"@timestamp":"2026-03-31T20:29:35.563825Z"}
{"@file":"src/psp/format_2025/operations.rs","@level":"debug","@line":60,"@message":"✅ Operations unpacked: count=8 operations=[158, 224, 71, 94, 61, 228, 243, 164]","@module":"flavor::psp::format_2025::operations","@pid":13811,"@timestamp":"2026-03-31T20:29:35.563841Z"}
{"@file":"src/psp/format_2025/operations.rs","@level":"debug","@line":37,"@message":"✅ Operations packed: result=7474","@module":"flavor::psp::format_2025::operations","@pid":13811,"@timestamp":"2026-03-31T20:29:35.563847Z"}
{"@file":"src/psp/format_2025/operations.rs","@level":"debug","@line":37,"@message":"✅ Operations packed: result=11886094793786777758","@module":"flavor::psp::format_2025::operations","@pid":13811,"@timestamp":"2026-03-31T20:29:35.563862Z"}
{"@file":"src/psp/format_2025/operations.rs","@level":"debug","@line":37,"@message":"✅ Operations packed: result=0","@module":"flavor::psp::format_2025::operations","@pid":13811,"@timestamp":"2026-03-31T20:29:35.563870Z"}
{"@file":"src/psp/format_2025/operations.rs","@level":"debug","@line":60,"@message":"✅ Operations unpacked: count=8 operations=[158, 224, 71, 94, 61, 228, 243, 164]","@module":"flavor::psp::format_2025::operations","@pid":13811,"@timestamp":"2026-03-31T20:29:35.563880Z"}
{"@file":"src/psp/format_2025/operations.rs","@level":"debug","@line":60,"@message":"✅ Operations unpacked: count=0 operations=[]","@module":"flavor::psp::format_2025::operations","@pid":13811,"@timestamp":"2026-03-31T20:29:35.563888Z"}
{"@file":"src/psp/format_2025/operations.rs","@level":"debug","@line":37,"@message":"✅ Operations packed: result=7575842022586957516","@module":"flavor::psp::format_2025::operations","@pid":13811,"@timestamp":"2026-03-31T20:29:35.563897Z"}
{"@file":"src/psp/format_2025/operations.rs","@level":"debug","@line":60,"@message":"✅ Operations unpacked: count=8 operations=[73, 226, 88, 32, 183, 230, 222, 89]","@module":"flavor::psp::format_2025::operations","@pid":13811,"@timestamp":"2026-03-31T20:29:35.563925Z"}
{"@file":"src/psp/format_2025/operations.rs","@level":"debug","@line":37,"@message":"✅ Operations packed: result=311775793834","@module":"flavor::psp::format_2025::operations","@pid":13811,"@timestamp":"2026-03-31T20:29:35.563933Z"}
{"@file":"src/psp/format_2025/operations.rs","@level":"debug","@line":37,"@message":"✅ Operations packed: result=17924020344670","@module":"flavor::psp::format_2025::operations","@pid":13811,"@timestamp":"2026-03-31T20:29:35.563944Z"}
{"@file":"src/psp/format_2025/operations.rs","@level":"debug","@line":60,"@message":"✅ Operations unpacked: count=5 operations=[170, 18, 73, 151, 72]","@module":"flavor::psp::format_2025::operations","@pid":13811,"@timestamp":"2026-03-31T20:29:35.563951Z"}
{"@file":"src/psp/format_2025/operations.rs","@level":"debug","@line":37,"@message":"✅ Operations packed: result=6475866988401451593","@module":"flavor::psp::format_2025::operations","@pid":13811,"@timestamp":"2026-03-31T20:29:35.563945Z"}
{"@file":"src/psp/format_2025/operations.rs","@level":"debug","@line":60,"@message":"✅ Operations unpacked: count=8 operations=[73, 226, 88, 32, 183, 230, 222, 89]","@module":"flavor::psp::format_2025::operations","@pid":13811,"@timestamp":"2026-03-31T20:29:35.563976Z"}
{"@file":"src/psp/format_2025/operations.rs","@level":"debug","@line":37,"@message":"✅ Operations packed: result=204032833051907","@module":"flavor::psp::format_2025::operations","@pid":13811,"@timestamp":"2026-03-31T20:29:35.563992Z"}
{"@file":"src/psp/format_2025/operations.rs","@level":"debug","@line":37,"@message":"✅ Operations packed: result=17740300912340055305","@module":"flavor::psp::format_2025::operations","@pid":13811,"@timestamp":"2026-03-31T20:29:35.563999Z"}
{"@file":"src/psp/format_2025/operations.rs","@level":"debug","@line":60,"@message":"✅ Operations unpacked: count=8 operations=[9, 53, 145, 8, 176, 53, 50, 246]","@module":"flavor::psp::format_2025::operations","@pid":13811,"@timestamp":"2026-03-31T20:29:35.564017Z"}
{"@file":"src/psp/format_2025/operations.rs","@level":"debug","@line":60,"@message":"✅ Operations unpacked: count=8 operations=[101, 88, 123, 202, 123, 210, 39, 220]","@module":"flavor::psp::format_2025::operations","@pid":13811,"@timestamp":"2026-03-31T20:29:35.564021Z"}
{"@file":"src/psp/format_2025/operations.rs","@level":"debug","@line":37,"@message":"✅ Operations packed: result=15863879641555753061","@module":"flavor::psp::format_2025::operations","@pid":13811,"@timestamp":"2026-03-31T20:29:35.564040Z"}
{"@file":"src/psp/format_2025/operations.rs","@level":"debug","@line":37,"@message":"✅ Operations packed: result=212","@module":"flavor::psp::format_2025::operations","@pid":13811,"@timestamp":"2026-03-31T20:29:35.564038Z"}
{"@file":"src/psp/format_2025/operations.rs","@level":"debug","@line":60,"@message":"✅ Operations unpacked: count=8 operations=[101, 88, 123, 202, 123, 210, 39, 220]","@module":"flavor::psp::format_2025::operations","@pid":13811,"@timestamp":"2026-03-31T20:29:35.564059Z"}
{"@file":"src/psp/format_2025/operations.rs","@level":"debug","@line":37,"@message":"✅ Operations packed: result=234","@module":"flavor::psp::format_2025::operations","@pid":13811,"@timestamp":"2026-03-31T20:29:35.564062Z"}
{"@file":"src/psp/format_2025/operations.rs","@level":"debug","@line":60,"@message":"✅ Operations unpacked: count=1 operations=[234]","@module":"flavor::psp::format_2025::operations","@pid":13811,"@timestamp":"2026-03-31T20:29:35.564089Z"}
{"@file":"src/psp/format_2025/operations.rs","@level":"debug","@line":37,"@message":"✅ Operations packed: result=10488348393828148689","@module":"flavor::psp::format_2025::operations","@pid":13811,"@timestamp":"2026-03-31T20:29:35.564106Z"}
{"@file":"src/psp/format_2025/operations.rs","@level":"debug","@line":60,"@message":"✅ Operations unpacked: count=8 operations=[77, 118, 76, 178, 212, 124, 193, 162]","@module":"flavor::psp::format_2025::operations","@pid":13811,"@timestamp":"2026-03-31T20:29:35.564112Z"}
{"@file":"src/psp/format_2025/operations.rs","@level":"debug","@line":37,"@message":"✅ Operations packed: result=458833485352","@module":"flavor::psp::format_2025::operations","@pid":13811,"@timestamp":"2026-03-31T20:29:35.564146Z"}
{"@file":"src/psp/format_2025/operations.rs","@level":"debug","@line":37,"@message":"✅ Operations packed: result=11727792157615748685","@module":"flavor::psp::format_2025::operations","@pid":13811,"@timestamp":"2026-03-31T20:29:35.564150Z"}
{"@file":"src/psp/format_2025/operations.rs","@level":"debug","@line":60,"@message":"✅ Operations unpacked: count=5 operations=[40, 94, 155, 212, 106]","@module":"flavor::psp::format_2025::operations","@pid":13811,"@timestamp":"2026-03-31T20:29:35.564169Z"}
{"@file":"src/psp/format_2025/operations.rs","@level":"debug","@line":37,"@message":"✅ Operations packed: result=44796","@module":"flavor::psp::format_2025::operations","@pid":13811,"@timestamp":"2026-03-31T20:29:35.564168Z"}
{"@file":"src/psp/format_2025/operations.rs","@level":"debug","@line":60,"@message":"✅ Operations unpacked: count=8 operations=[77, 118, 76, 178, 212, 124, 193, 162]","@module":"flavor::psp::format_2025::operations","@pid":13811,"@timestamp":"2026-03-31T20:29:35.564175Z"}
{"@file":"src/psp/format_2025/operations.rs","@level":"debug","@line":37,"@message":"✅ Operations packed: result=7196971","@module":"flavor::psp::format_2025::operations","@pid":13811,"@timestamp":"2026-03-31T20:29:35.564224Z"}
{"@file":"src/psp/format_2025/operations.rs","@level":"debug","@line":37,"@message":"✅ Operations packed: result=2937427000","@module":"flavor::psp::format_2025::operations","@pid":13811,"@timestamp":"2026-03-31T20:29:35.564238Z"}
{"@file":"src/psp/format_2025/operations.rs","@level":"debug","@line":60,"@message":"✅ Operations unpacked: count=8 operations=[1, 196, 68, 24, 97, 246, 24, 177]","@module":"flavor::psp::format_2025::operations","@pid":13811,"@timestamp":"2026-03-31T20:29:35.564241Z"}
{"@file":"src/psp/format_2025/operations.rs","@level":"debug","@line":60,"@message":"✅ Operations unpacked: count=3 operations=[43, 209, 109]","@module":"flavor::psp::format_2025::operations","@pid":13811,"@timestamp":"2026-03-31T20:29:35.564244Z"}
{"@file":"src/psp/format_2025/operations.rs","@level":"debug","@line":37,"@message":"✅ Operations packed: result=12761220441033720833","@module":"flavor::psp::format_2025::operations","@pid":13811,"@timestamp":"2026-03-31T20:29:35.564264Z"}
{"@file":"src/psp/format_2025/operations.rs","@level":"debug","@line":60,"@message":"✅ Operations unpacked: count=8 operations=[1, 196, 68, 24, 97, 246, 24, 177]","@module":"flavor::psp::format_2025::operations","@pid":13811,"@timestamp":"2026-03-31T20:29:35.564282Z"}
{"@file":"src/psp/format_2025/operations.rs","@level":"debug","@line":37,"@message":"✅ Operations packed: result=42050694802979896","@module":"flavor::psp::format_2025::operations","@pid":13811,"@timestamp":"2026-03-31T20:29:35.564285Z"}
{"@file":"src/psp/format_2025/operations.rs","@level":"debug","@line":37,"@message":"✅ Operations packed: result=14596649","@module":"flavor::psp::format_2025::operations","@pid":13811,"@timestamp":"2026-03-31T20:29:35.564298Z"}
{"@file":"src/psp/format_2025/operations.rs","@level":"debug","@line":60,"@message":"✅ Operations unpacked: count=3 operations=[41, 186, 222]","@module":"flavor::psp::format_2025::operations","@pid":13811,"@timestamp":"2026-03-31T20:29:35.564316Z"}
{"@file":"src/psp/format_2025/operations.rs","@level":"debug","@line":60,"@message":"✅ Operations unpacked: count=8 operations=[134, 115, 131, 91, 81, 178, 209, 135]","@module":"flavor::psp::format_2025::operations","@pid":13811,"@timestamp":"2026-03-31T20:29:35.564328Z"}
{"@file":"src/psp/format_2025/operations.rs","@level":"debug","@line":37,"@message":"✅ Operations packed: result=530041764733","@module":"flavor::psp::format_2025::operations","@pid":13811,"@timestamp":"2026-03-31T20:29:35.564335Z"}
{"@file":"src/psp/format_2025/operations.rs","@level":"debug","@line":37,"@message":"✅ Operations packed: result=9786799527750235014","@module":"flavor::psp::format_2025::operations","@pid":13811,"@timestamp":"2026-03-31T20:29:35.564347Z"}
{"@file":"src/psp/format_2025/operations.rs","@level":"debug","@line":37,"@message":"✅ Operations packed: result=57277","@module":"flavor::psp::format_2025::operations","@pid":13811,"@timestamp":"2026-03-31T20:29:35.564361Z"}
{"@file":"src/psp/format_2025/operations.rs","@level":"debug","@line":60,"@message":"✅ Operations unpacked: count=8 operations=[134, 115, 131, 91, 81, 178, 209, 135]","@module":"flavor::psp::format_2025::operations","@pid":13811,"@timestamp":"2026-03-31T20:29:35.564364Z"}
{"@file":"src/psp/format_2025/operations.rs","@level":"debug","@line":60,"@message":"✅ Operations unpacked: count=2 operations=[189, 223]","@module":"flavor::psp::format_2025::operations","@pid":13811,"@timestamp":"2026-03-31T20:29:35.564380Z"}
{"@file":"src/psp/format_2025/operations.rs","@level":"debug","@line":37,"@message":"✅ Operations packed: result=38299938224539240","@module":"flavor::psp::format_2025::operations","@pid":13811,"@timestamp":"2026-03-31T20:29:35.564382Z"}
{"@file":"src/psp/format_2025/operations.rs","@level":"debug","@line":60,"@message":"✅ Operations unpacked: count=8 operations=[172, 254, 247, 193, 192, 85, 62, 69]","@module":"flavor::psp::format_2025::operations","@pid":13811,"@timestamp":"2026-03-31T20:29:35.564414Z"}
{"@file":"src/psp/format_2025/operations.rs","@level":"debug","@line":37,"@message":"✅ Operations packed: result=178044895341582","@module":"flavor::psp::format_2025::operations","@pid":13811,"@timestamp":"2026-03-31T20:29:35.564429Z"}
{"@file":"src/psp/format_2025/operations.rs","@level":"debug","@line":37,"@message":"✅ Operations packed: result=71316283999055611","@module":"flavor::psp::format_2025::operations","@pid":13811,"@timestamp":"2026-03-31T20:29:35.564435Z"}
{"@file":"src/psp/format_2025/operations.rs","@level":"debug","@line":37,"@message":"✅ Operations packed: result=4989519723549425324","@module":"flavor::psp::format_2025::operations","@pid":13811,"@timestamp":"2026-03-31T20:29:35.564434Z"}
{"@file":"src/psp/format_2025/operations.rs","@level":"debug","@line":60,"@message":"✅ Operations unpacked: count=6 operations=[14, 172, 189, 78, 238, 161]","@module":"flavor::psp::format_2025::operations","@pid":13811,"@timestamp":"2026-03-31T20:29:35.564450Z"}
{"@file":"src/psp/format_2025/operations.rs","@level":"debug","@line":60,"@message":"✅ Operations unpacked: count=8 operations=[172, 254, 247, 193, 192, 85, 62, 69]","@module":"flavor::psp::format_2025::operations","@pid":13811,"@timestamp":"2026-03-31T20:29:35.564459Z"}
{"@file":"src/psp/format_2025/operations.rs","@level":"debug","@line":37,"@message":"✅ Operations packed: result=66867091445194288","@module":"flavor::psp::format_2025::operations","@pid":13811,"@timestamp":"2026-03-31T20:29:35.564482Z"}
{"@file":"src/psp/format_2025/operations.rs","@level":"debug","@line":37,"@message":"✅ Operations packed: result=775412331330","@module":"flavor::psp::format_2025::operations","@pid":13811,"@timestamp":"2026-03-31T20:29:35.564498Z"}
{"@file":"src/psp/format_2025/operations.rs","@level":"debug","@line":60,"@message":"✅ Operations unpacked: count=8 operations=[91, 241, 183, 254, 129, 160, 230, 24]","@module":"flavor::psp::format_2025::operations","@pid":13811,"@timestamp":"2026-03-31T20:29:35.564505Z"}
{"@file":"src/psp/format_2025/operations.rs","@level":"debug","@line":60,"@message":"✅ Operations unpacked: count=5 operations=[66, 51, 45, 138, 180]","@module":"flavor::psp::format_2025::operations","@pid":13811,"@timestamp":"2026-03-31T20:29:35.564517Z"}
{"@file":"src/psp/format_2025/operations.rs","@level":"debug","@line":37,"@message":"✅ Operations packed: result=1794297981738414427","@module":"flavor::psp::format_2025::operations","@pid":13811,"@timestamp":"2026-03-31T20:29:35.564524Z"}
{"@file":"src/psp/format_2025/operations.rs","@level":"debug","@line":37,"@message":"✅ Operations packed: result=5","@module":"flavor::psp::format_2025::operations","@pid":13811,"@timestamp":"2026-03-31T20:29:35.564529Z"}
{"@file":"src/psp/format_2025/operations.rs","@level":"debug","@line":60,"@message":"✅ Operations unpacked: count=8 operations=[91, 241, 183, 254, 129, 160, 230, 24]","@module":"flavor::psp::format_2025::operations","@pid":13811,"@timestamp":"2026-03-31T20:29:35.564541Z"}
{"@file":"src/psp/format_2025/operations.rs","@level":"debug","@line":37,"@message":"✅ Operations packed: result=160068144296239","@module":"flavor::psp::format_2025::operations","@pid":13811,"@timestamp":"2026-03-31T20:29:35.564563Z"}
{"@file":"src/psp/format_2025/operations.rs","@level":"debug","@line":37,"@message":"✅ Operations packed: result=3973530156","@module":"flavor::psp::format_2025::operations","@pid":13811,"@timestamp":"2026-03-31T20:29:35.564574Z"}
{"@file":"src/psp/format_2025/operations.rs","@level":"debug","@line":60,"@message":"✅ Operations unpacked: count=6 operations=[47, 113, 225, 196, 148, 145]","@module":"flavor::psp::format_2025::operations","@pid":13811,"@timestamp":"2026-03-31T20:29:35.564581Z"}
{"@file":"src/psp/format_2025/operations.rs","@level":"debug","@line":60,"@message":"✅ Operations unpacked: count=8 operations=[32, 45, 93, 25, 54, 31, 27, 19]","@module":"flavor::psp::format_2025::operations","@pid":13811,"@timestamp":"2026-03-31T20:29:35.564588Z"}
{"@file":"src/psp/format_2025/operations.rs","@level":"debug","@line":37,"@message":"✅ Operations packed: result=1376728428306050336","@module":"flavor::psp::format_2025::operations","@pid":13811,"@timestamp":"2026-03-31T20:29:35.564607Z"}
{"@file":"src/psp/format_2025/operations.rs","@level":"debug","@line":37,"@message":"✅ Operations packed: result=194187675163080","@module":"flavor::psp::format_2025::operations","@pid":13811,"@timestamp":"2026-03-31T20:29:35.564621Z"}
{"@file":"src/psp/format_2025/operations.rs","@level":"debug","@line":60,"@message":"✅ Operations unpacked: count=8 operations=[32, 45, 93, 25, 54, 31, 27, 19]","@module":"flavor::psp::format_2025::operations","@pid":13811,"@timestamp":"2026-03-31T20:29:35.564625Z"}
{"@file":"src/psp/format_2025/operations.rs","@level":"debug","@line":37,"@message":"✅ Operations packed: result=866191504916","@module":"flavor::psp::format_2025::operations","@pid":13811,"@timestamp":"2026-03-31T20:29:35.564628Z"}
{"@file":"src/psp/format_2025/operations.rs","@level":"debug","@line":60,"@message":"✅ Operations unpacked: count=5 operations=[20, 118, 9, 173, 201]","@module":"flavor::psp::format_2025::operations","@pid":13811,"@timestamp":"2026-03-31T20:29:35.564664Z"}
{"@file":"src/psp/format_2025/operations.rs","@level":"debug","@line":60,"@message":"✅ Operations unpacked: count=8 operations=[104, 130, 110, 17, 33, 125, 179, 79]","@module":"flavor::psp::format_2025::operations","@pid":13811,"@timestamp":"2026-03-31T20:29:35.564672Z"}
{"@file":"src/psp/format_2025/operations.rs","@level":"debug","@line":37,"@message":"✅ Operations packed: result=0","@module":"flavor::psp::format_2025::operations","@pid":13811,"@timestamp":"2026-03-31T20:29:35.564667Z"}
{"@file":"src/psp/format_2025/operations.rs","@level":"debug","@line":37,"@message":"✅ Operations packed: result=5743071530807362152","@module":"flavor::psp::format_2025::operations","@pid":13811,"@timestamp":"2026-03-31T20:29:35.564699Z"}
{"@file":"src/psp/format_2025/operations.rs","@level":"debug","@line":60,"@message":"✅ Operations unpacked: count=8 operations=[104, 130, 110, 17, 33, 125, 179, 79]","@module":"flavor::psp::format_2025::operations","@pid":13811,"@timestamp":"2026-03-31T20:29:35.564717Z"}
{"@file":"src/psp/format_2025/operations.rs","@level":"debug","@line":37,"@message":"✅ Operations packed: result=1979052120097650371","@module":"flavor::psp::format_2025::operations","@pid":13811,"@timestamp":"2026-03-31T20:29:35.564724Z"}
{"@file":"src/psp/format_2025/operations.rs","@level":"debug","@line":37,"@message":"✅ Operations packed: result=4921747","@module":"flavor::psp::format_2025::operations","@pid":13811,"@timestamp":"2026-03-31T20:29:35.564732Z"}
{"@file":"src/psp/format_2025/operations.rs","@level":"debug","@line":60,"@message":"✅ Operations unpacked: count=8 operations=[195, 118, 103, 242, 106, 1, 119, 27]","@module":"flavor::psp::format_2025::operations","@pid":13811,"@timestamp":"2026-03-31T20:29:35.564755Z"}
{"@file":"src/psp/format_2025/operations.rs","@level":"debug","@line":60,"@message":"✅ Operations unpacked: count=8 operations=[146, 224, 35, 217, 27, 84, 14, 173]","@module":"flavor::psp::format_2025::operations","@pid":13811,"@timestamp":"2026-03-31T20:29:35.564764Z"}
{"@file":"src/psp/format_2025/operations.rs","@level":"debug","@line":37,"@message":"✅ Operations packed: result=12469996896819339410","@module":"flavor::psp::format_2025::operations","@pid":13811,"@timestamp":"2026-03-31T20:29:35.564791Z"}
{"@file":"src/psp/format_2025/operations.rs","@level":"debug","@line":37,"@message":"✅ Operations packed: result=129728838014008","@module":"flavor::psp::format_2025::operations","@pid":13811,"@timestamp":"2026-03-31T20:29:35.564794Z"}
{"@file":"src/psp/format_2025/operations.rs","@level":"debug","@line":37,"@message":"✅ Operations packed: result=985313270384","@module":"flavor::psp::format_2025::operations","@pid":13811,"@timestamp":"2026-03-31T20:29:35.564809Z"}
{"@file":"src/psp/format_2025/operations.rs","@level":"debug","@line":60,"@message":"✅ Operations unpacked: count=8 operations=[146, 224, 35, 217, 27, 84, 14, 173]","@module":"flavor::psp::format_2025::operations","@pid":13811,"@timestamp":"2026-03-31T20:29:35.564812Z"}
{"@file":"src/psp/format_2025/operations.rs","@level":"debug","@line":60,"@message":"✅ Operations unpacked: count=5 operations=[112, 90, 63, 105, 229]","@module":"flavor::psp::format_2025::operations","@pid":13811,"@timestamp":"2026-03-31T20:29:35.564843Z"}
{"@file":"src/psp/format_2025/operations.rs","@level":"debug","@line":37,"@message":"✅ Operations packed: result=15464259","@module":"flavor::psp::format_2025::operations","@pid":13811,"@timestamp":"2026-03-31T20:29:35.564848Z"}
{"@file":"src/psp/format_2025/operations.rs","@level":"debug","@line":60,"@message":"✅ Operations unpacked: count=8 operations=[86, 38, 84, 191, 9, 251, 147, 211]","@module":"flavor::psp::format_2025::operations","@pid":13811,"@timestamp":"2026-03-31T20:29:35.564882Z"}
{"@file":"src/psp/format_2025/operations.rs","@level":"debug","@line":37,"@message":"✅ Operations packed: result=229","@module":"flavor::psp::format_2025::operations","@pid":13811,"@timestamp":"2026-03-31T20:29:35.564901Z"}
{"@file":"src/psp/format_2025/operations.rs","@level":"debug","@line":37,"@message":"✅ Operations packed: result=15245805182862501462","@module":"flavor::psp::format_2025::operations","@pid":13811,"@timestamp":"2026-03-31T20:29:35.564905Z"}
{"@file":"src/psp/format_2025/operations.rs","@level":"debug","@line":37,"@message":"✅ Operations packed: result=3376722084","@module":"flavor::psp::format_2025::operations","@pid":13811,"@timestamp":"2026-03-31T20:29:35.564913Z"}
{"@file":"src/psp/format_2025/operations.rs","@level":"debug","@line":60,"@message":"✅ Operations unpacked: count=1 operations=[229]","@module":"flavor::psp::format_2025::operations","@pid":13811,"@timestamp":"2026-03-31T20:29:35.564934Z"}
{"@file":"src/psp/format_2025/operations.rs","@level":"debug","@line":60,"@message":"✅ Operations unpacked: count=8 operations=[86, 38, 84, 191, 9, 251, 147, 211]","@module":"flavor::psp::format_2025::operations","@pid":13811,"@timestamp":"2026-03-31T20:29:35.564947Z"}
{"@file":"src/psp/format_2025/operations.rs","@level":"debug","@line":37,"@message":"✅ Operations packed: result=9903739127241293","@module":"flavor::psp::format_2025::operations","@pid":13811,"@timestamp":"2026-03-31T20:29:35.564987Z"}
{"@file":"src/psp/format_2025/operations.rs","@level":"debug","@line":37,"@message":"✅ Operations packed: result=11296892","@module":"flavor::psp::format_2025::operations","@pid":13811,"@timestamp":"2026-03-31T20:29:35.565000Z"}
{"@file":"src/psp/format_2025/operations.rs","@level":"debug","@line":60,"@message":"✅ Operations unpacked: count=8 operations=[143, 11, 159, 121, 106, 115, 138, 226]","@module":"flavor::psp::format_2025::operations","@pid":13811,"@timestamp":"2026-03-31T20:29:35.565011Z"}
{"@file":"src/psp/format_2025/operations.rs","@level":"debug","@line":60,"@message":"✅ Operations unpacked: count=3 operations=[124, 96, 172]","@module":"flavor::psp::format_2025::operations","@pid":13811,"@timestamp":"2026-03-31T20:29:35.565027Z"}
{"@file":"src/psp/format_2025/operations.rs","@level":"debug","@line":37,"@message":"✅ Operations packed: result=22447","@module":"flavor::psp::format_2025::operations","@pid":13811,"@timestamp":"2026-03-31T20:29:35.565036Z"}
{"@file":"src/psp/format_2025/operations.rs","@level":"debug","@line":37,"@message":"✅ Operations packed: result=16323986700501977999","@module":"flavor::psp::format_2025::operations","@pid":13811,"@timestamp":"2026-03-31T20:29:35.565037Z"}
{"@file":"src/psp/format_2025/operations.rs","@level":"debug","@line":60,"@message":"✅ Operations unpacked: count=8 operations=[143, 11, 159, 121, 106, 115, 138, 226]","@module":"flavor::psp::format_2025::operations","@pid":13811,"@timestamp":"2026-03-31T20:29:35.565069Z"}
{"@file":"src/psp/format_2025/operations.rs","@level":"debug","@line":37,"@message":"✅ Operations packed: result=1063796197952","@module":"flavor::psp::format_2025::operations","@pid":13811,"@timestamp":"2026-03-31T20:29:35.565080Z"}
{"@file":"src/psp/format_2025/operations.rs","@level":"debug","@line":37,"@message":"✅ Operations packed: result=0","@module":"flavor::psp::format_2025::operations","@pid":13811,"@timestamp":"2026-03-31T20:29:35.565091Z"}
{"@file":"src/psp/format_2025/operations.rs","@level":"debug","@line":60,"@message":"✅ Operations unpacked: count=5 operations=[64, 202, 49, 175, 247]","@module":"flavor::psp::format_2025::operations","@pid":13811,"@timestamp":"2026-03-31T20:29:35.565106Z"}
{"@file":"src/psp/format_2025/operations.rs","@level":"debug","@line":60,"@message":"✅ Operations unpacked: count=8 operations=[36, 121, 94, 134, 170, 140, 78, 231]","@module":"flavor::psp::format_2025::operations","@pid":13811,"@timestamp":"2026-03-31T20:29:35.565115Z"}
{"@file":"src/psp/format_2025/operations.rs","@level":"debug","@line":37,"@message":"✅ Operations packed: result=16667413934971451684","@module":"flavor::psp::format_2025::operations","@pid":13811,"@timestamp":"2026-03-31T20:29:35.565142Z"}
{"@file":"src/psp/format_2025/operations.rs","@level":"debug","@line":37,"@message":"✅ Operations packed: result=10483566","@module":"flavor::psp::format_2025::operations","@pid":13811,"@timestamp":"2026-03-31T20:29:35.565144Z"}
{"@file":"src/psp/format_2025/operations.rs","@level":"debug","@line":37,"@message":"✅ Operations packed: result=0","@module":"flavor::psp::format_2025::operations","@pid":13811,"@timestamp":"2026-03-31T20:29:35.565161Z"}
{"@file":"src/psp/format_2025/operations.rs","@level":"debug","@line":60,"@message":"✅ Operations unpacked: count=8 operations=[36, 121, 94, 134, 170, 140, 78, 231]","@module":"flavor::psp::format_2025::operations","@pid":13811,"@timestamp":"2026-03-31T20:29:35.565162Z"}
{"@file":"src/psp/format_2025/operations.rs","@level":"debug","@line":60,"@message":"✅ Operations unpacked: count=0 operations=[]","@module":"flavor::psp::format_2025::operations","@pid":13811,"@timestamp":"2026-03-31T20:29:35.565193Z"}
{"@file":"src/psp/format_2025/operations.rs","@level":"debug","@line":37,"@message":"✅ Operations packed: result=46470","@module":"flavor::psp::format_2025::operations","@pid":13811,"@timestamp":"2026-03-31T20:29:35.565198Z"}
{"@file":"src/psp/format_2025/operations.rs","@level":"debug","@line":60,"@message":"✅ Operations unpacked: count=8 operations=[112, 160, 51, 246, 186, 59, 17, 28]","@module":"flavor::psp::format_2025::operations","@pid":13811,"@timestamp":"2026-03-31T20:29:35.565233Z"}
{"@file":"src/psp/format_2025/operations.rs","@level":"debug","@line":37,"@message":"✅ Operations packed: result=57","@module":"flavor::psp::format_2025::operations","@pid":13811,"@timestamp":"2026-03-31T20:29:35.565250Z"}
{"@file":"src/psp/format_2025/operations.rs","@level":"debug","@line":37,"@message":"✅ Operations packed: result=2022463381846597744","@module":"flavor::psp::format_2025::operations","@pid":13811,"@timestamp":"2026-03-31T20:29:35.565255Z"}
{"@file":"src/psp/format_2025/operations.rs","@level":"debug","@line":37,"@message":"✅ Operations packed: result=39429915658784633","@module":"flavor::psp::format_2025::operations","@pid":13811,"@timestamp":"2026-03-31T20:29:35.565264Z"}
{"@file":"src/psp/format_2025/operations.rs","@level":"debug","@line":60,"@message":"✅ Operations unpacked: count=1 operations=[57]","@module":"flavor::psp::format_2025::operations","@pid":13811,"@timestamp":"2026-03-31T20:29:35.565282Z"}
{"@file":"src/psp/format_2025/operations.rs","@level":"debug","@line":60,"@message":"✅ Operations unpacked: count=8 operations=[112, 160, 51, 246, 186, 59, 17, 28]","@module":"flavor::psp::format_2025::operations","@pid":13811,"@timestamp":"2026-03-31T20:29:35.565296Z"}
{"@file":"src/psp/format_2025/operations.rs","@level":"debug","@line":37,"@message":"✅ Operations packed: result=379381310105","@module":"flavor::psp::format_2025::operations","@pid":13811,"@timestamp":"2026-03-31T20:29:35.565333Z"}
{"@file":"src/psp/format_2025/operations.rs","@level":"debug","@line":37,"@message":"✅ Operations packed: result=972444922840","@module":"flavor::psp::format_2025::operations","@pid":13811,"@timestamp":"2026-03-31T20:29:35.565349Z"}
{"@file":"src/psp/format_2025/operations.rs","@level":"debug","@line":60,"@message":"✅ Operations unpacked: count=8 operations=[234, 178, 14, 144, 150, 205, 186, 100]","@module":"flavor::psp::format_2025::operations","@pid":13811,"@timestamp":"2026-03-31T20:29:35.565359Z"}
{"@file":"src/psp/format_2025/operations.rs","@level":"debug","@line":37,"@message":"✅ Operations packed: result=16017","@module":"flavor::psp::format_2025::operations","@pid":13811,"@timestamp":"2026-03-31T20:29:35.565380Z"}
{"@file":"src/psp/format_2025/operations.rs","@level":"debug","@line":37,"@message":"✅ Operations packed: result=7258339796006646506","@module":"flavor::psp::format_2025::operations","@pid":13811,"@timestamp":"2026-03-31T20:29:35.565394Z"}
{"@file":"src/psp/format_2025/operations.rs","@level":"debug","@line":60,"@message":"✅ Operations unpacked: count=5 operations=[216, 243, 59, 106, 226]","@module":"flavor::psp::format_2025::operations","@pid":13811,"@timestamp":"2026-03-31T20:29:35.565383Z"}
{"@file":"src/psp/format_2025/operations.rs","@level":"debug","@line":60,"@message":"✅ Operations unpacked: count=8 operations=[234, 178, 14, 144, 150, 205, 186, 100]","@module":"flavor::psp::format_2025::operations","@pid":13811,"@timestamp":"2026-03-31T20:29:35.565419Z"}
{"@file":"src/psp/format_2025/operations.rs","@level":"debug","@line":37,"@message":"✅ Operations packed: result=7402260088079250282","@module":"flavor::psp::format_2025::operations","@pid":13811,"@timestamp":"2026-03-31T20:29:35.565438Z"}
{"@file":"src/psp/format_2025/operations.rs","@level":"debug","@line":37,"@message":"✅ Operations packed: result=3228177560","@module":"flavor::psp::format_2025::operations","@pid":13811,"@timestamp":"2026-03-31T20:29:35.565460Z"}
{"@file":"src/psp/format_2025/operations.rs","@level":"debug","@line":60,"@message":"✅ Operations unpacked: count=8 operations=[211, 73, 223, 67, 79, 68, 109, 247]","@module":"flavor::psp::format_2025::operations","@pid":13811,"@timestamp":"2026-03-31T20:29:35.565470Z"}
{"@file":"src/psp/format_2025/operations.rs","@level":"debug","@line":37,"@message":"✅ Operations packed: result=1933251646","@module":"flavor::psp::format_2025::operations","@pid":13811,"@timestamp":"2026-03-31T20:29:35.565488Z"}
{"@file":"src/psp/format_2025/operations.rs","@level":"debug","@line":37,"@message":"✅ Operations packed: result=17828981607061473747","@module":"flavor::psp::format_2025::operations","@pid":13811,"@timestamp":"2026-03-31T20:29:35.565498Z"}
{"@file":"src/psp/format_2025/operations.rs","@level":"debug","@line":60,"@message":"✅ Operations unpacked: count=4 operations=[152, 20, 106, 192]","@module":"flavor::psp::format_2025::operations","@pid":13811,"@timestamp":"2026-03-31T20:29:35.565489Z"}
{"@file":"src/psp/format_2025/operations.rs","@level":"debug","@line":60,"@message":"✅ Operations unpacked: count=8 operations=[211, 73, 223, 67, 79, 68, 109, 247]","@module":"flavor::psp::format_2025::operations","@pid":13811,"@timestamp":"2026-03-31T20:29:35.565520Z"}
{"@file":"src/psp/format_2025/operations.rs","@level":"debug","@line":37,"@message":"✅ Operations packed: result=7355037697023267","@module":"flavor::psp::format_2025::operations","@pid":13811,"@timestamp":"2026-03-31T20:29:35.565546Z"}
{"@file":"src/psp/format_2025/operations.rs","@level":"debug","@line":37,"@message":"✅ Operations packed: result=628153344051","@module":"flavor::psp::format_2025::operations","@pid":13811,"@timestamp":"2026-03-31T20:29:35.565557Z"}
{"@file":"src/psp/format_2025/operations.rs","@level":"debug","@line":60,"@message":"✅ Operations unpacked: count=8 operations=[59, 175, 15, 246, 179, 32, 147, 118]","@module":"flavor::psp::format_2025::operations","@pid":13811,"@timestamp":"2026-03-31T20:29:35.565572Z"}
{"@file":"src/psp/format_2025/operations.rs","@level":"debug","@line":60,"@message":"✅ Operations unpacked: count=5 operations=[51, 96, 219, 64, 146]","@module":"flavor::psp::format_2025::operations","@pid":13811,"@timestamp":"2026-03-31T20:29:35.565583Z"}
{"@file":"src/psp/format_2025/operations.rs","@level":"debug","@line":37,"@message":"✅ Operations packed: result=275446914111","@module":"flavor::psp::format_2025::operations","@pid":13811,"@timestamp":"2026-03-31T20:29:35.565596Z"}
{"@file":"src/psp/format_2025/operations.rs","@level":"debug","@line":37,"@message":"✅ Operations packed: result=8544208875351420731","@module":"flavor::psp::format_2025::operations","@pid":13811,"@timestamp":"2026-03-31T20:29:35.565599Z"}
{"@file":"src/psp/format_2025/operations.rs","@level":"debug","@line":60,"@message":"✅ Operations unpacked: count=8 operations=[59, 175, 15, 246, 179, 32, 147, 118]","@module":"flavor::psp::format_2025::operations","@pid":13811,"@timestamp":"2026-03-31T20:29:35.565631Z"}
{"@file":"src/psp/format_2025/operations.rs","@level":"debug","@line":37,"@message":"✅ Operations packed: result=6048654310486","@module":"flavor::psp::format_2025::operations","@pid":13811,"@timestamp":"2026-03-31T20:29:35.565639Z"}
{"@file":"src/psp/format_2025/operations.rs","@level":"debug","@line":37,"@message":"✅ Operations packed: result=0","@module":"flavor::psp::format_2025::operations","@pid":13811,"@timestamp":"2026-03-31T20:29:35.565652Z"}
{"@file":"src/psp/format_2025/operations.rs","@level":"debug","@line":60,"@message":"✅ Operations unpacked: count=6 operations=[86, 60, 228, 79, 128, 5]","@module":"flavor::psp::format_2025::operations","@pid":13811,"@timestamp":"2026-03-31T20:29:35.565664Z"}
{"@file":"src/psp/format_2025/operations.rs","@level":"debug","@line":60,"@message":"✅ Operations unpacked: count=8 operations=[43, 53, 31, 156, 200, 162, 104, 56]","@module":"flavor::psp::format_2025::operations","@pid":13811,"@timestamp":"2026-03-31T20:29:35.565680Z"}
{"@file":"src/psp/format_2025/operations.rs","@level":"debug","@line":37,"@message":"✅ Operations packed: result=6971485073000281176","@module":"flavor::psp::format_2025::operations","@pid":13811,"@timestamp":"2026-03-31T20:29:35.565707Z"}
{"@file":"src/psp/format_2025/operations.rs","@level":"debug","@line":37,"@message":"✅ Operations packed: result=4064677646198322475","@module":"flavor::psp::format_2025::operations","@pid":13811,"@timestamp":"2026-03-31T20:29:35.565709Z"}
{"@file":"src/psp/format_2025/operations.rs","@level":"debug","@line":37,"@message":"✅ Operations packed: result=2412107843","@module":"flavor::psp::format_2025::operations","@pid":13811,"@timestamp":"2026-03-31T20:29:35.565718Z"}
{"@file":"src/psp/format_2025/operations.rs","@level":"debug","@line":60,"@message":"✅ Operations unpacked: count=8 operations=[43, 53, 31, 156, 200, 162, 104, 56]","@module":"flavor::psp::format_2025::operations","@pid":13811,"@timestamp":"2026-03-31T20:29:35.565741Z"}
{"@file":"src/psp/format_2025/operations.rs","@level":"debug","@line":60,"@message":"✅ Operations unpacked: count=4 operations=[67, 216, 197, 143]","@module":"flavor::psp::format_2025::operations","@pid":13811,"@timestamp":"2026-03-31T20:29:35.565756Z"}
{"@file":"src/psp/format_2025/operations.rs","@level":"debug","@line":37,"@message":"✅ Operations packed: result=0","@module":"flavor::psp::format_2025::operations","@pid":13811,"@timestamp":"2026-03-31T20:29:35.565758Z"}
{"@file":"src/psp/format_2025/operations.rs","@level":"debug","@line":60,"@message":"✅ Operations unpacked: count=8 operations=[225, 3, 50, 214, 161, 246, 153, 19]","@module":"flavor::psp::format_2025::operations","@pid":13811,"@timestamp":"2026-03-31T20:29:35.565789Z"}
{"@file":"src/psp/format_2025/operations.rs","@level":"debug","@line":37,"@message":"✅ Operations packed: result=9888064","@module":"flavor::psp::format_2025::operations","@pid":13811,"@timestamp":"2026-03-31T20:29:35.565809Z"}
{"@file":"src/psp/format_2025/operations.rs","@level":"debug","@line":37,"@message":"✅ Operations packed: result=129624884894285","@module":"flavor::psp::format_2025::operations","@pid":13811,"@timestamp":"2026-03-31T20:29:35.565817Z"}
{"@file":"src/psp/format_2025/operations.rs","@level":"debug","@line":37,"@message":"✅ Operations packed: result=1412431133101130721","@module":"flavor::psp::format_2025::operations","@pid":13811,"@timestamp":"2026-03-31T20:29:35.565810Z"}
{"@file":"src/psp/format_2025/operations.rs","@level":"debug","@line":60,"@message":"✅ Operations unpacked: count=3 operations=[64, 225, 150]","@module":"flavor::psp::format_2025::operations","@pid":13811,"@timestamp":"2026-03-31T20:29:35.565830Z"}
{"@file":"src/psp/format_2025/operations.rs","@level":"debug","@line":60,"@message":"✅ Operations unpacked: count=8 operations=[225, 3, 50, 214, 161, 246, 153, 19]","@module":"flavor::psp::format_2025::operations","@pid":13811,"@timestamp":"2026-03-31T20:29:35.565844Z"}
{"@file":"src/psp/format_2025/operations.rs","@level":"debug","@line":37,"@message":"✅ Operations packed: result=0","@module":"flavor::psp::format_2025::operations","@pid":13811,"@timestamp":"2026-03-31T20:29:35.565864Z"}
{"@file":"src/psp/format_2025/operations.rs","@level":"debug","@line":37,"@message":"✅ Operations packed: result=35422351598542","@module":"flavor::psp::format_2025::operations","@pid":13811,"@timestamp":"2026-03-31T20:29:35.565878Z"}
{"@file":"src/psp/format_2025/operations.rs","@level":"debug","@line":60,"@message":"✅ Operations unpacked: count=8 operations=[143, 64, 229, 19, 6, 241, 183, 95]","@module":"flavor::psp::format_2025::operations","@pid":13811,"@timestamp":"2026-03-31T20:29:35.565891Z"}
{"@file":"src/psp/format_2025/operations.rs","@level":"debug","@line":60,"@message":"✅ Operations unpacked: count=6 operations=[206, 35, 175, 104, 55, 32]","@module":"flavor::psp::format_2025::operations","@pid":13811,"@timestamp":"2026-03-31T20:29:35.565898Z"}
{"@file":"src/psp/format_2025/operations.rs","@level":"debug","@line":37,"@message":"✅ Operations packed: result=6897246362747093135","@module":"flavor::psp::format_2025::operations","@pid":13811,"@timestamp":"2026-03-31T20:29:35.565911Z"}
{"@file":"src/psp/format_2025/operations.rs","@level":"debug","@line":37,"@message":"✅ Operations packed: result=48365","@module":"flavor::psp::format_2025::operations","@pid":13811,"@timestamp":"2026-03-31T20:29:35.565911Z"}
{"@file":"src/psp/format_2025/operations.rs","@level":"debug","@line":60,"@message":"✅ Operations unpacked: count=8 operations=[143, 64, 229, 19, 6, 241, 183, 95]","@module":"flavor::psp::format_2025::operations","@pid":13811,"@timestamp":"2026-03-31T20:29:35.565931Z"}
{"@file":"src/psp/format_2025/operations.rs","@level":"debug","@line":37,"@message":"✅ Operations packed: result=262478942766494","@module":"flavor::psp::format_2025::operations","@pid":13811,"@timestamp":"2026-03-31T20:29:35.565947Z"}
{"@file":"src/psp/format_2025/operations.rs","@level":"debug","@line":37,"@message":"✅ Operations packed: result=0","@module":"flavor::psp::format_2025::operations","@pid":13811,"@timestamp":"2026-03-31T20:29:35.565966Z"}
{"@file":"src/psp/format_2025/operations.rs","@level":"debug","@line":60,"@message":"✅ Operations unpacked: count=6 operations=[158, 5, 37, 36, 185, 238]","@module":"flavor::psp::format_2025::operations","@pid":13811,"@timestamp":"2026-03-31T20:29:35.565967Z"}
{"@file":"src/psp/format_2025/operations.rs","@level":"debug","@line":60,"@message":"✅ Operations unpacked: count=8 operations=[197, 42, 240, 128, 127, 180, 135, 133]","@module":"flavor::psp::format_2025::operations","@pid":13811,"@timestamp":"2026-03-31T20:29:35.565978Z"}
{"@file":"src/psp/format_2025/operations.rs","@level":"debug","@line":37,"@message":"✅ Operations packed: result=9621857588617423557","@module":"flavor::psp::format_2025::operations","@pid":13811,"@timestamp":"2026-03-31T20:29:35.566002Z"}
{"@file":"src/psp/format_2025/operations.rs","@level":"debug","@line":37,"@message":"✅ Operations packed: result=39120794972","@module":"flavor::psp::format_2025::operations","@pid":13811,"@timestamp":"2026-03-31T20:29:35.566015Z"}
{"@file":"src/psp/format_2025/operations.rs","@level":"debug","@line":60,"@message":"✅ Operations unpacked: count=8 operations=[197, 42, 240, 128, 127, 180, 135, 133]","@module":"flavor::psp::format_2025::operations","@pid":13811,"@timestamp":"2026-03-31T20:29:35.566021Z"}
{"@file":"src/psp/format_2025/operations.rs","@level":"debug","@line":37,"@message":"✅ Operations packed: result=1011742666","@module":"flavor::psp::format_2025::operations","@pid":13811,"@timestamp":"2026-03-31T20:29:35.566023Z"}
{"@file":"src/psp/format_2025/operations.rs","@level":"debug","@line":60,"@message":"✅ Operations unpacked: count=4 operations=[202, 247, 77, 60]","@module":"flavor::psp::format_2025::operations","@pid":13811,"@timestamp":"2026-03-31T20:29:35.566048Z"}
{"@file":"src/psp/format_2025/operations.rs","@level":"debug","@line":37,"@message":"✅ Operations packed: result=1224018070","@module":"flavor::psp::format_2025::operations","@pid":13811,"@timestamp":"2026-03-31T20:29:35.566062Z"}
{"@file":"src/psp/format_2025/operations.rs","@level":"debug","@line":60,"@message":"✅ Operations unpacked: count=8 operations=[82, 52, 166, 119, 166, 192, 123, 104]","@module":"flavor::psp::format_2025::operations","@pid":13811,"@timestamp":"2026-03-31T20:29:35.566068Z"}
{"@file":"src/psp/format_2025/operations.rs","@level":"debug","@line":37,"@message":"✅ Operations packed: result=7528823023284401234","@module":"flavor::psp::format_2025::operations","@pid":13811,"@timestamp":"2026-03-31T20:29:35.566088Z"}
{"@file":"src/psp/format_2025/operations.rs","@level":"debug","@line":37,"@message":"✅ Operations packed: result=0","@module":"flavor::psp::format_2025::operations","@pid":13811,"@timestamp":"2026-03-31T20:29:35.566097Z"}
{"@file":"src/psp/format_2025/operations.rs","@level":"debug","@line":60,"@message":"✅ Operations unpacked: count=8 operations=[82, 52, 166, 119, 166, 192, 123, 104]","@module":"flavor::psp::format_2025::operations","@pid":13811,"@timestamp":"2026-03-31T20:29:35.566107Z"}
{"@file":"src/psp/format_2025/operations.rs","@level":"debug","@line":60,"@message":"✅ Operations unpacked: count=0 operations=[]","@module":"flavor::psp::format_2025::operations","@pid":13811,"@timestamp":"2026-03-31T20:29:35.566116Z"}
{"@file":"src/psp/format_2025/operations.rs","@level":"debug","@line":37,"@message":"✅ Operations packed: result=1049610692263","@module":"flavor::psp::format_2025::operations","@pid":13811,"@timestamp":"2026-03-31T20:29:35.566110Z"}
{"@file":"src/psp/format_2025/operations.rs","@level":"debug","@line":60,"@message":"✅ Operations unpacked: count=8 operations=[27, 141, 9, 104, 196, 225, 171, 249]","@module":"flavor::psp::format_2025::operations","@pid":13811,"@timestamp":"2026-03-31T20:29:35.566156Z"}
{"@file":"src/psp/format_2025/operations.rs","@level":"debug","@line":37,"@message":"✅ Operations packed: result=145827995098569","@module":"flavor::psp::format_2025::operations","@pid":13811,"@timestamp":"2026-03-31T20:29:35.566171Z"}
{"@file":"src/psp/format_2025/operations.rs","@level":"debug","@line":37,"@message":"✅ Operations packed: result=12366602457357618","@module":"flavor::psp::format_2025::operations","@pid":13811,"@timestamp":"2026-03-31T20:29:35.566164Z"}
{"@file":"src/psp/format_2025/operations.rs","@level":"debug","@line":37,"@message":"✅ Operations packed: result=17990721370136874267","@module":"flavor::psp::format_2025::operations","@pid":13811,"@timestamp":"2026-03-31T20:29:35.566185Z"}
{"@file":"src/psp/format_2025/operations.rs","@level":"debug","@line":60,"@message":"✅ Operations unpacked: count=7 operations=[50, 157, 140, 2, 92, 239, 43]","@module":"flavor::psp::format_2025::operations","@pid":13811,"@timestamp":"2026-03-31T20:29:35.566210Z"}
{"@file":"src/psp/format_2025/operations.rs","@level":"debug","@line":60,"@message":"✅ Operations unpacked: count=8 operations=[27, 141, 9, 104, 196, 225, 171, 249]","@module":"flavor::psp::format_2025::operations","@pid":13811,"@timestamp":"2026-03-31T20:29:35.566221Z"}
{"@file":"src/psp/format_2025/operations.rs","@level":"debug","@line":37,"@message":"✅ Operations packed: result=23426","@module":"flavor::psp::format_2025::operations","@pid":13811,"@timestamp":"2026-03-31T20:29:35.566219Z"}
{"@file":"src/psp/format_2025/operations.rs","@level":"debug","@line":37,"@message":"✅ Operations packed: result=6773527","@module":"flavor::psp::format_2025::operations","@pid":13811,"@timestamp":"2026-03-31T20:29:35.566271Z"}
{"@file":"src/psp/format_2025/operations.rs","@level":"debug","@line":37,"@message":"✅ Operations packed: result=65136","@module":"flavor::psp::format_2025::operations","@pid":13811,"@timestamp":"2026-03-31T20:29:35.566283Z"}
{"@file":"src/psp/format_2025/operations.rs","@level":"debug","@line":60,"@message":"✅ Operations unpacked: count=8 operations=[232, 8, 103, 244, 157, 39, 19, 95]","@module":"flavor::psp::format_2025::operations","@pid":13811,"@timestamp":"2026-03-31T20:29:35.566277Z"}
{"@file":"src/psp/format_2025/operations.rs","@level":"debug","@line":60,"@message":"✅ Operations unpacked: count=3 operations=[23, 91, 103]","@module":"flavor::psp::format_2025::operations","@pid":13811,"@timestamp":"2026-03-31T20:29:35.566305Z"}
{"@file":"src/psp/format_2025/operations.rs","@level":"debug","@line":37,"@message":"✅ Operations packed: result=6850863017524398312","@module":"flavor::psp::format_2025::operations","@pid":13811,"@timestamp":"2026-03-31T20:29:35.566336Z"}
{"@file":"src/psp/format_2025/operations.rs","@level":"debug","@line":37,"@message":"✅ Operations packed: result=113","@module":"flavor::psp::format_2025::operations","@pid":13811,"@timestamp":"2026-03-31T20:29:35.566337Z"}
{"@file":"src/psp/format_2025/operations.rs","@level":"debug","@line":60,"@message":"✅ Operations unpacked: count=8 operations=[232, 8, 103, 244, 157, 39, 19, 95]","@module":"flavor::psp::format_2025::operations","@pid":13811,"@timestamp":"2026-03-31T20:29:35.566364Z"}
{"@file":"src/psp/format_2025/operations.rs","@level":"debug","@line":37,"@message":"✅ Operations packed: result=6444","@module":"flavor::psp::format_2025::operations","@pid":13811,"@timestamp":"2026-03-31T20:29:35.566375Z"}
{"@file":"src/psp/format_2025/operations.rs","@level":"debug","@line":60,"@message":"✅ Operations unpacked: count=2 operations=[44, 25]","@module":"flavor::psp::format_2025::operations","@pid":13811,"@timestamp":"2026-03-31T20:29:35.566401Z"}
{"@file":"src/psp/format_2025/operations.rs","@level":"debug","@line":37,"@message":"✅ Operations packed: result=0","@module":"flavor::psp::format_2025::operations","@pid":13811,"@timestamp":"2026-03-31T20:29:35.566397Z"}
{"@file":"src/psp/format_2025/operations.rs","@level":"debug","@line":60,"@message":"✅ Operations unpacked: count=8 operations=[188, 253, 255, 125, 241, 42, 139, 25]","@module":"flavor::psp::format_2025::operations","@pid":13811,"@timestamp":"2026-03-31T20:29:35.566412Z"}
{"@file":"src/psp/format_2025/operations.rs","@level":"debug","@line":37,"@message":"✅ Operations packed: result=1840612089400393148","@module":"flavor::psp::format_2025::operations","@pid":13811,"@timestamp":"2026-03-31T20:29:35.566450Z"}
{"@file":"src/psp/format_2025/operations.rs","@level":"debug","@line":37,"@message":"✅ Operations packed: result=41923","@module":"flavor::psp::format_2025::operations","@pid":13811,"@timestamp":"2026-03-31T20:29:35.566455Z"}
{"@file":"src/psp/format_2025/operations.rs","@level":"debug","@line":60,"@message":"✅ Operations unpacked: count=8 operations=[188, 253, 255, 125, 241, 42, 139, 25]","@module":"flavor::psp::format_2025::operations","@pid":13811,"@timestamp":"2026-03-31T20:29:35.566469Z"}
{"@file":"src/psp/format_2025/operations.rs","@level":"debug","@line":37,"@message":"✅ Operations packed: result=3202357374212792774","@module":"flavor::psp::format_2025::operations","@pid":13811,"@timestamp":"2026-03-31T20:29:35.566470Z"}
{"@file":"src/psp/format_2025/operations.rs","@level":"debug","@line":60,"@message":"✅ Operations unpacked: count=2 operations=[195, 163]","@module":"flavor::psp::format_2025::operations","@pid":13811,"@timestamp":"2026-03-31T20:29:35.566473Z"}
{"@file":"src/psp/format_2025/operations.rs","@level":"debug","@line":60,"@message":"✅ Operations unpacked: count=8 operations=[110, 251, 130, 230, 206, 211, 143, 62]","@module":"flavor::psp::format_2025::operations","@pid":13811,"@timestamp":"2026-03-31T20:29:35.566521Z"}
{"@file":"src/psp/format_2025/operations.rs","@level":"debug","@line":37,"@message":"✅ Operations packed: result=1338038606","@module":"flavor::psp::format_2025::operations","@pid":13811,"@timestamp":"2026-03-31T20:29:35.566534Z"}
{"@file":"src/psp/format_2025/operations.rs","@level":"debug","@line":37,"@message":"✅ Operations packed: result=4508054637605223278","@module":"flavor::psp::format_2025::operations","@pid":13811,"@timestamp":"2026-03-31T20:29:35.566545Z"}
{"@file":"src/psp/format_2025/operations.rs","@level":"debug","@line":37,"@message":"✅ Operations packed: result=28560","@module":"flavor::psp::format_2025::operations","@pid":13811,"@timestamp":"2026-03-31T20:29:35.566553Z"}
{"@file":"src/psp/format_2025/operations.rs","@level":"debug","@line":60,"@message":"✅ Operations unpacked: count=8 operations=[110, 251, 130, 230, 206, 211, 143, 62]","@module":"flavor::psp::format_2025::operations","@pid":13811,"@timestamp":"2026-03-31T20:29:35.566571Z"}
{"@file":"src/psp/format_2025/operations.rs","@level":"debug","@line":60,"@message":"✅ Operations unpacked: count=2 operations=[144, 111]","@module":"flavor::psp::format_2025::operations","@pid":13811,"@timestamp":"2026-03-31T20:29:35.566586Z"}
{"@file":"src/psp/format_2025/operations.rs","@level":"debug","@line":37,"@message":"✅ Operations packed: result=248","@module":"flavor::psp::format_2025::operations","@pid":13811,"@timestamp":"2026-03-31T20:29:35.566587Z"}
{"@file":"src/psp/format_2025/operations.rs","@level":"debug","@line":60,"@message":"✅ Operations unpacked: count=8 operations=[138, 203, 102, 224, 242, 65, 167, 43]","@module":"flavor::psp::format_2025::operations","@pid":13811,"@timestamp":"2026-03-31T20:29:35.566621Z"}
{"@file":"src/psp/format_2025/operations.rs","@level":"debug","@line":37,"@message":"✅ Operations packed: result=3145555376144305034","@module":"flavor::psp::format_2025::operations","@pid":13811,"@timestamp":"2026-03-31T20:29:35.566643Z"}
{"@file":"src/psp/format_2025/operations.rs","@level":"debug","@line":37,"@message":"✅ Operations packed: result=0","@module":"flavor::psp::format_2025::operations","@pid":13811,"@timestamp":"2026-03-31T20:29:35.566650Z"}
{"@file":"src/psp/format_2025/operations.rs","@level":"debug","@line":37,"@message":"✅ Operations packed: result=14814062727127186131","@module":"flavor::psp::format_2025::operations","@pid":13811,"@timestamp":"2026-03-31T20:29:35.566657Z"}
{"@file":"src/psp/format_2025/operations.rs","@level":"debug","@line":60,"@message":"✅ Operations unpacked: count=0 operations=[]","@module":"flavor::psp::format_2025::operations","@pid":13811,"@timestamp":"2026-03-31T20:29:35.566675Z"}
{"@file":"src/psp/format_2025/operations.rs","@level":"debug","@line":60,"@message":"✅ Operations unpacked: count=8 operations=[138, 203, 102, 224, 242, 65, 167, 43]","@module":"flavor::psp::format_2025::operations","@pid":13811,"@timestamp":"2026-03-31T20:29:35.566666Z"}
{"@file":"src/psp/format_2025/operations.rs","@level":"debug","@line":37,"@message":"✅ Operations packed: result=844816643838","@module":"flavor::psp::format_2025::operations","@pid":13811,"@timestamp":"2026-03-31T20:29:35.566713Z"}
{"@file":"src/psp/format_2025/operations.rs","@level":"debug","@line":37,"@message":"✅ Operations packed: result=0","@module":"flavor::psp::format_2025::operations","@pid":13811,"@timestamp":"2026-03-31T20:29:35.566725Z"}
{"@file":"src/psp/format_2025/operations.rs","@level":"debug","@line":60,"@message":"✅ Operations unpacked: count=0 operations=[]","@module":"flavor::psp::format_2025::operations","@pid":13811,"@timestamp":"2026-03-31T20:29:35.566744Z"}
{"@file":"src/psp/format_2025/operations.rs","@level":"debug","@line":60,"@message":"✅ Operations unpacked: count=8 operations=[233, 70, 221, 193, 239, 8, 71, 28]","@module":"flavor::psp::format_2025::operations","@pid":13811,"@timestamp":"2026-03-31T20:29:35.566742Z"}
{"@file":"src/psp/format_2025/operations.rs","@level":"debug","@line":37,"@message":"✅ Operations packed: result=176572158110927","@module":"flavor::psp::format_2025::operations","@pid":13811,"@timestamp":"2026-03-31T20:29:35.566765Z"}
{"@file":"src/psp/format_2025/operations.rs","@level":"debug","@line":37,"@message":"✅ Operations packed: result=2037607182251149033","@module":"flavor::psp::format_2025::operations","@pid":13811,"@timestamp":"2026-03-31T20:29:35.566790Z"}
{"@file":"src/psp/format_2025/operations.rs","@level":"debug","@line":37,"@message":"✅ Operations packed: result=33598349011364664","@module":"flavor::psp::format_2025::operations","@pid":13811,"@timestamp":"2026-03-31T20:29:35.566801Z"}
{"@file":"src/psp/format_2025/operations.rs","@level":"debug","@line":60,"@message":"✅ Operations unpacked: count=8 operations=[233, 70, 221, 193, 239, 8, 71, 28]","@module":"flavor::psp::format_2025::operations","@pid":13811,"@timestamp":"2026-03-31T20:29:35.566815Z"}
{"@file":"src/psp/format_2025/operations.rs","@level":"debug","@line":37,"@message":"✅ Operations packed: result=183426600060145","@module":"flavor::psp::format_2025::operations","@pid":13811,"@timestamp":"2026-03-31T20:29:35.566831Z"}
{"@file":"src/psp/format_2025/operations.rs","@level":"debug","@line":60,"@message":"✅ Operations unpacked: count=7 operations=[56, 171, 220, 57, 133, 93, 119]","@module":"flavor::psp::format_2025::operations","@pid":13811,"@timestamp":"2026-03-31T20:29:35.566828Z"}
{"@file":"src/psp/format_2025/operations.rs","@level":"debug","@line":60,"@message":"✅ Operations unpacked: count=8 operations=[96, 90, 190, 174, 208, 249, 104, 73]","@module":"flavor::psp::format_2025::operations","@pid":13811,"@timestamp":"2026-03-31T20:29:35.566877Z"}
{"@file":"src/psp/format_2025/operations.rs","@level":"debug","@line":37,"@message":"✅ Operations packed: result=14498978","@module":"flavor::psp::format_2025::operations","@pid":13811,"@timestamp":"2026-03-31T20:29:35.566888Z"}
{"@file":"src/psp/format_2025/operations.rs","@level":"debug","@line":37,"@message":"✅ Operations packed: result=1816782163","@module":"flavor::psp::format_2025::operations","@pid":13811,"@timestamp":"2026-03-31T20:29:35.566913Z"}
{"@file":"src/psp/format_2025/operations.rs","@level":"debug","@line":37,"@message":"✅ Operations packed: result=5289752437026871904","@module":"flavor::psp::format_2025::operations","@pid":13811,"@timestamp":"2026-03-31T20:29:35.566907Z"}
{"@file":"src/psp/format_2025/operations.rs","@level":"debug","@line":60,"@message":"✅ Operations unpacked: count=4 operations=[83, 229, 73, 108]","@module":"flavor::psp::format_2025::operations","@pid":13811,"@timestamp":"2026-03-31T20:29:35.566935Z"}
{"@file":"src/psp/format_2025/operations.rs","@level":"debug","@line":60,"@message":"✅ Operations unpacked: count=8 operations=[96, 90, 190, 174, 208, 249, 104, 73]","@module":"flavor::psp::format_2025::operations","@pid":13811,"@timestamp":"2026-03-31T20:29:35.566940Z"}
{"@file":"src/psp/format_2025/operations.rs","@level":"debug","@line":37,"@message":"✅ Operations packed: result=672231630038","@module":"flavor::psp::format_2025::operations","@pid":13811,"@timestamp":"2026-03-31T20:29:35.566943Z"}
{"@file":"src/psp/format_2025/operations.rs","@level":"debug","@line":37,"@message":"✅ Operations packed: result=0","@module":"flavor::psp::format_2025::operations","@pid":13811,"@timestamp":"2026-03-31T20:29:35.566981Z"}
{"@file":"src/psp/format_2025/operations.rs","@level":"debug","@line":60,"@message":"✅ Operations unpacked: count=8 operations=[175, 84, 51, 226, 162, 212, 30, 14]","@module":"flavor::psp::format_2025::operations","@pid":13811,"@timestamp":"2026-03-31T20:29:35.566990Z"}
{"@file":"src/psp/format_2025/operations.rs","@level":"debug","@line":60,"@message":"✅ Operations unpacked: count=0 operations=[]","@module":"flavor::psp::format_2025::operations","@pid":13811,"@timestamp":"2026-03-31T20:29:35.566999Z"}
{"@file":"src/psp/format_2025/operations.rs","@level":"debug","@line":37,"@message":"✅ Operations packed: result=0","@module":"flavor::psp::format_2025::operations","@pid":13811,"@timestamp":"2026-03-31T20:29:35.566995Z"}
{"@file":"src/psp/format_2025/operations.rs","@level":"debug","@line":37,"@message":"✅ Operations packed: result=1017484361877116079","@module":"flavor::psp::format_2025::operations","@pid":13811,"@timestamp":"2026-03-31T20:29:35.567012Z"}
{"@file":"src/psp/format_2025/operations.rs","@level":"debug","@line":60,"@message":"✅ Operations unpacked: count=8 operations=[175, 84, 51, 226, 162, 212, 30, 14]","@module":"flavor::psp::format_2025::operations","@pid":13811,"@timestamp":"2026-03-31T20:29:35.567050Z"}
{"@file":"src/psp/format_2025/operations.rs","@level":"debug","@line":37,"@message":"✅ Operations packed: result=29300","@module":"flavor::psp::format_2025::operations","@pid":13811,"@timestamp":"2026-03-31T20:29:35.567050Z"}
{"@file":"src/psp/format_2025/operations.rs","@level":"debug","@line":37,"@message":"✅ Operations packed: result=1394","@module":"flavor::psp::format_2025::operations","@pid":13811,"@timestamp":"2026-03-31T20:29:35.567075Z"}
{"@file":"src/psp/format_2025/operations.rs","@level":"debug","@line":60,"@message":"✅ Operations unpacked: count=8 operations=[239, 77, 112, 196, 83, 236, 38, 73]","@module":"flavor::psp::format_2025::operations","@pid":13811,"@timestamp":"2026-03-31T20:29:35.567099Z"}
{"@file":"src/psp/format_2025/operations.rs","@level":"debug","@line":60,"@message":"✅ Operations unpacked: count=2 operations=[116, 114]","@module":"flavor::psp::format_2025::operations","@pid":13811,"@timestamp":"2026-03-31T20:29:35.567079Z"}
{"@file":"src/psp/format_2025/operations.rs","@level":"debug","@line":37,"@message":"✅ Operations packed: result=5271160258405879279","@module":"flavor::psp::format_2025::operations","@pid":13811,"@timestamp":"2026-03-31T20:29:35.567124Z"}
{"@file":"src/psp/format_2025/operations.rs","@level":"debug","@line":60,"@message":"✅ Operations unpacked: count=8 operations=[239, 77, 112, 196, 83, 236, 38, 73]","@module":"flavor::psp::format_2025::operations","@pid":13811,"@timestamp":"2026-03-31T20:29:35.567143Z"}
{"@file":"src/psp/format_2025/operations.rs","@level":"debug","@line":37,"@message":"✅ Operations packed: result=36701506810472","@module":"flavor::psp::format_2025::operations","@pid":13811,"@timestamp":"2026-03-31T20:29:35.567145Z"}
{"@file":"src/psp/format_2025/operations.rs","@level":"debug","@line":37,"@message":"✅ Operations packed: result=3659842415","@module":"flavor::psp::format_2025::operations","@pid":13811,"@timestamp":"2026-03-31T20:29:35.567161Z"}
{"@file":"src/psp/format_2025/operations.rs","@level":"debug","@line":60,"@message":"✅ Operations unpacked: count=8 operations=[53, 238, 60, 205, 103, 168, 92, 14]","@module":"flavor::psp::format_2025::operations","@pid":13811,"@timestamp":"2026-03-31T20:29:35.567191Z"}
{"@file":"src/psp/format_2025/operations.rs","@level":"debug","@line":60,"@message":"✅ Operations unpacked: count=4 operations=[111, 195, 36, 218]","@module":"flavor::psp::format_2025::operations","@pid":13811,"@timestamp":"2026-03-31T20:29:35.567193Z"}
{"@file":"src/psp/format_2025/operations.rs","@level":"debug","@line":37,"@message":"✅ Operations packed: result=38839","@module":"flavor::psp::format_2025::operations","@pid":13811,"@timestamp":"2026-03-31T20:29:35.567211Z"}
{"@file":"src/psp/format_2025/operations.rs","@level":"debug","@line":37,"@message":"✅ Operations packed: result=1034887178166791733","@module":"flavor::psp::format_2025::operations","@pid":13811,"@timestamp":"2026-03-31T20:29:35.567215Z"}
{"@file":"src/psp/format_2025/operations.rs","@level":"debug","@line":60,"@message":"✅ Operations unpacked: count=8 operations=[53, 238, 60, 205, 103, 168, 92, 14]","@module":"flavor::psp::format_2025::operations","@pid":13811,"@timestamp":"2026-03-31T20:29:35.567255Z"}
{"@file":"src/psp/format_2025/operations.rs","@level":"debug","@line":37,"@message":"✅ Operations packed: result=0","@module":"flavor::psp::format_2025::operations","@pid":13811,"@timestamp":"2026-03-31T20:29:35.567265Z"}
{"@file":"src/psp/format_2025/operations.rs","@level":"debug","@line":37,"@message":"✅ Operations packed: result=0","@module":"flavor::psp::format_2025::operations","@pid":13811,"@timestamp":"2026-03-31T20:29:35.567271Z"}
{"@file":"src/psp/format_2025/operations.rs","@level":"debug","@line":60,"@message":"✅ Operations unpacked: count=0 operations=[]","@module":"flavor::psp::format_2025::operations","@pid":13811,"@timestamp":"2026-03-31T20:29:35.567292Z"}
{"@file":"src/psp/format_2025/operations.rs","@level":"debug","@line":60,"@message":"✅ Operations unpacked: count=8 operations=[8, 68, 239, 71, 236, 7, 200, 7]","@module":"flavor::psp::format_2025::operations","@pid":13811,"@timestamp":"2026-03-31T20:29:35.567309Z"}
{"@file":"src/psp/format_2025/operations.rs","@level":"debug","@line":37,"@message":"✅ Operations packed: result=560706865008165896","@module":"flavor::psp::format_2025::operations","@pid":13811,"@timestamp":"2026-03-31T20:29:35.567336Z"}
{"@file":"src/psp/format_2025/operations.rs","@level":"debug","@line":37,"@message":"✅ Operations packed: result=269928467382734","@module":"flavor::psp::format_2025::operations","@pid":13811,"@timestamp":"2026-03-31T20:29:35.567337Z"}
{"@file":"src/psp/format_2025/operations.rs","@level":"debug","@line":37,"@message":"✅ Operations packed: result=42936","@module":"flavor::psp::format_2025::operations","@pid":13811,"@timestamp":"2026-03-31T20:29:35.567350Z"}
{"@file":"src/psp/format_2025/operations.rs","@level":"debug","@line":60,"@message":"✅ Operations unpacked: count=8 operations=[8, 68, 239, 71, 236, 7, 200, 7]","@module":"flavor::psp::format_2025::operations","@pid":13811,"@timestamp":"2026-03-31T20:29:35.567357Z"}
{"@file":"src/psp/format_2025/operations.rs","@level":"debug","@line":60,"@message":"✅ Operations unpacked: count=2 operations=[184, 167]","@module":"flavor::psp::format_2025::operations","@pid":13811,"@timestamp":"2026-03-31T20:29:35.567390Z"}
{"@file":"src/psp/format_2025/operations.rs","@level":"debug","@line":37,"@message":"✅ Operations packed: result=0","@module":"flavor::psp::format_2025::operations","@pid":13811,"@timestamp":"2026-03-31T20:29:35.567405Z"}
{"@file":"src/psp/format_2025/operations.rs","@level":"debug","@line":60,"@message":"✅ Operations unpacked: count=8 operations=[170, 255, 8, 13, 207, 150, 104, 74]","@module":"flavor::psp::format_2025::operations","@pid":13811,"@timestamp":"2026-03-31T20:29:35.567431Z"}
{"@file":"src/psp/format_2025/operations.rs","@level":"debug","@line":37,"@message":"✅ Operations packed: result=10000212295338854","@module":"flavor::psp::format_2025::operations","@pid":13811,"@timestamp":"2026-03-31T20:29:35.567457Z"}
{"@file":"src/psp/format_2025/operations.rs","@level":"debug","@line":37,"@message":"✅ Operations packed: result=5361701172405665706","@module":"flavor::psp::format_2025::operations","@pid":13811,"@timestamp":"2026-03-31T20:29:35.567465Z"}
{"@file":"src/psp/format_2025/operations.rs","@level":"debug","@line":37,"@message":"✅ Operations packed: result=24276","@module":"flavor::psp::format_2025::operations","@pid":13811,"@timestamp":"2026-03-31T20:29:35.567474Z"}
{"@file":"src/psp/format_2025/operations.rs","@level":"debug","@line":60,"@message":"✅ Operations unpacked: count=7 operations=[102, 203, 138, 221, 35, 135, 35]","@module":"flavor::psp::format_2025::operations","@pid":13811,"@timestamp":"2026-03-31T20:29:35.567477Z"}
{"@file":"src/psp/format_2025/operations.rs","@level":"debug","@line":60,"@message":"✅ Operations unpacked: count=8 operations=[170, 255, 8, 13, 207, 150, 104, 74]","@module":"flavor::psp::format_2025::operations","@pid":13811,"@timestamp":"2026-03-31T20:29:35.567485Z"}
{"@file":"src/psp/format_2025/operations.rs","@level":"debug","@line":37,"@message":"✅ Operations packed: result=48867","@module":"flavor::psp::format_2025::operations","@pid":13811,"@timestamp":"2026-03-31T20:29:35.567552Z"}
{"@file":"src/psp/format_2025/operations.rs","@level":"debug","@line":37,"@message":"✅ Operations packed: result=0","@module":"flavor::psp::format_2025::operations","@pid":13811,"@timestamp":"2026-03-31T20:29:35.567551Z"}
{"@file":"src/psp/format_2025/operations.rs","@level":"debug","@line":60,"@message":"✅ Operations unpacked: count=8 operations=[182, 119, 85, 36, 136, 148, 138, 160]","@module":"flavor::psp::format_2025::operations","@pid":13811,"@timestamp":"2026-03-31T20:29:35.567562Z"}
{"@file":"src/psp/format_2025/operations.rs","@level":"debug","@line":60,"@message":"✅ Operations unpacked: count=0 operations=[]","@module":"flavor::psp::format_2025::operations","@pid":13811,"@timestamp":"2026-03-31T20:29:35.567598Z"}
{"@file":"src/psp/format_2025/operations.rs","@level":"debug","@line":37,"@message":"✅ Operations packed: result=11568221905300584374","@module":"flavor::psp::format_2025::operations","@pid":13811,"@timestamp":"2026-03-31T20:29:35.567603Z"}
{"@file":"src/psp/format_2025/operations.rs","@level":"debug","@line":60,"@message":"✅ Operations unpacked: count=8 operations=[182, 119, 85, 36, 136, 148, 138, 160]","@module":"flavor::psp::format_2025::operations","@pid":13811,"@timestamp":"2026-03-31T20:29:35.567625Z"}
{"@file":"src/psp/format_2025/operations.rs","@level":"debug","@line":37,"@message":"✅ Operations packed: result=41815","@module":"flavor::psp::format_2025::operations","@pid":13811,"@timestamp":"2026-03-31T20:29:35.567613Z"}
{"@file":"src/psp/format_2025/operations.rs","@level":"debug","@line":37,"@message":"✅ Operations packed: result=0","@module":"flavor::psp::format_2025::operations","@pid":13811,"@timestamp":"2026-03-31T20:29:35.567648Z"}
{"@file":"src/psp/format_2025/operations.rs","@level":"debug","@line":60,"@message":"✅ Operations unpacked: count=0 operations=[]","@module":"flavor::psp::format_2025::operations","@pid":13811,"@timestamp":"2026-03-31T20:29:35.567675Z"}
{"@file":"src/psp/format_2025/operations.rs","@level":"debug","@line":60,"@message":"✅ Operations unpacked: count=8 operations=[53, 63, 206, 133, 35, 144, 119, 141]","@module":"flavor::psp::format_2025::operations","@pid":13811,"@timestamp":"2026-03-31T20:29:35.567674Z"}
{"@file":"src/psp/format_2025/operations.rs","@level":"debug","@line":37,"@message":"✅ Operations packed: result=148200139952","@module":"flavor::psp::format_2025::operations","@pid":13811,"@timestamp":"2026-03-31T20:29:35.567691Z"}
{"@file":"src/psp/format_2025/operations.rs","@level":"debug","@line":37,"@message":"✅ Operations packed: result=10193774763819548469","@module":"flavor::psp::format_2025::operations","@pid":13811,"@timestamp":"2026-03-31T20:29:35.567717Z"}
{"@file":"src/psp/format_2025/operations.rs","@level":"debug","@line":37,"@message":"✅ Operations packed: result=432798976057","@module":"flavor::psp::format_2025::operations","@pid":13811,"@timestamp":"2026-03-31T20:29:35.567729Z"}
{"@file":"src/psp/format_2025/operations.rs","@level":"debug","@line":60,"@message":"✅ Operations unpacked: count=8 operations=[53, 63, 206, 133, 35, 144, 119, 141]","@module":"flavor::psp::format_2025::operations","@pid":13811,"@timestamp":"2026-03-31T20:29:35.567740Z"}
{"@file":"src/psp/format_2025/operations.rs","@level":"debug","@line":60,"@message":"✅ Operations unpacked: count=5 operations=[57, 72, 212, 196, 100]","@module":"flavor::psp::format_2025::operations","@pid":13811,"@timestamp":"2026-03-31T20:29:35.567757Z"}
{"@file":"src/psp/format_2025/operations.rs","@level":"debug","@line":37,"@message":"✅ Operations packed: result=2009566289473204347","@module":"flavor::psp::format_2025::operations","@pid":13811,"@timestamp":"2026-03-31T20:29:35.567761Z"}
{"@file":"src/psp/format_2025/operations.rs","@level":"debug","@line":60,"@message":"✅ Operations unpacked: count=8 operations=[1, 148, 154, 59, 101, 3, 88, 43]","@module":"flavor::psp::format_2025::operations","@pid":13811,"@timestamp":"2026-03-31T20:29:35.567793Z"}
{"@file":"src/psp/format_2025/operations.rs","@level":"debug","@line":37,"@message":"✅ Operations packed: result=3123250074908005377","@module":"flavor::psp::format_2025::operations","@pid":13811,"@timestamp":"2026-03-31T20:29:35.567815Z"}
{"@file":"src/psp/format_2025/operations.rs","@level":"debug","@line":37,"@message":"✅ Operations packed: result=69","@module":"flavor::psp::format_2025::operations","@pid":13811,"@timestamp":"2026-03-31T20:29:35.567819Z"}
{"@file":"src/psp/format_2025/operations.rs","@level":"debug","@line":37,"@message":"✅ Operations packed: result=3990722153","@module":"flavor::psp::format_2025::operations","@pid":13811,"@timestamp":"2026-03-31T20:29:35.567829Z"}
{"@file":"src/psp/format_2025/operations.rs","@level":"debug","@line":60,"@message":"✅ Operations unpacked: count=8 operations=[1, 148, 154, 59, 101, 3, 88, 43]","@module":"flavor::psp::format_2025::operations","@pid":13811,"@timestamp":"2026-03-31T20:29:35.567835Z"}
{"@file":"src/psp/format_2025/operations.rs","@level":"debug","@line":60,"@message":"✅ Operations unpacked: count=1 operations=[69]","@module":"flavor::psp::format_2025::operations","@pid":13811,"@timestamp":"2026-03-31T20:29:35.567847Z"}
{"@file":"src/psp/format_2025/operations.rs","@level":"debug","@line":37,"@message":"✅ Operations packed: result=12497202305369383722","@module":"flavor::psp::format_2025::operations","@pid":13811,"@timestamp":"2026-03-31T20:29:35.567886Z"}
{"@file":"src/psp/format_2025/operations.rs","@level":"debug","@line":60,"@message":"✅ Operations unpacked: count=8 operations=[243, 2, 86, 193, 44, 247, 54, 128]","@module":"flavor::psp::format_2025::operations","@pid":13811,"@timestamp":"2026-03-31T20:29:35.567888Z"}
{"@file":"src/psp/format_2025/operations.rs","@level":"debug","@line":37,"@message":"✅ Operations packed: result=14443881421916358","@module":"flavor::psp::format_2025::operations","@pid":13811,"@timestamp":"2026-03-31T20:29:35.567902Z"}
{"@file":"src/psp/format_2025/operations.rs","@level":"debug","@line":37,"@message":"✅ Operations packed: result=9238843457191412467","@module":"flavor::psp::format_2025::operations","@pid":13811,"@timestamp":"2026-03-31T20:29:35.567917Z"}
{"@file":"src/psp/format_2025/operations.rs","@level":"debug","@line":60,"@message":"✅ Operations unpacked: count=7 operations=[198, 200, 84, 53, 162, 80, 51]","@module":"flavor::psp::format_2025::operations","@pid":13811,"@timestamp":"2026-03-31T20:29:35.567930Z"}
{"@file":"src/psp/format_2025/operations.rs","@level":"debug","@line":60,"@message":"✅ Operations unpacked: count=8 operations=[243, 2, 86, 193, 44, 247, 54, 128]","@module":"flavor::psp::format_2025::operations","@pid":13811,"@timestamp":"2026-03-31T20:29:35.567941Z"}
{"@file":"src/psp/format_2025/operations.rs","@level":"debug","@line":37,"@message":"✅ Operations packed: result=229","@module":"flavor::psp::format_2025::operations","@pid":13811,"@timestamp":"2026-03-31T20:29:35.567939Z"}
{"@file":"src/psp/format_2025/operations.rs","@level":"debug","@line":37,"@message":"✅ Operations packed: result=4292051","@module":"flavor::psp::format_2025::operations","@pid":13811,"@timestamp":"2026-03-31T20:29:35.567990Z"}
{"@file":"src/psp/format_2025/operations.rs","@level":"debug","@line":37,"@message":"✅ Operations packed: result=1590828351","@module":"flavor::psp::format_2025::operations","@pid":13811,"@timestamp":"2026-03-31T20:29:35.568002Z"}
{"@file":"src/psp/format_2025/operations.rs","@level":"debug","@line":60,"@message":"✅ Operations unpacked: count=8 operations=[167, 60, 232, 151, 177, 66, 83, 56]","@module":"flavor::psp::format_2025::operations","@pid":13811,"@timestamp":"2026-03-31T20:29:35.567996Z"}
{"@file":"src/psp/format_2025/operations.rs","@level":"debug","@line":60,"@message":"✅ Operations unpacked: count=3 operations=[211, 125, 65]","@module":"flavor::psp::format_2025::operations","@pid":13811,"@timestamp":"2026-03-31T20:29:35.568028Z"}
{"@file":"src/psp/format_2025/operations.rs","@level":"debug","@line":37,"@message":"✅ Operations packed: result=4058661019716172967","@module":"flavor::psp::format_2025::operations","@pid":13811,"@timestamp":"2026-03-31T20:29:35.568050Z"}
{"@file":"src/psp/format_2025/operations.rs","@level":"debug","@line":60,"@message":"✅ Operations unpacked: count=8 operations=[167, 60, 232, 151, 177, 66, 83, 56]","@module":"flavor::psp::format_2025::operations","@pid":13811,"@timestamp":"2026-03-31T20:29:35.568070Z"}
{"@file":"src/psp/format_2025/operations.rs","@level":"debug","@line":37,"@message":"✅ Operations packed: result=79027465","@module":"flavor::psp::format_2025::operations","@pid":13811,"@timestamp":"2026-03-31T20:29:35.568087Z"}
{"@file":"src/psp/format_2025/operations.rs","@level":"debug","@line":37,"@message":"✅ Operations packed: result=8984","@module":"flavor::psp::format_2025::operations","@pid":13811,"@timestamp":"2026-03-31T20:29:35.568056Z"}
{"@file":"src/psp/format_2025/operations.rs","@level":"debug","@line":60,"@message":"✅ Operations unpacked: count=8 operations=[55, 202, 87, 67, 219, 124, 238, 206]","@module":"flavor::psp::format_2025::operations","@pid":13811,"@timestamp":"2026-03-31T20:29:35.568126Z"}
{"@file":"src/psp/format_2025/operations.rs","@level":"debug","@line":60,"@message":"✅ Operations unpacked: count=4 operations=[9, 221, 181, 4]","@module":"flavor::psp::format_2025::operations","@pid":13811,"@timestamp":"2026-03-31T20:29:35.568115Z"}
{"@file":"src/psp/format_2025/operations.rs","@level":"debug","@line":37,"@message":"✅ Operations packed: result=14910992697439799863","@module":"flavor::psp::format_2025::operations","@pid":13811,"@timestamp":"2026-03-31T20:29:35.568156Z"}
{"@file":"src/psp/format_2025/operations.rs","@level":"debug","@line":37,"@message":"✅ Operations packed: result=30937657424059888","@module":"flavor::psp::format_2025::operations","@pid":13811,"@timestamp":"2026-03-31T20:29:35.568166Z"}
{"@file":"src/psp/format_2025/operations.rs","@level":"debug","@line":60,"@message":"✅ Operations unpacked: count=8 operations=[55, 202, 87, 67, 219, 124, 238, 206]","@module":"flavor::psp::format_2025::operations","@pid":13811,"@timestamp":"2026-03-31T20:29:35.568181Z"}
{"@file":"src/psp/format_2025/operations.rs","@level":"debug","@line":37,"@message":"✅ Operations packed: result=1070133","@module":"flavor::psp::format_2025::operations","@pid":13811,"@timestamp":"2026-03-31T20:29:35.568199Z"}
{"@file":"src/psp/format_2025/operations.rs","@level":"debug","@line":37,"@message":"✅ Operations packed: result=0","@module":"flavor::psp::format_2025::operations","@pid":13811,"@timestamp":"2026-03-31T20:29:35.568221Z"}
{"@file":"src/psp/format_2025/operations.rs","@level":"debug","@line":60,"@message":"✅ Operations unpacked: count=3 operations=[53, 84, 16]","@module":"flavor::psp::format_2025::operations","@pid":13811,"@timestamp":"2026-03-31T20:29:35.568227Z"}
{"@file":"src/psp/format_2025/operations.rs","@level":"debug","@line":60,"@message":"✅ Operations unpacked: count=8 operations=[248, 208, 113, 171, 112, 147, 212, 130]","@module":"flavor::psp::format_2025::operations","@pid":13811,"@timestamp":"2026-03-31T20:29:35.568235Z"}
{"@file":"src/psp/format_2025/operations.rs","@level":"debug","@line":37,"@message":"✅ Operations packed: result=9427322032115273976","@module":"flavor::psp::format_2025::operations","@pid":13811,"@timestamp":"2026-03-31T20:29:35.568264Z"}
{"@file":"src/psp/format_2025/operations.rs","@level":"debug","@line":37,"@message":"✅ Operations packed: result=3172857063956827903","@module":"flavor::psp::format_2025::operations","@pid":13811,"@timestamp":"2026-03-31T20:29:35.568276Z"}
{"@file":"src/psp/format_2025/operations.rs","@level":"debug","@line":60,"@message":"✅ Operations unpacked: count=8 operations=[248, 208, 113, 171, 112, 147, 212, 130]","@module":"flavor::psp::format_2025::operations","@pid":13811,"@timestamp":"2026-03-31T20:29:35.568286Z"}
{"@file":"src/psp/format_2025/operations.rs","@level":"debug","@line":37,"@message":"✅ Operations packed: result=2504643077","@module":"flavor::psp::format_2025::operations","@pid":13811,"@timestamp":"2026-03-31T20:29:35.568284Z"}
{"@file":"src/psp/format_2025/operations.rs","@level":"debug","@line":60,"@message":"✅ Operations unpacked: count=4 operations=[5, 210, 73, 149]","@module":"flavor::psp::format_2025::operations","@pid":13811,"@timestamp":"2026-03-31T20:29:35.568332Z"}
{"@file":"src/psp/format_2025/operations.rs","@level":"debug","@line":60,"@message":"✅ Operations unpacked: count=8 operations=[58, 243, 68, 93, 65, 148, 3, 103]","@module":"flavor::psp::format_2025::operations","@pid":13811,"@timestamp":"2026-03-31T20:29:35.568343Z"}
{"@file":"src/psp/format_2025/operations.rs","@level":"debug","@line":37,"@message":"✅ Operations packed: result=56606","@module":"flavor::psp::format_2025::operations","@pid":13811,"@timestamp":"2026-03-31T20:29:35.568336Z"}
{"@file":"src/psp/format_2025/operations.rs","@level":"debug","@line":37,"@message":"✅ Operations packed: result=7422939619295294266","@module":"flavor::psp::format_2025::operations","@pid":13811,"@timestamp":"2026-03-31T20:29:35.568376Z"}
{"@file":"src/psp/format_2025/operations.rs","@level":"debug","@line":37,"@message":"✅ Operations packed: result=435292253146","@module":"flavor::psp::format_2025::operations","@pid":13811,"@timestamp":"2026-03-31T20:29:35.568395Z"}
{"@file":"src/psp/format_2025/operations.rs","@level":"debug","@line":60,"@message":"✅ Operations unpacked: count=8 operations=[58, 243, 68, 93, 65, 148, 3, 103]","@module":"flavor::psp::format_2025::operations","@pid":13811,"@timestamp":"2026-03-31T20:29:35.568402Z"}
{"@file":"src/psp/format_2025/operations.rs","@level":"debug","@line":37,"@message":"✅ Operations packed: result=4592","@module":"flavor::psp::format_2025::operations","@pid":13811,"@timestamp":"2026-03-31T20:29:35.568418Z"}
{"@file":"src/psp/format_2025/operations.rs","@level":"debug","@line":60,"@message":"✅ Operations unpacked: count=5 operations=[218, 171, 112, 89, 101]","@module":"flavor::psp::format_2025::operations","@pid":13811,"@timestamp":"2026-03-31T20:29:35.568431Z"}
{"@file":"src/psp/format_2025/operations.rs","@level":"debug","@line":60,"@message":"✅ Operations unpacked: count=2 operations=[201, 140]","@module":"flavor::psp::format_2025::operations","@pid":13811,"@timestamp":"2026-03-31T20:29:35.568475Z"}
{"@file":"src/psp/format_2025/operations.rs","@level":"debug","@line":37,"@message":"✅ Operations packed: result=10221341","@module":"flavor::psp::format_2025::operations","@pid":13811,"@timestamp":"2026-03-31T20:29:35.568487Z"}
{"@file":"src/psp/format_2025/operations.rs","@level":"debug","@line":37,"@message":"✅ Operations packed: result=36041","@module":"flavor::psp::format_2025::operations","@pid":13811,"@timestamp":"2026-03-31T20:29:35.568497Z"}
{"@file":"src/psp/format_2025/operations.rs","@level":"debug","@line":37,"@message":"✅ Operations packed: result=178358556850","@module":"flavor::psp::format_2025::operations","@pid":13811,"@timestamp":"2026-03-31T20:29:35.568511Z"}
{"@file":"src/psp/format_2025/operations.rs","@level":"debug","@line":60,"@message":"✅ Operations unpacked: count=2 operations=[201, 140]","@module":"flavor::psp::format_2025::operations","@pid":13811,"@timestamp":"2026-03-31T20:29:35.568517Z"}
{"@file":"src/psp/format_2025/operations.rs","@level":"debug","@line":37,"@message":"✅ Operations packed: result=0","@module":"flavor::psp::format_2025::operations","@pid":13811,"@timestamp":"2026-03-31T20:29:35.568534Z"}
{"@file":"src/psp/format_2025/operations.rs","@level":"debug","@line":60,"@message":"✅ Operations unpacked: count=5 operations=[178, 152, 255, 134, 41]","@module":"flavor::psp::format_2025::operations","@pid":13811,"@timestamp":"2026-03-31T20:29:35.568544Z"}
{"@file":"src/psp/format_2025/operations.rs","@level":"debug","@line":60,"@message":"✅ Operations unpacked: count=8 operations=[68, 97, 232, 199, 46, 181, 197, 16]","@module":"flavor::psp::format_2025::operations","@pid":13811,"@timestamp":"2026-03-31T20:29:35.568585Z"}
{"@file":"src/psp/format_2025/operations.rs","@level":"debug","@line":37,"@message":"✅ Operations packed: result=44627613541092","@module":"flavor::psp::format_2025::operations","@pid":13811,"@timestamp":"2026-03-31T20:29:35.568610Z"}
{"@file":"src/psp/format_2025/operations.rs","@level":"debug","@line":37,"@message":"✅ Operations packed: result=1208571287545864516","@module":"flavor::psp::format_2025::operations","@pid":13811,"@timestamp":"2026-03-31T20:29:35.568608Z"}
{"@file":"src/psp/format_2025/operations.rs","@level":"debug","@line":37,"@message":"✅ Operations packed: result=399604602","@module":"flavor::psp::format_2025::operations","@pid":13811,"@timestamp":"2026-03-31T20:29:35.568597Z"}
{"@file":"src/psp/format_2025/operations.rs","@level":"debug","@line":60,"@message":"✅ Operations unpacked: count=8 operations=[68, 97, 232, 199, 46, 181, 197, 16]","@module":"flavor::psp::format_2025::operations","@pid":13811,"@timestamp":"2026-03-31T20:29:35.568644Z"}
{"@file":"src/psp/format_2025/operations.rs","@level":"debug","@line":60,"@message":"✅ Operations unpacked: count=6 operations=[228, 98, 13, 173, 150, 40]","@module":"flavor::psp::format_2025::operations","@pid":13811,"@timestamp":"2026-03-31T20:29:35.568636Z"}
{"@file":"src/psp/format_2025/operations.rs","@level":"debug","@line":37,"@message":"✅ Operations packed: result=25405","@module":"flavor::psp::format_2025::operations","@pid":13811,"@timestamp":"2026-03-31T20:29:35.568691Z"}
{"@file":"src/psp/format_2025/operations.rs","@level":"debug","@line":60,"@message":"✅ Operations unpacked: count=8 operations=[253, 182, 171, 98, 136, 130, 207, 88]","@module":"flavor::psp::format_2025::operations","@pid":13811,"@timestamp":"2026-03-31T20:29:35.568695Z"}
{"@file":"src/psp/format_2025/operations.rs","@level":"debug","@line":37,"@message":"✅ Operations packed: result=52803058075498735","@module":"flavor::psp::format_2025::operations","@pid":13811,"@timestamp":"2026-03-31T20:29:35.568701Z"}
{"@file":"src/psp/format_2025/operations.rs","@level":"debug","@line":37,"@message":"✅ Operations packed: result=6399477117799347965","@module":"flavor::psp::format_2025::operations","@pid":13811,"@timestamp":"2026-03-31T20:29:35.568736Z"}
{"@file":"src/psp/format_2025/operations.rs","@level":"debug","@line":60,"@message":"✅ Operations unpacked: count=7 operations=[239, 248, 164, 255, 25, 152, 187]","@module":"flavor::psp::format_2025::operations","@pid":13811,"@timestamp":"2026-03-31T20:29:35.568740Z"}
{"@file":"src/psp/format_2025/operations.rs","@level":"debug","@line":37,"@message":"✅ Operations packed: result=0","@module":"flavor::psp::format_2025::operations","@pid":13811,"@timestamp":"2026-03-31T20:29:35.568751Z"}
{"@file":"src/psp/format_2025/operations.rs","@level":"debug","@line":60,"@message":"✅ Operations unpacked: count=8 operations=[253, 182, 171, 98, 136, 130, 207, 88]","@module":"flavor::psp::format_2025::operations","@pid":13811,"@timestamp":"2026-03-31T20:29:35.568756Z"}
{"@file":"src/psp/format_2025/operations.rs","@level":"debug","@line":37,"@message":"✅ Operations packed: result=9294988391925623","@module":"flavor::psp::format_2025::operations","@pid":13811,"@timestamp":"2026-03-31T20:29:35.568790Z"}
{"@file":"src/psp/format_2025/operations.rs","@level":"debug","@line":60,"@message":"✅ Operations unpacked: count=7 operations=[119, 199, 74, 33, 190, 5, 33]","@module":"flavor::psp::format_2025::operations","@pid":13811,"@timestamp":"2026-03-31T20:29:35.568811Z"}
{"@file":"src/psp/format_2025/operations.rs","@level":"debug","@line":37,"@message":"✅ Operations packed: result=7207545","@module":"flavor::psp::format_2025::operations","@pid":13811,"@timestamp":"2026-03-31T20:29:35.568815Z"}
{"@file":"src/psp/format_2025/operations.rs","@level":"debug","@line":37,"@message":"✅ Operations packed: result=0","@module":"flavor::psp::format_2025::operations","@pid":13811,"@timestamp":"2026-03-31T20:29:35.568858Z"}
{"@file":"src/psp/format_2025/operations.rs","@level":"debug","@line":37,"@message":"✅ Operations packed: result=196394971660883","@module":"flavor::psp::format_2025::operations","@pid":13811,"@timestamp":"2026-03-31T20:29:35.568877Z"}
{"@file":"src/psp/format_2025/operations.rs","@level":"debug","@line":60,"@message":"✅ Operations unpacked: count=8 operations=[9, 120, 112, 217, 121, 216, 19, 136]","@module":"flavor::psp::format_2025::operations","@pid":13811,"@timestamp":"2026-03-31T20:29:35.568822Z"}
{"@file":"src/psp/format_2025/operations.rs","@level":"debug","@line":60,"@message":"✅ Operations unpacked: count=0 operations=[]","@module":"flavor::psp::format_2025::operations","@pid":13811,"@timestamp":"2026-03-31T20:29:35.568887Z"}
{"@file":"src/psp/format_2025/operations.rs","@level":"debug","@line":37,"@message":"✅ Operations packed: result=9805418831566370825","@module":"flavor::psp::format_2025::operations","@pid":13811,"@timestamp":"2026-03-31T20:29:35.568926Z"}
{"@file":"src/psp/format_2025/operations.rs","@level":"debug","@line":37,"@message":"✅ Operations packed: result=188854969559","@module":"flavor::psp::format_2025::operations","@pid":13811,"@timestamp":"2026-03-31T20:29:35.568938Z"}
{"@file":"src/psp/format_2025/operations.rs","@level":"debug","@line":60,"@message":"✅ Operations unpacked: count=8 operations=[9, 120, 112, 217, 121, 216, 19, 136]","@module":"flavor::psp::format_2025::operations","@pid":13811,"@timestamp":"2026-03-31T20:29:35.568946Z"}
{"@file":"src/psp/format_2025/operations.rs","@level":"debug","@line":37,"@message":"✅ Operations packed: result=2470224056566527287","@module":"flavor::psp::format_2025::operations","@pid":13811,"@timestamp":"2026-03-31T20:29:35.568961Z"}
{"@file":"src/psp/format_2025/operations.rs","@level":"debug","@line":60,"@message":"✅ Operations unpacked: count=8 operations=[55, 181, 69, 15, 177, 255, 71, 34]","@module":"flavor::psp::format_2025::operations","@pid":13811,"@timestamp":"2026-03-31T20:29:35.568986Z"}
{"@file":"src/psp/format_2025/operations.rs","@level":"debug","@line":37,"@message":"✅ Operations packed: result=36832","@module":"flavor::psp::format_2025::operations","@pid":13811,"@timestamp":"2026-03-31T20:29:35.568999Z"}
{"@file":"src/psp/format_2025/operations.rs","@level":"debug","@line":60,"@message":"✅ Operations unpacked: count=8 operations=[209, 8, 56, 2, 111, 133, 159, 171]","@module":"flavor::psp::format_2025::operations","@pid":13811,"@timestamp":"2026-03-31T20:29:35.569009Z"}
{"@file":"src/psp/format_2025/operations.rs","@level":"debug","@line":37,"@message":"✅ Operations packed: result=3796305","@module":"flavor::psp::format_2025::operations","@pid":13811,"@timestamp":"2026-03-31T20:29:35.569034Z"}
{"@file":"src/psp/format_2025/operations.rs","@level":"debug","@line":37,"@message":"✅ Operations packed: result=12366749813607762129","@module":"flavor::psp::format_2025::operations","@pid":13811,"@timestamp":"2026-03-31T20:29:35.569040Z"}
{"@file":"src/psp/format_2025/operations.rs","@level":"debug","@line":60,"@message":"✅ Operations unpacked: count=3 operations=[81, 237, 57]","@module":"flavor::psp::format_2025::operations","@pid":13811,"@timestamp":"2026-03-31T20:29:35.569053Z"}
{"@file":"src/psp/format_2025/operations.rs","@level":"debug","@line":60,"@message":"✅ Operations unpacked: count=8 operations=[209, 8, 56, 2, 111, 133, 159, 171]","@module":"flavor::psp::format_2025::operations","@pid":13811,"@timestamp":"2026-03-31T20:29:35.569058Z"}
{"@file":"src/psp/format_2025/operations.rs","@level":"debug","@line":37,"@message":"✅ Operations packed: result=0","@module":"flavor::psp::format_2025::operations","@pid":13811,"@timestamp":"2026-03-31T20:29:35.569060Z"}
{"@file":"src/psp/format_2025/operations.rs","@level":"debug","@line":60,"@message":"✅ Operations unpacked: count=8 operations=[43, 87, 34, 51, 79, 208, 223, 255]","@module":"flavor::psp::format_2025::operations","@pid":13811,"@timestamp":"2026-03-31T20:29:35.569107Z"}
{"@file":"src/psp/format_2025/operations.rs","@level":"debug","@line":37,"@message":"✅ Operations packed: result=0","@module":"flavor::psp::format_2025::operations","@pid":13811,"@timestamp":"2026-03-31T20:29:35.569115Z"}
{"@file":"src/psp/format_2025/operations.rs","@level":"debug","@line":37,"@message":"✅ Operations packed: result=3843905520497697631","@module":"flavor::psp::format_2025::operations","@pid":13811,"@timestamp":"2026-03-31T20:29:35.569114Z"}
{"@file":"src/psp/format_2025/operations.rs","@level":"debug","@line":37,"@message":"✅ Operations packed: result=18437684438056982315","@module":"flavor::psp::format_2025::operations","@pid":13811,"@timestamp":"2026-03-31T20:29:35.569136Z"}
{"@file":"src/psp/format_2025/operations.rs","@level":"debug","@line":60,"@message":"✅ Operations unpacked: count=8 operations=[95, 163, 109, 123, 180, 75, 88, 53]","@module":"flavor::psp::format_2025::operations","@pid":13811,"@timestamp":"2026-03-31T20:29:35.569160Z"}
{"@file":"src/psp/format_2025/operations.rs","@level":"debug","@line":60,"@message":"✅ Operations unpacked: count=8 operations=[43, 87, 34, 51, 79, 208, 223, 255]","@module":"flavor::psp::format_2025::operations","@pid":13811,"@timestamp":"2026-03-31T20:29:35.569186Z"}
{"@file":"src/psp/format_2025/operations.rs","@level":"debug","@line":37,"@message":"✅ Operations packed: result=1592155886","@module":"flavor::psp::format_2025::operations","@pid":13811,"@timestamp":"2026-03-31T20:29:35.569179Z"}
{"@file":"src/psp/format_2025/operations.rs","@level":"debug","@line":37,"@message":"✅ Operations packed: result=13553910","@module":"flavor::psp::format_2025::operations","@pid":13811,"@timestamp":"2026-03-31T20:29:35.569235Z"}
{"@file":"src/psp/format_2025/operations.rs","@level":"debug","@line":60,"@message":"✅ Operations unpacked: count=5 operations=[2, 208, 221, 165, 40]","@module":"flavor::psp::format_2025::operations","@pid":13811,"@timestamp":"2026-03-31T20:29:35.569250Z"}
{"@file":"src/psp/format_2025/operations.rs","@level":"debug","@line":60,"@message":"✅ Operations unpacked: count=3 operations=[246, 208, 206]","@module":"flavor::psp::format_2025::operations","@pid":13811,"@timestamp":"2026-03-31T20:29:35.569261Z"}
{"@file":"src/psp/format_2025/operations.rs","@level":"debug","@line":37,"@message":"✅ Operations packed: result=113738372272109","@module":"flavor::psp::format_2025::operations","@pid":13811,"@timestamp":"2026-03-31T20:29:35.569266Z"}
{"@file":"src/psp/format_2025/operations.rs","@level":"debug","@line":37,"@message":"✅ Operations packed: result=174581469186","@module":"flavor::psp::format_2025::operations","@pid":13811,"@timestamp":"2026-03-31T20:29:35.569280Z"}
{"@file":"src/psp/format_2025/operations.rs","@level":"debug","@line":60,"@message":"✅ Operations unpacked: count=5 operations=[2, 208, 221, 165, 40]","@module":"flavor::psp::format_2025::operations","@pid":13811,"@timestamp":"2026-03-31T20:29:35.569317Z"}
{"@file":"src/psp/format_2025/operations.rs","@level":"debug","@line":37,"@message":"✅ Operations packed: result=262493837397718","@module":"flavor::psp::format_2025::operations","@pid":13811,"@timestamp":"2026-03-31T20:29:35.569323Z"}
{"@file":"src/psp/format_2025/operations.rs","@level":"debug","@line":37,"@message":"✅ Operations packed: result=14756478","@module":"flavor::psp::format_2025::operations","@pid":13811,"@timestamp":"2026-03-31T20:29:35.569337Z"}
{"@file":"src/psp/format_2025/operations.rs","@level":"debug","@line":60,"@message":"✅ Operations unpacked: count=6 operations=[214, 14, 239, 155, 188, 238]","@module":"flavor::psp::format_2025::operations","@pid":13811,"@timestamp":"2026-03-31T20:29:35.569361Z"}
{"@file":"src/psp/format_2025/operations.rs","@level":"debug","@line":60,"@message":"✅ Operations unpacked: count=8 operations=[50, 210, 228, 204, 35, 15, 140, 185]","@module":"flavor::psp::format_2025::operations","@pid":13811,"@timestamp":"2026-03-31T20:29:35.569376Z"}
{"@file":"src/psp/format_2025/operations.rs","@level":"debug","@line":37,"@message":"✅ Operations packed: result=103","@module":"flavor::psp::format_2025::operations","@pid":13811,"@timestamp":"2026-03-31T20:29:35.569399Z"}
{"@file":"src/psp/format_2025/operations.rs","@level":"debug","@line":37,"@message":"✅ Operations packed: result=13370078040191980082","@module":"flavor::psp::format_2025::operations","@pid":13811,"@timestamp":"2026-03-31T20:29:35.569402Z"}
{"@file":"src/psp/format_2025/operations.rs","@level":"debug","@line":37,"@message":"✅ Operations packed: result=62465","@module":"flavor::psp::format_2025::operations","@pid":13811,"@timestamp":"2026-03-31T20:29:35.569416Z"}
{"@file":"src/psp/format_2025/operations.rs","@level":"debug","@line":60,"@message":"✅ Operations unpacked: count=8 operations=[50, 210, 228, 204, 35, 15, 140, 185]","@module":"flavor::psp::format_2025::operations","@pid":13811,"@timestamp":"2026-03-31T20:29:35.569429Z"}
{"@file":"src/psp/format_2025/operations.rs","@level":"debug","@line":60,"@message":"✅ Operations unpacked: count=2 operations=[1, 244]","@module":"flavor::psp::format_2025::operations","@pid":13811,"@timestamp":"2026-03-31T20:29:35.569444Z"}
{"@file":"src/psp/format_2025/operations.rs","@level":"debug","@line":37,"@message":"✅ Operations packed: result=119","@module":"flavor::psp::format_2025::operations","@pid":13811,"@timestamp":"2026-03-31T20:29:35.569451Z"}
{"@file":"src/psp/format_2025/operations.rs","@level":"debug","@line":60,"@message":"✅ Operations unpacked: count=8 operations=[202, 14, 131, 13, 83, 44, 91, 13]","@module":"flavor::psp::format_2025::operations","@pid":13811,"@timestamp":"2026-03-31T20:29:35.569482Z"}
{"@file":"src/psp/format_2025/operations.rs","@level":"debug","@line":37,"@message":"✅ Operations packed: result=197","@module":"flavor::psp::format_2025::operations","@pid":13811,"@timestamp":"2026-03-31T20:29:35.569498Z"}
{"@file":"src/psp/format_2025/operations.rs","@level":"debug","@line":37,"@message":"✅ Operations packed: result=962411680594333386","@module":"flavor::psp::format_2025::operations","@pid":13811,"@timestamp":"2026-03-31T20:29:35.569504Z"}
{"@file":"src/psp/format_2025/operations.rs","@level":"debug","@line":37,"@message":"✅ Operations packed: result=967303208544","@module":"flavor::psp::format_2025::operations","@pid":13811,"@timestamp":"2026-03-31T20:29:35.569506Z"}
{"@file":"src/psp/format_2025/operations.rs","@level":"debug","@line":60,"@message":"✅ Operations unpacked: count=1 operations=[197]","@module":"flavor::psp::format_2025::operations","@pid":13811,"@timestamp":"2026-03-31T20:29:35.569529Z"}
{"@file":"src/psp/format_2025/operations.rs","@level":"debug","@line":60,"@message":"✅ Operations unpacked: count=8 operations=[202, 14, 131, 13, 83, 44, 91, 13]","@module":"flavor::psp::format_2025::operations","@pid":13811,"@timestamp":"2026-03-31T20:29:35.569542Z"}
{"@file":"src/psp/format_2025/operations.rs","@level":"debug","@line":37,"@message":"✅ Operations packed: result=56790579713321983","@module":"flavor::psp::format_2025::operations","@pid":13811,"@timestamp":"2026-03-31T20:29:35.569582Z"}
{"@file":"src/psp/format_2025/operations.rs","@level":"debug","@line":37,"@message":"✅ Operations packed: result=31","@module":"flavor::psp::format_2025::operations","@pid":13811,"@timestamp":"2026-03-31T20:29:35.569597Z"}
{"@file":"src/psp/format_2025/operations.rs","@level":"debug","@line":60,"@message":"✅ Operations unpacked: count=7 operations=[189, 49, 197, 33, 47, 230, 145]","@module":"flavor::psp::format_2025::operations","@pid":13811,"@timestamp":"2026-03-31T20:29:35.569607Z"}
{"@file":"src/psp/format_2025/operations.rs","@level":"debug","@line":60,"@message":"✅ Operations unpacked: count=1 operations=[31]","@module":"flavor::psp::format_2025::operations","@pid":13811,"@timestamp":"2026-03-31T20:29:35.569623Z"}
{"@file":"src/psp/format_2025/operations.rs","@level":"debug","@line":37,"@message":"✅ Operations packed: result=15535153482132750596","@module":"flavor::psp::format_2025::operations","@pid":13811,"@timestamp":"2026-03-31T20:29:35.569634Z"}
{"@file":"src/psp/format_2025/operations.rs","@level":"debug","@line":37,"@message":"✅ Operations packed: result=41066961727467965","@module":"flavor::psp::format_2025::operations","@pid":13811,"@timestamp":"2026-03-31T20:29:35.569633Z"}
{"@file":"src/psp/format_2025/operations.rs","@level":"debug","@line":60,"@message":"✅ Operations unpacked: count=7 operations=[189, 49, 197, 33, 47, 230, 145]","@module":"flavor::psp::format_2025::operations","@pid":13811,"@timestamp":"2026-03-31T20:29:35.569668Z"}
{"@file":"src/psp/format_2025/operations.rs","@level":"debug","@line":37,"@message":"✅ Operations packed: result=0","@module":"flavor::psp::format_2025::operations","@pid":13811,"@timestamp":"2026-03-31T20:29:35.569676Z"}
{"@file":"src/psp/format_2025/operations.rs","@level":"debug","@line":37,"@message":"✅ Operations packed: result=190436147904720","@module":"flavor::psp::format_2025::operations","@pid":13811,"@timestamp":"2026-03-31T20:29:35.569690Z"}
{"@file":"src/psp/format_2025/operations.rs","@level":"debug","@line":60,"@message":"✅ Operations unpacked: count=0 operations=[]","@module":"flavor::psp::format_2025::operations","@pid":13811,"@timestamp":"2026-03-31T20:29:35.569700Z"}
{"@file":"src/psp/format_2025/operations.rs","@level":"debug","@line":60,"@message":"✅ Operations unpacked: count=8 operations=[178, 201, 131, 52, 62, 9, 103, 153]","@module":"flavor::psp::format_2025::operations","@pid":13811,"@timestamp":"2026-03-31T20:29:35.569716Z"}
{"@file":"src/psp/format_2025/operations.rs","@level":"debug","@line":37,"@message":"✅ Operations packed: result=11053813973177846194","@module":"flavor::psp::format_2025::operations","@pid":13811,"@timestamp":"2026-03-31T20:29:35.569742Z"}
{"@file":"src/psp/format_2025/operations.rs","@level":"debug","@line":37,"@message":"✅ Operations packed: result=47054","@module":"flavor::psp::format_2025::operations","@pid":13811,"@timestamp":"2026-03-31T20:29:35.569743Z"}
{"@file":"src/psp/format_2025/operations.rs","@level":"debug","@line":37,"@message":"✅ Operations packed: result=19300","@module":"flavor::psp::format_2025::operations","@pid":13811,"@timestamp":"2026-03-31T20:29:35.569752Z"}
{"@file":"src/psp/format_2025/operations.rs","@level":"debug","@line":60,"@message":"✅ Operations unpacked: count=8 operations=[178, 201, 131, 52, 62, 9, 103, 153]","@module":"flavor::psp::format_2025::operations","@pid":13811,"@timestamp":"2026-03-31T20:29:35.569765Z"}
{"@file":"src/psp/format_2025/operations.rs","@level":"debug","@line":60,"@message":"✅ Operations unpacked: count=2 operations=[100, 75]","@module":"flavor::psp::format_2025::operations","@pid":13811,"@timestamp":"2026-03-31T20:29:35.569791Z"}
{"@file":"src/psp/format_2025/operations.rs","@level":"debug","@line":37,"@message":"✅ Operations packed: result=434854026309","@module":"flavor::psp::format_2025::operations","@pid":13811,"@timestamp":"2026-03-31T20:29:35.569803Z"}
{"@file":"src/psp/format_2025/operations.rs","@level":"debug","@line":60,"@message":"✅ Operations unpacked: count=8 operations=[79, 37, 236, 129, 143, 133, 216, 76]","@module":"flavor::psp::format_2025::operations","@pid":13811,"@timestamp":"2026-03-31T20:29:35.569830Z"}
{"@file":"src/psp/format_2025/operations.rs","@level":"debug","@line":37,"@message":"✅ Operations packed: result=0","@module":"flavor::psp::format_2025::operations","@pid":13811,"@timestamp":"2026-03-31T20:29:35.569842Z"}
{"@file":"src/psp/format_2025/operations.rs","@level":"debug","@line":37,"@message":"✅ Operations packed: result=5537322593258579279","@module":"flavor::psp::format_2025::operations","@pid":13811,"@timestamp":"2026-03-31T20:29:35.569851Z"}
{"@file":"src/psp/format_2025/operations.rs","@level":"debug","@line":37,"@message":"✅ Operations packed: result=174","@module":"flavor::psp::format_2025::operations","@pid":13811,"@timestamp":"2026-03-31T20:29:35.569857Z"}
{"@file":"src/psp/format_2025/operations.rs","@level":"debug","@line":60,"@message":"✅ Operations unpacked: count=0 operations=[]","@module":"flavor::psp::format_2025::operations","@pid":13811,"@timestamp":"2026-03-31T20:29:35.569866Z"}
{"@file":"src/psp/format_2025/operations.rs","@level":"debug","@line":60,"@message":"✅ Operations unpacked: count=8 operations=[79, 37, 236, 129, 143, 133, 216, 76]","@module":"flavor::psp::format_2025::operations","@pid":13811,"@timestamp":"2026-03-31T20:29:35.569879Z"}
{"@file":"src/psp/format_2025/operations.rs","@level":"debug","@line":37,"@message":"✅ Operations packed: result=13640860162613074361","@module":"flavor::psp::format_2025::operations","@pid":13811,"@timestamp":"2026-03-31T20:29:35.569917Z"}
{"@file":"src/psp/format_2025/operations.rs","@level":"debug","@line":37,"@message":"✅ Operations packed: result=0","@module":"flavor::psp::format_2025::operations","@pid":13811,"@timestamp":"2026-03-31T20:29:35.569932Z"}
{"@file":"src/psp/format_2025/operations.rs","@level":"debug","@line":60,"@message":"✅ Operations unpacked: count=8 operations=[198, 94, 140, 35, 57, 87, 58, 166]","@module":"flavor::psp::format_2025::operations","@pid":13811,"@timestamp":"2026-03-31T20:29:35.569942Z"}
{"@file":"src/psp/format_2025/operations.rs","@level":"debug","@line":60,"@message":"✅ Operations unpacked: count=0 operations=[]","@module":"flavor::psp::format_2025::operations","@pid":13811,"@timestamp":"2026-03-31T20:29:35.569957Z"}
{"@file":"src/psp/format_2025/operations.rs","@level":"debug","@line":37,"@message":"✅ Operations packed: result=39060866877012762","@module":"flavor::psp::format_2025::operations","@pid":13811,"@timestamp":"2026-03-31T20:29:35.569968Z"}
{"@file":"src/psp/format_2025/operations.rs","@level":"debug","@line":37,"@message":"✅ Operations packed: result=11977982061866409670","@module":"flavor::psp::format_2025::operations","@pid":13811,"@timestamp":"2026-03-31T20:29:35.569968Z"}
{"@file":"src/psp/format_2025/operations.rs","@level":"debug","@line":60,"@message":"✅ Operations unpacked: count=8 operations=[198, 94, 140, 35, 57, 87, 58, 166]","@module":"flavor::psp::format_2025::operations","@pid":13811,"@timestamp":"2026-03-31T20:29:35.570003Z"}
{"@file":"src/psp/format_2025/operations.rs","@level":"debug","@line":37,"@message":"✅ Operations packed: result=15377028373312404621","@module":"flavor::psp::format_2025::operations","@pid":13811,"@timestamp":"2026-03-31T20:29:35.570025Z"}
{"@file":"src/psp/format_2025/operations.rs","@level":"debug","@line":37,"@message":"✅ Operations packed: result=294214392425","@module":"flavor::psp::format_2025::operations","@pid":13811,"@timestamp":"2026-03-31T20:29:35.570015Z"}
{"@file":"src/psp/format_2025/operations.rs","@level":"debug","@line":60,"@message":"✅ Operations unpacked: count=8 operations=[170, 192, 89, 51, 80, 57, 108, 98]","@module":"flavor::psp::format_2025::operations","@pid":13811,"@timestamp":"2026-03-31T20:29:35.570052Z"}
{"@file":"src/psp/format_2025/operations.rs","@level":"debug","@line":60,"@message":"✅ Operations unpacked: count=5 operations=[105, 90, 139, 128, 68]","@module":"flavor::psp::format_2025::operations","@pid":13811,"@timestamp":"2026-03-31T20:29:35.570065Z"}
{"@file":"src/psp/format_2025/operations.rs","@level":"debug","@line":37,"@message":"✅ Operations packed: result=95","@module":"flavor::psp::format_2025::operations","@pid":13811,"@timestamp":"2026-03-31T20:29:35.570075Z"}
{"@file":"src/psp/format_2025/operations.rs","@level":"debug","@line":37,"@message":"✅ Operations packed: result=7092106529823375530","@module":"flavor::psp::format_2025::operations","@pid":13811,"@timestamp":"2026-03-31T20:29:35.570081Z"}
{"@file":"src/psp/format_2025/operations.rs","@level":"debug","@line":60,"@message":"✅ Operations unpacked: count=8 operations=[170, 192, 89, 51, 80, 57, 108, 98]","@module":"flavor::psp::format_2025::operations","@pid":13811,"@timestamp":"2026-03-31T20:29:35.570133Z"}
{"@file":"src/psp/format_2025/operations.rs","@level":"debug","@line":37,"@message":"✅ Operations packed: result=96883697313424","@module":"flavor::psp::format_2025::operations","@pid":13811,"@timestamp":"2026-03-31T20:29:35.570140Z"}
{"@file":"src/psp/format_2025/operations.rs","@level":"debug","@line":37,"@message":"✅ Operations packed: result=84","@module":"flavor::psp::format_2025::operations","@pid":13811,"@timestamp":"2026-03-31T20:29:35.570149Z"}
{"@file":"src/psp/format_2025/operations.rs","@level":"debug","@line":60,"@message":"✅ Operations unpacked: count=6 operations=[144, 230, 92, 126, 29, 88]","@module":"flavor::psp::format_2025::operations","@pid":13811,"@timestamp":"2026-03-31T20:29:35.570174Z"}
{"@file":"src/psp/format_2025/operations.rs","@level":"debug","@line":60,"@message":"✅ Operations unpacked: count=8 operations=[159, 157, 183, 114, 149, 203, 176, 52]","@module":"flavor::psp::format_2025::operations","@pid":13811,"@timestamp":"2026-03-31T20:29:35.570188Z"}
{"@file":"src/psp/format_2025/operations.rs","@level":"debug","@line":37,"@message":"✅ Operations packed: result=43117489918134","@module":"flavor::psp::format_2025::operations","@pid":13811,"@timestamp":"2026-03-31T20:29:35.570216Z"}
{"@file":"src/psp/format_2025/operations.rs","@level":"debug","@line":37,"@message":"✅ Operations packed: result=3796758328608529823","@module":"flavor::psp::format_2025::operations","@pid":13811,"@timestamp":"2026-03-31T20:29:35.570218Z"}
{"@file":"src/psp/format_2025/operations.rs","@level":"debug","@line":37,"@message":"✅ Operations packed: result=0","@module":"flavor::psp::format_2025::operations","@pid":13811,"@timestamp":"2026-03-31T20:29:35.570234Z"}
{"@file":"src/psp/format_2025/operations.rs","@level":"debug","@line":60,"@message":"✅ Operations unpacked: count=8 operations=[159, 157, 183, 114, 149, 203, 176, 52]","@module":"flavor::psp::format_2025::operations","@pid":13811,"@timestamp":"2026-03-31T20:29:35.570264Z"}
{"@file":"src/psp/format_2025/operations.rs","@level":"debug","@line":60,"@message":"✅ Operations unpacked: count=0 operations=[]","@module":"flavor::psp::format_2025::operations","@pid":13811,"@timestamp":"2026-03-31T20:29:35.570288Z"}
{"@file":"src/psp/format_2025/operations.rs","@level":"debug","@line":37,"@message":"✅ Operations packed: result=66891044525396","@module":"flavor::psp::format_2025::operations","@pid":13811,"@timestamp":"2026-03-31T20:29:35.570278Z"}
{"@file":"src/psp/format_2025/operations.rs","@level":"debug","@line":60,"@message":"✅ Operations unpacked: count=8 operations=[75, 10, 209, 89, 180, 175, 72, 30]","@module":"flavor::psp::format_2025::operations","@pid":13811,"@timestamp":"2026-03-31T20:29:35.570330Z"}
{"@file":"src/psp/format_2025/operations.rs","@level":"debug","@line":37,"@message":"✅ Operations packed: result=106","@module":"flavor::psp::format_2025::operations","@pid":13811,"@timestamp":"2026-03-31T20:29:35.570348Z"}
{"@file":"src/psp/format_2025/operations.rs","@level":"debug","@line":37,"@message":"✅ Operations packed: result=66","@module":"flavor::psp::format_2025::operations","@pid":13811,"@timestamp":"2026-03-31T20:29:35.570365Z"}
{"@file":"src/psp/format_2025/operations.rs","@level":"debug","@line":37,"@message":"✅ Operations packed: result=2182187208596851275","@module":"flavor::psp::format_2025::operations","@pid":13811,"@timestamp":"2026-03-31T20:29:35.570359Z"}
{"@file":"src/psp/format_2025/operations.rs","@level":"debug","@line":60,"@message":"✅ Operations unpacked: count=1 operations=[106]","@module":"flavor::psp::format_2025::operations","@pid":13811,"@timestamp":"2026-03-31T20:29:35.570384Z"}
{"@file":"src/psp/format_2025/operations.rs","@level":"debug","@line":60,"@message":"✅ Operations unpacked: count=8 operations=[75, 10, 209, 89, 180, 175, 72, 30]","@module":"flavor::psp::format_2025::operations","@pid":13811,"@timestamp":"2026-03-31T20:29:35.570414Z"}
{"@file":"src/psp/format_2025/operations.rs","@level":"debug","@line":37,"@message":"✅ Operations packed: result=2582171041","@module":"flavor::psp::format_2025::operations","@pid":13811,"@timestamp":"2026-03-31T20:29:35.570427Z"}
{"@file":"src/psp/format_2025/operations.rs","@level":"debug","@line":37,"@message":"✅ Operations packed: result=0","@module":"flavor::psp::format_2025::operations","@pid":13811,"@timestamp":"2026-03-31T20:29:35.570465Z"}
{"@file":"src/psp/format_2025/operations.rs","@level":"debug","@line":60,"@message":"✅ Operations unpacked: count=8 operations=[205, 49, 142, 160, 208, 60, 236, 193]","@module":"flavor::psp::format_2025::operations","@pid":13811,"@timestamp":"2026-03-31T20:29:35.570491Z"}
{"@file":"src/psp/format_2025/operations.rs","@level":"debug","@line":60,"@message":"✅ Operations unpacked: count=0 operations=[]","@module":"flavor::psp::format_2025::operations","@pid":13811,"@timestamp":"2026-03-31T20:29:35.570498Z"}
{"@file":"src/psp/format_2025/operations.rs","@level":"debug","@line":37,"@message":"✅ Operations packed: result=13973610610568344013","@module":"flavor::psp::format_2025::operations","@pid":13811,"@timestamp":"2026-03-31T20:29:35.570528Z"}
{"@file":"src/psp/format_2025/operations.rs","@level":"debug","@line":37,"@message":"✅ Operations packed: result=68608329080156526","@module":"flavor::psp::format_2025::operations","@pid":13811,"@timestamp":"2026-03-31T20:29:35.570505Z"}
{"@file":"src/psp/format_2025/operations.rs","@level":"debug","@line":60,"@message":"✅ Operations unpacked: count=8 operations=[205, 49, 142, 160, 208, 60, 236, 193]","@module":"flavor::psp::format_2025::operations","@pid":13811,"@timestamp":"2026-03-31T20:29:35.570556Z"}
{"@file":"src/psp/format_2025/operations.rs","@level":"debug","@line":37,"@message":"✅ Operations packed: result=232","@module":"flavor::psp::format_2025::operations","@pid":13811,"@timestamp":"2026-03-31T20:29:35.570573Z"}
{"@file":"src/psp/format_2025/operations.rs","@level":"debug","@line":37,"@message":"✅ Operations packed: result=1800715469416968015","@module":"flavor::psp::format_2025::operations","@pid":13811,"@timestamp":"2026-03-31T20:29:35.570599Z"}
{"@file":"src/psp/format_2025/operations.rs","@level":"debug","@line":60,"@message":"✅ Operations unpacked: count=1 operations=[232]","@module":"flavor::psp::format_2025::operations","@pid":13811,"@timestamp":"2026-03-31T20:29:35.570621Z"}
{"@file":"src/psp/format_2025/operations.rs","@level":"debug","@line":60,"@message":"✅ Operations unpacked: count=8 operations=[27, 26, 230, 226, 162, 134, 92, 167]","@module":"flavor::psp::format_2025::operations","@pid":13811,"@timestamp":"2026-03-31T20:29:35.570613Z"}
{"@file":"src/psp/format_2025/operations.rs","@level":"debug","@line":37,"@message":"✅ Operations packed: result=12059661936340900379","@module":"flavor::psp::format_2025::operations","@pid":13811,"@timestamp":"2026-03-31T20:29:35.570663Z"}
{"@file":"src/psp/format_2025/operations.rs","@level":"debug","@line":37,"@message":"✅ Operations packed: result=118","@module":"flavor::psp::format_2025::operations","@pid":13811,"@timestamp":"2026-03-31T20:29:35.570674Z"}
{"@file":"src/psp/format_2025/operations.rs","@level":"debug","@line":37,"@message":"✅ Operations packed: result=246","@module":"flavor::psp::format_2025::operations","@pid":13811,"@timestamp":"2026-03-31T20:29:35.570681Z"}
{"@file":"src/psp/format_2025/operations.rs","@level":"debug","@line":60,"@message":"✅ Operations unpacked: count=8 operations=[27, 26, 230, 226, 162, 134, 92, 167]","@module":"flavor::psp::format_2025::operations","@pid":13811,"@timestamp":"2026-03-31T20:29:35.570690Z"}
{"@file":"src/psp/format_2025/operations.rs","@level":"debug","@line":60,"@message":"✅ Operations unpacked: count=1 operations=[246]","@module":"flavor::psp::format_2025::operations","@pid":13811,"@timestamp":"2026-03-31T20:29:35.570732Z"}
{"@file":"src/psp/format_2025/operations.rs","@level":"debug","@line":37,"@message":"✅ Operations packed: result=502239501894","@module":"flavor::psp::format_2025::operations","@pid":13811,"@timestamp":"2026-03-31T20:29:35.570741Z"}
{"@file":"src/psp/format_2025/operations.rs","@level":"debug","@line":60,"@message":"✅ Operations unpacked: count=8 operations=[92, 134, 114, 248, 98, 55, 223, 82]","@module":"flavor::psp::format_2025::operations","@pid":13811,"@timestamp":"2026-03-31T20:29:35.570781Z"}
{"@file":"src/psp/format_2025/operations.rs","@level":"debug","@line":37,"@message":"✅ Operations packed: result=0","@module":"flavor::psp::format_2025::operations","@pid":13811,"@timestamp":"2026-03-31T20:29:35.570796Z"}
{"@file":"src/psp/format_2025/operations.rs","@level":"debug","@line":37,"@message":"✅ Operations packed: result=5971552529131144796","@module":"flavor::psp::format_2025::operations","@pid":13811,"@timestamp":"2026-03-31T20:29:35.570811Z"}
{"@file":"src/psp/format_2025/operations.rs","@level":"debug","@line":60,"@message":"✅ Operations unpacked: count=0 operations=[]","@module":"flavor::psp::format_2025::operations","@pid":13811,"@timestamp":"2026-03-31T20:29:35.570825Z"}
{"@file":"src/psp/format_2025/operations.rs","@level":"debug","@line":60,"@message":"✅ Operations unpacked: count=8 operations=[92, 134, 114, 248, 98, 55, 223, 82]","@module":"flavor::psp::format_2025::operations","@pid":13811,"@timestamp":"2026-03-31T20:29:35.570842Z"}
{"@file":"src/psp/format_2025/operations.rs","@level":"debug","@line":37,"@message":"✅ Operations packed: result=13539238","@module":"flavor::psp::format_2025::operations","@pid":13811,"@timestamp":"2026-03-31T20:29:35.570817Z"}
{"@file":"src/psp/format_2025/operations.rs","@level":"debug","@line":37,"@message":"✅ Operations packed: result=0","@module":"flavor::psp::format_2025::operations","@pid":13811,"@timestamp":"2026-03-31T20:29:35.570886Z"}
{"@file":"src/psp/format_2025/operations.rs","@level":"debug","@line":60,"@message":"✅ Operations unpacked: count=8 operations=[34, 181, 196, 66, 6, 242, 189, 250]","@module":"flavor::psp::format_2025::operations","@pid":13811,"@timestamp":"2026-03-31T20:29:35.570901Z"}
{"@file":"src/psp/format_2025/operations.rs","@level":"debug","@line":37,"@message":"✅ Operations packed: result=8191989989820575514","@module":"flavor::psp::format_2025::operations","@pid":13811,"@timestamp":"2026-03-31T20:29:35.570922Z"}
{"@file":"src/psp/format_2025/operations.rs","@level":"debug","@line":37,"@message":"✅ Operations packed: result=18067863388784211234","@module":"flavor::psp::format_2025::operations","@pid":13811,"@timestamp":"2026-03-31T20:29:35.570938Z"}
{"@file":"src/psp/format_2025/operations.rs","@level":"debug","@line":60,"@message":"✅ Operations unpacked: count=0 operations=[]","@module":"flavor::psp::format_2025::operations","@pid":13811,"@timestamp":"2026-03-31T20:29:35.570913Z"}
{"@file":"src/psp/format_2025/operations.rs","@level":"debug","@line":60,"@message":"✅ Operations unpacked: count=8 operations=[34, 181, 196, 66, 6, 242, 189, 250]","@module":"flavor::psp::format_2025::operations","@pid":13811,"@timestamp":"2026-03-31T20:29:35.570971Z"}
{"@file":"src/psp/format_2025/operations.rs","@level":"debug","@line":37,"@message":"✅ Operations packed: result=79852934744375","@module":"flavor::psp::format_2025::operations","@pid":13811,"@timestamp":"2026-03-31T20:29:35.570982Z"}
{"@file":"src/psp/format_2025/operations.rs","@level":"debug","@line":60,"@message":"✅ Operations unpacked: count=8 operations=[53, 13, 47, 8, 202, 86, 37, 10]","@module":"flavor::psp::format_2025::operations","@pid":13811,"@timestamp":"2026-03-31T20:29:35.571026Z"}
{"@file":"src/psp/format_2025/operations.rs","@level":"debug","@line":37,"@message":"✅ Operations packed: result=57779442241720336","@module":"flavor::psp::format_2025::operations","@pid":13811,"@timestamp":"2026-03-31T20:29:35.571016Z"}
{"@file":"src/psp/format_2025/operations.rs","@level":"debug","@line":37,"@message":"✅ Operations packed: result=15932974700834595150","@module":"flavor::psp::format_2025::operations","@pid":13811,"@timestamp":"2026-03-31T20:29:35.571054Z"}
{"@file":"src/psp/format_2025/operations.rs","@level":"debug","@line":37,"@message":"✅ Operations packed: result=731085940238257461","@module":"flavor::psp::format_2025::operations","@pid":13811,"@timestamp":"2026-03-31T20:29:35.571058Z"}
{"@file":"src/psp/format_2025/operations.rs","@level":"debug","@line":60,"@message":"✅ Operations unpacked: count=7 operations=[16, 80, 35, 186, 24, 70, 205]","@module":"flavor::psp::format_2025::operations","@pid":13811,"@timestamp":"2026-03-31T20:29:35.571074Z"}
{"@file":"src/psp/format_2025/operations.rs","@level":"debug","@line":60,"@message":"✅ Operations unpacked: count=8 operations=[53, 13, 47, 8, 202, 86, 37, 10]","@module":"flavor::psp::format_2025::operations","@pid":13811,"@timestamp":"2026-03-31T20:29:35.571102Z"}
{"@file":"src/psp/format_2025/operations.rs","@level":"debug","@line":37,"@message":"✅ Operations packed: result=263128","@module":"flavor::psp::format_2025::operations","@pid":13811,"@timestamp":"2026-03-31T20:29:35.571123Z"}
{"@file":"src/psp/format_2025/operations.rs","@level":"debug","@line":37,"@message":"✅ Operations packed: result=73","@module":"flavor::psp::format_2025::operations","@pid":13811,"@timestamp":"2026-03-31T20:29:35.571150Z"}
{"@file":"src/psp/format_2025/operations.rs","@level":"debug","@line":60,"@message":"✅ Operations unpacked: count=8 operations=[250, 73, 228, 47, 146, 55, 74, 156]","@module":"flavor::psp::format_2025::operations","@pid":13811,"@timestamp":"2026-03-31T20:29:35.571154Z"}
{"@file":"src/psp/format_2025/operations.rs","@level":"debug","@line":37,"@message":"✅ Operations packed: result=9219465","@module":"flavor::psp::format_2025::operations","@pid":13811,"@timestamp":"2026-03-31T20:29:35.571171Z"}
{"@file":"src/psp/format_2025/operations.rs","@level":"debug","@line":60,"@message":"✅ Operations unpacked: count=1 operations=[73]","@module":"flavor::psp::format_2025::operations","@pid":13811,"@timestamp":"2026-03-31T20:29:35.571178Z"}
{"@file":"src/psp/format_2025/operations.rs","@level":"debug","@line":37,"@message":"✅ Operations packed: result=11261874919201589754","@module":"flavor::psp::format_2025::operations","@pid":13811,"@timestamp":"2026-03-31T20:29:35.571186Z"}
{"@file":"src/psp/format_2025/operations.rs","@level":"debug","@line":37,"@message":"✅ Operations packed: result=42414865825036","@module":"flavor::psp::format_2025::operations","@pid":13811,"@timestamp":"2026-03-31T20:29:35.571223Z"}
{"@file":"src/psp/format_2025/operations.rs","@level":"debug","@line":37,"@message":"✅ Operations packed: result=0","@module":"flavor::psp::format_2025::operations","@pid":13811,"@timestamp":"2026-03-31T20:29:35.571236Z"}
{"@file":"src/psp/format_2025/operations.rs","@level":"debug","@line":60,"@message":"✅ Operations unpacked: count=8 operations=[250, 73, 228, 47, 146, 55, 74, 156]","@module":"flavor::psp::format_2025::operations","@pid":13811,"@timestamp":"2026-03-31T20:29:35.571218Z"}
{"@file":"src/psp/format_2025/operations.rs","@level":"debug","@line":60,"@message":"✅ Operations unpacked: count=0 operations=[]","@module":"flavor::psp::format_2025::operations","@pid":13811,"@timestamp":"2026-03-31T20:29:35.571266Z"}
{"@file":"src/psp/format_2025/operations.rs","@level":"debug","@line":37,"@message":"✅ Operations packed: result=20689405807280112","@module":"flavor::psp::format_2025::operations","@pid":13811,"@timestamp":"2026-03-31T20:29:35.571289Z"}
{"@file":"src/psp/format_2025/operations.rs","@level":"debug","@line":60,"@message":"✅ Operations unpacked: count=8 operations=[190, 164, 105, 238, 36, 230, 118, 3]","@module":"flavor::psp::format_2025::operations","@pid":13811,"@timestamp":"2026-03-31T20:29:35.571304Z"}
{"@file":"src/psp/format_2025/operations.rs","@level":"debug","@line":37,"@message":"✅ Operations packed: result=10190928243677079","@module":"flavor::psp::format_2025::operations","@pid":13811,"@timestamp":"2026-03-31T20:29:35.571318Z"}
{"@file":"src/psp/format_2025/operations.rs","@level":"debug","@line":37,"@message":"✅ Operations packed: result=249639875658753214","@module":"flavor::psp::format_2025::operations","@pid":13811,"@timestamp":"2026-03-31T20:29:35.571330Z"}
{"@file":"src/psp/format_2025/operations.rs","@level":"debug","@line":60,"@message":"✅ Operations unpacked: count=7 operations=[151, 87, 229, 97, 152, 52, 36]","@module":"flavor::psp::format_2025::operations","@pid":13811,"@timestamp":"2026-03-31T20:29:35.571340Z"}
{"@file":"src/psp/format_2025/operations.rs","@level":"debug","@line":37,"@message":"✅ Operations packed: result=10022323","@module":"flavor::psp::format_2025::operations","@pid":13811,"@timestamp":"2026-03-31T20:29:35.571345Z"}
{"@file":"src/psp/format_2025/operations.rs","@level":"debug","@line":60,"@message":"✅ Operations unpacked: count=8 operations=[190, 164, 105, 238, 36, 230, 118, 3]","@module":"flavor::psp::format_2025::operations","@pid":13811,"@timestamp":"2026-03-31T20:29:35.571351Z"}
{"@file":"src/psp/format_2025/operations.rs","@level":"debug","@line":37,"@message":"✅ Operations packed: result=1021429162132","@module":"flavor::psp::format_2025::operations","@pid":13811,"@timestamp":"2026-03-31T20:29:35.571391Z"}
{"@file":"src/psp/format_2025/operations.rs","@level":"debug","@line":37,"@message":"✅ Operations packed: result=396275980","@module":"flavor::psp::format_2025::operations","@pid":13811,"@timestamp":"2026-03-31T20:29:35.571409Z"}
{"@file":"src/psp/format_2025/operations.rs","@level":"debug","@line":60,"@message":"✅ Operations unpacked: count=5 operations=[148, 32, 236, 209, 237]","@module":"flavor::psp::format_2025::operations","@pid":13811,"@timestamp":"2026-03-31T20:29:35.571412Z"}
{"@file":"src/psp/format_2025/operations.rs","@level":"debug","@line":60,"@message":"✅ Operations unpacked: count=8 operations=[84, 101, 63, 232, 197, 201, 153, 42]","@module":"flavor::psp::format_2025::operations","@pid":13811,"@timestamp":"2026-03-31T20:29:35.571421Z"}
{"@file":"src/psp/format_2025/operations.rs","@level":"debug","@line":37,"@message":"✅ Operations packed: result=3069706472871912788","@module":"flavor::psp::format_2025::operations","@pid":13811,"@timestamp":"2026-03-31T20:29:35.571469Z"}
{"@file":"src/psp/format_2025/operations.rs","@level":"debug","@line":37,"@message":"✅ Operations packed: result=237875365708486","@module":"flavor::psp::format_2025::operations","@pid":13811,"@timestamp":"2026-03-31T20:29:35.571480Z"}
{"@file":"src/psp/format_2025/operations.rs","@level":"debug","@line":37,"@message":"✅ Operations packed: result=5010945","@module":"flavor::psp::format_2025::operations","@pid":13811,"@timestamp":"2026-03-31T20:29:35.571483Z"}
{"@file":"src/psp/format_2025/operations.rs","@level":"debug","@line":60,"@message":"✅ Operations unpacked: count=8 operations=[84, 101, 63, 232, 197, 201, 153, 42]","@module":"flavor::psp::format_2025::operations","@pid":13811,"@timestamp":"2026-03-31T20:29:35.571490Z"}
{"@file":"src/psp/format_2025/operations.rs","@level":"debug","@line":60,"@message":"✅ Operations unpacked: count=3 operations=[1, 118, 76]","@module":"flavor::psp::format_2025::operations","@pid":13811,"@timestamp":"2026-03-31T20:29:35.571524Z"}
{"@file":"src/psp/format_2025/operations.rs","@level":"debug","@line":37,"@message":"✅ Operations packed: result=339471474194","@module":"flavor::psp::format_2025::operations","@pid":13811,"@timestamp":"2026-03-31T20:29:35.571544Z"}
{"@file":"src/psp/format_2025/operations.rs","@level":"debug","@line":60,"@message":"✅ Operations unpacked: count=8 operations=[35, 43, 64, 186, 239, 208, 59, 205]","@module":"flavor::psp::format_2025::operations","@pid":13811,"@timestamp":"2026-03-31T20:29:35.571570Z"}
{"@file":"src/psp/format_2025/operations.rs","@level":"debug","@line":37,"@message":"✅ Operations packed: result=239595013576287","@module":"flavor::psp::format_2025::operations","@pid":13811,"@timestamp":"2026-03-31T20:29:35.571582Z"}
{"@file":"src/psp/format_2025/operations.rs","@level":"debug","@line":37,"@message":"✅ Operations packed: result=14788643529441684259","@module":"flavor::psp::format_2025::operations","@pid":13811,"@timestamp":"2026-03-31T20:29:35.571608Z"}
{"@file":"src/psp/format_2025/operations.rs","@level":"debug","@line":37,"@message":"✅ Operations packed: result=55230","@module":"flavor::psp::format_2025::operations","@pid":13811,"@timestamp":"2026-03-31T20:29:35.571619Z"}
{"@file":"src/psp/format_2025/operations.rs","@level":"debug","@line":60,"@message":"✅ Operations unpacked: count=8 operations=[35, 43, 64, 186, 239, 208, 59, 205]","@module":"flavor::psp::format_2025::operations","@pid":13811,"@timestamp":"2026-03-31T20:29:35.571689Z"}
{"@file":"src/psp/format_2025/operations.rs","@level":"debug","@line":60,"@message":"✅ Operations unpacked: count=6 operations=[95, 150, 172, 15, 233, 217]","@module":"flavor::psp::format_2025::operations","@pid":13811,"@timestamp":"2026-03-31T20:29:35.571651Z"}
{"@file":"src/psp/format_2025/operations.rs","@level":"debug","@line":60,"@message":"✅ Operations unpacked: count=8 operations=[106, 63, 216, 156, 247, 89, 49, 195]","@module":"flavor::psp::format_2025::operations","@pid":13811,"@timestamp":"2026-03-31T20:29:35.571745Z"}
{"@file":"src/psp/format_2025/operations.rs","@level":"debug","@line":37,"@message":"✅ Operations packed: result=0","@module":"flavor::psp::format_2025::operations","@pid":13811,"@timestamp":"2026-03-31T20:29:35.571755Z"}
{"@file":"src/psp/format_2025/operations.rs","@level":"debug","@line":37,"@message":"✅ Operations packed: result=14065122031277981546","@module":"flavor::psp::format_2025::operations","@pid":13811,"@timestamp":"2026-03-31T20:29:35.571771Z"}
{"@file":"src/psp/format_2025/operations.rs","@level":"debug","@line":60,"@message":"✅ Operations unpacked: count=0 operations=[]","@module":"flavor::psp::format_2025::operations","@pid":13811,"@timestamp":"2026-03-31T20:29:35.571782Z"}
{"@file":"src/psp/format_2025/operations.rs","@level":"debug","@line":60,"@message":"✅ Operations unpacked: count=8 operations=[106, 63, 216, 156, 247, 89, 49, 195]","@module":"flavor::psp::format_2025::operations","@pid":13811,"@timestamp":"2026-03-31T20:29:35.571794Z"}
{"@file":"src/psp/format_2025/operations.rs","@level":"debug","@line":37,"@message":"✅ Operations packed: result=453366736690","@module":"flavor::psp::format_2025::operations","@pid":13811,"@timestamp":"2026-03-31T20:29:35.571747Z"}
{"@file":"src/psp/format_2025/operations.rs","@level":"debug","@line":37,"@message":"✅ Operations packed: result=15363822021511820960","@module":"flavor::psp::format_2025::operations","@pid":13811,"@timestamp":"2026-03-31T20:29:35.571836Z"}
{"@file":"src/psp/format_2025/operations.rs","@level":"debug","@line":60,"@message":"✅ Operations unpacked: count=8 operations=[199, 156, 194, 107, 154, 242, 150, 15]","@module":"flavor::psp::format_2025::operations","@pid":13811,"@timestamp":"2026-03-31T20:29:35.571844Z"}
{"@file":"src/psp/format_2025/operations.rs","@level":"debug","@line":37,"@message":"✅ Operations packed: result=211","@module":"flavor::psp::format_2025::operations","@pid":13811,"@timestamp":"2026-03-31T20:29:35.571872Z"}
{"@file":"src/psp/format_2025/operations.rs","@level":"debug","@line":60,"@message":"✅ Operations unpacked: count=8 operations=[160, 54, 137, 64, 186, 66, 55, 213]","@module":"flavor::psp::format_2025::operations","@pid":13811,"@timestamp":"2026-03-31T20:29:35.571862Z"}
test psp::format_2025::operations::tests::prop_pack_high_bytes_zero ... ok
{"@file":"src/psp/format_2025/operations.rs","@level":"debug","@line":37,"@message":"✅ Operations packed: result=1123351902122319047","@module":"flavor::psp::format_2025::operations","@pid":13811,"@timestamp":"2026-03-31T20:29:35.571887Z"}
{"@file":"src/psp/format_2025/operations.rs","@level":"debug","@line":60,"@message":"✅ Operations unpacked: count=8 operations=[199, 156, 194, 107, 154, 242, 150, 15]","@module":"flavor::psp::format_2025::operations","@pid":13811,"@timestamp":"2026-03-31T20:29:35.571946Z"}
{"@file":"src/psp/format_2025/operations.rs","@level":"debug","@line":37,"@message":"✅ Operations packed: result=46507","@module":"flavor::psp::format_2025::operations","@pid":13811,"@timestamp":"2026-03-31T20:29:35.571967Z"}
{"@file":"src/psp/format_2025/operations.rs","@level":"debug","@line":60,"@message":"✅ Operations unpacked: count=8 operations=[161, 14, 185, 119, 148, 21, 87, 60]","@module":"flavor::psp::format_2025::operations","@pid":13811,"@timestamp":"2026-03-31T20:29:35.572000Z"}
{"@file":"src/psp/format_2025/operations.rs","@level":"debug","@line":60,"@message":"✅ Operations unpacked: count=2 operations=[171, 181]","@module":"flavor::psp::format_2025::operations","@pid":13811,"@timestamp":"2026-03-31T20:29:35.572003Z"}
{"@file":"src/psp/format_2025/operations.rs","@level":"debug","@line":37,"@message":"✅ Operations packed: result=4347967692657462945","@module":"flavor::psp::format_2025::operations","@pid":13811,"@timestamp":"2026-03-31T20:29:35.572030Z"}
{"@file":"src/psp/format_2025/operations.rs","@level":"debug","@line":60,"@message":"✅ Operations unpacked: count=8 operations=[161, 14, 185, 119, 148, 21, 87, 60]","@module":"flavor::psp::format_2025::operations","@pid":13811,"@timestamp":"2026-03-31T20:29:35.572081Z"}
{"@file":"src/psp/format_2025/operations.rs","@level":"debug","@line":37,"@message":"✅ Operations packed: result=633110674","@module":"flavor::psp::format_2025::operations","@pid":13811,"@timestamp":"2026-03-31T20:29:35.572114Z"}
{"@file":"src/psp/format_2025/operations.rs","@level":"debug","@line":60,"@message":"✅ Operations unpacked: count=8 operations=[14, 220, 77, 164, 104, 18, 98, 186]","@module":"flavor::psp::format_2025::operations","@pid":13811,"@timestamp":"2026-03-31T20:29:35.572128Z"}
{"@file":"src/psp/format_2025/operations.rs","@level":"debug","@line":60,"@message":"✅ Operations unpacked: count=4 operations=[146, 128, 188, 37]","@module":"flavor::psp::format_2025::operations","@pid":13811,"@timestamp":"2026-03-31T20:29:35.572145Z"}
{"@file":"src/psp/format_2025/operations.rs","@level":"debug","@line":37,"@message":"✅ Operations packed: result=13430317279414705166","@module":"flavor::psp::format_2025::operations","@pid":13811,"@timestamp":"2026-03-31T20:29:35.572157Z"}
{"@file":"src/psp/format_2025/operations.rs","@level":"debug","@line":60,"@message":"✅ Operations unpacked: count=8 operations=[14, 220, 77, 164, 104, 18, 98, 186]","@module":"flavor::psp::format_2025::operations","@pid":13811,"@timestamp":"2026-03-31T20:29:35.572185Z"}
{"@file":"src/psp/format_2025/operations.rs","@level":"debug","@line":37,"@message":"✅ Operations packed: result=3935324267","@module":"flavor::psp::format_2025::operations","@pid":13811,"@timestamp":"2026-03-31T20:29:35.572203Z"}
{"@file":"src/psp/format_2025/operations.rs","@level":"debug","@line":60,"@message":"✅ Operations unpacked: count=4 operations=[107, 72, 144, 234]","@module":"flavor::psp::format_2025::operations","@pid":13811,"@timestamp":"2026-03-31T20:29:35.572232Z"}
{"@file":"src/psp/format_2025/operations.rs","@level":"debug","@line":60,"@message":"✅ Operations unpacked: count=8 operations=[214, 135, 144, 152, 233, 116, 84, 113]","@module":"flavor::psp::format_2025::operations","@pid":13811,"@timestamp":"2026-03-31T20:29:35.572234Z"}
{"@file":"src/psp/format_2025/operations.rs","@level":"debug","@line":37,"@message":"✅ Operations packed: result=8166280570965362646","@module":"flavor::psp::format_2025::operations","@pid":13811,"@timestamp":"2026-03-31T20:29:35.572267Z"}
{"@file":"src/psp/format_2025/operations.rs","@level":"debug","@line":37,"@message":"✅ Operations packed: result=0","@module":"flavor::psp::format_2025::operations","@pid":13811,"@timestamp":"2026-03-31T20:29:35.572285Z"}
{"@file":"src/psp/format_2025/operations.rs","@level":"debug","@line":60,"@message":"✅ Operations unpacked: count=8 operations=[214, 135, 144, 152, 233, 116, 84, 113]","@module":"flavor::psp::format_2025::operations","@pid":13811,"@timestamp":"2026-03-31T20:29:35.572288Z"}
{"@file":"src/psp/format_2025/operations.rs","@level":"debug","@line":60,"@message":"✅ Operations unpacked: count=0 operations=[]","@module":"flavor::psp::format_2025::operations","@pid":13811,"@timestamp":"2026-03-31T20:29:35.572324Z"}
{"@file":"src/psp/format_2025/operations.rs","@level":"debug","@line":60,"@message":"✅ Operations unpacked: count=8 operations=[142, 72, 187, 128, 39, 112, 166, 51]","@module":"flavor::psp::format_2025::operations","@pid":13811,"@timestamp":"2026-03-31T20:29:35.572369Z"}
{"@file":"src/psp/format_2025/operations.rs","@level":"debug","@line":37,"@message":"✅ Operations packed: result=4222634503","@module":"flavor::psp::format_2025::operations","@pid":13811,"@timestamp":"2026-03-31T20:29:35.572381Z"}
{"@file":"src/psp/format_2025/operations.rs","@level":"debug","@line":37,"@message":"✅ Operations packed: result=3721785457034086542","@module":"flavor::psp::format_2025::operations","@pid":13811,"@timestamp":"2026-03-31T20:29:35.572405Z"}
{"@file":"src/psp/format_2025/operations.rs","@level":"debug","@line":60,"@message":"✅ Operations unpacked: count=4 operations=[7, 74, 176, 251]","@module":"flavor::psp::format_2025::operations","@pid":13811,"@timestamp":"2026-03-31T20:29:35.572428Z"}
{"@file":"src/psp/format_2025/operations.rs","@level":"debug","@line":60,"@message":"✅ Operations unpacked: count=8 operations=[142, 72, 187, 128, 39, 112, 166, 51]","@module":"flavor::psp::format_2025::operations","@pid":13811,"@timestamp":"2026-03-31T20:29:35.572435Z"}
{"@file":"src/psp/format_2025/operations.rs","@level":"debug","@line":37,"@message":"✅ Operations packed: result=24283173280048491","@module":"flavor::psp::format_2025::operations","@pid":13811,"@timestamp":"2026-03-31T20:29:35.572480Z"}
{"@file":"src/psp/format_2025/operations.rs","@level":"debug","@line":60,"@message":"✅ Operations unpacked: count=8 operations=[200, 161, 179, 202, 165, 119, 9, 239]","@module":"flavor::psp::format_2025::operations","@pid":13811,"@timestamp":"2026-03-31T20:29:35.572499Z"}
{"@file":"src/psp/format_2025/operations.rs","@level":"debug","@line":60,"@message":"✅ Operations unpacked: count=7 operations=[107, 101, 96, 221, 106, 69, 86]","@module":"flavor::psp::format_2025::operations","@pid":13811,"@timestamp":"2026-03-31T20:29:35.572509Z"}
{"@file":"src/psp/format_2025/operations.rs","@level":"debug","@line":37,"@message":"✅ Operations packed: result=17224429803809251784","@module":"flavor::psp::format_2025::operations","@pid":13811,"@timestamp":"2026-03-31T20:29:35.572528Z"}
{"@file":"src/psp/format_2025/operations.rs","@level":"debug","@line":37,"@message":"✅ Operations packed: result=66","@module":"flavor::psp::format_2025::operations","@pid":13811,"@timestamp":"2026-03-31T20:29:35.572594Z"}
{"@file":"src/psp/format_2025/operations.rs","@level":"debug","@line":60,"@message":"✅ Operations unpacked: count=8 operations=[200, 161, 179, 202, 165, 119, 9, 239]","@module":"flavor::psp::format_2025::operations","@pid":13811,"@timestamp":"2026-03-31T20:29:35.572567Z"}
{"@file":"src/psp/format_2025/operations.rs","@level":"debug","@line":60,"@message":"✅ Operations unpacked: count=1 operations=[66]","@module":"flavor::psp::format_2025::operations","@pid":13811,"@timestamp":"2026-03-31T20:29:35.572625Z"}
{"@file":"src/psp/format_2025/operations.rs","@level":"debug","@line":60,"@message":"✅ Operations unpacked: count=8 operations=[133, 23, 195, 146, 136, 114, 233, 79]","@module":"flavor::psp::format_2025::operations","@pid":13811,"@timestamp":"2026-03-31T20:29:35.572662Z"}
{"@file":"src/psp/format_2025/operations.rs","@level":"debug","@line":37,"@message":"✅ Operations packed: result=615540962209","@module":"flavor::psp::format_2025::operations","@pid":13811,"@timestamp":"2026-03-31T20:29:35.572672Z"}
{"@file":"src/psp/format_2025/operations.rs","@level":"debug","@line":37,"@message":"✅ Operations packed: result=5758259529473267589","@module":"flavor::psp::format_2025::operations","@pid":13811,"@timestamp":"2026-03-31T20:29:35.572681Z"}
{"@file":"src/psp/format_2025/operations.rs","@level":"debug","@line":60,"@message":"✅ Operations unpacked: count=5 operations=[161, 179, 25, 81, 143]","@module":"flavor::psp::format_2025::operations","@pid":13811,"@timestamp":"2026-03-31T20:29:35.572689Z"}
{"@file":"src/psp/format_2025/operations.rs","@level":"debug","@line":60,"@message":"✅ Operations unpacked: count=8 operations=[133, 23, 195, 146, 136, 114, 233, 79]","@module":"flavor::psp::format_2025::operations","@pid":13811,"@timestamp":"2026-03-31T20:29:35.572700Z"}
{"@file":"src/psp/format_2025/operations.rs","@level":"debug","@line":37,"@message":"✅ Operations packed: result=946788776657","@module":"flavor::psp::format_2025::operations","@pid":13811,"@timestamp":"2026-03-31T20:29:35.572743Z"}
{"@file":"src/psp/format_2025/operations.rs","@level":"debug","@line":60,"@message":"✅ Operations unpacked: count=8 operations=[168, 164, 152, 219, 84, 82, 49, 124]","@module":"flavor::psp::format_2025::operations","@pid":13811,"@timestamp":"2026-03-31T20:29:35.572746Z"}
{"@file":"src/psp/format_2025/operations.rs","@level":"debug","@line":60,"@message":"✅ Operations unpacked: count=5 operations=[209, 58, 2, 113, 220]","@module":"flavor::psp::format_2025::operations","@pid":13811,"@timestamp":"2026-03-31T20:29:35.572761Z"}
{"@file":"src/psp/format_2025/operations.rs","@level":"debug","@line":37,"@message":"✅ Operations packed: result=8949024458976830632","@module":"flavor::psp::format_2025::operations","@pid":13811,"@timestamp":"2026-03-31T20:29:35.572766Z"}
{"@file":"src/psp/format_2025/operations.rs","@level":"debug","@line":60,"@message":"✅ Operations unpacked: count=8 operations=[168, 164, 152, 219, 84, 82, 49, 124]","@module":"flavor::psp::format_2025::operations","@pid":13811,"@timestamp":"2026-03-31T20:29:35.572801Z"}
{"@file":"src/psp/format_2025/operations.rs","@level":"debug","@line":37,"@message":"✅ Operations packed: result=630847749373","@module":"flavor::psp::format_2025::operations","@pid":13811,"@timestamp":"2026-03-31T20:29:35.572810Z"}
{"@file":"src/psp/format_2025/operations.rs","@level":"debug","@line":60,"@message":"✅ Operations unpacked: count=5 operations=[253, 188, 116, 225, 146]","@module":"flavor::psp::format_2025::operations","@pid":13811,"@timestamp":"2026-03-31T20:29:35.572838Z"}
{"@file":"src/psp/format_2025/operations.rs","@level":"debug","@line":60,"@message":"✅ Operations unpacked: count=8 operations=[158, 182, 155, 131, 119, 146, 160, 217]","@module":"flavor::psp::format_2025::operations","@pid":13811,"@timestamp":"2026-03-31T20:29:35.572858Z"}
{"@file":"src/psp/format_2025/operations.rs","@level":"debug","@line":37,"@message":"✅ Operations packed: result=3400574544","@module":"flavor::psp::format_2025::operations","@pid":13811,"@timestamp":"2026-03-31T20:29:35.572889Z"}
{"@file":"src/psp/format_2025/operations.rs","@level":"debug","@line":37,"@message":"✅ Operations packed: result=15681694944510850718","@module":"flavor::psp::format_2025::operations","@pid":13811,"@timestamp":"2026-03-31T20:29:35.572894Z"}
{"@file":"src/psp/format_2025/operations.rs","@level":"debug","@line":60,"@message":"✅ Operations unpacked: count=4 operations=[80, 166, 176, 202]","@module":"flavor::psp::format_2025::operations","@pid":13811,"@timestamp":"2026-03-31T20:29:35.572912Z"}
{"@file":"src/psp/format_2025/operations.rs","@level":"debug","@line":60,"@message":"✅ Operations unpacked: count=8 operations=[158, 182, 155, 131, 119, 146, 160, 217]","@module":"flavor::psp::format_2025::operations","@pid":13811,"@timestamp":"2026-03-31T20:29:35.572934Z"}
{"@file":"src/psp/format_2025/operations.rs","@level":"debug","@line":37,"@message":"✅ Operations packed: result=2193454680757847","@module":"flavor::psp::format_2025::operations","@pid":13811,"@timestamp":"2026-03-31T20:29:35.572977Z"}
{"@file":"src/psp/format_2025/operations.rs","@level":"debug","@line":60,"@message":"✅ Operations unpacked: count=7 operations=[87, 214, 19, 119, 239, 202, 7]","@module":"flavor::psp::format_2025::operations","@pid":13811,"@timestamp":"2026-03-31T20:29:35.572996Z"}
{"@file":"src/psp/format_2025/operations.rs","@level":"debug","@line":60,"@message":"✅ Operations unpacked: count=8 operations=[153, 192, 204, 104, 157, 18, 139, 249]","@module":"flavor::psp::format_2025::operations","@pid":13811,"@timestamp":"2026-03-31T20:29:35.572997Z"}
{"@file":"src/psp/format_2025/operations.rs","@level":"debug","@line":37,"@message":"✅ Operations packed: result=17981486404484251801","@module":"flavor::psp::format_2025::operations","@pid":13811,"@timestamp":"2026-03-31T20:29:35.573030Z"}
{"@file":"src/psp/format_2025/operations.rs","@level":"debug","@line":37,"@message":"✅ Operations packed: result=4132852774","@module":"flavor::psp::format_2025::operations","@pid":13811,"@timestamp":"2026-03-31T20:29:35.573045Z"}
{"@file":"src/psp/format_2025/operations.rs","@level":"debug","@line":60,"@message":"✅ Operations unpacked: count=8 operations=[153, 192, 204, 104, 157, 18, 139, 249]","@module":"flavor::psp::format_2025::operations","@pid":13811,"@timestamp":"2026-03-31T20:29:35.573049Z"}
{"@file":"src/psp/format_2025/operations.rs","@level":"debug","@line":60,"@message":"✅ Operations unpacked: count=4 operations=[38, 84, 86, 246]","@module":"flavor::psp::format_2025::operations","@pid":13811,"@timestamp":"2026-03-31T20:29:35.573067Z"}
{"@file":"src/psp/format_2025/operations.rs","@level":"debug","@line":37,"@message":"✅ Operations packed: result=15351029083595","@module":"flavor::psp::format_2025::operations","@pid":13811,"@timestamp":"2026-03-31T20:29:35.573130Z"}
{"@file":"src/psp/format_2025/operations.rs","@level":"debug","@line":60,"@message":"✅ Operations unpacked: count=8 operations=[170, 126, 202, 225, 190, 66, 60, 87]","@module":"flavor::psp::format_2025::operations","@pid":13811,"@timestamp":"2026-03-31T20:29:35.573132Z"}
{"@file":"src/psp/format_2025/operations.rs","@level":"debug","@line":60,"@message":"✅ Operations unpacked: count=6 operations=[203, 173, 162, 48, 246, 13]","@module":"flavor::psp::format_2025::operations","@pid":13811,"@timestamp":"2026-03-31T20:29:35.573150Z"}
{"@file":"src/psp/format_2025/operations.rs","@level":"debug","@line":37,"@message":"✅ Operations packed: result=6285972567501733546","@module":"flavor::psp::format_2025::operations","@pid":13811,"@timestamp":"2026-03-31T20:29:35.573159Z"}
{"@file":"src/psp/format_2025/operations.rs","@level":"debug","@line":60,"@message":"✅ Operations unpacked: count=8 operations=[170, 126, 202, 225, 190, 66, 60, 87]","@module":"flavor::psp::format_2025::operations","@pid":13811,"@timestamp":"2026-03-31T20:29:35.573176Z"}
{"@file":"src/psp/format_2025/operations.rs","@level":"debug","@line":37,"@message":"✅ Operations packed: result=93545563792928","@module":"flavor::psp::format_2025::operations","@pid":13811,"@timestamp":"2026-03-31T20:29:35.573197Z"}
{"@file":"src/psp/format_2025/operations.rs","@level":"debug","@line":60,"@message":"✅ Operations unpacked: count=6 operations=[32, 166, 25, 70, 20, 85]","@module":"flavor::psp::format_2025::operations","@pid":13811,"@timestamp":"2026-03-31T20:29:35.573215Z"}
{"@file":"src/psp/format_2025/operations.rs","@level":"debug","@line":60,"@message":"✅ Operations unpacked: count=8 operations=[78, 205, 170, 147, 16, 220, 236, 160]","@module":"flavor::psp::format_2025::operations","@pid":13811,"@timestamp":"2026-03-31T20:29:35.573222Z"}
{"@file":"src/psp/format_2025/operations.rs","@level":"debug","@line":37,"@message":"✅ Operations packed: result=11595885104327216462","@module":"flavor::psp::format_2025::operations","@pid":13811,"@timestamp":"2026-03-31T20:29:35.573242Z"}
{"@file":"src/psp/format_2025/operations.rs","@level":"debug","@line":60,"@message":"✅ Operations unpacked: count=8 operations=[78, 205, 170, 147, 16, 220, 236, 160]","@module":"flavor::psp::format_2025::operations","@pid":13811,"@timestamp":"2026-03-31T20:29:35.573259Z"}
{"@file":"src/psp/format_2025/operations.rs","@level":"debug","@line":37,"@message":"✅ Operations packed: result=210155520549150","@module":"flavor::psp::format_2025::operations","@pid":13811,"@timestamp":"2026-03-31T20:29:35.573263Z"}
{"@file":"src/psp/format_2025/operations.rs","@level":"debug","@line":60,"@message":"✅ Operations unpacked: count=6 operations=[30, 97, 38, 165, 34, 191]","@module":"flavor::psp::format_2025::operations","@pid":13811,"@timestamp":"2026-03-31T20:29:35.573281Z"}
{"@file":"src/psp/format_2025/operations.rs","@level":"debug","@line":60,"@message":"✅ Operations unpacked: count=8 operations=[147, 69, 105, 217, 132, 155, 165, 79]","@module":"flavor::psp::format_2025::operations","@pid":13811,"@timestamp":"2026-03-31T20:29:35.573304Z"}
{"@file":"src/psp/format_2025/operations.rs","@level":"debug","@line":37,"@message":"✅ Operations packed: result=5739164295039108499","@module":"flavor::psp::format_2025::operations","@pid":13811,"@timestamp":"2026-03-31T20:29:35.573324Z"}
{"@file":"src/psp/format_2025/operations.rs","@level":"debug","@line":37,"@message":"✅ Operations packed: result=0","@module":"flavor::psp::format_2025::operations","@pid":13811,"@timestamp":"2026-03-31T20:29:35.573327Z"}
{"@file":"src/psp/format_2025/operations.rs","@level":"debug","@line":60,"@message":"✅ Operations unpacked: count=8 operations=[147, 69, 105, 217, 132, 155, 165, 79]","@module":"flavor::psp::format_2025::operations","@pid":13811,"@timestamp":"2026-03-31T20:29:35.573345Z"}
{"@file":"src/psp/format_2025/operations.rs","@level":"debug","@line":60,"@message":"✅ Operations unpacked: count=0 operations=[]","@module":"flavor::psp::format_2025::operations","@pid":13811,"@timestamp":"2026-03-31T20:29:35.573353Z"}
{"@file":"src/psp/format_2025/operations.rs","@level":"debug","@line":60,"@message":"✅ Operations unpacked: count=8 operations=[191, 136, 68, 249, 103, 7, 201, 55]","@module":"flavor::psp::format_2025::operations","@pid":13811,"@timestamp":"2026-03-31T20:29:35.573391Z"}
{"@file":"src/psp/format_2025/operations.rs","@level":"debug","@line":37,"@message":"✅ Operations packed: result=251529436636877","@module":"flavor::psp::format_2025::operations","@pid":13811,"@timestamp":"2026-03-31T20:29:35.573400Z"}
{"@file":"src/psp/format_2025/operations.rs","@level":"debug","@line":37,"@message":"✅ Operations packed: result=4019752285549922495","@module":"flavor::psp::format_2025::operations","@pid":13811,"@timestamp":"2026-03-31T20:29:35.573412Z"}
{"@file":"src/psp/format_2025/operations.rs","@level":"debug","@line":60,"@message":"✅ Operations unpacked: count=6 operations=[205, 166, 184, 194, 195, 228]","@module":"flavor::psp::format_2025::operations","@pid":13811,"@timestamp":"2026-03-31T20:29:35.573419Z"}
{"@file":"src/psp/format_2025/operations.rs","@level":"debug","@line":60,"@message":"✅ Operations unpacked: count=8 operations=[191, 136, 68, 249, 103, 7, 201, 55]","@module":"flavor::psp::format_2025::operations","@pid":13811,"@timestamp":"2026-03-31T20:29:35.573429Z"}
{"@file":"src/psp/format_2025/operations.rs","@level":"debug","@line":37,"@message":"✅ Operations packed: result=0","@module":"flavor::psp::format_2025::operations","@pid":13811,"@timestamp":"2026-03-31T20:29:35.573467Z"}
{"@file":"src/psp/format_2025/operations.rs","@level":"debug","@line":60,"@message":"✅ Operations unpacked: count=8 operations=[223, 89, 220, 121, 90, 110, 16, 245]","@module":"flavor::psp::format_2025::operations","@pid":13811,"@timestamp":"2026-03-31T20:29:35.573476Z"}
{"@file":"src/psp/format_2025/operations.rs","@level":"debug","@line":60,"@message":"✅ Operations unpacked: count=0 operations=[]","@module":"flavor::psp::format_2025::operations","@pid":13811,"@timestamp":"2026-03-31T20:29:35.573486Z"}
{"@file":"src/psp/format_2025/operations.rs","@level":"debug","@line":37,"@message":"✅ Operations packed: result=17658735473790310879","@module":"flavor::psp::format_2025::operations","@pid":13811,"@timestamp":"2026-03-31T20:29:35.573495Z"}
{"@file":"src/psp/format_2025/operations.rs","@level":"debug","@line":60,"@message":"✅ Operations unpacked: count=8 operations=[223, 89, 220, 121, 90, 110, 16, 245]","@module":"flavor::psp::format_2025::operations","@pid":13811,"@timestamp":"2026-03-31T20:29:35.573540Z"}
{"@file":"src/psp/format_2025/operations.rs","@level":"debug","@line":37,"@message":"✅ Operations packed: result=47326","@module":"flavor::psp::format_2025::operations","@pid":13811,"@timestamp":"2026-03-31T20:29:35.573554Z"}
{"@file":"src/psp/format_2025/operations.rs","@level":"debug","@line":60,"@message":"✅ Operations unpacked: count=2 operations=[222, 184]","@module":"flavor::psp::format_2025::operations","@pid":13811,"@timestamp":"2026-03-31T20:29:35.573584Z"}
{"@file":"src/psp/format_2025/operations.rs","@level":"debug","@line":60,"@message":"✅ Operations unpacked: count=8 operations=[209, 247, 210, 19, 37, 20, 145, 10]","@module":"flavor::psp::format_2025::operations","@pid":13811,"@timestamp":"2026-03-31T20:29:35.573600Z"}
{"@file":"src/psp/format_2025/operations.rs","@level":"debug","@line":37,"@message":"✅ Operations packed: result=761411961481263057","@module":"flavor::psp::format_2025::operations","@pid":13811,"@timestamp":"2026-03-31T20:29:35.573628Z"}
{"@file":"src/psp/format_2025/operations.rs","@level":"debug","@line":37,"@message":"✅ Operations packed: result=14065","@module":"flavor::psp::format_2025::operations","@pid":13811,"@timestamp":"2026-03-31T20:29:35.573634Z"}
{"@file":"src/psp/format_2025/operations.rs","@level":"debug","@line":60,"@message":"✅ Operations unpacked: count=8 operations=[209, 247, 210, 19, 37, 20, 145, 10]","@module":"flavor::psp::format_2025::operations","@pid":13811,"@timestamp":"2026-03-31T20:29:35.573667Z"}
{"@file":"src/psp/format_2025/operations.rs","@level":"debug","@line":60,"@message":"✅ Operations unpacked: count=2 operations=[241, 54]","@module":"flavor::psp::format_2025::operations","@pid":13811,"@timestamp":"2026-03-31T20:29:35.573677Z"}
{"@file":"src/psp/format_2025/operations.rs","@level":"debug","@line":60,"@message":"✅ Operations unpacked: count=8 operations=[95, 215, 44, 159, 176, 62, 249, 166]","@module":"flavor::psp::format_2025::operations","@pid":13811,"@timestamp":"2026-03-31T20:29:35.573718Z"}
{"@file":"src/psp/format_2025/operations.rs","@level":"debug","@line":37,"@message":"✅ Operations packed: result=145829711179839","@module":"flavor::psp::format_2025::operations","@pid":13811,"@timestamp":"2026-03-31T20:29:35.573729Z"}
{"@file":"src/psp/format_2025/operations.rs","@level":"debug","@line":37,"@message":"✅ Operations packed: result=12031716807802672991","@module":"flavor::psp::format_2025::operations","@pid":13811,"@timestamp":"2026-03-31T20:29:35.573738Z"}
{"@file":"src/psp/format_2025/operations.rs","@level":"debug","@line":60,"@message":"✅ Operations unpacked: count=6 operations=[63, 240, 33, 160, 161, 132]","@module":"flavor::psp::format_2025::operations","@pid":13811,"@timestamp":"2026-03-31T20:29:35.573749Z"}
{"@file":"src/psp/format_2025/operations.rs","@level":"debug","@line":60,"@message":"✅ Operations unpacked: count=8 operations=[95, 215, 44, 159, 176, 62, 249, 166]","@module":"flavor::psp::format_2025::operations","@pid":13811,"@timestamp":"2026-03-31T20:29:35.573756Z"}
{"@file":"src/psp/format_2025/operations.rs","@level":"debug","@line":37,"@message":"✅ Operations packed: result=63947","@module":"flavor::psp::format_2025::operations","@pid":13811,"@timestamp":"2026-03-31T20:29:35.573796Z"}
{"@file":"src/psp/format_2025/operations.rs","@level":"debug","@line":60,"@message":"✅ Operations unpacked: count=8 operations=[64, 190, 86, 103, 46, 212, 63, 176]","@module":"flavor::psp::format_2025::operations","@pid":13811,"@timestamp":"2026-03-31T20:29:35.573803Z"}
{"@file":"src/psp/format_2025/operations.rs","@level":"debug","@line":60,"@message":"✅ Operations unpacked: count=2 operations=[203, 249]","@module":"flavor::psp::format_2025::operations","@pid":13811,"@timestamp":"2026-03-31T20:29:35.573815Z"}
{"@file":"src/psp/format_2025/operations.rs","@level":"debug","@line":37,"@message":"✅ Operations packed: result=12700102769975410240","@module":"flavor::psp::format_2025::operations","@pid":13811,"@timestamp":"2026-03-31T20:29:35.573824Z"}
{"@file":"src/psp/format_2025/operations.rs","@level":"debug","@line":60,"@message":"✅ Operations unpacked: count=8 operations=[64, 190, 86, 103, 46, 212, 63, 176]","@module":"flavor::psp::format_2025::operations","@pid":13811,"@timestamp":"2026-03-31T20:29:35.573843Z"}
{"@file":"src/psp/format_2025/operations.rs","@level":"debug","@line":37,"@message":"✅ Operations packed: result=23196","@module":"flavor::psp::format_2025::operations","@pid":13811,"@timestamp":"2026-03-31T20:29:35.573860Z"}
{"@file":"src/psp/format_2025/operations.rs","@level":"debug","@line":60,"@message":"✅ Operations unpacked: count=2 operations=[156, 90]","@module":"flavor::psp::format_2025::operations","@pid":13811,"@timestamp":"2026-03-31T20:29:35.573878Z"}
{"@file":"src/psp/format_2025/operations.rs","@level":"debug","@line":60,"@message":"✅ Operations unpacked: count=8 operations=[178, 41, 142, 214, 141, 98, 76, 203]","@module":"flavor::psp::format_2025::operations","@pid":13811,"@timestamp":"2026-03-31T20:29:35.573888Z"}
{"@file":"src/psp/format_2025/operations.rs","@level":"debug","@line":37,"@message":"✅ Operations packed: result=14649192049258932658","@module":"flavor::psp::format_2025::operations","@pid":13811,"@timestamp":"2026-03-31T20:29:35.573906Z"}
{"@file":"src/psp/format_2025/operations.rs","@level":"debug","@line":37,"@message":"✅ Operations packed: result=428618875711","@module":"flavor::psp::format_2025::operations","@pid":13811,"@timestamp":"2026-03-31T20:29:35.573924Z"}
{"@file":"src/psp/format_2025/operations.rs","@level":"debug","@line":60,"@message":"✅ Operations unpacked: count=8 operations=[178, 41, 142, 214, 141, 98, 76, 203]","@module":"flavor::psp::format_2025::operations","@pid":13811,"@timestamp":"2026-03-31T20:29:35.573925Z"}
{"@file":"src/psp/format_2025/operations.rs","@level":"debug","@line":60,"@message":"✅ Operations unpacked: count=5 operations=[63, 3, 173, 203, 99]","@module":"flavor::psp::format_2025::operations","@pid":13811,"@timestamp":"2026-03-31T20:29:35.573945Z"}
{"@file":"src/psp/format_2025/operations.rs","@level":"debug","@line":60,"@message":"✅ Operations unpacked: count=8 operations=[13, 18, 162, 135, 15, 44, 202, 247]","@module":"flavor::psp::format_2025::operations","@pid":13811,"@timestamp":"2026-03-31T20:29:35.573989Z"}
{"@file":"src/psp/format_2025/operations.rs","@level":"debug","@line":37,"@message":"✅ Operations packed: result=0","@module":"flavor::psp::format_2025::operations","@pid":13811,"@timestamp":"2026-03-31T20:29:35.573997Z"}
{"@file":"src/psp/format_2025/operations.rs","@level":"debug","@line":37,"@message":"✅ Operations packed: result=17855132117875429901","@module":"flavor::psp::format_2025::operations","@pid":13811,"@timestamp":"2026-03-31T20:29:35.574027Z"}
{"@file":"src/psp/format_2025/operations.rs","@level":"debug","@line":60,"@message":"✅ Operations unpacked: count=0 operations=[]","@module":"flavor::psp::format_2025::operations","@pid":13811,"@timestamp":"2026-03-31T20:29:35.574031Z"}
{"@file":"src/psp/format_2025/operations.rs","@level":"debug","@line":60,"@message":"✅ Operations unpacked: count=8 operations=[13, 18, 162, 135, 15, 44, 202, 247]","@module":"flavor::psp::format_2025::operations","@pid":13811,"@timestamp":"2026-03-31T20:29:35.574050Z"}
{"@file":"src/psp/format_2025/operations.rs","@level":"debug","@line":37,"@message":"✅ Operations packed: result=11552235117346944848","@module":"flavor::psp::format_2025::operations","@pid":13811,"@timestamp":"2026-03-31T20:29:35.574086Z"}
{"@file":"src/psp/format_2025/operations.rs","@level":"debug","@line":60,"@message":"✅ Operations unpacked: count=8 operations=[37, 111, 141, 168, 194, 112, 54, 45]","@module":"flavor::psp::format_2025::operations","@pid":13811,"@timestamp":"2026-03-31T20:29:35.574097Z"}
{"@file":"src/psp/format_2025/operations.rs","@level":"debug","@line":60,"@message":"✅ Operations unpacked: count=8 operations=[80, 247, 65, 3, 162, 200, 81, 160]","@module":"flavor::psp::format_2025::operations","@pid":13811,"@timestamp":"2026-03-31T20:29:35.574106Z"}
{"@file":"src/psp/format_2025/operations.rs","@level":"debug","@line":37,"@message":"✅ Operations packed: result=3257915361802940197","@module":"flavor::psp::format_2025::operations","@pid":13811,"@timestamp":"2026-03-31T20:29:35.574118Z"}
{"@file":"src/psp/format_2025/operations.rs","@level":"debug","@line":60,"@message":"✅ Operations unpacked: count=8 operations=[37, 111, 141, 168, 194, 112, 54, 45]","@module":"flavor::psp::format_2025::operations","@pid":13811,"@timestamp":"2026-03-31T20:29:35.574135Z"}
{"@file":"src/psp/format_2025/operations.rs","@level":"debug","@line":37,"@message":"✅ Operations packed: result=16527965772083320","@module":"flavor::psp::format_2025::operations","@pid":13811,"@timestamp":"2026-03-31T20:29:35.574154Z"}
{"@file":"src/psp/format_2025/operations.rs","@level":"debug","@line":60,"@message":"✅ Operations unpacked: count=7 operations=[120, 112, 180, 232, 24, 184, 58]","@module":"flavor::psp::format_2025::operations","@pid":13811,"@timestamp":"2026-03-31T20:29:35.574173Z"}
{"@file":"src/psp/format_2025/operations.rs","@level":"debug","@line":60,"@message":"✅ Operations unpacked: count=8 operations=[53, 200, 80, 179, 38, 183, 181, 248]","@module":"flavor::psp::format_2025::operations","@pid":13811,"@timestamp":"2026-03-31T20:29:35.574199Z"}
{"@file":"src/psp/format_2025/operations.rs","@level":"debug","@line":37,"@message":"✅ Operations packed: result=3446523163","@module":"flavor::psp::format_2025::operations","@pid":13811,"@timestamp":"2026-03-31T20:29:35.574221Z"}
{"@file":"src/psp/format_2025/operations.rs","@level":"debug","@line":37,"@message":"✅ Operations packed: result=17921431669035812917","@module":"flavor::psp::format_2025::operations","@pid":13811,"@timestamp":"2026-03-31T20:29:35.574228Z"}
{"@file":"src/psp/format_2025/operations.rs","@level":"debug","@line":60,"@message":"✅ Operations unpacked: count=4 operations=[27, 197, 109, 205]","@module":"flavor::psp::format_2025::operations","@pid":13811,"@timestamp":"2026-03-31T20:29:35.574254Z"}
{"@file":"src/psp/format_2025/operations.rs","@level":"debug","@line":60,"@message":"✅ Operations unpacked: count=8 operations=[53, 200, 80, 179, 38, 183, 181, 248]","@module":"flavor::psp::format_2025::operations","@pid":13811,"@timestamp":"2026-03-31T20:29:35.574267Z"}
{"@file":"src/psp/format_2025/operations.rs","@level":"debug","@line":37,"@message":"✅ Operations packed: result=12628116685345259389","@module":"flavor::psp::format_2025::operations","@pid":13811,"@timestamp":"2026-03-31T20:29:35.574309Z"}
{"@file":"src/psp/format_2025/operations.rs","@level":"debug","@line":60,"@message":"✅ Operations unpacked: count=8 operations=[198, 128, 28, 23, 159, 161, 190, 50]","@module":"flavor::psp::format_2025::operations","@pid":13811,"@timestamp":"2026-03-31T20:29:35.574320Z"}
{"@file":"src/psp/format_2025/operations.rs","@level":"debug","@line":60,"@message":"✅ Operations unpacked: count=8 operations=[125, 255, 47, 252, 55, 21, 64, 175]","@module":"flavor::psp::format_2025::operations","@pid":13811,"@timestamp":"2026-03-31T20:29:35.574335Z"}
{"@file":"src/psp/format_2025/operations.rs","@level":"debug","@line":37,"@message":"✅ Operations packed: result=3656537652131037382","@module":"flavor::psp::format_2025::operations","@pid":13811,"@timestamp":"2026-03-31T20:29:35.574348Z"}
{"@file":"src/psp/format_2025/operations.rs","@level":"debug","@line":60,"@message":"✅ Operations unpacked: count=8 operations=[198, 128, 28, 23, 159, 161, 190, 50]","@module":"flavor::psp::format_2025::operations","@pid":13811,"@timestamp":"2026-03-31T20:29:35.574373Z"}
{"@file":"src/psp/format_2025/operations.rs","@level":"debug","@line":37,"@message":"✅ Operations packed: result=163","@module":"flavor::psp::format_2025::operations","@pid":13811,"@timestamp":"2026-03-31T20:29:35.574390Z"}
{"@file":"src/psp/format_2025/operations.rs","@level":"debug","@line":60,"@message":"✅ Operations unpacked: count=1 operations=[163]","@module":"flavor::psp::format_2025::operations","@pid":13811,"@timestamp":"2026-03-31T20:29:35.574415Z"}
{"@file":"src/psp/format_2025/operations.rs","@level":"debug","@line":60,"@message":"✅ Operations unpacked: count=8 operations=[75, 17, 49, 90, 208, 206, 195, 104]","@module":"flavor::psp::format_2025::operations","@pid":13811,"@timestamp":"2026-03-31T20:29:35.574420Z"}
{"@file":"src/psp/format_2025/operations.rs","@level":"debug","@line":37,"@message":"✅ Operations packed: result=7549104794664767819","@module":"flavor::psp::format_2025::operations","@pid":13811,"@timestamp":"2026-03-31T20:29:35.574447Z"}
{"@file":"src/psp/format_2025/operations.rs","@level":"debug","@line":37,"@message":"✅ Operations packed: result=1489555672","@module":"flavor::psp::format_2025::operations","@pid":13811,"@timestamp":"2026-03-31T20:29:35.574462Z"}
{"@file":"src/psp/format_2025/operations.rs","@level":"debug","@line":60,"@message":"✅ Operations unpacked: count=8 operations=[75, 17, 49, 90, 208, 206, 195, 104]","@module":"flavor::psp::format_2025::operations","@pid":13811,"@timestamp":"2026-03-31T20:29:35.574467Z"}
{"@file":"src/psp/format_2025/operations.rs","@level":"debug","@line":60,"@message":"✅ Operations unpacked: count=4 operations=[216, 208, 200, 88]","@module":"flavor::psp::format_2025::operations","@pid":13811,"@timestamp":"2026-03-31T20:29:35.574497Z"}
{"@file":"src/psp/format_2025/operations.rs","@level":"debug","@line":60,"@message":"✅ Operations unpacked: count=8 operations=[44, 105, 109, 242, 234, 212, 248, 132]","@module":"flavor::psp::format_2025::operations","@pid":13811,"@timestamp":"2026-03-31T20:29:35.574534Z"}
{"@file":"src/psp/format_2025/operations.rs","@level":"debug","@line":37,"@message":"✅ Operations packed: result=39946175767152052","@module":"flavor::psp::format_2025::operations","@pid":13811,"@timestamp":"2026-03-31T20:29:35.574549Z"}
{"@file":"src/psp/format_2025/operations.rs","@level":"debug","@line":37,"@message":"✅ Operations packed: result=9581642312785422636","@module":"flavor::psp::format_2025::operations","@pid":13811,"@timestamp":"2026-03-31T20:29:35.574555Z"}
{"@file":"src/psp/format_2025/operations.rs","@level":"debug","@line":60,"@message":"✅ Operations unpacked: count=7 operations=[180, 133, 188, 208, 213, 234, 141]","@module":"flavor::psp::format_2025::operations","@pid":13811,"@timestamp":"2026-03-31T20:29:35.574567Z"}
{"@file":"src/psp/format_2025/operations.rs","@level":"debug","@line":60,"@message":"✅ Operations unpacked: count=8 operations=[44, 105, 109, 242, 234, 212, 248, 132]","@module":"flavor::psp::format_2025::operations","@pid":13811,"@timestamp":"2026-03-31T20:29:35.574572Z"}
{"@file":"src/psp/format_2025/operations.rs","@level":"debug","@line":37,"@message":"✅ Operations packed: result=821212820069","@module":"flavor::psp::format_2025::operations","@pid":13811,"@timestamp":"2026-03-31T20:29:35.574615Z"}
{"@file":"src/psp/format_2025/operations.rs","@level":"debug","@line":60,"@message":"✅ Operations unpacked: count=8 operations=[113, 190, 157, 19, 140, 186, 2, 8]","@module":"flavor::psp::format_2025::operations","@pid":13811,"@timestamp":"2026-03-31T20:29:35.574623Z"}
{"@file":"src/psp/format_2025/operations.rs","@level":"debug","@line":60,"@message":"✅ Operations unpacked: count=5 operations=[101, 50, 25, 52, 191]","@module":"flavor::psp::format_2025::operations","@pid":13811,"@timestamp":"2026-03-31T20:29:35.574637Z"}
{"@file":"src/psp/format_2025/operations.rs","@level":"debug","@line":37,"@message":"✅ Operations packed: result=577228813044137585","@module":"flavor::psp::format_2025::operations","@pid":13811,"@timestamp":"2026-03-31T20:29:35.574642Z"}
{"@file":"src/psp/format_2025/operations.rs","@level":"debug","@line":60,"@message":"✅ Operations unpacked: count=8 operations=[113, 190, 157, 19, 140, 186, 2, 8]","@module":"flavor::psp::format_2025::operations","@pid":13811,"@timestamp":"2026-03-31T20:29:35.574665Z"}
{"@file":"src/psp/format_2025/operations.rs","@level":"debug","@line":37,"@message":"✅ Operations packed: result=14434813","@module":"flavor::psp::format_2025::operations","@pid":13811,"@timestamp":"2026-03-31T20:29:35.574685Z"}
{"@file":"src/psp/format_2025/operations.rs","@level":"debug","@line":60,"@message":"✅ Operations unpacked: count=3 operations=[253, 65, 220]","@module":"flavor::psp::format_2025::operations","@pid":13811,"@timestamp":"2026-03-31T20:29:35.574707Z"}
{"@file":"src/psp/format_2025/operations.rs","@level":"debug","@line":60,"@message":"✅ Operations unpacked: count=8 operations=[105, 237, 26, 11, 138, 125, 217, 165]","@module":"flavor::psp::format_2025::operations","@pid":13811,"@timestamp":"2026-03-31T20:29:35.574711Z"}
{"@file":"src/psp/format_2025/operations.rs","@level":"debug","@line":37,"@message":"✅ Operations packed: result=11950721118049594729","@module":"flavor::psp::format_2025::operations","@pid":13811,"@timestamp":"2026-03-31T20:29:35.574735Z"}
{"@file":"src/psp/format_2025/operations.rs","@level":"debug","@line":60,"@message":"✅ Operations unpacked: count=8 operations=[105, 237, 26, 11, 138, 125, 217, 165]","@module":"flavor::psp::format_2025::operations","@pid":13811,"@timestamp":"2026-03-31T20:29:35.574752Z"}
{"@file":"src/psp/format_2025/operations.rs","@level":"debug","@line":37,"@message":"✅ Operations packed: result=141199334638","@module":"flavor::psp::format_2025::operations","@pid":13811,"@timestamp":"2026-03-31T20:29:35.574754Z"}
{"@file":"src/psp/format_2025/operations.rs","@level":"debug","@line":60,"@message":"✅ Operations unpacked: count=5 operations=[238, 220, 34, 224, 32]","@module":"flavor::psp::format_2025::operations","@pid":13811,"@timestamp":"2026-03-31T20:29:35.574775Z"}
{"@file":"src/psp/format_2025/operations.rs","@level":"debug","@line":60,"@message":"✅ Operations unpacked: count=8 operations=[62, 202, 202, 54, 224, 91, 111, 95]","@module":"flavor::psp::format_2025::operations","@pid":13811,"@timestamp":"2026-03-31T20:29:35.574801Z"}
{"@file":"src/psp/format_2025/operations.rs","@level":"debug","@line":37,"@message":"✅ Operations packed: result=6876816174568098366","@module":"flavor::psp::format_2025::operations","@pid":13811,"@timestamp":"2026-03-31T20:29:35.574820Z"}
{"@file":"src/psp/format_2025/operations.rs","@level":"debug","@line":37,"@message":"✅ Operations packed: result=34021939567245","@module":"flavor::psp::format_2025::operations","@pid":13811,"@timestamp":"2026-03-31T20:29:35.574825Z"}
{"@file":"src/psp/format_2025/operations.rs","@level":"debug","@line":60,"@message":"✅ Operations unpacked: count=8 operations=[62, 202, 202, 54, 224, 91, 111, 95]","@module":"flavor::psp::format_2025::operations","@pid":13811,"@timestamp":"2026-03-31T20:29:35.574836Z"}
{"@file":"src/psp/format_2025/operations.rs","@level":"debug","@line":60,"@message":"✅ Operations unpacked: count=6 operations=[141, 90, 159, 89, 241, 30]","@module":"flavor::psp::format_2025::operations","@pid":13811,"@timestamp":"2026-03-31T20:29:35.574843Z"}
{"@file":"src/psp/format_2025/operations.rs","@level":"debug","@line":60,"@message":"✅ Operations unpacked: count=8 operations=[228, 168, 94, 237, 33, 99, 25, 183]","@module":"flavor::psp::format_2025::operations","@pid":13811,"@timestamp":"2026-03-31T20:29:35.574883Z"}
{"@file":"src/psp/format_2025/operations.rs","@level":"debug","@line":37,"@message":"✅ Operations packed: result=0","@module":"flavor::psp::format_2025::operations","@pid":13811,"@timestamp":"2026-03-31T20:29:35.574899Z"}
{"@file":"src/psp/format_2025/operations.rs","@level":"debug","@line":37,"@message":"✅ Operations packed: result=13193685580726053092","@module":"flavor::psp::format_2025::operations","@pid":13811,"@timestamp":"2026-03-31T20:29:35.574909Z"}
{"@file":"src/psp/format_2025/operations.rs","@level":"debug","@line":60,"@message":"✅ Operations unpacked: count=0 operations=[]","@module":"flavor::psp::format_2025::operations","@pid":13811,"@timestamp":"2026-03-31T20:29:35.574933Z"}
{"@file":"src/psp/format_2025/operations.rs","@level":"debug","@line":60,"@message":"✅ Operations unpacked: count=8 operations=[228, 168, 94, 237, 33, 99, 25, 183]","@module":"flavor::psp::format_2025::operations","@pid":13811,"@timestamp":"2026-03-31T20:29:35.574944Z"}
{"@file":"src/psp/format_2025/operations.rs","@level":"debug","@line":37,"@message":"✅ Operations packed: result=786516730530","@module":"flavor::psp::format_2025::operations","@pid":13811,"@timestamp":"2026-03-31T20:29:35.574986Z"}
{"@file":"src/psp/format_2025/operations.rs","@level":"debug","@line":60,"@message":"✅ Operations unpacked: count=8 operations=[95, 187, 70, 126, 116, 240, 240, 124]","@module":"flavor::psp::format_2025::operations","@pid":13811,"@timestamp":"2026-03-31T20:29:35.575001Z"}
{"@file":"src/psp/format_2025/operations.rs","@level":"debug","@line":60,"@message":"✅ Operations unpacked: count=5 operations=[162, 226, 12, 32, 183]","@module":"flavor::psp::format_2025::operations","@pid":13811,"@timestamp":"2026-03-31T20:29:35.575011Z"}
{"@file":"src/psp/format_2025/operations.rs","@level":"debug","@line":37,"@message":"✅ Operations packed: result=9002960038239058783","@module":"flavor::psp::format_2025::operations","@pid":13811,"@timestamp":"2026-03-31T20:29:35.575028Z"}
{"@file":"src/psp/format_2025/operations.rs","@level":"debug","@line":60,"@message":"✅ Operations unpacked: count=8 operations=[95, 187, 70, 126, 116, 240, 240, 124]","@module":"flavor::psp::format_2025::operations","@pid":13811,"@timestamp":"2026-03-31T20:29:35.575057Z"}
{"@file":"src/psp/format_2025/operations.rs","@level":"debug","@line":37,"@message":"✅ Operations packed: result=187","@module":"flavor::psp::format_2025::operations","@pid":13811,"@timestamp":"2026-03-31T20:29:35.575065Z"}
{"@file":"src/psp/format_2025/operations.rs","@level":"debug","@line":60,"@message":"✅ Operations unpacked: count=1 operations=[187]","@module":"flavor::psp::format_2025::operations","@pid":13811,"@timestamp":"2026-03-31T20:29:35.575090Z"}
{"@file":"src/psp/format_2025/operations.rs","@level":"debug","@line":60,"@message":"✅ Operations unpacked: count=8 operations=[75, 154, 216, 185, 87, 210, 84, 109]","@module":"flavor::psp::format_2025::operations","@pid":13811,"@timestamp":"2026-03-31T20:29:35.575110Z"}
{"@file":"src/psp/format_2025/operations.rs","@level":"debug","@line":37,"@message":"✅ Operations packed: result=1123353951162251","@module":"flavor::psp::format_2025::operations","@pid":13811,"@timestamp":"2026-03-31T20:29:35.575136Z"}
{"@file":"src/psp/format_2025/operations.rs","@level":"debug","@line":37,"@message":"✅ Operations packed: result=7878152922399808075","@module":"flavor::psp::format_2025::operations","@pid":13811,"@timestamp":"2026-03-31T20:29:35.575136Z"}
{"@file":"src/psp/format_2025/operations.rs","@level":"debug","@line":60,"@message":"✅ Operations unpacked: count=7 operations=[139, 79, 55, 57, 175, 253, 3]","@module":"flavor::psp::format_2025::operations","@pid":13811,"@timestamp":"2026-03-31T20:29:35.575168Z"}
{"@file":"src/psp/format_2025/operations.rs","@level":"debug","@line":60,"@message":"✅ Operations unpacked: count=8 operations=[75, 154, 216, 185, 87, 210, 84, 109]","@module":"flavor::psp::format_2025::operations","@pid":13811,"@timestamp":"2026-03-31T20:29:35.575180Z"}
{"@file":"src/psp/format_2025/operations.rs","@level":"debug","@line":37,"@message":"✅ Operations packed: result=1045434994353","@module":"flavor::psp::format_2025::operations","@pid":13811,"@timestamp":"2026-03-31T20:29:35.575227Z"}
{"@file":"src/psp/format_2025/operations.rs","@level":"debug","@line":60,"@message":"✅ Operations unpacked: count=8 operations=[124, 106, 190, 56, 4, 250, 139, 4]","@module":"flavor::psp::format_2025::operations","@pid":13811,"@timestamp":"2026-03-31T20:29:35.575237Z"}
{"@file":"src/psp/format_2025/operations.rs","@level":"debug","@line":60,"@message":"✅ Operations unpacked: count=5 operations=[177, 14, 200, 104, 243]","@module":"flavor::psp::format_2025::operations","@pid":13811,"@timestamp":"2026-03-31T20:29:35.575251Z"}
{"@file":"src/psp/format_2025/operations.rs","@level":"debug","@line":37,"@message":"✅ Operations packed: result=327630293953309308","@module":"flavor::psp::format_2025::operations","@pid":13811,"@timestamp":"2026-03-31T20:29:35.575264Z"}
{"@file":"src/psp/format_2025/operations.rs","@level":"debug","@line":60,"@message":"✅ Operations unpacked: count=8 operations=[124, 106, 190, 56, 4, 250, 139, 4]","@module":"flavor::psp::format_2025::operations","@pid":13811,"@timestamp":"2026-03-31T20:29:35.575288Z"}
{"@file":"src/psp/format_2025/operations.rs","@level":"debug","@line":37,"@message":"✅ Operations packed: result=307249614639489413","@module":"flavor::psp::format_2025::operations","@pid":13811,"@timestamp":"2026-03-31T20:29:35.575305Z"}
{"@file":"src/psp/format_2025/operations.rs","@level":"debug","@line":60,"@message":"✅ Operations unpacked: count=8 operations=[133, 97, 246, 137, 229, 145, 67, 4]","@module":"flavor::psp::format_2025::operations","@pid":13811,"@timestamp":"2026-03-31T20:29:35.575329Z"}
{"@file":"src/psp/format_2025/operations.rs","@level":"debug","@line":60,"@message":"✅ Operations unpacked: count=8 operations=[177, 52, 208, 104, 125, 72, 11, 159]","@module":"flavor::psp::format_2025::operations","@pid":13811,"@timestamp":"2026-03-31T20:29:35.575341Z"}
{"@file":"src/psp/format_2025/operations.rs","@level":"debug","@line":37,"@message":"✅ Operations packed: result=11460333380240946353","@module":"flavor::psp::format_2025::operations","@pid":13811,"@timestamp":"2026-03-31T20:29:35.575368Z"}
{"@file":"src/psp/format_2025/operations.rs","@level":"debug","@line":37,"@message":"✅ Operations packed: result=3946369063","@module":"flavor::psp::format_2025::operations","@pid":13811,"@timestamp":"2026-03-31T20:29:35.575377Z"}
{"@file":"src/psp/format_2025/operations.rs","@level":"debug","@line":60,"@message":"✅ Operations unpacked: count=8 operations=[177, 52, 208, 104, 125, 72, 11, 159]","@module":"flavor::psp::format_2025::operations","@pid":13811,"@timestamp":"2026-03-31T20:29:35.575387Z"}
{"@file":"src/psp/format_2025/operations.rs","@level":"debug","@line":60,"@message":"✅ Operations unpacked: count=4 operations=[39, 208, 56, 235]","@module":"flavor::psp::format_2025::operations","@pid":13811,"@timestamp":"2026-03-31T20:29:35.575402Z"}
{"@file":"src/psp/format_2025/operations.rs","@level":"debug","@line":60,"@message":"✅ Operations unpacked: count=8 operations=[235, 202, 98, 66, 156, 146, 159, 107]","@module":"flavor::psp::format_2025::operations","@pid":13811,"@timestamp":"2026-03-31T20:29:35.575440Z"}
{"@file":"src/psp/format_2025/operations.rs","@level":"debug","@line":37,"@message":"✅ Operations packed: result=181937154494197","@module":"flavor::psp::format_2025::operations","@pid":13811,"@timestamp":"2026-03-31T20:29:35.575455Z"}
{"@file":"src/psp/format_2025/operations.rs","@level":"debug","@line":37,"@message":"✅ Operations packed: result=7755078283181607659","@module":"flavor::psp::format_2025::operations","@pid":13811,"@timestamp":"2026-03-31T20:29:35.575467Z"}
{"@file":"src/psp/format_2025/operations.rs","@level":"debug","@line":60,"@message":"✅ Operations unpacked: count=6 operations=[245, 14, 119, 139, 120, 165]","@module":"flavor::psp::format_2025::operations","@pid":13811,"@timestamp":"2026-03-31T20:29:35.575504Z"}
{"@file":"src/psp/format_2025/operations.rs","@level":"debug","@line":60,"@message":"✅ Operations unpacked: count=8 operations=[235, 202, 98, 66, 156, 146, 159, 107]","@module":"flavor::psp::format_2025::operations","@pid":13811,"@timestamp":"2026-03-31T20:29:35.575516Z"}
{"@file":"src/psp/format_2025/operations.rs","@level":"debug","@line":37,"@message":"✅ Operations packed: result=246","@module":"flavor::psp::format_2025::operations","@pid":13811,"@timestamp":"2026-03-31T20:29:35.575555Z"}
{"@file":"src/psp/format_2025/operations.rs","@level":"debug","@line":60,"@message":"✅ Operations unpacked: count=8 operations=[97, 15, 185, 239, 108, 142, 197, 205]","@module":"flavor::psp::format_2025::operations","@pid":13811,"@timestamp":"2026-03-31T20:29:35.575569Z"}
{"@file":"src/psp/format_2025/operations.rs","@level":"debug","@line":60,"@message":"✅ Operations unpacked: count=1 operations=[246]","@module":"flavor::psp::format_2025::operations","@pid":13811,"@timestamp":"2026-03-31T20:29:35.575580Z"}
{"@file":"src/psp/format_2025/operations.rs","@level":"debug","@line":37,"@message":"✅ Operations packed: result=14827413946716720993","@module":"flavor::psp::format_2025::operations","@pid":13811,"@timestamp":"2026-03-31T20:29:35.575596Z"}
{"@file":"src/psp/format_2025/operations.rs","@level":"debug","@line":60,"@message":"✅ Operations unpacked: count=8 operations=[97, 15, 185, 239, 108, 142, 197, 205]","@module":"flavor::psp::format_2025::operations","@pid":13811,"@timestamp":"2026-03-31T20:29:35.575619Z"}
{"@file":"src/psp/format_2025/operations.rs","@level":"debug","@line":37,"@message":"✅ Operations packed: result=3590290930","@module":"flavor::psp::format_2025::operations","@pid":13811,"@timestamp":"2026-03-31T20:29:35.575633Z"}
{"@file":"src/psp/format_2025/operations.rs","@level":"debug","@line":60,"@message":"✅ Operations unpacked: count=4 operations=[242, 125, 255, 213]","@module":"flavor::psp::format_2025::operations","@pid":13811,"@timestamp":"2026-03-31T20:29:35.575659Z"}
{"@file":"src/psp/format_2025/operations.rs","@level":"debug","@line":60,"@message":"✅ Operations unpacked: count=8 operations=[123, 142, 197, 122, 91, 49, 226, 43]","@module":"flavor::psp::format_2025::operations","@pid":13811,"@timestamp":"2026-03-31T20:29:35.575667Z"}
{"@file":"src/psp/format_2025/operations.rs","@level":"debug","@line":37,"@message":"✅ Operations packed: result=3162144157339061883","@module":"flavor::psp::format_2025::operations","@pid":13811,"@timestamp":"2026-03-31T20:29:35.575693Z"}
{"@file":"src/psp/format_2025/operations.rs","@level":"debug","@line":37,"@message":"✅ Operations packed: result=725570382","@module":"flavor::psp::format_2025::operations","@pid":13811,"@timestamp":"2026-03-31T20:29:35.575705Z"}
{"@file":"src/psp/format_2025/operations.rs","@level":"debug","@line":60,"@message":"✅ Operations unpacked: count=8 operations=[123, 142, 197, 122, 91, 49, 226, 43]","@module":"flavor::psp::format_2025::operations","@pid":13811,"@timestamp":"2026-03-31T20:29:35.575714Z"}
{"@file":"src/psp/format_2025/operations.rs","@level":"debug","@line":60,"@message":"✅ Operations unpacked: count=4 operations=[78, 83, 63, 43]","@module":"flavor::psp::format_2025::operations","@pid":13811,"@timestamp":"2026-03-31T20:29:35.575730Z"}
{"@file":"src/psp/format_2025/operations.rs","@level":"debug","@line":60,"@message":"✅ Operations unpacked: count=8 operations=[173, 15, 194, 87, 98, 64, 70, 210]","@module":"flavor::psp::format_2025::operations","@pid":13811,"@timestamp":"2026-03-31T20:29:35.575765Z"}
{"@file":"src/psp/format_2025/operations.rs","@level":"debug","@line":37,"@message":"✅ Operations packed: result=95091892273936","@module":"flavor::psp::format_2025::operations","@pid":13811,"@timestamp":"2026-03-31T20:29:35.575783Z"}
{"@file":"src/psp/format_2025/operations.rs","@level":"debug","@line":37,"@message":"✅ Operations packed: result=15151868787457920941","@module":"flavor::psp::format_2025::operations","@pid":13811,"@timestamp":"2026-03-31T20:29:35.575791Z"}
{"@file":"src/psp/format_2025/operations.rs","@level":"debug","@line":60,"@message":"✅ Operations unpacked: count=6 operations=[16, 195, 117, 78, 124, 86]","@module":"flavor::psp::format_2025::operations","@pid":13811,"@timestamp":"2026-03-31T20:29:35.575813Z"}
{"@file":"src/psp/format_2025/operations.rs","@level":"debug","@line":60,"@message":"✅ Operations unpacked: count=8 operations=[173, 15, 194, 87, 98, 64, 70, 210]","@module":"flavor::psp::format_2025::operations","@pid":13811,"@timestamp":"2026-03-31T20:29:35.575823Z"}
{"@file":"src/psp/format_2025/operations.rs","@level":"debug","@line":37,"@message":"✅ Operations packed: result=190162837400599","@module":"flavor::psp::format_2025::operations","@pid":13811,"@timestamp":"2026-03-31T20:29:35.575867Z"}
{"@file":"src/psp/format_2025/operations.rs","@level":"debug","@line":60,"@message":"✅ Operations unpacked: count=8 operations=[185, 161, 179, 148, 69, 216, 118, 215]","@module":"flavor::psp::format_2025::operations","@pid":13811,"@timestamp":"2026-03-31T20:29:35.575877Z"}
{"@file":"src/psp/format_2025/operations.rs","@level":"debug","@line":60,"@message":"✅ Operations unpacked: count=6 operations=[23, 108, 95, 188, 243, 172]","@module":"flavor::psp::format_2025::operations","@pid":13811,"@timestamp":"2026-03-31T20:29:35.575892Z"}
{"@file":"src/psp/format_2025/operations.rs","@level":"debug","@line":37,"@message":"✅ Operations packed: result=15525834558765507001","@module":"flavor::psp::format_2025::operations","@pid":13811,"@timestamp":"2026-03-31T20:29:35.575903Z"}
{"@file":"src/psp/format_2025/operations.rs","@level":"debug","@line":60,"@message":"✅ Operations unpacked: count=8 operations=[185, 161, 179, 148, 69, 216, 118, 215]","@module":"flavor::psp::format_2025::operations","@pid":13811,"@timestamp":"2026-03-31T20:29:35.575927Z"}
{"@file":"src/psp/format_2025/operations.rs","@level":"debug","@line":37,"@message":"✅ Operations packed: result=342421","@module":"flavor::psp::format_2025::operations","@pid":13811,"@timestamp":"2026-03-31T20:29:35.575945Z"}
{"@file":"src/psp/format_2025/operations.rs","@level":"debug","@line":60,"@message":"✅ Operations unpacked: count=3 operations=[149, 57, 5]","@module":"flavor::psp::format_2025::operations","@pid":13811,"@timestamp":"2026-03-31T20:29:35.575970Z"}
{"@file":"src/psp/format_2025/operations.rs","@level":"debug","@line":60,"@message":"✅ Operations unpacked: count=8 operations=[195, 32, 89, 108, 67, 202, 83, 207]","@module":"flavor::psp::format_2025::operations","@pid":13811,"@timestamp":"2026-03-31T20:29:35.575973Z"}
{"@file":"src/psp/format_2025/operations.rs","@level":"debug","@line":37,"@message":"✅ Operations packed: result=14939506779847467203","@module":"flavor::psp::format_2025::operations","@pid":13811,"@timestamp":"2026-03-31T20:29:35.576013Z"}
{"@file":"src/psp/format_2025/operations.rs","@level":"debug","@line":37,"@message":"✅ Operations packed: result=7202085166780994723","@module":"flavor::psp::format_2025::operations","@pid":13811,"@timestamp":"2026-03-31T20:29:35.576027Z"}
{"@file":"src/psp/format_2025/operations.rs","@level":"debug","@line":60,"@message":"✅ Operations unpacked: count=8 operations=[195, 32, 89, 108, 67, 202, 83, 207]","@module":"flavor::psp::format_2025::operations","@pid":13811,"@timestamp":"2026-03-31T20:29:35.576034Z"}
{"@file":"src/psp/format_2025/operations.rs","@level":"debug","@line":60,"@message":"✅ Operations unpacked: count=8 operations=[163, 84, 23, 8, 77, 242, 242, 99]","@module":"flavor::psp::format_2025::operations","@pid":13811,"@timestamp":"2026-03-31T20:29:35.576055Z"}
{"@file":"src/psp/format_2025/operations.rs","@level":"debug","@line":60,"@message":"✅ Operations unpacked: count=8 operations=[238, 67, 76, 24, 40, 53, 227, 61]","@module":"flavor::psp::format_2025::operations","@pid":13811,"@timestamp":"2026-03-31T20:29:35.576095Z"}
{"@file":"src/psp/format_2025/operations.rs","@level":"debug","@line":37,"@message":"✅ Operations packed: result=17066610921365678939","@module":"flavor::psp::format_2025::operations","@pid":13811,"@timestamp":"2026-03-31T20:29:35.576117Z"}
{"@file":"src/psp/format_2025/operations.rs","@level":"debug","@line":37,"@message":"✅ Operations packed: result=4459466502349538286","@module":"flavor::psp::format_2025::operations","@pid":13811,"@timestamp":"2026-03-31T20:29:35.576123Z"}
{"@file":"src/psp/format_2025/operations.rs","@level":"debug","@line":60,"@message":"✅ Operations unpacked: count=8 operations=[91, 171, 205, 207, 53, 200, 216, 236]","@module":"flavor::psp::format_2025::operations","@pid":13811,"@timestamp":"2026-03-31T20:29:35.576148Z"}
{"@file":"src/psp/format_2025/operations.rs","@level":"debug","@line":60,"@message":"✅ Operations unpacked: count=8 operations=[238, 67, 76, 24, 40, 53, 227, 61]","@module":"flavor::psp::format_2025::operations","@pid":13811,"@timestamp":"2026-03-31T20:29:35.576161Z"}
{"@file":"src/psp/format_2025/operations.rs","@level":"debug","@line":37,"@message":"✅ Operations packed: result=185044675870","@module":"flavor::psp::format_2025::operations","@pid":13811,"@timestamp":"2026-03-31T20:29:35.576202Z"}
{"@file":"src/psp/format_2025/operations.rs","@level":"debug","@line":60,"@message":"✅ Operations unpacked: count=8 operations=[195, 216, 230, 132, 67, 100, 163, 54]","@module":"flavor::psp::format_2025::operations","@pid":13811,"@timestamp":"2026-03-31T20:29:35.576214Z"}
{"@file":"src/psp/format_2025/operations.rs","@level":"debug","@line":60,"@message":"✅ Operations unpacked: count=5 operations=[30, 173, 133, 21, 43]","@module":"flavor::psp::format_2025::operations","@pid":13811,"@timestamp":"2026-03-31T20:29:35.576234Z"}
{"@file":"src/psp/format_2025/operations.rs","@level":"debug","@line":37,"@message":"✅ Operations packed: result=3937100740407253187","@module":"flavor::psp::format_2025::operations","@pid":13811,"@timestamp":"2026-03-31T20:29:35.576246Z"}
{"@file":"src/psp/format_2025/operations.rs","@level":"debug","@line":60,"@message":"✅ Operations unpacked: count=8 operations=[195, 216, 230, 132, 67, 100, 163, 54]","@module":"flavor::psp::format_2025::operations","@pid":13811,"@timestamp":"2026-03-31T20:29:35.576273Z"}
{"@file":"src/psp/format_2025/operations.rs","@level":"debug","@line":37,"@message":"✅ Operations packed: result=37181483795360559","@module":"flavor::psp::format_2025::operations","@pid":13811,"@timestamp":"2026-03-31T20:29:35.576292Z"}
{"@file":"src/psp/format_2025/operations.rs","@level":"debug","@line":60,"@message":"✅ Operations unpacked: count=7 operations=[47, 43, 216, 205, 92, 24, 132]","@module":"flavor::psp::format_2025::operations","@pid":13811,"@timestamp":"2026-03-31T20:29:35.576319Z"}
{"@file":"src/psp/format_2025/operations.rs","@level":"debug","@line":60,"@message":"✅ Operations unpacked: count=8 operations=[201, 152, 147, 79, 114, 230, 204, 44]","@module":"flavor::psp::format_2025::operations","@pid":13811,"@timestamp":"2026-03-31T20:29:35.576330Z"}
{"@file":"src/psp/format_2025/operations.rs","@level":"debug","@line":37,"@message":"✅ Operations packed: result=3228208411553536201","@module":"flavor::psp::format_2025::operations","@pid":13811,"@timestamp":"2026-03-31T20:29:35.576358Z"}
{"@file":"src/psp/format_2025/operations.rs","@level":"debug","@line":37,"@message":"✅ Operations packed: result=151016904539460","@module":"flavor::psp::format_2025::operations","@pid":13811,"@timestamp":"2026-03-31T20:29:35.576369Z"}
{"@file":"src/psp/format_2025/operations.rs","@level":"debug","@line":60,"@message":"✅ Operations unpacked: count=8 operations=[201, 152, 147, 79, 114, 230, 204, 44]","@module":"flavor::psp::format_2025::operations","@pid":13811,"@timestamp":"2026-03-31T20:29:35.576384Z"}
{"@file":"src/psp/format_2025/operations.rs","@level":"debug","@line":60,"@message":"✅ Operations unpacked: count=6 operations=[68, 61, 243, 92, 89, 137]","@module":"flavor::psp::format_2025::operations","@pid":13811,"@timestamp":"2026-03-31T20:29:35.576397Z"}
{"@file":"src/psp/format_2025/operations.rs","@level":"debug","@line":60,"@message":"✅ Operations unpacked: count=8 operations=[205, 63, 242, 37, 222, 92, 198, 92]","@module":"flavor::psp::format_2025::operations","@pid":13811,"@timestamp":"2026-03-31T20:29:35.576447Z"}
{"@file":"src/psp/format_2025/operations.rs","@level":"debug","@line":37,"@message":"✅ Operations packed: result=4254376290","@module":"flavor::psp::format_2025::operations","@pid":13811,"@timestamp":"2026-03-31T20:29:35.576453Z"}
{"@file":"src/psp/format_2025/operations.rs","@level":"debug","@line":37,"@message":"✅ Operations packed: result=6685132806067208141","@module":"flavor::psp::format_2025::operations","@pid":13811,"@timestamp":"2026-03-31T20:29:35.576481Z"}
{"@file":"src/psp/format_2025/operations.rs","@level":"debug","@line":60,"@message":"✅ Operations unpacked: count=4 operations=[98, 161, 148, 253]","@module":"flavor::psp::format_2025::operations","@pid":13811,"@timestamp":"2026-03-31T20:29:35.576496Z"}
{"@file":"src/psp/format_2025/operations.rs","@level":"debug","@line":60,"@message":"✅ Operations unpacked: count=8 operations=[205, 63, 242, 37, 222, 92, 198, 92]","@module":"flavor::psp::format_2025::operations","@pid":13811,"@timestamp":"2026-03-31T20:29:35.576512Z"}
{"@file":"src/psp/format_2025/operations.rs","@level":"debug","@line":37,"@message":"✅ Operations packed: result=335238578","@module":"flavor::psp::format_2025::operations","@pid":13811,"@timestamp":"2026-03-31T20:29:35.576552Z"}
{"@file":"src/psp/format_2025/operations.rs","@level":"debug","@line":60,"@message":"✅ Operations unpacked: count=8 operations=[97, 188, 139, 235, 182, 169, 134, 69]","@module":"flavor::psp::format_2025::operations","@pid":13811,"@timestamp":"2026-03-31T20:29:35.576565Z"}
{"@file":"src/psp/format_2025/operations.rs","@level":"debug","@line":60,"@message":"✅ Operations unpacked: count=4 operations=[178, 85, 251, 19]","@module":"flavor::psp::format_2025::operations","@pid":13811,"@timestamp":"2026-03-31T20:29:35.576579Z"}
{"@file":"src/psp/format_2025/operations.rs","@level":"debug","@line":37,"@message":"✅ Operations packed: result=5009878238597200993","@module":"flavor::psp::format_2025::operations","@pid":13811,"@timestamp":"2026-03-31T20:29:35.576595Z"}
{"@file":"src/psp/format_2025/operations.rs","@level":"debug","@line":60,"@message":"✅ Operations unpacked: count=8 operations=[97, 188, 139, 235, 182, 169, 134, 69]","@module":"flavor::psp::format_2025::operations","@pid":13811,"@timestamp":"2026-03-31T20:29:35.576621Z"}
{"@file":"src/psp/format_2025/operations.rs","@level":"debug","@line":37,"@message":"✅ Operations packed: result=1966462688","@module":"flavor::psp::format_2025::operations","@pid":13811,"@timestamp":"2026-03-31T20:29:35.576634Z"}
{"@file":"src/psp/format_2025/operations.rs","@level":"debug","@line":60,"@message":"✅ Operations unpacked: count=4 operations=[224, 214, 53, 117]","@module":"flavor::psp::format_2025::operations","@pid":13811,"@timestamp":"2026-03-31T20:29:35.576660Z"}
{"@file":"src/psp/format_2025/operations.rs","@level":"debug","@line":60,"@message":"✅ Operations unpacked: count=8 operations=[30, 7, 51, 50, 134, 180, 149, 198]","@module":"flavor::psp::format_2025::operations","@pid":13811,"@timestamp":"2026-03-31T20:29:35.576675Z"}
{"@file":"src/psp/format_2025/operations.rs","@level":"debug","@line":37,"@message":"✅ Operations packed: result=22536","@module":"flavor::psp::format_2025::operations","@pid":13811,"@timestamp":"2026-03-31T20:29:35.576709Z"}
{"@file":"src/psp/format_2025/operations.rs","@level":"debug","@line":37,"@message":"✅ Operations packed: result=14309541879500441374","@module":"flavor::psp::format_2025::operations","@pid":13811,"@timestamp":"2026-03-31T20:29:35.576702Z"}
{"@file":"src/psp/format_2025/operations.rs","@level":"debug","@line":60,"@message":"✅ Operations unpacked: count=2 operations=[8, 88]","@module":"flavor::psp::format_2025::operations","@pid":13811,"@timestamp":"2026-03-31T20:29:35.576736Z"}
{"@file":"src/psp/format_2025/operations.rs","@level":"debug","@line":60,"@message":"✅ Operations unpacked: count=8 operations=[30, 7, 51, 50, 134, 180, 149, 198]","@module":"flavor::psp::format_2025::operations","@pid":13811,"@timestamp":"2026-03-31T20:29:35.576756Z"}
{"@file":"src/psp/format_2025/operations.rs","@level":"debug","@line":37,"@message":"✅ Operations packed: result=27098954208769892","@module":"flavor::psp::format_2025::operations","@pid":13811,"@timestamp":"2026-03-31T20:29:35.576802Z"}
{"@file":"src/psp/format_2025/operations.rs","@level":"debug","@line":60,"@message":"✅ Operations unpacked: count=8 operations=[159, 84, 62, 247, 131, 217, 240, 253]","@module":"flavor::psp::format_2025::operations","@pid":13811,"@timestamp":"2026-03-31T20:29:35.576810Z"}
{"@file":"src/psp/format_2025/operations.rs","@level":"debug","@line":37,"@message":"✅ Operations packed: result=18298364446818325663","@module":"flavor::psp::format_2025::operations","@pid":13811,"@timestamp":"2026-03-31T20:29:35.576836Z"}
{"@file":"src/psp/format_2025/operations.rs","@level":"debug","@line":60,"@message":"✅ Operations unpacked: count=7 operations=[100, 247, 101, 243, 90, 70, 96]","@module":"flavor::psp::format_2025::operations","@pid":13811,"@timestamp":"2026-03-31T20:29:35.576829Z"}
{"@file":"src/psp/format_2025/operations.rs","@level":"debug","@line":60,"@message":"✅ Operations unpacked: count=8 operations=[159, 84, 62, 247, 131, 217, 240, 253]","@module":"flavor::psp::format_2025::operations","@pid":13811,"@timestamp":"2026-03-31T20:29:35.576855Z"}
{"@file":"src/psp/format_2025/operations.rs","@level":"debug","@line":37,"@message":"✅ Operations packed: result=130680779631409","@module":"flavor::psp::format_2025::operations","@pid":13811,"@timestamp":"2026-03-31T20:29:35.576903Z"}
{"@file":"src/psp/format_2025/operations.rs","@level":"debug","@line":60,"@message":"✅ Operations unpacked: count=8 operations=[160, 70, 106, 194, 34, 208, 153, 65]","@module":"flavor::psp::format_2025::operations","@pid":13811,"@timestamp":"2026-03-31T20:29:35.576937Z"}
{"@file":"src/psp/format_2025/operations.rs","@level":"debug","@line":37,"@message":"✅ Operations packed: result=4727038131611256480","@module":"flavor::psp::format_2025::operations","@pid":13811,"@timestamp":"2026-03-31T20:29:35.576967Z"}
{"@file":"src/psp/format_2025/operations.rs","@level":"debug","@line":60,"@message":"✅ Operations unpacked: count=6 operations=[49, 235, 114, 125, 218, 118]","@module":"flavor::psp::format_2025::operations","@pid":13811,"@timestamp":"2026-03-31T20:29:35.576950Z"}
{"@file":"src/psp/format_2025/operations.rs","@level":"debug","@line":60,"@message":"✅ Operations unpacked: count=8 operations=[160, 70, 106, 194, 34, 208, 153, 65]","@module":"flavor::psp::format_2025::operations","@pid":13811,"@timestamp":"2026-03-31T20:29:35.576991Z"}
{"@file":"src/psp/format_2025/operations.rs","@level":"debug","@line":37,"@message":"✅ Operations packed: result=1985949183","@module":"flavor::psp::format_2025::operations","@pid":13811,"@timestamp":"2026-03-31T20:29:35.577050Z"}
{"@file":"src/psp/format_2025/operations.rs","@level":"debug","@line":60,"@message":"✅ Operations unpacked: count=4 operations=[255, 45, 95, 118]","@module":"flavor::psp::format_2025::operations","@pid":13811,"@timestamp":"2026-03-31T20:29:35.577077Z"}
{"@file":"src/psp/format_2025/operations.rs","@level":"debug","@line":60,"@message":"✅ Operations unpacked: count=8 operations=[238, 23, 78, 143, 226, 43, 231, 98]","@module":"flavor::psp::format_2025::operations","@pid":13811,"@timestamp":"2026-03-31T20:29:35.577067Z"}
{"@file":"src/psp/format_2025/operations.rs","@level":"debug","@line":37,"@message":"✅ Operations packed: result=7126713187403962350","@module":"flavor::psp::format_2025::operations","@pid":13811,"@timestamp":"2026-03-31T20:29:35.577102Z"}
{"@file":"src/psp/format_2025/operations.rs","@level":"debug","@line":60,"@message":"✅ Operations unpacked: count=8 operations=[238, 23, 78, 143, 226, 43, 231, 98]","@module":"flavor::psp::format_2025::operations","@pid":13811,"@timestamp":"2026-03-31T20:29:35.577120Z"}
{"@file":"src/psp/format_2025/operations.rs","@level":"debug","@line":37,"@message":"✅ Operations packed: result=65079105524158718","@module":"flavor::psp::format_2025::operations","@pid":13811,"@timestamp":"2026-03-31T20:29:35.577126Z"}
{"@file":"src/psp/format_2025/operations.rs","@level":"debug","@line":60,"@message":"✅ Operations unpacked: count=7 operations=[254, 80, 17, 7, 26, 53, 231]","@module":"flavor::psp::format_2025::operations","@pid":13811,"@timestamp":"2026-03-31T20:29:35.577145Z"}
{"@file":"src/psp/format_2025/operations.rs","@level":"debug","@line":60,"@message":"✅ Operations unpacked: count=8 operations=[106, 97, 92, 179, 37, 235, 245, 150]","@module":"flavor::psp::format_2025::operations","@pid":13811,"@timestamp":"2026-03-31T20:29:35.577167Z"}
{"@file":"src/psp/format_2025/operations.rs","@level":"debug","@line":37,"@message":"✅ Operations packed: result=10877859022138794346","@module":"flavor::psp::format_2025::operations","@pid":13811,"@timestamp":"2026-03-31T20:29:35.577186Z"}
{"@file":"src/psp/format_2025/operations.rs","@level":"debug","@line":37,"@message":"✅ Operations packed: result=5205332790722887312","@module":"flavor::psp::format_2025::operations","@pid":13811,"@timestamp":"2026-03-31T20:29:35.577191Z"}
{"@file":"src/psp/format_2025/operations.rs","@level":"debug","@line":60,"@message":"✅ Operations unpacked: count=8 operations=[106, 97, 92, 179, 37, 235, 245, 150]","@module":"flavor::psp::format_2025::operations","@pid":13811,"@timestamp":"2026-03-31T20:29:35.577204Z"}
{"@file":"src/psp/format_2025/operations.rs","@level":"debug","@line":60,"@message":"✅ Operations unpacked: count=8 operations=[144, 254, 186, 24, 152, 14, 61, 72]","@module":"flavor::psp::format_2025::operations","@pid":13811,"@timestamp":"2026-03-31T20:29:35.577211Z"}
{"@file":"src/psp/format_2025/operations.rs","@level":"debug","@line":37,"@message":"✅ Operations packed: result=82","@module":"flavor::psp::format_2025::operations","@pid":13811,"@timestamp":"2026-03-31T20:29:35.577258Z"}
{"@file":"src/psp/format_2025/operations.rs","@level":"debug","@line":60,"@message":"✅ Operations unpacked: count=8 operations=[190, 97, 250, 133, 169, 6, 124, 249]","@module":"flavor::psp::format_2025::operations","@pid":13811,"@timestamp":"2026-03-31T20:29:35.577266Z"}
{"@file":"src/psp/format_2025/operations.rs","@level":"debug","@line":60,"@message":"✅ Operations unpacked: count=1 operations=[82]","@module":"flavor::psp::format_2025::operations","@pid":13811,"@timestamp":"2026-03-31T20:29:35.577276Z"}
{"@file":"src/psp/format_2025/operations.rs","@level":"debug","@line":37,"@message":"✅ Operations packed: result=17977251137723195838","@module":"flavor::psp::format_2025::operations","@pid":13811,"@timestamp":"2026-03-31T20:29:35.577297Z"}
{"@file":"src/psp/format_2025/operations.rs","@level":"debug","@line":60,"@message":"✅ Operations unpacked: count=8 operations=[190, 97, 250, 133, 169, 6, 124, 249]","@module":"flavor::psp::format_2025::operations","@pid":13811,"@timestamp":"2026-03-31T20:29:35.577339Z"}
{"@file":"src/psp/format_2025/operations.rs","@level":"debug","@line":37,"@message":"✅ Operations packed: result=13372517146914","@module":"flavor::psp::format_2025::operations","@pid":13811,"@timestamp":"2026-03-31T20:29:35.577373Z"}
{"@file":"src/psp/format_2025/operations.rs","@level":"debug","@line":60,"@message":"✅ Operations unpacked: count=8 operations=[57, 246, 50, 145, 65, 94, 219, 137]","@module":"flavor::psp::format_2025::operations","@pid":13811,"@timestamp":"2026-03-31T20:29:35.577386Z"}
{"@file":"src/psp/format_2025/operations.rs","@level":"debug","@line":60,"@message":"✅ Operations unpacked: count=6 operations=[34, 97, 34, 136, 41, 12]","@module":"flavor::psp::format_2025::operations","@pid":13811,"@timestamp":"2026-03-31T20:29:35.577393Z"}
{"@file":"src/psp/format_2025/operations.rs","@level":"debug","@line":37,"@message":"✅ Operations packed: result=9933637038797682233","@module":"flavor::psp::format_2025::operations","@pid":13811,"@timestamp":"2026-03-31T20:29:35.577405Z"}
{"@file":"src/psp/format_2025/operations.rs","@level":"debug","@line":60,"@message":"✅ Operations unpacked: count=8 operations=[57, 246, 50, 145, 65, 94, 219, 137]","@module":"flavor::psp::format_2025::operations","@pid":13811,"@timestamp":"2026-03-31T20:29:35.577422Z"}
{"@file":"src/psp/format_2025/operations.rs","@level":"debug","@line":37,"@message":"✅ Operations packed: result=0","@module":"flavor::psp::format_2025::operations","@pid":13811,"@timestamp":"2026-03-31T20:29:35.577440Z"}
{"@file":"src/psp/format_2025/operations.rs","@level":"debug","@line":60,"@message":"✅ Operations unpacked: count=0 operations=[]","@module":"flavor::psp::format_2025::operations","@pid":13811,"@timestamp":"2026-03-31T20:29:35.577459Z"}
{"@file":"src/psp/format_2025/operations.rs","@level":"debug","@line":60,"@message":"✅ Operations unpacked: count=8 operations=[208, 28, 161, 116, 64, 166, 22, 202]","@module":"flavor::psp::format_2025::operations","@pid":13811,"@timestamp":"2026-03-31T20:29:35.577468Z"}
{"@file":"src/psp/format_2025/operations.rs","@level":"debug","@line":37,"@message":"✅ Operations packed: result=14562009240913910992","@module":"flavor::psp::format_2025::operations","@pid":13811,"@timestamp":"2026-03-31T20:29:35.577487Z"}
{"@file":"src/psp/format_2025/operations.rs","@level":"debug","@line":37,"@message":"✅ Operations packed: result=0","@module":"flavor::psp::format_2025::operations","@pid":13811,"@timestamp":"2026-03-31T20:29:35.577504Z"}
{"@file":"src/psp/format_2025/operations.rs","@level":"debug","@line":60,"@message":"✅ Operations unpacked: count=8 operations=[208, 28, 161, 116, 64, 166, 22, 202]","@module":"flavor::psp::format_2025::operations","@pid":13811,"@timestamp":"2026-03-31T20:29:35.577505Z"}
{"@file":"src/psp/format_2025/operations.rs","@level":"debug","@line":60,"@message":"✅ Operations unpacked: count=0 operations=[]","@module":"flavor::psp::format_2025::operations","@pid":13811,"@timestamp":"2026-03-31T20:29:35.577526Z"}
{"@file":"src/psp/format_2025/operations.rs","@level":"debug","@line":60,"@message":"✅ Operations unpacked: count=8 operations=[183, 6, 206, 250, 68, 147, 50, 214]","@module":"flavor::psp::format_2025::operations","@pid":13811,"@timestamp":"2026-03-31T20:29:35.577562Z"}
{"@file":"src/psp/format_2025/operations.rs","@level":"debug","@line":37,"@message":"✅ Operations packed: result=819185038691","@module":"flavor::psp::format_2025::operations","@pid":13811,"@timestamp":"2026-03-31T20:29:35.577573Z"}
{"@file":"src/psp/format_2025/operations.rs","@level":"debug","@line":60,"@message":"✅ Operations unpacked: count=5 operations=[99, 181, 59, 187, 190]","@module":"flavor::psp::format_2025::operations","@pid":13811,"@timestamp":"2026-03-31T20:29:35.577591Z"}
{"@file":"src/psp/format_2025/operations.rs","@level":"debug","@line":37,"@message":"✅ Operations packed: result=15434560797426976439","@module":"flavor::psp::format_2025::operations","@pid":13811,"@timestamp":"2026-03-31T20:29:35.577582Z"}
{"@file":"src/psp/format_2025/operations.rs","@level":"debug","@line":60,"@message":"✅ Operations unpacked: count=8 operations=[183, 6, 206, 250, 68, 147, 50, 214]","@module":"flavor::psp::format_2025::operations","@pid":13811,"@timestamp":"2026-03-31T20:29:35.577626Z"}
{"@file":"src/psp/format_2025/operations.rs","@level":"debug","@line":37,"@message":"✅ Operations packed: result=20845501791103162","@module":"flavor::psp::format_2025::operations","@pid":13811,"@timestamp":"2026-03-31T20:29:35.577646Z"}
{"@file":"src/psp/format_2025/operations.rs","@level":"debug","@line":60,"@message":"✅ Operations unpacked: count=8 operations=[22, 173, 94, 83, 103, 46, 84, 225]","@module":"flavor::psp::format_2025::operations","@pid":13811,"@timestamp":"2026-03-31T20:29:35.577697Z"}
{"@file":"src/psp/format_2025/operations.rs","@level":"debug","@line":60,"@message":"✅ Operations unpacked: count=7 operations=[186, 104, 108, 153, 223, 14, 74]","@module":"flavor::psp::format_2025::operations","@pid":13811,"@timestamp":"2026-03-31T20:29:35.577689Z"}
{"@file":"src/psp/format_2025/operations.rs","@level":"debug","@line":37,"@message":"✅ Operations packed: result=16236653577892703510","@module":"flavor::psp::format_2025::operations","@pid":13811,"@timestamp":"2026-03-31T20:29:35.577729Z"}
{"@file":"src/psp/format_2025/operations.rs","@level":"debug","@line":60,"@message":"✅ Operations unpacked: count=8 operations=[22, 173, 94, 83, 103, 46, 84, 225]","@module":"flavor::psp::format_2025::operations","@pid":13811,"@timestamp":"2026-03-31T20:29:35.577748Z"}
{"@file":"src/psp/format_2025/operations.rs","@level":"debug","@line":37,"@message":"✅ Operations packed: result=12651916052246256663","@module":"flavor::psp::format_2025::operations","@pid":13811,"@timestamp":"2026-03-31T20:29:35.577765Z"}
{"@file":"src/psp/format_2025/operations.rs","@level":"debug","@line":60,"@message":"✅ Operations unpacked: count=8 operations=[23, 92, 51, 230, 157, 162, 148, 175]","@module":"flavor::psp::format_2025::operations","@pid":13811,"@timestamp":"2026-03-31T20:29:35.577785Z"}
{"@file":"src/psp/format_2025/operations.rs","@level":"debug","@line":60,"@message":"✅ Operations unpacked: count=8 operations=[159, 136, 26, 25, 117, 113, 37, 86]","@module":"flavor::psp::format_2025::operations","@pid":13811,"@timestamp":"2026-03-31T20:29:35.577794Z"}
{"@file":"src/psp/format_2025/operations.rs","@level":"debug","@line":37,"@message":"✅ Operations packed: result=2568368154","@module":"flavor::psp::format_2025::operations","@pid":13811,"@timestamp":"2026-03-31T20:29:35.577832Z"}
{"@file":"src/psp/format_2025/operations.rs","@level":"debug","@line":37,"@message":"✅ Operations packed: result=6207492409146378399","@module":"flavor::psp::format_2025::operations","@pid":13811,"@timestamp":"2026-03-31T20:29:35.577839Z"}
{"@file":"src/psp/format_2025/operations.rs","@level":"debug","@line":60,"@message":"✅ Operations unpacked: count=4 operations=[26, 48, 22, 153]","@module":"flavor::psp::format_2025::operations","@pid":13811,"@timestamp":"2026-03-31T20:29:35.577856Z"}
{"@file":"src/psp/format_2025/operations.rs","@level":"debug","@line":60,"@message":"✅ Operations unpacked: count=8 operations=[159, 136, 26, 25, 117, 113, 37, 86]","@module":"flavor::psp::format_2025::operations","@pid":13811,"@timestamp":"2026-03-31T20:29:35.577868Z"}
{"@file":"src/psp/format_2025/operations.rs","@level":"debug","@line":37,"@message":"✅ Operations packed: result=417653328660","@module":"flavor::psp::format_2025::operations","@pid":13811,"@timestamp":"2026-03-31T20:29:35.577902Z"}
{"@file":"src/psp/format_2025/operations.rs","@level":"debug","@line":60,"@message":"✅ Operations unpacked: count=5 operations=[20, 11, 20, 62, 97]","@module":"flavor::psp::format_2025::operations","@pid":13811,"@timestamp":"2026-03-31T20:29:35.577921Z"}
{"@file":"src/psp/format_2025/operations.rs","@level":"debug","@line":60,"@message":"✅ Operations unpacked: count=8 operations=[4, 216, 203, 150, 233, 171, 109, 220]","@module":"flavor::psp::format_2025::operations","@pid":13811,"@timestamp":"2026-03-31T20:29:35.577914Z"}
{"@file":"src/psp/format_2025/operations.rs","@level":"debug","@line":37,"@message":"✅ Operations packed: result=15883540480551278596","@module":"flavor::psp::format_2025::operations","@pid":13811,"@timestamp":"2026-03-31T20:29:35.577967Z"}
{"@file":"src/psp/format_2025/operations.rs","@level":"debug","@line":37,"@message":"✅ Operations packed: result=61584","@module":"flavor::psp::format_2025::operations","@pid":13811,"@timestamp":"2026-03-31T20:29:35.577968Z"}
{"@file":"src/psp/format_2025/operations.rs","@level":"debug","@line":60,"@message":"✅ Operations unpacked: count=8 operations=[4, 216, 203, 150, 233, 171, 109, 220]","@module":"flavor::psp::format_2025::operations","@pid":13811,"@timestamp":"2026-03-31T20:29:35.577986Z"}
{"@file":"src/psp/format_2025/operations.rs","@level":"debug","@line":60,"@message":"✅ Operations unpacked: count=2 operations=[144, 240]","@module":"flavor::psp::format_2025::operations","@pid":13811,"@timestamp":"2026-03-31T20:29:35.578008Z"}
{"@file":"src/psp/format_2025/operations.rs","@level":"debug","@line":60,"@message":"✅ Operations unpacked: count=8 operations=[193, 123, 16, 74, 66, 144, 109, 248]","@module":"flavor::psp::format_2025::operations","@pid":13811,"@timestamp":"2026-03-31T20:29:35.578046Z"}
{"@file":"src/psp/format_2025/operations.rs","@level":"debug","@line":37,"@message":"✅ Operations packed: result=17901122708252425153","@module":"flavor::psp::format_2025::operations","@pid":13811,"@timestamp":"2026-03-31T20:29:35.578073Z"}
{"@file":"src/psp/format_2025/operations.rs","@level":"debug","@line":37,"@message":"✅ Operations packed: result=2354589","@module":"flavor::psp::format_2025::operations","@pid":13811,"@timestamp":"2026-03-31T20:29:35.578071Z"}
{"@file":"src/psp/format_2025/operations.rs","@level":"debug","@line":60,"@message":"✅ Operations unpacked: count=8 operations=[193, 123, 16, 74, 66, 144, 109, 248]","@module":"flavor::psp::format_2025::operations","@pid":13811,"@timestamp":"2026-03-31T20:29:35.578093Z"}
{"@file":"src/psp/format_2025/operations.rs","@level":"debug","@line":60,"@message":"✅ Operations unpacked: count=3 operations=[157, 237, 35]","@module":"flavor::psp::format_2025::operations","@pid":13811,"@timestamp":"2026-03-31T20:29:35.578101Z"}
{"@file":"src/psp/format_2025/operations.rs","@level":"debug","@line":60,"@message":"✅ Operations unpacked: count=8 operations=[79, 195, 100, 159, 115, 179, 84, 7]","@module":"flavor::psp::format_2025::operations","@pid":13811,"@timestamp":"2026-03-31T20:29:35.578140Z"}
{"@file":"src/psp/format_2025/operations.rs","@level":"debug","@line":37,"@message":"✅ Operations packed: result=0","@module":"flavor::psp::format_2025::operations","@pid":13811,"@timestamp":"2026-03-31T20:29:35.578149Z"}
{"@file":"src/psp/format_2025/operations.rs","@level":"debug","@line":37,"@message":"✅ Operations packed: result=528244365485982543","@module":"flavor::psp::format_2025::operations","@pid":13811,"@timestamp":"2026-03-31T20:29:35.578160Z"}
{"@file":"src/psp/format_2025/operations.rs","@level":"debug","@line":60,"@message":"✅ Operations unpacked: count=0 operations=[]","@module":"flavor::psp::format_2025::operations","@pid":13811,"@timestamp":"2026-03-31T20:29:35.578166Z"}
{"@file":"src/psp/format_2025/operations.rs","@level":"debug","@line":60,"@message":"✅ Operations unpacked: count=8 operations=[79, 195, 100, 159, 115, 179, 84, 7]","@module":"flavor::psp::format_2025::operations","@pid":13811,"@timestamp":"2026-03-31T20:29:35.578178Z"}
{"@file":"src/psp/format_2025/operations.rs","@level":"debug","@line":37,"@message":"✅ Operations packed: result=249460322996999","@module":"flavor::psp::format_2025::operations","@pid":13811,"@timestamp":"2026-03-31T20:29:35.578214Z"}
{"@file":"src/psp/format_2025/operations.rs","@level":"debug","@line":60,"@message":"✅ Operations unpacked: count=8 operations=[36, 98, 50, 183, 250, 163, 251, 182]","@module":"flavor::psp::format_2025::operations","@pid":13811,"@timestamp":"2026-03-31T20:29:35.578225Z"}
{"@file":"src/psp/format_2025/operations.rs","@level":"debug","@line":60,"@message":"✅ Operations unpacked: count=6 operations=[7, 19, 240, 1, 226, 226]","@module":"flavor::psp::format_2025::operations","@pid":13811,"@timestamp":"2026-03-31T20:29:35.578233Z"}
{"@file":"src/psp/format_2025/operations.rs","@level":"debug","@line":37,"@message":"✅ Operations packed: result=13185312631267942948","@module":"flavor::psp::format_2025::operations","@pid":13811,"@timestamp":"2026-03-31T20:29:35.578243Z"}
{"@file":"src/psp/format_2025/operations.rs","@level":"debug","@line":60,"@message":"✅ Operations unpacked: count=8 operations=[36, 98, 50, 183, 250, 163, 251, 182]","@module":"flavor::psp::format_2025::operations","@pid":13811,"@timestamp":"2026-03-31T20:29:35.578262Z"}
{"@file":"src/psp/format_2025/operations.rs","@level":"debug","@line":37,"@message":"✅ Operations packed: result=262700140133515","@module":"flavor::psp::format_2025::operations","@pid":13811,"@timestamp":"2026-03-31T20:29:35.578281Z"}
{"@file":"src/psp/format_2025/operations.rs","@level":"debug","@line":60,"@message":"✅ Operations unpacked: count=6 operations=[139, 252, 136, 164, 236, 238]","@module":"flavor::psp::format_2025::operations","@pid":13811,"@timestamp":"2026-03-31T20:29:35.578299Z"}
{"@file":"src/psp/format_2025/operations.rs","@level":"debug","@line":60,"@message":"✅ Operations unpacked: count=8 operations=[121, 174, 53, 223, 48, 180, 226, 144]","@module":"flavor::psp::format_2025::operations","@pid":13811,"@timestamp":"2026-03-31T20:29:35.578307Z"}
{"@file":"src/psp/format_2025/operations.rs","@level":"debug","@line":37,"@message":"✅ Operations packed: result=10440105008194498169","@module":"flavor::psp::format_2025::operations","@pid":13811,"@timestamp":"2026-03-31T20:29:35.578327Z"}
{"@file":"src/psp/format_2025/operations.rs","@level":"debug","@line":60,"@message":"✅ Operations unpacked: count=8 operations=[121, 174, 53, 223, 48, 180, 226, 144]","@module":"flavor::psp::format_2025::operations","@pid":13811,"@timestamp":"2026-03-31T20:29:35.578344Z"}
{"@file":"src/psp/format_2025/operations.rs","@level":"debug","@line":37,"@message":"✅ Operations packed: result=3817640","@module":"flavor::psp::format_2025::operations","@pid":13811,"@timestamp":"2026-03-31T20:29:35.578345Z"}
{"@file":"src/psp/format_2025/operations.rs","@level":"debug","@line":60,"@message":"✅ Operations unpacked: count=3 operations=[168, 64, 58]","@module":"flavor::psp::format_2025::operations","@pid":13811,"@timestamp":"2026-03-31T20:29:35.578380Z"}
{"@file":"src/psp/format_2025/operations.rs","@level":"debug","@line":60,"@message":"✅ Operations unpacked: count=8 operations=[137, 224, 97, 189, 79, 19, 226, 82]","@module":"flavor::psp::format_2025::operations","@pid":13811,"@timestamp":"2026-03-31T20:29:35.578392Z"}
{"@file":"src/psp/format_2025/operations.rs","@level":"debug","@line":37,"@message":"✅ Operations packed: result=5972357289047351433","@module":"flavor::psp::format_2025::operations","@pid":13811,"@timestamp":"2026-03-31T20:29:35.578421Z"}
{"@file":"src/psp/format_2025/operations.rs","@level":"debug","@line":37,"@message":"✅ Operations packed: result=235510008858","@module":"flavor::psp::format_2025::operations","@pid":13811,"@timestamp":"2026-03-31T20:29:35.578431Z"}
{"@file":"src/psp/format_2025/operations.rs","@level":"debug","@line":60,"@message":"✅ Operations unpacked: count=8 operations=[137, 224, 97, 189, 79, 19, 226, 82]","@module":"flavor::psp::format_2025::operations","@pid":13811,"@timestamp":"2026-03-31T20:29:35.578440Z"}
{"@file":"src/psp/format_2025/operations.rs","@level":"debug","@line":60,"@message":"✅ Operations unpacked: count=5 operations=[26, 140, 125, 213, 54]","@module":"flavor::psp::format_2025::operations","@pid":13811,"@timestamp":"2026-03-31T20:29:35.578458Z"}
test psp::format_2025::operations::tests::prop_pack_unpack_roundtrip ... {"@file":"src/psp/format_2025/operations.rs","@level":"debug","@line":60,"@message":"✅ Operations unpacked: count=8 operations=[25, 77, 64, 118, 133, 28, 44, 135]","@module":"flavor::psp::format_2025::operations","@pid":13811,"@timestamp":"2026-03-31T20:29:35.578495Z"}
ok
{"@file":"src/psp/format_2025/operations.rs","@level":"debug","@line":37,"@message":"✅ Operations packed: result=9740191453635693849","@module":"flavor::psp::format_2025::operations","@pid":13811,"@timestamp":"2026-03-31T20:29:35.578523Z"}
{"@file":"src/psp/format_2025/operations.rs","@level":"debug","@line":60,"@message":"✅ Operations unpacked: count=8 operations=[25, 77, 64, 118, 133, 28, 44, 135]","@module":"flavor::psp::format_2025::operations","@pid":13811,"@timestamp":"2026-03-31T20:29:35.578547Z"}
{"@file":"src/psp/format_2025/operations.rs","@level":"debug","@line":60,"@message":"✅ Operations unpacked: count=8 operations=[48, 171, 254, 254, 210, 224, 12, 160]","@module":"flavor::psp::format_2025::operations","@pid":13811,"@timestamp":"2026-03-31T20:29:35.578593Z"}
{"@file":"src/psp/format_2025/operations.rs","@level":"debug","@line":37,"@message":"✅ Operations packed: result=11532839942614854448","@module":"flavor::psp::format_2025::operations","@pid":13811,"@timestamp":"2026-03-31T20:29:35.578612Z"}
{"@file":"src/psp/format_2025/operations.rs","@level":"debug","@line":60,"@message":"✅ Operations unpacked: count=8 operations=[48, 171, 254, 254, 210, 224, 12, 160]","@module":"flavor::psp::format_2025::operations","@pid":13811,"@timestamp":"2026-03-31T20:29:35.578629Z"}
{"@file":"src/psp/format_2025/operations.rs","@level":"debug","@line":60,"@message":"✅ Operations unpacked: count=8 operations=[77, 138, 127, 103, 238, 155, 3, 25]","@module":"flavor::psp::format_2025::operations","@pid":13811,"@timestamp":"2026-03-31T20:29:35.578675Z"}
{"@file":"src/psp/format_2025/operations.rs","@level":"debug","@line":37,"@message":"✅ Operations packed: result=1802455724119263821","@module":"flavor::psp::format_2025::operations","@pid":13811,"@timestamp":"2026-03-31T20:29:35.578695Z"}
{"@file":"src/psp/format_2025/operations.rs","@level":"debug","@line":60,"@message":"✅ Operations unpacked: count=8 operations=[77, 138, 127, 103, 238, 155, 3, 25]","@module":"flavor::psp::format_2025::operations","@pid":13811,"@timestamp":"2026-03-31T20:29:35.578711Z"}
{"@file":"src/psp/format_2025/operations.rs","@level":"debug","@line":60,"@message":"✅ Operations unpacked: count=8 operations=[154, 139, 169, 118, 8, 84, 253, 185]","@module":"flavor::psp::format_2025::operations","@pid":13811,"@timestamp":"2026-03-31T20:29:35.578759Z"}
{"@file":"src/psp/format_2025/operations.rs","@level":"debug","@line":37,"@message":"✅ Operations packed: result=13401960461451758490","@module":"flavor::psp::format_2025::operations","@pid":13811,"@timestamp":"2026-03-31T20:29:35.578778Z"}
{"@file":"src/psp/format_2025/operations.rs","@level":"debug","@line":60,"@message":"✅ Operations unpacked: count=8 operations=[154, 139, 169, 118, 8, 84, 253, 185]","@module":"flavor::psp::format_2025::operations","@pid":13811,"@timestamp":"2026-03-31T20:29:35.578794Z"}
{"@file":"src/psp/format_2025/operations.rs","@level":"debug","@line":60,"@message":"✅ Operations unpacked: count=8 operations=[203, 148, 72, 14, 133, 31, 182, 66]","@module":"flavor::psp::format_2025::operations","@pid":13811,"@timestamp":"2026-03-31T20:29:35.578838Z"}
{"@file":"src/psp/format_2025/operations.rs","@level":"debug","@line":37,"@message":"✅ Operations packed: result=4807064308595332299","@module":"flavor::psp::format_2025::operations","@pid":13811,"@timestamp":"2026-03-31T20:29:35.578857Z"}
{"@file":"src/psp/format_2025/operations.rs","@level":"debug","@line":60,"@message":"✅ Operations unpacked: count=8 operations=[203, 148, 72, 14, 133, 31, 182, 66]","@module":"flavor::psp::format_2025::operations","@pid":13811,"@timestamp":"2026-03-31T20:29:35.578872Z"}
{"@file":"src/psp/format_2025/operations.rs","@level":"debug","@line":60,"@message":"✅ Operations unpacked: count=8 operations=[8, 139, 181, 226, 93, 165, 114, 252]","@module":"flavor::psp::format_2025::operations","@pid":13811,"@timestamp":"2026-03-31T20:29:35.578916Z"}
{"@file":"src/psp/format_2025/operations.rs","@level":"debug","@line":37,"@message":"✅ Operations packed: result=18190783667556944648","@module":"flavor::psp::format_2025::operations","@pid":13811,"@timestamp":"2026-03-31T20:29:35.578934Z"}
{"@file":"src/psp/format_2025/operations.rs","@level":"debug","@line":60,"@message":"✅ Operations unpacked: count=8 operations=[8, 139, 181, 226, 93, 165, 114, 252]","@module":"flavor::psp::format_2025::operations","@pid":13811,"@timestamp":"2026-03-31T20:29:35.578950Z"}
{"@file":"src/psp/format_2025/operations.rs","@level":"debug","@line":60,"@message":"✅ Operations unpacked: count=8 operations=[27, 104, 129, 35, 15, 187, 117, 222]","@module":"flavor::psp::format_2025::operations","@pid":13811,"@timestamp":"2026-03-31T20:29:35.578993Z"}
{"@file":"src/psp/format_2025/operations.rs","@level":"debug","@line":37,"@message":"✅ Operations packed: result=16029924122389735451","@module":"flavor::psp::format_2025::operations","@pid":13811,"@timestamp":"2026-03-31T20:29:35.579013Z"}
{"@file":"src/psp/format_2025/operations.rs","@level":"debug","@line":60,"@message":"✅ Operations unpacked: count=8 operations=[27, 104, 129, 35, 15, 187, 117, 222]","@module":"flavor::psp::format_2025::operations","@pid":13811,"@timestamp":"2026-03-31T20:29:35.579030Z"}
{"@file":"src/psp/format_2025/operations.rs","@level":"debug","@line":60,"@message":"✅ Operations unpacked: count=8 operations=[218, 223, 126, 157, 186, 226, 74, 251]","@module":"flavor::psp::format_2025::operations","@pid":13811,"@timestamp":"2026-03-31T20:29:35.579074Z"}
{"@file":"src/psp/format_2025/operations.rs","@level":"debug","@line":37,"@message":"✅ Operations packed: result=18107534542930632666","@module":"flavor::psp::format_2025::operations","@pid":13811,"@timestamp":"2026-03-31T20:29:35.579092Z"}
{"@file":"src/psp/format_2025/operations.rs","@level":"debug","@line":60,"@message":"✅ Operations unpacked: count=8 operations=[218, 223, 126, 157, 186, 226, 74, 251]","@module":"flavor::psp::format_2025::operations","@pid":13811,"@timestamp":"2026-03-31T20:29:35.579108Z"}
{"@file":"src/psp/format_2025/operations.rs","@level":"debug","@line":60,"@message":"✅ Operations unpacked: count=8 operations=[254, 178, 88, 61, 186, 110, 46, 196]","@module":"flavor::psp::format_2025::operations","@pid":13811,"@timestamp":"2026-03-31T20:29:35.579152Z"}
{"@file":"src/psp/format_2025/operations.rs","@level":"debug","@line":37,"@message":"✅ Operations packed: result=14136358026534761214","@module":"flavor::psp::format_2025::operations","@pid":13811,"@timestamp":"2026-03-31T20:29:35.579170Z"}
{"@file":"src/psp/format_2025/operations.rs","@level":"debug","@line":60,"@message":"✅ Operations unpacked: count=8 operations=[254, 178, 88, 61, 186, 110, 46, 196]","@module":"flavor::psp::format_2025::operations","@pid":13811,"@timestamp":"2026-03-31T20:29:35.579187Z"}
{"@file":"src/psp/format_2025/operations.rs","@level":"debug","@line":60,"@message":"✅ Operations unpacked: count=8 operations=[248, 52, 22, 46, 72, 118, 83, 206]","@module":"flavor::psp::format_2025::operations","@pid":13811,"@timestamp":"2026-03-31T20:29:35.579231Z"}
{"@file":"src/psp/format_2025/operations.rs","@level":"debug","@line":37,"@message":"✅ Operations packed: result=14867356847263069432","@module":"flavor::psp::format_2025::operations","@pid":13811,"@timestamp":"2026-03-31T20:29:35.579249Z"}
{"@file":"src/psp/format_2025/operations.rs","@level":"debug","@line":60,"@message":"✅ Operations unpacked: count=8 operations=[248, 52, 22, 46, 72, 118, 83, 206]","@module":"flavor::psp::format_2025::operations","@pid":13811,"@timestamp":"2026-03-31T20:29:35.579265Z"}
{"@file":"src/psp/format_2025/operations.rs","@level":"debug","@line":60,"@message":"✅ Operations unpacked: count=8 operations=[107, 154, 54, 175, 154, 63, 117, 131]","@module":"flavor::psp::format_2025::operations","@pid":13811,"@timestamp":"2026-03-31T20:29:35.579309Z"}
{"@file":"src/psp/format_2025/operations.rs","@level":"debug","@line":37,"@message":"✅ Operations packed: result=9472547324840811115","@module":"flavor::psp::format_2025::operations","@pid":13811,"@timestamp":"2026-03-31T20:29:35.579327Z"}
{"@file":"src/psp/format_2025/operations.rs","@level":"debug","@line":60,"@message":"✅ Operations unpacked: count=8 operations=[107, 154, 54, 175, 154, 63, 117, 131]","@module":"flavor::psp::format_2025::operations","@pid":13811,"@timestamp":"2026-03-31T20:29:35.579344Z"}
{"@file":"src/psp/format_2025/operations.rs","@level":"debug","@line":60,"@message":"✅ Operations unpacked: count=8 operations=[201, 208, 238, 118, 237, 212, 127, 212]","@module":"flavor::psp::format_2025::operations","@pid":13811,"@timestamp":"2026-03-31T20:29:35.579387Z"}
{"@file":"src/psp/format_2025/operations.rs","@level":"debug","@line":37,"@message":"✅ Operations packed: result=15312191374450675913","@module":"flavor::psp::format_2025::operations","@pid":13811,"@timestamp":"2026-03-31T20:29:35.579405Z"}
{"@file":"src/psp/format_2025/operations.rs","@level":"debug","@line":60,"@message":"✅ Operations unpacked: count=8 operations=[201, 208, 238, 118, 237, 212, 127, 212]","@module":"flavor::psp::format_2025::operations","@pid":13811,"@timestamp":"2026-03-31T20:29:35.579421Z"}
{"@file":"src/psp/format_2025/operations.rs","@level":"debug","@line":60,"@message":"✅ Operations unpacked: count=8 operations=[166, 109, 85, 150, 110, 73, 103, 22]","@module":"flavor::psp::format_2025::operations","@pid":13811,"@timestamp":"2026-03-31T20:29:35.579465Z"}
{"@file":"src/psp/format_2025/operations.rs","@level":"debug","@line":37,"@message":"✅ Operations packed: result=1614339730753023398","@module":"flavor::psp::format_2025::operations","@pid":13811,"@timestamp":"2026-03-31T20:29:35.579482Z"}
{"@file":"src/psp/format_2025/operations.rs","@level":"debug","@line":60,"@message":"✅ Operations unpacked: count=8 operations=[166, 109, 85, 150, 110, 73, 103, 22]","@module":"flavor::psp::format_2025::operations","@pid":13811,"@timestamp":"2026-03-31T20:29:35.579499Z"}
{"@file":"src/psp/format_2025/operations.rs","@level":"debug","@line":60,"@message":"✅ Operations unpacked: count=8 operations=[78, 101, 151, 10, 55, 42, 233, 72]","@module":"flavor::psp::format_2025::operations","@pid":13811,"@timestamp":"2026-03-31T20:29:35.579542Z"}
{"@file":"src/psp/format_2025/operations.rs","@level":"debug","@line":37,"@message":"✅ Operations packed: result=5253776856193656142","@module":"flavor::psp::format_2025::operations","@pid":13811,"@timestamp":"2026-03-31T20:29:35.579560Z"}
{"@file":"src/psp/format_2025/operations.rs","@level":"debug","@line":60,"@message":"✅ Operations unpacked: count=8 operations=[78, 101, 151, 10, 55, 42, 233, 72]","@module":"flavor::psp::format_2025::operations","@pid":13811,"@timestamp":"2026-03-31T20:29:35.579577Z"}
{"@file":"src/psp/format_2025/operations.rs","@level":"debug","@line":60,"@message":"✅ Operations unpacked: count=8 operations=[162, 68, 145, 27, 86, 90, 121, 251]","@module":"flavor::psp::format_2025::operations","@pid":13811,"@timestamp":"2026-03-31T20:29:35.579620Z"}
{"@file":"src/psp/format_2025/operations.rs","@level":"debug","@line":37,"@message":"✅ Operations packed: result=18120613901578093730","@module":"flavor::psp::format_2025::operations","@pid":13811,"@timestamp":"2026-03-31T20:29:35.579638Z"}
{"@file":"src/psp/format_2025/operations.rs","@level":"debug","@line":60,"@message":"✅ Operations unpacked: count=8 operations=[162, 68, 145, 27, 86, 90, 121, 251]","@module":"flavor::psp::format_2025::operations","@pid":13811,"@timestamp":"2026-03-31T20:29:35.579654Z"}
{"@file":"src/psp/format_2025/operations.rs","@level":"debug","@line":60,"@message":"✅ Operations unpacked: count=8 operations=[165, 34, 34, 15, 48, 25, 93, 200]","@module":"flavor::psp::format_2025::operations","@pid":13811,"@timestamp":"2026-03-31T20:29:35.579697Z"}
{"@file":"src/psp/format_2025/operations.rs","@level":"debug","@line":37,"@message":"✅ Operations packed: result=14437723674622698149","@module":"flavor::psp::format_2025::operations","@pid":13811,"@timestamp":"2026-03-31T20:29:35.579714Z"}
{"@file":"src/psp/format_2025/operations.rs","@level":"debug","@line":60,"@message":"✅ Operations unpacked: count=8 operations=[165, 34, 34, 15, 48, 25, 93, 200]","@module":"flavor::psp::format_2025::operations","@pid":13811,"@timestamp":"2026-03-31T20:29:35.579730Z"}
{"@file":"src/psp/format_2025/operations.rs","@level":"debug","@line":60,"@message":"✅ Operations unpacked: count=8 operations=[238, 105, 253, 29, 88, 228, 217, 243]","@module":"flavor::psp::format_2025::operations","@pid":13811,"@timestamp":"2026-03-31T20:29:35.579773Z"}
{"@file":"src/psp/format_2025/operations.rs","@level":"debug","@line":37,"@message":"✅ Operations packed: result=17571326488274102766","@module":"flavor::psp::format_2025::operations","@pid":13811,"@timestamp":"2026-03-31T20:29:35.579792Z"}
{"@file":"src/psp/format_2025/operations.rs","@level":"debug","@line":60,"@message":"✅ Operations unpacked: count=8 operations=[238, 105, 253, 29, 88, 228, 217, 243]","@module":"flavor::psp::format_2025::operations","@pid":13811,"@timestamp":"2026-03-31T20:29:35.579808Z"}
{"@file":"src/psp/format_2025/operations.rs","@level":"debug","@line":60,"@message":"✅ Operations unpacked: count=8 operations=[182, 241, 114, 214, 242, 150, 120, 214]","@module":"flavor::psp::format_2025::operations","@pid":13811,"@timestamp":"2026-03-31T20:29:35.579851Z"}
{"@file":"src/psp/format_2025/operations.rs","@level":"debug","@line":37,"@message":"✅ Operations packed: result=15454268091045966262","@module":"flavor::psp::format_2025::operations","@pid":13811,"@timestamp":"2026-03-31T20:29:35.579869Z"}
{"@file":"src/psp/format_2025/operations.rs","@level":"debug","@line":60,"@message":"✅ Operations unpacked: count=8 operations=[182, 241, 114, 214, 242, 150, 120, 214]","@module":"flavor::psp::format_2025::operations","@pid":13811,"@timestamp":"2026-03-31T20:29:35.579892Z"}
{"@file":"src/psp/format_2025/operations.rs","@level":"debug","@line":60,"@message":"✅ Operations unpacked: count=8 operations=[148, 96, 41, 148, 255, 209, 70, 115]","@module":"flavor::psp::format_2025::operations","@pid":13811,"@timestamp":"2026-03-31T20:29:35.579935Z"}
{"@file":"src/psp/format_2025/operations.rs","@level":"debug","@line":37,"@message":"✅ Operations packed: result=8306557458364063892","@module":"flavor::psp::format_2025::operations","@pid":13811,"@timestamp":"2026-03-31T20:29:35.579959Z"}
{"@file":"src/psp/format_2025/operations.rs","@level":"debug","@line":60,"@message":"✅ Operations unpacked: count=8 operations=[148, 96, 41, 148, 255, 209, 70, 115]","@module":"flavor::psp::format_2025::operations","@pid":13811,"@timestamp":"2026-03-31T20:29:35.579975Z"}
{"@file":"src/psp/format_2025/operations.rs","@level":"debug","@line":60,"@message":"✅ Operations unpacked: count=8 operations=[165, 64, 105, 97, 210, 215, 38, 203]","@module":"flavor::psp::format_2025::operations","@pid":13811,"@timestamp":"2026-03-31T20:29:35.580019Z"}
{"@file":"src/psp/format_2025/operations.rs","@level":"debug","@line":37,"@message":"✅ Operations packed: result=14638624937391767717","@module":"flavor::psp::format_2025::operations","@pid":13811,"@timestamp":"2026-03-31T20:29:35.580037Z"}
{"@file":"src/psp/format_2025/operations.rs","@level":"debug","@line":60,"@message":"✅ Operations unpacked: count=8 operations=[165, 64, 105, 97, 210, 215, 38, 203]","@module":"flavor::psp::format_2025::operations","@pid":13811,"@timestamp":"2026-03-31T20:29:35.580053Z"}
{"@file":"src/psp/format_2025/operations.rs","@level":"debug","@line":60,"@message":"✅ Operations unpacked: count=8 operations=[202, 186, 216, 252, 172, 136, 217, 39]","@module":"flavor::psp::format_2025::operations","@pid":13811,"@timestamp":"2026-03-31T20:29:35.580097Z"}
{"@file":"src/psp/format_2025/operations.rs","@level":"debug","@line":37,"@message":"✅ Operations packed: result=2871476513983216330","@module":"flavor::psp::format_2025::operations","@pid":13811,"@timestamp":"2026-03-31T20:29:35.580115Z"}
{"@file":"src/psp/format_2025/operations.rs","@level":"debug","@line":60,"@message":"✅ Operations unpacked: count=8 operations=[202, 186, 216, 252, 172, 136, 217, 39]","@module":"flavor::psp::format_2025::operations","@pid":13811,"@timestamp":"2026-03-31T20:29:35.580132Z"}
{"@file":"src/psp/format_2025/operations.rs","@level":"debug","@line":60,"@message":"✅ Operations unpacked: count=4 operations=[180, 114, 78, 33]","@module":"flavor::psp::format_2025::operations","@pid":13811,"@timestamp":"2026-03-31T20:29:35.580175Z"}
{"@file":"src/psp/format_2025/operations.rs","@level":"debug","@line":37,"@message":"✅ Operations packed: result=558789300","@module":"flavor::psp::format_2025::operations","@pid":13811,"@timestamp":"2026-03-31T20:29:35.580192Z"}
{"@file":"src/psp/format_2025/operations.rs","@level":"debug","@line":60,"@message":"✅ Operations unpacked: count=4 operations=[180, 114, 78, 33]","@module":"flavor::psp::format_2025::operations","@pid":13811,"@timestamp":"2026-03-31T20:29:35.580208Z"}
{"@file":"src/psp/format_2025/operations.rs","@level":"debug","@line":60,"@message":"✅ Operations unpacked: count=8 operations=[142, 170, 226, 69, 118, 147, 132, 177]","@module":"flavor::psp::format_2025::operations","@pid":13811,"@timestamp":"2026-03-31T20:29:35.580251Z"}
{"@file":"src/psp/format_2025/operations.rs","@level":"debug","@line":37,"@message":"✅ Operations packed: result=12791510977826957966","@module":"flavor::psp::format_2025::operations","@pid":13811,"@timestamp":"2026-03-31T20:29:35.580270Z"}
{"@file":"src/psp/format_2025/operations.rs","@level":"debug","@line":60,"@message":"✅ Operations unpacked: count=8 operations=[142, 170, 226, 69, 118, 147, 132, 177]","@module":"flavor::psp::format_2025::operations","@pid":13811,"@timestamp":"2026-03-31T20:29:35.580288Z"}
{"@file":"src/psp/format_2025/operations.rs","@level":"debug","@line":60,"@message":"✅ Operations unpacked: count=8 operations=[191, 149, 138, 206, 213, 89, 197, 230]","@module":"flavor::psp::format_2025::operations","@pid":13811,"@timestamp":"2026-03-31T20:29:35.580335Z"}
{"@file":"src/psp/format_2025/operations.rs","@level":"debug","@line":37,"@message":"✅ Operations packed: result=16628795973963519423","@module":"flavor::psp::format_2025::operations","@pid":13811,"@timestamp":"2026-03-31T20:29:35.580354Z"}
{"@file":"src/psp/format_2025/operations.rs","@level":"debug","@line":60,"@message":"✅ Operations unpacked: count=8 operations=[191, 149, 138, 206, 213, 89, 197, 230]","@module":"flavor::psp::format_2025::operations","@pid":13811,"@timestamp":"2026-03-31T20:29:35.580371Z"}
{"@file":"src/psp/format_2025/operations.rs","@level":"debug","@line":60,"@message":"✅ Operations unpacked: count=8 operations=[79, 204, 98, 254, 204, 58, 98, 142]","@module":"flavor::psp::format_2025::operations","@pid":13811,"@timestamp":"2026-03-31T20:29:35.580416Z"}
{"@file":"src/psp/format_2025/operations.rs","@level":"debug","@line":37,"@message":"✅ Operations packed: result=10259827553219038287","@module":"flavor::psp::format_2025::operations","@pid":13811,"@timestamp":"2026-03-31T20:29:35.580434Z"}
{"@file":"src/psp/format_2025/operations.rs","@level":"debug","@line":60,"@message":"✅ Operations unpacked: count=8 operations=[79, 204, 98, 254, 204, 58, 98, 142]","@module":"flavor::psp::format_2025::operations","@pid":13811,"@timestamp":"2026-03-31T20:29:35.580452Z"}
{"@file":"src/psp/format_2025/operations.rs","@level":"debug","@line":60,"@message":"✅ Operations unpacked: count=8 operations=[198, 65, 226, 93, 19, 158, 164, 156]","@module":"flavor::psp::format_2025::operations","@pid":13811,"@timestamp":"2026-03-31T20:29:35.580497Z"}
{"@file":"src/psp/format_2025/operations.rs","@level":"debug","@line":37,"@message":"✅ Operations packed: result=11287320372113981894","@module":"flavor::psp::format_2025::operations","@pid":13811,"@timestamp":"2026-03-31T20:29:35.580516Z"}
{"@file":"src/psp/format_2025/operations.rs","@level":"debug","@line":60,"@message":"✅ Operations unpacked: count=8 operations=[198, 65, 226, 93, 19, 158, 164, 156]","@module":"flavor::psp::format_2025::operations","@pid":13811,"@timestamp":"2026-03-31T20:29:35.580533Z"}
{"@file":"src/psp/format_2025/operations.rs","@level":"debug","@line":60,"@message":"✅ Operations unpacked: count=8 operations=[10, 182, 171, 45, 49, 172, 2, 123]","@module":"flavor::psp::format_2025::operations","@pid":13811,"@timestamp":"2026-03-31T20:29:35.580578Z"}
{"@file":"src/psp/format_2025/operations.rs","@level":"debug","@line":37,"@message":"✅ Operations packed: result=8863836343838160394","@module":"flavor::psp::format_2025::operations","@pid":13811,"@timestamp":"2026-03-31T20:29:35.580597Z"}
{"@file":"src/psp/format_2025/operations.rs","@level":"debug","@line":60,"@message":"✅ Operations unpacked: count=8 operations=[10, 182, 171, 45, 49, 172, 2, 123]","@module":"flavor::psp::format_2025::operations","@pid":13811,"@timestamp":"2026-03-31T20:29:35.580614Z"}
{"@file":"src/psp/format_2025/operations.rs","@level":"debug","@line":60,"@message":"✅ Operations unpacked: count=8 operations=[129, 118, 223, 136, 132, 11, 134, 102]","@module":"flavor::psp::format_2025::operations","@pid":13811,"@timestamp":"2026-03-31T20:29:35.580659Z"}
{"@file":"src/psp/format_2025/operations.rs","@level":"debug","@line":37,"@message":"✅ Operations packed: result=7387604902607812225","@module":"flavor::psp::format_2025::operations","@pid":13811,"@timestamp":"2026-03-31T20:29:35.580679Z"}
{"@file":"src/psp/format_2025/operations.rs","@level":"debug","@line":60,"@message":"✅ Operations unpacked: count=8 operations=[129, 118, 223, 136, 132, 11, 134, 102]","@module":"flavor::psp::format_2025::operations","@pid":13811,"@timestamp":"2026-03-31T20:29:35.580701Z"}
{"@file":"src/psp/format_2025/operations.rs","@level":"debug","@line":60,"@message":"✅ Operations unpacked: count=8 operations=[34, 21, 24, 164, 107, 192, 186, 211]","@module":"flavor::psp::format_2025::operations","@pid":13811,"@timestamp":"2026-03-31T20:29:35.580746Z"}
{"@file":"src/psp/format_2025/operations.rs","@level":"debug","@line":37,"@message":"✅ Operations packed: result=15256718256218051874","@module":"flavor::psp::format_2025::operations","@pid":13811,"@timestamp":"2026-03-31T20:29:35.580764Z"}
{"@file":"src/psp/format_2025/operations.rs","@level":"debug","@line":60,"@message":"✅ Operations unpacked: count=8 operations=[34, 21, 24, 164, 107, 192, 186, 211]","@module":"flavor::psp::format_2025::operations","@pid":13811,"@timestamp":"2026-03-31T20:29:35.580782Z"}
{"@file":"src/psp/format_2025/operations.rs","@level":"debug","@line":60,"@message":"✅ Operations unpacked: count=8 operations=[119, 209, 135, 233, 138, 120, 152, 69]","@module":"flavor::psp::format_2025::operations","@pid":13811,"@timestamp":"2026-03-31T20:29:35.580827Z"}
{"@file":"src/psp/format_2025/operations.rs","@level":"debug","@line":37,"@message":"✅ Operations packed: result=5014890723095859575","@module":"flavor::psp::format_2025::operations","@pid":13811,"@timestamp":"2026-03-31T20:29:35.580846Z"}
{"@file":"src/psp/format_2025/operations.rs","@level":"debug","@line":60,"@message":"✅ Operations unpacked: count=8 operations=[119, 209, 135, 233, 138, 120, 152, 69]","@module":"flavor::psp::format_2025::operations","@pid":13811,"@timestamp":"2026-03-31T20:29:35.580862Z"}
{"@file":"src/psp/format_2025/operations.rs","@level":"debug","@line":60,"@message":"✅ Operations unpacked: count=8 operations=[102, 123, 223, 12, 131, 9, 110, 58]","@module":"flavor::psp::format_2025::operations","@pid":13811,"@timestamp":"2026-03-31T20:29:35.580907Z"}
{"@file":"src/psp/format_2025/operations.rs","@level":"debug","@line":37,"@message":"✅ Operations packed: result=4210313160099330918","@module":"flavor::psp::format_2025::operations","@pid":13811,"@timestamp":"2026-03-31T20:29:35.580925Z"}
{"@file":"src/psp/format_2025/operations.rs","@level":"debug","@line":60,"@message":"✅ Operations unpacked: count=8 operations=[102, 123, 223, 12, 131, 9, 110, 58]","@module":"flavor::psp::format_2025::operations","@pid":13811,"@timestamp":"2026-03-31T20:29:35.580942Z"}
{"@file":"src/psp/format_2025/operations.rs","@level":"debug","@line":60,"@message":"✅ Operations unpacked: count=8 operations=[187, 240, 201, 182, 232, 235, 105, 191]","@module":"flavor::psp::format_2025::operations","@pid":13811,"@timestamp":"2026-03-31T20:29:35.580987Z"}
{"@file":"src/psp/format_2025/operations.rs","@level":"debug","@line":37,"@message":"✅ Operations packed: result=13792814718530482363","@module":"flavor::psp::format_2025::operations","@pid":13811,"@timestamp":"2026-03-31T20:29:35.581006Z"}
{"@file":"src/psp/format_2025/operations.rs","@level":"debug","@line":60,"@message":"✅ Operations unpacked: count=8 operations=[187, 240, 201, 182, 232, 235, 105, 191]","@module":"flavor::psp::format_2025::operations","@pid":13811,"@timestamp":"2026-03-31T20:29:35.581022Z"}
{"@file":"src/psp/format_2025/operations.rs","@level":"debug","@line":60,"@message":"✅ Operations unpacked: count=8 operations=[111, 96, 187, 37, 163, 119, 236, 161]","@module":"flavor::psp::format_2025::operations","@pid":13811,"@timestamp":"2026-03-31T20:29:35.581067Z"}
{"@file":"src/psp/format_2025/operations.rs","@level":"debug","@line":37,"@message":"✅ Operations packed: result=11667832277206524015","@module":"flavor::psp::format_2025::operations","@pid":13811,"@timestamp":"2026-03-31T20:29:35.581107Z"}
{"@file":"src/psp/format_2025/operations.rs","@level":"debug","@line":60,"@message":"✅ Operations unpacked: count=8 operations=[111, 96, 187, 37, 163, 119, 236, 161]","@module":"flavor::psp::format_2025::operations","@pid":13811,"@timestamp":"2026-03-31T20:29:35.581124Z"}
{"@file":"src/psp/format_2025/operations.rs","@level":"debug","@line":60,"@message":"✅ Operations unpacked: count=8 operations=[46, 157, 135, 169, 208, 171, 236, 159]","@module":"flavor::psp::format_2025::operations","@pid":13811,"@timestamp":"2026-03-31T20:29:35.581167Z"}
{"@file":"src/psp/format_2025/operations.rs","@level":"debug","@line":37,"@message":"✅ Operations packed: result=11523774459220041006","@module":"flavor::psp::format_2025::operations","@pid":13811,"@timestamp":"2026-03-31T20:29:35.581185Z"}
{"@file":"src/psp/format_2025/operations.rs","@level":"debug","@line":60,"@message":"✅ Operations unpacked: count=8 operations=[46, 157, 135, 169, 208, 171, 236, 159]","@module":"flavor::psp::format_2025::operations","@pid":13811,"@timestamp":"2026-03-31T20:29:35.581201Z"}
{"@file":"src/psp/format_2025/operations.rs","@level":"debug","@line":60,"@message":"✅ Operations unpacked: count=8 operations=[201, 16, 114, 220, 205, 14, 163, 41]","@module":"flavor::psp::format_2025::operations","@pid":13811,"@timestamp":"2026-03-31T20:29:35.581244Z"}
{"@file":"src/psp/format_2025/operations.rs","@level":"debug","@line":37,"@message":"✅ Operations packed: result=3000258054088429769","@module":"flavor::psp::format_2025::operations","@pid":13811,"@timestamp":"2026-03-31T20:29:35.581262Z"}
{"@file":"src/psp/format_2025/operations.rs","@level":"debug","@line":60,"@message":"✅ Operations unpacked: count=8 operations=[201, 16, 114, 220, 205, 14, 163, 41]","@module":"flavor::psp::format_2025::operations","@pid":13811,"@timestamp":"2026-03-31T20:29:35.581278Z"}
{"@file":"src/psp/format_2025/operations.rs","@level":"debug","@line":60,"@message":"✅ Operations unpacked: count=8 operations=[236, 210, 186, 93, 233, 95, 161, 86]","@module":"flavor::psp::format_2025::operations","@pid":13811,"@timestamp":"2026-03-31T20:29:35.581321Z"}
{"@file":"src/psp/format_2025/operations.rs","@level":"debug","@line":37,"@message":"✅ Operations packed: result=6242376014416761580","@module":"flavor::psp::format_2025::operations","@pid":13811,"@timestamp":"2026-03-31T20:29:35.581340Z"}
{"@file":"src/psp/format_2025/operations.rs","@level":"debug","@line":60,"@message":"✅ Operations unpacked: count=8 operations=[236, 210, 186, 93, 233, 95, 161, 86]","@module":"flavor::psp::format_2025::operations","@pid":13811,"@timestamp":"2026-03-31T20:29:35.581356Z"}
{"@file":"src/psp/format_2025/operations.rs","@level":"debug","@line":60,"@message":"✅ Operations unpacked: count=8 operations=[240, 35, 199, 153, 72, 203, 79, 125]","@module":"flavor::psp::format_2025::operations","@pid":13811,"@timestamp":"2026-03-31T20:29:35.581400Z"}
{"@file":"src/psp/format_2025/operations.rs","@level":"debug","@line":37,"@message":"✅ Operations packed: result=9029659290579182576","@module":"flavor::psp::format_2025::operations","@pid":13811,"@timestamp":"2026-03-31T20:29:35.581419Z"}
{"@file":"src/psp/format_2025/operations.rs","@level":"debug","@line":60,"@message":"✅ Operations unpacked: count=8 operations=[240, 35, 199, 153, 72, 203, 79, 125]","@module":"flavor::psp::format_2025::operations","@pid":13811,"@timestamp":"2026-03-31T20:29:35.581435Z"}
{"@file":"src/psp/format_2025/operations.rs","@level":"debug","@line":60,"@message":"✅ Operations unpacked: count=8 operations=[201, 224, 47, 26, 188, 206, 43, 17]","@module":"flavor::psp::format_2025::operations","@pid":13811,"@timestamp":"2026-03-31T20:29:35.581478Z"}
{"@file":"src/psp/format_2025/operations.rs","@level":"debug","@line":37,"@message":"✅ Operations packed: result=1237309829931851977","@module":"flavor::psp::format_2025::operations","@pid":13811,"@timestamp":"2026-03-31T20:29:35.581496Z"}
{"@file":"src/psp/format_2025/operations.rs","@level":"debug","@line":60,"@message":"✅ Operations unpacked: count=8 operations=[201, 224, 47, 26, 188, 206, 43, 17]","@module":"flavor::psp::format_2025::operations","@pid":13811,"@timestamp":"2026-03-31T20:29:35.581512Z"}
{"@file":"src/psp/format_2025/operations.rs","@level":"debug","@line":60,"@message":"✅ Operations unpacked: count=8 operations=[144, 91, 169, 63, 117, 221, 93, 205]","@module":"flavor::psp::format_2025::operations","@pid":13811,"@timestamp":"2026-03-31T20:29:35.581556Z"}
{"@file":"src/psp/format_2025/operations.rs","@level":"debug","@line":37,"@message":"✅ Operations packed: result=14798227446258293648","@module":"flavor::psp::format_2025::operations","@pid":13811,"@timestamp":"2026-03-31T20:29:35.581574Z"}
{"@file":"src/psp/format_2025/operations.rs","@level":"debug","@line":60,"@message":"✅ Operations unpacked: count=8 operations=[144, 91, 169, 63, 117, 221, 93, 205]","@module":"flavor::psp::format_2025::operations","@pid":13811,"@timestamp":"2026-03-31T20:29:35.581590Z"}
{"@file":"src/psp/format_2025/operations.rs","@level":"debug","@line":60,"@message":"✅ Operations unpacked: count=8 operations=[19, 124, 113, 58, 178, 24, 150, 50]","@module":"flavor::psp::format_2025::operations","@pid":13811,"@timestamp":"2026-03-31T20:29:35.581634Z"}
{"@file":"src/psp/format_2025/operations.rs","@level":"debug","@line":37,"@message":"✅ Operations packed: result=3645128102166756371","@module":"flavor::psp::format_2025::operations","@pid":13811,"@timestamp":"2026-03-31T20:29:35.581654Z"}
{"@file":"src/psp/format_2025/operations.rs","@level":"debug","@line":60,"@message":"✅ Operations unpacked: count=8 operations=[19, 124, 113, 58, 178, 24, 150, 50]","@module":"flavor::psp::format_2025::operations","@pid":13811,"@timestamp":"2026-03-31T20:29:35.581670Z"}
{"@file":"src/psp/format_2025/operations.rs","@level":"debug","@line":60,"@message":"✅ Operations unpacked: count=8 operations=[146, 216, 74, 185, 24, 115, 241, 245]","@module":"flavor::psp::format_2025::operations","@pid":13811,"@timestamp":"2026-03-31T20:29:35.581713Z"}
{"@file":"src/psp/format_2025/operations.rs","@level":"debug","@line":37,"@message":"✅ Operations packed: result=17722072558704711826","@module":"flavor::psp::format_2025::operations","@pid":13811,"@timestamp":"2026-03-31T20:29:35.581732Z"}
{"@file":"src/psp/format_2025/operations.rs","@level":"debug","@line":60,"@message":"✅ Operations unpacked: count=8 operations=[146, 216, 74, 185, 24, 115, 241, 245]","@module":"flavor::psp::format_2025::operations","@pid":13811,"@timestamp":"2026-03-31T20:29:35.581748Z"}
{"@file":"src/psp/format_2025/operations.rs","@level":"debug","@line":60,"@message":"✅ Operations unpacked: count=8 operations=[16, 145, 233, 175, 184, 54, 145, 47]","@module":"flavor::psp::format_2025::operations","@pid":13811,"@timestamp":"2026-03-31T20:29:35.581791Z"}
{"@file":"src/psp/format_2025/operations.rs","@level":"debug","@line":37,"@message":"✅ Operations packed: result=3427580958258860304","@module":"flavor::psp::format_2025::operations","@pid":13811,"@timestamp":"2026-03-31T20:29:35.581810Z"}
{"@file":"src/psp/format_2025/operations.rs","@level":"debug","@line":60,"@message":"✅ Operations unpacked: count=8 operations=[16, 145, 233, 175, 184, 54, 145, 47]","@module":"flavor::psp::format_2025::operations","@pid":13811,"@timestamp":"2026-03-31T20:29:35.581826Z"}
{"@file":"src/psp/format_2025/operations.rs","@level":"debug","@line":60,"@message":"✅ Operations unpacked: count=8 operations=[238, 31, 172, 18, 42, 57, 183, 36]","@module":"flavor::psp::format_2025::operations","@pid":13811,"@timestamp":"2026-03-31T20:29:35.581869Z"}
{"@file":"src/psp/format_2025/operations.rs","@level":"debug","@line":37,"@message":"✅ Operations packed: result=2645646158968135662","@module":"flavor::psp::format_2025::operations","@pid":13811,"@timestamp":"2026-03-31T20:29:35.581887Z"}
{"@file":"src/psp/format_2025/operations.rs","@level":"debug","@line":60,"@message":"✅ Operations unpacked: count=8 operations=[238, 31, 172, 18, 42, 57, 183, 36]","@module":"flavor::psp::format_2025::operations","@pid":13811,"@timestamp":"2026-03-31T20:29:35.581904Z"}
{"@file":"src/psp/format_2025/operations.rs","@level":"debug","@line":60,"@message":"✅ Operations unpacked: count=8 operations=[82, 48, 118, 25, 253, 24, 190, 59]","@module":"flavor::psp::format_2025::operations","@pid":13811,"@timestamp":"2026-03-31T20:29:35.581948Z"}
{"@file":"src/psp/format_2025/operations.rs","@level":"debug","@line":37,"@message":"✅ Operations packed: result=4304905769145741394","@module":"flavor::psp::format_2025::operations","@pid":13811,"@timestamp":"2026-03-31T20:29:35.581965Z"}
{"@file":"src/psp/format_2025/operations.rs","@level":"debug","@line":60,"@message":"✅ Operations unpacked: count=8 operations=[82, 48, 118, 25, 253, 24, 190, 59]","@module":"flavor::psp::format_2025::operations","@pid":13811,"@timestamp":"2026-03-31T20:29:35.581982Z"}
{"@file":"src/psp/format_2025/operations.rs","@level":"debug","@line":60,"@message":"✅ Operations unpacked: count=0 operations=[]","@module":"flavor::psp::format_2025::operations","@pid":13811,"@timestamp":"2026-03-31T20:29:35.582024Z"}
{"@file":"src/psp/format_2025/operations.rs","@level":"debug","@line":37,"@message":"✅ Operations packed: result=0","@module":"flavor::psp::format_2025::operations","@pid":13811,"@timestamp":"2026-03-31T20:29:35.582041Z"}
{"@file":"src/psp/format_2025/operations.rs","@level":"debug","@line":60,"@message":"✅ Operations unpacked: count=0 operations=[]","@module":"flavor::psp::format_2025::operations","@pid":13811,"@timestamp":"2026-03-31T20:29:35.582058Z"}
{"@file":"src/psp/format_2025/operations.rs","@level":"debug","@line":60,"@message":"✅ Operations unpacked: count=8 operations=[7, 90, 232, 185, 35, 150, 46, 231]","@module":"flavor::psp::format_2025::operations","@pid":13811,"@timestamp":"2026-03-31T20:29:35.582099Z"}
{"@file":"src/psp/format_2025/operations.rs","@level":"debug","@line":37,"@message":"✅ Operations packed: result=16658417151877077511","@module":"flavor::psp::format_2025::operations","@pid":13811,"@timestamp":"2026-03-31T20:29:35.582117Z"}
{"@file":"src/psp/format_2025/operations.rs","@level":"debug","@line":60,"@message":"✅ Operations unpacked: count=8 operations=[7, 90, 232, 185, 35, 150, 46, 231]","@module":"flavor::psp::format_2025::operations","@pid":13811,"@timestamp":"2026-03-31T20:29:35.582134Z"}
{"@file":"src/psp/format_2025/operations.rs","@level":"debug","@line":60,"@message":"✅ Operations unpacked: count=8 operations=[31, 194, 159, 227, 29, 130, 80, 208]","@module":"flavor::psp::format_2025::operations","@pid":13811,"@timestamp":"2026-03-31T20:29:35.582177Z"}
{"@file":"src/psp/format_2025/operations.rs","@level":"debug","@line":37,"@message":"✅ Operations packed: result=15010640622910423583","@module":"flavor::psp::format_2025::operations","@pid":13811,"@timestamp":"2026-03-31T20:29:35.582196Z"}
{"@file":"src/psp/format_2025/operations.rs","@level":"debug","@line":60,"@message":"✅ Operations unpacked: count=8 operations=[31, 194, 159, 227, 29, 130, 80, 208]","@module":"flavor::psp::format_2025::operations","@pid":13811,"@timestamp":"2026-03-31T20:29:35.582212Z"}
{"@file":"src/psp/format_2025/operations.rs","@level":"debug","@line":60,"@message":"✅ Operations unpacked: count=8 operations=[118, 228, 63, 153, 84, 67, 182, 195]","@module":"flavor::psp::format_2025::operations","@pid":13811,"@timestamp":"2026-03-31T20:29:35.582256Z"}
{"@file":"src/psp/format_2025/operations.rs","@level":"debug","@line":37,"@message":"✅ Operations packed: result=14102533313784702070","@module":"flavor::psp::format_2025::operations","@pid":13811,"@timestamp":"2026-03-31T20:29:35.582274Z"}
{"@file":"src/psp/format_2025/operations.rs","@level":"debug","@line":60,"@message":"✅ Operations unpacked: count=8 operations=[118, 228, 63, 153, 84, 67, 182, 195]","@module":"flavor::psp::format_2025::operations","@pid":13811,"@timestamp":"2026-03-31T20:29:35.582290Z"}
{"@file":"src/psp/format_2025/operations.rs","@level":"debug","@line":60,"@message":"✅ Operations unpacked: count=4 operations=[252, 121, 239, 193]","@module":"flavor::psp::format_2025::operations","@pid":13811,"@timestamp":"2026-03-31T20:29:35.582335Z"}
{"@file":"src/psp/format_2025/operations.rs","@level":"debug","@line":37,"@message":"✅ Operations packed: result=3253697020","@module":"flavor::psp::format_2025::operations","@pid":13811,"@timestamp":"2026-03-31T20:29:35.582352Z"}
{"@file":"src/psp/format_2025/operations.rs","@level":"debug","@line":60,"@message":"✅ Operations unpacked: count=4 operations=[252, 121, 239, 193]","@module":"flavor::psp::format_2025::operations","@pid":13811,"@timestamp":"2026-03-31T20:29:35.582369Z"}
{"@file":"src/psp/format_2025/operations.rs","@level":"debug","@line":60,"@message":"✅ Operations unpacked: count=8 operations=[12, 96, 126, 218, 175, 55, 35, 152]","@module":"flavor::psp::format_2025::operations","@pid":13811,"@timestamp":"2026-03-31T20:29:35.582411Z"}
{"@file":"src/psp/format_2025/operations.rs","@level":"debug","@line":37,"@message":"✅ Operations packed: result=10962667146374438924","@module":"flavor::psp::format_2025::operations","@pid":13811,"@timestamp":"2026-03-31T20:29:35.582430Z"}
{"@file":"src/psp/format_2025/operations.rs","@level":"debug","@line":60,"@message":"✅ Operations unpacked: count=8 operations=[12, 96, 126, 218, 175, 55, 35, 152]","@module":"flavor::psp::format_2025::operations","@pid":13811,"@timestamp":"2026-03-31T20:29:35.582446Z"}
{"@file":"src/psp/format_2025/operations.rs","@level":"debug","@line":60,"@message":"✅ Operations unpacked: count=8 operations=[95, 95, 236, 147, 225, 193, 220, 182]","@module":"flavor::psp::format_2025::operations","@pid":13811,"@timestamp":"2026-03-31T20:29:35.582491Z"}
{"@file":"src/psp/format_2025/operations.rs","@level":"debug","@line":37,"@message":"✅ Operations packed: result=13176619784372772703","@module":"flavor::psp::format_2025::operations","@pid":13811,"@timestamp":"2026-03-31T20:29:35.582509Z"}
{"@file":"src/psp/format_2025/operations.rs","@level":"debug","@line":60,"@message":"✅ Operations unpacked: count=8 operations=[95, 95, 236, 147, 225, 193, 220, 182]","@module":"flavor::psp::format_2025::operations","@pid":13811,"@timestamp":"2026-03-31T20:29:35.582526Z"}
{"@file":"src/psp/format_2025/operations.rs","@level":"debug","@line":60,"@message":"✅ Operations unpacked: count=8 operations=[34, 6, 127, 207, 99, 174, 37, 76]","@module":"flavor::psp::format_2025::operations","@pid":13811,"@timestamp":"2026-03-31T20:29:35.582570Z"}
{"@file":"src/psp/format_2025/operations.rs","@level":"debug","@line":37,"@message":"✅ Operations packed: result=5486983464727021090","@module":"flavor::psp::format_2025::operations","@pid":13811,"@timestamp":"2026-03-31T20:29:35.582588Z"}
{"@file":"src/psp/format_2025/operations.rs","@level":"debug","@line":60,"@message":"✅ Operations unpacked: count=8 operations=[34, 6, 127, 207, 99, 174, 37, 76]","@module":"flavor::psp::format_2025::operations","@pid":13811,"@timestamp":"2026-03-31T20:29:35.582605Z"}
{"@file":"src/psp/format_2025/operations.rs","@level":"debug","@line":60,"@message":"✅ Operations unpacked: count=8 operations=[202, 96, 106, 34, 203, 57, 33, 42]","@module":"flavor::psp::format_2025::operations","@pid":13811,"@timestamp":"2026-03-31T20:29:35.582648Z"}
{"@file":"src/psp/format_2025/operations.rs","@level":"debug","@line":37,"@message":"✅ Operations packed: result=3035771168442966218","@module":"flavor::psp::format_2025::operations","@pid":13811,"@timestamp":"2026-03-31T20:29:35.582667Z"}
{"@file":"src/psp/format_2025/operations.rs","@level":"debug","@line":60,"@message":"✅ Operations unpacked: count=8 operations=[202, 96, 106, 34, 203, 57, 33, 42]","@module":"flavor::psp::format_2025::operations","@pid":13811,"@timestamp":"2026-03-31T20:29:35.582684Z"}
{"@file":"src/psp/format_2025/operations.rs","@level":"debug","@line":60,"@message":"✅ Operations unpacked: count=8 operations=[172, 173, 192, 96, 173, 117, 178, 186]","@module":"flavor::psp::format_2025::operations","@pid":13811,"@timestamp":"2026-03-31T20:29:35.582727Z"}
{"@file":"src/psp/format_2025/operations.rs","@level":"debug","@line":37,"@message":"✅ Operations packed: result=13452944424422124972","@module":"flavor::psp::format_2025::operations","@pid":13811,"@timestamp":"2026-03-31T20:29:35.582744Z"}
{"@file":"src/psp/format_2025/operations.rs","@level":"debug","@line":60,"@message":"✅ Operations unpacked: count=8 operations=[172, 173, 192, 96, 173, 117, 178, 186]","@module":"flavor::psp::format_2025::operations","@pid":13811,"@timestamp":"2026-03-31T20:29:35.582762Z"}
{"@file":"src/psp/format_2025/operations.rs","@level":"debug","@line":60,"@message":"✅ Operations unpacked: count=8 operations=[57, 34, 104, 24, 84, 30, 192, 109]","@module":"flavor::psp::format_2025::operations","@pid":13811,"@timestamp":"2026-03-31T20:29:35.582805Z"}
{"@file":"src/psp/format_2025/operations.rs","@level":"debug","@line":37,"@message":"✅ Operations packed: result=7908354292198154809","@module":"flavor::psp::format_2025::operations","@pid":13811,"@timestamp":"2026-03-31T20:29:35.582823Z"}
{"@file":"src/psp/format_2025/operations.rs","@level":"debug","@line":60,"@message":"✅ Operations unpacked: count=8 operations=[57, 34, 104, 24, 84, 30, 192, 109]","@module":"flavor::psp::format_2025::operations","@pid":13811,"@timestamp":"2026-03-31T20:29:35.582839Z"}
{"@file":"src/psp/format_2025/operations.rs","@level":"debug","@line":60,"@message":"✅ Operations unpacked: count=8 operations=[248, 234, 190, 31, 115, 115, 19, 57]","@module":"flavor::psp::format_2025::operations","@pid":13811,"@timestamp":"2026-03-31T20:29:35.582887Z"}
{"@file":"src/psp/format_2025/operations.rs","@level":"debug","@line":37,"@message":"✅ Operations packed: result=4112757823010433784","@module":"flavor::psp::format_2025::operations","@pid":13811,"@timestamp":"2026-03-31T20:29:35.582905Z"}
{"@file":"src/psp/format_2025/operations.rs","@level":"debug","@line":60,"@message":"✅ Operations unpacked: count=8 operations=[248, 234, 190, 31, 115, 115, 19, 57]","@module":"flavor::psp::format_2025::operations","@pid":13811,"@timestamp":"2026-03-31T20:29:35.582922Z"}
{"@file":"src/psp/format_2025/operations.rs","@level":"debug","@line":60,"@message":"✅ Operations unpacked: count=8 operations=[70, 54, 41, 215, 161, 237, 141, 223]","@module":"flavor::psp::format_2025::operations","@pid":13811,"@timestamp":"2026-03-31T20:29:35.582967Z"}
{"@file":"src/psp/format_2025/operations.rs","@level":"debug","@line":37,"@message":"✅ Operations packed: result=16108792721529452102","@module":"flavor::psp::format_2025::operations","@pid":13811,"@timestamp":"2026-03-31T20:29:35.582986Z"}
{"@file":"src/psp/format_2025/operations.rs","@level":"debug","@line":60,"@message":"✅ Operations unpacked: count=8 operations=[70, 54, 41, 215, 161, 237, 141, 223]","@module":"flavor::psp::format_2025::operations","@pid":13811,"@timestamp":"2026-03-31T20:29:35.583003Z"}
{"@file":"src/psp/format_2025/operations.rs","@level":"debug","@line":60,"@message":"✅ Operations unpacked: count=8 operations=[180, 107, 151, 165, 248, 206, 47, 164]","@module":"flavor::psp::format_2025::operations","@pid":13811,"@timestamp":"2026-03-31T20:29:35.583047Z"}
{"@file":"src/psp/format_2025/operations.rs","@level":"debug","@line":37,"@message":"✅ Operations packed: result=11830902313450957748","@module":"flavor::psp::format_2025::operations","@pid":13811,"@timestamp":"2026-03-31T20:29:35.583067Z"}
{"@file":"src/psp/format_2025/operations.rs","@level":"debug","@line":60,"@message":"✅ Operations unpacked: count=8 operations=[180, 107, 151, 165, 248, 206, 47, 164]","@module":"flavor::psp::format_2025::operations","@pid":13811,"@timestamp":"2026-03-31T20:29:35.583084Z"}
{"@file":"src/psp/format_2025/operations.rs","@level":"debug","@line":60,"@message":"✅ Operations unpacked: count=8 operations=[135, 48, 89, 99, 187, 98, 223, 254]","@module":"flavor::psp::format_2025::operations","@pid":13811,"@timestamp":"2026-03-31T20:29:35.583128Z"}
{"@file":"src/psp/format_2025/operations.rs","@level":"debug","@line":37,"@message":"✅ Operations packed: result=18365506362405367943","@module":"flavor::psp::format_2025::operations","@pid":13811,"@timestamp":"2026-03-31T20:29:35.583147Z"}
{"@file":"src/psp/format_2025/operations.rs","@level":"debug","@line":60,"@message":"✅ Operations unpacked: count=8 operations=[135, 48, 89, 99, 187, 98, 223, 254]","@module":"flavor::psp::format_2025::operations","@pid":13811,"@timestamp":"2026-03-31T20:29:35.583165Z"}
{"@file":"src/psp/format_2025/operations.rs","@level":"debug","@line":60,"@message":"✅ Operations unpacked: count=8 operations=[247, 211, 161, 181, 210, 100, 139, 137]","@module":"flavor::psp::format_2025::operations","@pid":13811,"@timestamp":"2026-03-31T20:29:35.583209Z"}
{"@file":"src/psp/format_2025/operations.rs","@level":"debug","@line":37,"@message":"✅ Operations packed: result=9911126261112099831","@module":"flavor::psp::format_2025::operations","@pid":13811,"@timestamp":"2026-03-31T20:29:35.583228Z"}
{"@file":"src/psp/format_2025/operations.rs","@level":"debug","@line":60,"@message":"✅ Operations unpacked: count=8 operations=[247, 211, 161, 181, 210, 100, 139, 137]","@module":"flavor::psp::format_2025::operations","@pid":13811,"@timestamp":"2026-03-31T20:29:35.583245Z"}
{"@file":"src/psp/format_2025/operations.rs","@level":"debug","@line":60,"@message":"✅ Operations unpacked: count=8 operations=[144, 44, 117, 53, 35, 29, 217, 2]","@module":"flavor::psp::format_2025::operations","@pid":13811,"@timestamp":"2026-03-31T20:29:35.583291Z"}
{"@file":"src/psp/format_2025/operations.rs","@level":"debug","@line":37,"@message":"✅ Operations packed: result=205227295080000656","@module":"flavor::psp::format_2025::operations","@pid":13811,"@timestamp":"2026-03-31T20:29:35.583309Z"}
{"@file":"src/psp/format_2025/operations.rs","@level":"debug","@line":60,"@message":"✅ Operations unpacked: count=8 operations=[144, 44, 117, 53, 35, 29, 217, 2]","@module":"flavor::psp::format_2025::operations","@pid":13811,"@timestamp":"2026-03-31T20:29:35.583326Z"}
{"@file":"src/psp/format_2025/operations.rs","@level":"debug","@line":60,"@message":"✅ Operations unpacked: count=8 operations=[240, 54, 239, 121, 129, 81, 254, 253]","@module":"flavor::psp::format_2025::operations","@pid":13811,"@timestamp":"2026-03-31T20:29:35.583370Z"}
{"@file":"src/psp/format_2025/operations.rs","@level":"debug","@line":37,"@message":"✅ Operations packed: result=18302155552218625776","@module":"flavor::psp::format_2025::operations","@pid":13811,"@timestamp":"2026-03-31T20:29:35.583390Z"}
{"@file":"src/psp/format_2025/operations.rs","@level":"debug","@line":60,"@message":"✅ Operations unpacked: count=8 operations=[240, 54, 239, 121, 129, 81, 254, 253]","@module":"flavor::psp::format_2025::operations","@pid":13811,"@timestamp":"2026-03-31T20:29:35.583406Z"}
{"@file":"src/psp/format_2025/operations.rs","@level":"debug","@line":60,"@message":"✅ Operations unpacked: count=8 operations=[168, 49, 8, 157, 86, 231, 106, 127]","@module":"flavor::psp::format_2025::operations","@pid":13811,"@timestamp":"2026-03-31T20:29:35.583451Z"}
{"@file":"src/psp/format_2025/operations.rs","@level":"debug","@line":37,"@message":"✅ Operations packed: result=9181405149535941032","@module":"flavor::psp::format_2025::operations","@pid":13811,"@timestamp":"2026-03-31T20:29:35.583469Z"}
{"@file":"src/psp/format_2025/operations.rs","@level":"debug","@line":60,"@message":"✅ Operations unpacked: count=8 operations=[168, 49, 8, 157, 86, 231, 106, 127]","@module":"flavor::psp::format_2025::operations","@pid":13811,"@timestamp":"2026-03-31T20:29:35.583486Z"}
{"@file":"src/psp/format_2025/operations.rs","@level":"debug","@line":60,"@message":"✅ Operations unpacked: count=8 operations=[70, 124, 100, 252, 218, 193, 20, 79]","@module":"flavor::psp::format_2025::operations","@pid":13811,"@timestamp":"2026-03-31T20:29:35.583530Z"}
{"@file":"src/psp/format_2025/operations.rs","@level":"debug","@line":37,"@message":"✅ Operations packed: result=5698392574811995206","@module":"flavor::psp::format_2025::operations","@pid":13811,"@timestamp":"2026-03-31T20:29:35.583549Z"}
{"@file":"src/psp/format_2025/operations.rs","@level":"debug","@line":60,"@message":"✅ Operations unpacked: count=8 operations=[70, 124, 100, 252, 218, 193, 20, 79]","@module":"flavor::psp::format_2025::operations","@pid":13811,"@timestamp":"2026-03-31T20:29:35.583566Z"}
test psp::format_2025::operations::tests::prop_unpack_pack_idempotent ... ok

test result: ok. 109 passed; 0 failed; 0 ignored; 0 measured; 0 filtered out; finished in 0.04s

     Running `/private/var/folders/sg/wy47gw996f78fznt898m8x540000gn/T/cargo-mutants-flavor-rs-AJnnRY.tmp/target/debug/deps/flavor_rs_builder-8b703e7e9be23f48`

running 0 tests

test result: ok. 0 passed; 0 failed; 0 ignored; 0 measured; 0 filtered out; finished in 0.00s

     Running `/private/var/folders/sg/wy47gw996f78fznt898m8x540000gn/T/cargo-mutants-flavor-rs-AJnnRY.tmp/target/debug/deps/flavor_rs_launcher-30d5c8f9cc0f7e8a`

running 0 tests

test result: ok. 0 passed; 0 failed; 0 ignored; 0 measured; 0 filtered out; finished in 0.00s

   Doc-tests flavor
     Running `/Users/tim/.rustup/toolchains/stable-aarch64-apple-darwin/bin/rustdoc --edition=2024 --crate-type lib --color auto --crate-name flavor --test src/lib.rs --test-run-directory /private/var/folders/sg/wy47gw996f78fznt898m8x540000gn/T/cargo-mutants-flavor-rs-AJnnRY.tmp --extern adler2=/private/var/folders/sg/wy47gw996f78fznt898m8x540000gn/T/cargo-mutants-flavor-rs-AJnnRY.tmp/target/debug/deps/libadler2-1237be17f08066aa.rlib --extern anyhow=/private/var/folders/sg/wy47gw996f78fznt898m8x540000gn/T/cargo-mutants-flavor-rs-AJnnRY.tmp/target/debug/deps/libanyhow-d9b6d410a1361442.rlib --extern chrono=/private/var/folders/sg/wy47gw996f78fznt898m8x540000gn/T/cargo-mutants-flavor-rs-AJnnRY.tmp/target/debug/deps/libchrono-b7affcfd136ee226.rlib --extern clap=/private/var/folders/sg/wy47gw996f78fznt898m8x540000gn/T/cargo-mutants-flavor-rs-AJnnRY.tmp/target/debug/deps/libclap-c2746911242c53dc.rlib --extern ed25519_dalek=/private/var/folders/sg/wy47gw996f78fznt898m8x540000gn/T/cargo-mutants-flavor-rs-AJnnRY.tmp/target/debug/deps/libed25519_dalek-42293ea3dc57f31c.rlib --extern env_logger=/private/var/folders/sg/wy47gw996f78fznt898m8x540000gn/T/cargo-mutants-flavor-rs-AJnnRY.tmp/target/debug/deps/libenv_logger-75173f29843c9a52.rlib --extern flate2=/private/var/folders/sg/wy47gw996f78fznt898m8x540000gn/T/cargo-mutants-flavor-rs-AJnnRY.tmp/target/debug/deps/libflate2-96cd3d855b9115ec.rlib --extern flavor=/private/var/folders/sg/wy47gw996f78fznt898m8x540000gn/T/cargo-mutants-flavor-rs-AJnnRY.tmp/target/debug/deps/libflavor-88d82f8937f7a117.rlib --extern fs2=/private/var/folders/sg/wy47gw996f78fznt898m8x540000gn/T/cargo-mutants-flavor-rs-AJnnRY.tmp/target/debug/deps/libfs2-71900ee401453af8.rlib --extern gethostname=/private/var/folders/sg/wy47gw996f78fznt898m8x540000gn/T/cargo-mutants-flavor-rs-AJnnRY.tmp/target/debug/deps/libgethostname-e6576ba3912663df.rlib --extern glob=/private/var/folders/sg/wy47gw996f78fznt898m8x540000gn/T/cargo-mutants-flavor-rs-AJnnRY.tmp/target/debug/deps/libglob-56daeb017c976e69.rlib --extern hex=/private/var/folders/sg/wy47gw996f78fznt898m8x540000gn/T/cargo-mutants-flavor-rs-AJnnRY.tmp/target/debug/deps/libhex-6a16846156d7c862.rlib --extern libc=/private/var/folders/sg/wy47gw996f78fznt898m8x540000gn/T/cargo-mutants-flavor-rs-AJnnRY.tmp/target/debug/deps/liblibc-26979bb06dae4666.rlib --extern log=/private/var/folders/sg/wy47gw996f78fznt898m8x540000gn/T/cargo-mutants-flavor-rs-AJnnRY.tmp/target/debug/deps/liblog-8a7d20b8c005bc83.rlib --extern memmap2=/private/var/folders/sg/wy47gw996f78fznt898m8x540000gn/T/cargo-mutants-flavor-rs-AJnnRY.tmp/target/debug/deps/libmemmap2-413e3a480d8f5878.rlib --extern pem=/private/var/folders/sg/wy47gw996f78fznt898m8x540000gn/T/cargo-mutants-flavor-rs-AJnnRY.tmp/target/debug/deps/libpem-baee24606d736ef7.rlib --extern proptest=/private/var/folders/sg/wy47gw996f78fznt898m8x540000gn/T/cargo-mutants-flavor-rs-AJnnRY.tmp/target/debug/deps/libproptest-387450d3dcbd40ff.rlib --extern rand=/private/var/folders/sg/wy47gw996f78fznt898m8x540000gn/T/cargo-mutants-flavor-rs-AJnnRY.tmp/target/debug/deps/librand-a25bcd883a2e2285.rlib --extern serde=/private/var/folders/sg/wy47gw996f78fznt898m8x540000gn/T/cargo-mutants-flavor-rs-AJnnRY.tmp/target/debug/deps/libserde-02be1dd65d3ef57a.rlib --extern serde_json=/private/var/folders/sg/wy47gw996f78fznt898m8x540000gn/T/cargo-mutants-flavor-rs-AJnnRY.tmp/target/debug/deps/libserde_json-469eaea1fff499db.rlib --extern sha2=/private/var/folders/sg/wy47gw996f78fznt898m8x540000gn/T/cargo-mutants-flavor-rs-AJnnRY.tmp/target/debug/deps/libsha2-28b9a530c85e9fef.rlib --extern signal_hook=/private/var/folders/sg/wy47gw996f78fznt898m8x540000gn/T/cargo-mutants-flavor-rs-AJnnRY.tmp/target/debug/deps/libsignal_hook-0a34b12e866764fc.rlib --extern tar=/private/var/folders/sg/wy47gw996f78fznt898m8x540000gn/T/cargo-mutants-flavor-rs-AJnnRY.tmp/target/debug/deps/libtar-9468371f38505d5a.rlib --extern tempfile=/private/var/folders/sg/wy47gw996f78fznt898m8x540000gn/T/cargo-mutants-flavor-rs-AJnnRY.tmp/target/debug/deps/libtempfile-f67b0e214d8dd2e3.rlib --extern which=/private/var/folders/sg/wy47gw996f78fznt898m8x540000gn/T/cargo-mutants-flavor-rs-AJnnRY.tmp/target/debug/deps/libwhich-a2a3c9536beaf592.rlib -L dependency=/private/var/folders/sg/wy47gw996f78fznt898m8x540000gn/T/cargo-mutants-flavor-rs-AJnnRY.tmp/target/debug/deps -C embed-bitcode=no --cfg 'feature="default"' --check-cfg 'cfg(docsrs,test)' --check-cfg 'cfg(feature, values("default"))' --error-format human`

running 0 tests

test result: ok. 0 passed; 0 failed; 0 ignored; 0 measured; 0 filtered out; finished in 0.00s


*** result: Success
