
*** src/psp/format_2025/backends.rs:255:37: replace > with >= in <impl Backend for FileBackend>::read_at

*** mutation diff:
--- src/psp/format_2025/backends.rs
+++ replace > with >= in <impl Backend for FileBackend>::read_at
@@ -247,17 +247,17 @@
             file.read_exact(&mut buffer).map_err(FlavorError::IoError)?;
             trace!("✅ File read {} bytes in {:?}", size, timer.elapsed());
 
             // Cache small reads
             if size <= 4096 {
                 self.cache.insert(cache_key, buffer.clone());
 
                 // Limit cache size
-                if self.cache.len() > 100 {
+                if self.cache.len() >= /* ~ changed by cargo-mutants ~ */ 100 {
                     // Remove oldest entries (simple FIFO)
                     let keys: Vec<_> = self.cache.keys().take(20).cloned().collect();
                     for key in keys {
                         self.cache.remove(&key);
                     }
                 }
             }
 


*** /Users/tim/.rustup/toolchains/stable-aarch64-apple-darwin/bin/cargo test --no-run --verbose --package=flavor@0.3.21 --all-features
       Fresh cfg-if v1.0.4
       Fresh bitflags v2.11.0
       Fresh version_check v0.9.5
       Fresh unicode-ident v1.0.24
       Fresh memchr v2.8.0
       Fresh regex-syntax v0.8.10
       Fresh utf8parse v0.2.2
       Fresh autocfg v1.5.0
       Fresh semver v1.0.27
       Fresh colorchoice v1.0.5
       Fresh anstyle-query v1.1.5
       Fresh is_terminal_polyfill v1.70.2
       Fresh anstyle v1.0.14
       Fresh once_cell v1.21.4
       Fresh fastrand v2.3.0
       Fresh libc v0.2.183
       Fresh rustc_version v0.4.1
       Fresh anstyle-parse v1.0.0
       Fresh aho-corasick v1.1.4
       Fresh simd-adler32 v0.3.9
       Fresh log v0.4.29
       Fresh core-foundation-sys v0.8.7
       Fresh strsim v0.11.1
       Fresh signature v2.2.0
       Fresh heck v0.5.0
       Fresh errno v0.3.14
       Fresh typenum v1.19.0
       Fresh proc-macro2 v1.0.106
       Fresh zerocopy v0.8.48
       Fresh getrandom v0.3.4
       Fresh getrandom v0.2.17
       Fresh regex-automata v0.4.14
       Fresh getrandom v0.4.2
       Fresh anstream v1.0.0
       Fresh serde_core v1.0.228
       Fresh cpufeatures v0.2.17
       Fresh zeroize v1.8.2
       Fresh adler2 v2.0.1
       Fresh clap_lex v1.1.0
       Fresh subtle v2.6.1
       Fresh wait-timeout v0.2.1
       Fresh iana-time-zone v0.1.65
       Fresh generic-array v0.14.7
       Fresh rustix v1.1.4
       Fresh quote v1.0.45
       Fresh ppv-lite86 v0.2.21
       Fresh rand_core v0.9.5
       Fresh rand_core v0.6.4
       Fresh rustix v0.38.44
       Fresh regex v1.12.3
       Fresh num-traits v0.2.19
       Fresh crc32fast v1.5.0
       Fresh clap_builder v4.6.0
       Fresh zmij v1.0.21
       Fresh signal-hook-registry v1.4.8
       Fresh miniz_oxide v0.8.9
       Fresh filetime v0.2.27
       Fresh ed25519 v2.2.3
       Fresh jiff v0.2.23
       Fresh base64 v0.22.1
       Fresh itoa v1.0.18
       Fresh quick-error v1.2.3
       Fresh syn v2.0.117
       Fresh block-buffer v0.10.4
       Fresh crypto-common v0.1.7
       Fresh tempfile v3.27.0
       Fresh rand_chacha v0.3.1
       Fresh env_filter v1.0.1
       Fresh xattr v1.6.1
       Fresh home v0.5.11
       Fresh either v1.15.0
       Fresh fnv v1.0.7
       Fresh bit-vec v0.8.0
       Fresh pem v3.0.6
       Fresh gethostname v0.5.0
       Fresh chrono v0.4.44
       Fresh flate2 v1.1.9
       Fresh serde_json v1.0.149
       Dirty flavor v0.3.21 (/private/var/folders/sg/wy47gw996f78fznt898m8x540000gn/T/cargo-mutants-flavor-rs-AJnnRY.tmp): the file `../../VERSION` is missing
   Compiling flavor v0.3.21 (/private/var/folders/sg/wy47gw996f78fznt898m8x540000gn/T/cargo-mutants-flavor-rs-AJnnRY.tmp)
       Fresh rand_xorshift v0.4.0
       Fresh rand v0.9.2
       Fresh signal-hook v0.3.18
       Fresh rand_chacha v0.9.0
       Fresh anyhow v1.0.102
       Fresh fs2 v0.4.3
       Fresh memmap2 v0.9.10
       Fresh unarray v0.1.4
     Running `/private/var/folders/sg/wy47gw996f78fznt898m8x540000gn/T/cargo-mutants-flavor-rs-AJnnRY.tmp/target/debug/build/flavor-d6cea4267b429fe1/build-script-build`
       Fresh digest v0.10.7
       Fresh serde_derive v1.0.228
       Fresh clap_derive v4.6.0
       Fresh rand v0.8.5
       Fresh bit-set v0.8.0
       Fresh rusty-fork v0.3.1
       Fresh tar v0.4.45
       Fresh which v6.0.3
       Fresh env_logger v0.11.10
       Fresh glob v0.3.3
       Fresh hex v0.4.3
       Fresh curve25519-dalek v4.1.3
       Fresh sha2 v0.10.9
       Fresh serde v1.0.228
       Fresh clap v4.6.0
       Fresh proptest v1.11.0
       Fresh ed25519-dalek v2.2.0
     Running `/Users/tim/.rustup/toolchains/stable-aarch64-apple-darwin/bin/rustc --crate-name flavor --edition=2024 src/lib.rs --error-format=json --json=diagnostic-rendered-ansi,artifacts,future-incompat --emit=dep-info,link -C embed-bitcode=no -C debuginfo=2 -C split-debuginfo=unpacked --test --cfg 'feature="default"' --check-cfg 'cfg(docsrs,test)' --check-cfg 'cfg(feature, values("default"))' -C metadata=b72348e8a9d7df2e -C extra-filename=-19035fd48ff337ba --out-dir /private/var/folders/sg/wy47gw996f78fznt898m8x540000gn/T/cargo-mutants-flavor-rs-AJnnRY.tmp/target/debug/deps -C incremental=/private/var/folders/sg/wy47gw996f78fznt898m8x540000gn/T/cargo-mutants-flavor-rs-AJnnRY.tmp/target/debug/incremental -L dependency=/private/var/folders/sg/wy47gw996f78fznt898m8x540000gn/T/cargo-mutants-flavor-rs-AJnnRY.tmp/target/debug/deps --extern adler2=/private/var/folders/sg/wy47gw996f78fznt898m8x540000gn/T/cargo-mutants-flavor-rs-AJnnRY.tmp/target/debug/deps/libadler2-1237be17f08066aa.rlib --extern anyhow=/private/var/folders/sg/wy47gw996f78fznt898m8x540000gn/T/cargo-mutants-flavor-rs-AJnnRY.tmp/target/debug/deps/libanyhow-d9b6d410a1361442.rlib --extern chrono=/private/var/folders/sg/wy47gw996f78fznt898m8x540000gn/T/cargo-mutants-flavor-rs-AJnnRY.tmp/target/debug/deps/libchrono-b7affcfd136ee226.rlib --extern clap=/private/var/folders/sg/wy47gw996f78fznt898m8x540000gn/T/cargo-mutants-flavor-rs-AJnnRY.tmp/target/debug/deps/libclap-c2746911242c53dc.rlib --extern ed25519_dalek=/private/var/folders/sg/wy47gw996f78fznt898m8x540000gn/T/cargo-mutants-flavor-rs-AJnnRY.tmp/target/debug/deps/libed25519_dalek-42293ea3dc57f31c.rlib --extern env_logger=/private/var/folders/sg/wy47gw996f78fznt898m8x540000gn/T/cargo-mutants-flavor-rs-AJnnRY.tmp/target/debug/deps/libenv_logger-75173f29843c9a52.rlib --extern flate2=/private/var/folders/sg/wy47gw996f78fznt898m8x540000gn/T/cargo-mutants-flavor-rs-AJnnRY.tmp/target/debug/deps/libflate2-96cd3d855b9115ec.rlib --extern fs2=/private/var/folders/sg/wy47gw996f78fznt898m8x540000gn/T/cargo-mutants-flavor-rs-AJnnRY.tmp/target/debug/deps/libfs2-71900ee401453af8.rlib --extern gethostname=/private/var/folders/sg/wy47gw996f78fznt898m8x540000gn/T/cargo-mutants-flavor-rs-AJnnRY.tmp/target/debug/deps/libgethostname-e6576ba3912663df.rlib --extern glob=/private/var/folders/sg/wy47gw996f78fznt898m8x540000gn/T/cargo-mutants-flavor-rs-AJnnRY.tmp/target/debug/deps/libglob-56daeb017c976e69.rlib --extern hex=/private/var/folders/sg/wy47gw996f78fznt898m8x540000gn/T/cargo-mutants-flavor-rs-AJnnRY.tmp/target/debug/deps/libhex-6a16846156d7c862.rlib --extern libc=/private/var/folders/sg/wy47gw996f78fznt898m8x540000gn/T/cargo-mutants-flavor-rs-AJnnRY.tmp/target/debug/deps/liblibc-26979bb06dae4666.rlib --extern log=/private/var/folders/sg/wy47gw996f78fznt898m8x540000gn/T/cargo-mutants-flavor-rs-AJnnRY.tmp/target/debug/deps/liblog-8a7d20b8c005bc83.rlib --extern memmap2=/private/var/folders/sg/wy47gw996f78fznt898m8x540000gn/T/cargo-mutants-flavor-rs-AJnnRY.tmp/target/debug/deps/libmemmap2-413e3a480d8f5878.rlib --extern pem=/private/var/folders/sg/wy47gw996f78fznt898m8x540000gn/T/cargo-mutants-flavor-rs-AJnnRY.tmp/target/debug/deps/libpem-baee24606d736ef7.rlib --extern proptest=/private/var/folders/sg/wy47gw996f78fznt898m8x540000gn/T/cargo-mutants-flavor-rs-AJnnRY.tmp/target/debug/deps/libproptest-387450d3dcbd40ff.rlib --extern rand=/private/var/folders/sg/wy47gw996f78fznt898m8x540000gn/T/cargo-mutants-flavor-rs-AJnnRY.tmp/target/debug/deps/librand-a25bcd883a2e2285.rlib --extern serde=/private/var/folders/sg/wy47gw996f78fznt898m8x540000gn/T/cargo-mutants-flavor-rs-AJnnRY.tmp/target/debug/deps/libserde-02be1dd65d3ef57a.rlib --extern serde_json=/private/var/folders/sg/wy47gw996f78fznt898m8x540000gn/T/cargo-mutants-flavor-rs-AJnnRY.tmp/target/debug/deps/libserde_json-469eaea1fff499db.rlib --extern sha2=/private/var/folders/sg/wy47gw996f78fznt898m8x540000gn/T/cargo-mutants-flavor-rs-AJnnRY.tmp/target/debug/deps/libsha2-28b9a530c85e9fef.rlib --extern signal_hook=/private/var/folders/sg/wy47gw996f78fznt898m8x540000gn/T/cargo-mutants-flavor-rs-AJnnRY.tmp/target/debug/deps/libsignal_hook-0a34b12e866764fc.rlib --extern tar=/private/var/folders/sg/wy47gw996f78fznt898m8x540000gn/T/cargo-mutants-flavor-rs-AJnnRY.tmp/target/debug/deps/libtar-9468371f38505d5a.rlib --extern tempfile=/private/var/folders/sg/wy47gw996f78fznt898m8x540000gn/T/cargo-mutants-flavor-rs-AJnnRY.tmp/target/debug/deps/libtempfile-f67b0e214d8dd2e3.rlib --extern which=/private/var/folders/sg/wy47gw996f78fznt898m8x540000gn/T/cargo-mutants-flavor-rs-AJnnRY.tmp/target/debug/deps/libwhich-a2a3c9536beaf592.rlib`
     Running `/Users/tim/.rustup/toolchains/stable-aarch64-apple-darwin/bin/rustc --crate-name flavor --edition=2024 src/lib.rs --error-format=json --json=diagnostic-rendered-ansi,artifacts,future-incompat --crate-type lib --emit=dep-info,metadata,link -C embed-bitcode=no -C debuginfo=2 -C split-debuginfo=unpacked --cfg 'feature="default"' --check-cfg 'cfg(docsrs,test)' --check-cfg 'cfg(feature, values("default"))' -C metadata=638a3856e0fcd0df -C extra-filename=-88d82f8937f7a117 --out-dir /private/var/folders/sg/wy47gw996f78fznt898m8x540000gn/T/cargo-mutants-flavor-rs-AJnnRY.tmp/target/debug/deps -C incremental=/private/var/folders/sg/wy47gw996f78fznt898m8x540000gn/T/cargo-mutants-flavor-rs-AJnnRY.tmp/target/debug/incremental -L dependency=/private/var/folders/sg/wy47gw996f78fznt898m8x540000gn/T/cargo-mutants-flavor-rs-AJnnRY.tmp/target/debug/deps --extern adler2=/private/var/folders/sg/wy47gw996f78fznt898m8x540000gn/T/cargo-mutants-flavor-rs-AJnnRY.tmp/target/debug/deps/libadler2-1237be17f08066aa.rmeta --extern anyhow=/private/var/folders/sg/wy47gw996f78fznt898m8x540000gn/T/cargo-mutants-flavor-rs-AJnnRY.tmp/target/debug/deps/libanyhow-d9b6d410a1361442.rmeta --extern chrono=/private/var/folders/sg/wy47gw996f78fznt898m8x540000gn/T/cargo-mutants-flavor-rs-AJnnRY.tmp/target/debug/deps/libchrono-b7affcfd136ee226.rmeta --extern clap=/private/var/folders/sg/wy47gw996f78fznt898m8x540000gn/T/cargo-mutants-flavor-rs-AJnnRY.tmp/target/debug/deps/libclap-c2746911242c53dc.rmeta --extern ed25519_dalek=/private/var/folders/sg/wy47gw996f78fznt898m8x540000gn/T/cargo-mutants-flavor-rs-AJnnRY.tmp/target/debug/deps/libed25519_dalek-42293ea3dc57f31c.rmeta --extern env_logger=/private/var/folders/sg/wy47gw996f78fznt898m8x540000gn/T/cargo-mutants-flavor-rs-AJnnRY.tmp/target/debug/deps/libenv_logger-75173f29843c9a52.rmeta --extern flate2=/private/var/folders/sg/wy47gw996f78fznt898m8x540000gn/T/cargo-mutants-flavor-rs-AJnnRY.tmp/target/debug/deps/libflate2-96cd3d855b9115ec.rmeta --extern fs2=/private/var/folders/sg/wy47gw996f78fznt898m8x540000gn/T/cargo-mutants-flavor-rs-AJnnRY.tmp/target/debug/deps/libfs2-71900ee401453af8.rmeta --extern gethostname=/private/var/folders/sg/wy47gw996f78fznt898m8x540000gn/T/cargo-mutants-flavor-rs-AJnnRY.tmp/target/debug/deps/libgethostname-e6576ba3912663df.rmeta --extern glob=/private/var/folders/sg/wy47gw996f78fznt898m8x540000gn/T/cargo-mutants-flavor-rs-AJnnRY.tmp/target/debug/deps/libglob-56daeb017c976e69.rmeta --extern hex=/private/var/folders/sg/wy47gw996f78fznt898m8x540000gn/T/cargo-mutants-flavor-rs-AJnnRY.tmp/target/debug/deps/libhex-6a16846156d7c862.rmeta --extern libc=/private/var/folders/sg/wy47gw996f78fznt898m8x540000gn/T/cargo-mutants-flavor-rs-AJnnRY.tmp/target/debug/deps/liblibc-26979bb06dae4666.rmeta --extern log=/private/var/folders/sg/wy47gw996f78fznt898m8x540000gn/T/cargo-mutants-flavor-rs-AJnnRY.tmp/target/debug/deps/liblog-8a7d20b8c005bc83.rmeta --extern memmap2=/private/var/folders/sg/wy47gw996f78fznt898m8x540000gn/T/cargo-mutants-flavor-rs-AJnnRY.tmp/target/debug/deps/libmemmap2-413e3a480d8f5878.rmeta --extern pem=/private/var/folders/sg/wy47gw996f78fznt898m8x540000gn/T/cargo-mutants-flavor-rs-AJnnRY.tmp/target/debug/deps/libpem-baee24606d736ef7.rmeta --extern rand=/private/var/folders/sg/wy47gw996f78fznt898m8x540000gn/T/cargo-mutants-flavor-rs-AJnnRY.tmp/target/debug/deps/librand-a25bcd883a2e2285.rmeta --extern serde=/private/var/folders/sg/wy47gw996f78fznt898m8x540000gn/T/cargo-mutants-flavor-rs-AJnnRY.tmp/target/debug/deps/libserde-02be1dd65d3ef57a.rmeta --extern serde_json=/private/var/folders/sg/wy47gw996f78fznt898m8x540000gn/T/cargo-mutants-flavor-rs-AJnnRY.tmp/target/debug/deps/libserde_json-469eaea1fff499db.rmeta --extern sha2=/private/var/folders/sg/wy47gw996f78fznt898m8x540000gn/T/cargo-mutants-flavor-rs-AJnnRY.tmp/target/debug/deps/libsha2-28b9a530c85e9fef.rmeta --extern signal_hook=/private/var/folders/sg/wy47gw996f78fznt898m8x540000gn/T/cargo-mutants-flavor-rs-AJnnRY.tmp/target/debug/deps/libsignal_hook-0a34b12e866764fc.rmeta --extern tar=/private/var/folders/sg/wy47gw996f78fznt898m8x540000gn/T/cargo-mutants-flavor-rs-AJnnRY.tmp/target/debug/deps/libtar-9468371f38505d5a.rmeta --extern tempfile=/private/var/folders/sg/wy47gw996f78fznt898m8x540000gn/T/cargo-mutants-flavor-rs-AJnnRY.tmp/target/debug/deps/libtempfile-f67b0e214d8dd2e3.rmeta --extern which=/private/var/folders/sg/wy47gw996f78fznt898m8x540000gn/T/cargo-mutants-flavor-rs-AJnnRY.tmp/target/debug/deps/libwhich-a2a3c9536beaf592.rmeta`
     Running `/Users/tim/.rustup/toolchains/stable-aarch64-apple-darwin/bin/rustc --crate-name flavor_rs_builder --edition=2024 src/bin/flavor-rs-builder.rs --error-format=json --json=diagnostic-rendered-ansi,artifacts,future-incompat --emit=dep-info,link -C embed-bitcode=no -C debuginfo=2 -C split-debuginfo=unpacked --test --cfg 'feature="default"' --check-cfg 'cfg(docsrs,test)' --check-cfg 'cfg(feature, values("default"))' -C metadata=069fa1d69c2b4683 -C extra-filename=-8b703e7e9be23f48 --out-dir /private/var/folders/sg/wy47gw996f78fznt898m8x540000gn/T/cargo-mutants-flavor-rs-AJnnRY.tmp/target/debug/deps -C incremental=/private/var/folders/sg/wy47gw996f78fznt898m8x540000gn/T/cargo-mutants-flavor-rs-AJnnRY.tmp/target/debug/incremental -L dependency=/private/var/folders/sg/wy47gw996f78fznt898m8x540000gn/T/cargo-mutants-flavor-rs-AJnnRY.tmp/target/debug/deps --extern adler2=/private/var/folders/sg/wy47gw996f78fznt898m8x540000gn/T/cargo-mutants-flavor-rs-AJnnRY.tmp/target/debug/deps/libadler2-1237be17f08066aa.rlib --extern anyhow=/private/var/folders/sg/wy47gw996f78fznt898m8x540000gn/T/cargo-mutants-flavor-rs-AJnnRY.tmp/target/debug/deps/libanyhow-d9b6d410a1361442.rlib --extern chrono=/private/var/folders/sg/wy47gw996f78fznt898m8x540000gn/T/cargo-mutants-flavor-rs-AJnnRY.tmp/target/debug/deps/libchrono-b7affcfd136ee226.rlib --extern clap=/private/var/folders/sg/wy47gw996f78fznt898m8x540000gn/T/cargo-mutants-flavor-rs-AJnnRY.tmp/target/debug/deps/libclap-c2746911242c53dc.rlib --extern ed25519_dalek=/private/var/folders/sg/wy47gw996f78fznt898m8x540000gn/T/cargo-mutants-flavor-rs-AJnnRY.tmp/target/debug/deps/libed25519_dalek-42293ea3dc57f31c.rlib --extern env_logger=/private/var/folders/sg/wy47gw996f78fznt898m8x540000gn/T/cargo-mutants-flavor-rs-AJnnRY.tmp/target/debug/deps/libenv_logger-75173f29843c9a52.rlib --extern flate2=/private/var/folders/sg/wy47gw996f78fznt898m8x540000gn/T/cargo-mutants-flavor-rs-AJnnRY.tmp/target/debug/deps/libflate2-96cd3d855b9115ec.rlib --extern flavor=/private/var/folders/sg/wy47gw996f78fznt898m8x540000gn/T/cargo-mutants-flavor-rs-AJnnRY.tmp/target/debug/deps/libflavor-88d82f8937f7a117.rlib --extern fs2=/private/var/folders/sg/wy47gw996f78fznt898m8x540000gn/T/cargo-mutants-flavor-rs-AJnnRY.tmp/target/debug/deps/libfs2-71900ee401453af8.rlib --extern gethostname=/private/var/folders/sg/wy47gw996f78fznt898m8x540000gn/T/cargo-mutants-flavor-rs-AJnnRY.tmp/target/debug/deps/libgethostname-e6576ba3912663df.rlib --extern glob=/private/var/folders/sg/wy47gw996f78fznt898m8x540000gn/T/cargo-mutants-flavor-rs-AJnnRY.tmp/target/debug/deps/libglob-56daeb017c976e69.rlib --extern hex=/private/var/folders/sg/wy47gw996f78fznt898m8x540000gn/T/cargo-mutants-flavor-rs-AJnnRY.tmp/target/debug/deps/libhex-6a16846156d7c862.rlib --extern libc=/private/var/folders/sg/wy47gw996f78fznt898m8x540000gn/T/cargo-mutants-flavor-rs-AJnnRY.tmp/target/debug/deps/liblibc-26979bb06dae4666.rlib --extern log=/private/var/folders/sg/wy47gw996f78fznt898m8x540000gn/T/cargo-mutants-flavor-rs-AJnnRY.tmp/target/debug/deps/liblog-8a7d20b8c005bc83.rlib --extern memmap2=/private/var/folders/sg/wy47gw996f78fznt898m8x540000gn/T/cargo-mutants-flavor-rs-AJnnRY.tmp/target/debug/deps/libmemmap2-413e3a480d8f5878.rlib --extern pem=/private/var/folders/sg/wy47gw996f78fznt898m8x540000gn/T/cargo-mutants-flavor-rs-AJnnRY.tmp/target/debug/deps/libpem-baee24606d736ef7.rlib --extern proptest=/private/var/folders/sg/wy47gw996f78fznt898m8x540000gn/T/cargo-mutants-flavor-rs-AJnnRY.tmp/target/debug/deps/libproptest-387450d3dcbd40ff.rlib --extern rand=/private/var/folders/sg/wy47gw996f78fznt898m8x540000gn/T/cargo-mutants-flavor-rs-AJnnRY.tmp/target/debug/deps/librand-a25bcd883a2e2285.rlib --extern serde=/private/var/folders/sg/wy47gw996f78fznt898m8x540000gn/T/cargo-mutants-flavor-rs-AJnnRY.tmp/target/debug/deps/libserde-02be1dd65d3ef57a.rlib --extern serde_json=/private/var/folders/sg/wy47gw996f78fznt898m8x540000gn/T/cargo-mutants-flavor-rs-AJnnRY.tmp/target/debug/deps/libserde_json-469eaea1fff499db.rlib --extern sha2=/private/var/folders/sg/wy47gw996f78fznt898m8x540000gn/T/cargo-mutants-flavor-rs-AJnnRY.tmp/target/debug/deps/libsha2-28b9a530c85e9fef.rlib --extern signal_hook=/private/var/folders/sg/wy47gw996f78fznt898m8x540000gn/T/cargo-mutants-flavor-rs-AJnnRY.tmp/target/debug/deps/libsignal_hook-0a34b12e866764fc.rlib --extern tar=/private/var/folders/sg/wy47gw996f78fznt898m8x540000gn/T/cargo-mutants-flavor-rs-AJnnRY.tmp/target/debug/deps/libtar-9468371f38505d5a.rlib --extern tempfile=/private/var/folders/sg/wy47gw996f78fznt898m8x540000gn/T/cargo-mutants-flavor-rs-AJnnRY.tmp/target/debug/deps/libtempfile-f67b0e214d8dd2e3.rlib --extern which=/private/var/folders/sg/wy47gw996f78fznt898m8x540000gn/T/cargo-mutants-flavor-rs-AJnnRY.tmp/target/debug/deps/libwhich-a2a3c9536beaf592.rlib`
     Running `/Users/tim/.rustup/toolchains/stable-aarch64-apple-darwin/bin/rustc --crate-name flavor_rs_launcher --edition=2024 src/bin/flavor-rs-launcher.rs --error-format=json --json=diagnostic-rendered-ansi,artifacts,future-incompat --emit=dep-info,link -C embed-bitcode=no -C debuginfo=2 -C split-debuginfo=unpacked --test --cfg 'feature="default"' --check-cfg 'cfg(docsrs,test)' --check-cfg 'cfg(feature, values("default"))' -C metadata=1e86bd574fcae1c3 -C extra-filename=-30d5c8f9cc0f7e8a --out-dir /private/var/folders/sg/wy47gw996f78fznt898m8x540000gn/T/cargo-mutants-flavor-rs-AJnnRY.tmp/target/debug/deps -C incremental=/private/var/folders/sg/wy47gw996f78fznt898m8x540000gn/T/cargo-mutants-flavor-rs-AJnnRY.tmp/target/debug/incremental -L dependency=/private/var/folders/sg/wy47gw996f78fznt898m8x540000gn/T/cargo-mutants-flavor-rs-AJnnRY.tmp/target/debug/deps --extern adler2=/private/var/folders/sg/wy47gw996f78fznt898m8x540000gn/T/cargo-mutants-flavor-rs-AJnnRY.tmp/target/debug/deps/libadler2-1237be17f08066aa.rlib --extern anyhow=/private/var/folders/sg/wy47gw996f78fznt898m8x540000gn/T/cargo-mutants-flavor-rs-AJnnRY.tmp/target/debug/deps/libanyhow-d9b6d410a1361442.rlib --extern chrono=/private/var/folders/sg/wy47gw996f78fznt898m8x540000gn/T/cargo-mutants-flavor-rs-AJnnRY.tmp/target/debug/deps/libchrono-b7affcfd136ee226.rlib --extern clap=/private/var/folders/sg/wy47gw996f78fznt898m8x540000gn/T/cargo-mutants-flavor-rs-AJnnRY.tmp/target/debug/deps/libclap-c2746911242c53dc.rlib --extern ed25519_dalek=/private/var/folders/sg/wy47gw996f78fznt898m8x540000gn/T/cargo-mutants-flavor-rs-AJnnRY.tmp/target/debug/deps/libed25519_dalek-42293ea3dc57f31c.rlib --extern env_logger=/private/var/folders/sg/wy47gw996f78fznt898m8x540000gn/T/cargo-mutants-flavor-rs-AJnnRY.tmp/target/debug/deps/libenv_logger-75173f29843c9a52.rlib --extern flate2=/private/var/folders/sg/wy47gw996f78fznt898m8x540000gn/T/cargo-mutants-flavor-rs-AJnnRY.tmp/target/debug/deps/libflate2-96cd3d855b9115ec.rlib --extern flavor=/private/var/folders/sg/wy47gw996f78fznt898m8x540000gn/T/cargo-mutants-flavor-rs-AJnnRY.tmp/target/debug/deps/libflavor-88d82f8937f7a117.rlib --extern fs2=/private/var/folders/sg/wy47gw996f78fznt898m8x540000gn/T/cargo-mutants-flavor-rs-AJnnRY.tmp/target/debug/deps/libfs2-71900ee401453af8.rlib --extern gethostname=/private/var/folders/sg/wy47gw996f78fznt898m8x540000gn/T/cargo-mutants-flavor-rs-AJnnRY.tmp/target/debug/deps/libgethostname-e6576ba3912663df.rlib --extern glob=/private/var/folders/sg/wy47gw996f78fznt898m8x540000gn/T/cargo-mutants-flavor-rs-AJnnRY.tmp/target/debug/deps/libglob-56daeb017c976e69.rlib --extern hex=/private/var/folders/sg/wy47gw996f78fznt898m8x540000gn/T/cargo-mutants-flavor-rs-AJnnRY.tmp/target/debug/deps/libhex-6a16846156d7c862.rlib --extern libc=/private/var/folders/sg/wy47gw996f78fznt898m8x540000gn/T/cargo-mutants-flavor-rs-AJnnRY.tmp/target/debug/deps/liblibc-26979bb06dae4666.rlib --extern log=/private/var/folders/sg/wy47gw996f78fznt898m8x540000gn/T/cargo-mutants-flavor-rs-AJnnRY.tmp/target/debug/deps/liblog-8a7d20b8c005bc83.rlib --extern memmap2=/private/var/folders/sg/wy47gw996f78fznt898m8x540000gn/T/cargo-mutants-flavor-rs-AJnnRY.tmp/target/debug/deps/libmemmap2-413e3a480d8f5878.rlib --extern pem=/private/var/folders/sg/wy47gw996f78fznt898m8x540000gn/T/cargo-mutants-flavor-rs-AJnnRY.tmp/target/debug/deps/libpem-baee24606d736ef7.rlib --extern proptest=/private/var/folders/sg/wy47gw996f78fznt898m8x540000gn/T/cargo-mutants-flavor-rs-AJnnRY.tmp/target/debug/deps/libproptest-387450d3dcbd40ff.rlib --extern rand=/private/var/folders/sg/wy47gw996f78fznt898m8x540000gn/T/cargo-mutants-flavor-rs-AJnnRY.tmp/target/debug/deps/librand-a25bcd883a2e2285.rlib --extern serde=/private/var/folders/sg/wy47gw996f78fznt898m8x540000gn/T/cargo-mutants-flavor-rs-AJnnRY.tmp/target/debug/deps/libserde-02be1dd65d3ef57a.rlib --extern serde_json=/private/var/folders/sg/wy47gw996f78fznt898m8x540000gn/T/cargo-mutants-flavor-rs-AJnnRY.tmp/target/debug/deps/libserde_json-469eaea1fff499db.rlib --extern sha2=/private/var/folders/sg/wy47gw996f78fznt898m8x540000gn/T/cargo-mutants-flavor-rs-AJnnRY.tmp/target/debug/deps/libsha2-28b9a530c85e9fef.rlib --extern signal_hook=/private/var/folders/sg/wy47gw996f78fznt898m8x540000gn/T/cargo-mutants-flavor-rs-AJnnRY.tmp/target/debug/deps/libsignal_hook-0a34b12e866764fc.rlib --extern tar=/private/var/folders/sg/wy47gw996f78fznt898m8x540000gn/T/cargo-mutants-flavor-rs-AJnnRY.tmp/target/debug/deps/libtar-9468371f38505d5a.rlib --extern tempfile=/private/var/folders/sg/wy47gw996f78fznt898m8x540000gn/T/cargo-mutants-flavor-rs-AJnnRY.tmp/target/debug/deps/libtempfile-f67b0e214d8dd2e3.rlib --extern which=/private/var/folders/sg/wy47gw996f78fznt898m8x540000gn/T/cargo-mutants-flavor-rs-AJnnRY.tmp/target/debug/deps/libwhich-a2a3c9536beaf592.rlib`
    Finished `test` profile [unoptimized + debuginfo] target(s) in 1.48s
  Executable `/private/var/folders/sg/wy47gw996f78fznt898m8x540000gn/T/cargo-mutants-flavor-rs-AJnnRY.tmp/target/debug/deps/flavor-19035fd48ff337ba`
  Executable `/private/var/folders/sg/wy47gw996f78fznt898m8x540000gn/T/cargo-mutants-flavor-rs-AJnnRY.tmp/target/debug/deps/flavor_rs_builder-8b703e7e9be23f48`
  Executable `/private/var/folders/sg/wy47gw996f78fznt898m8x540000gn/T/cargo-mutants-flavor-rs-AJnnRY.tmp/target/debug/deps/flavor_rs_launcher-30d5c8f9cc0f7e8a`

*** result: Success

*** /Users/tim/.rustup/toolchains/stable-aarch64-apple-darwin/bin/cargo test --verbose --package=flavor@0.3.21 --all-features
       Fresh cfg-if v1.0.4
       Fresh bitflags v2.11.0
       Fresh version_check v0.9.5
       Fresh unicode-ident v1.0.24
       Fresh memchr v2.8.0
       Fresh regex-syntax v0.8.10
       Fresh semver v1.0.27
       Fresh autocfg v1.5.0
       Fresh utf8parse v0.2.2
       Fresh anstyle-query v1.1.5
       Fresh is_terminal_polyfill v1.70.2
       Fresh colorchoice v1.0.5
       Fresh anstyle v1.0.14
       Fresh fastrand v2.3.0
       Fresh once_cell v1.21.4
       Fresh libc v0.2.183
       Fresh rustc_version v0.4.1
       Fresh anstyle-parse v1.0.0
       Fresh aho-corasick v1.1.4
       Fresh log v0.4.29
       Fresh strsim v0.11.1
       Fresh simd-adler32 v0.3.9
       Fresh heck v0.5.0
       Fresh adler2 v2.0.1
       Fresh errno v0.3.14
       Fresh typenum v1.19.0
       Fresh proc-macro2 v1.0.106
       Fresh zerocopy v0.8.48
       Fresh getrandom v0.3.4
       Fresh regex-automata v0.4.14
       Fresh getrandom v0.4.2
       Fresh anstream v1.0.0
       Fresh getrandom v0.2.17
       Fresh cpufeatures v0.2.17
       Fresh serde_core v1.0.228
       Fresh clap_lex v1.1.0
       Fresh zeroize v1.8.2
       Fresh core-foundation-sys v0.8.7
       Fresh subtle v2.6.1
       Fresh signature v2.2.0
       Fresh wait-timeout v0.2.1
       Fresh generic-array v0.14.7
       Fresh rustix v1.1.4
       Fresh quote v1.0.45
       Fresh ppv-lite86 v0.2.21
       Fresh rand_core v0.9.5
       Fresh num-traits v0.2.19
       Fresh regex v1.12.3
       Fresh rand_core v0.6.4
       Fresh rustix v0.38.44
       Fresh crc32fast v1.5.0
       Fresh signal-hook-registry v1.4.8
       Fresh ed25519 v2.2.3
       Fresh iana-time-zone v0.1.65
       Fresh zmij v1.0.21
       Fresh clap_builder v4.6.0
       Fresh miniz_oxide v0.8.9
       Fresh filetime v0.2.27
       Fresh quick-error v1.2.3
       Fresh jiff v0.2.23
       Fresh base64 v0.22.1
       Fresh bit-vec v0.8.0
       Fresh fnv v1.0.7
       Fresh crypto-common v0.1.7
       Fresh syn v2.0.117
       Fresh block-buffer v0.10.4
       Fresh tempfile v3.27.0
       Fresh rand_chacha v0.3.1
       Fresh xattr v1.6.1
       Fresh env_filter v1.0.1
       Fresh home v0.5.11
       Fresh either v1.15.0
       Fresh itoa v1.0.18
       Fresh signal-hook v0.3.18
       Fresh rand_chacha v0.9.0
       Fresh rand_xorshift v0.4.0
       Fresh pem v3.0.6
       Fresh chrono v0.4.44
       Fresh flate2 v1.1.9
       Fresh rand v0.9.2
       Fresh bit-set v0.8.0
       Fresh gethostname v0.5.0
       Fresh anyhow v1.0.102
       Fresh fs2 v0.4.3
       Fresh memmap2 v0.9.10
       Fresh unarray v0.1.4
       Fresh glob v0.3.3
       Fresh digest v0.10.7
       Fresh clap_derive v4.6.0
       Fresh serde_derive v1.0.228
       Fresh env_logger v0.11.10
       Fresh which v6.0.3
       Fresh tar v0.4.45
       Dirty flavor v0.3.21 (/private/var/folders/sg/wy47gw996f78fznt898m8x540000gn/T/cargo-mutants-flavor-rs-AJnnRY.tmp): the file `../../VERSION` is missing
   Compiling flavor v0.3.21 (/private/var/folders/sg/wy47gw996f78fznt898m8x540000gn/T/cargo-mutants-flavor-rs-AJnnRY.tmp)
       Fresh serde_json v1.0.149
       Fresh rand v0.8.5
       Fresh rusty-fork v0.3.1
       Fresh hex v0.4.3
     Running `/private/var/folders/sg/wy47gw996f78fznt898m8x540000gn/T/cargo-mutants-flavor-rs-AJnnRY.tmp/target/debug/build/flavor-d6cea4267b429fe1/build-script-build`
       Fresh sha2 v0.10.9
       Fresh curve25519-dalek v4.1.3
       Fresh serde v1.0.228
       Fresh clap v4.6.0
       Fresh proptest v1.11.0
       Fresh ed25519-dalek v2.2.0
     Running `/Users/tim/.rustup/toolchains/stable-aarch64-apple-darwin/bin/rustc --crate-name flavor --edition=2024 src/lib.rs --error-format=json --json=diagnostic-rendered-ansi,artifacts,future-incompat --emit=dep-info,link -C embed-bitcode=no -C debuginfo=2 -C split-debuginfo=unpacked --test --cfg 'feature="default"' --check-cfg 'cfg(docsrs,test)' --check-cfg 'cfg(feature, values("default"))' -C metadata=b72348e8a9d7df2e -C extra-filename=-19035fd48ff337ba --out-dir /private/var/folders/sg/wy47gw996f78fznt898m8x540000gn/T/cargo-mutants-flavor-rs-AJnnRY.tmp/target/debug/deps -C incremental=/private/var/folders/sg/wy47gw996f78fznt898m8x540000gn/T/cargo-mutants-flavor-rs-AJnnRY.tmp/target/debug/incremental -L dependency=/private/var/folders/sg/wy47gw996f78fznt898m8x540000gn/T/cargo-mutants-flavor-rs-AJnnRY.tmp/target/debug/deps --extern adler2=/private/var/folders/sg/wy47gw996f78fznt898m8x540000gn/T/cargo-mutants-flavor-rs-AJnnRY.tmp/target/debug/deps/libadler2-1237be17f08066aa.rlib --extern anyhow=/private/var/folders/sg/wy47gw996f78fznt898m8x540000gn/T/cargo-mutants-flavor-rs-AJnnRY.tmp/target/debug/deps/libanyhow-d9b6d410a1361442.rlib --extern chrono=/private/var/folders/sg/wy47gw996f78fznt898m8x540000gn/T/cargo-mutants-flavor-rs-AJnnRY.tmp/target/debug/deps/libchrono-b7affcfd136ee226.rlib --extern clap=/private/var/folders/sg/wy47gw996f78fznt898m8x540000gn/T/cargo-mutants-flavor-rs-AJnnRY.tmp/target/debug/deps/libclap-c2746911242c53dc.rlib --extern ed25519_dalek=/private/var/folders/sg/wy47gw996f78fznt898m8x540000gn/T/cargo-mutants-flavor-rs-AJnnRY.tmp/target/debug/deps/libed25519_dalek-42293ea3dc57f31c.rlib --extern env_logger=/private/var/folders/sg/wy47gw996f78fznt898m8x540000gn/T/cargo-mutants-flavor-rs-AJnnRY.tmp/target/debug/deps/libenv_logger-75173f29843c9a52.rlib --extern flate2=/private/var/folders/sg/wy47gw996f78fznt898m8x540000gn/T/cargo-mutants-flavor-rs-AJnnRY.tmp/target/debug/deps/libflate2-96cd3d855b9115ec.rlib --extern fs2=/private/var/folders/sg/wy47gw996f78fznt898m8x540000gn/T/cargo-mutants-flavor-rs-AJnnRY.tmp/target/debug/deps/libfs2-71900ee401453af8.rlib --extern gethostname=/private/var/folders/sg/wy47gw996f78fznt898m8x540000gn/T/cargo-mutants-flavor-rs-AJnnRY.tmp/target/debug/deps/libgethostname-e6576ba3912663df.rlib --extern glob=/private/var/folders/sg/wy47gw996f78fznt898m8x540000gn/T/cargo-mutants-flavor-rs-AJnnRY.tmp/target/debug/deps/libglob-56daeb017c976e69.rlib --extern hex=/private/var/folders/sg/wy47gw996f78fznt898m8x540000gn/T/cargo-mutants-flavor-rs-AJnnRY.tmp/target/debug/deps/libhex-6a16846156d7c862.rlib --extern libc=/private/var/folders/sg/wy47gw996f78fznt898m8x540000gn/T/cargo-mutants-flavor-rs-AJnnRY.tmp/target/debug/deps/liblibc-26979bb06dae4666.rlib --extern log=/private/var/folders/sg/wy47gw996f78fznt898m8x540000gn/T/cargo-mutants-flavor-rs-AJnnRY.tmp/target/debug/deps/liblog-8a7d20b8c005bc83.rlib --extern memmap2=/private/var/folders/sg/wy47gw996f78fznt898m8x540000gn/T/cargo-mutants-flavor-rs-AJnnRY.tmp/target/debug/deps/libmemmap2-413e3a480d8f5878.rlib --extern pem=/private/var/folders/sg/wy47gw996f78fznt898m8x540000gn/T/cargo-mutants-flavor-rs-AJnnRY.tmp/target/debug/deps/libpem-baee24606d736ef7.rlib --extern proptest=/private/var/folders/sg/wy47gw996f78fznt898m8x540000gn/T/cargo-mutants-flavor-rs-AJnnRY.tmp/target/debug/deps/libproptest-387450d3dcbd40ff.rlib --extern rand=/private/var/folders/sg/wy47gw996f78fznt898m8x540000gn/T/cargo-mutants-flavor-rs-AJnnRY.tmp/target/debug/deps/librand-a25bcd883a2e2285.rlib --extern serde=/private/var/folders/sg/wy47gw996f78fznt898m8x540000gn/T/cargo-mutants-flavor-rs-AJnnRY.tmp/target/debug/deps/libserde-02be1dd65d3ef57a.rlib --extern serde_json=/private/var/folders/sg/wy47gw996f78fznt898m8x540000gn/T/cargo-mutants-flavor-rs-AJnnRY.tmp/target/debug/deps/libserde_json-469eaea1fff499db.rlib --extern sha2=/private/var/folders/sg/wy47gw996f78fznt898m8x540000gn/T/cargo-mutants-flavor-rs-AJnnRY.tmp/target/debug/deps/libsha2-28b9a530c85e9fef.rlib --extern signal_hook=/private/var/folders/sg/wy47gw996f78fznt898m8x540000gn/T/cargo-mutants-flavor-rs-AJnnRY.tmp/target/debug/deps/libsignal_hook-0a34b12e866764fc.rlib --extern tar=/private/var/folders/sg/wy47gw996f78fznt898m8x540000gn/T/cargo-mutants-flavor-rs-AJnnRY.tmp/target/debug/deps/libtar-9468371f38505d5a.rlib --extern tempfile=/private/var/folders/sg/wy47gw996f78fznt898m8x540000gn/T/cargo-mutants-flavor-rs-AJnnRY.tmp/target/debug/deps/libtempfile-f67b0e214d8dd2e3.rlib --extern which=/private/var/folders/sg/wy47gw996f78fznt898m8x540000gn/T/cargo-mutants-flavor-rs-AJnnRY.tmp/target/debug/deps/libwhich-a2a3c9536beaf592.rlib`
     Running `/Users/tim/.rustup/toolchains/stable-aarch64-apple-darwin/bin/rustc --crate-name flavor --edition=2024 src/lib.rs --error-format=json --json=diagnostic-rendered-ansi,artifacts,future-incompat --crate-type lib --emit=dep-info,metadata,link -C embed-bitcode=no -C debuginfo=2 -C split-debuginfo=unpacked --cfg 'feature="default"' --check-cfg 'cfg(docsrs,test)' --check-cfg 'cfg(feature, values("default"))' -C metadata=638a3856e0fcd0df -C extra-filename=-88d82f8937f7a117 --out-dir /private/var/folders/sg/wy47gw996f78fznt898m8x540000gn/T/cargo-mutants-flavor-rs-AJnnRY.tmp/target/debug/deps -C incremental=/private/var/folders/sg/wy47gw996f78fznt898m8x540000gn/T/cargo-mutants-flavor-rs-AJnnRY.tmp/target/debug/incremental -L dependency=/private/var/folders/sg/wy47gw996f78fznt898m8x540000gn/T/cargo-mutants-flavor-rs-AJnnRY.tmp/target/debug/deps --extern adler2=/private/var/folders/sg/wy47gw996f78fznt898m8x540000gn/T/cargo-mutants-flavor-rs-AJnnRY.tmp/target/debug/deps/libadler2-1237be17f08066aa.rmeta --extern anyhow=/private/var/folders/sg/wy47gw996f78fznt898m8x540000gn/T/cargo-mutants-flavor-rs-AJnnRY.tmp/target/debug/deps/libanyhow-d9b6d410a1361442.rmeta --extern chrono=/private/var/folders/sg/wy47gw996f78fznt898m8x540000gn/T/cargo-mutants-flavor-rs-AJnnRY.tmp/target/debug/deps/libchrono-b7affcfd136ee226.rmeta --extern clap=/private/var/folders/sg/wy47gw996f78fznt898m8x540000gn/T/cargo-mutants-flavor-rs-AJnnRY.tmp/target/debug/deps/libclap-c2746911242c53dc.rmeta --extern ed25519_dalek=/private/var/folders/sg/wy47gw996f78fznt898m8x540000gn/T/cargo-mutants-flavor-rs-AJnnRY.tmp/target/debug/deps/libed25519_dalek-42293ea3dc57f31c.rmeta --extern env_logger=/private/var/folders/sg/wy47gw996f78fznt898m8x540000gn/T/cargo-mutants-flavor-rs-AJnnRY.tmp/target/debug/deps/libenv_logger-75173f29843c9a52.rmeta --extern flate2=/private/var/folders/sg/wy47gw996f78fznt898m8x540000gn/T/cargo-mutants-flavor-rs-AJnnRY.tmp/target/debug/deps/libflate2-96cd3d855b9115ec.rmeta --extern fs2=/private/var/folders/sg/wy47gw996f78fznt898m8x540000gn/T/cargo-mutants-flavor-rs-AJnnRY.tmp/target/debug/deps/libfs2-71900ee401453af8.rmeta --extern gethostname=/private/var/folders/sg/wy47gw996f78fznt898m8x540000gn/T/cargo-mutants-flavor-rs-AJnnRY.tmp/target/debug/deps/libgethostname-e6576ba3912663df.rmeta --extern glob=/private/var/folders/sg/wy47gw996f78fznt898m8x540000gn/T/cargo-mutants-flavor-rs-AJnnRY.tmp/target/debug/deps/libglob-56daeb017c976e69.rmeta --extern hex=/private/var/folders/sg/wy47gw996f78fznt898m8x540000gn/T/cargo-mutants-flavor-rs-AJnnRY.tmp/target/debug/deps/libhex-6a16846156d7c862.rmeta --extern libc=/private/var/folders/sg/wy47gw996f78fznt898m8x540000gn/T/cargo-mutants-flavor-rs-AJnnRY.tmp/target/debug/deps/liblibc-26979bb06dae4666.rmeta --extern log=/private/var/folders/sg/wy47gw996f78fznt898m8x540000gn/T/cargo-mutants-flavor-rs-AJnnRY.tmp/target/debug/deps/liblog-8a7d20b8c005bc83.rmeta --extern memmap2=/private/var/folders/sg/wy47gw996f78fznt898m8x540000gn/T/cargo-mutants-flavor-rs-AJnnRY.tmp/target/debug/deps/libmemmap2-413e3a480d8f5878.rmeta --extern pem=/private/var/folders/sg/wy47gw996f78fznt898m8x540000gn/T/cargo-mutants-flavor-rs-AJnnRY.tmp/target/debug/deps/libpem-baee24606d736ef7.rmeta --extern rand=/private/var/folders/sg/wy47gw996f78fznt898m8x540000gn/T/cargo-mutants-flavor-rs-AJnnRY.tmp/target/debug/deps/librand-a25bcd883a2e2285.rmeta --extern serde=/private/var/folders/sg/wy47gw996f78fznt898m8x540000gn/T/cargo-mutants-flavor-rs-AJnnRY.tmp/target/debug/deps/libserde-02be1dd65d3ef57a.rmeta --extern serde_json=/private/var/folders/sg/wy47gw996f78fznt898m8x540000gn/T/cargo-mutants-flavor-rs-AJnnRY.tmp/target/debug/deps/libserde_json-469eaea1fff499db.rmeta --extern sha2=/private/var/folders/sg/wy47gw996f78fznt898m8x540000gn/T/cargo-mutants-flavor-rs-AJnnRY.tmp/target/debug/deps/libsha2-28b9a530c85e9fef.rmeta --extern signal_hook=/private/var/folders/sg/wy47gw996f78fznt898m8x540000gn/T/cargo-mutants-flavor-rs-AJnnRY.tmp/target/debug/deps/libsignal_hook-0a34b12e866764fc.rmeta --extern tar=/private/var/folders/sg/wy47gw996f78fznt898m8x540000gn/T/cargo-mutants-flavor-rs-AJnnRY.tmp/target/debug/deps/libtar-9468371f38505d5a.rmeta --extern tempfile=/private/var/folders/sg/wy47gw996f78fznt898m8x540000gn/T/cargo-mutants-flavor-rs-AJnnRY.tmp/target/debug/deps/libtempfile-f67b0e214d8dd2e3.rmeta --extern which=/private/var/folders/sg/wy47gw996f78fznt898m8x540000gn/T/cargo-mutants-flavor-rs-AJnnRY.tmp/target/debug/deps/libwhich-a2a3c9536beaf592.rmeta`
     Running `/Users/tim/.rustup/toolchains/stable-aarch64-apple-darwin/bin/rustc --crate-name flavor_rs_builder --edition=2024 src/bin/flavor-rs-builder.rs --error-format=json --json=diagnostic-rendered-ansi,artifacts,future-incompat --emit=dep-info,link -C embed-bitcode=no -C debuginfo=2 -C split-debuginfo=unpacked --test --cfg 'feature="default"' --check-cfg 'cfg(docsrs,test)' --check-cfg 'cfg(feature, values("default"))' -C metadata=069fa1d69c2b4683 -C extra-filename=-8b703e7e9be23f48 --out-dir /private/var/folders/sg/wy47gw996f78fznt898m8x540000gn/T/cargo-mutants-flavor-rs-AJnnRY.tmp/target/debug/deps -C incremental=/private/var/folders/sg/wy47gw996f78fznt898m8x540000gn/T/cargo-mutants-flavor-rs-AJnnRY.tmp/target/debug/incremental -L dependency=/private/var/folders/sg/wy47gw996f78fznt898m8x540000gn/T/cargo-mutants-flavor-rs-AJnnRY.tmp/target/debug/deps --extern adler2=/private/var/folders/sg/wy47gw996f78fznt898m8x540000gn/T/cargo-mutants-flavor-rs-AJnnRY.tmp/target/debug/deps/libadler2-1237be17f08066aa.rlib --extern anyhow=/private/var/folders/sg/wy47gw996f78fznt898m8x540000gn/T/cargo-mutants-flavor-rs-AJnnRY.tmp/target/debug/deps/libanyhow-d9b6d410a1361442.rlib --extern chrono=/private/var/folders/sg/wy47gw996f78fznt898m8x540000gn/T/cargo-mutants-flavor-rs-AJnnRY.tmp/target/debug/deps/libchrono-b7affcfd136ee226.rlib --extern clap=/private/var/folders/sg/wy47gw996f78fznt898m8x540000gn/T/cargo-mutants-flavor-rs-AJnnRY.tmp/target/debug/deps/libclap-c2746911242c53dc.rlib --extern ed25519_dalek=/private/var/folders/sg/wy47gw996f78fznt898m8x540000gn/T/cargo-mutants-flavor-rs-AJnnRY.tmp/target/debug/deps/libed25519_dalek-42293ea3dc57f31c.rlib --extern env_logger=/private/var/folders/sg/wy47gw996f78fznt898m8x540000gn/T/cargo-mutants-flavor-rs-AJnnRY.tmp/target/debug/deps/libenv_logger-75173f29843c9a52.rlib --extern flate2=/private/var/folders/sg/wy47gw996f78fznt898m8x540000gn/T/cargo-mutants-flavor-rs-AJnnRY.tmp/target/debug/deps/libflate2-96cd3d855b9115ec.rlib --extern flavor=/private/var/folders/sg/wy47gw996f78fznt898m8x540000gn/T/cargo-mutants-flavor-rs-AJnnRY.tmp/target/debug/deps/libflavor-88d82f8937f7a117.rlib --extern fs2=/private/var/folders/sg/wy47gw996f78fznt898m8x540000gn/T/cargo-mutants-flavor-rs-AJnnRY.tmp/target/debug/deps/libfs2-71900ee401453af8.rlib --extern gethostname=/private/var/folders/sg/wy47gw996f78fznt898m8x540000gn/T/cargo-mutants-flavor-rs-AJnnRY.tmp/target/debug/deps/libgethostname-e6576ba3912663df.rlib --extern glob=/private/var/folders/sg/wy47gw996f78fznt898m8x540000gn/T/cargo-mutants-flavor-rs-AJnnRY.tmp/target/debug/deps/libglob-56daeb017c976e69.rlib --extern hex=/private/var/folders/sg/wy47gw996f78fznt898m8x540000gn/T/cargo-mutants-flavor-rs-AJnnRY.tmp/target/debug/deps/libhex-6a16846156d7c862.rlib --extern libc=/private/var/folders/sg/wy47gw996f78fznt898m8x540000gn/T/cargo-mutants-flavor-rs-AJnnRY.tmp/target/debug/deps/liblibc-26979bb06dae4666.rlib --extern log=/private/var/folders/sg/wy47gw996f78fznt898m8x540000gn/T/cargo-mutants-flavor-rs-AJnnRY.tmp/target/debug/deps/liblog-8a7d20b8c005bc83.rlib --extern memmap2=/private/var/folders/sg/wy47gw996f78fznt898m8x540000gn/T/cargo-mutants-flavor-rs-AJnnRY.tmp/target/debug/deps/libmemmap2-413e3a480d8f5878.rlib --extern pem=/private/var/folders/sg/wy47gw996f78fznt898m8x540000gn/T/cargo-mutants-flavor-rs-AJnnRY.tmp/target/debug/deps/libpem-baee24606d736ef7.rlib --extern proptest=/private/var/folders/sg/wy47gw996f78fznt898m8x540000gn/T/cargo-mutants-flavor-rs-AJnnRY.tmp/target/debug/deps/libproptest-387450d3dcbd40ff.rlib --extern rand=/private/var/folders/sg/wy47gw996f78fznt898m8x540000gn/T/cargo-mutants-flavor-rs-AJnnRY.tmp/target/debug/deps/librand-a25bcd883a2e2285.rlib --extern serde=/private/var/folders/sg/wy47gw996f78fznt898m8x540000gn/T/cargo-mutants-flavor-rs-AJnnRY.tmp/target/debug/deps/libserde-02be1dd65d3ef57a.rlib --extern serde_json=/private/var/folders/sg/wy47gw996f78fznt898m8x540000gn/T/cargo-mutants-flavor-rs-AJnnRY.tmp/target/debug/deps/libserde_json-469eaea1fff499db.rlib --extern sha2=/private/var/folders/sg/wy47gw996f78fznt898m8x540000gn/T/cargo-mutants-flavor-rs-AJnnRY.tmp/target/debug/deps/libsha2-28b9a530c85e9fef.rlib --extern signal_hook=/private/var/folders/sg/wy47gw996f78fznt898m8x540000gn/T/cargo-mutants-flavor-rs-AJnnRY.tmp/target/debug/deps/libsignal_hook-0a34b12e866764fc.rlib --extern tar=/private/var/folders/sg/wy47gw996f78fznt898m8x540000gn/T/cargo-mutants-flavor-rs-AJnnRY.tmp/target/debug/deps/libtar-9468371f38505d5a.rlib --extern tempfile=/private/var/folders/sg/wy47gw996f78fznt898m8x540000gn/T/cargo-mutants-flavor-rs-AJnnRY.tmp/target/debug/deps/libtempfile-f67b0e214d8dd2e3.rlib --extern which=/private/var/folders/sg/wy47gw996f78fznt898m8x540000gn/T/cargo-mutants-flavor-rs-AJnnRY.tmp/target/debug/deps/libwhich-a2a3c9536beaf592.rlib`
     Running `/Users/tim/.rustup/toolchains/stable-aarch64-apple-darwin/bin/rustc --crate-name flavor_rs_launcher --edition=2024 src/bin/flavor-rs-launcher.rs --error-format=json --json=diagnostic-rendered-ansi,artifacts,future-incompat --emit=dep-info,link -C embed-bitcode=no -C debuginfo=2 -C split-debuginfo=unpacked --test --cfg 'feature="default"' --check-cfg 'cfg(docsrs,test)' --check-cfg 'cfg(feature, values("default"))' -C metadata=1e86bd574fcae1c3 -C extra-filename=-30d5c8f9cc0f7e8a --out-dir /private/var/folders/sg/wy47gw996f78fznt898m8x540000gn/T/cargo-mutants-flavor-rs-AJnnRY.tmp/target/debug/deps -C incremental=/private/var/folders/sg/wy47gw996f78fznt898m8x540000gn/T/cargo-mutants-flavor-rs-AJnnRY.tmp/target/debug/incremental -L dependency=/private/var/folders/sg/wy47gw996f78fznt898m8x540000gn/T/cargo-mutants-flavor-rs-AJnnRY.tmp/target/debug/deps --extern adler2=/private/var/folders/sg/wy47gw996f78fznt898m8x540000gn/T/cargo-mutants-flavor-rs-AJnnRY.tmp/target/debug/deps/libadler2-1237be17f08066aa.rlib --extern anyhow=/private/var/folders/sg/wy47gw996f78fznt898m8x540000gn/T/cargo-mutants-flavor-rs-AJnnRY.tmp/target/debug/deps/libanyhow-d9b6d410a1361442.rlib --extern chrono=/private/var/folders/sg/wy47gw996f78fznt898m8x540000gn/T/cargo-mutants-flavor-rs-AJnnRY.tmp/target/debug/deps/libchrono-b7affcfd136ee226.rlib --extern clap=/private/var/folders/sg/wy47gw996f78fznt898m8x540000gn/T/cargo-mutants-flavor-rs-AJnnRY.tmp/target/debug/deps/libclap-c2746911242c53dc.rlib --extern ed25519_dalek=/private/var/folders/sg/wy47gw996f78fznt898m8x540000gn/T/cargo-mutants-flavor-rs-AJnnRY.tmp/target/debug/deps/libed25519_dalek-42293ea3dc57f31c.rlib --extern env_logger=/private/var/folders/sg/wy47gw996f78fznt898m8x540000gn/T/cargo-mutants-flavor-rs-AJnnRY.tmp/target/debug/deps/libenv_logger-75173f29843c9a52.rlib --extern flate2=/private/var/folders/sg/wy47gw996f78fznt898m8x540000gn/T/cargo-mutants-flavor-rs-AJnnRY.tmp/target/debug/deps/libflate2-96cd3d855b9115ec.rlib --extern flavor=/private/var/folders/sg/wy47gw996f78fznt898m8x540000gn/T/cargo-mutants-flavor-rs-AJnnRY.tmp/target/debug/deps/libflavor-88d82f8937f7a117.rlib --extern fs2=/private/var/folders/sg/wy47gw996f78fznt898m8x540000gn/T/cargo-mutants-flavor-rs-AJnnRY.tmp/target/debug/deps/libfs2-71900ee401453af8.rlib --extern gethostname=/private/var/folders/sg/wy47gw996f78fznt898m8x540000gn/T/cargo-mutants-flavor-rs-AJnnRY.tmp/target/debug/deps/libgethostname-e6576ba3912663df.rlib --extern glob=/private/var/folders/sg/wy47gw996f78fznt898m8x540000gn/T/cargo-mutants-flavor-rs-AJnnRY.tmp/target/debug/deps/libglob-56daeb017c976e69.rlib --extern hex=/private/var/folders/sg/wy47gw996f78fznt898m8x540000gn/T/cargo-mutants-flavor-rs-AJnnRY.tmp/target/debug/deps/libhex-6a16846156d7c862.rlib --extern libc=/private/var/folders/sg/wy47gw996f78fznt898m8x540000gn/T/cargo-mutants-flavor-rs-AJnnRY.tmp/target/debug/deps/liblibc-26979bb06dae4666.rlib --extern log=/private/var/folders/sg/wy47gw996f78fznt898m8x540000gn/T/cargo-mutants-flavor-rs-AJnnRY.tmp/target/debug/deps/liblog-8a7d20b8c005bc83.rlib --extern memmap2=/private/var/folders/sg/wy47gw996f78fznt898m8x540000gn/T/cargo-mutants-flavor-rs-AJnnRY.tmp/target/debug/deps/libmemmap2-413e3a480d8f5878.rlib --extern pem=/private/var/folders/sg/wy47gw996f78fznt898m8x540000gn/T/cargo-mutants-flavor-rs-AJnnRY.tmp/target/debug/deps/libpem-baee24606d736ef7.rlib --extern proptest=/private/var/folders/sg/wy47gw996f78fznt898m8x540000gn/T/cargo-mutants-flavor-rs-AJnnRY.tmp/target/debug/deps/libproptest-387450d3dcbd40ff.rlib --extern rand=/private/var/folders/sg/wy47gw996f78fznt898m8x540000gn/T/cargo-mutants-flavor-rs-AJnnRY.tmp/target/debug/deps/librand-a25bcd883a2e2285.rlib --extern serde=/private/var/folders/sg/wy47gw996f78fznt898m8x540000gn/T/cargo-mutants-flavor-rs-AJnnRY.tmp/target/debug/deps/libserde-02be1dd65d3ef57a.rlib --extern serde_json=/private/var/folders/sg/wy47gw996f78fznt898m8x540000gn/T/cargo-mutants-flavor-rs-AJnnRY.tmp/target/debug/deps/libserde_json-469eaea1fff499db.rlib --extern sha2=/private/var/folders/sg/wy47gw996f78fznt898m8x540000gn/T/cargo-mutants-flavor-rs-AJnnRY.tmp/target/debug/deps/libsha2-28b9a530c85e9fef.rlib --extern signal_hook=/private/var/folders/sg/wy47gw996f78fznt898m8x540000gn/T/cargo-mutants-flavor-rs-AJnnRY.tmp/target/debug/deps/libsignal_hook-0a34b12e866764fc.rlib --extern tar=/private/var/folders/sg/wy47gw996f78fznt898m8x540000gn/T/cargo-mutants-flavor-rs-AJnnRY.tmp/target/debug/deps/libtar-9468371f38505d5a.rlib --extern tempfile=/private/var/folders/sg/wy47gw996f78fznt898m8x540000gn/T/cargo-mutants-flavor-rs-AJnnRY.tmp/target/debug/deps/libtempfile-f67b0e214d8dd2e3.rlib --extern which=/private/var/folders/sg/wy47gw996f78fznt898m8x540000gn/T/cargo-mutants-flavor-rs-AJnnRY.tmp/target/debug/deps/libwhich-a2a3c9536beaf592.rlib`
    Finished `test` profile [unoptimized + debuginfo] target(s) in 1.39s
     Running `/private/var/folders/sg/wy47gw996f78fznt898m8x540000gn/T/cargo-mutants-flavor-rs-AJnnRY.tmp/target/debug/deps/flavor-19035fd48ff337ba`

running 109 tests
test psp::format_2025::defaults::tests::get_validation_level_uses_env_override ... ok
test psp::format_2025::defaults::tests::get_validation_level_falls_back_to_strict_for_invalid_value ... ok
test logger::tests::parse_level_mode_handles_plain_and_json_levels ... ok
test logger::tests::parse_level_mode_defaults_json_mode_to_info ... ok
test logger::tests::parse_level_mode_defaults_invalid_json_level_to_trace ... ok
test psp::format_2025::defaults::tests::validation_level_rejects_unknown_values ... ok
test logger::tests::is_json_logging_tracks_environment_prefix ... ok
test logger::tests::init_with_level_json_mode_returns_actual_level_and_source ... ok
test psp::format_2025::defaults::tests::validation_level_roundtrips_all_known_values ... ok
test psp::format_2025::execution::commands::tests::test_shell_split_empty ... ok
test psp::format_2025::execution::commands::tests::test_build_workenv_path_without_existing_path_uses_only_bin_dir ... ok
test psp::format_2025::execution::commands::tests::test_shell_split_basic ... ok
test psp::format_2025::execution::commands::tests::test_shell_split_quoted ... ok
test psp::format_2025::checksums::tests::test_parse_checksum_prefixed_and_legacy_formats ... ok
test psp::format_2025::execution::commands::tests::test_shell_split_single_quoted ... ok
test psp::format_2025::checksums::tests::test_calculate_checksum_bytes_and_verify ... ok
test psp::format_2025::execution::commands::tests::test_run_command_path_has_correct_bin_dir_and_separator ... ok
test psp::format_2025::checksums::tests::test_calculate_checksum_streaming_and_blake2b_error ... ok
test psp::format_2025::extraction::tests::test_resolve_in_workenv_rejects_absolute_paths ... ok
test psp::format_2025::extraction::tests::test_resolve_in_workenv_rejects_parent_traversal ... ok
test psp::format_2025::launcher::command::tests::test_path_prepend_uses_correct_bin_dir_and_separator ... ok
test psp::format_2025::launcher::command::tests::test_platform_separator ... ok
test psp::format_2025::launcher::command::tests::test_path_not_set_uses_only_bin_dir ... {"@file":"unknown","@level":"info","@line":0,"@message":"stderr fallback","@module":"flavor::tests","@pid":9247,"@timestamp":"2026-03-31T20:28:01.354607Z"}
ok
{"@file":"src/psp/format_2025/execution/validation.rs","@level":"warn","@line":71,"@message":"⚠️ SECURITY WARNING: Package checksum mismatch! cached: deadbeef, current: cafebabe","@module":"flavor::psp::format_2025::execution::validation","@pid":9247,"@timestamp":"2026-03-31T20:28:01.355345Z"}
test psp::format_2025::crypto::tests::test_verify_signature_rejects_invalid_length ... {"@file":"src/psp/format_2025/index.rs","@level":"debug","@line":181,"@message":"Parsed metadata_offset: 0x0000000000000000 (0)","@module":"flavor::psp::format_2025::index","@pid":9247,"@timestamp":"2026-03-31T20:28:01.355700Z"}
ok
{"@file":"src/psp/format_2025/operations.rs","@level":"debug","@line":37,"@message":"✅ Operations packed: result=4097","@module":"flavor::psp::format_2025::operations","@pid":9247,"@timestamp":"2026-03-31T20:28:01.355535Z"}
test logger::tests::json_logger_handles_stderr_fallback_without_a_file ... ok
{"@file":"src/psp/format_2025/builder/slot_processor.rs","@level":"debug","@line":47,"@message":"🎰 Processing 1 slots","@module":"flavor::psp::format_2025::builder::slot_processor","@pid":9247,"@timestamp":"2026-03-31T20:28:01.355418Z"}
test psp::format_2025::launcher::workenv::tests::test_ensure_sufficient_disk_space_accepts_available_capacity ... ok
{"@file":"src/psp/format_2025/index.rs","@level":"debug","@line":181,"@message":"Parsed metadata_offset: 0x00000000000186a0 (100000)","@module":"flavor::psp::format_2025::index","@pid":9247,"@timestamp":"2026-03-31T20:28:01.355591Z"}
test psp::format_2025::launcher::workenv::tests::test_calculate_total_size_needed_uses_multiplier ... {"@file":"src/psp/format_2025/execution/validation.rs","@level":"warn","@line":75,"@message":"⚠️ Cache may be compromised or package has changed","@module":"flavor::psp::format_2025::execution::validation","@pid":9247,"@timestamp":"2026-03-31T20:28:01.355927Z"}
ok
{"@file":"src/psp/format_2025/builder/slot_processor.rs","@level":"debug","@line":47,"@message":"🎰 Processing 1 slots","@module":"flavor::psp::format_2025::builder::slot_processor","@pid":9247,"@timestamp":"2026-03-31T20:28:01.354835Z"}
{"@file":"src/psp/format_2025/execution/validation.rs","@level":"warn","@line":76,"@message":"⚠️ Continuing due to relaxed validation","@module":"flavor::psp::format_2025::execution::validation","@pid":9247,"@timestamp":"2026-03-31T20:28:01.356082Z"}
{"@file":"src/psp/format_2025/builder/slot_processor.rs","@level":"info","@line":181,"@message":"🔍 No FLAVOR_WORKENV_BASE, using CWD: /private/var/folders/sg/wy47gw996f78fznt898m8x540000gn/T/.tmpHcd3OO","@module":"flavor::psp::format_2025::builder::slot_processor","@pid":9247,"@timestamp":"2026-03-31T20:28:01.355848Z"}
{"@file":"src/psp/format_2025/builder/slot_processor.rs","@level":"info","@line":193,"@message":"📍 Slot path has no {workenv}: /var/folders/sg/wy47gw996f78fznt898m8x540000gn/T/.tmpoHT3ZW/payload.txt","@module":"flavor::psp::format_2025::builder::slot_processor","@pid":9247,"@timestamp":"2026-03-31T20:28:01.356060Z"}
{"@file":"src/psp/format_2025/index.rs","@level":"debug","@line":182,"@message":"Parsed metadata_size: 50000 bytes","@module":"flavor::psp::format_2025::index","@pid":9247,"@timestamp":"2026-03-31T20:28:01.356069Z"}
{"@file":"src/psp/format_2025/builder/slot_processor.rs","@level":"info","@line":185,"@message":"📍 Resolved slot path: {workenv}/nested/file.txt -> /private/var/folders/sg/wy47gw996f78fznt898m8x540000gn/T/.tmpHcd3OO/nested/file.txt (base: /private/var/folders/sg/wy47gw996f78fznt898m8x540000gn/T/.tmpHcd3OO)","@module":"flavor::psp::format_2025::builder::slot_processor","@pid":9247,"@timestamp":"2026-03-31T20:28:01.356148Z"}
test psp::format_2025::launcher::workenv::tests::test_ensure_sufficient_disk_space_rejects_insufficient_capacity ... {"@file":"src/psp/format_2025/builder/slot_processor.rs","@level":"debug","@line":47,"@message":"🎰 Processing 1 slots","@module":"flavor::psp::format_2025::builder::slot_processor","@pid":9247,"@timestamp":"2026-03-31T20:28:01.354779Z"}
ok
{"@file":"src/psp/format_2025/builder/slot_processor.rs","@level":"debug","@line":333,"@message":"📍 Slot 0: payload size 5 bytes, checksum 00000000deadbeef","@module":"flavor::psp::format_2025::builder::slot_processor","@pid":9247,"@timestamp":"2026-03-31T20:28:01.356039Z"}
test psp::format_2025::builder::slot_processor::tests::test_process_slots_rejects_slot_number_mismatch ... ok
{"@file":"src/psp/format_2025/index.rs","@level":"debug","@line":182,"@message":"Parsed metadata_size: 0 bytes","@module":"flavor::psp::format_2025::index","@pid":9247,"@timestamp":"2026-03-31T20:28:01.355924Z"}
test psp::format_2025::index::tests::test_pack_verify_with_values ... {"@file":"src/psp/format_2025/builder/slot_processor.rs","@level":"info","@line":197,"@message":"Attempting to open slot file at: \"/private/var/folders/sg/wy47gw996f78fznt898m8x540000gn/T/.tmpHcd3OO/nested/file.txt\"","@module":"flavor::psp::format_2025::builder::slot_processor","@pid":9247,"@timestamp":"2026-03-31T20:28:01.356188Z"}
ok
{"@file":"src/psp/format_2025/builder/slot_processor.rs","@level":"info","@line":197,"@message":"Attempting to open slot file at: \"/var/folders/sg/wy47gw996f78fznt898m8x540000gn/T/.tmpoHT3ZW/payload.txt\"","@module":"flavor::psp::format_2025::builder::slot_processor","@pid":9247,"@timestamp":"2026-03-31T20:28:01.356201Z"}
test psp::format_2025::crypto::tests::test_sign_and_verify_roundtrip ... ok{"@file":"src/psp/format_2025/execution/validation.rs","@level":"warn","@line":88,"@message":"⚠️ Package checksum mismatch, continuing with standard validation: cached: deadbeef, current: cafebabe","@module":"flavor::psp::format_2025::execution::validation","@pid":9247,"@timestamp":"2026-03-31T20:28:01.356226Z"}

{"@file":"src/psp/format_2025/builder/slot_processor.rs","@level":"info","@line":70,"@message":"✨ Slot 0 is self-referential ($SELF), skipping packaging","@module":"flavor::psp::format_2025::builder::slot_processor","@pid":9247,"@timestamp":"2026-03-31T20:28:01.356293Z"}
test psp::format_2025::index::tests::test_pack_verify_roundtrip ... {"@file":"src/psp/format_2025/execution/validation.rs","@level":"error","@line":95,"@message":"🚨 CRITICAL: Package checksum mismatch! cached: deadbeef, current: cafebabe","@module":"flavor::psp::format_2025::execution::validation","@pid":9247,"@timestamp":"2026-03-31T20:28:01.356492Z"}
ok
{"@file":"src/psp/format_2025/execution/validation.rs","@level":"debug","@line":205,"@message":"🔍 No extraction completion marker found","@module":"flavor::psp::format_2025::execution::validation","@pid":9247,"@timestamp":"2026-03-31T20:28:01.356352Z"}
{"@file":"src/psp/format_2025/operations.rs","@level":"debug","@line":37,"@message":"✅ Operations packed: result=0","@module":"flavor::psp::format_2025::operations","@pid":9247,"@timestamp":"2026-03-31T20:28:01.356410Z"}
{"@file":"src/psp/format_2025/operations.rs","@level":"debug","@line":37,"@message":"✅ Operations packed: result=4097","@module":"flavor::psp::format_2025::operations","@pid":9247,"@timestamp":"2026-03-31T20:28:01.356465Z"}
{"@file":"src/psp/format_2025/operations.rs","@level":"debug","@line":60,"@message":"✅ Operations unpacked: count=0 operations=[]","@module":"flavor::psp::format_2025::operations","@pid":9247,"@timestamp":"2026-03-31T20:28:01.356595Z"}
{"@file":"src/psp/format_2025/builder/slot_processor.rs","@level":"debug","@line":163,"@message":"✅ Processed 1 slots in 248.667µs","@module":"flavor::psp::format_2025::builder::slot_processor","@pid":9247,"@timestamp":"2026-03-31T20:28:01.356541Z"}
test api::tests::build_package_rejects_unknown_format ... {"@file":"src/psp/format_2025/operations.rs","@level":"debug","@line":37,"@message":"✅ Operations packed: result=4097","@module":"flavor::psp::format_2025::operations","@pid":9247,"@timestamp":"2026-03-31T20:28:01.356615Z"}
ok{"@file":"src/psp/format_2025/builder/slot_processor.rs","@level":"info","@line":248,"@message":"Slot 0: SHA256 checksum: sha256:4878649abe08d9faaa6f7b948502e4144ec4fb1859e108f6367d65254c7b983c","@module":"flavor::psp::format_2025::builder::slot_processor","@pid":9247,"@timestamp":"2026-03-31T20:28:01.356631Z"}

{"@file":"src/psp/format_2025/operations.rs","@level":"debug","@line":37,"@message":"✅ Operations packed: result=4097","@module":"flavor::psp::format_2025::operations","@pid":9247,"@timestamp":"2026-03-31T20:28:01.356362Z"}
test psp::format_2025::operations::tests::test_pack_multiple_operations ... ok{"@file":"src/psp/format_2025/operations.rs","@level":"debug","@line":60,"@message":"✅ Operations unpacked: count=2 operations=[1, 16]","@module":"flavor::psp::format_2025::operations","@pid":9247,"@timestamp":"2026-03-31T20:28:01.356661Z"}

{"@file":"src/psp/format_2025/execution/validation.rs","@level":"error","@line":100,"@message":"🚨 Cache may be compromised or package has changed","@module":"flavor::psp::format_2025::execution::validation","@pid":9247,"@timestamp":"2026-03-31T20:28:01.356531Z"}
test psp::format_2025::operations::tests::test_empty_operations ... ok
{"@file":"src/psp/format_2025/builder/slot_processor.rs","@level":"debug","@line":249,"@message":"Slot 0: SHA256 u64 (first 8 bytes): fad908be9a647848","@module":"flavor::psp::format_2025::builder::slot_processor","@pid":9247,"@timestamp":"2026-03-31T20:28:01.356673Z"}
{"@file":"src/psp/format_2025/execution/validation.rs","@level":"error","@line":101,"@message":"🚨 Refusing to continue. Set FLAVOR_VALIDATION=relaxed to bypass (NOT RECOMMENDED)","@module":"flavor::psp::format_2025::execution::validation","@pid":9247,"@timestamp":"2026-03-31T20:28:01.356967Z"}
test psp::format_2025::builder::slot_processor::tests::test_process_slots_self_ref_sets_defaults ... ok{"@file":"src/psp/format_2025/operations.rs","@level":"warn","@line":20,"@message":"⚠️ Too many operations, truncating to 8: provided=10","@module":"flavor::psp::format_2025::operations","@pid":9247,"@timestamp":"2026-03-31T20:28:01.356789Z"}

{"@file":"src/psp/format_2025/operations.rs","@level":"debug","@line":60,"@message":"✅ Operations unpacked: count=2 operations=[1, 16]","@module":"flavor::psp::format_2025::operations","@pid":9247,"@timestamp":"2026-03-31T20:28:01.356928Z"}
test api::tests::verify_package_rejects_unknown_format ... ok
{"@file":"src/psp/format_2025/operations.rs","@level":"debug","@line":37,"@message":"✅ Operations packed: result=16","@module":"flavor::psp::format_2025::operations","@pid":9247,"@timestamp":"2026-03-31T20:28:01.356517Z"}
test api::tests::detect_package_format_recognizes_pspf_magic_trailer ... ok
{"@file":"src/psp/format_2025/operations.rs","@level":"debug","@line":37,"@message":"✅ Operations packed: result=4097","@module":"flavor::psp::format_2025::operations","@pid":9247,"@timestamp":"2026-03-31T20:28:01.357004Z"}
test psp::format_2025::builder::slot_processor::tests::test_create_slot_descriptor_uses_default_permissions_for_invalid_octal ... ok
{"@file":"src/psp/format_2025/operations.rs","@level":"debug","@line":60,"@message":"✅ Operations unpacked: count=1 operations=[16]","@module":"flavor::psp::format_2025::operations","@pid":9247,"@timestamp":"2026-03-31T20:28:01.357019Z"}
{"@file":"src/psp/format_2025/operations.rs","@level":"debug","@line":37,"@message":"✅ Operations packed: result=578437695752307201","@module":"flavor::psp::format_2025::operations","@pid":9247,"@timestamp":"2026-03-31T20:28:01.357094Z"}
{"@file":"src/psp/format_2025/operations.rs","@level":"debug","@line":37,"@message":"✅ Operations packed: result=17506","@module":"flavor::psp::format_2025::operations","@pid":9247,"@timestamp":"2026-03-31T20:28:01.357163Z"}
test psp::format_2025::operations::tests::test_round_trip ... {"@file":"src/psp/format_2025/operations.rs","@level":"debug","@line":60,"@message":"✅ Operations unpacked: count=8 operations=[1, 2, 3, 4, 5, 6, 7, 8]","@module":"flavor::psp::format_2025::operations","@pid":9247,"@timestamp":"2026-03-31T20:28:01.357282Z"}
ok{"@file":"src/psp/format_2025/builder/slot_processor.rs","@level":"debug","@line":333,"@message":"📍 Slot 0: payload size 12 bytes, checksum fad908be9a647848","@module":"flavor::psp::format_2025::builder::slot_processor","@pid":9247,"@timestamp":"2026-03-31T20:28:01.357226Z"}

{"@file":"src/psp/format_2025/pe_utils.rs","@level":"debug","@line":88,"@message":"Detected Go binary with minimal DOS stub: pe_offset=0x80 (128 bytes)","@module":"flavor::psp::format_2025::pe_utils","@pid":9247,"@timestamp":"2026-03-31T20:28:01.357283Z"}
test api::tests::detect_package_format_rejects_plain_files ... ok{"@file":"src/psp/format_2025/operations.rs","@level":"debug","@line":60,"@message":"✅ Operations unpacked: count=8 operations=[30, 119, 169, 247, 43, 182, 223, 146]","@module":"flavor::psp::format_2025::operations","@pid":9247,"@timestamp":"2026-03-31T20:28:01.357173Z"}

{"@file":"src/psp/format_2025/operations.rs","@level":"debug","@line":37,"@message":"✅ Operations packed: result=10583377949298882334","@module":"flavor::psp::format_2025::operations","@pid":9247,"@timestamp":"2026-03-31T20:28:01.357501Z"}
test psp::format_2025::execution::validation::tests::validate_package_checksum_mismatch_varies_by_validation_level ... ok{"@file":"src/psp/format_2025/builder/slot_processor.rs","@level":"debug","@line":163,"@message":"✅ Processed 1 slots in 1.31425ms","@module":"flavor::psp::format_2025::builder::slot_processor","@pid":9247,"@timestamp":"2026-03-31T20:28:01.357366Z"}

{"@file":"src/psp/format_2025/operations.rs","@level":"debug","@line":60,"@message":"✅ Operations unpacked: count=2 operations=[98, 68]","@module":"flavor::psp::format_2025::operations","@pid":9247,"@timestamp":"2026-03-31T20:28:01.357306Z"}
test psp::format_2025::operations::tests::test_unpack_multiple_operations ... ok
{"@file":"src/psp/format_2025/operations.rs","@level":"debug","@line":60,"@message":"✅ Operations unpacked: count=8 operations=[30, 119, 169, 247, 43, 182, 223, 146]","@module":"flavor::psp::format_2025::operations","@pid":9247,"@timestamp":"2026-03-31T20:28:01.357533Z"}
test psp::format_2025::paths::tests::test_paths_structure ... {"@file":"src/psp/format_2025/operations.rs","@level":"debug","@line":37,"@message":"✅ Operations packed: result=4097","@module":"flavor::psp::format_2025::operations","@pid":9247,"@timestamp":"2026-03-31T20:28:01.357571Z"}
ok{"@file":"src/psp/format_2025/operations.rs","@level":"debug","@line":37,"@message":"✅ Operations packed: result=142","@module":"flavor::psp::format_2025::operations","@pid":9247,"@timestamp":"2026-03-31T20:28:01.357636Z"}

{"@file":"src/psp/format_2025/operations.rs","@level":"debug","@line":37,"@message":"✅ Operations packed: result=0","@module":"flavor::psp::format_2025::operations","@pid":9247,"@timestamp":"2026-03-31T20:28:01.357658Z"}
{"@file":"src/psp/format_2025/operations.rs","@level":"debug","@line":60,"@message":"✅ Operations unpacked: count=1 operations=[142]","@module":"flavor::psp::format_2025::operations","@pid":9247,"@timestamp":"2026-03-31T20:28:01.357671Z"}
test psp::format_2025::pe_resources::tests::test_non_windows_stub ... ok
{"@file":"src/psp/format_2025/operations.rs","@level":"debug","@line":60,"@message":"✅ Operations unpacked: count=8 operations=[43, 25, 229, 251, 142, 188, 78, 250]","@module":"flavor::psp::format_2025::operations","@pid":9247,"@timestamp":"2026-03-31T20:28:01.357670Z"}
{"@file":"src/psp/format_2025/operations.rs","@level":"debug","@line":37,"@message":"✅ Operations packed: result=9592","@module":"flavor::psp::format_2025::operations","@pid":9247,"@timestamp":"2026-03-31T20:28:01.357716Z"}
test api::tests::launch_package_rejects_unknown_format ... {"@file":"src/psp/format_2025/operations.rs","@level":"debug","@line":37,"@message":"✅ Operations packed: result=18036560879962888491","@module":"flavor::psp::format_2025::operations","@pid":9247,"@timestamp":"2026-03-31T20:28:01.357729Z"}
ok
{"@file":"src/psp/format_2025/operations.rs","@level":"debug","@line":60,"@message":"✅ Operations unpacked: count=8 operations=[43, 25, 229, 251, 142, 188, 78, 250]","@module":"flavor::psp::format_2025::operations","@pid":9247,"@timestamp":"2026-03-31T20:28:01.357766Z"}
{"@file":"src/psp/format_2025/operations.rs","@level":"debug","@line":37,"@message":"✅ Operations packed: result=69818536740552517","@module":"flavor::psp::format_2025::operations","@pid":9247,"@timestamp":"2026-03-31T20:28:01.357779Z"}
{"@file":"src/psp/format_2025/operations.rs","@level":"debug","@line":37,"@message":"✅ Operations packed: result=11864859","@module":"flavor::psp::format_2025::operations","@pid":9247,"@timestamp":"2026-03-31T20:28:01.357740Z"}
test psp::format_2025::operations::tests::test_pack_single_operation ... {"@file":"src/psp/format_2025/operations.rs","@level":"debug","@line":60,"@message":"✅ Operations unpacked: count=6 operations=[143, 185, 122, 124, 98, 43]","@module":"flavor::psp::format_2025::operations","@pid":9247,"@timestamp":"2026-03-31T20:28:01.357826Z"}
ok
{"@file":"src/psp/format_2025/operations.rs","@level":"debug","@line":37,"@message":"✅ Operations packed: result=62256870435851443","@module":"flavor::psp::format_2025::operations","@pid":9247,"@timestamp":"2026-03-31T20:28:01.357842Z"}
{"@file":"src/psp/format_2025/operations.rs","@level":"debug","@line":37,"@message":"✅ Operations packed: result=47701995207055","@module":"flavor::psp::format_2025::operations","@pid":9247,"@timestamp":"2026-03-31T20:28:01.357915Z"}
test psp::format_2025::pe_utils::tests::test_is_pe_executable ... ok
{"@file":"src/psp/format_2025/operations.rs","@level":"debug","@line":60,"@message":"✅ Operations unpacked: count=6 operations=[143, 185, 122, 124, 98, 43]","@module":"flavor::psp::format_2025::operations","@pid":9247,"@timestamp":"2026-03-31T20:28:01.357946Z"}
{"@file":"src/psp/format_2025/operations.rs","@level":"debug","@line":37,"@message":"✅ Operations packed: result=3072363611","@module":"flavor::psp::format_2025::operations","@pid":9247,"@timestamp":"2026-03-31T20:28:01.357957Z"}
test psp::format_2025::operations::tests::test_unpack_single_operation ... ok
{"@file":"src/psp/format_2025/operations.rs","@level":"debug","@line":60,"@message":"✅ Operations unpacked: count=3 operations=[27, 11, 181]","@module":"flavor::psp::format_2025::operations","@pid":9247,"@timestamp":"2026-03-31T20:28:01.357900Z"}
test logger::tests::json_logger_writes_structured_records_to_file ... ok
{"@file":"src/psp/format_2025/operations.rs","@level":"debug","@line":60,"@message":"✅ Operations unpacked: count=8 operations=[39, 1, 245, 39, 236, 92, 21, 154]","@module":"flavor::psp::format_2025::operations","@pid":9247,"@timestamp":"2026-03-31T20:28:01.357999Z"}
test psp::format_2025::operations::tests::test_too_many_operations ... ok
{"@file":"src/psp/format_2025/operations.rs","@level":"debug","@line":37,"@message":"✅ Operations packed: result=461046485696","@module":"flavor::psp::format_2025::operations","@pid":9247,"@timestamp":"2026-03-31T20:28:01.358014Z"}
test psp::format_2025::policy::tests::test_enforce_policy_age_exceeded ... ok
{"@file":"src/psp/format_2025/operations.rs","@level":"debug","@line":37,"@message":"✅ Operations packed: result=36302666910078","@module":"flavor::psp::format_2025::operations","@pid":9247,"@timestamp":"2026-03-31T20:28:01.358119Z"}
test psp::format_2025::pe_utils::tests::test_needs_dos_stub_expansion ... {"@file":"src/psp/format_2025/operations.rs","@level":"debug","@line":37,"@message":"✅ Operations packed: result=11102882625704231207","@module":"flavor::psp::format_2025::operations","@pid":9247,"@timestamp":"2026-03-31T20:28:01.358082Z"}
ok
{"@file":"src/psp/format_2025/extraction.rs","@level":"debug","@line":307,"@message":"📦 Extracting tarball to \"/var/folders/sg/wy47gw996f78fznt898m8x540000gn/T/.tmpM7AdaV\"","@module":"flavor::psp::format_2025::extraction","@pid":9247,"@timestamp":"2026-03-31T20:28:01.358075Z"}
test psp::format_2025::policy::tests::test_enforce_policy_env_var_missing ... ok
{"@file":"src/psp/format_2025/operations.rs","@level":"debug","@line":60,"@message":"✅ Operations unpacked: count=6 operations=[126, 201, 144, 95, 4, 33]","@module":"flavor::psp::format_2025::operations","@pid":9247,"@timestamp":"2026-03-31T20:28:01.358153Z"}
test psp::format_2025::policy::tests::test_enforce_policy_env_var_present ... ok
{"@file":"src/psp/format_2025/operations.rs","@level":"debug","@line":60,"@message":"✅ Operations unpacked: count=8 operations=[39, 1, 245, 39, 236, 92, 21, 154]","@module":"flavor::psp::format_2025::operations","@pid":9247,"@timestamp":"2026-03-31T20:28:01.358177Z"}
{"@file":"src/psp/format_2025/operations.rs","@level":"debug","@line":37,"@message":"✅ Operations packed: result=1017053278862","@module":"flavor::psp::format_2025::operations","@pid":9247,"@timestamp":"2026-03-31T20:28:01.358287Z"}
test psp::format_2025::policy::tests::test_enforce_policy_platform_blocked ... ok{"@file":"src/psp/format_2025/operations.rs","@level":"debug","@line":60,"@message":"✅ Operations unpacked: count=5 operations=[142, 114, 25, 205, 236]","@module":"flavor::psp::format_2025::operations","@pid":9247,"@timestamp":"2026-03-31T20:28:01.358705Z"}

{"@file":"src/psp/format_2025/operations.rs","@level":"debug","@line":60,"@message":"✅ Operations unpacked: count=8 operations=[59, 57, 79, 194, 24, 236, 26, 125]","@module":"flavor::psp::format_2025::operations","@pid":9247,"@timestamp":"2026-03-31T20:28:01.358728Z"}
{"@file":"src/psp/format_2025/operations.rs","@level":"debug","@line":37,"@message":"✅ Operations packed: result=236","@module":"flavor::psp::format_2025::operations","@pid":9247,"@timestamp":"2026-03-31T20:28:01.358302Z"}
test psp::format_2025::policy::tests::test_enforce_policy_refuse_root_current_platform ... ok
{"@file":"src/psp/format_2025/operations.rs","@level":"debug","@line":37,"@message":"✅ Operations packed: result=16057248122047381870","@module":"flavor::psp::format_2025::operations","@pid":9247,"@timestamp":"2026-03-31T20:28:01.358773Z"}
test psp::format_2025::policy::tests::test_enforce_policy_permissive ... {"@file":"src/psp/format_2025/operations.rs","@level":"debug","@line":37,"@message":"✅ Operations packed: result=9014777195218811195","@module":"flavor::psp::format_2025::operations","@pid":9247,"@timestamp":"2026-03-31T20:28:01.358750Z"}
ok
{"@file":"src/psp/format_2025/operations.rs","@level":"debug","@line":37,"@message":"✅ Operations packed: result=41807593494597066","@module":"flavor::psp::format_2025::operations","@pid":9247,"@timestamp":"2026-03-31T20:28:01.358823Z"}
test psp::format_2025::policy::tests::test_enforce_policy_require_trusted_key_not_required ... ok
{"@file":"src/psp/format_2025/operations.rs","@level":"debug","@line":60,"@message":"✅ Operations unpacked: count=8 operations=[110, 65, 241, 144, 23, 206, 214, 222]","@module":"flavor::psp::format_2025::operations","@pid":9247,"@timestamp":"2026-03-31T20:28:01.358806Z"}
{"@file":"src/psp/format_2025/operations.rs","@level":"debug","@line":60,"@message":"✅ Operations unpacked: count=8 operations=[59, 57, 79, 194, 24, 236, 26, 125]","@module":"flavor::psp::format_2025::operations","@pid":9247,"@timestamp":"2026-03-31T20:28:01.358831Z"}
test psp::format_2025::policy::tests::test_enforce_policy_require_trusted_key_trusted ... ok
test psp::format_2025::policy::tests::test_enforce_policy_require_trusted_key_untrusted ... ok
{"@file":"src/psp/format_2025/execution/validation.rs","@level":"debug","@line":191,"@message":"💾 Saved index metadata to \"/var/folders/sg/wy47gw996f78fznt898m8x540000gn/T/.tmpQsICde/workenv/.demo.pspf/instance/index.json\"","@module":"flavor::psp::format_2025::execution::validation","@pid":9247,"@timestamp":"2026-03-31T20:28:01.358962Z"}
test psp::format_2025::policy::tests::test_enforce_policy_sbom_required ... ok
{"@file":"src/psp/format_2025/operations.rs","@level":"debug","@line":37,"@message":"✅ Operations packed: result=11105779900428655","@module":"flavor::psp::format_2025::operations","@pid":9247,"@timestamp":"2026-03-31T20:28:01.358903Z"}
{"@file":"src/psp/format_2025/operations.rs","@level":"debug","@line":37,"@message":"✅ Operations packed: result=58","@module":"flavor::psp::format_2025::operations","@pid":9247,"@timestamp":"2026-03-31T20:28:01.358919Z"}
test psp::format_2025::policy::tests::test_get_current_platform_nonempty ... ok
{"@file":"src/psp/format_2025/operations.rs","@level":"debug","@line":60,"@message":"✅ Operations unpacked: count=8 operations=[236, 157, 165, 125, 143, 244, 93, 75]","@module":"flavor::psp::format_2025::operations","@pid":9247,"@timestamp":"2026-03-31T20:28:01.359046Z"}
{"@file":"src/psp/format_2025/operations.rs","@level":"debug","@line":60,"@message":"✅ Operations unpacked: count=1 operations=[58]","@module":"flavor::psp::format_2025::operations","@pid":9247,"@timestamp":"2026-03-31T20:28:01.359058Z"}
test psp::format_2025::policy::tests::test_load_operator_policy_missing_file ... ok{"@file":"src/psp/format_2025/operations.rs","@level":"debug","@line":37,"@message":"✅ Operations packed: result=6011418","@module":"flavor::psp::format_2025::operations","@pid":9247,"@timestamp":"2026-03-31T20:28:01.359082Z"}

{"@file":"src/psp/format_2025/operations.rs","@level":"debug","@line":37,"@message":"✅ Operations packed: result=5430765622804192748","@module":"flavor::psp::format_2025::operations","@pid":9247,"@timestamp":"2026-03-31T20:28:01.359074Z"}
test psp::format_2025::policy::tests::test_merge_policy_max_age_days_min ... {"@file":"src/psp/format_2025/operations.rs","@level":"debug","@line":37,"@message":"✅ Operations packed: result=1794330676","@module":"flavor::psp::format_2025::operations","@pid":9247,"@timestamp":"2026-03-31T20:28:01.359127Z"}
ok
{"@file":"src/psp/format_2025/operations.rs","@level":"debug","@line":60,"@message":"✅ Operations unpacked: count=8 operations=[236, 157, 165, 125, 143, 244, 93, 75]","@module":"flavor::psp::format_2025::operations","@pid":9247,"@timestamp":"2026-03-31T20:28:01.359134Z"}
{"@file":"src/psp/format_2025/operations.rs","@level":"debug","@line":60,"@message":"✅ Operations unpacked: count=4 operations=[52, 80, 243, 106]","@module":"flavor::psp::format_2025::operations","@pid":9247,"@timestamp":"2026-03-31T20:28:01.359169Z"}
test psp::format_2025::policy::tests::test_merge_policy_max_age_only_pkg ... {"@file":"src/psp/format_2025/runtime.rs","@level":"debug","@line":174,"@message":"📋 Pattern processor: 2 patterns (1 exact)","@module":"flavor::psp::format_2025::runtime::runtime_impl::patterns","@pid":9247,"@timestamp":"2026-03-31T20:28:01.359188Z"}
ok
{"@file":"src/psp/format_2025/execution/validation.rs","@level":"debug","@line":121,"@message":"💾 Saved package checksum: deadbeef","@module":"flavor::psp::format_2025::execution::validation","@pid":9247,"@timestamp":"2026-03-31T20:28:01.359161Z"}
{"@file":"src/psp/format_2025/operations.rs","@level":"debug","@line":37,"@message":"✅ Operations packed: result=185","@module":"flavor::psp::format_2025::operations","@pid":9247,"@timestamp":"2026-03-31T20:28:01.359227Z"}
test psp::format_2025::policy::tests::test_merge_policy_platforms_intersection ... ok
{"@file":"src/psp/format_2025/operations.rs","@level":"debug","@line":37,"@message":"✅ Operations packed: result=37104611807","@module":"flavor::psp::format_2025::operations","@pid":9247,"@timestamp":"2026-03-31T20:28:01.359146Z"}
{"@file":"src/psp/format_2025/runtime.rs","@level":"debug","@line":39,"@message":"🔧 Processing runtime environment configuration","@module":"flavor::psp::format_2025::runtime::runtime_impl","@pid":9247,"@timestamp":"2026-03-31T20:28:01.359266Z"}
test psp::format_2025::policy::tests::test_merge_policy_platforms_only_operator ... ok
{"@file":"src/psp/format_2025/operations.rs","@level":"debug","@line":60,"@message":"✅ Operations unpacked: count=8 operations=[40, 110, 251, 82, 2, 15, 94, 58]","@module":"flavor::psp::format_2025::operations","@pid":9247,"@timestamp":"2026-03-31T20:28:01.359219Z"}
{"@file":"src/psp/format_2025/runtime.rs","@level":"debug","@line":174,"@message":"📋 Pattern processor: 1 patterns (1 exact)","@module":"flavor::psp::format_2025::runtime::runtime_impl::patterns","@pid":9247,"@timestamp":"2026-03-31T20:28:01.359311Z"}
test psp::format_2025::extraction::tests::test_extract_tarball_rejects_symlink_entries ... ok{"@file":"src/psp/format_2025/runtime.rs","@level":"debug","@line":39,"@message":"🔧 Processing runtime environment configuration","@module":"flavor::psp::format_2025::runtime::runtime_impl","@pid":9247,"@timestamp":"2026-03-31T20:28:01.359314Z"}

{"@file":"src/psp/format_2025/runtime.rs","@level":"debug","@line":75,"@message":"📋 Unset patterns found: [\"REMOVE_ME\"]","@module":"flavor::psp::format_2025::runtime::runtime_impl","@pid":9247,"@timestamp":"2026-03-31T20:28:01.359349Z"}
test psp::format_2025::policy::tests::test_merge_policy_refuse_root ... {"@file":"src/psp/format_2025/operations.rs","@level":"debug","@line":37,"@message":"✅ Operations packed: result=4205815604667182632","@module":"flavor::psp::format_2025::operations","@pid":9247,"@timestamp":"2026-03-31T20:28:01.359335Z"}
ok{"@file":"src/psp/format_2025/runtime.rs","@level":"debug","@line":253,"@message":"🗑️ Processing 1 unset patterns","@module":"flavor::psp::format_2025::runtime::runtime_impl::operations","@pid":9247,"@timestamp":"2026-03-31T20:28:01.359385Z"}

{"@file":"src/psp/format_2025/runtime.rs","@level":"debug","@line":256,"@message":"  Processing unset pattern: 'REMOVE_ME'","@module":"flavor::psp::format_2025::runtime::runtime_impl::operations","@pid":9247,"@timestamp":"2026-03-31T20:28:01.359422Z"}
test psp::format_2025::policy::tests::test_parse_policy_file_all_fields ... {"@file":"src/psp/format_2025/runtime.rs","@level":"debug","@line":39,"@message":"🔧 Processing runtime environment configuration","@module":"flavor::psp::format_2025::runtime::runtime_impl","@pid":9247,"@timestamp":"2026-03-31T20:28:01.359224Z"}
ok{"@file":"src/psp/format_2025/operations.rs","@level":"debug","@line":60,"@message":"✅ Operations unpacked: count=8 operations=[40, 110, 251, 82, 2, 15, 94, 58]","@module":"flavor::psp::format_2025::operations","@pid":9247,"@timestamp":"2026-03-31T20:28:01.359411Z"}

{"@file":"src/psp/format_2025/operations.rs","@level":"debug","@line":37,"@message":"✅ Operations packed: result=43347","@module":"flavor::psp::format_2025::operations","@pid":9247,"@timestamp":"2026-03-31T20:28:01.359321Z"}
{"@file":"src/psp/format_2025/runtime.rs","@level":"debug","@line":174,"@message":"📋 Pattern processor: 2 patterns (1 exact)","@module":"flavor::psp::format_2025::runtime::runtime_impl::patterns","@pid":9247,"@timestamp":"2026-03-31T20:28:01.359478Z"}
test psp::format_2025::builder::slot_processor::tests::test_resolve_slot_path_uses_current_dir_when_workenv_base_is_unset ... ok{"@file":"src/psp/format_2025/execution/validation.rs","@level":"debug","@line":25,"@message":"✅ Package checksum matches cached version: deadbeef","@module":"flavor::psp::format_2025::execution::validation","@pid":9247,"@timestamp":"2026-03-31T20:28:01.359394Z"}

{"@file":"src/psp/format_2025/runtime.rs","@level":"debug","@line":75,"@message":"📋 Unset patterns found: [\"DROP_*\"]","@module":"flavor::psp::format_2025::runtime::runtime_impl","@pid":9247,"@timestamp":"2026-03-31T20:28:01.359509Z"}
test psp::format_2025::policy::tests::test_parse_policy_file_allow_platforms ... {"@file":"src/psp/format_2025/runtime.rs","@level":"debug","@line":264,"@message":"  Match: exact pattern","@module":"flavor::psp::format_2025::runtime::runtime_impl::operations","@pid":9247,"@timestamp":"2026-03-31T20:28:01.359453Z"}
ok
{"@file":"src/psp/format_2025/operations.rs","@level":"debug","@line":60,"@message":"✅ Operations unpacked: count=1 operations=[185]","@module":"flavor::psp::format_2025::operations","@pid":9247,"@timestamp":"2026-03-31T20:28:01.359266Z"}
{"@file":"src/psp/format_2025/runtime.rs","@level":"debug","@line":330,"@message":"🗑️ Unset: REMOVE_ME","@module":"flavor::psp::format_2025::runtime::runtime_impl::operations","@pid":9247,"@timestamp":"2026-03-31T20:28:01.359607Z"}
test psp::format_2025::policy::tests::test_parse_policy_file_ignores_comments ... ok{"@file":"src/psp/format_2025/runtime.rs","@level":"debug","@line":174,"@message":"📋 Pattern processor: 1 patterns (1 exact)","@module":"flavor::psp::format_2025::runtime::runtime_impl::patterns","@pid":9247,"@timestamp":"2026-03-31T20:28:01.359372Z"}

{"@file":"src/psp/format_2025/operations.rs","@level":"debug","@line":37,"@message":"✅ Operations packed: result=1021210906909","@module":"flavor::psp::format_2025::operations","@pid":9247,"@timestamp":"2026-03-31T20:28:01.359533Z"}
{"@file":"src/psp/format_2025/operations.rs","@level":"debug","@line":37,"@message":"✅ Operations packed: result=11902678","@module":"flavor::psp::format_2025::operations","@pid":9247,"@timestamp":"2026-03-31T20:28:01.359658Z"}
test psp::format_2025::policy::tests::test_parse_policy_file_inline_comment ... {"@file":"src/psp/format_2025/runtime.rs","@level":"debug","@line":75,"@message":"📋 Unset patterns found: [\"DROP_*\"]","@module":"flavor::psp::format_2025::runtime::runtime_impl","@pid":9247,"@timestamp":"2026-03-31T20:28:01.359661Z"}
ok{"@file":"src/psp/format_2025/operations.rs","@level":"debug","@line":60,"@message":"✅ Operations unpacked: count=3 operations=[214, 158, 181]","@module":"flavor::psp::format_2025::operations","@pid":9247,"@timestamp":"2026-03-31T20:28:01.359697Z"}

{"@file":"src/psp/format_2025/runtime.rs","@level":"debug","@line":253,"@message":"🗑️ Processing 1 unset patterns","@module":"flavor::psp::format_2025::runtime::runtime_impl::operations","@pid":9247,"@timestamp":"2026-03-31T20:28:01.359718Z"}
test psp::format_2025::policy::tests::test_parse_toml_string_list_empty ... ok{"@file":"src/psp/format_2025/runtime.rs","@level":"debug","@line":253,"@message":"🗑️ Processing 1 unset patterns","@module":"flavor::psp::format_2025::runtime::runtime_impl::operations","@pid":9247,"@timestamp":"2026-03-31T20:28:01.359547Z"}

test psp::format_2025::policy::tests::test_parse_toml_string_list_invalid ... {"@file":"src/psp/format_2025/operations.rs","@level":"debug","@line":60,"@message":"✅ Operations unpacked: count=8 operations=[227, 72, 158, 102, 239, 62, 14, 140]","@module":"flavor::psp::format_2025::operations","@pid":9247,"@timestamp":"2026-03-31T20:28:01.359511Z"}
ok
{"@file":"src/psp/format_2025/execution/validation.rs","@level":"debug","@line":121,"@message":"💾 Saved package checksum: 12345678","@module":"flavor::psp::format_2025::execution::validation","@pid":9247,"@timestamp":"2026-03-31T20:28:01.359615Z"}
{"@file":"src/psp/format_2025/operations.rs","@level":"debug","@line":37,"@message":"✅ Operations packed: result=321835732500","@module":"flavor::psp::format_2025::operations","@pid":9247,"@timestamp":"2026-03-31T20:28:01.359707Z"}
{"@file":"src/psp/format_2025/runtime.rs","@level":"debug","@line":86,"@message":"🧹 Stripped 1 env vars from child environment: REMOVE_ME","@module":"flavor::psp::format_2025::runtime::runtime_impl","@pid":9247,"@timestamp":"2026-03-31T20:28:01.359645Z"}
test psp::format_2025::policy::tests::test_parse_toml_string_list_single_quotes ... {"@file":"src/psp/format_2025/runtime.rs","@level":"debug","@line":256,"@message":"  Processing unset pattern: 'DROP_*'","@module":"flavor::psp::format_2025::runtime::runtime_impl::operations","@pid":9247,"@timestamp":"2026-03-31T20:28:01.359751Z"}
ok
{"@file":"src/psp/format_2025/operations.rs","@level":"debug","@line":37,"@message":"✅ Operations packed: result=10741507824665255952","@module":"flavor::psp::format_2025::operations","@pid":9247,"@timestamp":"2026-03-31T20:28:01.359765Z"}
{"@file":"src/psp/format_2025/runtime.rs","@level":"debug","@line":261,"@message":"  Match: glob pattern","@module":"flavor::psp::format_2025::runtime::runtime_impl::operations","@pid":9247,"@timestamp":"2026-03-31T20:28:01.360015Z"}
{"@file":"src/psp/format_2025/runtime.rs","@level":"debug","@line":256,"@message":"  Processing unset pattern: 'DROP_*'","@module":"flavor::psp::format_2025::runtime::runtime_impl::operations","@pid":9247,"@timestamp":"2026-03-31T20:28:01.359831Z"}
{"@file":"src/psp/format_2025/operations.rs","@level":"debug","@line":37,"@message":"✅ Operations packed: result=10092073012923615459","@module":"flavor::psp::format_2025::operations","@pid":9247,"@timestamp":"2026-03-31T20:28:01.359923Z"}
{"@file":"src/psp/format_2025/runtime.rs","@level":"debug","@line":261,"@message":"  Match: glob pattern","@module":"flavor::psp::format_2025::runtime::runtime_impl::operations","@pid":9247,"@timestamp":"2026-03-31T20:28:01.360064Z"}
test psp::format_2025::builder::slot_processor::tests::test_process_slots_regular_file_builds_descriptor ... {"@file":"src/psp/format_2025/operations.rs","@level":"debug","@line":60,"@message":"✅ Operations unpacked: count=8 operations=[16, 96, 64, 161, 116, 128, 17, 149]","@module":"flavor::psp::format_2025::operations","@pid":9247,"@timestamp":"2026-03-31T20:28:01.360038Z"}
ok
{"@file":"src/psp/format_2025/runtime.rs","@level":"debug","@line":92,"@message":"✅ Unset operations completed successfully","@module":"flavor::psp::format_2025::runtime::runtime_impl","@pid":9247,"@timestamp":"2026-03-31T20:28:01.359991Z"}
test psp::format_2025::runtime::runtime_impl::tests::pattern_processor_requires_exact_pass_patterns ... {"@file":"src/psp/format_2025/runtime.rs","@level":"debug","@line":86,"@message":"🧹 Stripped 2 env vars from child environment: DROP_A, DROP_B","@module":"flavor::psp::format_2025::runtime::runtime_impl","@pid":9247,"@timestamp":"2026-03-31T20:28:01.360067Z"}
ok
{"@file":"src/psp/format_2025/operations.rs","@level":"debug","@line":37,"@message":"✅ Operations packed: result=270149812068546","@module":"flavor::psp::format_2025::operations","@pid":9247,"@timestamp":"2026-03-31T20:28:01.360008Z"}
{"@file":"src/psp/format_2025/operations.rs","@level":"debug","@line":37,"@message":"✅ Operations packed: result=10487","@module":"flavor::psp::format_2025::operations","@pid":9247,"@timestamp":"2026-03-31T20:28:01.360212Z"}
test psp::format_2025::trust::tests::test_compute_key_fingerprint_valid ... ok{"@file":"src/psp/format_2025/operations.rs","@level":"debug","@line":60,"@message":"✅ Operations unpacked: count=8 operations=[227, 72, 158, 102, 239, 62, 14, 140]","@module":"flavor::psp::format_2025::operations","@pid":9247,"@timestamp":"2026-03-31T20:28:01.360084Z"}

{"@file":"src/psp/format_2025/operations.rs","@level":"debug","@line":60,"@message":"✅ Operations unpacked: count=2 operations=[247, 40]","@module":"flavor::psp::format_2025::operations","@pid":9247,"@timestamp":"2026-03-31T20:28:01.360244Z"}
test psp::format_2025::trust::tests::test_compute_key_fingerprint_wrong_length ... {"@file":"src/psp/format_2025/operations.rs","@level":"debug","@line":37,"@message":"✅ Operations packed: result=895374466332","@module":"flavor::psp::format_2025::operations","@pid":9247,"@timestamp":"2026-03-31T20:28:01.360266Z"}
ok
{"@file":"src/psp/format_2025/runtime.rs","@level":"debug","@line":135,"@message":"✅ Runtime environment processing complete","@module":"flavor::psp::format_2025::runtime::runtime_impl","@pid":9247,"@timestamp":"2026-03-31T20:28:01.360194Z"}
{"@file":"src/psp/format_2025/operations.rs","@level":"debug","@line":37,"@message":"✅ Operations packed: result=8251013214932965431","@module":"flavor::psp::format_2025::operations","@pid":9247,"@timestamp":"2026-03-31T20:28:01.360307Z"}
test psp::format_2025::trust::tests::test_extract_ed25519_raw_key_valid_spki ... ok
{"@file":"src/psp/format_2025/operations.rs","@level":"debug","@line":37,"@message":"✅ Operations packed: result=175744021796","@module":"flavor::psp::format_2025::operations","@pid":9247,"@timestamp":"2026-03-31T20:28:01.360330Z"}
{"@file":"src/psp/format_2025/runtime.rs","@level":"debug","@line":86,"@message":"🧹 Stripped 1 env vars from child environment: DROP_ME","@module":"flavor::psp::format_2025::runtime::runtime_impl","@pid":9247,"@timestamp":"2026-03-31T20:28:01.360110Z"}
test psp::format_2025::trust::tests::test_extract_ed25519_raw_key_wrong_length ... ok
{"@file":"src/psp/format_2025/operations.rs","@level":"debug","@line":60,"@message":"✅ Operations unpacked: count=8 operations=[90, 32, 234, 176, 124, 35, 30, 7]","@module":"flavor::psp::format_2025::operations","@pid":9247,"@timestamp":"2026-03-31T20:28:01.360289Z"}
test psp::format_2025::trust::tests::test_extract_ed25519_raw_key_wrong_prefix ... {"@file":"src/psp/format_2025/operations.rs","@level":"debug","@line":37,"@message":"✅ Operations packed: result=107974222291288","@module":"flavor::psp::format_2025::operations","@pid":9247,"@timestamp":"2026-03-31T20:28:01.360396Z"}
ok{"@file":"src/psp/format_2025/operations.rs","@level":"debug","@line":37,"@message":"✅ Operations packed: result=512886426017865818","@module":"flavor::psp::format_2025::operations","@pid":9247,"@timestamp":"2026-03-31T20:28:01.360411Z"}

{"@file":"src/psp/format_2025/runtime.rs","@level":"debug","@line":92,"@message":"✅ Unset operations completed successfully","@module":"flavor::psp::format_2025::runtime::runtime_impl","@pid":9247,"@timestamp":"2026-03-31T20:28:01.360211Z"}
test psp::format_2025::trust::tests::test_is_key_trusted_no_store ... {"@file":"src/psp/format_2025/runtime.rs","@level":"debug","@line":92,"@message":"✅ Unset operations completed successfully","@module":"flavor::psp::format_2025::runtime::runtime_impl","@pid":9247,"@timestamp":"2026-03-31T20:28:01.360385Z"}
ok{"@file":"src/psp/format_2025/runtime.rs","@level":"debug","@line":135,"@message":"✅ Runtime environment processing complete","@module":"flavor::psp::format_2025::runtime::runtime_impl","@pid":9247,"@timestamp":"2026-03-31T20:28:01.360474Z"}

{"@file":"src/psp/format_2025/operations.rs","@level":"debug","@line":60,"@message":"✅ Operations unpacked: count=8 operations=[55, 24, 34, 161, 205, 124, 129, 114]","@module":"flavor::psp::format_2025::operations","@pid":9247,"@timestamp":"2026-03-31T20:28:01.360351Z"}
test psp::format_2025::trust::tests::test_load_keys_from_dir_missing ... ok
{"@file":"src/psp/format_2025/operations.rs","@level":"debug","@line":60,"@message":"✅ Operations unpacked: count=8 operations=[90, 32, 234, 176, 124, 35, 30, 7]","@module":"flavor::psp::format_2025::operations","@pid":9247,"@timestamp":"2026-03-31T20:28:01.360448Z"}
test psp::format_2025::runtime::runtime_impl::tests::process_runtime_env_unset_exact_match_removes_variable ... ok
test psp::format_2025::runtime::runtime_impl::tests::process_runtime_env_unset_glob_pattern_removes_matching_variables ... ok
test psp::format_2025::verifier::tests::test_verify_slot_checksum_detects_tampering ... {"@file":"src/psp/format_2025/operations.rs","@level":"debug","@line":37,"@message":"✅ Operations packed: result=34","@module":"flavor::psp::format_2025::operations","@pid":9247,"@timestamp":"2026-03-31T20:28:01.360460Z"}
ok
{"@file":"src/psp/format_2025/execution/validation.rs","@level":"debug","@line":25,"@message":"✅ Package checksum matches cached version: 12345678","@module":"flavor::psp::format_2025::execution::validation","@pid":9247,"@timestamp":"2026-03-31T20:28:01.360088Z"}
{"@file":"src/psp/format_2025/runtime.rs","@level":"debug","@line":351,"@message":"🔄 Processing 1 map operations","@module":"flavor::psp::format_2025::runtime::runtime_impl::operations","@pid":9247,"@timestamp":"2026-03-31T20:28:01.360493Z"}
{"@file":"src/psp/format_2025/operations.rs","@level":"debug","@line":60,"@message":"✅ Operations unpacked: count=8 operations=[124, 105, 60, 93, 205, 9, 204, 91]","@module":"flavor::psp::format_2025::operations","@pid":9247,"@timestamp":"2026-03-31T20:28:01.360565Z"}
{"@file":"src/psp/format_2025/operations.rs","@level":"debug","@line":37,"@message":"✅ Operations packed: result=64552","@module":"flavor::psp::format_2025::operations","@pid":9247,"@timestamp":"2026-03-31T20:28:01.360592Z"}
{"@file":"src/psp/format_2025/operations.rs","@level":"debug","@line":37,"@message":"✅ Operations packed: result=6614672730337601916","@module":"flavor::psp::format_2025::operations","@pid":9247,"@timestamp":"2026-03-31T20:28:01.360671Z"}
{"@file":"src/psp/format_2025/operations.rs","@level":"debug","@line":60,"@message":"✅ Operations unpacked: count=2 operations=[40, 252]","@module":"flavor::psp::format_2025::operations","@pid":9247,"@timestamp":"2026-03-31T20:28:01.360685Z"}
{"@file":"src/psp/format_2025/operations.rs","@level":"debug","@line":37,"@message":"✅ Operations packed: result=16605305230485612238","@module":"flavor::psp::format_2025::operations","@pid":9247,"@timestamp":"2026-03-31T20:28:01.360625Z"}
{"@file":"src/psp/format_2025/runtime.rs","@level":"debug","@line":365,"@message":"🔄 Mapped: SOURCE -> RENAMED","@module":"flavor::psp::format_2025::runtime::runtime_impl::operations","@pid":9247,"@timestamp":"2026-03-31T20:28:01.360656Z"}
{"@file":"src/psp/format_2025/operations.rs","@level":"debug","@line":37,"@message":"✅ Operations packed: result=11630","@module":"flavor::psp::format_2025::operations","@pid":9247,"@timestamp":"2026-03-31T20:28:01.360738Z"}
{"@file":"src/psp/format_2025/operations.rs","@level":"debug","@line":37,"@message":"✅ Operations packed: result=2579017997","@module":"flavor::psp::format_2025::operations","@pid":9247,"@timestamp":"2026-03-31T20:28:01.360757Z"}
{"@file":"src/psp/format_2025/runtime.rs","@level":"debug","@line":386,"@message":"📝 Processing 1 set operations","@module":"flavor::psp::format_2025::runtime::runtime_impl::operations","@pid":9247,"@timestamp":"2026-03-31T20:28:01.360771Z"}
{"@file":"src/psp/format_2025/launcher/filesystem.rs","@level":"debug","@line":70,"@message":"Fixed shebang in \"tool\"","@module":"flavor::psp::format_2025::launcher::filesystem","@pid":9247,"@timestamp":"2026-03-31T20:28:01.360697Z"}
{"@file":"src/psp/format_2025/operations.rs","@level":"debug","@line":60,"@message":"✅ Operations unpacked: count=2 operations=[110, 45]","@module":"flavor::psp::format_2025::operations","@pid":9247,"@timestamp":"2026-03-31T20:28:01.360773Z"}
{"@file":"src/psp/format_2025/operations.rs","@level":"debug","@line":60,"@message":"✅ Operations unpacked: count=8 operations=[124, 105, 60, 93, 205, 9, 204, 91]","@module":"flavor::psp::format_2025::operations","@pid":9247,"@timestamp":"2026-03-31T20:28:01.360698Z"}
{"@file":"src/psp/format_2025/runtime.rs","@level":"debug","@line":397,"@message":"📝 Set: ADDED = 'value'","@module":"flavor::psp::format_2025::runtime::runtime_impl::operations","@pid":9247,"@timestamp":"2026-03-31T20:28:01.360806Z"}
{"@file":"src/psp/format_2025/operations.rs","@level":"debug","@line":37,"@message":"✅ Operations packed: result=27491476703549560","@module":"flavor::psp::format_2025::operations","@pid":9247,"@timestamp":"2026-03-31T20:28:01.360820Z"}
{"@file":"src/psp/format_2025/operations.rs","@level":"debug","@line":37,"@message":"✅ Operations packed: result=886923697977","@module":"flavor::psp::format_2025::operations","@pid":9247,"@timestamp":"2026-03-31T20:28:01.360883Z"}
{"@file":"src/psp/format_2025/operations.rs","@level":"debug","@line":60,"@message":"✅ Operations unpacked: count=8 operations=[48, 54, 75, 121, 82, 48, 31, 158]","@module":"flavor::psp::format_2025::operations","@pid":9247,"@timestamp":"2026-03-31T20:28:01.360907Z"}
{"@file":"src/psp/format_2025/operations.rs","@level":"debug","@line":60,"@message":"✅ Operations unpacked: count=5 operations=[57, 159, 197, 128, 206]","@module":"flavor::psp::format_2025::operations","@pid":9247,"@timestamp":"2026-03-31T20:28:01.360920Z"}
{"@file":"src/psp/format_2025/operations.rs","@level":"debug","@line":37,"@message":"✅ Operations packed: result=11393878713051067952","@module":"flavor::psp::format_2025::operations","@pid":9247,"@timestamp":"2026-03-31T20:28:01.360941Z"}
{"@file":"src/psp/format_2025/operations.rs","@level":"debug","@line":37,"@message":"✅ Operations packed: result=22835","@module":"flavor::psp::format_2025::operations","@pid":9247,"@timestamp":"2026-03-31T20:28:01.360930Z"}
{"@file":"src/psp/format_2025/runtime.rs","@level":"debug","@line":135,"@message":"✅ Runtime environment processing complete","@module":"flavor::psp::format_2025::runtime::runtime_impl","@pid":9247,"@timestamp":"2026-03-31T20:28:01.360891Z"}
test psp::format_2025::execution::validation::tests::save_index_metadata_writes_expected_json_fields ... ok{"@file":"src/psp/format_2025/operations.rs","@level":"debug","@line":60,"@message":"✅ Operations unpacked: count=8 operations=[48, 54, 75, 121, 82, 48, 31, 158]","@module":"flavor::psp::format_2025::operations","@pid":9247,"@timestamp":"2026-03-31T20:28:01.360980Z"}

{"@file":"src/psp/format_2025/operations.rs","@level":"debug","@line":37,"@message":"✅ Operations packed: result=138","@module":"flavor::psp::format_2025::operations","@pid":9247,"@timestamp":"2026-03-31T20:28:01.361031Z"}
test psp::format_2025::runtime::runtime_impl::tests::process_runtime_env_applies_unset_map_and_set_operations ... ok
{"@file":"src/psp/format_2025/operations.rs","@level":"debug","@line":37,"@message":"✅ Operations packed: result=5203","@module":"flavor::psp::format_2025::operations","@pid":9247,"@timestamp":"2026-03-31T20:28:01.360990Z"}
{"@file":"src/psp/format_2025/operations.rs","@level":"debug","@line":60,"@message":"✅ Operations unpacked: count=2 operations=[83, 20]","@module":"flavor::psp::format_2025::operations","@pid":9247,"@timestamp":"2026-03-31T20:28:01.361089Z"}
{"@file":"src/psp/format_2025/operations.rs","@level":"debug","@line":60,"@message":"✅ Operations unpacked: count=7 operations=[231, 206, 37, 55, 182, 152, 218]","@module":"flavor::psp::format_2025::operations","@pid":9247,"@timestamp":"2026-03-31T20:28:01.361084Z"}
{"@file":"src/psp/format_2025/operations.rs","@level":"debug","@line":37,"@message":"✅ Operations packed: result=44743681046565","@module":"flavor::psp::format_2025::operations","@pid":9247,"@timestamp":"2026-03-31T20:28:01.361095Z"}
{"@file":"src/psp/format_2025/operations.rs","@level":"debug","@line":37,"@message":"✅ Operations packed: result=61529453299617511","@module":"flavor::psp::format_2025::operations","@pid":9247,"@timestamp":"2026-03-31T20:28:01.361177Z"}
{"@file":"src/psp/format_2025/operations.rs","@level":"debug","@line":60,"@message":"✅ Operations unpacked: count=7 operations=[231, 206, 37, 55, 182, 152, 218]","@module":"flavor::psp::format_2025::operations","@pid":9247,"@timestamp":"2026-03-31T20:28:01.361208Z"}
{"@file":"src/psp/format_2025/operations.rs","@level":"debug","@line":37,"@message":"✅ Operations packed: result=0","@module":"flavor::psp::format_2025::operations","@pid":9247,"@timestamp":"2026-03-31T20:28:01.361172Z"}
{"@file":"src/psp/format_2025/operations.rs","@level":"debug","@line":37,"@message":"✅ Operations packed: result=0","@module":"flavor::psp::format_2025::operations","@pid":9247,"@timestamp":"2026-03-31T20:28:01.361230Z"}
{"@file":"src/psp/format_2025/operations.rs","@level":"debug","@line":60,"@message":"✅ Operations unpacked: count=8 operations=[70, 247, 199, 43, 84, 95, 114, 195]","@module":"flavor::psp::format_2025::operations","@pid":9247,"@timestamp":"2026-03-31T20:28:01.361258Z"}
test psp::format_2025::trust::tests::test_load_keys_from_dir_empty ... {"@file":"src/psp/format_2025/operations.rs","@level":"debug","@line":37,"@message":"✅ Operations packed: result=14083423799857379142","@module":"flavor::psp::format_2025::operations","@pid":9247,"@timestamp":"2026-03-31T20:28:01.361285Z"}
ok{"@file":"src/psp/format_2025/operations.rs","@level":"debug","@line":37,"@message":"✅ Operations packed: result=6","@module":"flavor::psp::format_2025::operations","@pid":9247,"@timestamp":"2026-03-31T20:28:01.361297Z"}

{"@file":"src/psp/format_2025/operations.rs","@level":"debug","@line":60,"@message":"✅ Operations unpacked: count=8 operations=[70, 247, 199, 43, 84, 95, 114, 195]","@module":"flavor::psp::format_2025::operations","@pid":9247,"@timestamp":"2026-03-31T20:28:01.361311Z"}
{"@file":"src/psp/format_2025/operations.rs","@level":"debug","@line":60,"@message":"✅ Operations unpacked: count=0 operations=[]","@module":"flavor::psp::format_2025::operations","@pid":9247,"@timestamp":"2026-03-31T20:28:01.361242Z"}
{"@file":"src/psp/format_2025/operations.rs","@level":"debug","@line":37,"@message":"✅ Operations packed: result=51140724592","@module":"flavor::psp::format_2025::operations","@pid":9247,"@timestamp":"2026-03-31T20:28:01.361360Z"}
{"@file":"src/psp/format_2025/operations.rs","@level":"debug","@line":60,"@message":"✅ Operations unpacked: count=8 operations=[131, 45, 211, 212, 114, 122, 247, 126]","@module":"flavor::psp::format_2025::operations","@pid":9247,"@timestamp":"2026-03-31T20:28:01.361370Z"}
{"@file":"src/psp/format_2025/operations.rs","@level":"debug","@line":37,"@message":"✅ Operations packed: result=51","@module":"flavor::psp::format_2025::operations","@pid":9247,"@timestamp":"2026-03-31T20:28:01.361383Z"}
{"@file":"src/psp/format_2025/operations.rs","@level":"debug","@line":37,"@message":"✅ Operations packed: result=9148915801641921923","@module":"flavor::psp::format_2025::operations","@pid":9247,"@timestamp":"2026-03-31T20:28:01.361398Z"}
{"@file":"src/psp/format_2025/operations.rs","@level":"debug","@line":60,"@message":"✅ Operations unpacked: count=1 operations=[51]","@module":"flavor::psp::format_2025::operations","@pid":9247,"@timestamp":"2026-03-31T20:28:01.361406Z"}
{"@file":"src/psp/format_2025/operations.rs","@level":"debug","@line":60,"@message":"✅ Operations unpacked: count=8 operations=[131, 45, 211, 212, 114, 122, 247, 126]","@module":"flavor::psp::format_2025::operations","@pid":9247,"@timestamp":"2026-03-31T20:28:01.361418Z"}
{"@file":"src/psp/format_2025/operations.rs","@level":"debug","@line":37,"@message":"✅ Operations packed: result=16398285766504861847","@module":"flavor::psp::format_2025::operations","@pid":9247,"@timestamp":"2026-03-31T20:28:01.361419Z"}
{"@file":"src/psp/format_2025/operations.rs","@level":"debug","@line":37,"@message":"✅ Operations packed: result=46712106313657","@module":"flavor::psp::format_2025::operations","@pid":9247,"@timestamp":"2026-03-31T20:28:01.361456Z"}
{"@file":"src/psp/format_2025/operations.rs","@level":"debug","@line":60,"@message":"✅ Operations unpacked: count=8 operations=[144, 214, 115, 223, 83, 211, 71, 87]","@module":"flavor::psp::format_2025::operations","@pid":9247,"@timestamp":"2026-03-31T20:28:01.361473Z"}
{"@file":"src/psp/format_2025/operations.rs","@level":"debug","@line":60,"@message":"✅ Operations unpacked: count=6 operations=[185, 231, 128, 2, 124, 42]","@module":"flavor::psp::format_2025::operations","@pid":9247,"@timestamp":"2026-03-31T20:28:01.361564Z"}
{"@file":"src/psp/format_2025/operations.rs","@level":"debug","@line":37,"@message":"✅ Operations packed: result=0","@module":"flavor::psp::format_2025::operations","@pid":9247,"@timestamp":"2026-03-31T20:28:01.361642Z"}
{"@file":"src/psp/format_2025/operations.rs","@level":"debug","@line":60,"@message":"✅ Operations unpacked: count=0 operations=[]","@module":"flavor::psp::format_2025::operations","@pid":9247,"@timestamp":"2026-03-31T20:28:01.361667Z"}
{"@file":"src/psp/format_2025/operations.rs","@level":"debug","@line":37,"@message":"✅ Operations packed: result=6289227761830844048","@module":"flavor::psp::format_2025::operations","@pid":9247,"@timestamp":"2026-03-31T20:28:01.361624Z"}
{"@file":"src/psp/format_2025/operations.rs","@level":"debug","@line":37,"@message":"✅ Operations packed: result=15753039530258885","@module":"flavor::psp::format_2025::operations","@pid":9247,"@timestamp":"2026-03-31T20:28:01.361716Z"}
{"@file":"src/psp/format_2025/operations.rs","@level":"debug","@line":60,"@message":"✅ Operations unpacked: count=7 operations=[197, 113, 85, 85, 78, 247, 55]","@module":"flavor::psp::format_2025::operations","@pid":9247,"@timestamp":"2026-03-31T20:28:01.361740Z"}
{"@file":"src/psp/format_2025/operations.rs","@level":"debug","@line":60,"@message":"✅ Operations unpacked: count=8 operations=[144, 214, 115, 223, 83, 211, 71, 87]","@module":"flavor::psp::format_2025::operations","@pid":9247,"@timestamp":"2026-03-31T20:28:01.361729Z"}
test psp::format_2025::execution::validation::tests::save_and_validate_package_checksum_round_trip ... ok{"@file":"src/psp/format_2025/operations.rs","@level":"debug","@line":37,"@message":"✅ Operations packed: result=2308830260","@module":"flavor::psp::format_2025::operations","@pid":9247,"@timestamp":"2026-03-31T20:28:01.361624Z"}

{"@file":"src/psp/format_2025/operations.rs","@level":"debug","@line":37,"@message":"✅ Operations packed: result=10434722","@module":"flavor::psp::format_2025::operations","@pid":9247,"@timestamp":"2026-03-31T20:28:01.361791Z"}
{"@file":"src/psp/format_2025/operations.rs","@level":"debug","@line":60,"@message":"✅ Operations unpacked: count=3 operations=[162, 56, 159]","@module":"flavor::psp::format_2025::operations","@pid":9247,"@timestamp":"2026-03-31T20:28:01.361856Z"}
{"@file":"src/psp/format_2025/operations.rs","@level":"debug","@line":37,"@message":"✅ Operations packed: result=16141320023478294444","@module":"flavor::psp::format_2025::operations","@pid":9247,"@timestamp":"2026-03-31T20:28:01.361907Z"}
{"@file":"src/psp/format_2025/operations.rs","@level":"debug","@line":37,"@message":"✅ Operations packed: result=0","@module":"flavor::psp::format_2025::operations","@pid":9247,"@timestamp":"2026-03-31T20:28:01.361920Z"}
{"@file":"src/psp/format_2025/operations.rs","@level":"debug","@line":60,"@message":"✅ Operations unpacked: count=8 operations=[172, 215, 82, 125, 10, 125, 1, 224]","@module":"flavor::psp::format_2025::operations","@pid":9247,"@timestamp":"2026-03-31T20:28:01.361932Z"}
{"@file":"src/psp/format_2025/backends.rs","@level":"debug","@line":204,"@message":"📁 File backend opened /var/folders/sg/wy47gw996f78fznt898m8x540000gn/T/.tmpPXvRFf (8367 bytes) in 683.625µs","@module":"flavor::psp::format_2025::backends","@pid":9247,"@timestamp":"2026-03-31T20:28:01.361893Z"}
{"@file":"src/psp/format_2025/operations.rs","@level":"debug","@line":37,"@message":"✅ Operations packed: result=26465","@module":"flavor::psp::format_2025::operations","@pid":9247,"@timestamp":"2026-03-31T20:28:01.361978Z"}
{"@file":"src/psp/format_2025/operations.rs","@level":"debug","@line":60,"@message":"✅ Operations unpacked: count=8 operations=[227, 229, 218, 250, 107, 180, 55, 145]","@module":"flavor::psp::format_2025::operations","@pid":9247,"@timestamp":"2026-03-31T20:28:01.361887Z"}
{"@file":"src/psp/format_2025/operations.rs","@level":"debug","@line":37,"@message":"✅ Operations packed: result=4622","@module":"flavor::psp::format_2025::operations","@pid":9247,"@timestamp":"2026-03-31T20:28:01.361984Z"}
{"@file":"src/psp/format_2025/operations.rs","@level":"debug","@line":37,"@message":"✅ Operations packed: result=10464030635081786851","@module":"flavor::psp::format_2025::operations","@pid":9247,"@timestamp":"2026-03-31T20:28:01.362027Z"}
{"@file":"src/psp/format_2025/operations.rs","@level":"debug","@line":60,"@message":"✅ Operations unpacked: count=2 operations=[14, 18]","@module":"flavor::psp::format_2025::operations","@pid":9247,"@timestamp":"2026-03-31T20:28:01.362100Z"}
{"@file":"src/psp/format_2025/operations.rs","@level":"debug","@line":60,"@message":"✅ Operations unpacked: count=8 operations=[227, 229, 218, 250, 107, 180, 55, 145]","@module":"flavor::psp::format_2025::operations","@pid":9247,"@timestamp":"2026-03-31T20:28:01.362096Z"}
{"@file":"src/psp/format_2025/operations.rs","@level":"debug","@line":37,"@message":"✅ Operations packed: result=0","@module":"flavor::psp::format_2025::operations","@pid":9247,"@timestamp":"2026-03-31T20:28:01.362034Z"}
{"@file":"src/psp/format_2025/operations.rs","@level":"debug","@line":37,"@message":"✅ Operations packed: result=0","@module":"flavor::psp::format_2025::operations","@pid":9247,"@timestamp":"2026-03-31T20:28:01.362177Z"}
{"@file":"src/psp/format_2025/operations.rs","@level":"debug","@line":60,"@message":"✅ Operations unpacked: count=5 operations=[168, 130, 83, 228, 88]","@module":"flavor::psp::format_2025::operations","@pid":9247,"@timestamp":"2026-03-31T20:28:01.362188Z"}
{"@file":"src/psp/format_2025/operations.rs","@level":"debug","@line":60,"@message":"✅ Operations unpacked: count=0 operations=[]","@module":"flavor::psp::format_2025::operations","@pid":9247,"@timestamp":"2026-03-31T20:28:01.362206Z"}
{"@file":"src/psp/format_2025/reader.rs","@level":"debug","@line":274,"@message":"Trailer size: 8200, file size: 8367 bytes","@module":"flavor::psp::format_2025::reader","@pid":9247,"@timestamp":"2026-03-31T20:28:01.362043Z"}
{"@file":"src/psp/format_2025/operations.rs","@level":"debug","@line":37,"@message":"✅ Operations packed: result=60730","@module":"flavor::psp::format_2025::operations","@pid":9247,"@timestamp":"2026-03-31T20:28:01.362235Z"}
{"@file":"src/psp/format_2025/index.rs","@level":"debug","@line":181,"@message":"Parsed metadata_offset: 0x0000000000000058 (88)","@module":"flavor::psp::format_2025::index","@pid":9247,"@timestamp":"2026-03-31T20:28:01.362254Z"}
{"@file":"src/psp/format_2025/operations.rs","@level":"debug","@line":37,"@message":"✅ Operations packed: result=79","@module":"flavor::psp::format_2025::operations","@pid":9247,"@timestamp":"2026-03-31T20:28:01.362255Z"}
{"@file":"src/psp/format_2025/operations.rs","@level":"debug","@line":37,"@message":"✅ Operations packed: result=381787800232","@module":"flavor::psp::format_2025::operations","@pid":9247,"@timestamp":"2026-03-31T20:28:01.362225Z"}
{"@file":"src/psp/format_2025/operations.rs","@level":"debug","@line":37,"@message":"✅ Operations packed: result=0","@module":"flavor::psp::format_2025::operations","@pid":9247,"@timestamp":"2026-03-31T20:28:01.362286Z"}
{"@file":"src/psp/format_2025/operations.rs","@level":"debug","@line":60,"@message":"✅ Operations unpacked: count=1 operations=[79]","@module":"flavor::psp::format_2025::operations","@pid":9247,"@timestamp":"2026-03-31T20:28:01.362286Z"}
{"@file":"src/psp/format_2025/index.rs","@level":"debug","@line":182,"@message":"Parsed metadata_size: 79 bytes","@module":"flavor::psp::format_2025::index","@pid":9247,"@timestamp":"2026-03-31T20:28:01.362275Z"}
{"@file":"src/psp/format_2025/reader.rs","@level":"debug","@line":99,"@message":"Parsed index values:","@module":"flavor::psp::format_2025::reader","@pid":9247,"@timestamp":"2026-03-31T20:28:01.362398Z"}
{"@file":"src/psp/format_2025/operations.rs","@level":"debug","@line":37,"@message":"✅ Operations packed: result=826495523","@module":"flavor::psp::format_2025::operations","@pid":9247,"@timestamp":"2026-03-31T20:28:01.362405Z"}
{"@file":"src/psp/format_2025/operations.rs","@level":"debug","@line":60,"@message":"✅ Operations unpacked: count=4 operations=[35, 82, 67, 49]","@module":"flavor::psp::format_2025::operations","@pid":9247,"@timestamp":"2026-03-31T20:28:01.362450Z"}
{"@file":"src/psp/format_2025/operations.rs","@level":"debug","@line":60,"@message":"✅ Operations unpacked: count=5 operations=[168, 130, 83, 228, 88]","@module":"flavor::psp::format_2025::operations","@pid":9247,"@timestamp":"2026-03-31T20:28:01.362319Z"}
{"@file":"src/psp/format_2025/reader.rs","@level":"debug","@line":100,"@message":"  package_size: 8367","@module":"flavor::psp::format_2025::reader","@pid":9247,"@timestamp":"2026-03-31T20:28:01.362420Z"}
{"@file":"src/psp/format_2025/operations.rs","@level":"debug","@line":37,"@message":"✅ Operations packed: result=0","@module":"flavor::psp::format_2025::operations","@pid":9247,"@timestamp":"2026-03-31T20:28:01.362500Z"}
{"@file":"src/psp/format_2025/reader.rs","@level":"debug","@line":101,"@message":"  launcher_size: 0","@module":"flavor::psp::format_2025::reader","@pid":9247,"@timestamp":"2026-03-31T20:28:01.362523Z"}
{"@file":"src/psp/format_2025/operations.rs","@level":"debug","@line":37,"@message":"✅ Operations packed: result=34734932104659059","@module":"flavor::psp::format_2025::operations","@pid":9247,"@timestamp":"2026-03-31T20:28:01.362512Z"}
{"@file":"src/psp/format_2025/reader.rs","@level":"debug","@line":102,"@message":"  metadata_offset: 0x0000000000000058 (88)","@module":"flavor::psp::format_2025::reader","@pid":9247,"@timestamp":"2026-03-31T20:28:01.362557Z"}
{"@file":"src/psp/format_2025/operations.rs","@level":"debug","@line":60,"@message":"✅ Operations unpacked: count=8 operations=[61, 40, 129, 114, 80, 160, 69, 7]","@module":"flavor::psp::format_2025::operations","@pid":9247,"@timestamp":"2026-03-31T20:28:01.362555Z"}
{"@file":"src/psp/format_2025/operations.rs","@level":"debug","@line":37,"@message":"✅ Operations packed: result=123","@module":"flavor::psp::format_2025::operations","@pid":9247,"@timestamp":"2026-03-31T20:28:01.362571Z"}
{"@file":"src/psp/format_2025/operations.rs","@level":"debug","@line":37,"@message":"✅ Operations packed: result=524001199037425725","@module":"flavor::psp::format_2025::operations","@pid":9247,"@timestamp":"2026-03-31T20:28:01.362632Z"}
{"@file":"src/psp/format_2025/reader.rs","@level":"debug","@line":106,"@message":"  metadata_size: 79 bytes","@module":"flavor::psp::format_2025::reader","@pid":9247,"@timestamp":"2026-03-31T20:28:01.362603Z"}
{"@file":"src/psp/format_2025/operations.rs","@level":"debug","@line":60,"@message":"✅ Operations unpacked: count=7 operations=[115, 64, 101, 153, 60, 103, 123]","@module":"flavor::psp::format_2025::operations","@pid":9247,"@timestamp":"2026-03-31T20:28:01.362598Z"}
{"@file":"src/psp/format_2025/operations.rs","@level":"debug","@line":37,"@message":"✅ Operations packed: result=15206935109267436799","@module":"flavor::psp::format_2025::operations","@pid":9247,"@timestamp":"2026-03-31T20:28:01.362684Z"}
{"@file":"src/psp/format_2025/operations.rs","@level":"debug","@line":60,"@message":"✅ Operations unpacked: count=8 operations=[61, 40, 129, 114, 80, 160, 69, 7]","@module":"flavor::psp::format_2025::operations","@pid":9247,"@timestamp":"2026-03-31T20:28:01.362671Z"}
{"@file":"src/psp/format_2025/reader.rs","@level":"debug","@line":107,"@message":"  slot_table_offset: 0x0000000000000018","@module":"flavor::psp::format_2025::reader","@pid":9247,"@timestamp":"2026-03-31T20:28:01.362714Z"}
{"@file":"src/psp/format_2025/operations.rs","@level":"debug","@line":37,"@message":"✅ Operations packed: result=1670497860","@module":"flavor::psp::format_2025::operations","@pid":9247,"@timestamp":"2026-03-31T20:28:01.362753Z"}
{"@file":"src/psp/format_2025/reader.rs","@level":"debug","@line":108,"@message":"  slot_count: 1","@module":"flavor::psp::format_2025::reader","@pid":9247,"@timestamp":"2026-03-31T20:28:01.362778Z"}
{"@file":"src/psp/format_2025/operations.rs","@level":"debug","@line":60,"@message":"✅ Operations unpacked: count=8 operations=[105, 248, 1, 166, 49, 69, 190, 243]","@module":"flavor::psp::format_2025::operations","@pid":9247,"@timestamp":"2026-03-31T20:28:01.362796Z"}
{"@file":"src/psp/format_2025/operations.rs","@level":"debug","@line":60,"@message":"✅ Operations unpacked: count=4 operations=[68, 198, 145, 99]","@module":"flavor::psp::format_2025::operations","@pid":9247,"@timestamp":"2026-03-31T20:28:01.362784Z"}
{"@file":"src/psp/format_2025/operations.rs","@level":"debug","@line":37,"@message":"✅ Operations packed: result=17563551676332374121","@module":"flavor::psp::format_2025::operations","@pid":9247,"@timestamp":"2026-03-31T20:28:01.362832Z"}
{"@file":"src/psp/format_2025/operations.rs","@level":"debug","@line":37,"@message":"✅ Operations packed: result=72708987368544","@module":"flavor::psp::format_2025::operations","@pid":9247,"@timestamp":"2026-03-31T20:28:01.362837Z"}
{"@file":"src/psp/format_2025/operations.rs","@level":"debug","@line":60,"@message":"✅ Operations unpacked: count=8 operations=[105, 248, 1, 166, 49, 69, 190, 243]","@module":"flavor::psp::format_2025::operations","@pid":9247,"@timestamp":"2026-03-31T20:28:01.362884Z"}
{"@file":"src/psp/format_2025/reader.rs","@level":"debug","@line":117,"@message":"Index loaded in 880.333µs","@module":"flavor::psp::format_2025::reader","@pid":9247,"@timestamp":"2026-03-31T20:28:01.362889Z"}
{"@file":"src/psp/format_2025/operations.rs","@level":"debug","@line":37,"@message":"✅ Operations packed: result=14210364","@module":"flavor::psp::format_2025::operations","@pid":9247,"@timestamp":"2026-03-31T20:28:01.362908Z"}
{"@file":"src/psp/format_2025/operations.rs","@level":"debug","@line":37,"@message":"✅ Operations packed: result=0","@module":"flavor::psp::format_2025::operations","@pid":9247,"@timestamp":"2026-03-31T20:28:01.362942Z"}
{"@file":"src/psp/format_2025/reader.rs","@level":"debug","@line":297,"@message":"📊 Reading 1 slot descriptors from offset 0x18","@module":"flavor::psp::format_2025::reader","@pid":9247,"@timestamp":"2026-03-31T20:28:01.362943Z"}
{"@file":"src/psp/format_2025/operations.rs","@level":"debug","@line":60,"@message":"✅ Operations unpacked: count=3 operations=[60, 213, 216]","@module":"flavor::psp::format_2025::operations","@pid":9247,"@timestamp":"2026-03-31T20:28:01.362951Z"}
{"@file":"src/psp/format_2025/operations.rs","@level":"debug","@line":60,"@message":"✅ Operations unpacked: count=8 operations=[248, 213, 140, 39, 207, 162, 105, 184]","@module":"flavor::psp::format_2025::operations","@pid":9247,"@timestamp":"2026-03-31T20:28:01.362949Z"}
{"@file":"src/psp/format_2025/operations.rs","@level":"debug","@line":37,"@message":"✅ Operations packed: result=13288331186138830328","@module":"flavor::psp::format_2025::operations","@pid":9247,"@timestamp":"2026-03-31T20:28:01.363051Z"}
{"@file":"src/psp/format_2025/operations.rs","@level":"debug","@line":37,"@message":"✅ Operations packed: result=387375581","@module":"flavor::psp::format_2025::operations","@pid":9247,"@timestamp":"2026-03-31T20:28:01.363001Z"}
{"@file":"src/psp/format_2025/operations.rs","@level":"debug","@line":60,"@message":"✅ Operations unpacked: count=8 operations=[248, 213, 140, 39, 207, 162, 105, 184]","@module":"flavor::psp::format_2025::operations","@pid":9247,"@timestamp":"2026-03-31T20:28:01.363074Z"}
{"@file":"src/psp/format_2025/operations.rs","@level":"debug","@line":37,"@message":"✅ Operations packed: result=28909","@module":"flavor::psp::format_2025::operations","@pid":9247,"@timestamp":"2026-03-31T20:28:01.363059Z"}
{"@file":"src/psp/format_2025/operations.rs","@level":"debug","@line":37,"@message":"✅ Operations packed: result=267470028411743","@module":"flavor::psp::format_2025::operations","@pid":9247,"@timestamp":"2026-03-31T20:28:01.363127Z"}
{"@file":"src/psp/format_2025/operations.rs","@level":"debug","@line":60,"@message":"✅ Operations unpacked: count=2 operations=[237, 112]","@module":"flavor::psp::format_2025::operations","@pid":9247,"@timestamp":"2026-03-31T20:28:01.363124Z"}
{"@file":"src/psp/format_2025/operations.rs","@level":"debug","@line":60,"@message":"✅ Operations unpacked: count=8 operations=[186, 18, 24, 211, 200, 3, 205, 151]","@module":"flavor::psp::format_2025::operations","@pid":9247,"@timestamp":"2026-03-31T20:28:01.363129Z"}
{"@file":"src/psp/format_2025/operations.rs","@level":"debug","@line":37,"@message":"✅ Operations packed: result=6546124","@module":"flavor::psp::format_2025::operations","@pid":9247,"@timestamp":"2026-03-31T20:28:01.363192Z"}
{"@file":"src/psp/format_2025/operations.rs","@level":"debug","@line":37,"@message":"✅ Operations packed: result=169","@module":"flavor::psp::format_2025::operations","@pid":9247,"@timestamp":"2026-03-31T20:28:01.363201Z"}
{"@file":"src/psp/format_2025/operations.rs","@level":"debug","@line":37,"@message":"✅ Operations packed: result=10938403231022715578","@module":"flavor::psp::format_2025::operations","@pid":9247,"@timestamp":"2026-03-31T20:28:01.363206Z"}
{"@file":"src/psp/format_2025/operations.rs","@level":"debug","@line":37,"@message":"✅ Operations packed: result=29474164539270142","@module":"flavor::psp::format_2025::operations","@pid":9247,"@timestamp":"2026-03-31T20:28:01.363265Z"}
{"@file":"src/psp/format_2025/operations.rs","@level":"debug","@line":60,"@message":"✅ Operations unpacked: count=8 operations=[186, 18, 24, 211, 200, 3, 205, 151]","@module":"flavor::psp::format_2025::operations","@pid":9247,"@timestamp":"2026-03-31T20:28:01.363309Z"}
{"@file":"src/psp/format_2025/operations.rs","@level":"debug","@line":60,"@message":"✅ Operations unpacked: count=1 operations=[169]","@module":"flavor::psp::format_2025::operations","@pid":9247,"@timestamp":"2026-03-31T20:28:01.363275Z"}
test psp::format_2025::verifier::tests::test_attestation_sbom_digest_absent_skipped ... {"@file":"src/psp/format_2025/operations.rs","@level":"debug","@line":37,"@message":"✅ Operations packed: result=8479555177242518986","@module":"flavor::psp::format_2025::operations","@pid":9247,"@timestamp":"2026-03-31T20:28:01.363388Z"}
ok
{"@file":"src/psp/format_2025/operations.rs","@level":"debug","@line":60,"@message":"✅ Operations unpacked: count=8 operations=[169, 129, 249, 153, 39, 139, 83, 244]","@module":"flavor::psp::format_2025::operations","@pid":9247,"@timestamp":"2026-03-31T20:28:01.363410Z"}
{"@file":"src/psp/format_2025/operations.rs","@level":"debug","@line":37,"@message":"✅ Operations packed: result=88","@module":"flavor::psp::format_2025::operations","@pid":9247,"@timestamp":"2026-03-31T20:28:01.363427Z"}
{"@file":"src/psp/format_2025/operations.rs","@level":"debug","@line":37,"@message":"✅ Operations packed: result=17605568370524651945","@module":"flavor::psp::format_2025::operations","@pid":9247,"@timestamp":"2026-03-31T20:28:01.363456Z"}
{"@file":"src/psp/format_2025/operations.rs","@level":"debug","@line":37,"@message":"✅ Operations packed: result=33734423900852848","@module":"flavor::psp::format_2025::operations","@pid":9247,"@timestamp":"2026-03-31T20:28:01.363457Z"}
{"@file":"src/psp/format_2025/operations.rs","@level":"debug","@line":60,"@message":"✅ Operations unpacked: count=1 operations=[88]","@module":"flavor::psp::format_2025::operations","@pid":9247,"@timestamp":"2026-03-31T20:28:01.363487Z"}
{"@file":"src/psp/format_2025/operations.rs","@level":"debug","@line":60,"@message":"✅ Operations unpacked: count=8 operations=[169, 129, 249, 153, 39, 139, 83, 244]","@module":"flavor::psp::format_2025::operations","@pid":9247,"@timestamp":"2026-03-31T20:28:01.363527Z"}
{"@file":"src/psp/format_2025/operations.rs","@level":"debug","@line":37,"@message":"✅ Operations packed: result=32","@module":"flavor::psp::format_2025::operations","@pid":9247,"@timestamp":"2026-03-31T20:28:01.363596Z"}
{"@file":"src/psp/format_2025/operations.rs","@level":"debug","@line":60,"@message":"✅ Operations unpacked: count=8 operations=[17, 48, 13, 90, 18, 238, 154, 254]","@module":"flavor::psp::format_2025::operations","@pid":9247,"@timestamp":"2026-03-31T20:28:01.363639Z"}
{"@file":"src/psp/format_2025/operations.rs","@level":"debug","@line":37,"@message":"✅ Operations packed: result=177","@module":"flavor::psp::format_2025::operations","@pid":9247,"@timestamp":"2026-03-31T20:28:01.363612Z"}
{"@file":"src/psp/format_2025/operations.rs","@level":"debug","@line":37,"@message":"✅ Operations packed: result=9337372882425492180","@module":"flavor::psp::format_2025::operations","@pid":9247,"@timestamp":"2026-03-31T20:28:01.363675Z"}
{"@file":"src/psp/format_2025/operations.rs","@level":"debug","@line":37,"@message":"✅ Operations packed: result=18346237794634772497","@module":"flavor::psp::format_2025::operations","@pid":9247,"@timestamp":"2026-03-31T20:28:01.363671Z"}
{"@file":"src/psp/format_2025/operations.rs","@level":"debug","@line":37,"@message":"✅ Operations packed: result=16045407","@module":"flavor::psp::format_2025::operations","@pid":9247,"@timestamp":"2026-03-31T20:28:01.363735Z"}
{"@file":"src/psp/format_2025/operations.rs","@level":"debug","@line":60,"@message":"✅ Operations unpacked: count=1 operations=[177]","@module":"flavor::psp::format_2025::operations","@pid":9247,"@timestamp":"2026-03-31T20:28:01.363714Z"}
test psp::format_2025::trust::tests::test_load_keys_from_dir_bad_pub_file_skipped ... ok{"@file":"src/psp/format_2025/operations.rs","@level":"debug","@line":60,"@message":"✅ Operations unpacked: count=8 operations=[17, 48, 13, 90, 18, 238, 154, 254]","@module":"flavor::psp::format_2025::operations","@pid":9247,"@timestamp":"2026-03-31T20:28:01.363736Z"}

{"@file":"src/psp/format_2025/backends.rs","@level":"debug","@line":204,"@message":"📁 File backend opened /var/folders/sg/wy47gw996f78fznt898m8x540000gn/T/.tmp8ul5Af (8279 bytes) in 133.709µs","@module":"flavor::psp::format_2025::backends","@pid":9247,"@timestamp":"2026-03-31T20:28:01.363700Z"}
{"@file":"src/psp/format_2025/operations.rs","@level":"debug","@line":37,"@message":"✅ Operations packed: result=95","@module":"flavor::psp::format_2025::operations","@pid":9247,"@timestamp":"2026-03-31T20:28:01.363796Z"}
{"@file":"src/psp/format_2025/operations.rs","@level":"debug","@line":37,"@message":"✅ Operations packed: result=182888803258079","@module":"flavor::psp::format_2025::operations","@pid":9247,"@timestamp":"2026-03-31T20:28:01.363822Z"}
{"@file":"src/psp/format_2025/reader.rs","@level":"debug","@line":274,"@message":"Trailer size: 8200, file size: 8279 bytes","@module":"flavor::psp::format_2025::reader","@pid":9247,"@timestamp":"2026-03-31T20:28:01.363842Z"}
{"@file":"src/psp/format_2025/operations.rs","@level":"debug","@line":37,"@message":"✅ Operations packed: result=123134055331","@module":"flavor::psp::format_2025::operations","@pid":9247,"@timestamp":"2026-03-31T20:28:01.363912Z"}
{"@file":"src/psp/format_2025/operations.rs","@level":"debug","@line":60,"@message":"✅ Operations unpacked: count=6 operations=[223, 206, 38, 30, 86, 166]","@module":"flavor::psp::format_2025::operations","@pid":9247,"@timestamp":"2026-03-31T20:28:01.363905Z"}
{"@file":"src/psp/format_2025/index.rs","@level":"debug","@line":181,"@message":"Parsed metadata_offset: 0x0000000000000000 (0)","@module":"flavor::psp::format_2025::index","@pid":9247,"@timestamp":"2026-03-31T20:28:01.363940Z"}
{"@file":"src/psp/format_2025/backends.rs","@level":"debug","@line":204,"@message":"📁 File backend opened /var/folders/sg/wy47gw996f78fznt898m8x540000gn/T/.tmpyXDXKh (8352 bytes) in 97.167µs","@module":"flavor::psp::format_2025::backends","@pid":9247,"@timestamp":"2026-03-31T20:28:01.363912Z"}
{"@file":"src/psp/format_2025/backends.rs","@level":"debug","@line":204,"@message":"📁 File backend opened /var/folders/sg/wy47gw996f78fznt898m8x540000gn/T/.tmp5ai28A (8329 bytes) in 60.583µs","@module":"flavor::psp::format_2025::backends","@pid":9247,"@timestamp":"2026-03-31T20:28:01.363981Z"}
{"@file":"src/psp/format_2025/operations.rs","@level":"debug","@line":37,"@message":"✅ Operations packed: result=12935339","@module":"flavor::psp::format_2025::operations","@pid":9247,"@timestamp":"2026-03-31T20:28:01.364003Z"}
{"@file":"src/psp/format_2025/index.rs","@level":"debug","@line":182,"@message":"Parsed metadata_size: 79 bytes","@module":"flavor::psp::format_2025::index","@pid":9247,"@timestamp":"2026-03-31T20:28:01.363986Z"}
{"@file":"src/psp/format_2025/operations.rs","@level":"debug","@line":60,"@message":"✅ Operations unpacked: count=8 operations=[221, 159, 188, 98, 202, 196, 200, 228]","@module":"flavor::psp::format_2025::operations","@pid":9247,"@timestamp":"2026-03-31T20:28:01.363851Z"}
{"@file":"src/psp/format_2025/reader.rs","@level":"debug","@line":99,"@message":"Parsed index values:","@module":"flavor::psp::format_2025::reader","@pid":9247,"@timestamp":"2026-03-31T20:28:01.364065Z"}
{"@file":"src/psp/format_2025/operations.rs","@level":"debug","@line":37,"@message":"✅ Operations packed: result=16485642809508667357","@module":"flavor::psp::format_2025::operations","@pid":9247,"@timestamp":"2026-03-31T20:28:01.364082Z"}
{"@file":"src/psp/format_2025/reader.rs","@level":"debug","@line":274,"@message":"Trailer size: 8200, file size: 8329 bytes","@module":"flavor::psp::format_2025::reader","@pid":9247,"@timestamp":"2026-03-31T20:28:01.364035Z"}
{"@file":"src/psp/format_2025/operations.rs","@level":"debug","@line":60,"@message":"✅ Operations unpacked: count=8 operations=[221, 159, 188, 98, 202, 196, 200, 228]","@module":"flavor::psp::format_2025::operations","@pid":9247,"@timestamp":"2026-03-31T20:28:01.364117Z"}
{"@file":"src/psp/format_2025/backends.rs","@level":"debug","@line":204,"@message":"📁 File backend opened /var/folders/sg/wy47gw996f78fznt898m8x540000gn/T/.tmpN0XAy9 (8363 bytes) in 79.584µs","@module":"flavor::psp::format_2025::backends","@pid":9247,"@timestamp":"2026-03-31T20:28:01.364066Z"}
{"@file":"src/psp/format_2025/operations.rs","@level":"debug","@line":37,"@message":"✅ Operations packed: result=48921","@module":"flavor::psp::format_2025::operations","@pid":9247,"@timestamp":"2026-03-31T20:28:01.363978Z"}
{"@file":"src/psp/format_2025/operations.rs","@level":"debug","@line":60,"@message":"✅ Operations unpacked: count=8 operations=[8, 24, 6, 129, 189, 79, 127, 89]","@module":"flavor::psp::format_2025::operations","@pid":9247,"@timestamp":"2026-03-31T20:28:01.364180Z"}
{"@file":"src/psp/format_2025/reader.rs","@level":"debug","@line":100,"@message":"  package_size: 8279","@module":"flavor::psp::format_2025::reader","@pid":9247,"@timestamp":"2026-03-31T20:28:01.364096Z"}
{"@file":"src/psp/format_2025/operations.rs","@level":"debug","@line":37,"@message":"✅ Operations packed: result=6448960866749913096","@module":"flavor::psp::format_2025::operations","@pid":9247,"@timestamp":"2026-03-31T20:28:01.364216Z"}
{"@file":"src/psp/format_2025/operations.rs","@level":"debug","@line":37,"@message":"✅ Operations packed: result=1971113401439780209","@module":"flavor::psp::format_2025::operations","@pid":9247,"@timestamp":"2026-03-31T20:28:01.364227Z"}
{"@file":"src/psp/format_2025/operations.rs","@level":"debug","@line":60,"@message":"✅ Operations unpacked: count=8 operations=[8, 24, 6, 129, 189, 79, 127, 89]","@module":"flavor::psp::format_2025::operations","@pid":9247,"@timestamp":"2026-03-31T20:28:01.364248Z"}
{"@file":"src/psp/format_2025/reader.rs","@level":"debug","@line":274,"@message":"Trailer size: 8200, file size: 8363 bytes","@module":"flavor::psp::format_2025::reader","@pid":9247,"@timestamp":"2026-03-31T20:28:01.364191Z"}
{"@file":"src/psp/format_2025/reader.rs","@level":"debug","@line":274,"@message":"Trailer size: 8200, file size: 8352 bytes","@module":"flavor::psp::format_2025::reader","@pid":9247,"@timestamp":"2026-03-31T20:28:01.364026Z"}
{"@file":"src/psp/format_2025/operations.rs","@level":"debug","@line":37,"@message":"✅ Operations packed: result=1080467584727","@module":"flavor::psp::format_2025::operations","@pid":9247,"@timestamp":"2026-03-31T20:28:01.364292Z"}
{"@file":"src/psp/format_2025/reader.rs","@level":"debug","@line":101,"@message":"  launcher_size: 0","@module":"flavor::psp::format_2025::reader","@pid":9247,"@timestamp":"2026-03-31T20:28:01.364234Z"}
{"@file":"src/psp/format_2025/index.rs","@level":"debug","@line":181,"@message":"Parsed metadata_offset: 0x0000000000000000 (0)","@module":"flavor::psp::format_2025::index","@pid":9247,"@timestamp":"2026-03-31T20:28:01.364315Z"}
{"@file":"src/psp/format_2025/index.rs","@level":"debug","@line":181,"@message":"Parsed metadata_offset: 0x0000000000000054 (84)","@module":"flavor::psp::format_2025::index","@pid":9247,"@timestamp":"2026-03-31T20:28:01.364302Z"}
{"@file":"src/psp/format_2025/index.rs","@level":"debug","@line":181,"@message":"Parsed metadata_offset: 0x0000000000000000 (0)","@module":"flavor::psp::format_2025::index","@pid":9247,"@timestamp":"2026-03-31T20:28:01.364139Z"}
{"@file":"src/psp/format_2025/operations.rs","@level":"debug","@line":60,"@message":"✅ Operations unpacked: count=8 operations=[19, 153, 184, 119, 248, 235, 249, 201]","@module":"flavor::psp::format_2025::operations","@pid":9247,"@timestamp":"2026-03-31T20:28:01.364309Z"}
{"@file":"src/psp/format_2025/operations.rs","@level":"debug","@line":60,"@message":"✅ Operations unpacked: count=3 operations=[171, 96, 197]","@module":"flavor::psp::format_2025::operations","@pid":9247,"@timestamp":"2026-03-31T20:28:01.364032Z"}
{"@file":"src/psp/format_2025/reader.rs","@level":"debug","@line":102,"@message":"  metadata_offset: 0x0000000000000000 (0)","@module":"flavor::psp::format_2025::reader","@pid":9247,"@timestamp":"2026-03-31T20:28:01.364333Z"}
{"@file":"src/psp/format_2025/backends.rs","@level":"debug","@line":204,"@message":"📁 File backend opened /var/folders/sg/wy47gw996f78fznt898m8x540000gn/T/.tmp7VkI9k (8329 bytes) in 136.667µs","@module":"flavor::psp::format_2025::backends","@pid":9247,"@timestamp":"2026-03-31T20:28:01.364409Z"}
{"@file":"src/psp/format_2025/index.rs","@level":"debug","@line":182,"@message":"Parsed metadata_size: 152 bytes","@module":"flavor::psp::format_2025::index","@pid":9247,"@timestamp":"2026-03-31T20:28:01.364344Z"}
{"@file":"src/psp/format_2025/reader.rs","@level":"debug","@line":106,"@message":"  metadata_size: 79 bytes","@module":"flavor::psp::format_2025::reader","@pid":9247,"@timestamp":"2026-03-31T20:28:01.364443Z"}
{"@file":"src/psp/format_2025/reader.rs","@level":"debug","@line":274,"@message":"Trailer size: 8200, file size: 8329 bytes","@module":"flavor::psp::format_2025::reader","@pid":9247,"@timestamp":"2026-03-31T20:28:01.364456Z"}
{"@file":"src/psp/format_2025/reader.rs","@level":"debug","@line":107,"@message":"  slot_table_offset: 0x0000000000000000","@module":"flavor::psp::format_2025::reader","@pid":9247,"@timestamp":"2026-03-31T20:28:01.364474Z"}
{"@file":"src/psp/format_2025/index.rs","@level":"debug","@line":181,"@message":"Parsed metadata_offset: 0x0000000000000000 (0)","@module":"flavor::psp::format_2025::index","@pid":9247,"@timestamp":"2026-03-31T20:28:01.364490Z"}
{"@file":"src/psp/format_2025/operations.rs","@level":"debug","@line":37,"@message":"✅ Operations packed: result=14553923123217471763","@module":"flavor::psp::format_2025::operations","@pid":9247,"@timestamp":"2026-03-31T20:28:01.364400Z"}
{"@file":"src/psp/format_2025/index.rs","@level":"debug","@line":182,"@message":"Parsed metadata_size: 129 bytes","@module":"flavor::psp::format_2025::index","@pid":9247,"@timestamp":"2026-03-31T20:28:01.364658Z"}
{"@file":"src/psp/format_2025/operations.rs","@level":"debug","@line":37,"@message":"✅ Operations packed: result=6701346248714225","@module":"flavor::psp::format_2025::operations","@pid":9247,"@timestamp":"2026-03-31T20:28:01.364445Z"}
{"@file":"src/psp/format_2025/operations.rs","@level":"debug","@line":60,"@message":"✅ Operations unpacked: count=8 operations=[19, 153, 184, 119, 248, 235, 249, 201]","@module":"flavor::psp::format_2025::operations","@pid":9247,"@timestamp":"2026-03-31T20:28:01.364675Z"}
{"@file":"src/psp/format_2025/operations.rs","@level":"debug","@line":37,"@message":"✅ Operations packed: result=5264375277740681326","@module":"flavor::psp::format_2025::operations","@pid":9247,"@timestamp":"2026-03-31T20:28:01.364350Z"}
test psp::format_2025::launcher::filesystem::tests::fix_shebangs_rewrites_matching_scripts_only ... {"@file":"src/psp/format_2025/operations.rs","@level":"debug","@line":60,"@message":"✅ Operations unpacked: count=7 operations=[241, 231, 171, 194, 214, 206, 23]","@module":"flavor::psp::format_2025::operations","@pid":9247,"@timestamp":"2026-03-31T20:28:01.364711Z"}
ok{"@file":"src/psp/format_2025/index.rs","@level":"debug","@line":182,"@message":"Parsed metadata_size: 129 bytes","@module":"flavor::psp::format_2025::index","@pid":9247,"@timestamp":"2026-03-31T20:28:01.364375Z"}

{"@file":"src/psp/format_2025/backends.rs","@level":"debug","@line":204,"@message":"📁 File backend opened /var/folders/sg/wy47gw996f78fznt898m8x540000gn/T/.tmpcaMB4I (8364 bytes) in 195.917µs","@module":"flavor::psp::format_2025::backends","@pid":9247,"@timestamp":"2026-03-31T20:28:01.364372Z"}
{"@file":"src/psp/format_2025/reader.rs","@level":"debug","@line":99,"@message":"Parsed index values:","@module":"flavor::psp::format_2025::reader","@pid":9247,"@timestamp":"2026-03-31T20:28:01.364765Z"}
{"@file":"src/psp/format_2025/backends.rs","@level":"debug","@line":204,"@message":"📁 File backend opened /var/folders/sg/wy47gw996f78fznt898m8x540000gn/T/.tmpIkHUJE (8364 bytes) in 170.875µs","@module":"flavor::psp::format_2025::backends","@pid":9247,"@timestamp":"2026-03-31T20:28:01.364345Z"}
{"@file":"src/psp/format_2025/reader.rs","@level":"debug","@line":100,"@message":"  package_size: 8329","@module":"flavor::psp::format_2025::reader","@pid":9247,"@timestamp":"2026-03-31T20:28:01.364794Z"}
{"@file":"src/psp/format_2025/reader.rs","@level":"debug","@line":99,"@message":"Parsed index values:","@module":"flavor::psp::format_2025::reader","@pid":9247,"@timestamp":"2026-03-31T20:28:01.364464Z"}
{"@file":"src/psp/format_2025/reader.rs","@level":"debug","@line":101,"@message":"  launcher_size: 0","@module":"flavor::psp::format_2025::reader","@pid":9247,"@timestamp":"2026-03-31T20:28:01.364818Z"}
{"@file":"src/psp/format_2025/reader.rs","@level":"debug","@line":274,"@message":"Trailer size: 8200, file size: 8364 bytes","@module":"flavor::psp::format_2025::reader","@pid":9247,"@timestamp":"2026-03-31T20:28:01.364824Z"}
{"@file":"src/psp/format_2025/reader.rs","@level":"debug","@line":100,"@message":"  package_size: 8352","@module":"flavor::psp::format_2025::reader","@pid":9247,"@timestamp":"2026-03-31T20:28:01.364832Z"}
{"@file":"src/psp/format_2025/operations.rs","@level":"debug","@line":60,"@message":"✅ Operations unpacked: count=8 operations=[198, 180, 203, 31, 95, 101, 232, 161]","@module":"flavor::psp::format_2025::operations","@pid":9247,"@timestamp":"2026-03-31T20:28:01.364752Z"}
{"@file":"src/psp/format_2025/index.rs","@level":"debug","@line":181,"@message":"Parsed metadata_offset: 0x0000000000000000 (0)","@module":"flavor::psp::format_2025::index","@pid":9247,"@timestamp":"2026-03-31T20:28:01.364852Z"}
{"@file":"src/psp/format_2025/reader.rs","@level":"debug","@line":99,"@message":"Parsed index values:","@module":"flavor::psp::format_2025::reader","@pid":9247,"@timestamp":"2026-03-31T20:28:01.364693Z"}
test psp::format_2025::execution::validation::tests::check_workenv_validity_requires_complete_marker_and_matching_checksum ... {"@file":"src/psp/format_2025/reader.rs","@level":"debug","@line":274,"@message":"Trailer size: 8200, file size: 8364 bytes","@module":"flavor::psp::format_2025::reader","@pid":9247,"@timestamp":"2026-03-31T20:28:01.364802Z"}
ok{"@file":"src/psp/format_2025/reader.rs","@level":"debug","@line":100,"@message":"  package_size: 8329","@module":"flavor::psp::format_2025::reader","@pid":9247,"@timestamp":"2026-03-31T20:28:01.364894Z"}

{"@file":"src/psp/format_2025/index.rs","@level":"debug","@line":181,"@message":"Parsed metadata_offset: 0x0000000000000055 (85)","@module":"flavor::psp::format_2025::index","@pid":9247,"@timestamp":"2026-03-31T20:28:01.364913Z"}
{"@file":"src/psp/format_2025/reader.rs","@level":"debug","@line":101,"@message":"  launcher_size: 0","@module":"flavor::psp::format_2025::reader","@pid":9247,"@timestamp":"2026-03-31T20:28:01.364927Z"}
{"@file":"src/psp/format_2025/index.rs","@level":"debug","@line":182,"@message":"Parsed metadata_size: 79 bytes","@module":"flavor::psp::format_2025::index","@pid":9247,"@timestamp":"2026-03-31T20:28:01.364939Z"}
{"@file":"src/psp/format_2025/reader.rs","@level":"debug","@line":102,"@message":"  metadata_offset: 0x0000000000000000 (0)","@module":"flavor::psp::format_2025::reader","@pid":9247,"@timestamp":"2026-03-31T20:28:01.364950Z"}
{"@file":"src/psp/format_2025/operations.rs","@level":"debug","@line":37,"@message":"✅ Operations packed: result=13566280","@module":"flavor::psp::format_2025::operations","@pid":9247,"@timestamp":"2026-03-31T20:28:01.364773Z"}
{"@file":"src/psp/format_2025/reader.rs","@level":"debug","@line":106,"@message":"  metadata_size: 129 bytes","@module":"flavor::psp::format_2025::reader","@pid":9247,"@timestamp":"2026-03-31T20:28:01.364974Z"}
{"@file":"src/psp/format_2025/index.rs","@level":"debug","@line":182,"@message":"Parsed metadata_size: 164 bytes","@module":"flavor::psp::format_2025::index","@pid":9247,"@timestamp":"2026-03-31T20:28:01.364881Z"}
{"@file":"src/psp/format_2025/operations.rs","@level":"debug","@line":60,"@message":"✅ Operations unpacked: count=3 operations=[72, 1, 207]","@module":"flavor::psp::format_2025::operations","@pid":9247,"@timestamp":"2026-03-31T20:28:01.364988Z"}
test psp::format_2025::launcher::filesystem::tests::copy_dir_all_recursively_copies_tree ... {"@file":"src/psp/format_2025/index.rs","@level":"debug","@line":182,"@message":"Parsed metadata_size: 79 bytes","@module":"flavor::psp::format_2025::index","@pid":9247,"@timestamp":"2026-03-31T20:28:01.364356Z"}
ok
{"@file":"src/psp/format_2025/operations.rs","@level":"debug","@line":37,"@message":"✅ Operations packed: result=0","@module":"flavor::psp::format_2025::operations","@pid":9247,"@timestamp":"2026-03-31T20:28:01.364759Z"}
{"@file":"src/psp/format_2025/reader.rs","@level":"debug","@line":99,"@message":"Parsed index values:","@module":"flavor::psp::format_2025::reader","@pid":9247,"@timestamp":"2026-03-31T20:28:01.365037Z"}
{"@file":"src/psp/format_2025/reader.rs","@level":"debug","@line":101,"@message":"  launcher_size: 0","@module":"flavor::psp::format_2025::reader","@pid":9247,"@timestamp":"2026-03-31T20:28:01.364856Z"}
{"@file":"src/psp/format_2025/reader.rs","@level":"debug","@line":100,"@message":"  package_size: 8363","@module":"flavor::psp::format_2025::reader","@pid":9247,"@timestamp":"2026-03-31T20:28:01.365063Z"}
{"@file":"src/psp/format_2025/operations.rs","@level":"debug","@line":37,"@message":"✅ Operations packed: result=11666686293933012166","@module":"flavor::psp::format_2025::operations","@pid":9247,"@timestamp":"2026-03-31T20:28:01.364870Z"}
{"@file":"src/psp/format_2025/reader.rs","@level":"debug","@line":102,"@message":"  metadata_offset: 0x0000000000000000 (0)","@module":"flavor::psp::format_2025::reader","@pid":9247,"@timestamp":"2026-03-31T20:28:01.365084Z"}
{"@file":"src/psp/format_2025/reader.rs","@level":"debug","@line":107,"@message":"  slot_table_offset: 0x0000000000000000","@module":"flavor::psp::format_2025::reader","@pid":9247,"@timestamp":"2026-03-31T20:28:01.364993Z"}
{"@file":"src/psp/format_2025/operations.rs","@level":"debug","@line":60,"@message":"✅ Operations unpacked: count=8 operations=[198, 180, 203, 31, 95, 101, 232, 161]","@module":"flavor::psp::format_2025::operations","@pid":9247,"@timestamp":"2026-03-31T20:28:01.365107Z"}
{"@file":"src/psp/format_2025/operations.rs","@level":"debug","@line":37,"@message":"✅ Operations packed: result=0","@module":"flavor::psp::format_2025::operations","@pid":9247,"@timestamp":"2026-03-31T20:28:01.365040Z"}
{"@file":"src/psp/format_2025/reader.rs","@level":"debug","@line":108,"@message":"  slot_count: 0","@module":"flavor::psp::format_2025::reader","@pid":9247,"@timestamp":"2026-03-31T20:28:01.364504Z"}
{"@file":"src/psp/format_2025/operations.rs","@level":"debug","@line":60,"@message":"✅ Operations unpacked: count=0 operations=[]","@module":"flavor::psp::format_2025::operations","@pid":9247,"@timestamp":"2026-03-31T20:28:01.365149Z"}
{"@file":"src/psp/format_2025/reader.rs","@level":"debug","@line":101,"@message":"  launcher_size: 0","@module":"flavor::psp::format_2025::reader","@pid":9247,"@timestamp":"2026-03-31T20:28:01.365089Z"}
{"@file":"src/psp/format_2025/operations.rs","@level":"debug","@line":37,"@message":"✅ Operations packed: result=188780332262534","@module":"flavor::psp::format_2025::operations","@pid":9247,"@timestamp":"2026-03-31T20:28:01.365097Z"}
{"@file":"src/psp/format_2025/reader.rs","@level":"debug","@line":102,"@message":"  metadata_offset: 0x0000000000000054 (84)","@module":"flavor::psp::format_2025::reader","@pid":9247,"@timestamp":"2026-03-31T20:28:01.365190Z"}
{"@file":"src/psp/format_2025/operations.rs","@level":"debug","@line":37,"@message":"✅ Operations packed: result=12372639295664179140","@module":"flavor::psp::format_2025::operations","@pid":9247,"@timestamp":"2026-03-31T20:28:01.365212Z"}
{"@file":"src/psp/format_2025/reader.rs","@level":"debug","@line":99,"@message":"Parsed index values:","@module":"flavor::psp::format_2025::reader","@pid":9247,"@timestamp":"2026-03-31T20:28:01.365009Z"}
{"@file":"src/psp/format_2025/reader.rs","@level":"debug","@line":117,"@message":"Index loaded in 1.40025ms","@module":"flavor::psp::format_2025::reader","@pid":9247,"@timestamp":"2026-03-31T20:28:01.365233Z"}
{"@file":"src/psp/format_2025/operations.rs","@level":"debug","@line":37,"@message":"✅ Operations packed: result=15279640","@module":"flavor::psp::format_2025::operations","@pid":9247,"@timestamp":"2026-03-31T20:28:01.365247Z"}
{"@file":"src/psp/format_2025/reader.rs","@level":"debug","@line":297,"@message":"📊 Reading 0 slot descriptors from offset 0x0","@module":"flavor::psp::format_2025::reader","@pid":9247,"@timestamp":"2026-03-31T20:28:01.365265Z"}
{"@file":"src/psp/format_2025/reader.rs","@level":"debug","@line":102,"@message":"  metadata_offset: 0x0000000000000000 (0)","@module":"flavor::psp::format_2025::reader","@pid":9247,"@timestamp":"2026-03-31T20:28:01.364843Z"}
{"@file":"src/psp/format_2025/reader.rs","@level":"debug","@line":106,"@message":"  metadata_size: 152 bytes","@module":"flavor::psp::format_2025::reader","@pid":9247,"@timestamp":"2026-03-31T20:28:01.365112Z"}
{"@file":"src/psp/format_2025/reader.rs","@level":"debug","@line":106,"@message":"  metadata_size: 79 bytes","@module":"flavor::psp::format_2025::reader","@pid":9247,"@timestamp":"2026-03-31T20:28:01.365234Z"}
{"@file":"src/psp/format_2025/reader.rs","@level":"debug","@line":107,"@message":"  slot_table_offset: 0x0000000000000000","@module":"flavor::psp::format_2025::reader","@pid":9247,"@timestamp":"2026-03-31T20:28:01.365320Z"}
{"@file":"src/psp/format_2025/reader.rs","@level":"debug","@line":108,"@message":"  slot_count: 0","@module":"flavor::psp::format_2025::reader","@pid":9247,"@timestamp":"2026-03-31T20:28:01.365126Z"}
{"@file":"src/psp/format_2025/reader.rs","@level":"debug","@line":108,"@message":"  slot_count: 0","@module":"flavor::psp::format_2025::reader","@pid":9247,"@timestamp":"2026-03-31T20:28:01.365350Z"}
{"@file":"src/psp/format_2025/reader.rs","@level":"debug","@line":100,"@message":"  package_size: 8364","@module":"flavor::psp::format_2025::reader","@pid":9247,"@timestamp":"2026-03-31T20:28:01.365251Z"}
{"@file":"src/psp/format_2025/operations.rs","@level":"debug","@line":60,"@message":"✅ Operations unpacked: count=8 operations=[242, 136, 207, 192, 111, 30, 69, 16]","@module":"flavor::psp::format_2025::operations","@pid":9247,"@timestamp":"2026-03-31T20:28:01.365181Z"}
{"@file":"src/psp/format_2025/reader.rs","@level":"debug","@line":106,"@message":"  metadata_size: 129 bytes","@module":"flavor::psp::format_2025::reader","@pid":9247,"@timestamp":"2026-03-31T20:28:01.365312Z"}
{"@file":"src/psp/format_2025/operations.rs","@level":"debug","@line":37,"@message":"✅ Operations packed: result=17922453760767551739","@module":"flavor::psp::format_2025::operations","@pid":9247,"@timestamp":"2026-03-31T20:28:01.365311Z"}
{"@file":"src/psp/format_2025/operations.rs","@level":"debug","@line":60,"@message":"✅ Operations unpacked: count=8 operations=[196, 71, 26, 232, 226, 113, 180, 171]","@module":"flavor::psp::format_2025::operations","@pid":9247,"@timestamp":"2026-03-31T20:28:01.365241Z"}
test psp::format_2025::verifier::tests::test_attestation_sbom_digest_present_no_slot ... {"@file":"src/psp/format_2025/reader.rs","@level":"debug","@line":107,"@message":"  slot_table_offset: 0x0000000000000014","@module":"flavor::psp::format_2025::reader","@pid":9247,"@timestamp":"2026-03-31T20:28:01.365340Z"}
ok
{"@file":"src/psp/format_2025/reader.rs","@level":"debug","@line":99,"@message":"Parsed index values:","@module":"flavor::psp::format_2025::reader","@pid":9247,"@timestamp":"2026-03-31T20:28:01.364966Z"}
{"@file":"src/psp/format_2025/reader.rs","@level":"debug","@line":117,"@message":"Index loaded in 1.004333ms","@module":"flavor::psp::format_2025::reader","@pid":9247,"@timestamp":"2026-03-31T20:28:01.365449Z"}
{"@file":"src/psp/format_2025/operations.rs","@level":"debug","@line":37,"@message":"✅ Operations packed: result=100","@module":"flavor::psp::format_2025::operations","@pid":9247,"@timestamp":"2026-03-31T20:28:01.365465Z"}
{"@file":"src/psp/format_2025/reader.rs","@level":"debug","@line":100,"@message":"  package_size: 8364","@module":"flavor::psp::format_2025::reader","@pid":9247,"@timestamp":"2026-03-31T20:28:01.365470Z"}
{"@file":"src/psp/format_2025/reader.rs","@level":"debug","@line":117,"@message":"Index loaded in 1.436416ms","@module":"flavor::psp::format_2025::reader","@pid":9247,"@timestamp":"2026-03-31T20:28:01.365448Z"}
{"@file":"src/psp/format_2025/reader.rs","@level":"debug","@line":101,"@message":"  launcher_size: 0","@module":"flavor::psp::format_2025::reader","@pid":9247,"@timestamp":"2026-03-31T20:28:01.365503Z"}
{"@file":"src/psp/format_2025/reader.rs","@level":"debug","@line":108,"@message":"  slot_count: 1","@module":"flavor::psp::format_2025::reader","@pid":9247,"@timestamp":"2026-03-31T20:28:01.365453Z"}
{"@file":"src/psp/format_2025/reader.rs","@level":"debug","@line":102,"@message":"  metadata_offset: 0x0000000000000055 (85)","@module":"flavor::psp::format_2025::reader","@pid":9247,"@timestamp":"2026-03-31T20:28:01.365535Z"}
{"@file":"src/psp/format_2025/operations.rs","@level":"debug","@line":37,"@message":"✅ Operations packed: result=1172376743324911858","@module":"flavor::psp::format_2025::operations","@pid":9247,"@timestamp":"2026-03-31T20:28:01.365404Z"}
{"@file":"src/psp/format_2025/reader.rs","@level":"debug","@line":107,"@message":"  slot_table_offset: 0x0000000000000000","@module":"flavor::psp::format_2025::reader","@pid":9247,"@timestamp":"2026-03-31T20:28:01.365414Z"}
test psp::format_2025::verifier::tests::test_verify_attestation_policy_hash_zero_field_skip ... {"@file":"src/psp/format_2025/operations.rs","@level":"debug","@line":60,"@message":"✅ Operations unpacked: count=1 operations=[100]","@module":"flavor::psp::format_2025::operations","@pid":9247,"@timestamp":"2026-03-31T20:28:01.365492Z"}
ok{"@file":"src/psp/format_2025/reader.rs","@level":"debug","@line":108,"@message":"  slot_count: 0","@module":"flavor::psp::format_2025::reader","@pid":9247,"@timestamp":"2026-03-31T20:28:01.365603Z"}

{"@file":"src/psp/format_2025/reader.rs","@level":"debug","@line":141,"@message":"📖 Reading metadata from offset 0x0, size 152 bytes","@module":"flavor::psp::format_2025::reader","@pid":9247,"@timestamp":"2026-03-31T20:28:01.365523Z"}
{"@file":"src/psp/format_2025/reader.rs","@level":"debug","@line":101,"@message":"  launcher_size: 0","@module":"flavor::psp::format_2025::reader","@pid":9247,"@timestamp":"2026-03-31T20:28:01.365396Z"}
{"@file":"src/psp/format_2025/reader.rs","@level":"debug","@line":106,"@message":"  metadata_size: 79 bytes","@module":"flavor::psp::format_2025::reader","@pid":9247,"@timestamp":"2026-03-31T20:28:01.365568Z"}
{"@file":"src/psp/format_2025/operations.rs","@level":"debug","@line":37,"@message":"✅ Operations packed: result=558105304","@module":"flavor::psp::format_2025::operations","@pid":9247,"@timestamp":"2026-03-31T20:28:01.365650Z"}
{"@file":"src/psp/format_2025/operations.rs","@level":"debug","@line":37,"@message":"✅ Operations packed: result=6822607","@module":"flavor::psp::format_2025::operations","@pid":9247,"@timestamp":"2026-03-31T20:28:01.365454Z"}
{"@file":"src/psp/format_2025/operations.rs","@level":"debug","@line":60,"@message":"✅ Operations unpacked: count=4 operations=[216, 2, 68, 33]","@module":"flavor::psp::format_2025::operations","@pid":9247,"@timestamp":"2026-03-31T20:28:01.365678Z"}
{"@file":"src/psp/format_2025/operations.rs","@level":"debug","@line":60,"@message":"✅ Operations unpacked: count=8 operations=[242, 136, 207, 192, 111, 30, 69, 16]","@module":"flavor::psp::format_2025::operations","@pid":9247,"@timestamp":"2026-03-31T20:28:01.365588Z"}
{"@file":"src/psp/format_2025/reader.rs","@level":"debug","@line":102,"@message":"  metadata_offset: 0x0000000000000000 (0)","@module":"flavor::psp::format_2025::reader","@pid":9247,"@timestamp":"2026-03-31T20:28:01.365657Z"}
{"@file":"src/psp/format_2025/reader.rs","@level":"debug","@line":107,"@message":"  slot_table_offset: 0x0000000000000015","@module":"flavor::psp::format_2025::reader","@pid":9247,"@timestamp":"2026-03-31T20:28:01.365670Z"}
{"@file":"src/psp/format_2025/reader.rs","@level":"debug","@line":106,"@message":"  metadata_size: 164 bytes","@module":"flavor::psp::format_2025::reader","@pid":9247,"@timestamp":"2026-03-31T20:28:01.365726Z"}
{"@file":"src/psp/format_2025/reader.rs","@level":"debug","@line":117,"@message":"Index loaded in 1.446917ms","@module":"flavor::psp::format_2025::reader","@pid":9247,"@timestamp":"2026-03-31T20:28:01.365623Z"}
{"@file":"src/psp/format_2025/operations.rs","@level":"debug","@line":37,"@message":"✅ Operations packed: result=62922496614550287","@module":"flavor::psp::format_2025::operations","@pid":9247,"@timestamp":"2026-03-31T20:28:01.365746Z"}
{"@file":"src/psp/format_2025/operations.rs","@level":"debug","@line":37,"@message":"✅ Operations packed: result=15824070468545078012","@module":"flavor::psp::format_2025::operations","@pid":9247,"@timestamp":"2026-03-31T20:28:01.365734Z"}
{"@file":"src/psp/format_2025/reader.rs","@level":"debug","@line":297,"@message":"📊 Reading 1 slot descriptors from offset 0x14","@module":"flavor::psp::format_2025::reader","@pid":9247,"@timestamp":"2026-03-31T20:28:01.365777Z"}
{"@file":"src/psp/format_2025/reader.rs","@level":"debug","@line":108,"@message":"  slot_count: 1","@module":"flavor::psp::format_2025::reader","@pid":9247,"@timestamp":"2026-03-31T20:28:01.365747Z"}
{"@file":"src/psp/format_2025/operations.rs","@level":"debug","@line":37,"@message":"✅ Operations packed: result=1951417543075287478","@module":"flavor::psp::format_2025::operations","@pid":9247,"@timestamp":"2026-03-31T20:28:01.365812Z"}
{"@file":"src/psp/format_2025/operations.rs","@level":"debug","@line":60,"@message":"✅ Operations unpacked: count=8 operations=[106, 129, 121, 221, 58, 24, 38, 237]","@module":"flavor::psp::format_2025::operations","@pid":9247,"@timestamp":"2026-03-31T20:28:01.365743Z"}
{"@file":"src/psp/format_2025/reader.rs","@level":"debug","@line":117,"@message":"Index loaded in 1.680291ms","@module":"flavor::psp::format_2025::reader","@pid":9247,"@timestamp":"2026-03-31T20:28:01.365701Z"}
{"@file":"src/psp/format_2025/operations.rs","@level":"debug","@line":60,"@message":"✅ Operations unpacked: count=8 operations=[252, 226, 96, 106, 64, 100, 154, 219]","@module":"flavor::psp::format_2025::operations","@pid":9247,"@timestamp":"2026-03-31T20:28:01.365797Z"}
{"@file":"src/psp/format_2025/operations.rs","@level":"debug","@line":37,"@message":"✅ Operations packed: result=14487920983710899680","@module":"flavor::psp::format_2025::operations","@pid":9247,"@timestamp":"2026-03-31T20:28:01.365874Z"}
{"@file":"src/psp/format_2025/operations.rs","@level":"debug","@line":37,"@message":"✅ Operations packed: result=17088372477206823274","@module":"flavor::psp::format_2025::operations","@pid":9247,"@timestamp":"2026-03-31T20:28:01.365864Z"}
{"@file":"src/psp/format_2025/operations.rs","@level":"debug","@line":37,"@message":"✅ Operations packed: result=173323954392710","@module":"flavor::psp::format_2025::operations","@pid":9247,"@timestamp":"2026-03-31T20:28:01.365926Z"}
{"@file":"src/psp/format_2025/operations.rs","@level":"debug","@line":60,"@message":"✅ Operations unpacked: count=8 operations=[106, 129, 121, 221, 58, 24, 38, 237]","@module":"flavor::psp::format_2025::operations","@pid":9247,"@timestamp":"2026-03-31T20:28:01.365934Z"}
{"@file":"src/psp/format_2025/operations.rs","@level":"debug","@line":37,"@message":"✅ Operations packed: result=67295850615453495","@module":"flavor::psp::format_2025::operations","@pid":9247,"@timestamp":"2026-03-31T20:28:01.365941Z"}
{"@file":"src/psp/format_2025/operations.rs","@level":"debug","@line":60,"@message":"✅ Operations unpacked: count=6 operations=[134, 142, 187, 32, 163, 157]","@module":"flavor::psp::format_2025::operations","@pid":9247,"@timestamp":"2026-03-31T20:28:01.365953Z"}
test psp::format_2025::verifier::tests::test_attestation_sbom_digest_match ... ok{"@file":"src/psp/format_2025/reader.rs","@level":"debug","@line":233,"@message":"✅ Successfully parsed metadata for test v0.0.1","@module":"flavor::psp::format_2025::reader","@pid":9247,"@timestamp":"2026-03-31T20:28:01.365945Z"}

{"@file":"src/psp/format_2025/reader.rs","@level":"debug","@line":107,"@message":"  slot_table_offset: 0x0000000000000000","@module":"flavor::psp::format_2025::reader","@pid":9247,"@timestamp":"2026-03-31T20:28:01.365754Z"}
{"@file":"src/psp/format_2025/reader.rs","@level":"debug","@line":117,"@message":"Index loaded in 1.120166ms","@module":"flavor::psp::format_2025::reader","@pid":9247,"@timestamp":"2026-03-31T20:28:01.365905Z"}
{"@file":"src/psp/format_2025/operations.rs","@level":"debug","@line":37,"@message":"✅ Operations packed: result=56864","@module":"flavor::psp::format_2025::operations","@pid":9247,"@timestamp":"2026-03-31T20:28:01.366012Z"}
{"@file":"src/psp/format_2025/operations.rs","@level":"debug","@line":60,"@message":"✅ Operations unpacked: count=8 operations=[175, 248, 56, 194, 110, 35, 8, 29]","@module":"flavor::psp::format_2025::operations","@pid":9247,"@timestamp":"2026-03-31T20:28:01.365989Z"}
{"@file":"src/psp/format_2025/operations.rs","@level":"debug","@line":60,"@message":"✅ Operations unpacked: count=2 operations=[32, 222]","@module":"flavor::psp::format_2025::operations","@pid":9247,"@timestamp":"2026-03-31T20:28:01.366043Z"}
{"@file":"src/psp/format_2025/operations.rs","@level":"debug","@line":37,"@message":"✅ Operations packed: result=2091960985525483695","@module":"flavor::psp::format_2025::operations","@pid":9247,"@timestamp":"2026-03-31T20:28:01.366059Z"}
{"@file":"src/psp/format_2025/reader.rs","@level":"debug","@line":141,"@message":"📖 Reading metadata from offset 0x0, size 129 bytes","@module":"flavor::psp::format_2025::reader","@pid":9247,"@timestamp":"2026-03-31T20:28:01.365875Z"}
{"@file":"src/psp/format_2025/operations.rs","@level":"debug","@line":60,"@message":"✅ Operations unpacked: count=8 operations=[175, 248, 56, 194, 110, 35, 8, 29]","@module":"flavor::psp::format_2025::operations","@pid":9247,"@timestamp":"2026-03-31T20:28:01.366090Z"}
{"@file":"src/psp/format_2025/operations.rs","@level":"debug","@line":37,"@message":"✅ Operations packed: result=45225156362100946","@module":"flavor::psp::format_2025::operations","@pid":9247,"@timestamp":"2026-03-31T20:28:01.366101Z"}
{"@file":"src/psp/format_2025/reader.rs","@level":"debug","@line":108,"@message":"  slot_count: 0","@module":"flavor::psp::format_2025::reader","@pid":9247,"@timestamp":"2026-03-31T20:28:01.366016Z"}
test psp::format_2025::verifier::tests::test_verify_attestation_policy_hash_mismatch ... ok
{"@file":"src/psp/format_2025/reader.rs","@level":"debug","@line":297,"@message":"📊 Reading 1 slot descriptors from offset 0x15","@module":"flavor::psp::format_2025::reader","@pid":9247,"@timestamp":"2026-03-31T20:28:01.366035Z"}
{"@file":"src/psp/format_2025/operations.rs","@level":"debug","@line":37,"@message":"✅ Operations packed: result=94562445639848","@module":"flavor::psp::format_2025::operations","@pid":9247,"@timestamp":"2026-03-31T20:28:01.366003Z"}
{"@file":"src/psp/format_2025/operations.rs","@level":"debug","@line":60,"@message":"✅ Operations unpacked: count=7 operations=[210, 224, 223, 67, 10, 172, 160]","@module":"flavor::psp::format_2025::operations","@pid":9247,"@timestamp":"2026-03-31T20:28:01.366133Z"}
{"@file":"src/psp/format_2025/operations.rs","@level":"debug","@line":60,"@message":"✅ Operations unpacked: count=8 operations=[67, 64, 152, 144, 176, 146, 90, 62]","@module":"flavor::psp::format_2025::operations","@pid":9247,"@timestamp":"2026-03-31T20:28:01.366152Z"}
{"@file":"src/psp/format_2025/operations.rs","@level":"debug","@line":37,"@message":"✅ Operations packed: result=4493064865293287491","@module":"flavor::psp::format_2025::operations","@pid":9247,"@timestamp":"2026-03-31T20:28:01.366261Z"}
{"@file":"src/psp/format_2025/operations.rs","@level":"debug","@line":37,"@message":"✅ Operations packed: result=249516780689","@module":"flavor::psp::format_2025::operations","@pid":9247,"@timestamp":"2026-03-31T20:28:01.366267Z"}
{"@file":"src/psp/format_2025/operations.rs","@level":"debug","@line":60,"@message":"✅ Operations unpacked: count=8 operations=[67, 64, 152, 144, 176, 146, 90, 62]","@module":"flavor::psp::format_2025::operations","@pid":9247,"@timestamp":"2026-03-31T20:28:01.366281Z"}
{"@file":"src/psp/format_2025/reader.rs","@level":"debug","@line":233,"@message":"✅ Successfully parsed metadata for test v0.0.1","@module":"flavor::psp::format_2025::reader","@pid":9247,"@timestamp":"2026-03-31T20:28:01.366194Z"}
{"@file":"src/psp/format_2025/operations.rs","@level":"debug","@line":37,"@message":"✅ Operations packed: result=0","@module":"flavor::psp::format_2025::operations","@pid":9247,"@timestamp":"2026-03-31T20:28:01.366278Z"}
{"@file":"src/psp/format_2025/reader.rs","@level":"debug","@line":117,"@message":"Index loaded in 1.462125ms","@module":"flavor::psp::format_2025::reader","@pid":9247,"@timestamp":"2026-03-31T20:28:01.366272Z"}
{"@file":"src/psp/format_2025/operations.rs","@level":"debug","@line":60,"@message":"✅ Operations unpacked: count=0 operations=[]","@module":"flavor::psp::format_2025::operations","@pid":9247,"@timestamp":"2026-03-31T20:28:01.366342Z"}
{"@file":"src/psp/format_2025/reader.rs","@level":"debug","@line":141,"@message":"📖 Reading metadata from offset 0x0, size 164 bytes","@module":"flavor::psp::format_2025::reader","@pid":9247,"@timestamp":"2026-03-31T20:28:01.366357Z"}
test psp::format_2025::verifier::tests::test_attestation_sbom_digest_mismatch ... {"@file":"src/psp/format_2025/operations.rs","@level":"debug","@line":37,"@message":"✅ Operations packed: result=15860574460458681","@module":"flavor::psp::format_2025::operations","@pid":9247,"@timestamp":"2026-03-31T20:28:01.366330Z"}
ok{"@file":"src/psp/format_2025/operations.rs","@level":"debug","@line":37,"@message":"✅ Operations packed: result=2217","@module":"flavor::psp::format_2025::operations","@pid":9247,"@timestamp":"2026-03-31T20:28:01.366398Z"}

{"@file":"src/psp/format_2025/operations.rs","@level":"debug","@line":60,"@message":"✅ Operations unpacked: count=8 operations=[230, 98, 60, 19, 23, 244, 222, 149]","@module":"flavor::psp::format_2025::operations","@pid":9247,"@timestamp":"2026-03-31T20:28:01.366340Z"}
{"@file":"src/psp/format_2025/operations.rs","@level":"debug","@line":60,"@message":"✅ Operations unpacked: count=2 operations=[169, 8]","@module":"flavor::psp::format_2025::operations","@pid":9247,"@timestamp":"2026-03-31T20:28:01.366425Z"}
{"@file":"src/psp/format_2025/operations.rs","@level":"debug","@line":37,"@message":"✅ Operations packed: result=954772065","@module":"flavor::psp::format_2025::operations","@pid":9247,"@timestamp":"2026-03-31T20:28:01.366440Z"}
{"@file":"src/psp/format_2025/operations.rs","@level":"debug","@line":37,"@message":"✅ Operations packed: result=10799337336425177830","@module":"flavor::psp::format_2025::operations","@pid":9247,"@timestamp":"2026-03-31T20:28:01.366446Z"}
{"@file":"src/psp/format_2025/reader.rs","@level":"debug","@line":233,"@message":"✅ Successfully parsed metadata for test v0.0.1","@module":"flavor::psp::format_2025::reader","@pid":9247,"@timestamp":"2026-03-31T20:28:01.366458Z"}
test psp::format_2025::verifier::tests::test_verify_attestation_policy_hash_present_no_policy_fails ... {"@file":"src/psp/format_2025/operations.rs","@level":"debug","@line":60,"@message":"✅ Operations unpacked: count=8 operations=[230, 98, 60, 19, 23, 244, 222, 149]","@module":"flavor::psp::format_2025::operations","@pid":9247,"@timestamp":"2026-03-31T20:28:01.366474Z"}
ok
{"@file":"src/psp/format_2025/operations.rs","@level":"debug","@line":37,"@message":"✅ Operations packed: result=322083784237","@module":"flavor::psp::format_2025::operations","@pid":9247,"@timestamp":"2026-03-31T20:28:01.366484Z"}
{"@file":"src/psp/format_2025/operations.rs","@level":"debug","@line":37,"@message":"✅ Operations packed: result=56914544537935309","@module":"flavor::psp::format_2025::operations","@pid":9247,"@timestamp":"2026-03-31T20:28:01.366491Z"}
{"@file":"src/psp/format_2025/operations.rs","@level":"debug","@line":60,"@message":"✅ Operations unpacked: count=5 operations=[45, 134, 176, 253, 74]","@module":"flavor::psp::format_2025::operations","@pid":9247,"@timestamp":"2026-03-31T20:28:01.366530Z"}
{"@file":"src/psp/format_2025/operations.rs","@level":"debug","@line":60,"@message":"✅ Operations unpacked: count=8 operations=[39, 126, 1, 239, 37, 231, 77, 200]","@module":"flavor::psp::format_2025::operations","@pid":9247,"@timestamp":"2026-03-31T20:28:01.366541Z"}
{"@file":"src/psp/format_2025/operations.rs","@level":"debug","@line":37,"@message":"✅ Operations packed: result=14433446530901966375","@module":"flavor::psp::format_2025::operations","@pid":9247,"@timestamp":"2026-03-31T20:28:01.366563Z"}
{"@file":"src/psp/format_2025/operations.rs","@level":"debug","@line":37,"@message":"✅ Operations packed: result=14678700","@module":"flavor::psp::format_2025::operations","@pid":9247,"@timestamp":"2026-03-31T20:28:01.366573Z"}
{"@file":"src/psp/format_2025/operations.rs","@level":"debug","@line":60,"@message":"✅ Operations unpacked: count=8 operations=[39, 126, 1, 239, 37, 231, 77, 200]","@module":"flavor::psp::format_2025::operations","@pid":9247,"@timestamp":"2026-03-31T20:28:01.366584Z"}
{"@file":"src/psp/format_2025/operations.rs","@level":"debug","@line":37,"@message":"✅ Operations packed: result=34556463792296752","@module":"flavor::psp::format_2025::operations","@pid":9247,"@timestamp":"2026-03-31T20:28:01.366589Z"}
{"@file":"src/psp/format_2025/operations.rs","@level":"debug","@line":60,"@message":"✅ Operations unpacked: count=7 operations=[48, 147, 8, 181, 235, 196, 122]","@module":"flavor::psp::format_2025::operations","@pid":9247,"@timestamp":"2026-03-31T20:28:01.366626Z"}
test psp::format_2025::verifier::tests::test_verify_attestation_policy_hash_match ... {"@file":"src/psp/format_2025/operations.rs","@level":"debug","@line":37,"@message":"✅ Operations packed: result=67687005051581049","@module":"flavor::psp::format_2025::operations","@pid":9247,"@timestamp":"2026-03-31T20:28:01.366630Z"}
ok
{"@file":"src/psp/format_2025/operations.rs","@level":"debug","@line":60,"@message":"✅ Operations unpacked: count=4 operations=[186, 12, 164, 91]","@module":"flavor::psp::format_2025::operations","@pid":9247,"@timestamp":"2026-03-31T20:28:01.366657Z"}
{"@file":"src/psp/format_2025/operations.rs","@level":"debug","@line":37,"@message":"✅ Operations packed: result=692935060820","@module":"flavor::psp::format_2025::operations","@pid":9247,"@timestamp":"2026-03-31T20:28:01.366680Z"}
{"@file":"src/psp/format_2025/operations.rs","@level":"debug","@line":37,"@message":"✅ Operations packed: result=1537477818","@module":"flavor::psp::format_2025::operations","@pid":9247,"@timestamp":"2026-03-31T20:28:01.366683Z"}
{"@file":"src/psp/format_2025/operations.rs","@level":"debug","@line":37,"@message":"✅ Operations packed: result=9718","@module":"flavor::psp::format_2025::operations","@pid":9247,"@timestamp":"2026-03-31T20:28:01.366690Z"}
{"@file":"src/psp/format_2025/operations.rs","@level":"debug","@line":60,"@message":"✅ Operations unpacked: count=4 operations=[186, 12, 164, 91]","@module":"flavor::psp::format_2025::operations","@pid":9247,"@timestamp":"2026-03-31T20:28:01.366724Z"}
{"@file":"src/psp/format_2025/operations.rs","@level":"debug","@line":60,"@message":"✅ Operations unpacked: count=5 operations=[84, 237, 37, 86, 161]","@module":"flavor::psp::format_2025::operations","@pid":9247,"@timestamp":"2026-03-31T20:28:01.366714Z"}
{"@file":"src/psp/format_2025/operations.rs","@level":"debug","@line":37,"@message":"✅ Operations packed: result=23952540282","@module":"flavor::psp::format_2025::operations","@pid":9247,"@timestamp":"2026-03-31T20:28:01.366769Z"}
{"@file":"src/psp/format_2025/operations.rs","@level":"debug","@line":37,"@message":"✅ Operations packed: result=7661086","@module":"flavor::psp::format_2025::operations","@pid":9247,"@timestamp":"2026-03-31T20:28:01.366784Z"}
{"@file":"src/psp/format_2025/operations.rs","@level":"debug","@line":60,"@message":"✅ Operations unpacked: count=8 operations=[3, 165, 202, 59, 95, 15, 153, 182]","@module":"flavor::psp::format_2025::operations","@pid":9247,"@timestamp":"2026-03-31T20:28:01.366779Z"}
{"@file":"src/psp/format_2025/operations.rs","@level":"debug","@line":60,"@message":"✅ Operations unpacked: count=3 operations=[30, 230, 116]","@module":"flavor::psp::format_2025::operations","@pid":9247,"@timestamp":"2026-03-31T20:28:01.366811Z"}
{"@file":"src/psp/format_2025/operations.rs","@level":"debug","@line":37,"@message":"✅ Operations packed: result=31235","@module":"flavor::psp::format_2025::operations","@pid":9247,"@timestamp":"2026-03-31T20:28:01.366822Z"}
{"@file":"src/psp/format_2025/operations.rs","@level":"debug","@line":37,"@message":"✅ Operations packed: result=13157564688039060739","@module":"flavor::psp::format_2025::operations","@pid":9247,"@timestamp":"2026-03-31T20:28:01.366820Z"}
{"@file":"src/psp/format_2025/operations.rs","@level":"debug","@line":60,"@message":"✅ Operations unpacked: count=8 operations=[3, 165, 202, 59, 95, 15, 153, 182]","@module":"flavor::psp::format_2025::operations","@pid":9247,"@timestamp":"2026-03-31T20:28:01.366863Z"}
{"@file":"src/psp/format_2025/operations.rs","@level":"debug","@line":37,"@message":"✅ Operations packed: result=4113968993","@module":"flavor::psp::format_2025::operations","@pid":9247,"@timestamp":"2026-03-31T20:28:01.366866Z"}
{"@file":"src/psp/format_2025/operations.rs","@level":"debug","@line":37,"@message":"✅ Operations packed: result=12245745659030979","@module":"flavor::psp::format_2025::operations","@pid":9247,"@timestamp":"2026-03-31T20:28:01.366879Z"}
{"@file":"src/psp/format_2025/operations.rs","@level":"debug","@line":60,"@message":"✅ Operations unpacked: count=4 operations=[97, 47, 54, 245]","@module":"flavor::psp::format_2025::operations","@pid":9247,"@timestamp":"2026-03-31T20:28:01.366895Z"}
{"@file":"src/psp/format_2025/operations.rs","@level":"debug","@line":60,"@message":"✅ Operations unpacked: count=8 operations=[104, 10, 161, 60, 44, 220, 175, 19]","@module":"flavor::psp::format_2025::operations","@pid":9247,"@timestamp":"2026-03-31T20:28:01.366916Z"}
{"@file":"src/psp/format_2025/operations.rs","@level":"debug","@line":37,"@message":"✅ Operations packed: result=0","@module":"flavor::psp::format_2025::operations","@pid":9247,"@timestamp":"2026-03-31T20:28:01.366933Z"}
{"@file":"src/psp/format_2025/operations.rs","@level":"debug","@line":37,"@message":"✅ Operations packed: result=65118","@module":"flavor::psp::format_2025::operations","@pid":9247,"@timestamp":"2026-03-31T20:28:01.366950Z"}
{"@file":"src/psp/format_2025/operations.rs","@level":"debug","@line":37,"@message":"✅ Operations packed: result=1418594490198854248","@module":"flavor::psp::format_2025::operations","@pid":9247,"@timestamp":"2026-03-31T20:28:01.366937Z"}
{"@file":"src/psp/format_2025/operations.rs","@level":"debug","@line":60,"@message":"✅ Operations unpacked: count=2 operations=[94, 254]","@module":"flavor::psp::format_2025::operations","@pid":9247,"@timestamp":"2026-03-31T20:28:01.366974Z"}
{"@file":"src/psp/format_2025/operations.rs","@level":"debug","@line":60,"@message":"✅ Operations unpacked: count=8 operations=[104, 10, 161, 60, 44, 220, 175, 19]","@module":"flavor::psp::format_2025::operations","@pid":9247,"@timestamp":"2026-03-31T20:28:01.366979Z"}
{"@file":"src/psp/format_2025/operations.rs","@level":"debug","@line":37,"@message":"✅ Operations packed: result=173","@module":"flavor::psp::format_2025::operations","@pid":9247,"@timestamp":"2026-03-31T20:28:01.366992Z"}
{"@file":"src/psp/format_2025/operations.rs","@level":"debug","@line":37,"@message":"✅ Operations packed: result=246","@module":"flavor::psp::format_2025::operations","@pid":9247,"@timestamp":"2026-03-31T20:28:01.367021Z"}
{"@file":"src/psp/format_2025/operations.rs","@level":"debug","@line":60,"@message":"✅ Operations unpacked: count=8 operations=[104, 174, 206, 188, 79, 196, 147, 20]","@module":"flavor::psp::format_2025::operations","@pid":9247,"@timestamp":"2026-03-31T20:28:01.367026Z"}
{"@file":"src/psp/format_2025/operations.rs","@level":"debug","@line":37,"@message":"✅ Operations packed: result=15152134","@module":"flavor::psp::format_2025::operations","@pid":9247,"@timestamp":"2026-03-31T20:28:01.367046Z"}
{"@file":"src/psp/format_2025/operations.rs","@level":"debug","@line":60,"@message":"✅ Operations unpacked: count=1 operations=[246]","@module":"flavor::psp::format_2025::operations","@pid":9247,"@timestamp":"2026-03-31T20:28:01.367049Z"}
{"@file":"src/psp/format_2025/operations.rs","@level":"debug","@line":37,"@message":"✅ Operations packed: result=1482744549084147304","@module":"flavor::psp::format_2025::operations","@pid":9247,"@timestamp":"2026-03-31T20:28:01.367056Z"}
{"@file":"src/psp/format_2025/operations.rs","@level":"debug","@line":60,"@message":"✅ Operations unpacked: count=8 operations=[104, 174, 206, 188, 79, 196, 147, 20]","@module":"flavor::psp::format_2025::operations","@pid":9247,"@timestamp":"2026-03-31T20:28:01.367097Z"}
{"@file":"src/psp/format_2025/operations.rs","@level":"debug","@line":37,"@message":"✅ Operations packed: result=143","@module":"flavor::psp::format_2025::operations","@pid":9247,"@timestamp":"2026-03-31T20:28:01.367105Z"}
{"@file":"src/psp/format_2025/operations.rs","@level":"debug","@line":37,"@message":"✅ Operations packed: result=187260187167528","@module":"flavor::psp::format_2025::operations","@pid":9247,"@timestamp":"2026-03-31T20:28:01.367121Z"}
{"@file":"src/psp/format_2025/operations.rs","@level":"debug","@line":60,"@message":"✅ Operations unpacked: count=8 operations=[58, 204, 250, 7, 122, 85, 64, 222]","@module":"flavor::psp::format_2025::operations","@pid":9247,"@timestamp":"2026-03-31T20:28:01.367145Z"}
{"@file":"src/psp/format_2025/operations.rs","@level":"debug","@line":60,"@message":"✅ Operations unpacked: count=6 operations=[40, 203, 239, 232, 79, 170]","@module":"flavor::psp::format_2025::operations","@pid":9247,"@timestamp":"2026-03-31T20:28:01.367146Z"}
{"@file":"src/psp/format_2025/operations.rs","@level":"debug","@line":37,"@message":"✅ Operations packed: result=11918092","@module":"flavor::psp::format_2025::operations","@pid":9247,"@timestamp":"2026-03-31T20:28:01.367161Z"}
{"@file":"src/psp/format_2025/operations.rs","@level":"debug","@line":37,"@message":"✅ Operations packed: result=16014894257537731642","@module":"flavor::psp::format_2025::operations","@pid":9247,"@timestamp":"2026-03-31T20:28:01.367167Z"}
{"@file":"src/psp/format_2025/operations.rs","@level":"debug","@line":37,"@message":"✅ Operations packed: result=6795783008277463018","@module":"flavor::psp::format_2025::operations","@pid":9247,"@timestamp":"2026-03-31T20:28:01.367202Z"}
{"@file":"src/psp/format_2025/operations.rs","@level":"debug","@line":60,"@message":"✅ Operations unpacked: count=8 operations=[58, 204, 250, 7, 122, 85, 64, 222]","@module":"flavor::psp::format_2025::operations","@pid":9247,"@timestamp":"2026-03-31T20:28:01.367205Z"}
{"@file":"src/psp/format_2025/operations.rs","@level":"debug","@line":37,"@message":"✅ Operations packed: result=51959","@module":"flavor::psp::format_2025::operations","@pid":9247,"@timestamp":"2026-03-31T20:28:01.367219Z"}
{"@file":"src/psp/format_2025/operations.rs","@level":"debug","@line":60,"@message":"✅ Operations unpacked: count=8 operations=[234, 127, 3, 243, 163, 120, 79, 94]","@module":"flavor::psp::format_2025::operations","@pid":9247,"@timestamp":"2026-03-31T20:28:01.367226Z"}
{"@file":"src/psp/format_2025/operations.rs","@level":"debug","@line":60,"@message":"✅ Operations unpacked: count=8 operations=[27, 121, 45, 25, 219, 80, 69, 26]","@module":"flavor::psp::format_2025::operations","@pid":9247,"@timestamp":"2026-03-31T20:28:01.367268Z"}
{"@file":"src/psp/format_2025/operations.rs","@level":"debug","@line":37,"@message":"✅ Operations packed: result=19289","@module":"flavor::psp::format_2025::operations","@pid":9247,"@timestamp":"2026-03-31T20:28:01.367289Z"}
{"@file":"src/psp/format_2025/operations.rs","@level":"debug","@line":37,"@message":"✅ Operations packed: result=0","@module":"flavor::psp::format_2025::operations","@pid":9247,"@timestamp":"2026-03-31T20:28:01.367275Z"}
{"@file":"src/psp/format_2025/operations.rs","@level":"debug","@line":37,"@message":"✅ Operations packed: result=1893008120329632027","@module":"flavor::psp::format_2025::operations","@pid":9247,"@timestamp":"2026-03-31T20:28:01.367305Z"}
{"@file":"src/psp/format_2025/operations.rs","@level":"debug","@line":60,"@message":"✅ Operations unpacked: count=2 operations=[89, 75]","@module":"flavor::psp::format_2025::operations","@pid":9247,"@timestamp":"2026-03-31T20:28:01.367313Z"}
{"@file":"src/psp/format_2025/operations.rs","@level":"debug","@line":60,"@message":"✅ Operations unpacked: count=8 operations=[27, 121, 45, 25, 219, 80, 69, 26]","@module":"flavor::psp::format_2025::operations","@pid":9247,"@timestamp":"2026-03-31T20:28:01.367329Z"}
{"@file":"src/psp/format_2025/operations.rs","@level":"debug","@line":37,"@message":"✅ Operations packed: result=213464370860961","@module":"flavor::psp::format_2025::operations","@pid":9247,"@timestamp":"2026-03-31T20:28:01.367352Z"}
{"@file":"src/psp/format_2025/operations.rs","@level":"debug","@line":37,"@message":"✅ Operations packed: result=0","@module":"flavor::psp::format_2025::operations","@pid":9247,"@timestamp":"2026-03-31T20:28:01.367364Z"}
{"@file":"src/psp/format_2025/operations.rs","@level":"debug","@line":60,"@message":"✅ Operations unpacked: count=0 operations=[]","@module":"flavor::psp::format_2025::operations","@pid":9247,"@timestamp":"2026-03-31T20:28:01.367383Z"}
{"@file":"src/psp/format_2025/operations.rs","@level":"debug","@line":60,"@message":"✅ Operations unpacked: count=8 operations=[16, 151, 23, 147, 245, 240, 120, 169]","@module":"flavor::psp::format_2025::operations","@pid":9247,"@timestamp":"2026-03-31T20:28:01.367387Z"}
{"@file":"src/psp/format_2025/operations.rs","@level":"debug","@line":37,"@message":"✅ Operations packed: result=28530535495719716","@module":"flavor::psp::format_2025::operations","@pid":9247,"@timestamp":"2026-03-31T20:28:01.367401Z"}
{"@file":"src/psp/format_2025/operations.rs","@level":"debug","@line":37,"@message":"✅ Operations packed: result=12211775327140550416","@module":"flavor::psp::format_2025::operations","@pid":9247,"@timestamp":"2026-03-31T20:28:01.367424Z"}
{"@file":"src/psp/format_2025/operations.rs","@level":"debug","@line":37,"@message":"✅ Operations packed: result=278746703009","@module":"flavor::psp::format_2025::operations","@pid":9247,"@timestamp":"2026-03-31T20:28:01.367431Z"}
{"@file":"src/psp/format_2025/operations.rs","@level":"debug","@line":60,"@message":"✅ Operations unpacked: count=8 operations=[16, 151, 23, 147, 245, 240, 120, 169]","@module":"flavor::psp::format_2025::operations","@pid":9247,"@timestamp":"2026-03-31T20:28:01.367453Z"}
{"@file":"src/psp/format_2025/operations.rs","@level":"debug","@line":37,"@message":"✅ Operations packed: result=39795","@module":"flavor::psp::format_2025::operations","@pid":9247,"@timestamp":"2026-03-31T20:28:01.367463Z"}
{"@file":"src/psp/format_2025/operations.rs","@level":"debug","@line":60,"@message":"✅ Operations unpacked: count=5 operations=[161, 36, 153, 230, 64]","@module":"flavor::psp::format_2025::operations","@pid":9247,"@timestamp":"2026-03-31T20:28:01.367464Z"}
{"@file":"src/psp/format_2025/operations.rs","@level":"debug","@line":60,"@message":"✅ Operations unpacked: count=8 operations=[137, 102, 156, 81, 214, 234, 97, 215]","@module":"flavor::psp::format_2025::operations","@pid":9247,"@timestamp":"2026-03-31T20:28:01.367510Z"}
{"@file":"src/psp/format_2025/operations.rs","@level":"debug","@line":37,"@message":"✅ Operations packed: result=225","@module":"flavor::psp::format_2025::operations","@pid":9247,"@timestamp":"2026-03-31T20:28:01.367525Z"}
{"@file":"src/psp/format_2025/operations.rs","@level":"debug","@line":37,"@message":"✅ Operations packed: result=0","@module":"flavor::psp::format_2025::operations","@pid":9247,"@timestamp":"2026-03-31T20:28:01.367518Z"}
{"@file":"src/psp/format_2025/operations.rs","@level":"debug","@line":37,"@message":"✅ Operations packed: result=15519943997108545161","@module":"flavor::psp::format_2025::operations","@pid":9247,"@timestamp":"2026-03-31T20:28:01.367541Z"}
{"@file":"src/psp/format_2025/operations.rs","@level":"debug","@line":60,"@message":"✅ Operations unpacked: count=1 operations=[225]","@module":"flavor::psp::format_2025::operations","@pid":9247,"@timestamp":"2026-03-31T20:28:01.367550Z"}
{"@file":"src/psp/format_2025/operations.rs","@level":"debug","@line":60,"@message":"✅ Operations unpacked: count=8 operations=[137, 102, 156, 81, 214, 234, 97, 215]","@module":"flavor::psp::format_2025::operations","@pid":9247,"@timestamp":"2026-03-31T20:28:01.367566Z"}
{"@file":"src/psp/format_2025/operations.rs","@level":"debug","@line":37,"@message":"✅ Operations packed: result=782146650042","@module":"flavor::psp::format_2025::operations","@pid":9247,"@timestamp":"2026-03-31T20:28:01.367583Z"}
{"@file":"src/psp/format_2025/operations.rs","@level":"debug","@line":37,"@message":"✅ Operations packed: result=50313717709690134","@module":"flavor::psp::format_2025::operations","@pid":9247,"@timestamp":"2026-03-31T20:28:01.367662Z"}
{"@file":"src/psp/format_2025/operations.rs","@level":"debug","@line":60,"@message":"✅ Operations unpacked: count=7 operations=[22, 85, 106, 71, 15, 192, 178]","@module":"flavor::psp::format_2025::operations","@pid":9247,"@timestamp":"2026-03-31T20:28:01.367681Z"}
{"@file":"src/psp/format_2025/operations.rs","@level":"debug","@line":60,"@message":"✅ Operations unpacked: count=8 operations=[19, 78, 163, 158, 85, 216, 137, 14]","@module":"flavor::psp::format_2025::operations","@pid":9247,"@timestamp":"2026-03-31T20:28:01.367687Z"}
{"@file":"src/psp/format_2025/operations.rs","@level":"debug","@line":37,"@message":"✅ Operations packed: result=9306965350976111197","@module":"flavor::psp::format_2025::operations","@pid":9247,"@timestamp":"2026-03-31T20:28:01.367696Z"}
{"@file":"src/psp/format_2025/operations.rs","@level":"debug","@line":37,"@message":"✅ Operations packed: result=1047606250585673235","@module":"flavor::psp::format_2025::operations","@pid":9247,"@timestamp":"2026-03-31T20:28:01.367722Z"}
{"@file":"src/psp/format_2025/operations.rs","@level":"debug","@line":37,"@message":"✅ Operations packed: result=0","@module":"flavor::psp::format_2025::operations","@pid":9247,"@timestamp":"2026-03-31T20:28:01.367730Z"}
{"@file":"src/psp/format_2025/operations.rs","@level":"debug","@line":60,"@message":"✅ Operations unpacked: count=8 operations=[19, 78, 163, 158, 85, 216, 137, 14]","@module":"flavor::psp::format_2025::operations","@pid":9247,"@timestamp":"2026-03-31T20:28:01.367748Z"}
{"@file":"src/psp/format_2025/operations.rs","@level":"debug","@line":60,"@message":"✅ Operations unpacked: count=0 operations=[]","@module":"flavor::psp::format_2025::operations","@pid":9247,"@timestamp":"2026-03-31T20:28:01.367757Z"}
{"@file":"src/psp/format_2025/operations.rs","@level":"debug","@line":37,"@message":"✅ Operations packed: result=839474196293","@module":"flavor::psp::format_2025::operations","@pid":9247,"@timestamp":"2026-03-31T20:28:01.367765Z"}
{"@file":"src/psp/format_2025/operations.rs","@level":"debug","@line":60,"@message":"✅ Operations unpacked: count=8 operations=[48, 205, 228, 164, 191, 67, 170, 18]","@module":"flavor::psp::format_2025::operations","@pid":9247,"@timestamp":"2026-03-31T20:28:01.367801Z"}
{"@file":"src/psp/format_2025/operations.rs","@level":"debug","@line":37,"@message":"✅ Operations packed: result=35584937361704579","@module":"flavor::psp::format_2025::operations","@pid":9247,"@timestamp":"2026-03-31T20:28:01.367813Z"}
{"@file":"src/psp/format_2025/operations.rs","@level":"debug","@line":37,"@message":"✅ Operations packed: result=2072364931","@module":"flavor::psp::format_2025::operations","@pid":9247,"@timestamp":"2026-03-31T20:28:01.367820Z"}
{"@file":"src/psp/format_2025/operations.rs","@level":"debug","@line":60,"@message":"✅ Operations unpacked: count=7 operations=[131, 134, 204, 222, 79, 108, 126]","@module":"flavor::psp::format_2025::operations","@pid":9247,"@timestamp":"2026-03-31T20:28:01.367841Z"}
{"@file":"src/psp/format_2025/operations.rs","@level":"debug","@line":37,"@message":"✅ Operations packed: result=1344961929107787056","@module":"flavor::psp::format_2025::operations","@pid":9247,"@timestamp":"2026-03-31T20:28:01.367828Z"}
{"@file":"src/psp/format_2025/operations.rs","@level":"debug","@line":37,"@message":"✅ Operations packed: result=672745527394","@module":"flavor::psp::format_2025::operations","@pid":9247,"@timestamp":"2026-03-31T20:28:01.367881Z"}
{"@file":"src/psp/format_2025/operations.rs","@level":"debug","@line":60,"@message":"✅ Operations unpacked: count=8 operations=[48, 205, 228, 164, 191, 67, 170, 18]","@module":"flavor::psp::format_2025::operations","@pid":9247,"@timestamp":"2026-03-31T20:28:01.367888Z"}
{"@file":"src/psp/format_2025/operations.rs","@level":"debug","@line":37,"@message":"✅ Operations packed: result=12","@module":"flavor::psp::format_2025::operations","@pid":9247,"@timestamp":"2026-03-31T20:28:01.367897Z"}
{"@file":"src/psp/format_2025/operations.rs","@level":"debug","@line":60,"@message":"✅ Operations unpacked: count=1 operations=[12]","@module":"flavor::psp::format_2025::operations","@pid":9247,"@timestamp":"2026-03-31T20:28:01.367931Z"}
{"@file":"src/psp/format_2025/operations.rs","@level":"debug","@line":37,"@message":"✅ Operations packed: result=12577419","@module":"flavor::psp::format_2025::operations","@pid":9247,"@timestamp":"2026-03-31T20:28:01.367933Z"}
{"@file":"src/psp/format_2025/operations.rs","@level":"debug","@line":60,"@message":"✅ Operations unpacked: count=8 operations=[253, 156, 80, 72, 169, 81, 148, 51]","@module":"flavor::psp::format_2025::operations","@pid":9247,"@timestamp":"2026-03-31T20:28:01.367946Z"}
{"@file":"src/psp/format_2025/operations.rs","@level":"debug","@line":37,"@message":"✅ Operations packed: result=3716685379992067325","@module":"flavor::psp::format_2025::operations","@pid":9247,"@timestamp":"2026-03-31T20:28:01.367974Z"}
{"@file":"src/psp/format_2025/operations.rs","@level":"debug","@line":37,"@message":"✅ Operations packed: result=363459278805","@module":"flavor::psp::format_2025::operations","@pid":9247,"@timestamp":"2026-03-31T20:28:01.367980Z"}
{"@file":"src/psp/format_2025/operations.rs","@level":"debug","@line":37,"@message":"✅ Operations packed: result=31790","@module":"flavor::psp::format_2025::operations","@pid":9247,"@timestamp":"2026-03-31T20:28:01.367985Z"}
{"@file":"src/psp/format_2025/operations.rs","@level":"debug","@line":60,"@message":"✅ Operations unpacked: count=8 operations=[253, 156, 80, 72, 169, 81, 148, 51]","@module":"flavor::psp::format_2025::operations","@pid":9247,"@timestamp":"2026-03-31T20:28:01.367995Z"}
{"@file":"src/psp/format_2025/operations.rs","@level":"debug","@line":60,"@message":"✅ Operations unpacked: count=5 operations=[213, 119, 220, 159, 84]","@module":"flavor::psp::format_2025::operations","@pid":9247,"@timestamp":"2026-03-31T20:28:01.368009Z"}
{"@file":"src/psp/format_2025/operations.rs","@level":"debug","@line":37,"@message":"✅ Operations packed: result=167","@module":"flavor::psp::format_2025::operations","@pid":9247,"@timestamp":"2026-03-31T20:28:01.368054Z"}
{"@file":"src/psp/format_2025/operations.rs","@level":"debug","@line":60,"@message":"✅ Operations unpacked: count=8 operations=[204, 68, 179, 6, 13, 178, 251, 103]","@module":"flavor::psp::format_2025::operations","@pid":9247,"@timestamp":"2026-03-31T20:28:01.368070Z"}
{"@file":"src/psp/format_2025/operations.rs","@level":"debug","@line":37,"@message":"✅ Operations packed: result=218763843806","@module":"flavor::psp::format_2025::operations","@pid":9247,"@timestamp":"2026-03-31T20:28:01.368080Z"}
{"@file":"src/psp/format_2025/operations.rs","@level":"debug","@line":37,"@message":"✅ Operations packed: result=7492778174077682892","@module":"flavor::psp::format_2025::operations","@pid":9247,"@timestamp":"2026-03-31T20:28:01.368100Z"}
{"@file":"src/psp/format_2025/operations.rs","@level":"debug","@line":60,"@message":"✅ Operations unpacked: count=5 operations=[222, 88, 87, 239, 50]","@module":"flavor::psp::format_2025::operations","@pid":9247,"@timestamp":"2026-03-31T20:28:01.368111Z"}
{"@file":"src/psp/format_2025/operations.rs","@level":"debug","@line":37,"@message":"✅ Operations packed: result=17099881467517267","@module":"flavor::psp::format_2025::operations","@pid":9247,"@timestamp":"2026-03-31T20:28:01.368105Z"}
{"@file":"src/psp/format_2025/operations.rs","@level":"debug","@line":60,"@message":"✅ Operations unpacked: count=8 operations=[204, 68, 179, 6, 13, 178, 251, 103]","@module":"flavor::psp::format_2025::operations","@pid":9247,"@timestamp":"2026-03-31T20:28:01.368129Z"}
{"@file":"src/psp/format_2025/operations.rs","@level":"debug","@line":37,"@message":"✅ Operations packed: result=33073954725148382","@module":"flavor::psp::format_2025::operations","@pid":9247,"@timestamp":"2026-03-31T20:28:01.368168Z"}
{"@file":"src/psp/format_2025/operations.rs","@level":"debug","@line":37,"@message":"✅ Operations packed: result=622309736175","@module":"flavor::psp::format_2025::operations","@pid":9247,"@timestamp":"2026-03-31T20:28:01.368173Z"}
{"@file":"src/psp/format_2025/operations.rs","@level":"debug","@line":60,"@message":"✅ Operations unpacked: count=8 operations=[123, 151, 42, 46, 72, 149, 16, 28]","@module":"flavor::psp::format_2025::operations","@pid":9247,"@timestamp":"2026-03-31T20:28:01.368181Z"}
{"@file":"src/psp/format_2025/operations.rs","@level":"debug","@line":60,"@message":"✅ Operations unpacked: count=7 operations=[222, 182, 181, 42, 150, 128, 117]","@module":"flavor::psp::format_2025::operations","@pid":9247,"@timestamp":"2026-03-31T20:28:01.368196Z"}
{"@file":"src/psp/format_2025/operations.rs","@level":"debug","@line":37,"@message":"✅ Operations packed: result=2022280369934079867","@module":"flavor::psp::format_2025::operations","@pid":9247,"@timestamp":"2026-03-31T20:28:01.368214Z"}
{"@file":"src/psp/format_2025/operations.rs","@level":"debug","@line":37,"@message":"✅ Operations packed: result=276709326427","@module":"flavor::psp::format_2025::operations","@pid":9247,"@timestamp":"2026-03-31T20:28:01.368234Z"}
{"@file":"src/psp/format_2025/operations.rs","@level":"debug","@line":60,"@message":"✅ Operations unpacked: count=8 operations=[123, 151, 42, 46, 72, 149, 16, 28]","@module":"flavor::psp::format_2025::operations","@pid":9247,"@timestamp":"2026-03-31T20:28:01.368234Z"}
{"@file":"src/psp/format_2025/operations.rs","@level":"debug","@line":37,"@message":"✅ Operations packed: result=580453053171","@module":"flavor::psp::format_2025::operations","@pid":9247,"@timestamp":"2026-03-31T20:28:01.368246Z"}
{"@file":"src/psp/format_2025/operations.rs","@level":"debug","@line":60,"@message":"✅ Operations unpacked: count=5 operations=[243, 178, 178, 37, 135]","@module":"flavor::psp::format_2025::operations","@pid":9247,"@timestamp":"2026-03-31T20:28:01.368268Z"}
{"@file":"src/psp/format_2025/operations.rs","@level":"debug","@line":60,"@message":"✅ Operations unpacked: count=8 operations=[218, 94, 151, 195, 59, 136, 170, 185]","@module":"flavor::psp::format_2025::operations","@pid":9247,"@timestamp":"2026-03-31T20:28:01.368290Z"}
{"@file":"src/psp/format_2025/operations.rs","@level":"debug","@line":37,"@message":"✅ Operations packed: result=2402911001720999517","@module":"flavor::psp::format_2025::operations","@pid":9247,"@timestamp":"2026-03-31T20:28:01.368284Z"}
{"@file":"src/psp/format_2025/operations.rs","@level":"debug","@line":37,"@message":"✅ Operations packed: result=13378655433323405018","@module":"flavor::psp::format_2025::operations","@pid":9247,"@timestamp":"2026-03-31T20:28:01.368318Z"}
{"@file":"src/psp/format_2025/operations.rs","@level":"debug","@line":60,"@message":"✅ Operations unpacked: count=8 operations=[218, 94, 151, 195, 59, 136, 170, 185]","@module":"flavor::psp::format_2025::operations","@pid":9247,"@timestamp":"2026-03-31T20:28:01.368337Z"}
{"@file":"src/psp/format_2025/operations.rs","@level":"debug","@line":37,"@message":"✅ Operations packed: result=4166908565","@module":"flavor::psp::format_2025::operations","@pid":9247,"@timestamp":"2026-03-31T20:28:01.368338Z"}
{"@file":"src/psp/format_2025/operations.rs","@level":"debug","@line":37,"@message":"✅ Operations packed: result=48","@module":"flavor::psp::format_2025::operations","@pid":9247,"@timestamp":"2026-03-31T20:28:01.368352Z"}
{"@file":"src/psp/format_2025/operations.rs","@level":"debug","@line":60,"@message":"✅ Operations unpacked: count=4 operations=[149, 250, 93, 248]","@module":"flavor::psp::format_2025::operations","@pid":9247,"@timestamp":"2026-03-31T20:28:01.368374Z"}
{"@file":"src/psp/format_2025/operations.rs","@level":"debug","@line":60,"@message":"✅ Operations unpacked: count=8 operations=[61, 82, 2, 54, 4, 109, 45, 211]","@module":"flavor::psp::format_2025::operations","@pid":9247,"@timestamp":"2026-03-31T20:28:01.368390Z"}
{"@file":"src/psp/format_2025/operations.rs","@level":"debug","@line":37,"@message":"✅ Operations packed: result=8683256373470286933","@module":"flavor::psp::format_2025::operations","@pid":9247,"@timestamp":"2026-03-31T20:28:01.368408Z"}
{"@file":"src/psp/format_2025/operations.rs","@level":"debug","@line":37,"@message":"✅ Operations packed: result=15216938580808192573","@module":"flavor::psp::format_2025::operations","@pid":9247,"@timestamp":"2026-03-31T20:28:01.368411Z"}
{"@file":"src/psp/format_2025/operations.rs","@level":"debug","@line":37,"@message":"✅ Operations packed: result=37","@module":"flavor::psp::format_2025::operations","@pid":9247,"@timestamp":"2026-03-31T20:28:01.368427Z"}
{"@file":"src/psp/format_2025/operations.rs","@level":"debug","@line":60,"@message":"✅ Operations unpacked: count=8 operations=[61, 82, 2, 54, 4, 109, 45, 211]","@module":"flavor::psp::format_2025::operations","@pid":9247,"@timestamp":"2026-03-31T20:28:01.368436Z"}
{"@file":"src/psp/format_2025/operations.rs","@level":"debug","@line":60,"@message":"✅ Operations unpacked: count=1 operations=[37]","@module":"flavor::psp::format_2025::operations","@pid":9247,"@timestamp":"2026-03-31T20:28:01.368446Z"}
{"@file":"src/psp/format_2025/operations.rs","@level":"debug","@line":37,"@message":"✅ Operations packed: result=10261","@module":"flavor::psp::format_2025::operations","@pid":9247,"@timestamp":"2026-03-31T20:28:01.368457Z"}
{"@file":"src/psp/format_2025/operations.rs","@level":"debug","@line":60,"@message":"✅ Operations unpacked: count=8 operations=[115, 154, 38, 169, 187, 31, 220, 150]","@module":"flavor::psp::format_2025::operations","@pid":9247,"@timestamp":"2026-03-31T20:28:01.368484Z"}
{"@file":"src/psp/format_2025/operations.rs","@level":"debug","@line":37,"@message":"✅ Operations packed: result=449421874055727841","@module":"flavor::psp::format_2025::operations","@pid":9247,"@timestamp":"2026-03-31T20:28:01.368498Z"}
{"@file":"src/psp/format_2025/operations.rs","@level":"debug","@line":37,"@message":"✅ Operations packed: result=13770392","@module":"flavor::psp::format_2025::operations","@pid":9247,"@timestamp":"2026-03-31T20:28:01.368504Z"}
{"@file":"src/psp/format_2025/operations.rs","@level":"debug","@line":37,"@message":"✅ Operations packed: result=10870598491422759539","@module":"flavor::psp::format_2025::operations","@pid":9247,"@timestamp":"2026-03-31T20:28:01.368528Z"}
{"@file":"src/psp/format_2025/operations.rs","@level":"debug","@line":60,"@message":"✅ Operations unpacked: count=8 operations=[225, 202, 97, 53, 208, 170, 60, 6]","@module":"flavor::psp::format_2025::operations","@pid":9247,"@timestamp":"2026-03-31T20:28:01.368542Z"}
{"@file":"src/psp/format_2025/operations.rs","@level":"debug","@line":60,"@message":"✅ Operations unpacked: count=8 operations=[115, 154, 38, 169, 187, 31, 220, 150]","@module":"flavor::psp::format_2025::operations","@pid":9247,"@timestamp":"2026-03-31T20:28:01.368560Z"}
{"@file":"src/psp/format_2025/operations.rs","@level":"debug","@line":37,"@message":"✅ Operations packed: result=0","@module":"flavor::psp::format_2025::operations","@pid":9247,"@timestamp":"2026-03-31T20:28:01.368579Z"}
{"@file":"src/psp/format_2025/operations.rs","@level":"debug","@line":37,"@message":"✅ Operations packed: result=12046515","@module":"flavor::psp::format_2025::operations","@pid":9247,"@timestamp":"2026-03-31T20:28:01.368603Z"}
{"@file":"src/psp/format_2025/operations.rs","@level":"debug","@line":60,"@message":"✅ Operations unpacked: count=8 operations=[82, 33, 133, 88, 49, 69, 80, 109]","@module":"flavor::psp::format_2025::operations","@pid":9247,"@timestamp":"2026-03-31T20:28:01.368608Z"}
{"@file":"src/psp/format_2025/operations.rs","@level":"debug","@line":37,"@message":"✅ Operations packed: result=65251","@module":"flavor::psp::format_2025::operations","@pid":9247,"@timestamp":"2026-03-31T20:28:01.368632Z"}
{"@file":"src/psp/format_2025/operations.rs","@level":"debug","@line":60,"@message":"✅ Operations unpacked: count=3 operations=[179, 208, 183]","@module":"flavor::psp::format_2025::operations","@pid":9247,"@timestamp":"2026-03-31T20:28:01.368632Z"}
{"@file":"src/psp/format_2025/operations.rs","@level":"debug","@line":37,"@message":"✅ Operations packed: result=7876871826511831378","@module":"flavor::psp::format_2025::operations","@pid":9247,"@timestamp":"2026-03-31T20:28:01.368645Z"}
{"@file":"src/psp/format_2025/operations.rs","@level":"debug","@line":60,"@message":"✅ Operations unpacked: count=8 operations=[82, 33, 133, 88, 49, 69, 80, 109]","@module":"flavor::psp::format_2025::operations","@pid":9247,"@timestamp":"2026-03-31T20:28:01.368671Z"}
{"@file":"src/psp/format_2025/operations.rs","@level":"debug","@line":37,"@message":"✅ Operations packed: result=3911086411079542","@module":"flavor::psp::format_2025::operations","@pid":9247,"@timestamp":"2026-03-31T20:28:01.368681Z"}
{"@file":"src/psp/format_2025/operations.rs","@level":"debug","@line":37,"@message":"✅ Operations packed: result=0","@module":"flavor::psp::format_2025::operations","@pid":9247,"@timestamp":"2026-03-31T20:28:01.368689Z"}
{"@file":"src/psp/format_2025/operations.rs","@level":"debug","@line":60,"@message":"✅ Operations unpacked: count=8 operations=[73, 166, 147, 186, 46, 53, 3, 138]","@module":"flavor::psp::format_2025::operations","@pid":9247,"@timestamp":"2026-03-31T20:28:01.368716Z"}
{"@file":"src/psp/format_2025/operations.rs","@level":"debug","@line":60,"@message":"✅ Operations unpacked: count=0 operations=[]","@module":"flavor::psp::format_2025::operations","@pid":9247,"@timestamp":"2026-03-31T20:28:01.368727Z"}
{"@file":"src/psp/format_2025/operations.rs","@level":"debug","@line":37,"@message":"✅ Operations packed: result=9944850876979193417","@module":"flavor::psp::format_2025::operations","@pid":9247,"@timestamp":"2026-03-31T20:28:01.368742Z"}
{"@file":"src/psp/format_2025/operations.rs","@level":"debug","@line":37,"@message":"✅ Operations packed: result=3518262","@module":"flavor::psp::format_2025::operations","@pid":9247,"@timestamp":"2026-03-31T20:28:01.368729Z"}
{"@file":"src/psp/format_2025/operations.rs","@level":"debug","@line":60,"@message":"✅ Operations unpacked: count=8 operations=[73, 166, 147, 186, 46, 53, 3, 138]","@module":"flavor::psp::format_2025::operations","@pid":9247,"@timestamp":"2026-03-31T20:28:01.368765Z"}
{"@file":"src/psp/format_2025/operations.rs","@level":"debug","@line":37,"@message":"✅ Operations packed: result=591940759","@module":"flavor::psp::format_2025::operations","@pid":9247,"@timestamp":"2026-03-31T20:28:01.368785Z"}
{"@file":"src/psp/format_2025/operations.rs","@level":"debug","@line":37,"@message":"✅ Operations packed: result=11496818338551712","@module":"flavor::psp::format_2025::operations","@pid":9247,"@timestamp":"2026-03-31T20:28:01.368799Z"}
{"@file":"src/psp/format_2025/operations.rs","@level":"debug","@line":60,"@message":"✅ Operations unpacked: count=4 operations=[151, 76, 72, 35]","@module":"flavor::psp::format_2025::operations","@pid":9247,"@timestamp":"2026-03-31T20:28:01.368810Z"}
{"@file":"src/psp/format_2025/operations.rs","@level":"debug","@line":60,"@message":"✅ Operations unpacked: count=8 operations=[203, 199, 110, 32, 130, 189, 7, 226]","@module":"flavor::psp::format_2025::operations","@pid":9247,"@timestamp":"2026-03-31T20:28:01.368812Z"}
{"@file":"src/psp/format_2025/operations.rs","@level":"debug","@line":37,"@message":"✅ Operations packed: result=10514","@module":"flavor::psp::format_2025::operations","@pid":9247,"@timestamp":"2026-03-31T20:28:01.368852Z"}
{"@file":"src/psp/format_2025/operations.rs","@level":"debug","@line":37,"@message":"✅ Operations packed: result=16287194943996217291","@module":"flavor::psp::format_2025::operations","@pid":9247,"@timestamp":"2026-03-31T20:28:01.368854Z"}
{"@file":"src/psp/format_2025/operations.rs","@level":"debug","@line":37,"@message":"✅ Operations packed: result=135","@module":"flavor::psp::format_2025::operations","@pid":9247,"@timestamp":"2026-03-31T20:28:01.368868Z"}
{"@file":"src/psp/format_2025/operations.rs","@level":"debug","@line":60,"@message":"✅ Operations unpacked: count=8 operations=[203, 199, 110, 32, 130, 189, 7, 226]","@module":"flavor::psp::format_2025::operations","@pid":9247,"@timestamp":"2026-03-31T20:28:01.368883Z"}
{"@file":"src/psp/format_2025/operations.rs","@level":"debug","@line":60,"@message":"✅ Operations unpacked: count=1 operations=[135]","@module":"flavor::psp::format_2025::operations","@pid":9247,"@timestamp":"2026-03-31T20:28:01.368896Z"}
{"@file":"src/psp/format_2025/operations.rs","@level":"debug","@line":37,"@message":"✅ Operations packed: result=3205064","@module":"flavor::psp::format_2025::operations","@pid":9247,"@timestamp":"2026-03-31T20:28:01.368904Z"}
{"@file":"src/psp/format_2025/operations.rs","@level":"debug","@line":60,"@message":"✅ Operations unpacked: count=8 operations=[120, 3, 47, 74, 76, 70, 134, 8]","@module":"flavor::psp::format_2025::operations","@pid":9247,"@timestamp":"2026-03-31T20:28:01.368936Z"}
{"@file":"src/psp/format_2025/operations.rs","@level":"debug","@line":37,"@message":"✅ Operations packed: result=244","@module":"flavor::psp::format_2025::operations","@pid":9247,"@timestamp":"2026-03-31T20:28:01.368952Z"}
{"@file":"src/psp/format_2025/operations.rs","@level":"debug","@line":37,"@message":"✅ Operations packed: result=614255692658705272","@module":"flavor::psp::format_2025::operations","@pid":9247,"@timestamp":"2026-03-31T20:28:01.368957Z"}
{"@file":"src/psp/format_2025/operations.rs","@level":"debug","@line":60,"@message":"✅ Operations unpacked: count=1 operations=[244]","@module":"flavor::psp::format_2025::operations","@pid":9247,"@timestamp":"2026-03-31T20:28:01.368983Z"}
{"@file":"src/psp/format_2025/operations.rs","@level":"debug","@line":37,"@message":"✅ Operations packed: result=0","@module":"flavor::psp::format_2025::operations","@pid":9247,"@timestamp":"2026-03-31T20:28:01.368962Z"}
{"@file":"src/psp/format_2025/operations.rs","@level":"debug","@line":60,"@message":"✅ Operations unpacked: count=8 operations=[120, 3, 47, 74, 76, 70, 134, 8]","@module":"flavor::psp::format_2025::operations","@pid":9247,"@timestamp":"2026-03-31T20:28:01.368998Z"}
{"@file":"src/psp/format_2025/operations.rs","@level":"debug","@line":37,"@message":"✅ Operations packed: result=182812162165482","@module":"flavor::psp::format_2025::operations","@pid":9247,"@timestamp":"2026-03-31T20:28:01.369038Z"}
{"@file":"src/psp/format_2025/operations.rs","@level":"debug","@line":37,"@message":"✅ Operations packed: result=264661651964842","@module":"flavor::psp::format_2025::operations","@pid":9247,"@timestamp":"2026-03-31T20:28:01.369053Z"}
{"@file":"src/psp/format_2025/operations.rs","@level":"debug","@line":60,"@message":"✅ Operations unpacked: count=6 operations=[234, 138, 252, 69, 68, 166]","@module":"flavor::psp::format_2025::operations","@pid":9247,"@timestamp":"2026-03-31T20:28:01.369062Z"}
{"@file":"src/psp/format_2025/operations.rs","@level":"debug","@line":60,"@message":"✅ Operations unpacked: count=8 operations=[120, 32, 212, 162, 58, 53, 39, 84]","@module":"flavor::psp::format_2025::operations","@pid":9247,"@timestamp":"2026-03-31T20:28:01.369056Z"}
{"@file":"src/psp/format_2025/operations.rs","@level":"debug","@line":37,"@message":"✅ Operations packed: result=6063873949233848440","@module":"flavor::psp::format_2025::operations","@pid":9247,"@timestamp":"2026-03-31T20:28:01.369106Z"}
{"@file":"src/psp/format_2025/operations.rs","@level":"debug","@line":37,"@message":"✅ Operations packed: result=13","@module":"flavor::psp::format_2025::operations","@pid":9247,"@timestamp":"2026-03-31T20:28:01.369109Z"}
{"@file":"src/psp/format_2025/operations.rs","@level":"debug","@line":37,"@message":"✅ Operations packed: result=194","@module":"flavor::psp::format_2025::operations","@pid":9247,"@timestamp":"2026-03-31T20:28:01.369123Z"}
{"@file":"src/psp/format_2025/operations.rs","@level":"debug","@line":60,"@message":"✅ Operations unpacked: count=8 operations=[120, 32, 212, 162, 58, 53, 39, 84]","@module":"flavor::psp::format_2025::operations","@pid":9247,"@timestamp":"2026-03-31T20:28:01.369127Z"}
{"@file":"src/psp/format_2025/operations.rs","@level":"debug","@line":60,"@message":"✅ Operations unpacked: count=1 operations=[194]","@module":"flavor::psp::format_2025::operations","@pid":9247,"@timestamp":"2026-03-31T20:28:01.369154Z"}
{"@file":"src/psp/format_2025/operations.rs","@level":"debug","@line":37,"@message":"✅ Operations packed: result=8058585","@module":"flavor::psp::format_2025::operations","@pid":9247,"@timestamp":"2026-03-31T20:28:01.369161Z"}
{"@file":"src/psp/format_2025/operations.rs","@level":"debug","@line":60,"@message":"✅ Operations unpacked: count=8 operations=[131, 239, 75, 234, 228, 206, 85, 158]","@module":"flavor::psp::format_2025::operations","@pid":9247,"@timestamp":"2026-03-31T20:28:01.369194Z"}
{"@file":"src/psp/format_2025/operations.rs","@level":"debug","@line":37,"@message":"✅ Operations packed: result=34084","@module":"flavor::psp::format_2025::operations","@pid":9247,"@timestamp":"2026-03-31T20:28:01.369212Z"}
{"@file":"src/psp/format_2025/operations.rs","@level":"debug","@line":37,"@message":"✅ Operations packed: result=11409252713591730051","@module":"flavor::psp::format_2025::operations","@pid":9247,"@timestamp":"2026-03-31T20:28:01.369214Z"}
{"@file":"src/psp/format_2025/operations.rs","@level":"debug","@line":37,"@message":"✅ Operations packed: result=64797542246","@module":"flavor::psp::format_2025::operations","@pid":9247,"@timestamp":"2026-03-31T20:28:01.369224Z"}
{"@file":"src/psp/format_2025/operations.rs","@level":"debug","@line":60,"@message":"✅ Operations unpacked: count=2 operations=[36, 133]","@module":"flavor::psp::format_2025::operations","@pid":9247,"@timestamp":"2026-03-31T20:28:01.369244Z"}
{"@file":"src/psp/format_2025/operations.rs","@level":"debug","@line":60,"@message":"✅ Operations unpacked: count=8 operations=[131, 239, 75, 234, 228, 206, 85, 158]","@module":"flavor::psp::format_2025::operations","@pid":9247,"@timestamp":"2026-03-31T20:28:01.369257Z"}
{"@file":"src/psp/format_2025/operations.rs","@level":"debug","@line":37,"@message":"✅ Operations packed: result=212","@module":"flavor::psp::format_2025::operations","@pid":9247,"@timestamp":"2026-03-31T20:28:01.369294Z"}
{"@file":"src/psp/format_2025/operations.rs","@level":"debug","@line":37,"@message":"✅ Operations packed: result=29603","@module":"flavor::psp::format_2025::operations","@pid":9247,"@timestamp":"2026-03-31T20:28:01.369310Z"}
{"@file":"src/psp/format_2025/operations.rs","@level":"debug","@line":60,"@message":"✅ Operations unpacked: count=8 operations=[183, 19, 198, 145, 16, 179, 89, 61]","@module":"flavor::psp::format_2025::operations","@pid":9247,"@timestamp":"2026-03-31T20:28:01.369323Z"}
{"@file":"src/psp/format_2025/operations.rs","@level":"debug","@line":60,"@message":"✅ Operations unpacked: count=2 operations=[163, 115]","@module":"flavor::psp::format_2025::operations","@pid":9247,"@timestamp":"2026-03-31T20:28:01.369338Z"}
{"@file":"src/psp/format_2025/operations.rs","@level":"debug","@line":37,"@message":"✅ Operations packed: result=867028851337","@module":"flavor::psp::format_2025::operations","@pid":9247,"@timestamp":"2026-03-31T20:28:01.369342Z"}
{"@file":"src/psp/format_2025/operations.rs","@level":"debug","@line":37,"@message":"✅ Operations packed: result=4420761392987378615","@module":"flavor::psp::format_2025::operations","@pid":9247,"@timestamp":"2026-03-31T20:28:01.369349Z"}
{"@file":"src/psp/format_2025/operations.rs","@level":"debug","@line":60,"@message":"✅ Operations unpacked: count=8 operations=[183, 19, 198, 145, 16, 179, 89, 61]","@module":"flavor::psp::format_2025::operations","@pid":9247,"@timestamp":"2026-03-31T20:28:01.369386Z"}
{"@file":"src/psp/format_2025/operations.rs","@level":"debug","@line":37,"@message":"✅ Operations packed: result=467065946243","@module":"flavor::psp::format_2025::operations","@pid":9247,"@timestamp":"2026-03-31T20:28:01.369395Z"}
{"@file":"src/psp/format_2025/operations.rs","@level":"debug","@line":37,"@message":"✅ Operations packed: result=58731","@module":"flavor::psp::format_2025::operations","@pid":9247,"@timestamp":"2026-03-31T20:28:01.369408Z"}
{"@file":"src/psp/format_2025/operations.rs","@level":"debug","@line":60,"@message":"✅ Operations unpacked: count=5 operations=[131, 192, 76, 191, 108]","@module":"flavor::psp::format_2025::operations","@pid":9247,"@timestamp":"2026-03-31T20:28:01.369420Z"}
{"@file":"src/psp/format_2025/operations.rs","@level":"debug","@line":60,"@message":"✅ Operations unpacked: count=8 operations=[203, 205, 204, 91, 31, 179, 115, 172]","@module":"flavor::psp::format_2025::operations","@pid":9247,"@timestamp":"2026-03-31T20:28:01.369435Z"}
{"@file":"src/psp/format_2025/operations.rs","@level":"debug","@line":37,"@message":"✅ Operations packed: result=362174760375","@module":"flavor::psp::format_2025::operations","@pid":9247,"@timestamp":"2026-03-31T20:28:01.369461Z"}
{"@file":"src/psp/format_2025/operations.rs","@level":"debug","@line":37,"@message":"✅ Operations packed: result=12426472744110837195","@module":"flavor::psp::format_2025::operations","@pid":9247,"@timestamp":"2026-03-31T20:28:01.369462Z"}
{"@file":"src/psp/format_2025/operations.rs","@level":"debug","@line":37,"@message":"✅ Operations packed: result=13053541","@module":"flavor::psp::format_2025::operations","@pid":9247,"@timestamp":"2026-03-31T20:28:01.369473Z"}
{"@file":"src/psp/format_2025/operations.rs","@level":"debug","@line":60,"@message":"✅ Operations unpacked: count=8 operations=[203, 205, 204, 91, 31, 179, 115, 172]","@module":"flavor::psp::format_2025::operations","@pid":9247,"@timestamp":"2026-03-31T20:28:01.369489Z"}
{"@file":"src/psp/format_2025/operations.rs","@level":"debug","@line":60,"@message":"✅ Operations unpacked: count=3 operations=[101, 46, 199]","@module":"flavor::psp::format_2025::operations","@pid":9247,"@timestamp":"2026-03-31T20:28:01.369499Z"}
{"@file":"src/psp/format_2025/operations.rs","@level":"debug","@line":37,"@message":"✅ Operations packed: result=0","@module":"flavor::psp::format_2025::operations","@pid":9247,"@timestamp":"2026-03-31T20:28:01.369509Z"}
{"@file":"src/psp/format_2025/operations.rs","@level":"debug","@line":60,"@message":"✅ Operations unpacked: count=8 operations=[141, 127, 73, 246, 85, 35, 146, 137]","@module":"flavor::psp::format_2025::operations","@pid":9247,"@timestamp":"2026-03-31T20:28:01.369552Z"}
{"@file":"src/psp/format_2025/operations.rs","@level":"debug","@line":37,"@message":"✅ Operations packed: result=3284387","@module":"flavor::psp::format_2025::operations","@pid":9247,"@timestamp":"2026-03-31T20:28:01.369566Z"}
{"@file":"src/psp/format_2025/operations.rs","@level":"debug","@line":37,"@message":"✅ Operations packed: result=9913024581907087245","@module":"flavor::psp::format_2025::operations","@pid":9247,"@timestamp":"2026-03-31T20:28:01.369578Z"}
{"@file":"src/psp/format_2025/operations.rs","@level":"debug","@line":37,"@message":"✅ Operations packed: result=1037589310905565572","@module":"flavor::psp::format_2025::operations","@pid":9247,"@timestamp":"2026-03-31T20:28:01.369580Z"}
{"@file":"src/psp/format_2025/operations.rs","@level":"debug","@line":60,"@message":"✅ Operations unpacked: count=8 operations=[141, 127, 73, 246, 85, 35, 146, 137]","@module":"flavor::psp::format_2025::operations","@pid":9247,"@timestamp":"2026-03-31T20:28:01.369597Z"}
{"@file":"src/psp/format_2025/operations.rs","@level":"debug","@line":60,"@message":"✅ Operations unpacked: count=3 operations=[163, 29, 50]","@module":"flavor::psp::format_2025::operations","@pid":9247,"@timestamp":"2026-03-31T20:28:01.369586Z"}
{"@file":"src/psp/format_2025/operations.rs","@level":"debug","@line":37,"@message":"✅ Operations packed: result=72","@module":"flavor::psp::format_2025::operations","@pid":9247,"@timestamp":"2026-03-31T20:28:01.369638Z"}
{"@file":"src/psp/format_2025/operations.rs","@level":"debug","@line":60,"@message":"✅ Operations unpacked: count=8 operations=[223, 157, 164, 213, 71, 222, 118, 86]","@module":"flavor::psp::format_2025::operations","@pid":9247,"@timestamp":"2026-03-31T20:28:01.369651Z"}
{"@file":"src/psp/format_2025/operations.rs","@level":"debug","@line":37,"@message":"✅ Operations packed: result=5617079417153786378","@module":"flavor::psp::format_2025::operations","@pid":9247,"@timestamp":"2026-03-31T20:28:01.369668Z"}
{"@file":"src/psp/format_2025/operations.rs","@level":"debug","@line":37,"@message":"✅ Operations packed: result=6230411534622039519","@module":"flavor::psp::format_2025::operations","@pid":9247,"@timestamp":"2026-03-31T20:28:01.369678Z"}
{"@file":"src/psp/format_2025/operations.rs","@level":"debug","@line":37,"@message":"✅ Operations packed: result=21546","@module":"flavor::psp::format_2025::operations","@pid":9247,"@timestamp":"2026-03-31T20:28:01.369687Z"}
{"@file":"src/psp/format_2025/operations.rs","@level":"debug","@line":60,"@message":"✅ Operations unpacked: count=8 operations=[10, 18, 156, 38, 248, 223, 243, 77]","@module":"flavor::psp::format_2025::operations","@pid":9247,"@timestamp":"2026-03-31T20:28:01.369693Z"}
{"@file":"src/psp/format_2025/operations.rs","@level":"debug","@line":60,"@message":"✅ Operations unpacked: count=8 operations=[223, 157, 164, 213, 71, 222, 118, 86]","@module":"flavor::psp::format_2025::operations","@pid":9247,"@timestamp":"2026-03-31T20:28:01.369703Z"}
{"@file":"src/psp/format_2025/operations.rs","@level":"debug","@line":37,"@message":"✅ Operations packed: result=794105498","@module":"flavor::psp::format_2025::operations","@pid":9247,"@timestamp":"2026-03-31T20:28:01.369742Z"}
{"@file":"src/psp/format_2025/operations.rs","@level":"debug","@line":37,"@message":"✅ Operations packed: result=447122534857","@module":"flavor::psp::format_2025::operations","@pid":9247,"@timestamp":"2026-03-31T20:28:01.369753Z"}
{"@file":"src/psp/format_2025/operations.rs","@level":"debug","@line":60,"@message":"✅ Operations unpacked: count=7 operations=[101, 235, 186, 181, 191, 106, 25]","@module":"flavor::psp::format_2025::operations","@pid":9247,"@timestamp":"2026-03-31T20:28:01.369765Z"}
{"@file":"src/psp/format_2025/operations.rs","@level":"debug","@line":60,"@message":"✅ Operations unpacked: count=5 operations=[201, 113, 148, 26, 104]","@module":"flavor::psp::format_2025::operations","@pid":9247,"@timestamp":"2026-03-31T20:28:01.369771Z"}
{"@file":"src/psp/format_2025/operations.rs","@level":"debug","@line":37,"@message":"✅ Operations packed: result=7154246037990245","@module":"flavor::psp::format_2025::operations","@pid":9247,"@timestamp":"2026-03-31T20:28:01.369786Z"}
{"@file":"src/psp/format_2025/operations.rs","@level":"debug","@line":37,"@message":"✅ Operations packed: result=61279605221423615","@module":"flavor::psp::format_2025::operations","@pid":9247,"@timestamp":"2026-03-31T20:28:01.369791Z"}
{"@file":"src/psp/format_2025/operations.rs","@level":"debug","@line":60,"@message":"✅ Operations unpacked: count=7 operations=[101, 235, 186, 181, 191, 106, 25]","@module":"flavor::psp::format_2025::operations","@pid":9247,"@timestamp":"2026-03-31T20:28:01.369804Z"}
{"@file":"src/psp/format_2025/operations.rs","@level":"debug","@line":37,"@message":"✅ Operations packed: result=115188304588114","@module":"flavor::psp::format_2025::operations","@pid":9247,"@timestamp":"2026-03-31T20:28:01.369818Z"}
{"@file":"src/psp/format_2025/operations.rs","@level":"debug","@line":60,"@message":"✅ Operations unpacked: count=6 operations=[82, 45, 250, 93, 195, 104]","@module":"flavor::psp::format_2025::operations","@pid":9247,"@timestamp":"2026-03-31T20:28:01.369837Z"}
{"@file":"src/psp/format_2025/operations.rs","@level":"debug","@line":37,"@message":"✅ Operations packed: result=2164012825","@module":"flavor::psp::format_2025::operations","@pid":9247,"@timestamp":"2026-03-31T20:28:01.369837Z"}
{"@file":"src/psp/format_2025/operations.rs","@level":"debug","@line":60,"@message":"✅ Operations unpacked: count=8 operations=[73, 79, 19, 44, 67, 82, 135, 165]","@module":"flavor::psp::format_2025::operations","@pid":9247,"@timestamp":"2026-03-31T20:28:01.369854Z"}
{"@file":"src/psp/format_2025/operations.rs","@level":"debug","@line":37,"@message":"✅ Operations packed: result=11927592586569797449","@module":"flavor::psp::format_2025::operations","@pid":9247,"@timestamp":"2026-03-31T20:28:01.369874Z"}
{"@file":"src/psp/format_2025/operations.rs","@level":"debug","@line":37,"@message":"✅ Operations packed: result=9050422862397529741","@module":"flavor::psp::format_2025::operations","@pid":9247,"@timestamp":"2026-03-31T20:28:01.369886Z"}
{"@file":"src/psp/format_2025/operations.rs","@level":"debug","@line":60,"@message":"✅ Operations unpacked: count=8 operations=[73, 79, 19, 44, 67, 82, 135, 165]","@module":"flavor::psp::format_2025::operations","@pid":9247,"@timestamp":"2026-03-31T20:28:01.369892Z"}
{"@file":"src/psp/format_2025/operations.rs","@level":"debug","@line":37,"@message":"✅ Operations packed: result=0","@module":"flavor::psp::format_2025::operations","@pid":9247,"@timestamp":"2026-03-31T20:28:01.369888Z"}
{"@file":"src/psp/format_2025/operations.rs","@level":"debug","@line":60,"@message":"✅ Operations unpacked: count=8 operations=[141, 94, 71, 100, 164, 143, 153, 125]","@module":"flavor::psp::format_2025::operations","@pid":9247,"@timestamp":"2026-03-31T20:28:01.369905Z"}
{"@file":"src/psp/format_2025/operations.rs","@level":"debug","@line":60,"@message":"✅ Operations unpacked: count=8 operations=[139, 52, 206, 34, 170, 99, 250, 91]","@module":"flavor::psp::format_2025::operations","@pid":9247,"@timestamp":"2026-03-31T20:28:01.369939Z"}
{"@file":"src/psp/format_2025/operations.rs","@level":"debug","@line":37,"@message":"✅ Operations packed: result=354389265324","@module":"flavor::psp::format_2025::operations","@pid":9247,"@timestamp":"2026-03-31T20:28:01.369951Z"}
{"@file":"src/psp/format_2025/operations.rs","@level":"debug","@line":37,"@message":"✅ Operations packed: result=6627719384008635531","@module":"flavor::psp::format_2025::operations","@pid":9247,"@timestamp":"2026-03-31T20:28:01.369958Z"}
{"@file":"src/psp/format_2025/operations.rs","@level":"debug","@line":37,"@message":"✅ Operations packed: result=357643909719","@module":"flavor::psp::format_2025::operations","@pid":9247,"@timestamp":"2026-03-31T20:28:01.369962Z"}
{"@file":"src/psp/format_2025/operations.rs","@level":"debug","@line":60,"@message":"✅ Operations unpacked: count=8 operations=[139, 52, 206, 34, 170, 99, 250, 91]","@module":"flavor::psp::format_2025::operations","@pid":9247,"@timestamp":"2026-03-31T20:28:01.369976Z"}
{"@file":"src/psp/format_2025/operations.rs","@level":"debug","@line":60,"@message":"✅ Operations unpacked: count=5 operations=[87, 250, 60, 69, 83]","@module":"flavor::psp::format_2025::operations","@pid":9247,"@timestamp":"2026-03-31T20:28:01.369989Z"}
{"@file":"src/psp/format_2025/operations.rs","@level":"debug","@line":37,"@message":"✅ Operations packed: result=6947516","@module":"flavor::psp::format_2025::operations","@pid":9247,"@timestamp":"2026-03-31T20:28:01.369998Z"}
{"@file":"src/psp/format_2025/operations.rs","@level":"debug","@line":60,"@message":"✅ Operations unpacked: count=8 operations=[38, 83, 228, 109, 147, 241, 130, 188]","@module":"flavor::psp::format_2025::operations","@pid":9247,"@timestamp":"2026-03-31T20:28:01.370030Z"}
{"@file":"src/psp/format_2025/operations.rs","@level":"debug","@line":37,"@message":"✅ Operations packed: result=88","@module":"flavor::psp::format_2025::operations","@pid":9247,"@timestamp":"2026-03-31T20:28:01.370047Z"}
{"@file":"src/psp/format_2025/operations.rs","@level":"debug","@line":37,"@message":"✅ Operations packed: result=8980524821","@module":"flavor::psp::format_2025::operations","@pid":9247,"@timestamp":"2026-03-31T20:28:01.370059Z"}
{"@file":"src/psp/format_2025/operations.rs","@level":"debug","@line":37,"@message":"✅ Operations packed: result=13583685041609003814","@module":"flavor::psp::format_2025::operations","@pid":9247,"@timestamp":"2026-03-31T20:28:01.370051Z"}
{"@file":"src/psp/format_2025/operations.rs","@level":"debug","@line":60,"@message":"✅ Operations unpacked: count=1 operations=[88]","@module":"flavor::psp::format_2025::operations","@pid":9247,"@timestamp":"2026-03-31T20:28:01.370076Z"}
{"@file":"src/psp/format_2025/operations.rs","@level":"debug","@line":60,"@message":"✅ Operations unpacked: count=8 operations=[38, 83, 228, 109, 147, 241, 130, 188]","@module":"flavor::psp::format_2025::operations","@pid":9247,"@timestamp":"2026-03-31T20:28:01.370088Z"}
{"@file":"src/psp/format_2025/operations.rs","@level":"debug","@line":37,"@message":"✅ Operations packed: result=62242","@module":"flavor::psp::format_2025::operations","@pid":9247,"@timestamp":"2026-03-31T20:28:01.370111Z"}
{"@file":"src/psp/format_2025/operations.rs","@level":"debug","@line":37,"@message":"✅ Operations packed: result=30607643795691253","@module":"flavor::psp::format_2025::operations","@pid":9247,"@timestamp":"2026-03-31T20:28:01.370128Z"}
{"@file":"src/psp/format_2025/operations.rs","@level":"debug","@line":60,"@message":"✅ Operations unpacked: count=8 operations=[245, 68, 60, 72, 90, 30, 204, 69]","@module":"flavor::psp::format_2025::operations","@pid":9247,"@timestamp":"2026-03-31T20:28:01.370141Z"}
{"@file":"src/psp/format_2025/operations.rs","@level":"debug","@line":60,"@message":"✅ Operations unpacked: count=7 operations=[245, 150, 218, 103, 125, 189, 108]","@module":"flavor::psp::format_2025::operations","@pid":9247,"@timestamp":"2026-03-31T20:28:01.370154Z"}
{"@file":"src/psp/format_2025/operations.rs","@level":"debug","@line":37,"@message":"✅ Operations packed: result=5029428256973800693","@module":"flavor::psp::format_2025::operations","@pid":9247,"@timestamp":"2026-03-31T20:28:01.370167Z"}
{"@file":"src/psp/format_2025/operations.rs","@level":"debug","@line":37,"@message":"✅ Operations packed: result=0","@module":"flavor::psp::format_2025::operations","@pid":9247,"@timestamp":"2026-03-31T20:28:01.370158Z"}
{"@file":"src/psp/format_2025/operations.rs","@level":"debug","@line":60,"@message":"✅ Operations unpacked: count=8 operations=[245, 68, 60, 72, 90, 30, 204, 69]","@module":"flavor::psp::format_2025::operations","@pid":9247,"@timestamp":"2026-03-31T20:28:01.370191Z"}
{"@file":"src/psp/format_2025/operations.rs","@level":"debug","@line":37,"@message":"✅ Operations packed: result=12707304","@module":"flavor::psp::format_2025::operations","@pid":9247,"@timestamp":"2026-03-31T20:28:01.370211Z"}
{"@file":"src/psp/format_2025/operations.rs","@level":"debug","@line":37,"@message":"✅ Operations packed: result=615241960970","@module":"flavor::psp::format_2025::operations","@pid":9247,"@timestamp":"2026-03-31T20:28:01.370225Z"}
{"@file":"src/psp/format_2025/operations.rs","@level":"debug","@line":60,"@message":"✅ Operations unpacked: count=3 operations=[232, 229, 193]","@module":"flavor::psp::format_2025::operations","@pid":9247,"@timestamp":"2026-03-31T20:28:01.370236Z"}
{"@file":"src/psp/format_2025/operations.rs","@level":"debug","@line":60,"@message":"✅ Operations unpacked: count=8 operations=[126, 238, 235, 5, 215, 45, 230, 4]","@module":"flavor::psp::format_2025::operations","@pid":9247,"@timestamp":"2026-03-31T20:28:01.370240Z"}
{"@file":"src/psp/format_2025/operations.rs","@level":"debug","@line":37,"@message":"✅ Operations packed: result=353020022335729278","@module":"flavor::psp::format_2025::operations","@pid":9247,"@timestamp":"2026-03-31T20:28:01.370276Z"}
{"@file":"src/psp/format_2025/operations.rs","@level":"debug","@line":37,"@message":"✅ Operations packed: result=0","@module":"flavor::psp::format_2025::operations","@pid":9247,"@timestamp":"2026-03-31T20:28:01.370278Z"}
{"@file":"src/psp/format_2025/operations.rs","@level":"debug","@line":37,"@message":"✅ Operations packed: result=750157216006","@module":"flavor::psp::format_2025::operations","@pid":9247,"@timestamp":"2026-03-31T20:28:01.370292Z"}
{"@file":"src/psp/format_2025/operations.rs","@level":"debug","@line":60,"@message":"✅ Operations unpacked: count=8 operations=[126, 238, 235, 5, 215, 45, 230, 4]","@module":"flavor::psp::format_2025::operations","@pid":9247,"@timestamp":"2026-03-31T20:28:01.370297Z"}
{"@file":"src/psp/format_2025/operations.rs","@level":"debug","@line":60,"@message":"✅ Operations unpacked: count=5 operations=[6, 185, 218, 168, 174]","@module":"flavor::psp::format_2025::operations","@pid":9247,"@timestamp":"2026-03-31T20:28:01.370322Z"}
{"@file":"src/psp/format_2025/operations.rs","@level":"debug","@line":37,"@message":"✅ Operations packed: result=252647401643567","@module":"flavor::psp::format_2025::operations","@pid":9247,"@timestamp":"2026-03-31T20:28:01.370331Z"}
{"@file":"src/psp/format_2025/operations.rs","@level":"debug","@line":60,"@message":"✅ Operations unpacked: count=8 operations=[84, 63, 234, 182, 33, 191, 21, 32]","@module":"flavor::psp::format_2025::operations","@pid":9247,"@timestamp":"2026-03-31T20:28:01.370362Z"}
{"@file":"src/psp/format_2025/operations.rs","@level":"debug","@line":37,"@message":"✅ Operations packed: result=0","@module":"flavor::psp::format_2025::operations","@pid":9247,"@timestamp":"2026-03-31T20:28:01.370377Z"}
{"@file":"src/psp/format_2025/operations.rs","@level":"debug","@line":37,"@message":"✅ Operations packed: result=2311964135248248660","@module":"flavor::psp::format_2025::operations","@pid":9247,"@timestamp":"2026-03-31T20:28:01.370383Z"}
{"@file":"src/psp/format_2025/operations.rs","@level":"debug","@line":37,"@message":"✅ Operations packed: result=706287452229315871","@module":"flavor::psp::format_2025::operations","@pid":9247,"@timestamp":"2026-03-31T20:28:01.370405Z"}
{"@file":"src/psp/format_2025/operations.rs","@level":"debug","@line":60,"@message":"✅ Operations unpacked: count=0 operations=[]","@module":"flavor::psp::format_2025::operations","@pid":9247,"@timestamp":"2026-03-31T20:28:01.370409Z"}
{"@file":"src/psp/format_2025/operations.rs","@level":"debug","@line":60,"@message":"✅ Operations unpacked: count=8 operations=[84, 63, 234, 182, 33, 191, 21, 32]","@module":"flavor::psp::format_2025::operations","@pid":9247,"@timestamp":"2026-03-31T20:28:01.370422Z"}
{"@file":"src/psp/format_2025/operations.rs","@level":"debug","@line":37,"@message":"✅ Operations packed: result=7501074","@module":"flavor::psp::format_2025::operations","@pid":9247,"@timestamp":"2026-03-31T20:28:01.370462Z"}
{"@file":"src/psp/format_2025/operations.rs","@level":"debug","@line":37,"@message":"✅ Operations packed: result=2105639736","@module":"flavor::psp::format_2025::operations","@pid":9247,"@timestamp":"2026-03-31T20:28:01.370478Z"}
{"@file":"src/psp/format_2025/operations.rs","@level":"debug","@line":60,"@message":"✅ Operations unpacked: count=8 operations=[170, 78, 183, 157, 180, 173, 7, 60]","@module":"flavor::psp::format_2025::operations","@pid":9247,"@timestamp":"2026-03-31T20:28:01.370481Z"}
{"@file":"src/psp/format_2025/operations.rs","@level":"debug","@line":60,"@message":"✅ Operations unpacked: count=4 operations=[56, 131, 129, 125]","@module":"flavor::psp::format_2025::operations","@pid":9247,"@timestamp":"2026-03-31T20:28:01.370505Z"}
{"@file":"src/psp/format_2025/operations.rs","@level":"debug","@line":37,"@message":"✅ Operations packed: result=4325616958364405418","@module":"flavor::psp::format_2025::operations","@pid":9247,"@timestamp":"2026-03-31T20:28:01.370510Z"}
{"@file":"src/psp/format_2025/operations.rs","@level":"debug","@line":37,"@message":"✅ Operations packed: result=590282527099","@module":"flavor::psp::format_2025::operations","@pid":9247,"@timestamp":"2026-03-31T20:28:01.370515Z"}
{"@file":"src/psp/format_2025/operations.rs","@level":"debug","@line":60,"@message":"✅ Operations unpacked: count=8 operations=[170, 78, 183, 157, 180, 173, 7, 60]","@module":"flavor::psp::format_2025::operations","@pid":9247,"@timestamp":"2026-03-31T20:28:01.370530Z"}
{"@file":"src/psp/format_2025/operations.rs","@level":"debug","@line":37,"@message":"✅ Operations packed: result=0","@module":"flavor::psp::format_2025::operations","@pid":9247,"@timestamp":"2026-03-31T20:28:01.370551Z"}
{"@file":"src/psp/format_2025/operations.rs","@level":"debug","@line":60,"@message":"✅ Operations unpacked: count=0 operations=[]","@module":"flavor::psp::format_2025::operations","@pid":9247,"@timestamp":"2026-03-31T20:28:01.370571Z"}
{"@file":"src/psp/format_2025/operations.rs","@level":"debug","@line":37,"@message":"✅ Operations packed: result=16169439352223005","@module":"flavor::psp::format_2025::operations","@pid":9247,"@timestamp":"2026-03-31T20:28:01.370571Z"}
{"@file":"src/psp/format_2025/operations.rs","@level":"debug","@line":60,"@message":"✅ Operations unpacked: count=8 operations=[31, 100, 164, 87, 21, 204, 204, 89]","@module":"flavor::psp::format_2025::operations","@pid":9247,"@timestamp":"2026-03-31T20:28:01.370581Z"}
{"@file":"src/psp/format_2025/operations.rs","@level":"debug","@line":37,"@message":"✅ Operations packed: result=6470771156661330975","@module":"flavor::psp::format_2025::operations","@pid":9247,"@timestamp":"2026-03-31T20:28:01.370607Z"}
{"@file":"src/psp/format_2025/operations.rs","@level":"debug","@line":37,"@message":"✅ Operations packed: result=5502973867476810557","@module":"flavor::psp::format_2025::operations","@pid":9247,"@timestamp":"2026-03-31T20:28:01.370619Z"}
{"@file":"src/psp/format_2025/operations.rs","@level":"debug","@line":60,"@message":"✅ Operations unpacked: count=8 operations=[31, 100, 164, 87, 21, 204, 204, 89]","@module":"flavor::psp::format_2025::operations","@pid":9247,"@timestamp":"2026-03-31T20:28:01.370625Z"}
{"@file":"src/psp/format_2025/operations.rs","@level":"debug","@line":37,"@message":"✅ Operations packed: result=200718968049477","@module":"flavor::psp::format_2025::operations","@pid":9247,"@timestamp":"2026-03-31T20:28:01.370628Z"}
{"@file":"src/psp/format_2025/operations.rs","@level":"debug","@line":60,"@message":"✅ Operations unpacked: count=8 operations=[61, 123, 54, 147, 147, 125, 94, 76]","@module":"flavor::psp::format_2025::operations","@pid":9247,"@timestamp":"2026-03-31T20:28:01.370640Z"}
{"@file":"src/psp/format_2025/operations.rs","@level":"debug","@line":60,"@message":"✅ Operations unpacked: count=8 operations=[39, 6, 15, 234, 223, 31, 134, 177]","@module":"flavor::psp::format_2025::operations","@pid":9247,"@timestamp":"2026-03-31T20:28:01.370672Z"}
{"@file":"src/psp/format_2025/operations.rs","@level":"debug","@line":37,"@message":"✅ Operations packed: result=252","@module":"flavor::psp::format_2025::operations","@pid":9247,"@timestamp":"2026-03-31T20:28:01.370681Z"}
{"@file":"src/psp/format_2025/operations.rs","@level":"debug","@line":37,"@message":"✅ Operations packed: result=12791946838157493799","@module":"flavor::psp::format_2025::operations","@pid":9247,"@timestamp":"2026-03-31T20:28:01.370693Z"}
{"@file":"src/psp/format_2025/operations.rs","@level":"debug","@line":37,"@message":"✅ Operations packed: result=262648774773944","@module":"flavor::psp::format_2025::operations","@pid":9247,"@timestamp":"2026-03-31T20:28:01.370694Z"}
{"@file":"src/psp/format_2025/operations.rs","@level":"debug","@line":60,"@message":"✅ Operations unpacked: count=8 operations=[39, 6, 15, 234, 223, 31, 134, 177]","@module":"flavor::psp::format_2025::operations","@pid":9247,"@timestamp":"2026-03-31T20:28:01.370719Z"}
{"@file":"src/psp/format_2025/operations.rs","@level":"debug","@line":60,"@message":"✅ Operations unpacked: count=6 operations=[184, 204, 235, 174, 224, 238]","@module":"flavor::psp::format_2025::operations","@pid":9247,"@timestamp":"2026-03-31T20:28:01.370724Z"}
{"@file":"src/psp/format_2025/operations.rs","@level":"debug","@line":37,"@message":"✅ Operations packed: result=25910272504086","@module":"flavor::psp::format_2025::operations","@pid":9247,"@timestamp":"2026-03-31T20:28:01.370736Z"}
{"@file":"src/psp/format_2025/operations.rs","@level":"debug","@line":60,"@message":"✅ Operations unpacked: count=8 operations=[129, 115, 76, 33, 222, 25, 47, 144]","@module":"flavor::psp::format_2025::operations","@pid":9247,"@timestamp":"2026-03-31T20:28:01.370766Z"}
{"@file":"src/psp/format_2025/operations.rs","@level":"debug","@line":37,"@message":"✅ Operations packed: result=27985","@module":"flavor::psp::format_2025::operations","@pid":9247,"@timestamp":"2026-03-31T20:28:01.370770Z"}
{"@file":"src/psp/format_2025/operations.rs","@level":"debug","@line":37,"@message":"✅ Operations packed: result=4556922","@module":"flavor::psp::format_2025::operations","@pid":9247,"@timestamp":"2026-03-31T20:28:01.370790Z"}
{"@file":"src/psp/format_2025/operations.rs","@level":"debug","@line":37,"@message":"✅ Operations packed: result=10389551307199116161","@module":"flavor::psp::format_2025::operations","@pid":9247,"@timestamp":"2026-03-31T20:28:01.370793Z"}
{"@file":"src/psp/format_2025/operations.rs","@level":"debug","@line":60,"@message":"✅ Operations unpacked: count=2 operations=[81, 109]","@module":"flavor::psp::format_2025::operations","@pid":9247,"@timestamp":"2026-03-31T20:28:01.370799Z"}
{"@file":"src/psp/format_2025/operations.rs","@level":"debug","@line":60,"@message":"✅ Operations unpacked: count=8 operations=[129, 115, 76, 33, 222, 25, 47, 144]","@module":"flavor::psp::format_2025::operations","@pid":9247,"@timestamp":"2026-03-31T20:28:01.370833Z"}
{"@file":"src/psp/format_2025/operations.rs","@level":"debug","@line":37,"@message":"✅ Operations packed: result=620762727242","@module":"flavor::psp::format_2025::operations","@pid":9247,"@timestamp":"2026-03-31T20:28:01.370848Z"}
{"@file":"src/psp/format_2025/operations.rs","@level":"debug","@line":37,"@message":"✅ Operations packed: result=0","@module":"flavor::psp::format_2025::operations","@pid":9247,"@timestamp":"2026-03-31T20:28:01.370866Z"}
{"@file":"src/psp/format_2025/operations.rs","@level":"debug","@line":60,"@message":"✅ Operations unpacked: count=8 operations=[128, 210, 87, 154, 214, 105, 242, 118]","@module":"flavor::psp::format_2025::operations","@pid":9247,"@timestamp":"2026-03-31T20:28:01.370880Z"}
{"@file":"src/psp/format_2025/operations.rs","@level":"debug","@line":60,"@message":"✅ Operations unpacked: count=0 operations=[]","@module":"flavor::psp::format_2025::operations","@pid":9247,"@timestamp":"2026-03-31T20:28:01.370890Z"}
{"@file":"src/psp/format_2025/operations.rs","@level":"debug","@line":37,"@message":"✅ Operations packed: result=8571029411272839808","@module":"flavor::psp::format_2025::operations","@pid":9247,"@timestamp":"2026-03-31T20:28:01.370900Z"}
{"@file":"src/psp/format_2025/operations.rs","@level":"debug","@line":37,"@message":"✅ Operations packed: result=15424430604029695718","@module":"flavor::psp::format_2025::operations","@pid":9247,"@timestamp":"2026-03-31T20:28:01.370902Z"}
{"@file":"src/psp/format_2025/operations.rs","@level":"debug","@line":60,"@message":"✅ Operations unpacked: count=8 operations=[128, 210, 87, 154, 214, 105, 242, 118]","@module":"flavor::psp::format_2025::operations","@pid":9247,"@timestamp":"2026-03-31T20:28:01.370920Z"}
{"@file":"src/psp/format_2025/operations.rs","@level":"debug","@line":37,"@message":"✅ Operations packed: result=65230","@module":"flavor::psp::format_2025::operations","@pid":9247,"@timestamp":"2026-03-31T20:28:01.370939Z"}
{"@file":"src/psp/format_2025/operations.rs","@level":"debug","@line":60,"@message":"✅ Operations unpacked: count=2 operations=[206, 254]","@module":"flavor::psp::format_2025::operations","@pid":9247,"@timestamp":"2026-03-31T20:28:01.370958Z"}
{"@file":"src/psp/format_2025/operations.rs","@level":"debug","@line":37,"@message":"✅ Operations packed: result=8455389","@module":"flavor::psp::format_2025::operations","@pid":9247,"@timestamp":"2026-03-31T20:28:01.370958Z"}
{"@file":"src/psp/format_2025/operations.rs","@level":"debug","@line":60,"@message":"✅ Operations unpacked: count=8 operations=[18, 248, 91, 228, 43, 200, 37, 152]","@module":"flavor::psp::format_2025::operations","@pid":9247,"@timestamp":"2026-03-31T20:28:01.370972Z"}
{"@file":"src/psp/format_2025/operations.rs","@level":"debug","@line":37,"@message":"✅ Operations packed: result=10963388958743722002","@module":"flavor::psp::format_2025::operations","@pid":9247,"@timestamp":"2026-03-31T20:28:01.370998Z"}
{"@file":"src/psp/format_2025/operations.rs","@level":"debug","@line":37,"@message":"✅ Operations packed: result=13913","@module":"flavor::psp::format_2025::operations","@pid":9247,"@timestamp":"2026-03-31T20:28:01.371004Z"}
{"@file":"src/psp/format_2025/operations.rs","@level":"debug","@line":37,"@message":"✅ Operations packed: result=1620","@module":"flavor::psp::format_2025::operations","@pid":9247,"@timestamp":"2026-03-31T20:28:01.371013Z"}
{"@file":"src/psp/format_2025/operations.rs","@level":"debug","@line":60,"@message":"✅ Operations unpacked: count=8 operations=[18, 248, 91, 228, 43, 200, 37, 152]","@module":"flavor::psp::format_2025::operations","@pid":9247,"@timestamp":"2026-03-31T20:28:01.371018Z"}
{"@file":"src/psp/format_2025/operations.rs","@level":"debug","@line":60,"@message":"✅ Operations unpacked: count=2 operations=[89, 54]","@module":"flavor::psp::format_2025::operations","@pid":9247,"@timestamp":"2026-03-31T20:28:01.371025Z"}
{"@file":"src/psp/format_2025/operations.rs","@level":"debug","@line":37,"@message":"✅ Operations packed: result=19203326259341586","@module":"flavor::psp::format_2025::operations","@pid":9247,"@timestamp":"2026-03-31T20:28:01.371073Z"}
{"@file":"src/psp/format_2025/operations.rs","@level":"debug","@line":37,"@message":"✅ Operations packed: result=2204973950","@module":"flavor::psp::format_2025::operations","@pid":9247,"@timestamp":"2026-03-31T20:28:01.371090Z"}
{"@file":"src/psp/format_2025/operations.rs","@level":"debug","@line":60,"@message":"✅ Operations unpacked: count=8 operations=[162, 11, 8, 120, 152, 110, 115, 213]","@module":"flavor::psp::format_2025::operations","@pid":9247,"@timestamp":"2026-03-31T20:28:01.371090Z"}
{"@file":"src/psp/format_2025/operations.rs","@level":"debug","@line":37,"@message":"✅ Operations packed: result=1823773133","@module":"flavor::psp::format_2025::operations","@pid":9247,"@timestamp":"2026-03-31T20:28:01.371124Z"}
{"@file":"src/psp/format_2025/operations.rs","@level":"debug","@line":37,"@message":"✅ Operations packed: result=15380758753528253346","@module":"flavor::psp::format_2025::operations","@pid":9247,"@timestamp":"2026-03-31T20:28:01.371139Z"}
{"@file":"src/psp/format_2025/operations.rs","@level":"debug","@line":60,"@message":"✅ Operations unpacked: count=4 operations=[126, 59, 109, 131]","@module":"flavor::psp::format_2025::operations","@pid":9247,"@timestamp":"2026-03-31T20:28:01.371129Z"}
{"@file":"src/psp/format_2025/operations.rs","@level":"debug","@line":60,"@message":"✅ Operations unpacked: count=8 operations=[162, 11, 8, 120, 152, 110, 115, 213]","@module":"flavor::psp::format_2025::operations","@pid":9247,"@timestamp":"2026-03-31T20:28:01.371165Z"}
{"@file":"src/psp/format_2025/operations.rs","@level":"debug","@line":37,"@message":"✅ Operations packed: result=14125","@module":"flavor::psp::format_2025::operations","@pid":9247,"@timestamp":"2026-03-31T20:28:01.371179Z"}
{"@file":"src/psp/format_2025/operations.rs","@level":"debug","@line":37,"@message":"✅ Operations packed: result=78290275814149","@module":"flavor::psp::format_2025::operations","@pid":9247,"@timestamp":"2026-03-31T20:28:01.371204Z"}
{"@file":"src/psp/format_2025/operations.rs","@level":"debug","@line":60,"@message":"✅ Operations unpacked: count=8 operations=[173, 14, 135, 165, 155, 133, 89, 91]","@module":"flavor::psp::format_2025::operations","@pid":9247,"@timestamp":"2026-03-31T20:28:01.371211Z"}
{"@file":"src/psp/format_2025/operations.rs","@level":"debug","@line":60,"@message":"✅ Operations unpacked: count=6 operations=[5, 75, 20, 96, 52, 71]","@module":"flavor::psp::format_2025::operations","@pid":9247,"@timestamp":"2026-03-31T20:28:01.371231Z"}
{"@file":"src/psp/format_2025/operations.rs","@level":"debug","@line":37,"@message":"✅ Operations packed: result=25080307594455966","@module":"flavor::psp::format_2025::operations","@pid":9247,"@timestamp":"2026-03-31T20:28:01.371232Z"}
{"@file":"src/psp/format_2025/operations.rs","@level":"debug","@line":37,"@message":"✅ Operations packed: result=6582439233922207405","@module":"flavor::psp::format_2025::operations","@pid":9247,"@timestamp":"2026-03-31T20:28:01.371237Z"}
{"@file":"src/psp/format_2025/operations.rs","@level":"debug","@line":60,"@message":"✅ Operations unpacked: count=8 operations=[173, 14, 135, 165, 155, 133, 89, 91]","@module":"flavor::psp::format_2025::operations","@pid":9247,"@timestamp":"2026-03-31T20:28:01.371275Z"}
{"@file":"src/psp/format_2025/operations.rs","@level":"debug","@line":37,"@message":"✅ Operations packed: result=37589","@module":"flavor::psp::format_2025::operations","@pid":9247,"@timestamp":"2026-03-31T20:28:01.371278Z"}
{"@file":"src/psp/format_2025/operations.rs","@level":"debug","@line":37,"@message":"✅ Operations packed: result=117","@module":"flavor::psp::format_2025::operations","@pid":9247,"@timestamp":"2026-03-31T20:28:01.371291Z"}
{"@file":"src/psp/format_2025/operations.rs","@level":"debug","@line":60,"@message":"✅ Operations unpacked: count=2 operations=[213, 146]","@module":"flavor::psp::format_2025::operations","@pid":9247,"@timestamp":"2026-03-31T20:28:01.371304Z"}
{"@file":"src/psp/format_2025/operations.rs","@level":"debug","@line":60,"@message":"✅ Operations unpacked: count=8 operations=[184, 158, 153, 117, 144, 222, 91, 251]","@module":"flavor::psp::format_2025::operations","@pid":9247,"@timestamp":"2026-03-31T20:28:01.371325Z"}
{"@file":"src/psp/format_2025/operations.rs","@level":"debug","@line":37,"@message":"✅ Operations packed: result=59505","@module":"flavor::psp::format_2025::operations","@pid":9247,"@timestamp":"2026-03-31T20:28:01.371343Z"}
{"@file":"src/psp/format_2025/operations.rs","@level":"debug","@line":37,"@message":"✅ Operations packed: result=41761","@module":"flavor::psp::format_2025::operations","@pid":9247,"@timestamp":"2026-03-31T20:28:01.371356Z"}
{"@file":"src/psp/format_2025/operations.rs","@level":"debug","@line":37,"@message":"✅ Operations packed: result=18112315038430240440","@module":"flavor::psp::format_2025::operations","@pid":9247,"@timestamp":"2026-03-31T20:28:01.371347Z"}
{"@file":"src/psp/format_2025/operations.rs","@level":"debug","@line":60,"@message":"✅ Operations unpacked: count=2 operations=[33, 163]","@module":"flavor::psp::format_2025::operations","@pid":9247,"@timestamp":"2026-03-31T20:28:01.371380Z"}
{"@file":"src/psp/format_2025/operations.rs","@level":"debug","@line":60,"@message":"✅ Operations unpacked: count=8 operations=[184, 158, 153, 117, 144, 222, 91, 251]","@module":"flavor::psp::format_2025::operations","@pid":9247,"@timestamp":"2026-03-31T20:28:01.371385Z"}
{"@file":"src/psp/format_2025/operations.rs","@level":"debug","@line":37,"@message":"✅ Operations packed: result=70528038590408310","@module":"flavor::psp::format_2025::operations","@pid":9247,"@timestamp":"2026-03-31T20:28:01.371401Z"}
{"@file":"src/psp/format_2025/operations.rs","@level":"debug","@line":37,"@message":"✅ Operations packed: result=22","@module":"flavor::psp::format_2025::operations","@pid":9247,"@timestamp":"2026-03-31T20:28:01.371426Z"}
{"@file":"src/psp/format_2025/operations.rs","@level":"debug","@line":60,"@message":"✅ Operations unpacked: count=8 operations=[225, 97, 134, 112, 109, 245, 165, 98]","@module":"flavor::psp::format_2025::operations","@pid":9247,"@timestamp":"2026-03-31T20:28:01.371431Z"}
{"@file":"src/psp/format_2025/operations.rs","@level":"debug","@line":37,"@message":"✅ Operations packed: result=68","@module":"flavor::psp::format_2025::operations","@pid":9247,"@timestamp":"2026-03-31T20:28:01.371453Z"}
{"@file":"src/psp/format_2025/operations.rs","@level":"debug","@line":60,"@message":"✅ Operations unpacked: count=1 operations=[22]","@module":"flavor::psp::format_2025::operations","@pid":9247,"@timestamp":"2026-03-31T20:28:01.371514Z"}
{"@file":"src/psp/format_2025/operations.rs","@level":"debug","@line":37,"@message":"✅ Operations packed: result=7108357437262291425","@module":"flavor::psp::format_2025::operations","@pid":9247,"@timestamp":"2026-03-31T20:28:01.371524Z"}
{"@file":"src/psp/format_2025/operations.rs","@level":"debug","@line":60,"@message":"✅ Operations unpacked: count=8 operations=[225, 97, 134, 112, 109, 245, 165, 98]","@module":"flavor::psp::format_2025::operations","@pid":9247,"@timestamp":"2026-03-31T20:28:01.371546Z"}
{"@file":"src/psp/format_2025/operations.rs","@level":"debug","@line":37,"@message":"✅ Operations packed: result=36647","@module":"flavor::psp::format_2025::operations","@pid":9247,"@timestamp":"2026-03-31T20:28:01.371563Z"}
{"@file":"src/psp/format_2025/operations.rs","@level":"debug","@line":37,"@message":"✅ Operations packed: result=10181277286964025183","@module":"flavor::psp::format_2025::operations","@pid":9247,"@timestamp":"2026-03-31T20:28:01.371570Z"}
{"@file":"src/psp/format_2025/operations.rs","@level":"debug","@line":60,"@message":"✅ Operations unpacked: count=8 operations=[95, 87, 62, 241, 191, 41, 75, 141]","@module":"flavor::psp::format_2025::operations","@pid":9247,"@timestamp":"2026-03-31T20:28:01.371589Z"}
{"@file":"src/psp/format_2025/operations.rs","@level":"debug","@line":60,"@message":"✅ Operations unpacked: count=8 operations=[250, 158, 95, 225, 245, 189, 198, 25]","@module":"flavor::psp::format_2025::operations","@pid":9247,"@timestamp":"2026-03-31T20:28:01.371590Z"}
{"@file":"src/psp/format_2025/operations.rs","@level":"debug","@line":37,"@message":"✅ Operations packed: result=8897436322320512","@module":"flavor::psp::format_2025::operations","@pid":9247,"@timestamp":"2026-03-31T20:28:01.371611Z"}
{"@file":"src/psp/format_2025/operations.rs","@level":"debug","@line":37,"@message":"✅ Operations packed: result=1857380760082685690","@module":"flavor::psp::format_2025::operations","@pid":9247,"@timestamp":"2026-03-31T20:28:01.371614Z"}
{"@file":"src/psp/format_2025/operations.rs","@level":"debug","@line":60,"@message":"✅ Operations unpacked: count=8 operations=[250, 158, 95, 225, 245, 189, 198, 25]","@module":"flavor::psp::format_2025::operations","@pid":9247,"@timestamp":"2026-03-31T20:28:01.371637Z"}
{"@file":"src/psp/format_2025/operations.rs","@level":"debug","@line":37,"@message":"✅ Operations packed: result=1899923270219652542","@module":"flavor::psp::format_2025::operations","@pid":9247,"@timestamp":"2026-03-31T20:28:01.371638Z"}
{"@file":"src/psp/format_2025/operations.rs","@level":"debug","@line":37,"@message":"✅ Operations packed: result=970078806820","@module":"flavor::psp::format_2025::operations","@pid":9247,"@timestamp":"2026-03-31T20:28:01.371660Z"}
{"@file":"src/psp/format_2025/operations.rs","@level":"debug","@line":60,"@message":"✅ Operations unpacked: count=8 operations=[190, 221, 240, 229, 37, 226, 93, 26]","@module":"flavor::psp::format_2025::operations","@pid":9247,"@timestamp":"2026-03-31T20:28:01.371662Z"}
{"@file":"src/psp/format_2025/operations.rs","@level":"debug","@line":60,"@message":"✅ Operations unpacked: count=8 operations=[232, 91, 67, 198, 255, 76, 142, 21]","@module":"flavor::psp::format_2025::operations","@pid":9247,"@timestamp":"2026-03-31T20:28:01.371684Z"}
{"@file":"src/psp/format_2025/operations.rs","@level":"debug","@line":37,"@message":"✅ Operations packed: result=1553263582916074472","@module":"flavor::psp::format_2025::operations","@pid":9247,"@timestamp":"2026-03-31T20:28:01.371703Z"}
{"@file":"src/psp/format_2025/operations.rs","@level":"debug","@line":37,"@message":"✅ Operations packed: result=3756311606","@module":"flavor::psp::format_2025::operations","@pid":9247,"@timestamp":"2026-03-31T20:28:01.371707Z"}
{"@file":"src/psp/format_2025/operations.rs","@level":"debug","@line":37,"@message":"✅ Operations packed: result=1231177119034306319","@module":"flavor::psp::format_2025::operations","@pid":9247,"@timestamp":"2026-03-31T20:28:01.371715Z"}
{"@file":"src/psp/format_2025/operations.rs","@level":"debug","@line":60,"@message":"✅ Operations unpacked: count=8 operations=[232, 91, 67, 198, 255, 76, 142, 21]","@module":"flavor::psp::format_2025::operations","@pid":9247,"@timestamp":"2026-03-31T20:28:01.371727Z"}
{"@file":"src/psp/format_2025/operations.rs","@level":"debug","@line":60,"@message":"✅ Operations unpacked: count=8 operations=[15, 239, 160, 19, 17, 5, 22, 17]","@module":"flavor::psp::format_2025::operations","@pid":9247,"@timestamp":"2026-03-31T20:28:01.371739Z"}
{"@file":"src/psp/format_2025/operations.rs","@level":"debug","@line":37,"@message":"✅ Operations packed: result=0","@module":"flavor::psp::format_2025::operations","@pid":9247,"@timestamp":"2026-03-31T20:28:01.371760Z"}
{"@file":"src/psp/format_2025/operations.rs","@level":"debug","@line":60,"@message":"✅ Operations unpacked: count=8 operations=[54, 152, 196, 94, 130, 124, 250, 77]","@module":"flavor::psp::format_2025::operations","@pid":9247,"@timestamp":"2026-03-31T20:28:01.371773Z"}
{"@file":"src/psp/format_2025/operations.rs","@level":"debug","@line":37,"@message":"✅ Operations packed: result=46092013895044481","@module":"flavor::psp::format_2025::operations","@pid":9247,"@timestamp":"2026-03-31T20:28:01.371788Z"}
{"@file":"src/psp/format_2025/operations.rs","@level":"debug","@line":37,"@message":"✅ Operations packed: result=5618940384475650102","@module":"flavor::psp::format_2025::operations","@pid":9247,"@timestamp":"2026-03-31T20:28:01.371793Z"}
{"@file":"src/psp/format_2025/operations.rs","@level":"debug","@line":60,"@message":"✅ Operations unpacked: count=7 operations=[129, 77, 50, 67, 113, 192, 163]","@module":"flavor::psp::format_2025::operations","@pid":9247,"@timestamp":"2026-03-31T20:28:01.371806Z"}
{"@file":"src/psp/format_2025/operations.rs","@level":"debug","@line":37,"@message":"✅ Operations packed: result=2320842921","@module":"flavor::psp::format_2025::operations","@pid":9247,"@timestamp":"2026-03-31T20:28:01.371807Z"}
{"@file":"src/psp/format_2025/operations.rs","@level":"debug","@line":60,"@message":"✅ Operations unpacked: count=8 operations=[54, 152, 196, 94, 130, 124, 250, 77]","@module":"flavor::psp::format_2025::operations","@pid":9247,"@timestamp":"2026-03-31T20:28:01.371810Z"}
{"@file":"src/psp/format_2025/operations.rs","@level":"debug","@line":37,"@message":"✅ Operations packed: result=122841504930","@module":"flavor::psp::format_2025::operations","@pid":9247,"@timestamp":"2026-03-31T20:28:01.371855Z"}
{"@file":"src/psp/format_2025/operations.rs","@level":"debug","@line":37,"@message":"✅ Operations packed: result=13027240","@module":"flavor::psp::format_2025::operations","@pid":9247,"@timestamp":"2026-03-31T20:28:01.371862Z"}
{"@file":"src/psp/format_2025/operations.rs","@level":"debug","@line":60,"@message":"✅ Operations unpacked: count=5 operations=[162, 156, 236, 153, 28]","@module":"flavor::psp::format_2025::operations","@pid":9247,"@timestamp":"2026-03-31T20:28:01.371874Z"}
{"@file":"src/psp/format_2025/operations.rs","@level":"debug","@line":60,"@message":"✅ Operations unpacked: count=8 operations=[49, 18, 26, 202, 65, 48, 6, 208]","@module":"flavor::psp::format_2025::operations","@pid":9247,"@timestamp":"2026-03-31T20:28:01.371883Z"}
{"@file":"src/psp/format_2025/operations.rs","@level":"debug","@line":37,"@message":"✅ Operations packed: result=104864500628218","@module":"flavor::psp::format_2025::operations","@pid":9247,"@timestamp":"2026-03-31T20:28:01.371909Z"}
{"@file":"src/psp/format_2025/operations.rs","@level":"debug","@line":37,"@message":"✅ Operations packed: result=14989721468870988337","@module":"flavor::psp::format_2025::operations","@pid":9247,"@timestamp":"2026-03-31T20:28:01.371914Z"}
{"@file":"src/psp/format_2025/operations.rs","@level":"debug","@line":37,"@message":"✅ Operations packed: result=828425898756","@module":"flavor::psp::format_2025::operations","@pid":9247,"@timestamp":"2026-03-31T20:28:01.371923Z"}
{"@file":"src/psp/format_2025/operations.rs","@level":"debug","@line":60,"@message":"✅ Operations unpacked: count=8 operations=[49, 18, 26, 202, 65, 48, 6, 208]","@module":"flavor::psp::format_2025::operations","@pid":9247,"@timestamp":"2026-03-31T20:28:01.371949Z"}
{"@file":"src/psp/format_2025/operations.rs","@level":"debug","@line":60,"@message":"✅ Operations unpacked: count=5 operations=[4, 11, 8, 226, 192]","@module":"flavor::psp::format_2025::operations","@pid":9247,"@timestamp":"2026-03-31T20:28:01.371971Z"}
{"@file":"src/psp/format_2025/operations.rs","@level":"debug","@line":37,"@message":"✅ Operations packed: result=177444486603372","@module":"flavor::psp::format_2025::operations","@pid":9247,"@timestamp":"2026-03-31T20:28:01.371979Z"}
{"@file":"src/psp/format_2025/operations.rs","@level":"debug","@line":60,"@message":"✅ Operations unpacked: count=8 operations=[143, 47, 115, 166, 231, 219, 15, 55]","@module":"flavor::psp::format_2025::operations","@pid":9247,"@timestamp":"2026-03-31T20:28:01.372013Z"}
{"@file":"src/psp/format_2025/operations.rs","@level":"debug","@line":37,"@message":"✅ Operations packed: result=553073347","@module":"flavor::psp::format_2025::operations","@pid":9247,"@timestamp":"2026-03-31T20:28:01.372034Z"}
{"@file":"src/psp/format_2025/operations.rs","@level":"debug","@line":37,"@message":"✅ Operations packed: result=3967631584713191311","@module":"flavor::psp::format_2025::operations","@pid":9247,"@timestamp":"2026-03-31T20:28:01.372037Z"}
{"@file":"src/psp/format_2025/operations.rs","@level":"debug","@line":37,"@message":"✅ Operations packed: result=5124572","@module":"flavor::psp::format_2025::operations","@pid":9247,"@timestamp":"2026-03-31T20:28:01.372047Z"}
{"@file":"src/psp/format_2025/operations.rs","@level":"debug","@line":60,"@message":"✅ Operations unpacked: count=4 operations=[195, 58, 247, 32]","@module":"flavor::psp::format_2025::operations","@pid":9247,"@timestamp":"2026-03-31T20:28:01.372065Z"}
{"@file":"src/psp/format_2025/operations.rs","@level":"debug","@line":60,"@message":"✅ Operations unpacked: count=8 operations=[143, 47, 115, 166, 231, 219, 15, 55]","@module":"flavor::psp::format_2025::operations","@pid":9247,"@timestamp":"2026-03-31T20:28:01.372086Z"}
{"@file":"src/psp/format_2025/operations.rs","@level":"debug","@line":37,"@message":"✅ Operations packed: result=0","@module":"flavor::psp::format_2025::operations","@pid":9247,"@timestamp":"2026-03-31T20:28:01.372122Z"}
{"@file":"src/psp/format_2025/operations.rs","@level":"debug","@line":37,"@message":"✅ Operations packed: result=17109954704842151515","@module":"flavor::psp::format_2025::operations","@pid":9247,"@timestamp":"2026-03-31T20:28:01.372159Z"}
{"@file":"src/psp/format_2025/operations.rs","@level":"debug","@line":60,"@message":"✅ Operations unpacked: count=8 operations=[79, 244, 195, 238, 124, 221, 187, 41]","@module":"flavor::psp::format_2025::operations","@pid":9247,"@timestamp":"2026-03-31T20:28:01.372172Z"}
{"@file":"src/psp/format_2025/operations.rs","@level":"debug","@line":60,"@message":"✅ Operations unpacked: count=8 operations=[91, 214, 35, 209, 38, 197, 114, 237]","@module":"flavor::psp::format_2025::operations","@pid":9247,"@timestamp":"2026-03-31T20:28:01.372181Z"}
{"@file":"src/psp/format_2025/operations.rs","@level":"debug","@line":37,"@message":"✅ Operations packed: result=16486485994750042392","@module":"flavor::psp::format_2025::operations","@pid":9247,"@timestamp":"2026-03-31T20:28:01.372188Z"}
{"@file":"src/psp/format_2025/operations.rs","@level":"debug","@line":37,"@message":"✅ Operations packed: result=3007240704851440719","@module":"flavor::psp::format_2025::operations","@pid":9247,"@timestamp":"2026-03-31T20:28:01.372199Z"}
{"@file":"src/psp/format_2025/operations.rs","@level":"debug","@line":60,"@message":"✅ Operations unpacked: count=8 operations=[79, 244, 195, 238, 124, 221, 187, 41]","@module":"flavor::psp::format_2025::operations","@pid":9247,"@timestamp":"2026-03-31T20:28:01.372225Z"}
{"@file":"src/psp/format_2025/operations.rs","@level":"debug","@line":37,"@message":"✅ Operations packed: result=10","@module":"flavor::psp::format_2025::operations","@pid":9247,"@timestamp":"2026-03-31T20:28:01.372236Z"}
{"@file":"src/psp/format_2025/operations.rs","@level":"debug","@line":37,"@message":"✅ Operations packed: result=3300944256","@module":"flavor::psp::format_2025::operations","@pid":9247,"@timestamp":"2026-03-31T20:28:01.372243Z"}
{"@file":"src/psp/format_2025/operations.rs","@level":"debug","@line":60,"@message":"✅ Operations unpacked: count=1 operations=[10]","@module":"flavor::psp::format_2025::operations","@pid":9247,"@timestamp":"2026-03-31T20:28:01.372264Z"}
{"@file":"src/psp/format_2025/operations.rs","@level":"debug","@line":60,"@message":"✅ Operations unpacked: count=8 operations=[61, 255, 67, 171, 206, 152, 225, 233]","@module":"flavor::psp::format_2025::operations","@pid":9247,"@timestamp":"2026-03-31T20:28:01.372274Z"}
{"@file":"src/psp/format_2025/operations.rs","@level":"debug","@line":37,"@message":"✅ Operations packed: result=95793358147327","@module":"flavor::psp::format_2025::operations","@pid":9247,"@timestamp":"2026-03-31T20:28:01.372297Z"}
{"@file":"src/psp/format_2025/operations.rs","@level":"debug","@line":37,"@message":"✅ Operations packed: result=52489297475255983","@module":"flavor::psp::format_2025::operations","@pid":9247,"@timestamp":"2026-03-31T20:28:01.372312Z"}
{"@file":"src/psp/format_2025/operations.rs","@level":"debug","@line":37,"@message":"✅ Operations packed: result=16852919294001151805","@module":"flavor::psp::format_2025::operations","@pid":9247,"@timestamp":"2026-03-31T20:28:01.372300Z"}
{"@file":"src/psp/format_2025/operations.rs","@level":"debug","@line":60,"@message":"✅ Operations unpacked: count=7 operations=[175, 190, 133, 234, 188, 122, 186]","@module":"flavor::psp::format_2025::operations","@pid":9247,"@timestamp":"2026-03-31T20:28:01.372334Z"}
{"@file":"src/psp/format_2025/operations.rs","@level":"debug","@line":60,"@message":"✅ Operations unpacked: count=8 operations=[61, 255, 67, 171, 206, 152, 225, 233]","@module":"flavor::psp::format_2025::operations","@pid":9247,"@timestamp":"2026-03-31T20:28:01.372341Z"}
{"@file":"src/psp/format_2025/operations.rs","@level":"debug","@line":37,"@message":"✅ Operations packed: result=2727393386","@module":"flavor::psp::format_2025::operations","@pid":9247,"@timestamp":"2026-03-31T20:28:01.372354Z"}
{"@file":"src/psp/format_2025/operations.rs","@level":"debug","@line":37,"@message":"✅ Operations packed: result=8600534","@module":"flavor::psp::format_2025::operations","@pid":9247,"@timestamp":"2026-03-31T20:28:01.372392Z"}
{"@file":"src/psp/format_2025/operations.rs","@level":"debug","@line":60,"@message":"✅ Operations unpacked: count=8 operations=[90, 91, 9, 32, 225, 67, 65, 140]","@module":"flavor::psp::format_2025::operations","@pid":9247,"@timestamp":"2026-03-31T20:28:01.372401Z"}
{"@file":"src/psp/format_2025/operations.rs","@level":"debug","@line":60,"@message":"✅ Operations unpacked: count=3 operations=[214, 59, 131]","@module":"flavor::psp::format_2025::operations","@pid":9247,"@timestamp":"2026-03-31T20:28:01.372416Z"}
{"@file":"src/psp/format_2025/operations.rs","@level":"debug","@line":37,"@message":"✅ Operations packed: result=202","@module":"flavor::psp::format_2025::operations","@pid":9247,"@timestamp":"2026-03-31T20:28:01.372415Z"}
{"@file":"src/psp/format_2025/operations.rs","@level":"debug","@line":37,"@message":"✅ Operations packed: result=10106433672980290394","@module":"flavor::psp::format_2025::operations","@pid":9247,"@timestamp":"2026-03-31T20:28:01.372421Z"}
{"@file":"src/psp/format_2025/operations.rs","@level":"debug","@line":60,"@message":"✅ Operations unpacked: count=8 operations=[90, 91, 9, 32, 225, 67, 65, 140]","@module":"flavor::psp::format_2025::operations","@pid":9247,"@timestamp":"2026-03-31T20:28:01.372455Z"}
{"@file":"src/psp/format_2025/operations.rs","@level":"debug","@line":37,"@message":"✅ Operations packed: result=379649645673","@module":"flavor::psp::format_2025::operations","@pid":9247,"@timestamp":"2026-03-31T20:28:01.372470Z"}
{"@file":"src/psp/format_2025/operations.rs","@level":"debug","@line":37,"@message":"✅ Operations packed: result=33498","@module":"flavor::psp::format_2025::operations","@pid":9247,"@timestamp":"2026-03-31T20:28:01.372479Z"}
{"@file":"src/psp/format_2025/operations.rs","@level":"debug","@line":60,"@message":"✅ Operations unpacked: count=5 operations=[105, 220, 225, 100, 88]","@module":"flavor::psp::format_2025::operations","@pid":9247,"@timestamp":"2026-03-31T20:28:01.372489Z"}
{"@file":"src/psp/format_2025/operations.rs","@level":"debug","@line":60,"@message":"✅ Operations unpacked: count=8 operations=[63, 137, 188, 97, 44, 110, 183, 8]","@module":"flavor::psp::format_2025::operations","@pid":9247,"@timestamp":"2026-03-31T20:28:01.372501Z"}
{"@file":"src/psp/format_2025/operations.rs","@level":"debug","@line":37,"@message":"✅ Operations packed: result=628091809938835775","@module":"flavor::psp::format_2025::operations","@pid":9247,"@timestamp":"2026-03-31T20:28:01.372521Z"}
{"@file":"src/psp/format_2025/operations.rs","@level":"debug","@line":37,"@message":"✅ Operations packed: result=3855750365","@module":"flavor::psp::format_2025::operations","@pid":9247,"@timestamp":"2026-03-31T20:28:01.372524Z"}
{"@file":"src/psp/format_2025/operations.rs","@level":"debug","@line":37,"@message":"✅ Operations packed: result=64300","@module":"flavor::psp::format_2025::operations","@pid":9247,"@timestamp":"2026-03-31T20:28:01.372535Z"}
{"@file":"src/psp/format_2025/operations.rs","@level":"debug","@line":60,"@message":"✅ Operations unpacked: count=8 operations=[63, 137, 188, 97, 44, 110, 183, 8]","@module":"flavor::psp::format_2025::operations","@pid":9247,"@timestamp":"2026-03-31T20:28:01.372540Z"}
{"@file":"src/psp/format_2025/operations.rs","@level":"debug","@line":60,"@message":"✅ Operations unpacked: count=2 operations=[44, 251]","@module":"flavor::psp::format_2025::operations","@pid":9247,"@timestamp":"2026-03-31T20:28:01.372552Z"}
{"@file":"src/psp/format_2025/operations.rs","@level":"debug","@line":60,"@message":"✅ Operations unpacked: count=8 operations=[65, 105, 98, 101, 140, 240, 13, 186]","@module":"flavor::psp::format_2025::operations","@pid":9247,"@timestamp":"2026-03-31T20:28:01.372590Z"}
{"@file":"src/psp/format_2025/operations.rs","@level":"debug","@line":37,"@message":"✅ Operations packed: result=45873","@module":"flavor::psp::format_2025::operations","@pid":9247,"@timestamp":"2026-03-31T20:28:01.372574Z"}
{"@file":"src/psp/format_2025/operations.rs","@level":"debug","@line":37,"@message":"✅ Operations packed: result=13406636151538870593","@module":"flavor::psp::format_2025::operations","@pid":9247,"@timestamp":"2026-03-31T20:28:01.372615Z"}
{"@file":"src/psp/format_2025/operations.rs","@level":"debug","@line":60,"@message":"✅ Operations unpacked: count=8 operations=[65, 105, 98, 101, 140, 240, 13, 186]","@module":"flavor::psp::format_2025::operations","@pid":9247,"@timestamp":"2026-03-31T20:28:01.372634Z"}
{"@file":"src/psp/format_2025/operations.rs","@level":"debug","@line":37,"@message":"✅ Operations packed: result=29285802410208270","@module":"flavor::psp::format_2025::operations","@pid":9247,"@timestamp":"2026-03-31T20:28:01.372643Z"}
{"@file":"src/psp/format_2025/operations.rs","@level":"debug","@line":37,"@message":"✅ Operations packed: result=5111550","@module":"flavor::psp::format_2025::operations","@pid":9247,"@timestamp":"2026-03-31T20:28:01.372649Z"}
{"@file":"src/psp/format_2025/operations.rs","@level":"debug","@line":60,"@message":"✅ Operations unpacked: count=7 operations=[14, 108, 159, 57, 72, 11, 104]","@module":"flavor::psp::format_2025::operations","@pid":9247,"@timestamp":"2026-03-31T20:28:01.372672Z"}
{"@file":"src/psp/format_2025/operations.rs","@level":"debug","@line":60,"@message":"✅ Operations unpacked: count=8 operations=[46, 190, 116, 22, 128, 83, 148, 93]","@module":"flavor::psp::format_2025::operations","@pid":9247,"@timestamp":"2026-03-31T20:28:01.372680Z"}
{"@file":"src/psp/format_2025/operations.rs","@level":"debug","@line":37,"@message":"✅ Operations packed: result=6743106351678144046","@module":"flavor::psp::format_2025::operations","@pid":9247,"@timestamp":"2026-03-31T20:28:01.372708Z"}
{"@file":"src/psp/format_2025/operations.rs","@level":"debug","@line":37,"@message":"✅ Operations packed: result=0","@module":"flavor::psp::format_2025::operations","@pid":9247,"@timestamp":"2026-03-31T20:28:01.372711Z"}
{"@file":"src/psp/format_2025/operations.rs","@level":"debug","@line":60,"@message":"✅ Operations unpacked: count=8 operations=[46, 190, 116, 22, 128, 83, 148, 93]","@module":"flavor::psp::format_2025::operations","@pid":9247,"@timestamp":"2026-03-31T20:28:01.372726Z"}
{"@file":"src/psp/format_2025/operations.rs","@level":"debug","@line":37,"@message":"✅ Operations packed: result=0","@module":"flavor::psp::format_2025::operations","@pid":9247,"@timestamp":"2026-03-31T20:28:01.372726Z"}
{"@file":"src/psp/format_2025/operations.rs","@level":"debug","@line":60,"@message":"✅ Operations unpacked: count=0 operations=[]","@module":"flavor::psp::format_2025::operations","@pid":9247,"@timestamp":"2026-03-31T20:28:01.372764Z"}
{"@file":"src/psp/format_2025/operations.rs","@level":"debug","@line":37,"@message":"✅ Operations packed: result=2552522605","@module":"flavor::psp::format_2025::operations","@pid":9247,"@timestamp":"2026-03-31T20:28:01.372775Z"}
{"@file":"src/psp/format_2025/operations.rs","@level":"debug","@line":60,"@message":"✅ Operations unpacked: count=8 operations=[183, 220, 255, 143, 53, 49, 164, 66]","@module":"flavor::psp::format_2025::operations","@pid":9247,"@timestamp":"2026-03-31T20:28:01.372799Z"}
{"@file":"src/psp/format_2025/operations.rs","@level":"debug","@line":37,"@message":"✅ Operations packed: result=190","@module":"flavor::psp::format_2025::operations","@pid":9247,"@timestamp":"2026-03-31T20:28:01.372816Z"}
{"@file":"src/psp/format_2025/operations.rs","@level":"debug","@line":37,"@message":"✅ Operations packed: result=4802017208802729143","@module":"flavor::psp::format_2025::operations","@pid":9247,"@timestamp":"2026-03-31T20:28:01.372820Z"}
{"@file":"src/psp/format_2025/operations.rs","@level":"debug","@line":37,"@message":"✅ Operations packed: result=0","@module":"flavor::psp::format_2025::operations","@pid":9247,"@timestamp":"2026-03-31T20:28:01.372826Z"}
{"@file":"src/psp/format_2025/operations.rs","@level":"debug","@line":60,"@message":"✅ Operations unpacked: count=1 operations=[190]","@module":"flavor::psp::format_2025::operations","@pid":9247,"@timestamp":"2026-03-31T20:28:01.372835Z"}
{"@file":"src/psp/format_2025/operations.rs","@level":"debug","@line":60,"@message":"✅ Operations unpacked: count=8 operations=[183, 220, 255, 143, 53, 49, 164, 66]","@module":"flavor::psp::format_2025::operations","@pid":9247,"@timestamp":"2026-03-31T20:28:01.372840Z"}
{"@file":"src/psp/format_2025/operations.rs","@level":"debug","@line":37,"@message":"✅ Operations packed: result=8625546175102896854","@module":"flavor::psp::format_2025::operations","@pid":9247,"@timestamp":"2026-03-31T20:28:01.372873Z"}
{"@file":"src/psp/format_2025/operations.rs","@level":"debug","@line":37,"@message":"✅ Operations packed: result=0","@module":"flavor::psp::format_2025::operations","@pid":9247,"@timestamp":"2026-03-31T20:28:01.372880Z"}
{"@file":"src/psp/format_2025/operations.rs","@level":"debug","@line":60,"@message":"✅ Operations unpacked: count=8 operations=[88, 56, 245, 67, 32, 76, 49, 5]","@module":"flavor::psp::format_2025::operations","@pid":9247,"@timestamp":"2026-03-31T20:28:01.372886Z"}
{"@file":"src/psp/format_2025/operations.rs","@level":"debug","@line":60,"@message":"✅ Operations unpacked: count=0 operations=[]","@module":"flavor::psp::format_2025::operations","@pid":9247,"@timestamp":"2026-03-31T20:28:01.372897Z"}
{"@file":"src/psp/format_2025/operations.rs","@level":"debug","@line":37,"@message":"✅ Operations packed: result=374163945511270488","@module":"flavor::psp::format_2025::operations","@pid":9247,"@timestamp":"2026-03-31T20:28:01.372906Z"}
{"@file":"src/psp/format_2025/operations.rs","@level":"debug","@line":37,"@message":"✅ Operations packed: result=17647078542038936353","@module":"flavor::psp::format_2025::operations","@pid":9247,"@timestamp":"2026-03-31T20:28:01.372922Z"}
{"@file":"src/psp/format_2025/operations.rs","@level":"debug","@line":60,"@message":"✅ Operations unpacked: count=8 operations=[88, 56, 245, 67, 32, 76, 49, 5]","@module":"flavor::psp::format_2025::operations","@pid":9247,"@timestamp":"2026-03-31T20:28:01.372924Z"}
{"@file":"src/psp/format_2025/operations.rs","@level":"debug","@line":37,"@message":"✅ Operations packed: result=0","@module":"flavor::psp::format_2025::operations","@pid":9247,"@timestamp":"2026-03-31T20:28:01.372943Z"}
{"@file":"src/psp/format_2025/operations.rs","@level":"debug","@line":37,"@message":"✅ Operations packed: result=356573921985","@module":"flavor::psp::format_2025::operations","@pid":9247,"@timestamp":"2026-03-31T20:28:01.372972Z"}
{"@file":"src/psp/format_2025/operations.rs","@level":"debug","@line":60,"@message":"✅ Operations unpacked: count=0 operations=[]","@module":"flavor::psp::format_2025::operations","@pid":9247,"@timestamp":"2026-03-31T20:28:01.372975Z"}
{"@file":"src/psp/format_2025/operations.rs","@level":"debug","@line":60,"@message":"✅ Operations unpacked: count=8 operations=[43, 102, 216, 9, 54, 35, 21, 19]","@module":"flavor::psp::format_2025::operations","@pid":9247,"@timestamp":"2026-03-31T20:28:01.372990Z"}
{"@file":"src/psp/format_2025/operations.rs","@level":"debug","@line":37,"@message":"✅ Operations packed: result=1375043976231937579","@module":"flavor::psp::format_2025::operations","@pid":9247,"@timestamp":"2026-03-31T20:28:01.373021Z"}
{"@file":"src/psp/format_2025/operations.rs","@level":"debug","@line":37,"@message":"✅ Operations packed: result=48454","@module":"flavor::psp::format_2025::operations","@pid":9247,"@timestamp":"2026-03-31T20:28:01.373030Z"}
{"@file":"src/psp/format_2025/operations.rs","@level":"debug","@line":60,"@message":"✅ Operations unpacked: count=8 operations=[43, 102, 216, 9, 54, 35, 21, 19]","@module":"flavor::psp::format_2025::operations","@pid":9247,"@timestamp":"2026-03-31T20:28:01.373040Z"}
{"@file":"src/psp/format_2025/operations.rs","@level":"debug","@line":37,"@message":"✅ Operations packed: result=48638","@module":"flavor::psp::format_2025::operations","@pid":9247,"@timestamp":"2026-03-31T20:28:01.373045Z"}
{"@file":"src/psp/format_2025/operations.rs","@level":"debug","@line":60,"@message":"✅ Operations unpacked: count=2 operations=[254, 189]","@module":"flavor::psp::format_2025::operations","@pid":9247,"@timestamp":"2026-03-31T20:28:01.373073Z"}
{"@file":"src/psp/format_2025/operations.rs","@level":"debug","@line":37,"@message":"✅ Operations packed: result=29407163479843189","@module":"flavor::psp::format_2025::operations","@pid":9247,"@timestamp":"2026-03-31T20:28:01.373085Z"}
{"@file":"src/psp/format_2025/operations.rs","@level":"debug","@line":60,"@message":"✅ Operations unpacked: count=8 operations=[61, 84, 39, 222, 196, 226, 1, 60]","@module":"flavor::psp::format_2025::operations","@pid":9247,"@timestamp":"2026-03-31T20:28:01.373094Z"}
{"@file":"src/psp/format_2025/operations.rs","@level":"debug","@line":37,"@message":"✅ Operations packed: result=4323986452420973629","@module":"flavor::psp::format_2025::operations","@pid":9247,"@timestamp":"2026-03-31T20:28:01.373119Z"}
{"@file":"src/psp/format_2025/operations.rs","@level":"debug","@line":37,"@message":"✅ Operations packed: result=89869071680162","@module":"flavor::psp::format_2025::operations","@pid":9247,"@timestamp":"2026-03-31T20:28:01.373122Z"}
{"@file":"src/psp/format_2025/operations.rs","@level":"debug","@line":37,"@message":"✅ Operations packed: result=1627253737","@module":"flavor::psp::format_2025::operations","@pid":9247,"@timestamp":"2026-03-31T20:28:01.373137Z"}
{"@file":"src/psp/format_2025/operations.rs","@level":"debug","@line":60,"@message":"✅ Operations unpacked: count=8 operations=[61, 84, 39, 222, 196, 226, 1, 60]","@module":"flavor::psp::format_2025::operations","@pid":9247,"@timestamp":"2026-03-31T20:28:01.373139Z"}
{"@file":"src/psp/format_2025/operations.rs","@level":"debug","@line":60,"@message":"✅ Operations unpacked: count=6 operations=[162, 2, 24, 70, 188, 81]","@module":"flavor::psp::format_2025::operations","@pid":9247,"@timestamp":"2026-03-31T20:28:01.373148Z"}
{"@file":"src/psp/format_2025/operations.rs","@level":"debug","@line":37,"@message":"✅ Operations packed: result=6112646349469","@module":"flavor::psp::format_2025::operations","@pid":9247,"@timestamp":"2026-03-31T20:28:01.373196Z"}
{"@file":"src/psp/format_2025/operations.rs","@level":"debug","@line":60,"@message":"✅ Operations unpacked: count=8 operations=[124, 89, 115, 245, 93, 124, 159, 191]","@module":"flavor::psp::format_2025::operations","@pid":9247,"@timestamp":"2026-03-31T20:28:01.373212Z"}
{"@file":"src/psp/format_2025/operations.rs","@level":"debug","@line":37,"@message":"✅ Operations packed: result=229272801353","@module":"flavor::psp::format_2025::operations","@pid":9247,"@timestamp":"2026-03-31T20:28:01.373218Z"}
{"@file":"src/psp/format_2025/operations.rs","@level":"debug","@line":37,"@message":"✅ Operations packed: result=13807891725533010300","@module":"flavor::psp::format_2025::operations","@pid":9247,"@timestamp":"2026-03-31T20:28:01.373239Z"}
{"@file":"src/psp/format_2025/operations.rs","@level":"debug","@line":60,"@message":"✅ Operations unpacked: count=5 operations=[73, 80, 185, 97, 53]","@module":"flavor::psp::format_2025::operations","@pid":9247,"@timestamp":"2026-03-31T20:28:01.373245Z"}
{"@file":"src/psp/format_2025/operations.rs","@level":"debug","@line":37,"@message":"✅ Operations packed: result=1087969515","@module":"flavor::psp::format_2025::operations","@pid":9247,"@timestamp":"2026-03-31T20:28:01.373250Z"}
{"@file":"src/psp/format_2025/operations.rs","@level":"debug","@line":60,"@message":"✅ Operations unpacked: count=8 operations=[124, 89, 115, 245, 93, 124, 159, 191]","@module":"flavor::psp::format_2025::operations","@pid":9247,"@timestamp":"2026-03-31T20:28:01.373258Z"}
{"@file":"src/psp/format_2025/operations.rs","@level":"debug","@line":37,"@message":"✅ Operations packed: result=740050887035","@module":"flavor::psp::format_2025::operations","@pid":9247,"@timestamp":"2026-03-31T20:28:01.373295Z"}
{"@file":"src/psp/format_2025/operations.rs","@level":"debug","@line":37,"@message":"✅ Operations packed: result=0","@module":"flavor::psp::format_2025::operations","@pid":9247,"@timestamp":"2026-03-31T20:28:01.373308Z"}
{"@file":"src/psp/format_2025/operations.rs","@level":"debug","@line":60,"@message":"✅ Operations unpacked: count=8 operations=[250, 201, 231, 169, 10, 86, 216, 80]","@module":"flavor::psp::format_2025::operations","@pid":9247,"@timestamp":"2026-03-31T20:28:01.373321Z"}
{"@file":"src/psp/format_2025/operations.rs","@level":"debug","@line":60,"@message":"✅ Operations unpacked: count=5 operations=[123, 97, 120, 78, 172]","@module":"flavor::psp::format_2025::operations","@pid":9247,"@timestamp":"2026-03-31T20:28:01.373314Z"}
{"@file":"src/psp/format_2025/operations.rs","@level":"debug","@line":37,"@message":"✅ Operations packed: result=5825500721803938298","@module":"flavor::psp::format_2025::operations","@pid":9247,"@timestamp":"2026-03-31T20:28:01.373346Z"}
{"@file":"src/psp/format_2025/operations.rs","@level":"debug","@line":37,"@message":"✅ Operations packed: result=1073281786921","@module":"flavor::psp::format_2025::operations","@pid":9247,"@timestamp":"2026-03-31T20:28:01.373363Z"}
{"@file":"src/psp/format_2025/operations.rs","@level":"debug","@line":37,"@message":"✅ Operations packed: result=64549039959430515","@module":"flavor::psp::format_2025::operations","@pid":9247,"@timestamp":"2026-03-31T20:28:01.373380Z"}
{"@file":"src/psp/format_2025/operations.rs","@level":"debug","@line":60,"@message":"✅ Operations unpacked: count=8 operations=[250, 201, 231, 169, 10, 86, 216, 80]","@module":"flavor::psp::format_2025::operations","@pid":9247,"@timestamp":"2026-03-31T20:28:01.373364Z"}
{"@file":"src/psp/format_2025/operations.rs","@level":"debug","@line":60,"@message":"✅ Operations unpacked: count=7 operations=[115, 213, 95, 133, 2, 83, 229]","@module":"flavor::psp::format_2025::operations","@pid":9247,"@timestamp":"2026-03-31T20:28:01.373406Z"}
{"@file":"src/psp/format_2025/operations.rs","@level":"debug","@line":37,"@message":"✅ Operations packed: result=6312295016449415857","@module":"flavor::psp::format_2025::operations","@pid":9247,"@timestamp":"2026-03-31T20:28:01.373427Z"}
{"@file":"src/psp/format_2025/operations.rs","@level":"debug","@line":60,"@message":"✅ Operations unpacked: count=8 operations=[182, 107, 161, 159, 92, 215, 19, 19]","@module":"flavor::psp::format_2025::operations","@pid":9247,"@timestamp":"2026-03-31T20:28:01.373439Z"}
{"@file":"src/psp/format_2025/operations.rs","@level":"debug","@line":37,"@message":"✅ Operations packed: result=41","@module":"flavor::psp::format_2025::operations","@pid":9247,"@timestamp":"2026-03-31T20:28:01.373451Z"}
{"@file":"src/psp/format_2025/operations.rs","@level":"debug","@line":37,"@message":"✅ Operations packed: result=1374679104093252534","@module":"flavor::psp::format_2025::operations","@pid":9247,"@timestamp":"2026-03-31T20:28:01.373465Z"}
{"@file":"src/psp/format_2025/operations.rs","@level":"debug","@line":60,"@message":"✅ Operations unpacked: count=1 operations=[41]","@module":"flavor::psp::format_2025::operations","@pid":9247,"@timestamp":"2026-03-31T20:28:01.373471Z"}
{"@file":"src/psp/format_2025/operations.rs","@level":"debug","@line":37,"@message":"✅ Operations packed: result=15514549762303957908","@module":"flavor::psp::format_2025::operations","@pid":9247,"@timestamp":"2026-03-31T20:28:01.373481Z"}
{"@file":"src/psp/format_2025/operations.rs","@level":"debug","@line":60,"@message":"✅ Operations unpacked: count=8 operations=[182, 107, 161, 159, 92, 215, 19, 19]","@module":"flavor::psp::format_2025::operations","@pid":9247,"@timestamp":"2026-03-31T20:28:01.373483Z"}
{"@file":"src/psp/format_2025/operations.rs","@level":"debug","@line":37,"@message":"✅ Operations packed: result=1976331056","@module":"flavor::psp::format_2025::operations","@pid":9247,"@timestamp":"2026-03-31T20:28:01.373520Z"}
{"@file":"src/psp/format_2025/operations.rs","@level":"debug","@line":60,"@message":"✅ Operations unpacked: count=4 operations=[48, 107, 204, 117]","@module":"flavor::psp::format_2025::operations","@pid":9247,"@timestamp":"2026-03-31T20:28:01.373539Z"}
{"@file":"src/psp/format_2025/operations.rs","@level":"debug","@line":37,"@message":"✅ Operations packed: result=30987624505007858","@module":"flavor::psp::format_2025::operations","@pid":9247,"@timestamp":"2026-03-31T20:28:01.373540Z"}
{"@file":"src/psp/format_2025/operations.rs","@level":"debug","@line":60,"@message":"✅ Operations unpacked: count=8 operations=[95, 255, 203, 68, 103, 115, 115, 61]","@module":"flavor::psp::format_2025::operations","@pid":9247,"@timestamp":"2026-03-31T20:28:01.373551Z"}
{"@file":"src/psp/format_2025/operations.rs","@level":"debug","@line":37,"@message":"✅ Operations packed: result=4428009746008375135","@module":"flavor::psp::format_2025::operations","@pid":9247,"@timestamp":"2026-03-31T20:28:01.373580Z"}
{"@file":"src/psp/format_2025/operations.rs","@level":"debug","@line":37,"@message":"✅ Operations packed: result=11077531678544053208","@module":"flavor::psp::format_2025::operations","@pid":9247,"@timestamp":"2026-03-31T20:28:01.373591Z"}
{"@file":"src/psp/format_2025/operations.rs","@level":"debug","@line":60,"@message":"✅ Operations unpacked: count=8 operations=[95, 255, 203, 68, 103, 115, 115, 61]","@module":"flavor::psp::format_2025::operations","@pid":9247,"@timestamp":"2026-03-31T20:28:01.373598Z"}
{"@file":"src/psp/format_2025/operations.rs","@level":"debug","@line":37,"@message":"✅ Operations packed: result=172370947143","@module":"flavor::psp::format_2025::operations","@pid":9247,"@timestamp":"2026-03-31T20:28:01.373604Z"}
{"@file":"src/psp/format_2025/operations.rs","@level":"debug","@line":60,"@message":"✅ Operations unpacked: count=8 operations=[216, 67, 193, 207, 94, 76, 187, 153]","@module":"flavor::psp::format_2025::operations","@pid":9247,"@timestamp":"2026-03-31T20:28:01.373610Z"}
{"@file":"src/psp/format_2025/operations.rs","@level":"debug","@line":60,"@message":"✅ Operations unpacked: count=8 operations=[248, 55, 39, 55, 109, 178, 108, 236]","@module":"flavor::psp::format_2025::operations","@pid":9247,"@timestamp":"2026-03-31T20:28:01.373645Z"}
{"@file":"src/psp/format_2025/operations.rs","@level":"debug","@line":37,"@message":"✅ Operations packed: result=9341642722514223651","@module":"flavor::psp::format_2025::operations","@pid":9247,"@timestamp":"2026-03-31T20:28:01.373658Z"}
{"@file":"src/psp/format_2025/operations.rs","@level":"debug","@line":37,"@message":"✅ Operations packed: result=17036187672582240248","@module":"flavor::psp::format_2025::operations","@pid":9247,"@timestamp":"2026-03-31T20:28:01.373664Z"}
{"@file":"src/psp/format_2025/operations.rs","@level":"debug","@line":37,"@message":"✅ Operations packed: result=41786113022487093","@module":"flavor::psp::format_2025::operations","@pid":9247,"@timestamp":"2026-03-31T20:28:01.373667Z"}
{"@file":"src/psp/format_2025/operations.rs","@level":"debug","@line":60,"@message":"✅ Operations unpacked: count=8 operations=[35, 194, 18, 222, 143, 46, 164, 129]","@module":"flavor::psp::format_2025::operations","@pid":9247,"@timestamp":"2026-03-31T20:28:01.373678Z"}
{"@file":"src/psp/format_2025/operations.rs","@level":"debug","@line":60,"@message":"✅ Operations unpacked: count=8 operations=[248, 55, 39, 55, 109, 178, 108, 236]","@module":"flavor::psp::format_2025::operations","@pid":9247,"@timestamp":"2026-03-31T20:28:01.373683Z"}
{"@file":"src/psp/format_2025/operations.rs","@level":"debug","@line":37,"@message":"✅ Operations packed: result=28519909707694421","@module":"flavor::psp::format_2025::operations","@pid":9247,"@timestamp":"2026-03-31T20:28:01.373722Z"}
{"@file":"src/psp/format_2025/operations.rs","@level":"debug","@line":60,"@message":"✅ Operations unpacked: count=8 operations=[43, 14, 61, 154, 151, 135, 212, 215]","@module":"flavor::psp::format_2025::operations","@pid":9247,"@timestamp":"2026-03-31T20:28:01.373737Z"}
{"@file":"src/psp/format_2025/operations.rs","@level":"debug","@line":37,"@message":"✅ Operations packed: result=276429257960182","@module":"flavor::psp::format_2025::operations","@pid":9247,"@timestamp":"2026-03-31T20:28:01.373739Z"}
{"@file":"src/psp/format_2025/operations.rs","@level":"debug","@line":37,"@message":"✅ Operations packed: result=15552204498414669355","@module":"flavor::psp::format_2025::operations","@pid":9247,"@timestamp":"2026-03-31T20:28:01.373768Z"}
{"@file":"src/psp/format_2025/operations.rs","@level":"debug","@line":60,"@message":"✅ Operations unpacked: count=6 operations=[246, 234, 185, 51, 105, 251]","@module":"flavor::psp::format_2025::operations","@pid":9247,"@timestamp":"2026-03-31T20:28:01.373774Z"}
{"@file":"src/psp/format_2025/operations.rs","@level":"debug","@line":37,"@message":"✅ Operations packed: result=17263","@module":"flavor::psp::format_2025::operations","@pid":9247,"@timestamp":"2026-03-31T20:28:01.373779Z"}
{"@file":"src/psp/format_2025/operations.rs","@level":"debug","@line":60,"@message":"✅ Operations unpacked: count=8 operations=[43, 14, 61, 154, 151, 135, 212, 215]","@module":"flavor::psp::format_2025::operations","@pid":9247,"@timestamp":"2026-03-31T20:28:01.373786Z"}
{"@file":"src/psp/format_2025/operations.rs","@level":"debug","@line":37,"@message":"✅ Operations packed: result=0","@module":"flavor::psp::format_2025::operations","@pid":9247,"@timestamp":"2026-03-31T20:28:01.373821Z"}
{"@file":"src/psp/format_2025/operations.rs","@level":"debug","@line":37,"@message":"✅ Operations packed: result=27","@module":"flavor::psp::format_2025::operations","@pid":9247,"@timestamp":"2026-03-31T20:28:01.373837Z"}
{"@file":"src/psp/format_2025/operations.rs","@level":"debug","@line":60,"@message":"✅ Operations unpacked: count=0 operations=[]","@module":"flavor::psp::format_2025::operations","@pid":9247,"@timestamp":"2026-03-31T20:28:01.373841Z"}
{"@file":"src/psp/format_2025/operations.rs","@level":"debug","@line":60,"@message":"✅ Operations unpacked: count=8 operations=[40, 58, 122, 241, 53, 7, 15, 149]","@module":"flavor::psp::format_2025::operations","@pid":9247,"@timestamp":"2026-03-31T20:28:01.373849Z"}
{"@file":"src/psp/format_2025/operations.rs","@level":"debug","@line":37,"@message":"✅ Operations packed: result=10740811564567902760","@module":"flavor::psp::format_2025::operations","@pid":9247,"@timestamp":"2026-03-31T20:28:01.373888Z"}
{"@file":"src/psp/format_2025/operations.rs","@level":"debug","@line":37,"@message":"✅ Operations packed: result=281956378838","@module":"flavor::psp::format_2025::operations","@pid":9247,"@timestamp":"2026-03-31T20:28:01.373898Z"}
{"@file":"src/psp/format_2025/operations.rs","@level":"debug","@line":37,"@message":"✅ Operations packed: result=7565012","@module":"flavor::psp::format_2025::operations","@pid":9247,"@timestamp":"2026-03-31T20:28:01.373911Z"}
{"@file":"src/psp/format_2025/operations.rs","@level":"debug","@line":60,"@message":"✅ Operations unpacked: count=8 operations=[40, 58, 122, 241, 53, 7, 15, 149]","@module":"flavor::psp::format_2025::operations","@pid":9247,"@timestamp":"2026-03-31T20:28:01.373908Z"}
{"@file":"src/psp/format_2025/operations.rs","@level":"debug","@line":60,"@message":"✅ Operations unpacked: count=3 operations=[212, 110, 115]","@module":"flavor::psp::format_2025::operations","@pid":9247,"@timestamp":"2026-03-31T20:28:01.373936Z"}
{"@file":"src/psp/format_2025/operations.rs","@level":"debug","@line":37,"@message":"✅ Operations packed: result=85","@module":"flavor::psp::format_2025::operations","@pid":9247,"@timestamp":"2026-03-31T20:28:01.373951Z"}
{"@file":"src/psp/format_2025/operations.rs","@level":"debug","@line":60,"@message":"✅ Operations unpacked: count=8 operations=[89, 75, 60, 99, 9, 254, 32, 1]","@module":"flavor::psp::format_2025::operations","@pid":9247,"@timestamp":"2026-03-31T20:28:01.373967Z"}
{"@file":"src/psp/format_2025/operations.rs","@level":"debug","@line":37,"@message":"✅ Operations packed: result=9646306583310009045","@module":"flavor::psp::format_2025::operations","@pid":9247,"@timestamp":"2026-03-31T20:28:01.373985Z"}
{"@file":"src/psp/format_2025/operations.rs","@level":"debug","@line":37,"@message":"✅ Operations packed: result=81344109565725529","@module":"flavor::psp::format_2025::operations","@pid":9247,"@timestamp":"2026-03-31T20:28:01.373993Z"}
{"@file":"src/psp/format_2025/operations.rs","@level":"debug","@line":60,"@message":"✅ Operations unpacked: count=8 operations=[213, 130, 180, 172, 186, 144, 222, 133]","@module":"flavor::psp::format_2025::operations","@pid":9247,"@timestamp":"2026-03-31T20:28:01.374004Z"}
{"@file":"src/psp/format_2025/operations.rs","@level":"debug","@line":37,"@message":"✅ Operations packed: result=54619078393453369","@module":"flavor::psp::format_2025::operations","@pid":9247,"@timestamp":"2026-03-31T20:28:01.374009Z"}
{"@file":"src/psp/format_2025/operations.rs","@level":"debug","@line":60,"@message":"✅ Operations unpacked: count=8 operations=[89, 75, 60, 99, 9, 254, 32, 1]","@module":"flavor::psp::format_2025::operations","@pid":9247,"@timestamp":"2026-03-31T20:28:01.374012Z"}
{"@file":"src/psp/format_2025/operations.rs","@level":"debug","@line":37,"@message":"✅ Operations packed: result=5806695","@module":"flavor::psp::format_2025::operations","@pid":9247,"@timestamp":"2026-03-31T20:28:01.374051Z"}
{"@file":"src/psp/format_2025/operations.rs","@level":"debug","@line":37,"@message":"✅ Operations packed: result=0","@module":"flavor::psp::format_2025::operations","@pid":9247,"@timestamp":"2026-03-31T20:28:01.374066Z"}
{"@file":"src/psp/format_2025/operations.rs","@level":"debug","@line":60,"@message":"✅ Operations unpacked: count=5 operations=[166, 107, 133, 170, 187]","@module":"flavor::psp::format_2025::operations","@pid":9247,"@timestamp":"2026-03-31T20:28:01.374079Z"}
{"@file":"src/psp/format_2025/operations.rs","@level":"debug","@line":60,"@message":"✅ Operations unpacked: count=3 operations=[103, 154, 88]","@module":"flavor::psp::format_2025::operations","@pid":9247,"@timestamp":"2026-03-31T20:28:01.374071Z"}
{"@file":"src/psp/format_2025/operations.rs","@level":"debug","@line":37,"@message":"✅ Operations packed: result=806019754918","@module":"flavor::psp::format_2025::operations","@pid":9247,"@timestamp":"2026-03-31T20:28:01.374105Z"}
{"@file":"src/psp/format_2025/operations.rs","@level":"debug","@line":60,"@message":"✅ Operations unpacked: count=5 operations=[166, 107, 133, 170, 187]","@module":"flavor::psp::format_2025::operations","@pid":9247,"@timestamp":"2026-03-31T20:28:01.374123Z"}
{"@file":"src/psp/format_2025/operations.rs","@level":"debug","@line":37,"@message":"✅ Operations packed: result=20560499264676120","@module":"flavor::psp::format_2025::operations","@pid":9247,"@timestamp":"2026-03-31T20:28:01.374124Z"}
{"@file":"src/psp/format_2025/operations.rs","@level":"debug","@line":37,"@message":"✅ Operations packed: result=1061285227961","@module":"flavor::psp::format_2025::operations","@pid":9247,"@timestamp":"2026-03-31T20:28:01.374139Z"}
{"@file":"src/psp/format_2025/operations.rs","@level":"debug","@line":60,"@message":"✅ Operations unpacked: count=5 operations=[185, 109, 135, 25, 247]","@module":"flavor::psp::format_2025::operations","@pid":9247,"@timestamp":"2026-03-31T20:28:01.374164Z"}
{"@file":"src/psp/format_2025/operations.rs","@level":"debug","@line":60,"@message":"✅ Operations unpacked: count=8 operations=[141, 6, 179, 37, 109, 238, 102, 123]","@module":"flavor::psp::format_2025::operations","@pid":9247,"@timestamp":"2026-03-31T20:28:01.374169Z"}
{"@file":"src/psp/format_2025/operations.rs","@level":"debug","@line":37,"@message":"✅ Operations packed: result=5710436","@module":"flavor::psp::format_2025::operations","@pid":9247,"@timestamp":"2026-03-31T20:28:01.374178Z"}
{"@file":"src/psp/format_2025/operations.rs","@level":"debug","@line":37,"@message":"✅ Operations packed: result=8892056666840958605","@module":"flavor::psp::format_2025::operations","@pid":9247,"@timestamp":"2026-03-31T20:28:01.374188Z"}
{"@file":"src/psp/format_2025/operations.rs","@level":"debug","@line":37,"@message":"✅ Operations packed: result=2583092719","@module":"flavor::psp::format_2025::operations","@pid":9247,"@timestamp":"2026-03-31T20:28:01.374211Z"}
{"@file":"src/psp/format_2025/operations.rs","@level":"debug","@line":60,"@message":"✅ Operations unpacked: count=8 operations=[141, 6, 179, 37, 109, 238, 102, 123]","@module":"flavor::psp::format_2025::operations","@pid":9247,"@timestamp":"2026-03-31T20:28:01.374213Z"}
{"@file":"src/psp/format_2025/operations.rs","@level":"debug","@line":60,"@message":"✅ Operations unpacked: count=4 operations=[239, 221, 246, 153]","@module":"flavor::psp::format_2025::operations","@pid":9247,"@timestamp":"2026-03-31T20:28:01.374231Z"}
{"@file":"src/psp/format_2025/operations.rs","@level":"debug","@line":37,"@message":"✅ Operations packed: result=7010136","@module":"flavor::psp::format_2025::operations","@pid":9247,"@timestamp":"2026-03-31T20:28:01.374232Z"}
{"@file":"src/psp/format_2025/operations.rs","@level":"debug","@line":60,"@message":"✅ Operations unpacked: count=8 operations=[111, 86, 185, 151, 250, 117, 228, 57]","@module":"flavor::psp::format_2025::operations","@pid":9247,"@timestamp":"2026-03-31T20:28:01.374265Z"}
{"@file":"src/psp/format_2025/operations.rs","@level":"debug","@line":37,"@message":"✅ Operations packed: result=79","@module":"flavor::psp::format_2025::operations","@pid":9247,"@timestamp":"2026-03-31T20:28:01.374279Z"}
{"@file":"src/psp/format_2025/operations.rs","@level":"debug","@line":37,"@message":"✅ Operations packed: result=2392226110","@module":"flavor::psp::format_2025::operations","@pid":9247,"@timestamp":"2026-03-31T20:28:01.374288Z"}
{"@file":"src/psp/format_2025/operations.rs","@level":"debug","@line":37,"@message":"✅ Operations packed: result=4171588873999701615","@module":"flavor::psp::format_2025::operations","@pid":9247,"@timestamp":"2026-03-31T20:28:01.374289Z"}
{"@file":"src/psp/format_2025/operations.rs","@level":"debug","@line":60,"@message":"✅ Operations unpacked: count=1 operations=[79]","@module":"flavor::psp::format_2025::operations","@pid":9247,"@timestamp":"2026-03-31T20:28:01.374297Z"}
{"@file":"src/psp/format_2025/operations.rs","@level":"debug","@line":60,"@message":"✅ Operations unpacked: count=8 operations=[111, 86, 185, 151, 250, 117, 228, 57]","@module":"flavor::psp::format_2025::operations","@pid":9247,"@timestamp":"2026-03-31T20:28:01.374337Z"}
{"@file":"src/psp/format_2025/operations.rs","@level":"debug","@line":37,"@message":"✅ Operations packed: result=1664115","@module":"flavor::psp::format_2025::operations","@pid":9247,"@timestamp":"2026-03-31T20:28:01.374348Z"}
{"@file":"src/psp/format_2025/operations.rs","@level":"debug","@line":37,"@message":"✅ Operations packed: result=682273473779","@module":"flavor::psp::format_2025::operations","@pid":9247,"@timestamp":"2026-03-31T20:28:01.374370Z"}
{"@file":"src/psp/format_2025/operations.rs","@level":"debug","@line":60,"@message":"✅ Operations unpacked: count=8 operations=[4, 207, 2, 27, 25, 149, 237, 248]","@module":"flavor::psp::format_2025::operations","@pid":9247,"@timestamp":"2026-03-31T20:28:01.374385Z"}
{"@file":"src/psp/format_2025/operations.rs","@level":"debug","@line":60,"@message":"✅ Operations unpacked: count=5 operations=[243, 4, 171, 218, 158]","@module":"flavor::psp::format_2025::operations","@pid":9247,"@timestamp":"2026-03-31T20:28:01.374395Z"}
{"@file":"src/psp/format_2025/operations.rs","@level":"debug","@line":37,"@message":"✅ Operations packed: result=17937156825946443524","@module":"flavor::psp::format_2025::operations","@pid":9247,"@timestamp":"2026-03-31T20:28:01.374405Z"}
{"@file":"src/psp/format_2025/operations.rs","@level":"debug","@line":37,"@message":"✅ Operations packed: result=0","@module":"flavor::psp::format_2025::operations","@pid":9247,"@timestamp":"2026-03-31T20:28:01.374405Z"}
{"@file":"src/psp/format_2025/operations.rs","@level":"debug","@line":60,"@message":"✅ Operations unpacked: count=8 operations=[4, 207, 2, 27, 25, 149, 237, 248]","@module":"flavor::psp::format_2025::operations","@pid":9247,"@timestamp":"2026-03-31T20:28:01.374428Z"}
{"@file":"src/psp/format_2025/operations.rs","@level":"debug","@line":37,"@message":"✅ Operations packed: result=44270739607772","@module":"flavor::psp::format_2025::operations","@pid":9247,"@timestamp":"2026-03-31T20:28:01.374455Z"}
{"@file":"src/psp/format_2025/operations.rs","@level":"debug","@line":37,"@message":"✅ Operations packed: result=213","@module":"flavor::psp::format_2025::operations","@pid":9247,"@timestamp":"2026-03-31T20:28:01.374474Z"}
{"@file":"src/psp/format_2025/operations.rs","@level":"debug","@line":60,"@message":"✅ Operations unpacked: count=8 operations=[76, 166, 106, 215, 22, 195, 93, 230]","@module":"flavor::psp::format_2025::operations","@pid":9247,"@timestamp":"2026-03-31T20:28:01.374476Z"}
{"@file":"src/psp/format_2025/operations.rs","@level":"debug","@line":60,"@message":"✅ Operations unpacked: count=6 operations=[220, 80, 181, 149, 67, 40]","@module":"flavor::psp::format_2025::operations","@pid":9247,"@timestamp":"2026-03-31T20:28:01.374483Z"}
{"@file":"src/psp/format_2025/operations.rs","@level":"debug","@line":37,"@message":"✅ Operations packed: result=16599638304428303948","@module":"flavor::psp::format_2025::operations","@pid":9247,"@timestamp":"2026-03-31T20:28:01.374510Z"}
{"@file":"src/psp/format_2025/operations.rs","@level":"debug","@line":37,"@message":"✅ Operations packed: result=1911135256","@module":"flavor::psp::format_2025::operations","@pid":9247,"@timestamp":"2026-03-31T20:28:01.374529Z"}
{"@file":"src/psp/format_2025/operations.rs","@level":"debug","@line":60,"@message":"✅ Operations unpacked: count=8 operations=[76, 166, 106, 215, 22, 195, 93, 230]","@module":"flavor::psp::format_2025::operations","@pid":9247,"@timestamp":"2026-03-31T20:28:01.374531Z"}
{"@file":"src/psp/format_2025/operations.rs","@level":"debug","@line":37,"@message":"✅ Operations packed: result=125","@module":"flavor::psp::format_2025::operations","@pid":9247,"@timestamp":"2026-03-31T20:28:01.374547Z"}
{"@file":"src/psp/format_2025/operations.rs","@level":"debug","@line":60,"@message":"✅ Operations unpacked: count=1 operations=[125]","@module":"flavor::psp::format_2025::operations","@pid":9247,"@timestamp":"2026-03-31T20:28:01.374566Z"}
{"@file":"src/psp/format_2025/operations.rs","@level":"debug","@line":37,"@message":"✅ Operations packed: result=0","@module":"flavor::psp::format_2025::operations","@pid":9247,"@timestamp":"2026-03-31T20:28:01.374576Z"}
{"@file":"src/psp/format_2025/operations.rs","@level":"debug","@line":60,"@message":"✅ Operations unpacked: count=8 operations=[26, 86, 209, 35, 96, 73, 142, 66]","@module":"flavor::psp::format_2025::operations","@pid":9247,"@timestamp":"2026-03-31T20:28:01.374586Z"}
{"@file":"src/psp/format_2025/operations.rs","@level":"debug","@line":37,"@message":"✅ Operations packed: result=4795851330462766618","@module":"flavor::psp::format_2025::operations","@pid":9247,"@timestamp":"2026-03-31T20:28:01.374606Z"}
{"@file":"src/psp/format_2025/operations.rs","@level":"debug","@line":37,"@message":"✅ Operations packed: result=624139760","@module":"flavor::psp::format_2025::operations","@pid":9247,"@timestamp":"2026-03-31T20:28:01.374612Z"}
{"@file":"src/psp/format_2025/operations.rs","@level":"debug","@line":37,"@message":"✅ Operations packed: result=1577575","@module":"flavor::psp::format_2025::operations","@pid":9247,"@timestamp":"2026-03-31T20:28:01.374622Z"}
{"@file":"src/psp/format_2025/operations.rs","@level":"debug","@line":60,"@message":"✅ Operations unpacked: count=8 operations=[26, 86, 209, 35, 96, 73, 142, 66]","@module":"flavor::psp::format_2025::operations","@pid":9247,"@timestamp":"2026-03-31T20:28:01.374624Z"}
{"@file":"src/psp/format_2025/operations.rs","@level":"debug","@line":60,"@message":"✅ Operations unpacked: count=4 operations=[240, 157, 51, 37]","@module":"flavor::psp::format_2025::operations","@pid":9247,"@timestamp":"2026-03-31T20:28:01.374630Z"}
{"@file":"src/psp/format_2025/operations.rs","@level":"debug","@line":37,"@message":"✅ Operations packed: result=16","@module":"flavor::psp::format_2025::operations","@pid":9247,"@timestamp":"2026-03-31T20:28:01.374669Z"}
{"@file":"src/psp/format_2025/operations.rs","@level":"debug","@line":60,"@message":"✅ Operations unpacked: count=8 operations=[245, 89, 11, 155, 220, 250, 61, 53]","@module":"flavor::psp::format_2025::operations","@pid":9247,"@timestamp":"2026-03-31T20:28:01.374677Z"}
{"@file":"src/psp/format_2025/operations.rs","@level":"debug","@line":37,"@message":"✅ Operations packed: result=68099099206585405","@module":"flavor::psp::format_2025::operations","@pid":9247,"@timestamp":"2026-03-31T20:28:01.374683Z"}
{"@file":"src/psp/format_2025/operations.rs","@level":"debug","@line":37,"@message":"✅ Operations packed: result=3836498282990492149","@module":"flavor::psp::format_2025::operations","@pid":9247,"@timestamp":"2026-03-31T20:28:01.374697Z"}
{"@file":"src/psp/format_2025/operations.rs","@level":"debug","@line":60,"@message":"✅ Operations unpacked: count=7 operations=[61, 140, 187, 25, 197, 239, 241]","@module":"flavor::psp::format_2025::operations","@pid":9247,"@timestamp":"2026-03-31T20:28:01.374702Z"}
{"@file":"src/psp/format_2025/operations.rs","@level":"debug","@line":60,"@message":"✅ Operations unpacked: count=8 operations=[245, 89, 11, 155, 220, 250, 61, 53]","@module":"flavor::psp::format_2025::operations","@pid":9247,"@timestamp":"2026-03-31T20:28:01.374715Z"}
{"@file":"src/psp/format_2025/operations.rs","@level":"debug","@line":37,"@message":"✅ Operations packed: result=93","@module":"flavor::psp::format_2025::operations","@pid":9247,"@timestamp":"2026-03-31T20:28:01.374714Z"}
{"@file":"src/psp/format_2025/operations.rs","@level":"debug","@line":37,"@message":"✅ Operations packed: result=257042577189934","@module":"flavor::psp::format_2025::operations","@pid":9247,"@timestamp":"2026-03-31T20:28:01.374750Z"}
{"@file":"src/psp/format_2025/operations.rs","@level":"debug","@line":37,"@message":"✅ Operations packed: result=23601620568268900","@module":"flavor::psp::format_2025::operations","@pid":9247,"@timestamp":"2026-03-31T20:28:01.374776Z"}
{"@file":"src/psp/format_2025/operations.rs","@level":"debug","@line":60,"@message":"✅ Operations unpacked: count=8 operations=[213, 251, 190, 12, 80, 108, 189, 190]","@module":"flavor::psp::format_2025::operations","@pid":9247,"@timestamp":"2026-03-31T20:28:01.374762Z"}
{"@file":"src/psp/format_2025/operations.rs","@level":"debug","@line":60,"@message":"✅ Operations unpacked: count=6 operations=[46, 108, 129, 99, 199, 233]","@module":"flavor::psp::format_2025::operations","@pid":9247,"@timestamp":"2026-03-31T20:28:01.374792Z"}
{"@file":"src/psp/format_2025/operations.rs","@level":"debug","@line":37,"@message":"✅ Operations packed: result=13744260728871648213","@module":"flavor::psp::format_2025::operations","@pid":9247,"@timestamp":"2026-03-31T20:28:01.374805Z"}
{"@file":"src/psp/format_2025/operations.rs","@level":"debug","@line":37,"@message":"✅ Operations packed: result=738407852381","@module":"flavor::psp::format_2025::operations","@pid":9247,"@timestamp":"2026-03-31T20:28:01.374829Z"}
{"@file":"src/psp/format_2025/operations.rs","@level":"debug","@line":60,"@message":"✅ Operations unpacked: count=8 operations=[213, 251, 190, 12, 80, 108, 189, 190]","@module":"flavor::psp::format_2025::operations","@pid":9247,"@timestamp":"2026-03-31T20:28:01.374829Z"}
{"@file":"src/psp/format_2025/operations.rs","@level":"debug","@line":37,"@message":"✅ Operations packed: result=228928709785","@module":"flavor::psp::format_2025::operations","@pid":9247,"@timestamp":"2026-03-31T20:28:01.374846Z"}
{"@file":"src/psp/format_2025/operations.rs","@level":"debug","@line":60,"@message":"✅ Operations unpacked: count=5 operations=[153, 228, 54, 77, 53]","@module":"flavor::psp::format_2025::operations","@pid":9247,"@timestamp":"2026-03-31T20:28:01.374872Z"}
{"@file":"src/psp/format_2025/operations.rs","@level":"debug","@line":37,"@message":"✅ Operations packed: result=13215825825785255721","@module":"flavor::psp::format_2025::operations","@pid":9247,"@timestamp":"2026-03-31T20:28:01.374879Z"}
{"@file":"src/psp/format_2025/operations.rs","@level":"debug","@line":60,"@message":"✅ Operations unpacked: count=8 operations=[156, 101, 40, 187, 159, 47, 143, 94]","@module":"flavor::psp::format_2025::operations","@pid":9247,"@timestamp":"2026-03-31T20:28:01.374882Z"}
{"@file":"src/psp/format_2025/operations.rs","@level":"debug","@line":37,"@message":"✅ Operations packed: result=6813717124321142172","@module":"flavor::psp::format_2025::operations","@pid":9247,"@timestamp":"2026-03-31T20:28:01.374912Z"}
{"@file":"src/psp/format_2025/operations.rs","@level":"debug","@line":37,"@message":"✅ Operations packed: result=967969755","@module":"flavor::psp::format_2025::operations","@pid":9247,"@timestamp":"2026-03-31T20:28:01.374920Z"}
{"@file":"src/psp/format_2025/operations.rs","@level":"debug","@line":37,"@message":"✅ Operations packed: result=31517","@module":"flavor::psp::format_2025::operations","@pid":9247,"@timestamp":"2026-03-31T20:28:01.374935Z"}
{"@file":"src/psp/format_2025/operations.rs","@level":"debug","@line":60,"@message":"✅ Operations unpacked: count=8 operations=[156, 101, 40, 187, 159, 47, 143, 94]","@module":"flavor::psp::format_2025::operations","@pid":9247,"@timestamp":"2026-03-31T20:28:01.374930Z"}
{"@file":"src/psp/format_2025/operations.rs","@level":"debug","@line":60,"@message":"✅ Operations unpacked: count=4 operations=[219, 11, 178, 57]","@module":"flavor::psp::format_2025::operations","@pid":9247,"@timestamp":"2026-03-31T20:28:01.374953Z"}
{"@file":"src/psp/format_2025/operations.rs","@level":"debug","@line":37,"@message":"✅ Operations packed: result=97","@module":"flavor::psp::format_2025::operations","@pid":9247,"@timestamp":"2026-03-31T20:28:01.374987Z"}
{"@file":"src/psp/format_2025/operations.rs","@level":"debug","@line":60,"@message":"✅ Operations unpacked: count=8 operations=[195, 166, 196, 32, 38, 238, 24, 254]","@module":"flavor::psp::format_2025::operations","@pid":9247,"@timestamp":"2026-03-31T20:28:01.374991Z"}
{"@file":"src/psp/format_2025/operations.rs","@level":"debug","@line":37,"@message":"✅ Operations packed: result=8344807","@module":"flavor::psp::format_2025::operations","@pid":9247,"@timestamp":"2026-03-31T20:28:01.375008Z"}
{"@file":"src/psp/format_2025/operations.rs","@level":"debug","@line":37,"@message":"✅ Operations packed: result=18309646132600678083","@module":"flavor::psp::format_2025::operations","@pid":9247,"@timestamp":"2026-03-31T20:28:01.375021Z"}
{"@file":"src/psp/format_2025/operations.rs","@level":"debug","@line":60,"@message":"✅ Operations unpacked: count=3 operations=[231, 84, 127]","@module":"flavor::psp::format_2025::operations","@pid":9247,"@timestamp":"2026-03-31T20:28:01.375035Z"}
{"@file":"src/psp/format_2025/operations.rs","@level":"debug","@line":37,"@message":"✅ Operations packed: result=0","@module":"flavor::psp::format_2025::operations","@pid":9247,"@timestamp":"2026-03-31T20:28:01.375042Z"}
{"@file":"src/psp/format_2025/operations.rs","@level":"debug","@line":60,"@message":"✅ Operations unpacked: count=8 operations=[195, 166, 196, 32, 38, 238, 24, 254]","@module":"flavor::psp::format_2025::operations","@pid":9247,"@timestamp":"2026-03-31T20:28:01.375046Z"}
{"@file":"src/psp/format_2025/operations.rs","@level":"debug","@line":37,"@message":"✅ Operations packed: result=13017309","@module":"flavor::psp::format_2025::operations","@pid":9247,"@timestamp":"2026-03-31T20:28:01.375092Z"}
{"@file":"src/psp/format_2025/operations.rs","@level":"debug","@line":60,"@message":"✅ Operations unpacked: count=3 operations=[221, 160, 198]","@module":"flavor::psp::format_2025::operations","@pid":9247,"@timestamp":"2026-03-31T20:28:01.375112Z"}
{"@file":"src/psp/format_2025/operations.rs","@level":"debug","@line":37,"@message":"✅ Operations packed: result=96982949027847","@module":"flavor::psp::format_2025::operations","@pid":9247,"@timestamp":"2026-03-31T20:28:01.375113Z"}
{"@file":"src/psp/format_2025/operations.rs","@level":"debug","@line":60,"@message":"✅ Operations unpacked: count=8 operations=[6, 12, 15, 58, 22, 143, 38, 97]","@module":"flavor::psp::format_2025::operations","@pid":9247,"@timestamp":"2026-03-31T20:28:01.375126Z"}
{"@file":"src/psp/format_2025/operations.rs","@level":"debug","@line":37,"@message":"✅ Operations packed: result=7000439996420131846","@module":"flavor::psp::format_2025::operations","@pid":9247,"@timestamp":"2026-03-31T20:28:01.375152Z"}
{"@file":"src/psp/format_2025/operations.rs","@level":"debug","@line":37,"@message":"✅ Operations packed: result=13401026","@module":"flavor::psp::format_2025::operations","@pid":9247,"@timestamp":"2026-03-31T20:28:01.375160Z"}
{"@file":"src/psp/format_2025/operations.rs","@level":"debug","@line":60,"@message":"✅ Operations unpacked: count=8 operations=[6, 12, 15, 58, 22, 143, 38, 97]","@module":"flavor::psp::format_2025::operations","@pid":9247,"@timestamp":"2026-03-31T20:28:01.375171Z"}
{"@file":"src/psp/format_2025/operations.rs","@level":"debug","@line":60,"@message":"✅ Operations unpacked: count=3 operations=[194, 123, 204]","@module":"flavor::psp::format_2025::operations","@pid":9247,"@timestamp":"2026-03-31T20:28:01.375179Z"}
{"@file":"src/psp/format_2025/operations.rs","@level":"debug","@line":37,"@message":"✅ Operations packed: result=70191013039482117","@module":"flavor::psp::format_2025::operations","@pid":9247,"@timestamp":"2026-03-31T20:28:01.375171Z"}
{"@file":"src/psp/format_2025/operations.rs","@level":"debug","@line":60,"@message":"✅ Operations unpacked: count=8 operations=[222, 124, 16, 36, 151, 225, 78, 245]","@module":"flavor::psp::format_2025::operations","@pid":9247,"@timestamp":"2026-03-31T20:28:01.375222Z"}
{"@file":"src/psp/format_2025/operations.rs","@level":"debug","@line":37,"@message":"✅ Operations packed: result=83","@module":"flavor::psp::format_2025::operations","@pid":9247,"@timestamp":"2026-03-31T20:28:01.375231Z"}
{"@file":"src/psp/format_2025/operations.rs","@level":"debug","@line":37,"@message":"✅ Operations packed: result=17676313626737147102","@module":"flavor::psp::format_2025::operations","@pid":9247,"@timestamp":"2026-03-31T20:28:01.375248Z"}
{"@file":"src/psp/format_2025/operations.rs","@level":"debug","@line":37,"@message":"✅ Operations packed: result=45499112513287864","@module":"flavor::psp::format_2025::operations","@pid":9247,"@timestamp":"2026-03-31T20:28:01.375250Z"}
{"@file":"src/psp/format_2025/operations.rs","@level":"debug","@line":60,"@message":"✅ Operations unpacked: count=8 operations=[222, 124, 16, 36, 151, 225, 78, 245]","@module":"flavor::psp::format_2025::operations","@pid":9247,"@timestamp":"2026-03-31T20:28:01.375268Z"}
{"@file":"src/psp/format_2025/operations.rs","@level":"debug","@line":60,"@message":"✅ Operations unpacked: count=1 operations=[83]","@module":"flavor::psp::format_2025::operations","@pid":9247,"@timestamp":"2026-03-31T20:28:01.375260Z"}
{"@file":"src/psp/format_2025/operations.rs","@level":"debug","@line":37,"@message":"✅ Operations packed: result=563518466952573493","@module":"flavor::psp::format_2025::operations","@pid":9247,"@timestamp":"2026-03-31T20:28:01.375311Z"}
{"@file":"src/psp/format_2025/operations.rs","@level":"debug","@line":60,"@message":"✅ Operations unpacked: count=8 operations=[7, 160, 234, 176, 38, 63, 229, 61]","@module":"flavor::psp::format_2025::operations","@pid":9247,"@timestamp":"2026-03-31T20:28:01.375322Z"}
{"@file":"src/psp/format_2025/operations.rs","@level":"debug","@line":37,"@message":"✅ Operations packed: result=3908270804","@module":"flavor::psp::format_2025::operations","@pid":9247,"@timestamp":"2026-03-31T20:28:01.375333Z"}
{"@file":"src/psp/format_2025/operations.rs","@level":"debug","@line":37,"@message":"✅ Operations packed: result=4460040441389817863","@module":"flavor::psp::format_2025::operations","@pid":9247,"@timestamp":"2026-03-31T20:28:01.375348Z"}
{"@file":"src/psp/format_2025/operations.rs","@level":"debug","@line":60,"@message":"✅ Operations unpacked: count=4 operations=[212, 122, 243, 232]","@module":"flavor::psp::format_2025::operations","@pid":9247,"@timestamp":"2026-03-31T20:28:01.375354Z"}
{"@file":"src/psp/format_2025/operations.rs","@level":"debug","@line":37,"@message":"✅ Operations packed: result=25367","@module":"flavor::psp::format_2025::operations","@pid":9247,"@timestamp":"2026-03-31T20:28:01.375365Z"}
{"@file":"src/psp/format_2025/operations.rs","@level":"debug","@line":60,"@message":"✅ Operations unpacked: count=8 operations=[7, 160, 234, 176, 38, 63, 229, 61]","@module":"flavor::psp::format_2025::operations","@pid":9247,"@timestamp":"2026-03-31T20:28:01.375368Z"}
{"@file":"src/psp/format_2025/operations.rs","@level":"debug","@line":37,"@message":"✅ Operations packed: result=8581269747585624044","@module":"flavor::psp::format_2025::operations","@pid":9247,"@timestamp":"2026-03-31T20:28:01.375402Z"}
{"@file":"src/psp/format_2025/operations.rs","@level":"debug","@line":37,"@message":"✅ Operations packed: result=1075505395091","@module":"flavor::psp::format_2025::operations","@pid":9247,"@timestamp":"2026-03-31T20:28:01.375424Z"}
{"@file":"src/psp/format_2025/operations.rs","@level":"debug","@line":60,"@message":"✅ Operations unpacked: count=8 operations=[123, 223, 63, 189, 163, 198, 93, 31]","@module":"flavor::psp::format_2025::operations","@pid":9247,"@timestamp":"2026-03-31T20:28:01.375438Z"}
{"@file":"src/psp/format_2025/operations.rs","@level":"debug","@line":60,"@message":"✅ Operations unpacked: count=8 operations=[236, 167, 165, 178, 94, 203, 22, 119]","@module":"flavor::psp::format_2025::operations","@pid":9247,"@timestamp":"2026-03-31T20:28:01.375427Z"}
{"@file":"src/psp/format_2025/operations.rs","@level":"debug","@line":37,"@message":"✅ Operations packed: result=2260180994566905723","@module":"flavor::psp::format_2025::operations","@pid":9247,"@timestamp":"2026-03-31T20:28:01.375463Z"}
{"@file":"src/psp/format_2025/operations.rs","@level":"debug","@line":60,"@message":"✅ Operations unpacked: count=8 operations=[123, 223, 63, 189, 163, 198, 93, 31]","@module":"flavor::psp::format_2025::operations","@pid":9247,"@timestamp":"2026-03-31T20:28:01.375481Z"}
{"@file":"src/psp/format_2025/operations.rs","@level":"debug","@line":37,"@message":"✅ Operations packed: result=4023042977","@module":"flavor::psp::format_2025::operations","@pid":9247,"@timestamp":"2026-03-31T20:28:01.375483Z"}
{"@file":"src/psp/format_2025/operations.rs","@level":"debug","@line":37,"@message":"✅ Operations packed: result=12253007","@module":"flavor::psp::format_2025::operations","@pid":9247,"@timestamp":"2026-03-31T20:28:01.375501Z"}
{"@file":"src/psp/format_2025/operations.rs","@level":"debug","@line":60,"@message":"✅ Operations unpacked: count=3 operations=[79, 247, 186]","@module":"flavor::psp::format_2025::operations","@pid":9247,"@timestamp":"2026-03-31T20:28:01.375520Z"}
{"@file":"src/psp/format_2025/operations.rs","@level":"debug","@line":60,"@message":"✅ Operations unpacked: count=8 operations=[56, 248, 190, 21, 168, 170, 14, 217]","@module":"flavor::psp::format_2025::operations","@pid":9247,"@timestamp":"2026-03-31T20:28:01.375527Z"}
{"@file":"src/psp/format_2025/operations.rs","@level":"debug","@line":37,"@message":"✅ Operations packed: result=4906440","@module":"flavor::psp::format_2025::operations","@pid":9247,"@timestamp":"2026-03-31T20:28:01.375538Z"}
{"@file":"src/psp/format_2025/operations.rs","@level":"debug","@line":37,"@message":"✅ Operations packed: result=15640626194800375864","@module":"flavor::psp::format_2025::operations","@pid":9247,"@timestamp":"2026-03-31T20:28:01.375547Z"}
{"@file":"src/psp/format_2025/operations.rs","@level":"debug","@line":60,"@message":"✅ Operations unpacked: count=8 operations=[56, 248, 190, 21, 168, 170, 14, 217]","@module":"flavor::psp::format_2025::operations","@pid":9247,"@timestamp":"2026-03-31T20:28:01.375565Z"}
{"@file":"src/psp/format_2025/operations.rs","@level":"debug","@line":37,"@message":"✅ Operations packed: result=7161986","@module":"flavor::psp::format_2025::operations","@pid":9247,"@timestamp":"2026-03-31T20:28:01.375566Z"}
{"@file":"src/psp/format_2025/operations.rs","@level":"debug","@line":60,"@message":"✅ Operations unpacked: count=3 operations=[130, 72, 109]","@module":"flavor::psp::format_2025::operations","@pid":9247,"@timestamp":"2026-03-31T20:28:01.375593Z"}
{"@file":"src/psp/format_2025/operations.rs","@level":"debug","@line":37,"@message":"✅ Operations packed: result=43","@module":"flavor::psp::format_2025::operations","@pid":9247,"@timestamp":"2026-03-31T20:28:01.375585Z"}
{"@file":"src/psp/format_2025/operations.rs","@level":"debug","@line":60,"@message":"✅ Operations unpacked: count=8 operations=[98, 238, 227, 231, 182, 61, 35, 146]","@module":"flavor::psp::format_2025::operations","@pid":9247,"@timestamp":"2026-03-31T20:28:01.375613Z"}
{"@file":"src/psp/format_2025/operations.rs","@level":"debug","@line":37,"@message":"✅ Operations packed: result=10530328209506168418","@module":"flavor::psp::format_2025::operations","@pid":9247,"@timestamp":"2026-03-31T20:28:01.375632Z"}
{"@file":"src/psp/format_2025/operations.rs","@level":"debug","@line":37,"@message":"✅ Operations packed: result=3251491957","@module":"flavor::psp::format_2025::operations","@pid":9247,"@timestamp":"2026-03-31T20:28:01.375646Z"}
{"@file":"src/psp/format_2025/operations.rs","@level":"debug","@line":37,"@message":"✅ Operations packed: result=2948243024222445756","@module":"flavor::psp::format_2025::operations","@pid":9247,"@timestamp":"2026-03-31T20:28:01.375657Z"}
{"@file":"src/psp/format_2025/operations.rs","@level":"debug","@line":60,"@message":"✅ Operations unpacked: count=8 operations=[98, 238, 227, 231, 182, 61, 35, 146]","@module":"flavor::psp::format_2025::operations","@pid":9247,"@timestamp":"2026-03-31T20:28:01.375650Z"}
{"@file":"src/psp/format_2025/operations.rs","@level":"debug","@line":60,"@message":"✅ Operations unpacked: count=4 operations=[117, 212, 205, 193]","@module":"flavor::psp::format_2025::operations","@pid":9247,"@timestamp":"2026-03-31T20:28:01.375668Z"}
{"@file":"src/psp/format_2025/operations.rs","@level":"debug","@line":37,"@message":"✅ Operations packed: result=33","@module":"flavor::psp::format_2025::operations","@pid":9247,"@timestamp":"2026-03-31T20:28:01.375703Z"}
{"@file":"src/psp/format_2025/operations.rs","@level":"debug","@line":60,"@message":"✅ Operations unpacked: count=8 operations=[123, 70, 142, 155, 17, 115, 125, 77]","@module":"flavor::psp::format_2025::operations","@pid":9247,"@timestamp":"2026-03-31T20:28:01.375726Z"}
{"@file":"src/psp/format_2025/operations.rs","@level":"debug","@line":37,"@message":"✅ Operations packed: result=9671","@module":"flavor::psp::format_2025::operations","@pid":9247,"@timestamp":"2026-03-31T20:28:01.375735Z"}
{"@file":"src/psp/format_2025/operations.rs","@level":"debug","@line":37,"@message":"✅ Operations packed: result=5583745632470713979","@module":"flavor::psp::format_2025::operations","@pid":9247,"@timestamp":"2026-03-31T20:28:01.375755Z"}
{"@file":"src/psp/format_2025/operations.rs","@level":"debug","@line":37,"@message":"✅ Operations packed: result=8094484","@module":"flavor::psp::format_2025::operations","@pid":9247,"@timestamp":"2026-03-31T20:28:01.375759Z"}
{"@file":"src/psp/format_2025/operations.rs","@level":"debug","@line":60,"@message":"✅ Operations unpacked: count=8 operations=[123, 70, 142, 155, 17, 115, 125, 77]","@module":"flavor::psp::format_2025::operations","@pid":9247,"@timestamp":"2026-03-31T20:28:01.375775Z"}
{"@file":"src/psp/format_2025/operations.rs","@level":"debug","@line":60,"@message":"✅ Operations unpacked: count=2 operations=[199, 37]","@module":"flavor::psp::format_2025::operations","@pid":9247,"@timestamp":"2026-03-31T20:28:01.375763Z"}
{"@file":"src/psp/format_2025/operations.rs","@level":"debug","@line":37,"@message":"✅ Operations packed: result=905181","@module":"flavor::psp::format_2025::operations","@pid":9247,"@timestamp":"2026-03-31T20:28:01.375818Z"}
{"@file":"src/psp/format_2025/operations.rs","@level":"debug","@line":60,"@message":"✅ Operations unpacked: count=8 operations=[124, 111, 119, 168, 139, 161, 57, 232]","@module":"flavor::psp::format_2025::operations","@pid":9247,"@timestamp":"2026-03-31T20:28:01.375830Z"}
{"@file":"src/psp/format_2025/operations.rs","@level":"debug","@line":37,"@message":"✅ Operations packed: result=38887","@module":"flavor::psp::format_2025::operations","@pid":9247,"@timestamp":"2026-03-31T20:28:01.375848Z"}
{"@file":"src/psp/format_2025/operations.rs","@level":"debug","@line":37,"@message":"✅ Operations packed: result=16733583511670714236","@module":"flavor::psp::format_2025::operations","@pid":9247,"@timestamp":"2026-03-31T20:28:01.375858Z"}
{"@file":"src/psp/format_2025/operations.rs","@level":"debug","@line":60,"@message":"✅ Operations unpacked: count=2 operations=[231, 151]","@module":"flavor::psp::format_2025::operations","@pid":9247,"@timestamp":"2026-03-31T20:28:01.375873Z"}
{"@file":"src/psp/format_2025/operations.rs","@level":"debug","@line":60,"@message":"✅ Operations unpacked: count=8 operations=[124, 111, 119, 168, 139, 161, 57, 232]","@module":"flavor::psp::format_2025::operations","@pid":9247,"@timestamp":"2026-03-31T20:28:01.375889Z"}
{"@file":"src/psp/format_2025/operations.rs","@level":"debug","@line":37,"@message":"✅ Operations packed: result=0","@module":"flavor::psp::format_2025::operations","@pid":9247,"@timestamp":"2026-03-31T20:28:01.375866Z"}
{"@file":"src/psp/format_2025/operations.rs","@level":"debug","@line":37,"@message":"✅ Operations packed: result=633103842895","@module":"flavor::psp::format_2025::operations","@pid":9247,"@timestamp":"2026-03-31T20:28:01.375930Z"}
{"@file":"src/psp/format_2025/operations.rs","@level":"debug","@line":60,"@message":"✅ Operations unpacked: count=8 operations=[56, 75, 97, 15, 87, 133, 3, 42]","@module":"flavor::psp::format_2025::operations","@pid":9247,"@timestamp":"2026-03-31T20:28:01.375945Z"}
{"@file":"src/psp/format_2025/operations.rs","@level":"debug","@line":37,"@message":"✅ Operations packed: result=10717115032202961","@module":"flavor::psp::format_2025::operations","@pid":9247,"@timestamp":"2026-03-31T20:28:01.375958Z"}
{"@file":"src/psp/format_2025/operations.rs","@level":"debug","@line":37,"@message":"✅ Operations packed: result=3027409983489788728","@module":"flavor::psp::format_2025::operations","@pid":9247,"@timestamp":"2026-03-31T20:28:01.375971Z"}
{"@file":"src/psp/format_2025/operations.rs","@level":"debug","@line":60,"@message":"✅ Operations unpacked: count=5 operations=[79, 254, 237, 103, 147]","@module":"flavor::psp::format_2025::operations","@pid":9247,"@timestamp":"2026-03-31T20:28:01.375956Z"}
{"@file":"src/psp/format_2025/operations.rs","@level":"debug","@line":60,"@message":"✅ Operations unpacked: count=8 operations=[56, 75, 97, 15, 87, 133, 3, 42]","@module":"flavor::psp::format_2025::operations","@pid":9247,"@timestamp":"2026-03-31T20:28:01.375990Z"}
{"@file":"src/psp/format_2025/operations.rs","@level":"debug","@line":37,"@message":"✅ Operations packed: result=772222399480","@module":"flavor::psp::format_2025::operations","@pid":9247,"@timestamp":"2026-03-31T20:28:01.376018Z"}
{"@file":"src/psp/format_2025/operations.rs","@level":"debug","@line":37,"@message":"✅ Operations packed: result=771789619960","@module":"flavor::psp::format_2025::operations","@pid":9247,"@timestamp":"2026-03-31T20:28:01.376041Z"}
{"@file":"src/psp/format_2025/operations.rs","@level":"debug","@line":60,"@message":"✅ Operations unpacked: count=8 operations=[189, 71, 212, 207, 178, 93, 45, 197]","@module":"flavor::psp::format_2025::operations","@pid":9247,"@timestamp":"2026-03-31T20:28:01.376060Z"}
{"@file":"src/psp/format_2025/operations.rs","@level":"debug","@line":60,"@message":"✅ Operations unpacked: count=5 operations=[248, 2, 63, 178, 179]","@module":"flavor::psp::format_2025::operations","@pid":9247,"@timestamp":"2026-03-31T20:28:01.376071Z"}
{"@file":"src/psp/format_2025/operations.rs","@level":"debug","@line":37,"@message":"✅ Operations packed: result=0","@module":"flavor::psp::format_2025::operations","@pid":9247,"@timestamp":"2026-03-31T20:28:01.376065Z"}
{"@file":"src/psp/format_2025/operations.rs","@level":"debug","@line":37,"@message":"✅ Operations packed: result=14208115421996140477","@module":"flavor::psp::format_2025::operations","@pid":9247,"@timestamp":"2026-03-31T20:28:01.376090Z"}
{"@file":"src/psp/format_2025/operations.rs","@level":"debug","@line":60,"@message":"✅ Operations unpacked: count=8 operations=[189, 71, 212, 207, 178, 93, 45, 197]","@module":"flavor::psp::format_2025::operations","@pid":9247,"@timestamp":"2026-03-31T20:28:01.376125Z"}
{"@file":"src/psp/format_2025/operations.rs","@level":"debug","@line":37,"@message":"✅ Operations packed: result=280710171551239","@module":"flavor::psp::format_2025::operations","@pid":9247,"@timestamp":"2026-03-31T20:28:01.376128Z"}
{"@file":"src/psp/format_2025/operations.rs","@level":"debug","@line":37,"@message":"✅ Operations packed: result=897441393524","@module":"flavor::psp::format_2025::operations","@pid":9247,"@timestamp":"2026-03-31T20:28:01.376143Z"}
{"@file":"src/psp/format_2025/operations.rs","@level":"debug","@line":60,"@message":"✅ Operations unpacked: count=6 operations=[7, 102, 15, 238, 77, 255]","@module":"flavor::psp::format_2025::operations","@pid":9247,"@timestamp":"2026-03-31T20:28:01.376166Z"}
{"@file":"src/psp/format_2025/operations.rs","@level":"debug","@line":60,"@message":"✅ Operations unpacked: count=8 operations=[161, 65, 191, 91, 211, 223, 201, 253]","@module":"flavor::psp::format_2025::operations","@pid":9247,"@timestamp":"2026-03-31T20:28:01.376179Z"}
{"@file":"src/psp/format_2025/operations.rs","@level":"debug","@line":37,"@message":"✅ Operations packed: result=11912026","@module":"flavor::psp::format_2025::operations","@pid":9247,"@timestamp":"2026-03-31T20:28:01.376200Z"}
{"@file":"src/psp/format_2025/operations.rs","@level":"debug","@line":37,"@message":"✅ Operations packed: result=18287393860784964001","@module":"flavor::psp::format_2025::operations","@pid":9247,"@timestamp":"2026-03-31T20:28:01.376207Z"}
{"@file":"src/psp/format_2025/operations.rs","@level":"debug","@line":37,"@message":"✅ Operations packed: result=55807","@module":"flavor::psp::format_2025::operations","@pid":9247,"@timestamp":"2026-03-31T20:28:01.376213Z"}
{"@file":"src/psp/format_2025/operations.rs","@level":"debug","@line":60,"@message":"✅ Operations unpacked: count=8 operations=[161, 65, 191, 91, 211, 223, 201, 253]","@module":"flavor::psp::format_2025::operations","@pid":9247,"@timestamp":"2026-03-31T20:28:01.376239Z"}
{"@file":"src/psp/format_2025/operations.rs","@level":"debug","@line":37,"@message":"✅ Operations packed: result=212809401694239","@module":"flavor::psp::format_2025::operations","@pid":9247,"@timestamp":"2026-03-31T20:28:01.376253Z"}
{"@file":"src/psp/format_2025/operations.rs","@level":"debug","@line":60,"@message":"✅ Operations unpacked: count=2 operations=[255, 217]","@module":"flavor::psp::format_2025::operations","@pid":9247,"@timestamp":"2026-03-31T20:28:01.376251Z"}
{"@file":"src/psp/format_2025/operations.rs","@level":"debug","@line":60,"@message":"✅ Operations unpacked: count=8 operations=[130, 218, 116, 12, 121, 10, 149, 217]","@module":"flavor::psp::format_2025::operations","@pid":9247,"@timestamp":"2026-03-31T20:28:01.376292Z"}
{"@file":"src/psp/format_2025/operations.rs","@level":"debug","@line":37,"@message":"✅ Operations packed: result=104628187081958","@module":"flavor::psp::format_2025::operations","@pid":9247,"@timestamp":"2026-03-31T20:28:01.376309Z"}
{"@file":"src/psp/format_2025/operations.rs","@level":"debug","@line":37,"@message":"✅ Operations packed: result=25376296289751091","@module":"flavor::psp::format_2025::operations","@pid":9247,"@timestamp":"2026-03-31T20:28:01.376326Z"}
{"@file":"src/psp/format_2025/operations.rs","@level":"debug","@line":37,"@message":"✅ Operations packed: result=15678449192776555138","@module":"flavor::psp::format_2025::operations","@pid":9247,"@timestamp":"2026-03-31T20:28:01.376316Z"}
{"@file":"src/psp/format_2025/operations.rs","@level":"debug","@line":60,"@message":"✅ Operations unpacked: count=7 operations=[51, 208, 16, 102, 155, 39, 90]","@module":"flavor::psp::format_2025::operations","@pid":9247,"@timestamp":"2026-03-31T20:28:01.376352Z"}
{"@file":"src/psp/format_2025/operations.rs","@level":"debug","@line":60,"@message":"✅ Operations unpacked: count=8 operations=[130, 218, 116, 12, 121, 10, 149, 217]","@module":"flavor::psp::format_2025::operations","@pid":9247,"@timestamp":"2026-03-31T20:28:01.376380Z"}
{"@file":"src/psp/format_2025/operations.rs","@level":"debug","@line":37,"@message":"✅ Operations packed: result=28250346081235469","@module":"flavor::psp::format_2025::operations","@pid":9247,"@timestamp":"2026-03-31T20:28:01.376366Z"}
{"@file":"src/psp/format_2025/operations.rs","@level":"debug","@line":37,"@message":"✅ Operations packed: result=4035339","@module":"flavor::psp::format_2025::operations","@pid":9247,"@timestamp":"2026-03-31T20:28:01.376429Z"}
{"@file":"src/psp/format_2025/operations.rs","@level":"debug","@line":60,"@message":"✅ Operations unpacked: count=8 operations=[144, 77, 128, 147, 217, 46, 24, 93]","@module":"flavor::psp::format_2025::operations","@pid":9247,"@timestamp":"2026-03-31T20:28:01.376439Z"}
{"@file":"src/psp/format_2025/operations.rs","@level":"debug","@line":37,"@message":"✅ Operations packed: result=7804618844205176217","@module":"flavor::psp::format_2025::operations","@pid":9247,"@timestamp":"2026-03-31T20:28:01.376451Z"}
{"@file":"src/psp/format_2025/operations.rs","@level":"debug","@line":60,"@message":"✅ Operations unpacked: count=3 operations=[11, 147, 61]","@module":"flavor::psp::format_2025::operations","@pid":9247,"@timestamp":"2026-03-31T20:28:01.376456Z"}
{"@file":"src/psp/format_2025/operations.rs","@level":"debug","@line":37,"@message":"✅ Operations packed: result=6708163156985793936","@module":"flavor::psp::format_2025::operations","@pid":9247,"@timestamp":"2026-03-31T20:28:01.376466Z"}
{"@file":"src/psp/format_2025/operations.rs","@level":"debug","@line":60,"@message":"✅ Operations unpacked: count=8 operations=[144, 77, 128, 147, 217, 46, 24, 93]","@module":"flavor::psp::format_2025::operations","@pid":9247,"@timestamp":"2026-03-31T20:28:01.376492Z"}
{"@file":"src/psp/format_2025/operations.rs","@level":"debug","@line":37,"@message":"✅ Operations packed: result=4055155494","@module":"flavor::psp::format_2025::operations","@pid":9247,"@timestamp":"2026-03-31T20:28:01.376501Z"}
{"@file":"src/psp/format_2025/operations.rs","@level":"debug","@line":37,"@message":"✅ Operations packed: result=117","@module":"flavor::psp::format_2025::operations","@pid":9247,"@timestamp":"2026-03-31T20:28:01.376510Z"}
{"@file":"src/psp/format_2025/operations.rs","@level":"debug","@line":60,"@message":"✅ Operations unpacked: count=1 operations=[117]","@module":"flavor::psp::format_2025::operations","@pid":9247,"@timestamp":"2026-03-31T20:28:01.376538Z"}
{"@file":"src/psp/format_2025/operations.rs","@level":"debug","@line":37,"@message":"✅ Operations packed: result=7662381","@module":"flavor::psp::format_2025::operations","@pid":9247,"@timestamp":"2026-03-31T20:28:01.376549Z"}
{"@file":"src/psp/format_2025/operations.rs","@level":"debug","@line":60,"@message":"✅ Operations unpacked: count=8 operations=[67, 216, 119, 60, 233, 231, 188, 29]","@module":"flavor::psp::format_2025::operations","@pid":9247,"@timestamp":"2026-03-31T20:28:01.376538Z"}
{"@file":"src/psp/format_2025/operations.rs","@level":"debug","@line":37,"@message":"✅ Operations packed: result=58","@module":"flavor::psp::format_2025::operations","@pid":9247,"@timestamp":"2026-03-31T20:28:01.376591Z"}
{"@file":"src/psp/format_2025/operations.rs","@level":"debug","@line":37,"@message":"✅ Operations packed: result=2142842511649396803","@module":"flavor::psp::format_2025::operations","@pid":9247,"@timestamp":"2026-03-31T20:28:01.376592Z"}
{"@file":"src/psp/format_2025/operations.rs","@level":"debug","@line":37,"@message":"✅ Operations packed: result=915173888498","@module":"flavor::psp::format_2025::operations","@pid":9247,"@timestamp":"2026-03-31T20:28:01.376607Z"}
{"@file":"src/psp/format_2025/operations.rs","@level":"debug","@line":60,"@message":"✅ Operations unpacked: count=8 operations=[67, 216, 119, 60, 233, 231, 188, 29]","@module":"flavor::psp::format_2025::operations","@pid":9247,"@timestamp":"2026-03-31T20:28:01.376620Z"}
{"@file":"src/psp/format_2025/operations.rs","@level":"debug","@line":60,"@message":"✅ Operations unpacked: count=1 operations=[58]","@module":"flavor::psp::format_2025::operations","@pid":9247,"@timestamp":"2026-03-31T20:28:01.376614Z"}
{"@file":"src/psp/format_2025/operations.rs","@level":"debug","@line":37,"@message":"✅ Operations packed: result=16651851","@module":"flavor::psp::format_2025::operations","@pid":9247,"@timestamp":"2026-03-31T20:28:01.376665Z"}
{"@file":"src/psp/format_2025/operations.rs","@level":"debug","@line":60,"@message":"✅ Operations unpacked: count=8 operations=[195, 174, 43, 45, 254, 22, 10, 4]","@module":"flavor::psp::format_2025::operations","@pid":9247,"@timestamp":"2026-03-31T20:28:01.376677Z"}
{"@file":"src/psp/format_2025/operations.rs","@level":"debug","@line":37,"@message":"✅ Operations packed: result=171","@module":"flavor::psp::format_2025::operations","@pid":9247,"@timestamp":"2026-03-31T20:28:01.376692Z"}
{"@file":"src/psp/format_2025/operations.rs","@level":"debug","@line":37,"@message":"✅ Operations packed: result=291070406854160067","@module":"flavor::psp::format_2025::operations","@pid":9247,"@timestamp":"2026-03-31T20:28:01.376704Z"}
{"@file":"src/psp/format_2025/operations.rs","@level":"debug","@line":37,"@message":"✅ Operations packed: result=1401","@module":"flavor::psp::format_2025::operations","@pid":9247,"@timestamp":"2026-03-31T20:28:01.376711Z"}
{"@file":"src/psp/format_2025/operations.rs","@level":"debug","@line":60,"@message":"✅ Operations unpacked: count=1 operations=[171]","@module":"flavor::psp::format_2025::operations","@pid":9247,"@timestamp":"2026-03-31T20:28:01.376717Z"}
{"@file":"src/psp/format_2025/operations.rs","@level":"debug","@line":60,"@message":"✅ Operations unpacked: count=8 operations=[195, 174, 43, 45, 254, 22, 10, 4]","@module":"flavor::psp::format_2025::operations","@pid":9247,"@timestamp":"2026-03-31T20:28:01.376729Z"}
{"@file":"src/psp/format_2025/operations.rs","@level":"debug","@line":37,"@message":"✅ Operations packed: result=0","@module":"flavor::psp::format_2025::operations","@pid":9247,"@timestamp":"2026-03-31T20:28:01.376769Z"}
{"@file":"src/psp/format_2025/operations.rs","@level":"debug","@line":37,"@message":"✅ Operations packed: result=34668","@module":"flavor::psp::format_2025::operations","@pid":9247,"@timestamp":"2026-03-31T20:28:01.376786Z"}
{"@file":"src/psp/format_2025/operations.rs","@level":"debug","@line":60,"@message":"✅ Operations unpacked: count=4 operations=[132, 157, 159, 142]","@module":"flavor::psp::format_2025::operations","@pid":9247,"@timestamp":"2026-03-31T20:28:01.376799Z"}
{"@file":"src/psp/format_2025/operations.rs","@level":"debug","@line":60,"@message":"✅ Operations unpacked: count=2 operations=[108, 135]","@module":"flavor::psp::format_2025::operations","@pid":9247,"@timestamp":"2026-03-31T20:28:01.376813Z"}
{"@file":"src/psp/format_2025/operations.rs","@level":"debug","@line":37,"@message":"✅ Operations packed: result=939834817039","@module":"flavor::psp::format_2025::operations","@pid":9247,"@timestamp":"2026-03-31T20:28:01.376818Z"}
{"@file":"src/psp/format_2025/operations.rs","@level":"debug","@line":37,"@message":"✅ Operations packed: result=2392825220","@module":"flavor::psp::format_2025::operations","@pid":9247,"@timestamp":"2026-03-31T20:28:01.376825Z"}
{"@file":"src/psp/format_2025/operations.rs","@level":"debug","@line":37,"@message":"✅ Operations packed: result=0","@module":"flavor::psp::format_2025::operations","@pid":9247,"@timestamp":"2026-03-31T20:28:01.376873Z"}
{"@file":"src/psp/format_2025/operations.rs","@level":"debug","@line":60,"@message":"✅ Operations unpacked: count=4 operations=[132, 157, 159, 142]","@module":"flavor::psp::format_2025::operations","@pid":9247,"@timestamp":"2026-03-31T20:28:01.376873Z"}
{"@file":"src/psp/format_2025/operations.rs","@level":"debug","@line":60,"@message":"✅ Operations unpacked: count=0 operations=[]","@module":"flavor::psp::format_2025::operations","@pid":9247,"@timestamp":"2026-03-31T20:28:01.376896Z"}
{"@file":"src/psp/format_2025/operations.rs","@level":"debug","@line":37,"@message":"✅ Operations packed: result=673333262635909","@module":"flavor::psp::format_2025::operations","@pid":9247,"@timestamp":"2026-03-31T20:28:01.376889Z"}
{"@file":"src/psp/format_2025/operations.rs","@level":"debug","@line":60,"@message":"✅ Operations unpacked: count=8 operations=[26, 77, 196, 113, 13, 169, 111, 12]","@module":"flavor::psp::format_2025::operations","@pid":9247,"@timestamp":"2026-03-31T20:28:01.376943Z"}
{"@file":"src/psp/format_2025/operations.rs","@level":"debug","@line":37,"@message":"✅ Operations packed: result=2100074994814784188","@module":"flavor::psp::format_2025::operations","@pid":9247,"@timestamp":"2026-03-31T20:28:01.376951Z"}
{"@file":"src/psp/format_2025/operations.rs","@level":"debug","@line":37,"@message":"✅ Operations packed: result=896120726078377242","@module":"flavor::psp::format_2025::operations","@pid":9247,"@timestamp":"2026-03-31T20:28:01.376975Z"}
{"@file":"src/psp/format_2025/operations.rs","@level":"debug","@line":37,"@message":"✅ Operations packed: result=0","@module":"flavor::psp::format_2025::operations","@pid":9247,"@timestamp":"2026-03-31T20:28:01.376956Z"}
{"@file":"src/psp/format_2025/operations.rs","@level":"debug","@line":60,"@message":"✅ Operations unpacked: count=8 operations=[188, 146, 157, 195, 20, 247, 36, 29]","@module":"flavor::psp::format_2025::operations","@pid":9247,"@timestamp":"2026-03-31T20:28:01.376991Z"}
{"@file":"src/psp/format_2025/operations.rs","@level":"debug","@line":60,"@message":"✅ Operations unpacked: count=8 operations=[26, 77, 196, 113, 13, 169, 111, 12]","@module":"flavor::psp::format_2025::operations","@pid":9247,"@timestamp":"2026-03-31T20:28:01.377004Z"}
{"@file":"src/psp/format_2025/operations.rs","@level":"debug","@line":37,"@message":"✅ Operations packed: result=11036283","@module":"flavor::psp::format_2025::operations","@pid":9247,"@timestamp":"2026-03-31T20:28:01.377046Z"}
{"@file":"src/psp/format_2025/operations.rs","@level":"debug","@line":37,"@message":"✅ Operations packed: result=1031812172197","@module":"flavor::psp::format_2025::operations","@pid":9247,"@timestamp":"2026-03-31T20:28:01.377058Z"}
{"@file":"src/psp/format_2025/operations.rs","@level":"debug","@line":60,"@message":"✅ Operations unpacked: count=8 operations=[81, 96, 217, 13, 255, 143, 50, 225]","@module":"flavor::psp::format_2025::operations","@pid":9247,"@timestamp":"2026-03-31T20:28:01.377072Z"}
{"@file":"src/psp/format_2025/operations.rs","@level":"debug","@line":60,"@message":"✅ Operations unpacked: count=5 operations=[165, 73, 204, 60, 240]","@module":"flavor::psp::format_2025::operations","@pid":9247,"@timestamp":"2026-03-31T20:28:01.377080Z"}
{"@file":"src/psp/format_2025/operations.rs","@level":"debug","@line":37,"@message":"✅ Operations packed: result=16227190732981100625","@module":"flavor::psp::format_2025::operations","@pid":9247,"@timestamp":"2026-03-31T20:28:01.377108Z"}
{"@file":"src/psp/format_2025/operations.rs","@level":"debug","@line":37,"@message":"✅ Operations packed: result=988340863301","@module":"flavor::psp::format_2025::operations","@pid":9247,"@timestamp":"2026-03-31T20:28:01.377110Z"}
{"@file":"src/psp/format_2025/operations.rs","@level":"debug","@line":60,"@message":"✅ Operations unpacked: count=8 operations=[81, 96, 217, 13, 255, 143, 50, 225]","@module":"flavor::psp::format_2025::operations","@pid":9247,"@timestamp":"2026-03-31T20:28:01.377138Z"}
{"@file":"src/psp/format_2025/operations.rs","@level":"debug","@line":37,"@message":"✅ Operations packed: result=930401102852","@module":"flavor::psp::format_2025::operations","@pid":9247,"@timestamp":"2026-03-31T20:28:01.377148Z"}
{"@file":"src/psp/format_2025/operations.rs","@level":"debug","@line":60,"@message":"✅ Operations unpacked: count=5 operations=[4, 44, 58, 160, 216]","@module":"flavor::psp::format_2025::operations","@pid":9247,"@timestamp":"2026-03-31T20:28:01.377174Z"}
{"@file":"src/psp/format_2025/operations.rs","@level":"debug","@line":37,"@message":"✅ Operations packed: result=4081207305","@module":"flavor::psp::format_2025::operations","@pid":9247,"@timestamp":"2026-03-31T20:28:01.377179Z"}
{"@file":"src/psp/format_2025/operations.rs","@level":"debug","@line":60,"@message":"✅ Operations unpacked: count=8 operations=[197, 69, 63, 74, 18, 104, 50, 17]","@module":"flavor::psp::format_2025::operations","@pid":9247,"@timestamp":"2026-03-31T20:28:01.377191Z"}
{"@file":"src/psp/format_2025/operations.rs","@level":"debug","@line":37,"@message":"✅ Operations packed: result=1239167275244668357","@module":"flavor::psp::format_2025::operations","@pid":9247,"@timestamp":"2026-03-31T20:28:01.377219Z"}
{"@file":"src/psp/format_2025/operations.rs","@level":"debug","@line":37,"@message":"✅ Operations packed: result=25686","@module":"flavor::psp::format_2025::operations","@pid":9247,"@timestamp":"2026-03-31T20:28:01.377226Z"}
{"@file":"src/psp/format_2025/operations.rs","@level":"debug","@line":37,"@message":"✅ Operations packed: result=47","@module":"flavor::psp::format_2025::operations","@pid":9247,"@timestamp":"2026-03-31T20:28:01.377232Z"}
{"@file":"src/psp/format_2025/operations.rs","@level":"debug","@line":60,"@message":"✅ Operations unpacked: count=8 operations=[197, 69, 63, 74, 18, 104, 50, 17]","@module":"flavor::psp::format_2025::operations","@pid":9247,"@timestamp":"2026-03-31T20:28:01.377238Z"}
{"@file":"src/psp/format_2025/operations.rs","@level":"debug","@line":60,"@message":"✅ Operations unpacked: count=2 operations=[86, 100]","@module":"flavor::psp::format_2025::operations","@pid":9247,"@timestamp":"2026-03-31T20:28:01.377253Z"}
{"@file":"src/psp/format_2025/operations.rs","@level":"debug","@line":37,"@message":"✅ Operations packed: result=2784142529","@module":"flavor::psp::format_2025::operations","@pid":9247,"@timestamp":"2026-03-31T20:28:01.377292Z"}
{"@file":"src/psp/format_2025/operations.rs","@level":"debug","@line":60,"@message":"✅ Operations unpacked: count=8 operations=[52, 42, 230, 194, 46, 99, 80, 77]","@module":"flavor::psp::format_2025::operations","@pid":9247,"@timestamp":"2026-03-31T20:28:01.377306Z"}
{"@file":"src/psp/format_2025/operations.rs","@level":"debug","@line":37,"@message":"✅ Operations packed: result=3384937578","@module":"flavor::psp::format_2025::operations","@pid":9247,"@timestamp":"2026-03-31T20:28:01.377322Z"}
{"@file":"src/psp/format_2025/operations.rs","@level":"debug","@line":37,"@message":"✅ Operations packed: result=5571061791546812980","@module":"flavor::psp::format_2025::operations","@pid":9247,"@timestamp":"2026-03-31T20:28:01.377327Z"}
{"@file":"src/psp/format_2025/operations.rs","@level":"debug","@line":37,"@message":"✅ Operations packed: result=245900865661183","@module":"flavor::psp::format_2025::operations","@pid":9247,"@timestamp":"2026-03-31T20:28:01.377346Z"}
{"@file":"src/psp/format_2025/operations.rs","@level":"debug","@line":60,"@message":"✅ Operations unpacked: count=4 operations=[106, 12, 194, 201]","@module":"flavor::psp::format_2025::operations","@pid":9247,"@timestamp":"2026-03-31T20:28:01.377355Z"}
{"@file":"src/psp/format_2025/operations.rs","@level":"debug","@line":60,"@message":"✅ Operations unpacked: count=8 operations=[52, 42, 230, 194, 46, 99, 80, 77]","@module":"flavor::psp::format_2025::operations","@pid":9247,"@timestamp":"2026-03-31T20:28:01.377368Z"}
{"@file":"src/psp/format_2025/operations.rs","@level":"debug","@line":37,"@message":"✅ Operations packed: result=435121807","@module":"flavor::psp::format_2025::operations","@pid":9247,"@timestamp":"2026-03-31T20:28:01.377400Z"}
{"@file":"src/psp/format_2025/operations.rs","@level":"debug","@line":37,"@message":"✅ Operations packed: result=2710132564","@module":"flavor::psp::format_2025::operations","@pid":9247,"@timestamp":"2026-03-31T20:28:01.377410Z"}
{"@file":"src/psp/format_2025/operations.rs","@level":"debug","@line":60,"@message":"✅ Operations unpacked: count=8 operations=[178, 213, 27, 169, 205, 104, 105, 128]","@module":"flavor::psp::format_2025::operations","@pid":9247,"@timestamp":"2026-03-31T20:28:01.377424Z"}
test psp::format_2025::operations::tests::prop_pack_high_bytes_zero ... {"@file":"src/psp/format_2025/operations.rs","@level":"debug","@line":60,"@message":"✅ Operations unpacked: count=4 operations=[84, 87, 137, 161]","@module":"flavor::psp::format_2025::operations","@pid":9247,"@timestamp":"2026-03-31T20:28:01.377439Z"}
ok{"@file":"src/psp/format_2025/operations.rs","@level":"debug","@line":37,"@message":"✅ Operations packed: result=9253042141924152754","@module":"flavor::psp::format_2025::operations","@pid":9247,"@timestamp":"2026-03-31T20:28:01.377450Z"}

{"@file":"src/psp/format_2025/operations.rs","@level":"debug","@line":60,"@message":"✅ Operations unpacked: count=8 operations=[178, 213, 27, 169, 205, 104, 105, 128]","@module":"flavor::psp::format_2025::operations","@pid":9247,"@timestamp":"2026-03-31T20:28:01.377476Z"}
{"@file":"src/psp/format_2025/operations.rs","@level":"debug","@line":37,"@message":"✅ Operations packed: result=1183701501","@module":"flavor::psp::format_2025::operations","@pid":9247,"@timestamp":"2026-03-31T20:28:01.377493Z"}
{"@file":"src/psp/format_2025/operations.rs","@level":"debug","@line":60,"@message":"✅ Operations unpacked: count=4 operations=[253, 217, 141, 70]","@module":"flavor::psp::format_2025::operations","@pid":9247,"@timestamp":"2026-03-31T20:28:01.377520Z"}
{"@file":"src/psp/format_2025/operations.rs","@level":"debug","@line":60,"@message":"✅ Operations unpacked: count=8 operations=[100, 62, 236, 240, 235, 6, 44, 158]","@module":"flavor::psp::format_2025::operations","@pid":9247,"@timestamp":"2026-03-31T20:28:01.377527Z"}
{"@file":"src/psp/format_2025/operations.rs","@level":"debug","@line":37,"@message":"✅ Operations packed: result=11397492367396978276","@module":"flavor::psp::format_2025::operations","@pid":9247,"@timestamp":"2026-03-31T20:28:01.377553Z"}
{"@file":"src/psp/format_2025/operations.rs","@level":"debug","@line":37,"@message":"✅ Operations packed: result=219656488361821","@module":"flavor::psp::format_2025::operations","@pid":9247,"@timestamp":"2026-03-31T20:28:01.377568Z"}
{"@file":"src/psp/format_2025/operations.rs","@level":"debug","@line":60,"@message":"✅ Operations unpacked: count=8 operations=[100, 62, 236, 240, 235, 6, 44, 158]","@module":"flavor::psp::format_2025::operations","@pid":9247,"@timestamp":"2026-03-31T20:28:01.377571Z"}
{"@file":"src/psp/format_2025/operations.rs","@level":"debug","@line":60,"@message":"✅ Operations unpacked: count=6 operations=[93, 31, 246, 194, 198, 199]","@module":"flavor::psp::format_2025::operations","@pid":9247,"@timestamp":"2026-03-31T20:28:01.377599Z"}
{"@file":"src/psp/format_2025/operations.rs","@level":"debug","@line":60,"@message":"✅ Operations unpacked: count=8 operations=[4, 177, 8, 73, 158, 61, 19, 96]","@module":"flavor::psp::format_2025::operations","@pid":9247,"@timestamp":"2026-03-31T20:28:01.377641Z"}
{"@file":"src/psp/format_2025/operations.rs","@level":"debug","@line":37,"@message":"✅ Operations packed: result=19506756418384909","@module":"flavor::psp::format_2025::operations","@pid":9247,"@timestamp":"2026-03-31T20:28:01.377654Z"}
{"@file":"src/psp/format_2025/operations.rs","@level":"debug","@line":37,"@message":"✅ Operations packed: result=6922944802238017796","@module":"flavor::psp::format_2025::operations","@pid":9247,"@timestamp":"2026-03-31T20:28:01.377667Z"}
{"@file":"src/psp/format_2025/operations.rs","@level":"debug","@line":60,"@message":"✅ Operations unpacked: count=7 operations=[13, 180, 9, 167, 74, 77, 69]","@module":"flavor::psp::format_2025::operations","@pid":9247,"@timestamp":"2026-03-31T20:28:01.377680Z"}
{"@file":"src/psp/format_2025/operations.rs","@level":"debug","@line":60,"@message":"✅ Operations unpacked: count=8 operations=[4, 177, 8, 73, 158, 61, 19, 96]","@module":"flavor::psp::format_2025::operations","@pid":9247,"@timestamp":"2026-03-31T20:28:01.377693Z"}
{"@file":"src/psp/format_2025/operations.rs","@level":"debug","@line":37,"@message":"✅ Operations packed: result=36875","@module":"flavor::psp::format_2025::operations","@pid":9247,"@timestamp":"2026-03-31T20:28:01.377735Z"}
{"@file":"src/psp/format_2025/operations.rs","@level":"debug","@line":60,"@message":"✅ Operations unpacked: count=8 operations=[167, 198, 172, 80, 228, 26, 145, 111]","@module":"flavor::psp::format_2025::operations","@pid":9247,"@timestamp":"2026-03-31T20:28:01.377748Z"}
{"@file":"src/psp/format_2025/operations.rs","@level":"debug","@line":60,"@message":"✅ Operations unpacked: count=2 operations=[11, 144]","@module":"flavor::psp::format_2025::operations","@pid":9247,"@timestamp":"2026-03-31T20:28:01.377761Z"}
{"@file":"src/psp/format_2025/operations.rs","@level":"debug","@line":37,"@message":"✅ Operations packed: result=8039236377741412007","@module":"flavor::psp::format_2025::operations","@pid":9247,"@timestamp":"2026-03-31T20:28:01.377777Z"}
{"@file":"src/psp/format_2025/operations.rs","@level":"debug","@line":60,"@message":"✅ Operations unpacked: count=8 operations=[167, 198, 172, 80, 228, 26, 145, 111]","@module":"flavor::psp::format_2025::operations","@pid":9247,"@timestamp":"2026-03-31T20:28:01.377802Z"}
{"@file":"src/psp/format_2025/operations.rs","@level":"debug","@line":37,"@message":"✅ Operations packed: result=92","@module":"flavor::psp::format_2025::operations","@pid":9247,"@timestamp":"2026-03-31T20:28:01.377813Z"}
{"@file":"src/psp/format_2025/operations.rs","@level":"debug","@line":60,"@message":"✅ Operations unpacked: count=1 operations=[92]","@module":"flavor::psp::format_2025::operations","@pid":9247,"@timestamp":"2026-03-31T20:28:01.377843Z"}
{"@file":"src/psp/format_2025/operations.rs","@level":"debug","@line":60,"@message":"✅ Operations unpacked: count=8 operations=[103, 61, 205, 169, 165, 110, 230, 192]","@module":"flavor::psp::format_2025::operations","@pid":9247,"@timestamp":"2026-03-31T20:28:01.377847Z"}
{"@file":"src/psp/format_2025/operations.rs","@level":"debug","@line":37,"@message":"✅ Operations packed: result=13899918957723073895","@module":"flavor::psp::format_2025::operations","@pid":9247,"@timestamp":"2026-03-31T20:28:01.377873Z"}
{"@file":"src/psp/format_2025/operations.rs","@level":"debug","@line":37,"@message":"✅ Operations packed: result=182","@module":"flavor::psp::format_2025::operations","@pid":9247,"@timestamp":"2026-03-31T20:28:01.377889Z"}
{"@file":"src/psp/format_2025/operations.rs","@level":"debug","@line":60,"@message":"✅ Operations unpacked: count=8 operations=[103, 61, 205, 169, 165, 110, 230, 192]","@module":"flavor::psp::format_2025::operations","@pid":9247,"@timestamp":"2026-03-31T20:28:01.377892Z"}
{"@file":"src/psp/format_2025/operations.rs","@level":"debug","@line":60,"@message":"✅ Operations unpacked: count=1 operations=[182]","@module":"flavor::psp::format_2025::operations","@pid":9247,"@timestamp":"2026-03-31T20:28:01.377919Z"}
{"@file":"src/psp/format_2025/operations.rs","@level":"debug","@line":60,"@message":"✅ Operations unpacked: count=8 operations=[184, 92, 249, 188, 14, 187, 159, 84]","@module":"flavor::psp::format_2025::operations","@pid":9247,"@timestamp":"2026-03-31T20:28:01.377960Z"}
{"@file":"src/psp/format_2025/operations.rs","@level":"debug","@line":37,"@message":"✅ Operations packed: result=3058012059","@module":"flavor::psp::format_2025::operations","@pid":9247,"@timestamp":"2026-03-31T20:28:01.377971Z"}
{"@file":"src/psp/format_2025/operations.rs","@level":"debug","@line":37,"@message":"✅ Operations packed: result=6097798092457335992","@module":"flavor::psp::format_2025::operations","@pid":9247,"@timestamp":"2026-03-31T20:28:01.377986Z"}
{"@file":"src/psp/format_2025/operations.rs","@level":"debug","@line":60,"@message":"✅ Operations unpacked: count=4 operations=[155, 143, 69, 182]","@module":"flavor::psp::format_2025::operations","@pid":9247,"@timestamp":"2026-03-31T20:28:01.377996Z"}
{"@file":"src/psp/format_2025/operations.rs","@level":"debug","@line":60,"@message":"✅ Operations unpacked: count=8 operations=[184, 92, 249, 188, 14, 187, 159, 84]","@module":"flavor::psp::format_2025::operations","@pid":9247,"@timestamp":"2026-03-31T20:28:01.378010Z"}
{"@file":"src/psp/format_2025/operations.rs","@level":"debug","@line":37,"@message":"✅ Operations packed: result=124258961967","@module":"flavor::psp::format_2025::operations","@pid":9247,"@timestamp":"2026-03-31T20:28:01.378050Z"}
{"@file":"src/psp/format_2025/operations.rs","@level":"debug","@line":60,"@message":"✅ Operations unpacked: count=8 operations=[31, 128, 118, 64, 25, 168, 10, 63]","@module":"flavor::psp::format_2025::operations","@pid":9247,"@timestamp":"2026-03-31T20:28:01.378063Z"}
{"@file":"src/psp/format_2025/operations.rs","@level":"debug","@line":60,"@message":"✅ Operations unpacked: count=5 operations=[47, 74, 105, 238, 28]","@module":"flavor::psp::format_2025::operations","@pid":9247,"@timestamp":"2026-03-31T20:28:01.378076Z"}
{"@file":"src/psp/format_2025/operations.rs","@level":"debug","@line":37,"@message":"✅ Operations packed: result=4542628000565723167","@module":"flavor::psp::format_2025::operations","@pid":9247,"@timestamp":"2026-03-31T20:28:01.378089Z"}
{"@file":"src/psp/format_2025/operations.rs","@level":"debug","@line":60,"@message":"✅ Operations unpacked: count=8 operations=[31, 128, 118, 64, 25, 168, 10, 63]","@module":"flavor::psp::format_2025::operations","@pid":9247,"@timestamp":"2026-03-31T20:28:01.378113Z"}
{"@file":"src/psp/format_2025/operations.rs","@level":"debug","@line":37,"@message":"✅ Operations packed: result=77271213460","@module":"flavor::psp::format_2025::operations","@pid":9247,"@timestamp":"2026-03-31T20:28:01.378129Z"}
{"@file":"src/psp/format_2025/operations.rs","@level":"debug","@line":60,"@message":"✅ Operations unpacked: count=5 operations=[148, 37, 185, 253, 17]","@module":"flavor::psp::format_2025::operations","@pid":9247,"@timestamp":"2026-03-31T20:28:01.378154Z"}
{"@file":"src/psp/format_2025/operations.rs","@level":"debug","@line":60,"@message":"✅ Operations unpacked: count=8 operations=[140, 124, 134, 79, 200, 245, 54, 32]","@module":"flavor::psp::format_2025::operations","@pid":9247,"@timestamp":"2026-03-31T20:28:01.378160Z"}
{"@file":"src/psp/format_2025/operations.rs","@level":"debug","@line":37,"@message":"✅ Operations packed: result=2321312898632547468","@module":"flavor::psp::format_2025::operations","@pid":9247,"@timestamp":"2026-03-31T20:28:01.378200Z"}
{"@file":"src/psp/format_2025/operations.rs","@level":"debug","@line":37,"@message":"✅ Operations packed: result=12153082657572421799","@module":"flavor::psp::format_2025::operations","@pid":9247,"@timestamp":"2026-03-31T20:28:01.378214Z"}
{"@file":"src/psp/format_2025/operations.rs","@level":"debug","@line":60,"@message":"✅ Operations unpacked: count=8 operations=[140, 124, 134, 79, 200, 245, 54, 32]","@module":"flavor::psp::format_2025::operations","@pid":9247,"@timestamp":"2026-03-31T20:28:01.378228Z"}
{"@file":"src/psp/format_2025/operations.rs","@level":"debug","@line":60,"@message":"✅ Operations unpacked: count=8 operations=[167, 128, 144, 138, 73, 108, 168, 168]","@module":"flavor::psp::format_2025::operations","@pid":9247,"@timestamp":"2026-03-31T20:28:01.378241Z"}
{"@file":"src/psp/format_2025/operations.rs","@level":"debug","@line":60,"@message":"✅ Operations unpacked: count=8 operations=[54, 30, 24, 118, 114, 163, 150, 162]","@module":"flavor::psp::format_2025::operations","@pid":9247,"@timestamp":"2026-03-31T20:28:01.378281Z"}
{"@file":"src/psp/format_2025/operations.rs","@level":"debug","@line":37,"@message":"✅ Operations packed: result=0","@module":"flavor::psp::format_2025::operations","@pid":9247,"@timestamp":"2026-03-31T20:28:01.378294Z"}
{"@file":"src/psp/format_2025/operations.rs","@level":"debug","@line":37,"@message":"✅ Operations packed: result=11715731192653815350","@module":"flavor::psp::format_2025::operations","@pid":9247,"@timestamp":"2026-03-31T20:28:01.378309Z"}
{"@file":"src/psp/format_2025/operations.rs","@level":"debug","@line":60,"@message":"✅ Operations unpacked: count=0 operations=[]","@module":"flavor::psp::format_2025::operations","@pid":9247,"@timestamp":"2026-03-31T20:28:01.378320Z"}
{"@file":"src/psp/format_2025/operations.rs","@level":"debug","@line":60,"@message":"✅ Operations unpacked: count=8 operations=[54, 30, 24, 118, 114, 163, 150, 162]","@module":"flavor::psp::format_2025::operations","@pid":9247,"@timestamp":"2026-03-31T20:28:01.378343Z"}
{"@file":"src/psp/format_2025/operations.rs","@level":"debug","@line":37,"@message":"✅ Operations packed: result=45456535","@module":"flavor::psp::format_2025::operations","@pid":9247,"@timestamp":"2026-03-31T20:28:01.378383Z"}
{"@file":"src/psp/format_2025/operations.rs","@level":"debug","@line":60,"@message":"✅ Operations unpacked: count=8 operations=[24, 67, 233, 138, 63, 59, 37, 10]","@module":"flavor::psp::format_2025::operations","@pid":9247,"@timestamp":"2026-03-31T20:28:01.378395Z"}
{"@file":"src/psp/format_2025/operations.rs","@level":"debug","@line":60,"@message":"✅ Operations unpacked: count=4 operations=[151, 156, 181, 2]","@module":"flavor::psp::format_2025::operations","@pid":9247,"@timestamp":"2026-03-31T20:28:01.378410Z"}
{"@file":"src/psp/format_2025/operations.rs","@level":"debug","@line":37,"@message":"✅ Operations packed: result=731055658617094936","@module":"flavor::psp::format_2025::operations","@pid":9247,"@timestamp":"2026-03-31T20:28:01.378422Z"}
{"@file":"src/psp/format_2025/operations.rs","@level":"debug","@line":60,"@message":"✅ Operations unpacked: count=8 operations=[24, 67, 233, 138, 63, 59, 37, 10]","@module":"flavor::psp::format_2025::operations","@pid":9247,"@timestamp":"2026-03-31T20:28:01.378447Z"}
{"@file":"src/psp/format_2025/operations.rs","@level":"debug","@line":37,"@message":"✅ Operations packed: result=311833651134","@module":"flavor::psp::format_2025::operations","@pid":9247,"@timestamp":"2026-03-31T20:28:01.378464Z"}
{"@file":"src/psp/format_2025/operations.rs","@level":"debug","@line":60,"@message":"✅ Operations unpacked: count=5 operations=[190, 231, 187, 154, 72]","@module":"flavor::psp::format_2025::operations","@pid":9247,"@timestamp":"2026-03-31T20:28:01.378490Z"}
{"@file":"src/psp/format_2025/operations.rs","@level":"debug","@line":60,"@message":"✅ Operations unpacked: count=8 operations=[69, 143, 226, 26, 95, 164, 95, 150]","@module":"flavor::psp::format_2025::operations","@pid":9247,"@timestamp":"2026-03-31T20:28:01.378493Z"}
{"@file":"src/psp/format_2025/operations.rs","@level":"debug","@line":37,"@message":"✅ Operations packed: result=10835559956856606533","@module":"flavor::psp::format_2025::operations","@pid":9247,"@timestamp":"2026-03-31T20:28:01.378523Z"}
{"@file":"src/psp/format_2025/operations.rs","@level":"debug","@line":60,"@message":"✅ Operations unpacked: count=8 operations=[69, 143, 226, 26, 95, 164, 95, 150]","@module":"flavor::psp::format_2025::operations","@pid":9247,"@timestamp":"2026-03-31T20:28:01.378540Z"}
{"@file":"src/psp/format_2025/operations.rs","@level":"debug","@line":37,"@message":"✅ Operations packed: result=0","@module":"flavor::psp::format_2025::operations","@pid":9247,"@timestamp":"2026-03-31T20:28:01.378540Z"}
{"@file":"src/psp/format_2025/operations.rs","@level":"debug","@line":60,"@message":"✅ Operations unpacked: count=0 operations=[]","@module":"flavor::psp::format_2025::operations","@pid":9247,"@timestamp":"2026-03-31T20:28:01.378575Z"}
{"@file":"src/psp/format_2025/operations.rs","@level":"debug","@line":60,"@message":"✅ Operations unpacked: count=5 operations=[151, 16, 102, 249, 237]","@module":"flavor::psp::format_2025::operations","@pid":9247,"@timestamp":"2026-03-31T20:28:01.378591Z"}
{"@file":"src/psp/format_2025/operations.rs","@level":"debug","@line":37,"@message":"✅ Operations packed: result=1022091464855","@module":"flavor::psp::format_2025::operations","@pid":9247,"@timestamp":"2026-03-31T20:28:01.378609Z"}
{"@file":"src/psp/format_2025/operations.rs","@level":"debug","@line":37,"@message":"✅ Operations packed: result=71837889276781561","@module":"flavor::psp::format_2025::operations","@pid":9247,"@timestamp":"2026-03-31T20:28:01.378624Z"}
{"@file":"src/psp/format_2025/operations.rs","@level":"debug","@line":60,"@message":"✅ Operations unpacked: count=5 operations=[151, 16, 102, 249, 237]","@module":"flavor::psp::format_2025::operations","@pid":9247,"@timestamp":"2026-03-31T20:28:01.378626Z"}
{"@file":"src/psp/format_2025/operations.rs","@level":"debug","@line":60,"@message":"✅ Operations unpacked: count=7 operations=[249, 163, 193, 255, 45, 56, 255]","@module":"flavor::psp::format_2025::operations","@pid":9247,"@timestamp":"2026-03-31T20:28:01.378645Z"}
{"@file":"src/psp/format_2025/operations.rs","@level":"debug","@line":60,"@message":"✅ Operations unpacked: count=8 operations=[226, 115, 236, 23, 100, 108, 54, 118]","@module":"flavor::psp::format_2025::operations","@pid":9247,"@timestamp":"2026-03-31T20:28:01.378681Z"}
{"@file":"src/psp/format_2025/operations.rs","@level":"debug","@line":37,"@message":"✅ Operations packed: result=123","@module":"flavor::psp::format_2025::operations","@pid":9247,"@timestamp":"2026-03-31T20:28:01.378691Z"}
{"@file":"src/psp/format_2025/operations.rs","@level":"debug","@line":37,"@message":"✅ Operations packed: result=8518114922371773410","@module":"flavor::psp::format_2025::operations","@pid":9247,"@timestamp":"2026-03-31T20:28:01.378701Z"}
{"@file":"src/psp/format_2025/operations.rs","@level":"debug","@line":60,"@message":"✅ Operations unpacked: count=1 operations=[123]","@module":"flavor::psp::format_2025::operations","@pid":9247,"@timestamp":"2026-03-31T20:28:01.378709Z"}
{"@file":"src/psp/format_2025/operations.rs","@level":"debug","@line":60,"@message":"✅ Operations unpacked: count=8 operations=[226, 115, 236, 23, 100, 108, 54, 118]","@module":"flavor::psp::format_2025::operations","@pid":9247,"@timestamp":"2026-03-31T20:28:01.378719Z"}
{"@file":"src/psp/format_2025/operations.rs","@level":"debug","@line":37,"@message":"✅ Operations packed: result=3204370642","@module":"flavor::psp::format_2025::operations","@pid":9247,"@timestamp":"2026-03-31T20:28:01.378755Z"}
{"@file":"src/psp/format_2025/operations.rs","@level":"debug","@line":60,"@message":"✅ Operations unpacked: count=8 operations=[238, 15, 197, 93, 229, 143, 83, 187]","@module":"flavor::psp::format_2025::operations","@pid":9247,"@timestamp":"2026-03-31T20:28:01.378765Z"}
{"@file":"src/psp/format_2025/operations.rs","@level":"debug","@line":60,"@message":"✅ Operations unpacked: count=4 operations=[210, 208, 254, 190]","@module":"flavor::psp::format_2025::operations","@pid":9247,"@timestamp":"2026-03-31T20:28:01.378774Z"}
{"@file":"src/psp/format_2025/operations.rs","@level":"debug","@line":37,"@message":"✅ Operations packed: result=13498290723442986990","@module":"flavor::psp::format_2025::operations","@pid":9247,"@timestamp":"2026-03-31T20:28:01.378784Z"}
{"@file":"src/psp/format_2025/operations.rs","@level":"debug","@line":60,"@message":"✅ Operations unpacked: count=8 operations=[238, 15, 197, 93, 229, 143, 83, 187]","@module":"flavor::psp::format_2025::operations","@pid":9247,"@timestamp":"2026-03-31T20:28:01.378808Z"}
{"@file":"src/psp/format_2025/operations.rs","@level":"debug","@line":37,"@message":"✅ Operations packed: result=0","@module":"flavor::psp::format_2025::operations","@pid":9247,"@timestamp":"2026-03-31T20:28:01.378818Z"}
{"@file":"src/psp/format_2025/operations.rs","@level":"debug","@line":60,"@message":"✅ Operations unpacked: count=0 operations=[]","@module":"flavor::psp::format_2025::operations","@pid":9247,"@timestamp":"2026-03-31T20:28:01.378838Z"}
{"@file":"src/psp/format_2025/operations.rs","@level":"debug","@line":60,"@message":"✅ Operations unpacked: count=8 operations=[111, 78, 39, 22, 146, 46, 214, 48]","@module":"flavor::psp::format_2025::operations","@pid":9247,"@timestamp":"2026-03-31T20:28:01.378854Z"}
{"@file":"src/psp/format_2025/operations.rs","@level":"debug","@line":37,"@message":"✅ Operations packed: result=3519051363808398959","@module":"flavor::psp::format_2025::operations","@pid":9247,"@timestamp":"2026-03-31T20:28:01.378873Z"}
{"@file":"src/psp/format_2025/operations.rs","@level":"debug","@line":37,"@message":"✅ Operations packed: result=24392311603491915","@module":"flavor::psp::format_2025::operations","@pid":9247,"@timestamp":"2026-03-31T20:28:01.378885Z"}
{"@file":"src/psp/format_2025/operations.rs","@level":"debug","@line":60,"@message":"✅ Operations unpacked: count=8 operations=[111, 78, 39, 22, 146, 46, 214, 48]","@module":"flavor::psp::format_2025::operations","@pid":9247,"@timestamp":"2026-03-31T20:28:01.378889Z"}
{"@file":"src/psp/format_2025/operations.rs","@level":"debug","@line":60,"@message":"✅ Operations unpacked: count=7 operations=[75, 116, 96, 156, 173, 168, 86]","@module":"flavor::psp::format_2025::operations","@pid":9247,"@timestamp":"2026-03-31T20:28:01.378904Z"}
{"@file":"src/psp/format_2025/operations.rs","@level":"debug","@line":60,"@message":"✅ Operations unpacked: count=8 operations=[239, 183, 41, 172, 142, 79, 217, 48]","@module":"flavor::psp::format_2025::operations","@pid":9247,"@timestamp":"2026-03-31T20:28:01.378935Z"}
{"@file":"src/psp/format_2025/operations.rs","@level":"debug","@line":37,"@message":"✅ Operations packed: result=10456827948934880232","@module":"flavor::psp::format_2025::operations","@pid":9247,"@timestamp":"2026-03-31T20:28:01.378951Z"}
{"@file":"src/psp/format_2025/operations.rs","@level":"debug","@line":37,"@message":"✅ Operations packed: result=3519932057959118831","@module":"flavor::psp::format_2025::operations","@pid":9247,"@timestamp":"2026-03-31T20:28:01.378954Z"}
{"@file":"src/psp/format_2025/operations.rs","@level":"debug","@line":60,"@message":"✅ Operations unpacked: count=8 operations=[232, 219, 163, 237, 157, 29, 30, 145]","@module":"flavor::psp::format_2025::operations","@pid":9247,"@timestamp":"2026-03-31T20:28:01.378970Z"}
{"@file":"src/psp/format_2025/operations.rs","@level":"debug","@line":60,"@message":"✅ Operations unpacked: count=8 operations=[239, 183, 41, 172, 142, 79, 217, 48]","@module":"flavor::psp::format_2025::operations","@pid":9247,"@timestamp":"2026-03-31T20:28:01.378992Z"}
{"@file":"src/psp/format_2025/operations.rs","@level":"debug","@line":37,"@message":"✅ Operations packed: result=660686347739","@module":"flavor::psp::format_2025::operations","@pid":9247,"@timestamp":"2026-03-31T20:28:01.379035Z"}
{"@file":"src/psp/format_2025/operations.rs","@level":"debug","@line":60,"@message":"✅ Operations unpacked: count=8 operations=[54, 230, 80, 229, 226, 178, 147, 31]","@module":"flavor::psp::format_2025::operations","@pid":9247,"@timestamp":"2026-03-31T20:28:01.379047Z"}
{"@file":"src/psp/format_2025/operations.rs","@level":"debug","@line":60,"@message":"✅ Operations unpacked: count=5 operations=[219, 157, 249, 211, 153]","@module":"flavor::psp::format_2025::operations","@pid":9247,"@timestamp":"2026-03-31T20:28:01.379061Z"}
{"@file":"src/psp/format_2025/operations.rs","@level":"debug","@line":37,"@message":"✅ Operations packed: result=2275358924331869750","@module":"flavor::psp::format_2025::operations","@pid":9247,"@timestamp":"2026-03-31T20:28:01.379075Z"}
{"@file":"src/psp/format_2025/operations.rs","@level":"debug","@line":60,"@message":"✅ Operations unpacked: count=8 operations=[54, 230, 80, 229, 226, 178, 147, 31]","@module":"flavor::psp::format_2025::operations","@pid":9247,"@timestamp":"2026-03-31T20:28:01.379104Z"}
{"@file":"src/psp/format_2025/operations.rs","@level":"debug","@line":37,"@message":"✅ Operations packed: result=3504693183","@module":"flavor::psp::format_2025::operations","@pid":9247,"@timestamp":"2026-03-31T20:28:01.379116Z"}
{"@file":"src/psp/format_2025/operations.rs","@level":"debug","@line":60,"@message":"✅ Operations unpacked: count=4 operations=[191, 95, 229, 208]","@module":"flavor::psp::format_2025::operations","@pid":9247,"@timestamp":"2026-03-31T20:28:01.379142Z"}
{"@file":"src/psp/format_2025/operations.rs","@level":"debug","@line":60,"@message":"✅ Operations unpacked: count=8 operations=[233, 107, 73, 213, 212, 242, 131, 70]","@module":"flavor::psp::format_2025::operations","@pid":9247,"@timestamp":"2026-03-31T20:28:01.379152Z"}
{"@file":"src/psp/format_2025/operations.rs","@level":"debug","@line":37,"@message":"✅ Operations packed: result=68","@module":"flavor::psp::format_2025::operations","@pid":9247,"@timestamp":"2026-03-31T20:28:01.379188Z"}
{"@file":"src/psp/format_2025/operations.rs","@level":"debug","@line":37,"@message":"✅ Operations packed: result=5081171800529398761","@module":"flavor::psp::format_2025::operations","@pid":9247,"@timestamp":"2026-03-31T20:28:01.379184Z"}
{"@file":"src/psp/format_2025/operations.rs","@level":"debug","@line":60,"@message":"✅ Operations unpacked: count=1 operations=[68]","@module":"flavor::psp::format_2025::operations","@pid":9247,"@timestamp":"2026-03-31T20:28:01.379216Z"}
{"@file":"src/psp/format_2025/operations.rs","@level":"debug","@line":60,"@message":"✅ Operations unpacked: count=8 operations=[233, 107, 73, 213, 212, 242, 131, 70]","@module":"flavor::psp::format_2025::operations","@pid":9247,"@timestamp":"2026-03-31T20:28:01.379229Z"}
{"@file":"src/psp/format_2025/operations.rs","@level":"debug","@line":37,"@message":"✅ Operations packed: result=45183564664601450","@module":"flavor::psp::format_2025::operations","@pid":9247,"@timestamp":"2026-03-31T20:28:01.379263Z"}
{"@file":"src/psp/format_2025/operations.rs","@level":"debug","@line":60,"@message":"✅ Operations unpacked: count=8 operations=[21, 185, 15, 124, 228, 122, 241, 219]","@module":"flavor::psp::format_2025::operations","@pid":9247,"@timestamp":"2026-03-31T20:28:01.379278Z"}
{"@file":"src/psp/format_2025/operations.rs","@level":"debug","@line":60,"@message":"✅ Operations unpacked: count=7 operations=[106, 251, 132, 113, 54, 134, 160]","@module":"flavor::psp::format_2025::operations","@pid":9247,"@timestamp":"2026-03-31T20:28:01.379281Z"}
{"@file":"src/psp/format_2025/operations.rs","@level":"debug","@line":37,"@message":"✅ Operations packed: result=15848583685446023445","@module":"flavor::psp::format_2025::operations","@pid":9247,"@timestamp":"2026-03-31T20:28:01.379299Z"}
{"@file":"src/psp/format_2025/operations.rs","@level":"debug","@line":60,"@message":"✅ Operations unpacked: count=8 operations=[21, 185, 15, 124, 228, 122, 241, 219]","@module":"flavor::psp::format_2025::operations","@pid":9247,"@timestamp":"2026-03-31T20:28:01.379317Z"}
{"@file":"src/psp/format_2025/operations.rs","@level":"debug","@line":37,"@message":"✅ Operations packed: result=5271326758094","@module":"flavor::psp::format_2025::operations","@pid":9247,"@timestamp":"2026-03-31T20:28:01.379336Z"}
{"@file":"src/psp/format_2025/operations.rs","@level":"debug","@line":60,"@message":"✅ Operations unpacked: count=6 operations=[206, 20, 143, 83, 203, 4]","@module":"flavor::psp::format_2025::operations","@pid":9247,"@timestamp":"2026-03-31T20:28:01.379354Z"}
{"@file":"src/psp/format_2025/operations.rs","@level":"debug","@line":60,"@message":"✅ Operations unpacked: count=8 operations=[6, 49, 182, 31, 190, 41, 122, 193]","@module":"flavor::psp::format_2025::operations","@pid":9247,"@timestamp":"2026-03-31T20:28:01.379362Z"}
{"@file":"src/psp/format_2025/operations.rs","@level":"debug","@line":37,"@message":"✅ Operations packed: result=13941501493031350534","@module":"flavor::psp::format_2025::operations","@pid":9247,"@timestamp":"2026-03-31T20:28:01.379381Z"}
{"@file":"src/psp/format_2025/operations.rs","@level":"debug","@line":60,"@message":"✅ Operations unpacked: count=8 operations=[6, 49, 182, 31, 190, 41, 122, 193]","@module":"flavor::psp::format_2025::operations","@pid":9247,"@timestamp":"2026-03-31T20:28:01.379399Z"}
{"@file":"src/psp/format_2025/operations.rs","@level":"debug","@line":37,"@message":"✅ Operations packed: result=0","@module":"flavor::psp::format_2025::operations","@pid":9247,"@timestamp":"2026-03-31T20:28:01.379400Z"}
{"@file":"src/psp/format_2025/operations.rs","@level":"debug","@line":60,"@message":"✅ Operations unpacked: count=0 operations=[]","@module":"flavor::psp::format_2025::operations","@pid":9247,"@timestamp":"2026-03-31T20:28:01.379424Z"}
{"@file":"src/psp/format_2025/operations.rs","@level":"debug","@line":60,"@message":"✅ Operations unpacked: count=8 operations=[47, 170, 46, 126, 18, 102, 73, 216]","@module":"flavor::psp::format_2025::operations","@pid":9247,"@timestamp":"2026-03-31T20:28:01.379449Z"}
{"@file":"src/psp/format_2025/operations.rs","@level":"debug","@line":37,"@message":"✅ Operations packed: result=15585100215104743983","@module":"flavor::psp::format_2025::operations","@pid":9247,"@timestamp":"2026-03-31T20:28:01.379469Z"}
{"@file":"src/psp/format_2025/operations.rs","@level":"debug","@line":37,"@message":"✅ Operations packed: result=24534","@module":"flavor::psp::format_2025::operations","@pid":9247,"@timestamp":"2026-03-31T20:28:01.379475Z"}
{"@file":"src/psp/format_2025/operations.rs","@level":"debug","@line":60,"@message":"✅ Operations unpacked: count=8 operations=[47, 170, 46, 126, 18, 102, 73, 216]","@module":"flavor::psp::format_2025::operations","@pid":9247,"@timestamp":"2026-03-31T20:28:01.379485Z"}
{"@file":"src/psp/format_2025/operations.rs","@level":"debug","@line":60,"@message":"✅ Operations unpacked: count=2 operations=[214, 95]","@module":"flavor::psp::format_2025::operations","@pid":9247,"@timestamp":"2026-03-31T20:28:01.379493Z"}
{"@file":"src/psp/format_2025/operations.rs","@level":"debug","@line":60,"@message":"✅ Operations unpacked: count=8 operations=[172, 115, 212, 173, 138, 249, 2, 89]","@module":"flavor::psp::format_2025::operations","@pid":9247,"@timestamp":"2026-03-31T20:28:01.379531Z"}
{"@file":"src/psp/format_2025/operations.rs","@level":"debug","@line":37,"@message":"✅ Operations packed: result=1970507","@module":"flavor::psp::format_2025::operations","@pid":9247,"@timestamp":"2026-03-31T20:28:01.379539Z"}
{"@file":"src/psp/format_2025/operations.rs","@level":"debug","@line":37,"@message":"✅ Operations packed: result=6413963193346192300","@module":"flavor::psp::format_2025::operations","@pid":9247,"@timestamp":"2026-03-31T20:28:01.379550Z"}
{"@file":"src/psp/format_2025/operations.rs","@level":"debug","@line":60,"@message":"✅ Operations unpacked: count=3 operations=[75, 17, 30]","@module":"flavor::psp::format_2025::operations","@pid":9247,"@timestamp":"2026-03-31T20:28:01.379557Z"}
{"@file":"src/psp/format_2025/operations.rs","@level":"debug","@line":60,"@message":"✅ Operations unpacked: count=8 operations=[172, 115, 212, 173, 138, 249, 2, 89]","@module":"flavor::psp::format_2025::operations","@pid":9247,"@timestamp":"2026-03-31T20:28:01.379567Z"}
{"@file":"src/psp/format_2025/operations.rs","@level":"debug","@line":37,"@message":"✅ Operations packed: result=371763326714","@module":"flavor::psp::format_2025::operations","@pid":9247,"@timestamp":"2026-03-31T20:28:01.379603Z"}
{"@file":"src/psp/format_2025/operations.rs","@level":"debug","@line":60,"@message":"✅ Operations unpacked: count=8 operations=[179, 249, 4, 123, 44, 111, 47, 197]","@module":"flavor::psp::format_2025::operations","@pid":9247,"@timestamp":"2026-03-31T20:28:01.379613Z"}
{"@file":"src/psp/format_2025/operations.rs","@level":"debug","@line":60,"@message":"✅ Operations unpacked: count=5 operations=[250, 46, 210, 142, 86]","@module":"flavor::psp::format_2025::operations","@pid":9247,"@timestamp":"2026-03-31T20:28:01.379622Z"}
{"@file":"src/psp/format_2025/operations.rs","@level":"debug","@line":37,"@message":"✅ Operations packed: result=14208697586210372019","@module":"flavor::psp::format_2025::operations","@pid":9247,"@timestamp":"2026-03-31T20:28:01.379631Z"}
{"@file":"src/psp/format_2025/operations.rs","@level":"debug","@line":60,"@message":"✅ Operations unpacked: count=8 operations=[179, 249, 4, 123, 44, 111, 47, 197]","@module":"flavor::psp::format_2025::operations","@pid":9247,"@timestamp":"2026-03-31T20:28:01.379652Z"}
{"@file":"src/psp/format_2025/operations.rs","@level":"debug","@line":37,"@message":"✅ Operations packed: result=5531380","@module":"flavor::psp::format_2025::operations","@pid":9247,"@timestamp":"2026-03-31T20:28:01.379667Z"}
{"@file":"src/psp/format_2025/operations.rs","@level":"debug","@line":60,"@message":"✅ Operations unpacked: count=8 operations=[215, 129, 37, 223, 180, 227, 78, 233]","@module":"flavor::psp::format_2025::operations","@pid":9247,"@timestamp":"2026-03-31T20:28:01.379698Z"}
{"@file":"src/psp/format_2025/operations.rs","@level":"debug","@line":60,"@message":"✅ Operations unpacked: count=3 operations=[244, 102, 84]","@module":"flavor::psp::format_2025::operations","@pid":9247,"@timestamp":"2026-03-31T20:28:01.379704Z"}
{"@file":"src/psp/format_2025/operations.rs","@level":"debug","@line":37,"@message":"✅ Operations packed: result=16811624824998035927","@module":"flavor::psp::format_2025::operations","@pid":9247,"@timestamp":"2026-03-31T20:28:01.379732Z"}
{"@file":"src/psp/format_2025/operations.rs","@level":"debug","@line":60,"@message":"✅ Operations unpacked: count=8 operations=[215, 129, 37, 223, 180, 227, 78, 233]","@module":"flavor::psp::format_2025::operations","@pid":9247,"@timestamp":"2026-03-31T20:28:01.379751Z"}
{"@file":"src/psp/format_2025/operations.rs","@level":"debug","@line":37,"@message":"✅ Operations packed: result=0","@module":"flavor::psp::format_2025::operations","@pid":9247,"@timestamp":"2026-03-31T20:28:01.379772Z"}
{"@file":"src/psp/format_2025/operations.rs","@level":"debug","@line":60,"@message":"✅ Operations unpacked: count=0 operations=[]","@module":"flavor::psp::format_2025::operations","@pid":9247,"@timestamp":"2026-03-31T20:28:01.379806Z"}
{"@file":"src/psp/format_2025/operations.rs","@level":"debug","@line":60,"@message":"✅ Operations unpacked: count=8 operations=[211, 147, 58, 48, 240, 107, 246, 126]","@module":"flavor::psp::format_2025::operations","@pid":9247,"@timestamp":"2026-03-31T20:28:01.379821Z"}
{"@file":"src/psp/format_2025/operations.rs","@level":"debug","@line":37,"@message":"✅ Operations packed: result=9148618372395209683","@module":"flavor::psp::format_2025::operations","@pid":9247,"@timestamp":"2026-03-31T20:28:01.379847Z"}
{"@file":"src/psp/format_2025/operations.rs","@level":"debug","@line":60,"@message":"✅ Operations unpacked: count=8 operations=[211, 147, 58, 48, 240, 107, 246, 126]","@module":"flavor::psp::format_2025::operations","@pid":9247,"@timestamp":"2026-03-31T20:28:01.379866Z"}
{"@file":"src/psp/format_2025/operations.rs","@level":"debug","@line":37,"@message":"✅ Operations packed: result=60086143198454814","@module":"flavor::psp::format_2025::operations","@pid":9247,"@timestamp":"2026-03-31T20:28:01.379883Z"}
{"@file":"src/psp/format_2025/operations.rs","@level":"debug","@line":60,"@message":"✅ Operations unpacked: count=7 operations=[30, 100, 68, 101, 7, 120, 213]","@module":"flavor::psp::format_2025::operations","@pid":9247,"@timestamp":"2026-03-31T20:28:01.379905Z"}
{"@file":"src/psp/format_2025/operations.rs","@level":"debug","@line":60,"@message":"✅ Operations unpacked: count=8 operations=[171, 233, 195, 41, 243, 175, 85, 187]","@module":"flavor::psp::format_2025::operations","@pid":9247,"@timestamp":"2026-03-31T20:28:01.379911Z"}
{"@file":"src/psp/format_2025/operations.rs","@level":"debug","@line":37,"@message":"✅ Operations packed: result=13498888917025548715","@module":"flavor::psp::format_2025::operations","@pid":9247,"@timestamp":"2026-03-31T20:28:01.379931Z"}
{"@file":"src/psp/format_2025/operations.rs","@level":"debug","@line":60,"@message":"✅ Operations unpacked: count=8 operations=[171, 233, 195, 41, 243, 175, 85, 187]","@module":"flavor::psp::format_2025::operations","@pid":9247,"@timestamp":"2026-03-31T20:28:01.379949Z"}
{"@file":"src/psp/format_2025/operations.rs","@level":"debug","@line":37,"@message":"✅ Operations packed: result=3467","@module":"flavor::psp::format_2025::operations","@pid":9247,"@timestamp":"2026-03-31T20:28:01.379954Z"}
{"@file":"src/psp/format_2025/operations.rs","@level":"debug","@line":60,"@message":"✅ Operations unpacked: count=2 operations=[139, 13]","@module":"flavor::psp::format_2025::operations","@pid":9247,"@timestamp":"2026-03-31T20:28:01.379973Z"}
{"@file":"src/psp/format_2025/operations.rs","@level":"debug","@line":60,"@message":"✅ Operations unpacked: count=8 operations=[215, 231, 219, 210, 57, 130, 161, 79]","@module":"flavor::psp::format_2025::operations","@pid":9247,"@timestamp":"2026-03-31T20:28:01.379994Z"}
{"@file":"src/psp/format_2025/operations.rs","@level":"debug","@line":37,"@message":"✅ Operations packed: result=5738010585109096407","@module":"flavor::psp::format_2025::operations","@pid":9247,"@timestamp":"2026-03-31T20:28:01.380013Z"}
{"@file":"src/psp/format_2025/operations.rs","@level":"debug","@line":37,"@message":"✅ Operations packed: result=0","@module":"flavor::psp::format_2025::operations","@pid":9247,"@timestamp":"2026-03-31T20:28:01.380019Z"}
{"@file":"src/psp/format_2025/operations.rs","@level":"debug","@line":60,"@message":"✅ Operations unpacked: count=8 operations=[215, 231, 219, 210, 57, 130, 161, 79]","@module":"flavor::psp::format_2025::operations","@pid":9247,"@timestamp":"2026-03-31T20:28:01.380029Z"}
{"@file":"src/psp/format_2025/operations.rs","@level":"debug","@line":60,"@message":"✅ Operations unpacked: count=0 operations=[]","@module":"flavor::psp::format_2025::operations","@pid":9247,"@timestamp":"2026-03-31T20:28:01.380038Z"}
{"@file":"src/psp/format_2025/operations.rs","@level":"debug","@line":60,"@message":"✅ Operations unpacked: count=8 operations=[87, 4, 174, 240, 103, 245, 206, 108]","@module":"flavor::psp::format_2025::operations","@pid":9247,"@timestamp":"2026-03-31T20:28:01.380076Z"}
{"@file":"src/psp/format_2025/operations.rs","@level":"debug","@line":37,"@message":"✅ Operations packed: result=380504643668","@module":"flavor::psp::format_2025::operations","@pid":9247,"@timestamp":"2026-03-31T20:28:01.380085Z"}
{"@file":"src/psp/format_2025/operations.rs","@level":"debug","@line":37,"@message":"✅ Operations packed: result=7840473828066985047","@module":"flavor::psp::format_2025::operations","@pid":9247,"@timestamp":"2026-03-31T20:28:01.380096Z"}
{"@file":"src/psp/format_2025/operations.rs","@level":"debug","@line":60,"@message":"✅ Operations unpacked: count=5 operations=[84, 24, 216, 151, 88]","@module":"flavor::psp::format_2025::operations","@pid":9247,"@timestamp":"2026-03-31T20:28:01.380104Z"}
{"@file":"src/psp/format_2025/operations.rs","@level":"debug","@line":60,"@message":"✅ Operations unpacked: count=8 operations=[87, 4, 174, 240, 103, 245, 206, 108]","@module":"flavor::psp::format_2025::operations","@pid":9247,"@timestamp":"2026-03-31T20:28:01.380114Z"}
{"@file":"src/psp/format_2025/operations.rs","@level":"debug","@line":37,"@message":"✅ Operations packed: result=645688746","@module":"flavor::psp::format_2025::operations","@pid":9247,"@timestamp":"2026-03-31T20:28:01.380151Z"}
{"@file":"src/psp/format_2025/operations.rs","@level":"debug","@line":60,"@message":"✅ Operations unpacked: count=8 operations=[173, 132, 223, 182, 78, 239, 56, 166]","@module":"flavor::psp::format_2025::operations","@pid":9247,"@timestamp":"2026-03-31T20:28:01.380158Z"}
{"@file":"src/psp/format_2025/operations.rs","@level":"debug","@line":60,"@message":"✅ Operations unpacked: count=4 operations=[170, 109, 124, 38]","@module":"flavor::psp::format_2025::operations","@pid":9247,"@timestamp":"2026-03-31T20:28:01.380170Z"}
{"@file":"src/psp/format_2025/operations.rs","@level":"debug","@line":37,"@message":"✅ Operations packed: result=11977586330346423469","@module":"flavor::psp::format_2025::operations","@pid":9247,"@timestamp":"2026-03-31T20:28:01.380178Z"}
{"@file":"src/psp/format_2025/operations.rs","@level":"debug","@line":60,"@message":"✅ Operations unpacked: count=8 operations=[173, 132, 223, 182, 78, 239, 56, 166]","@module":"flavor::psp::format_2025::operations","@pid":9247,"@timestamp":"2026-03-31T20:28:01.380196Z"}
{"@file":"src/psp/format_2025/operations.rs","@level":"debug","@line":37,"@message":"✅ Operations packed: result=2489067708","@module":"flavor::psp::format_2025::operations","@pid":9247,"@timestamp":"2026-03-31T20:28:01.380217Z"}
{"@file":"src/psp/format_2025/operations.rs","@level":"debug","@line":60,"@message":"✅ Operations unpacked: count=4 operations=[188, 40, 92, 148]","@module":"flavor::psp::format_2025::operations","@pid":9247,"@timestamp":"2026-03-31T20:28:01.380236Z"}
{"@file":"src/psp/format_2025/operations.rs","@level":"debug","@line":60,"@message":"✅ Operations unpacked: count=8 operations=[166, 255, 112, 130, 92, 220, 81, 216]","@module":"flavor::psp::format_2025::operations","@pid":9247,"@timestamp":"2026-03-31T20:28:01.380243Z"}
{"@file":"src/psp/format_2025/operations.rs","@level":"debug","@line":37,"@message":"✅ Operations packed: result=15587482075189542822","@module":"flavor::psp::format_2025::operations","@pid":9247,"@timestamp":"2026-03-31T20:28:01.380263Z"}
{"@file":"src/psp/format_2025/operations.rs","@level":"debug","@line":60,"@message":"✅ Operations unpacked: count=8 operations=[166, 255, 112, 130, 92, 220, 81, 216]","@module":"flavor::psp::format_2025::operations","@pid":9247,"@timestamp":"2026-03-31T20:28:01.380281Z"}
{"@file":"src/psp/format_2025/operations.rs","@level":"debug","@line":37,"@message":"✅ Operations packed: result=55219206771465121","@module":"flavor::psp::format_2025::operations","@pid":9247,"@timestamp":"2026-03-31T20:28:01.380284Z"}
{"@file":"src/psp/format_2025/operations.rs","@level":"debug","@line":60,"@message":"✅ Operations unpacked: count=7 operations=[161, 91, 100, 116, 147, 45, 196]","@module":"flavor::psp::format_2025::operations","@pid":9247,"@timestamp":"2026-03-31T20:28:01.380323Z"}
{"@file":"src/psp/format_2025/operations.rs","@level":"debug","@line":60,"@message":"✅ Operations unpacked: count=8 operations=[190, 23, 104, 174, 240, 102, 44, 221]","@module":"flavor::psp::format_2025::operations","@pid":9247,"@timestamp":"2026-03-31T20:28:01.380329Z"}
{"@file":"src/psp/format_2025/operations.rs","@level":"debug","@line":37,"@message":"✅ Operations packed: result=15937226365261584318","@module":"flavor::psp::format_2025::operations","@pid":9247,"@timestamp":"2026-03-31T20:28:01.380357Z"}
{"@file":"src/psp/format_2025/operations.rs","@level":"debug","@line":60,"@message":"✅ Operations unpacked: count=8 operations=[190, 23, 104, 174, 240, 102, 44, 221]","@module":"flavor::psp::format_2025::operations","@pid":9247,"@timestamp":"2026-03-31T20:28:01.380375Z"}
{"@file":"src/psp/format_2025/operations.rs","@level":"debug","@line":37,"@message":"✅ Operations packed: result=0","@module":"flavor::psp::format_2025::operations","@pid":9247,"@timestamp":"2026-03-31T20:28:01.380377Z"}
{"@file":"src/psp/format_2025/operations.rs","@level":"debug","@line":60,"@message":"✅ Operations unpacked: count=0 operations=[]","@module":"flavor::psp::format_2025::operations","@pid":9247,"@timestamp":"2026-03-31T20:28:01.380404Z"}
{"@file":"src/psp/format_2025/operations.rs","@level":"debug","@line":60,"@message":"✅ Operations unpacked: count=8 operations=[65, 185, 223, 42, 242, 67, 217, 230]","@module":"flavor::psp::format_2025::operations","@pid":9247,"@timestamp":"2026-03-31T20:28:01.380422Z"}
{"@file":"src/psp/format_2025/operations.rs","@level":"debug","@line":37,"@message":"✅ Operations packed: result=16634401406050089281","@module":"flavor::psp::format_2025::operations","@pid":9247,"@timestamp":"2026-03-31T20:28:01.380449Z"}
{"@file":"src/psp/format_2025/operations.rs","@level":"debug","@line":60,"@message":"✅ Operations unpacked: count=8 operations=[65, 185, 223, 42, 242, 67, 217, 230]","@module":"flavor::psp::format_2025::operations","@pid":9247,"@timestamp":"2026-03-31T20:28:01.380468Z"}
{"@file":"src/psp/format_2025/operations.rs","@level":"debug","@line":37,"@message":"✅ Operations packed: result=37796","@module":"flavor::psp::format_2025::operations","@pid":9247,"@timestamp":"2026-03-31T20:28:01.380468Z"}
{"@file":"src/psp/format_2025/operations.rs","@level":"debug","@line":60,"@message":"✅ Operations unpacked: count=2 operations=[164, 147]","@module":"flavor::psp::format_2025::operations","@pid":9247,"@timestamp":"2026-03-31T20:28:01.380507Z"}
{"@file":"src/psp/format_2025/operations.rs","@level":"debug","@line":60,"@message":"✅ Operations unpacked: count=8 operations=[16, 70, 200, 132, 121, 222, 77, 47]","@module":"flavor::psp::format_2025::operations","@pid":9247,"@timestamp":"2026-03-31T20:28:01.380520Z"}
{"@file":"src/psp/format_2025/operations.rs","@level":"debug","@line":37,"@message":"✅ Operations packed: result=3408625106489460240","@module":"flavor::psp::format_2025::operations","@pid":9247,"@timestamp":"2026-03-31T20:28:01.380548Z"}
{"@file":"src/psp/format_2025/operations.rs","@level":"debug","@line":37,"@message":"✅ Operations packed: result=34842","@module":"flavor::psp::format_2025::operations","@pid":9247,"@timestamp":"2026-03-31T20:28:01.380554Z"}
{"@file":"src/psp/format_2025/operations.rs","@level":"debug","@line":60,"@message":"✅ Operations unpacked: count=8 operations=[16, 70, 200, 132, 121, 222, 77, 47]","@module":"flavor::psp::format_2025::operations","@pid":9247,"@timestamp":"2026-03-31T20:28:01.380569Z"}
{"@file":"src/psp/format_2025/operations.rs","@level":"debug","@line":60,"@message":"✅ Operations unpacked: count=2 operations=[26, 136]","@module":"flavor::psp::format_2025::operations","@pid":9247,"@timestamp":"2026-03-31T20:28:01.380582Z"}
{"@file":"src/psp/format_2025/operations.rs","@level":"debug","@line":60,"@message":"✅ Operations unpacked: count=8 operations=[94, 209, 23, 137, 36, 177, 124, 234]","@module":"flavor::psp::format_2025::operations","@pid":9247,"@timestamp":"2026-03-31T20:28:01.380622Z"}
{"@file":"src/psp/format_2025/operations.rs","@level":"debug","@line":37,"@message":"✅ Operations packed: result=2551","@module":"flavor::psp::format_2025::operations","@pid":9247,"@timestamp":"2026-03-31T20:28:01.380634Z"}
{"@file":"src/psp/format_2025/operations.rs","@level":"debug","@line":37,"@message":"✅ Operations packed: result=16896574672464236894","@module":"flavor::psp::format_2025::operations","@pid":9247,"@timestamp":"2026-03-31T20:28:01.380648Z"}
{"@file":"src/psp/format_2025/operations.rs","@level":"debug","@line":60,"@message":"✅ Operations unpacked: count=2 operations=[247, 9]","@module":"flavor::psp::format_2025::operations","@pid":9247,"@timestamp":"2026-03-31T20:28:01.380661Z"}
{"@file":"src/psp/format_2025/operations.rs","@level":"debug","@line":60,"@message":"✅ Operations unpacked: count=8 operations=[94, 209, 23, 137, 36, 177, 124, 234]","@module":"flavor::psp::format_2025::operations","@pid":9247,"@timestamp":"2026-03-31T20:28:01.380673Z"}
{"@file":"src/psp/format_2025/operations.rs","@level":"debug","@line":37,"@message":"✅ Operations packed: result=0","@module":"flavor::psp::format_2025::operations","@pid":9247,"@timestamp":"2026-03-31T20:28:01.380732Z"}
{"@file":"src/psp/format_2025/operations.rs","@level":"debug","@line":60,"@message":"✅ Operations unpacked: count=8 operations=[74, 25, 7, 88, 128, 115, 253, 76]","@module":"flavor::psp::format_2025::operations","@pid":9247,"@timestamp":"2026-03-31T20:28:01.380735Z"}
{"@file":"src/psp/format_2025/operations.rs","@level":"debug","@line":60,"@message":"✅ Operations unpacked: count=0 operations=[]","@module":"flavor::psp::format_2025::operations","@pid":9247,"@timestamp":"2026-03-31T20:28:01.380764Z"}
{"@file":"src/psp/format_2025/operations.rs","@level":"debug","@line":37,"@message":"✅ Operations packed: result=5547717311060187466","@module":"flavor::psp::format_2025::operations","@pid":9247,"@timestamp":"2026-03-31T20:28:01.380778Z"}
{"@file":"src/psp/format_2025/operations.rs","@level":"debug","@line":60,"@message":"✅ Operations unpacked: count=8 operations=[74, 25, 7, 88, 128, 115, 253, 76]","@module":"flavor::psp::format_2025::operations","@pid":9247,"@timestamp":"2026-03-31T20:28:01.380814Z"}
{"@file":"src/psp/format_2025/operations.rs","@level":"debug","@line":37,"@message":"✅ Operations packed: result=54142","@module":"flavor::psp::format_2025::operations","@pid":9247,"@timestamp":"2026-03-31T20:28:01.380829Z"}
{"@file":"src/psp/format_2025/operations.rs","@level":"debug","@line":60,"@message":"✅ Operations unpacked: count=2 operations=[126, 211]","@module":"flavor::psp::format_2025::operations","@pid":9247,"@timestamp":"2026-03-31T20:28:01.380856Z"}
{"@file":"src/psp/format_2025/operations.rs","@level":"debug","@line":60,"@message":"✅ Operations unpacked: count=8 operations=[116, 77, 138, 79, 114, 90, 1, 221]","@module":"flavor::psp::format_2025::operations","@pid":9247,"@timestamp":"2026-03-31T20:28:01.380862Z"}
{"@file":"src/psp/format_2025/operations.rs","@level":"debug","@line":37,"@message":"✅ Operations packed: result=2686830823","@module":"flavor::psp::format_2025::operations","@pid":9247,"@timestamp":"2026-03-31T20:28:01.380904Z"}
{"@file":"src/psp/format_2025/operations.rs","@level":"debug","@line":37,"@message":"✅ Operations packed: result=15925109204366019956","@module":"flavor::psp::format_2025::operations","@pid":9247,"@timestamp":"2026-03-31T20:28:01.380927Z"}
{"@file":"src/psp/format_2025/operations.rs","@level":"debug","@line":60,"@message":"✅ Operations unpacked: count=4 operations=[231, 200, 37, 160]","@module":"flavor::psp::format_2025::operations","@pid":9247,"@timestamp":"2026-03-31T20:28:01.380933Z"}
{"@file":"src/psp/format_2025/operations.rs","@level":"debug","@line":60,"@message":"✅ Operations unpacked: count=8 operations=[116, 77, 138, 79, 114, 90, 1, 221]","@module":"flavor::psp::format_2025::operations","@pid":9247,"@timestamp":"2026-03-31T20:28:01.380946Z"}
{"@file":"src/psp/format_2025/operations.rs","@level":"debug","@line":37,"@message":"✅ Operations packed: result=67122751486446235","@module":"flavor::psp::format_2025::operations","@pid":9247,"@timestamp":"2026-03-31T20:28:01.380980Z"}
{"@file":"src/psp/format_2025/operations.rs","@level":"debug","@line":60,"@message":"✅ Operations unpacked: count=8 operations=[174, 186, 218, 199, 236, 136, 205, 129]","@module":"flavor::psp::format_2025::operations","@pid":9247,"@timestamp":"2026-03-31T20:28:01.380993Z"}
{"@file":"src/psp/format_2025/operations.rs","@level":"debug","@line":60,"@message":"✅ Operations unpacked: count=7 operations=[155, 74, 178, 110, 201, 119, 238]","@module":"flavor::psp::format_2025::operations","@pid":9247,"@timestamp":"2026-03-31T20:28:01.380998Z"}
{"@file":"src/psp/format_2025/operations.rs","@level":"debug","@line":37,"@message":"✅ Operations packed: result=9353282551665048238","@module":"flavor::psp::format_2025::operations","@pid":9247,"@timestamp":"2026-03-31T20:28:01.381014Z"}
{"@file":"src/psp/format_2025/operations.rs","@level":"debug","@line":60,"@message":"✅ Operations unpacked: count=8 operations=[174, 186, 218, 199, 236, 136, 205, 129]","@module":"flavor::psp::format_2025::operations","@pid":9247,"@timestamp":"2026-03-31T20:28:01.381033Z"}
{"@file":"src/psp/format_2025/operations.rs","@level":"debug","@line":37,"@message":"✅ Operations packed: result=3994073849","@module":"flavor::psp::format_2025::operations","@pid":9247,"@timestamp":"2026-03-31T20:28:01.381051Z"}
{"@file":"src/psp/format_2025/operations.rs","@level":"debug","@line":60,"@message":"✅ Operations unpacked: count=4 operations=[249, 186, 16, 238]","@module":"flavor::psp::format_2025::operations","@pid":9247,"@timestamp":"2026-03-31T20:28:01.381071Z"}
{"@file":"src/psp/format_2025/operations.rs","@level":"debug","@line":60,"@message":"✅ Operations unpacked: count=8 operations=[151, 116, 93, 18, 152, 76, 185, 53]","@module":"flavor::psp::format_2025::operations","@pid":9247,"@timestamp":"2026-03-31T20:28:01.381079Z"}
{"@file":"src/psp/format_2025/operations.rs","@level":"debug","@line":37,"@message":"✅ Operations packed: result=3871209570728506519","@module":"flavor::psp::format_2025::operations","@pid":9247,"@timestamp":"2026-03-31T20:28:01.381099Z"}
{"@file":"src/psp/format_2025/operations.rs","@level":"debug","@line":60,"@message":"✅ Operations unpacked: count=8 operations=[151, 116, 93, 18, 152, 76, 185, 53]","@module":"flavor::psp::format_2025::operations","@pid":9247,"@timestamp":"2026-03-31T20:28:01.381116Z"}
{"@file":"src/psp/format_2025/operations.rs","@level":"debug","@line":37,"@message":"✅ Operations packed: result=189114933302412","@module":"flavor::psp::format_2025::operations","@pid":9247,"@timestamp":"2026-03-31T20:28:01.381118Z"}
{"@file":"src/psp/format_2025/operations.rs","@level":"debug","@line":60,"@message":"✅ Operations unpacked: count=6 operations=[140, 212, 107, 192, 255, 171]","@module":"flavor::psp::format_2025::operations","@pid":9247,"@timestamp":"2026-03-31T20:28:01.381144Z"}
{"@file":"src/psp/format_2025/operations.rs","@level":"debug","@line":60,"@message":"✅ Operations unpacked: count=8 operations=[163, 152, 42, 136, 107, 4, 2, 184]","@module":"flavor::psp::format_2025::operations","@pid":9247,"@timestamp":"2026-03-31T20:28:01.381169Z"}
{"@file":"src/psp/format_2025/operations.rs","@level":"debug","@line":37,"@message":"✅ Operations packed: result=13259165112824666275","@module":"flavor::psp::format_2025::operations","@pid":9247,"@timestamp":"2026-03-31T20:28:01.381189Z"}
{"@file":"src/psp/format_2025/operations.rs","@level":"debug","@line":37,"@message":"✅ Operations packed: result=23540","@module":"flavor::psp::format_2025::operations","@pid":9247,"@timestamp":"2026-03-31T20:28:01.381202Z"}
{"@file":"src/psp/format_2025/operations.rs","@level":"debug","@line":60,"@message":"✅ Operations unpacked: count=8 operations=[163, 152, 42, 136, 107, 4, 2, 184]","@module":"flavor::psp::format_2025::operations","@pid":9247,"@timestamp":"2026-03-31T20:28:01.381208Z"}
{"@file":"src/psp/format_2025/operations.rs","@level":"debug","@line":60,"@message":"✅ Operations unpacked: count=2 operations=[244, 91]","@module":"flavor::psp::format_2025::operations","@pid":9247,"@timestamp":"2026-03-31T20:28:01.381236Z"}
{"@file":"src/psp/format_2025/operations.rs","@level":"debug","@line":60,"@message":"✅ Operations unpacked: count=6 operations=[5, 141, 159, 176, 13, 146]","@module":"flavor::psp::format_2025::operations","@pid":9247,"@timestamp":"2026-03-31T20:28:01.381277Z"}
{"@file":"src/psp/format_2025/operations.rs","@level":"debug","@line":37,"@message":"✅ Operations packed: result=190299182052199","@module":"flavor::psp::format_2025::operations","@pid":9247,"@timestamp":"2026-03-31T20:28:01.381290Z"}
{"@file":"src/psp/format_2025/operations.rs","@level":"debug","@line":37,"@message":"✅ Operations packed: result=160587495476485","@module":"flavor::psp::format_2025::operations","@pid":9247,"@timestamp":"2026-03-31T20:28:01.381304Z"}
{"@file":"src/psp/format_2025/operations.rs","@level":"debug","@line":60,"@message":"✅ Operations unpacked: count=6 operations=[103, 179, 37, 123, 19, 173]","@module":"flavor::psp::format_2025::operations","@pid":9247,"@timestamp":"2026-03-31T20:28:01.381316Z"}
{"@file":"src/psp/format_2025/operations.rs","@level":"debug","@line":60,"@message":"✅ Operations unpacked: count=6 operations=[5, 141, 159, 176, 13, 146]","@module":"flavor::psp::format_2025::operations","@pid":9247,"@timestamp":"2026-03-31T20:28:01.381329Z"}
{"@file":"src/psp/format_2025/operations.rs","@level":"debug","@line":37,"@message":"✅ Operations packed: result=2393","@module":"flavor::psp::format_2025::operations","@pid":9247,"@timestamp":"2026-03-31T20:28:01.381374Z"}
{"@file":"src/psp/format_2025/operations.rs","@level":"debug","@line":60,"@message":"✅ Operations unpacked: count=8 operations=[145, 227, 35, 255, 71, 199, 117, 198]","@module":"flavor::psp::format_2025::operations","@pid":9247,"@timestamp":"2026-03-31T20:28:01.381384Z"}
{"@file":"src/psp/format_2025/operations.rs","@level":"debug","@line":60,"@message":"✅ Operations unpacked: count=2 operations=[89, 9]","@module":"flavor::psp::format_2025::operations","@pid":9247,"@timestamp":"2026-03-31T20:28:01.381399Z"}
{"@file":"src/psp/format_2025/operations.rs","@level":"debug","@line":37,"@message":"✅ Operations packed: result=14300555303822025617","@module":"flavor::psp::format_2025::operations","@pid":9247,"@timestamp":"2026-03-31T20:28:01.381411Z"}
{"@file":"src/psp/format_2025/operations.rs","@level":"debug","@line":60,"@message":"✅ Operations unpacked: count=8 operations=[145, 227, 35, 255, 71, 199, 117, 198]","@module":"flavor::psp::format_2025::operations","@pid":9247,"@timestamp":"2026-03-31T20:28:01.381436Z"}
{"@file":"src/psp/format_2025/operations.rs","@level":"debug","@line":37,"@message":"✅ Operations packed: result=108565852566807","@module":"flavor::psp::format_2025::operations","@pid":9247,"@timestamp":"2026-03-31T20:28:01.381453Z"}
{"@file":"src/psp/format_2025/operations.rs","@level":"debug","@line":60,"@message":"✅ Operations unpacked: count=6 operations=[23, 181, 19, 117, 189, 98]","@module":"flavor::psp::format_2025::operations","@pid":9247,"@timestamp":"2026-03-31T20:28:01.381478Z"}
{"@file":"src/psp/format_2025/operations.rs","@level":"debug","@line":60,"@message":"✅ Operations unpacked: count=8 operations=[82, 138, 100, 38, 113, 55, 182, 225]","@module":"flavor::psp::format_2025::operations","@pid":9247,"@timestamp":"2026-03-31T20:28:01.381482Z"}
{"@file":"src/psp/format_2025/operations.rs","@level":"debug","@line":37,"@message":"✅ Operations packed: result=16264248063410080338","@module":"flavor::psp::format_2025::operations","@pid":9247,"@timestamp":"2026-03-31T20:28:01.381510Z"}
{"@file":"src/psp/format_2025/operations.rs","@level":"debug","@line":37,"@message":"✅ Operations packed: result=175","@module":"flavor::psp::format_2025::operations","@pid":9247,"@timestamp":"2026-03-31T20:28:01.381526Z"}
{"@file":"src/psp/format_2025/operations.rs","@level":"debug","@line":60,"@message":"✅ Operations unpacked: count=8 operations=[82, 138, 100, 38, 113, 55, 182, 225]","@module":"flavor::psp::format_2025::operations","@pid":9247,"@timestamp":"2026-03-31T20:28:01.381529Z"}
{"@file":"src/psp/format_2025/operations.rs","@level":"debug","@line":60,"@message":"✅ Operations unpacked: count=1 operations=[175]","@module":"flavor::psp::format_2025::operations","@pid":9247,"@timestamp":"2026-03-31T20:28:01.381556Z"}
{"@file":"src/psp/format_2025/operations.rs","@level":"debug","@line":60,"@message":"✅ Operations unpacked: count=8 operations=[157, 50, 6, 143, 95, 31, 97, 61]","@module":"flavor::psp::format_2025::operations","@pid":9247,"@timestamp":"2026-03-31T20:28:01.381603Z"}
{"@file":"src/psp/format_2025/operations.rs","@level":"debug","@line":37,"@message":"✅ Operations packed: result=74468905942","@module":"flavor::psp::format_2025::operations","@pid":9247,"@timestamp":"2026-03-31T20:28:01.381608Z"}
{"@file":"src/psp/format_2025/operations.rs","@level":"debug","@line":37,"@message":"✅ Operations packed: result=4422850804336439965","@module":"flavor::psp::format_2025::operations","@pid":9247,"@timestamp":"2026-03-31T20:28:01.381634Z"}
{"@file":"src/psp/format_2025/operations.rs","@level":"debug","@line":60,"@message":"✅ Operations unpacked: count=5 operations=[214, 83, 177, 86, 17]","@module":"flavor::psp::format_2025::operations","@pid":9247,"@timestamp":"2026-03-31T20:28:01.381644Z"}
{"@file":"src/psp/format_2025/operations.rs","@level":"debug","@line":60,"@message":"✅ Operations unpacked: count=8 operations=[157, 50, 6, 143, 95, 31, 97, 61]","@module":"flavor::psp::format_2025::operations","@pid":9247,"@timestamp":"2026-03-31T20:28:01.381654Z"}
{"@file":"src/psp/format_2025/operations.rs","@level":"debug","@line":37,"@message":"✅ Operations packed: result=43454387259979026","@module":"flavor::psp::format_2025::operations","@pid":9247,"@timestamp":"2026-03-31T20:28:01.381693Z"}
{"@file":"src/psp/format_2025/operations.rs","@level":"debug","@line":60,"@message":"✅ Operations unpacked: count=8 operations=[244, 75, 151, 131, 177, 60, 198, 217]","@module":"flavor::psp::format_2025::operations","@pid":9247,"@timestamp":"2026-03-31T20:28:01.381700Z"}
{"@file":"src/psp/format_2025/operations.rs","@level":"debug","@line":60,"@message":"✅ Operations unpacked: count=7 operations=[18, 53, 144, 244, 136, 97, 154]","@module":"flavor::psp::format_2025::operations","@pid":9247,"@timestamp":"2026-03-31T20:28:01.381713Z"}
{"@file":"src/psp/format_2025/operations.rs","@level":"debug","@line":37,"@message":"✅ Operations packed: result=15692296684733680628","@module":"flavor::psp::format_2025::operations","@pid":9247,"@timestamp":"2026-03-31T20:28:01.381720Z"}
{"@file":"src/psp/format_2025/operations.rs","@level":"debug","@line":60,"@message":"✅ Operations unpacked: count=8 operations=[244, 75, 151, 131, 177, 60, 198, 217]","@module":"flavor::psp::format_2025::operations","@pid":9247,"@timestamp":"2026-03-31T20:28:01.381739Z"}
{"@file":"src/psp/format_2025/operations.rs","@level":"debug","@line":37,"@message":"✅ Operations packed: result=28149891465939482","@module":"flavor::psp::format_2025::operations","@pid":9247,"@timestamp":"2026-03-31T20:28:01.381761Z"}
{"@file":"src/psp/format_2025/operations.rs","@level":"debug","@line":60,"@message":"✅ Operations unpacked: count=7 operations=[26, 10, 75, 89, 45, 2, 100]","@module":"flavor::psp::format_2025::operations","@pid":9247,"@timestamp":"2026-03-31T20:28:01.381780Z"}
{"@file":"src/psp/format_2025/operations.rs","@level":"debug","@line":60,"@message":"✅ Operations unpacked: count=8 operations=[10, 32, 101, 231, 92, 111, 92, 63]","@module":"flavor::psp::format_2025::operations","@pid":9247,"@timestamp":"2026-03-31T20:28:01.381801Z"}
{"@file":"src/psp/format_2025/operations.rs","@level":"debug","@line":37,"@message":"✅ Operations packed: result=4565646567056678922","@module":"flavor::psp::format_2025::operations","@pid":9247,"@timestamp":"2026-03-31T20:28:01.381830Z"}
{"@file":"src/psp/format_2025/operations.rs","@level":"debug","@line":37,"@message":"✅ Operations packed: result=1244750684","@module":"flavor::psp::format_2025::operations","@pid":9247,"@timestamp":"2026-03-31T20:28:01.381839Z"}
{"@file":"src/psp/format_2025/operations.rs","@level":"debug","@line":60,"@message":"✅ Operations unpacked: count=8 operations=[10, 32, 101, 231, 92, 111, 92, 63]","@module":"flavor::psp::format_2025::operations","@pid":9247,"@timestamp":"2026-03-31T20:28:01.381849Z"}
{"@file":"src/psp/format_2025/operations.rs","@level":"debug","@line":60,"@message":"✅ Operations unpacked: count=4 operations=[92, 99, 49, 74]","@module":"flavor::psp::format_2025::operations","@pid":9247,"@timestamp":"2026-03-31T20:28:01.381865Z"}
{"@file":"src/psp/format_2025/operations.rs","@level":"debug","@line":60,"@message":"✅ Operations unpacked: count=8 operations=[156, 255, 5, 17, 246, 27, 183, 236]","@module":"flavor::psp::format_2025::operations","@pid":9247,"@timestamp":"2026-03-31T20:28:01.381901Z"}
{"@file":"src/psp/format_2025/operations.rs","@level":"debug","@line":37,"@message":"✅ Operations packed: result=17057132857350553500","@module":"flavor::psp::format_2025::operations","@pid":9247,"@timestamp":"2026-03-31T20:28:01.381921Z"}
{"@file":"src/psp/format_2025/operations.rs","@level":"debug","@line":60,"@message":"✅ Operations unpacked: count=8 operations=[156, 255, 5, 17, 246, 27, 183, 236]","@module":"flavor::psp::format_2025::operations","@pid":9247,"@timestamp":"2026-03-31T20:28:01.381938Z"}
{"@file":"src/psp/format_2025/operations.rs","@level":"debug","@line":37,"@message":"✅ Operations packed: result=13621935","@module":"flavor::psp::format_2025::operations","@pid":9247,"@timestamp":"2026-03-31T20:28:01.381940Z"}
{"@file":"src/psp/format_2025/operations.rs","@level":"debug","@line":60,"@message":"✅ Operations unpacked: count=3 operations=[175, 218, 207]","@module":"flavor::psp::format_2025::operations","@pid":9247,"@timestamp":"2026-03-31T20:28:01.381976Z"}
{"@file":"src/psp/format_2025/operations.rs","@level":"debug","@line":60,"@message":"✅ Operations unpacked: count=8 operations=[1, 221, 242, 59, 11, 238, 104, 244]","@module":"flavor::psp::format_2025::operations","@pid":9247,"@timestamp":"2026-03-31T20:28:01.381985Z"}
{"@file":"src/psp/format_2025/operations.rs","@level":"debug","@line":37,"@message":"✅ Operations packed: result=17611588074850147585","@module":"flavor::psp::format_2025::operations","@pid":9247,"@timestamp":"2026-03-31T20:28:01.382012Z"}
{"@file":"src/psp/format_2025/operations.rs","@level":"debug","@line":60,"@message":"✅ Operations unpacked: count=8 operations=[1, 221, 242, 59, 11, 238, 104, 244]","@module":"flavor::psp::format_2025::operations","@pid":9247,"@timestamp":"2026-03-31T20:28:01.382030Z"}
{"@file":"src/psp/format_2025/operations.rs","@level":"debug","@line":37,"@message":"✅ Operations packed: result=0","@module":"flavor::psp::format_2025::operations","@pid":9247,"@timestamp":"2026-03-31T20:28:01.382035Z"}
{"@file":"src/psp/format_2025/operations.rs","@level":"debug","@line":60,"@message":"✅ Operations unpacked: count=0 operations=[]","@module":"flavor::psp::format_2025::operations","@pid":9247,"@timestamp":"2026-03-31T20:28:01.382054Z"}
{"@file":"src/psp/format_2025/operations.rs","@level":"debug","@line":60,"@message":"✅ Operations unpacked: count=8 operations=[55, 178, 168, 214, 160, 78, 140, 12]","@module":"flavor::psp::format_2025::operations","@pid":9247,"@timestamp":"2026-03-31T20:28:01.382075Z"}
{"@file":"src/psp/format_2025/operations.rs","@level":"debug","@line":37,"@message":"✅ Operations packed: result=904184077897740855","@module":"flavor::psp::format_2025::operations","@pid":9247,"@timestamp":"2026-03-31T20:28:01.382095Z"}
{"@file":"src/psp/format_2025/operations.rs","@level":"debug","@line":37,"@message":"✅ Operations packed: result=33","@module":"flavor::psp::format_2025::operations","@pid":9247,"@timestamp":"2026-03-31T20:28:01.382099Z"}
{"@file":"src/psp/format_2025/operations.rs","@level":"debug","@line":60,"@message":"✅ Operations unpacked: count=8 operations=[55, 178, 168, 214, 160, 78, 140, 12]","@module":"flavor::psp::format_2025::operations","@pid":9247,"@timestamp":"2026-03-31T20:28:01.382112Z"}
{"@file":"src/psp/format_2025/operations.rs","@level":"debug","@line":60,"@message":"✅ Operations unpacked: count=1 operations=[33]","@module":"flavor::psp::format_2025::operations","@pid":9247,"@timestamp":"2026-03-31T20:28:01.382117Z"}
{"@file":"src/psp/format_2025/operations.rs","@level":"debug","@line":60,"@message":"✅ Operations unpacked: count=8 operations=[70, 103, 12, 242, 105, 54, 37, 55]","@module":"flavor::psp::format_2025::operations","@pid":9247,"@timestamp":"2026-03-31T20:28:01.382158Z"}
{"@file":"src/psp/format_2025/operations.rs","@level":"debug","@line":37,"@message":"✅ Operations packed: result=5556042","@module":"flavor::psp::format_2025::operations","@pid":9247,"@timestamp":"2026-03-31T20:28:01.382162Z"}
{"@file":"src/psp/format_2025/operations.rs","@level":"debug","@line":37,"@message":"✅ Operations packed: result=3973642074884695878","@module":"flavor::psp::format_2025::operations","@pid":9247,"@timestamp":"2026-03-31T20:28:01.382179Z"}
{"@file":"src/psp/format_2025/operations.rs","@level":"debug","@line":60,"@message":"✅ Operations unpacked: count=3 operations=[74, 199, 84]","@module":"flavor::psp::format_2025::operations","@pid":9247,"@timestamp":"2026-03-31T20:28:01.382200Z"}
{"@file":"src/psp/format_2025/operations.rs","@level":"debug","@line":60,"@message":"✅ Operations unpacked: count=8 operations=[70, 103, 12, 242, 105, 54, 37, 55]","@module":"flavor::psp::format_2025::operations","@pid":9247,"@timestamp":"2026-03-31T20:28:01.382212Z"}
{"@file":"src/psp/format_2025/operations.rs","@level":"debug","@line":37,"@message":"✅ Operations packed: result=13167222274603884216","@module":"flavor::psp::format_2025::operations","@pid":9247,"@timestamp":"2026-03-31T20:28:01.382259Z"}
{"@file":"src/psp/format_2025/operations.rs","@level":"debug","@line":60,"@message":"✅ Operations unpacked: count=8 operations=[162, 125, 221, 131, 62, 130, 7, 50]","@module":"flavor::psp::format_2025::operations","@pid":9247,"@timestamp":"2026-03-31T20:28:01.382265Z"}
{"@file":"src/psp/format_2025/operations.rs","@level":"debug","@line":60,"@message":"✅ Operations unpacked: count=8 operations=[184, 30, 96, 84, 229, 94, 187, 182]","@module":"flavor::psp::format_2025::operations","@pid":9247,"@timestamp":"2026-03-31T20:28:01.382287Z"}
{"@file":"src/psp/format_2025/operations.rs","@level":"debug","@line":37,"@message":"✅ Operations packed: result=3604993231745285538","@module":"flavor::psp::format_2025::operations","@pid":9247,"@timestamp":"2026-03-31T20:28:01.382302Z"}
{"@file":"src/psp/format_2025/operations.rs","@level":"debug","@line":60,"@message":"✅ Operations unpacked: count=8 operations=[162, 125, 221, 131, 62, 130, 7, 50]","@module":"flavor::psp::format_2025::operations","@pid":9247,"@timestamp":"2026-03-31T20:28:01.382320Z"}
{"@file":"src/psp/format_2025/operations.rs","@level":"debug","@line":37,"@message":"✅ Operations packed: result=15159","@module":"flavor::psp::format_2025::operations","@pid":9247,"@timestamp":"2026-03-31T20:28:01.382335Z"}
{"@file":"src/psp/format_2025/operations.rs","@level":"debug","@line":60,"@message":"✅ Operations unpacked: count=2 operations=[55, 59]","@module":"flavor::psp::format_2025::operations","@pid":9247,"@timestamp":"2026-03-31T20:28:01.382354Z"}
{"@file":"src/psp/format_2025/operations.rs","@level":"debug","@line":60,"@message":"✅ Operations unpacked: count=8 operations=[202, 75, 252, 216, 137, 195, 111, 165]","@module":"flavor::psp::format_2025::operations","@pid":9247,"@timestamp":"2026-03-31T20:28:01.382375Z"}
{"@file":"src/psp/format_2025/operations.rs","@level":"debug","@line":37,"@message":"✅ Operations packed: result=11920961735491341258","@module":"flavor::psp::format_2025::operations","@pid":9247,"@timestamp":"2026-03-31T20:28:01.382396Z"}
{"@file":"src/psp/format_2025/operations.rs","@level":"debug","@line":37,"@message":"✅ Operations packed: result=243","@module":"flavor::psp::format_2025::operations","@pid":9247,"@timestamp":"2026-03-31T20:28:01.382412Z"}
{"@file":"src/psp/format_2025/operations.rs","@level":"debug","@line":60,"@message":"✅ Operations unpacked: count=8 operations=[202, 75, 252, 216, 137, 195, 111, 165]","@module":"flavor::psp::format_2025::operations","@pid":9247,"@timestamp":"2026-03-31T20:28:01.382413Z"}
{"@file":"src/psp/format_2025/operations.rs","@level":"debug","@line":60,"@message":"✅ Operations unpacked: count=1 operations=[243]","@module":"flavor::psp::format_2025::operations","@pid":9247,"@timestamp":"2026-03-31T20:28:01.382445Z"}
{"@file":"src/psp/format_2025/operations.rs","@level":"debug","@line":60,"@message":"✅ Operations unpacked: count=8 operations=[208, 101, 24, 168, 117, 224, 244, 77]","@module":"flavor::psp::format_2025::operations","@pid":9247,"@timestamp":"2026-03-31T20:28:01.382483Z"}
{"@file":"src/psp/format_2025/operations.rs","@level":"debug","@line":37,"@message":"✅ Operations packed: result=52833229763427452","@module":"flavor::psp::format_2025::operations","@pid":9247,"@timestamp":"2026-03-31T20:28:01.382494Z"}
{"@file":"src/psp/format_2025/operations.rs","@level":"debug","@line":37,"@message":"✅ Operations packed: result=5617361431173817808","@module":"flavor::psp::format_2025::operations","@pid":9247,"@timestamp":"2026-03-31T20:28:01.382504Z"}
{"@file":"src/psp/format_2025/operations.rs","@level":"debug","@line":60,"@message":"✅ Operations unpacked: count=7 operations=[124, 188, 98, 228, 138, 179, 187]","@module":"flavor::psp::format_2025::operations","@pid":9247,"@timestamp":"2026-03-31T20:28:01.382512Z"}
{"@file":"src/psp/format_2025/operations.rs","@level":"debug","@line":60,"@message":"✅ Operations unpacked: count=8 operations=[208, 101, 24, 168, 117, 224, 244, 77]","@module":"flavor::psp::format_2025::operations","@pid":9247,"@timestamp":"2026-03-31T20:28:01.382523Z"}
{"@file":"src/psp/format_2025/operations.rs","@level":"debug","@line":37,"@message":"✅ Operations packed: result=249","@module":"flavor::psp::format_2025::operations","@pid":9247,"@timestamp":"2026-03-31T20:28:01.382558Z"}
{"@file":"src/psp/format_2025/operations.rs","@level":"debug","@line":60,"@message":"✅ Operations unpacked: count=8 operations=[15, 140, 15, 127, 101, 237, 115, 36]","@module":"flavor::psp::format_2025::operations","@pid":9247,"@timestamp":"2026-03-31T20:28:01.382569Z"}
{"@file":"src/psp/format_2025/operations.rs","@level":"debug","@line":60,"@message":"✅ Operations unpacked: count=1 operations=[249]","@module":"flavor::psp::format_2025::operations","@pid":9247,"@timestamp":"2026-03-31T20:28:01.382577Z"}
{"@file":"src/psp/format_2025/operations.rs","@level":"debug","@line":37,"@message":"✅ Operations packed: result=2626704027866336271","@module":"flavor::psp::format_2025::operations","@pid":9247,"@timestamp":"2026-03-31T20:28:01.382589Z"}
{"@file":"src/psp/format_2025/operations.rs","@level":"debug","@line":60,"@message":"✅ Operations unpacked: count=8 operations=[15, 140, 15, 127, 101, 237, 115, 36]","@module":"flavor::psp::format_2025::operations","@pid":9247,"@timestamp":"2026-03-31T20:28:01.382607Z"}
{"@file":"src/psp/format_2025/operations.rs","@level":"debug","@line":37,"@message":"✅ Operations packed: result=46","@module":"flavor::psp::format_2025::operations","@pid":9247,"@timestamp":"2026-03-31T20:28:01.382622Z"}
{"@file":"src/psp/format_2025/operations.rs","@level":"debug","@line":60,"@message":"✅ Operations unpacked: count=1 operations=[46]","@module":"flavor::psp::format_2025::operations","@pid":9247,"@timestamp":"2026-03-31T20:28:01.382639Z"}
{"@file":"src/psp/format_2025/operations.rs","@level":"debug","@line":60,"@message":"✅ Operations unpacked: count=8 operations=[247, 227, 5, 181, 212, 141, 30, 170]","@module":"flavor::psp::format_2025::operations","@pid":9247,"@timestamp":"2026-03-31T20:28:01.382652Z"}
{"@file":"src/psp/format_2025/operations.rs","@level":"debug","@line":37,"@message":"✅ Operations packed: result=12258391180458714103","@module":"flavor::psp::format_2025::operations","@pid":9247,"@timestamp":"2026-03-31T20:28:01.382675Z"}
{"@file":"src/psp/format_2025/operations.rs","@level":"debug","@line":37,"@message":"✅ Operations packed: result=37789","@module":"flavor::psp::format_2025::operations","@pid":9247,"@timestamp":"2026-03-31T20:28:01.382688Z"}
{"@file":"src/psp/format_2025/operations.rs","@level":"debug","@line":60,"@message":"✅ Operations unpacked: count=8 operations=[247, 227, 5, 181, 212, 141, 30, 170]","@module":"flavor::psp::format_2025::operations","@pid":9247,"@timestamp":"2026-03-31T20:28:01.382693Z"}
{"@file":"src/psp/format_2025/operations.rs","@level":"debug","@line":60,"@message":"✅ Operations unpacked: count=2 operations=[157, 147]","@module":"flavor::psp::format_2025::operations","@pid":9247,"@timestamp":"2026-03-31T20:28:01.382706Z"}
{"@file":"src/psp/format_2025/operations.rs","@level":"debug","@line":60,"@message":"✅ Operations unpacked: count=8 operations=[208, 231, 40, 72, 157, 61, 206, 48]","@module":"flavor::psp::format_2025::operations","@pid":9247,"@timestamp":"2026-03-31T20:28:01.382738Z"}
{"@file":"src/psp/format_2025/operations.rs","@level":"debug","@line":37,"@message":"✅ Operations packed: result=9206743","@module":"flavor::psp::format_2025::operations","@pid":9247,"@timestamp":"2026-03-31T20:28:01.382755Z"}
{"@file":"src/psp/format_2025/operations.rs","@level":"debug","@line":37,"@message":"✅ Operations packed: result=3516816104752736208","@module":"flavor::psp::format_2025::operations","@pid":9247,"@timestamp":"2026-03-31T20:28:01.382757Z"}
{"@file":"src/psp/format_2025/operations.rs","@level":"debug","@line":60,"@message":"✅ Operations unpacked: count=3 operations=[215, 123, 140]","@module":"flavor::psp::format_2025::operations","@pid":9247,"@timestamp":"2026-03-31T20:28:01.382774Z"}
{"@file":"src/psp/format_2025/operations.rs","@level":"debug","@line":60,"@message":"✅ Operations unpacked: count=8 operations=[208, 231, 40, 72, 157, 61, 206, 48]","@module":"flavor::psp::format_2025::operations","@pid":9247,"@timestamp":"2026-03-31T20:28:01.382796Z"}
{"@file":"src/psp/format_2025/operations.rs","@level":"debug","@line":37,"@message":"✅ Operations packed: result=94077025520541","@module":"flavor::psp::format_2025::operations","@pid":9247,"@timestamp":"2026-03-31T20:28:01.382836Z"}
{"@file":"src/psp/format_2025/operations.rs","@level":"debug","@line":60,"@message":"✅ Operations unpacked: count=8 operations=[241, 246, 216, 122, 65, 136, 71, 11]","@module":"flavor::psp::format_2025::operations","@pid":9247,"@timestamp":"2026-03-31T20:28:01.382851Z"}
{"@file":"src/psp/format_2025/operations.rs","@level":"debug","@line":60,"@message":"✅ Operations unpacked: count=6 operations=[157, 11, 176, 3, 144, 85]","@module":"flavor::psp::format_2025::operations","@pid":9247,"@timestamp":"2026-03-31T20:28:01.382862Z"}
{"@file":"src/psp/format_2025/operations.rs","@level":"debug","@line":37,"@message":"✅ Operations packed: result=812768072578954993","@module":"flavor::psp::format_2025::operations","@pid":9247,"@timestamp":"2026-03-31T20:28:01.382878Z"}
{"@file":"src/psp/format_2025/operations.rs","@level":"debug","@line":60,"@message":"✅ Operations unpacked: count=8 operations=[241, 246, 216, 122, 65, 136, 71, 11]","@module":"flavor::psp::format_2025::operations","@pid":9247,"@timestamp":"2026-03-31T20:28:01.382904Z"}
{"@file":"src/psp/format_2025/operations.rs","@level":"debug","@line":37,"@message":"✅ Operations packed: result=34978","@module":"flavor::psp::format_2025::operations","@pid":9247,"@timestamp":"2026-03-31T20:28:01.382915Z"}
{"@file":"src/psp/format_2025/operations.rs","@level":"debug","@line":60,"@message":"✅ Operations unpacked: count=2 operations=[162, 136]","@module":"flavor::psp::format_2025::operations","@pid":9247,"@timestamp":"2026-03-31T20:28:01.382941Z"}
{"@file":"src/psp/format_2025/operations.rs","@level":"debug","@line":60,"@message":"✅ Operations unpacked: count=8 operations=[238, 67, 48, 117, 163, 61, 6, 148]","@module":"flavor::psp::format_2025::operations","@pid":9247,"@timestamp":"2026-03-31T20:28:01.382953Z"}
{"@file":"src/psp/format_2025/operations.rs","@level":"debug","@line":37,"@message":"✅ Operations packed: result=10666280539728659438","@module":"flavor::psp::format_2025::operations","@pid":9247,"@timestamp":"2026-03-31T20:28:01.382979Z"}
{"@file":"src/psp/format_2025/operations.rs","@level":"debug","@line":37,"@message":"✅ Operations packed: result=0","@module":"flavor::psp::format_2025::operations","@pid":9247,"@timestamp":"2026-03-31T20:28:01.382987Z"}
{"@file":"src/psp/format_2025/operations.rs","@level":"debug","@line":60,"@message":"✅ Operations unpacked: count=8 operations=[238, 67, 48, 117, 163, 61, 6, 148]","@module":"flavor::psp::format_2025::operations","@pid":9247,"@timestamp":"2026-03-31T20:28:01.382998Z"}
{"@file":"src/psp/format_2025/operations.rs","@level":"debug","@line":60,"@message":"✅ Operations unpacked: count=0 operations=[]","@module":"flavor::psp::format_2025::operations","@pid":9247,"@timestamp":"2026-03-31T20:28:01.383012Z"}
{"@file":"src/psp/format_2025/operations.rs","@level":"debug","@line":60,"@message":"✅ Operations unpacked: count=8 operations=[194, 1, 40, 37, 133, 191, 49, 241]","@module":"flavor::psp::format_2025::operations","@pid":9247,"@timestamp":"2026-03-31T20:28:01.383050Z"}
{"@file":"src/psp/format_2025/operations.rs","@level":"debug","@line":37,"@message":"✅ Operations packed: result=140","@module":"flavor::psp::format_2025::operations","@pid":9247,"@timestamp":"2026-03-31T20:28:01.383065Z"}
{"@file":"src/psp/format_2025/operations.rs","@level":"debug","@line":37,"@message":"✅ Operations packed: result=17379883015574389186","@module":"flavor::psp::format_2025::operations","@pid":9247,"@timestamp":"2026-03-31T20:28:01.383075Z"}
{"@file":"src/psp/format_2025/operations.rs","@level":"debug","@line":60,"@message":"✅ Operations unpacked: count=1 operations=[140]","@module":"flavor::psp::format_2025::operations","@pid":9247,"@timestamp":"2026-03-31T20:28:01.383091Z"}
{"@file":"src/psp/format_2025/operations.rs","@level":"debug","@line":60,"@message":"✅ Operations unpacked: count=8 operations=[194, 1, 40, 37, 133, 191, 49, 241]","@module":"flavor::psp::format_2025::operations","@pid":9247,"@timestamp":"2026-03-31T20:28:01.383100Z"}
{"@file":"src/psp/format_2025/operations.rs","@level":"debug","@line":37,"@message":"✅ Operations packed: result=296952612804","@module":"flavor::psp::format_2025::operations","@pid":9247,"@timestamp":"2026-03-31T20:28:01.383144Z"}
{"@file":"src/psp/format_2025/operations.rs","@level":"debug","@line":60,"@message":"✅ Operations unpacked: count=8 operations=[206, 110, 239, 153, 236, 160, 16, 248]","@module":"flavor::psp::format_2025::operations","@pid":9247,"@timestamp":"2026-03-31T20:28:01.383152Z"}
{"@file":"src/psp/format_2025/operations.rs","@level":"debug","@line":60,"@message":"✅ Operations unpacked: count=5 operations=[196, 71, 193, 35, 69]","@module":"flavor::psp::format_2025::operations","@pid":9247,"@timestamp":"2026-03-31T20:28:01.383170Z"}
{"@file":"src/psp/format_2025/operations.rs","@level":"debug","@line":37,"@message":"✅ Operations packed: result=17874963859088830158","@module":"flavor::psp::format_2025::operations","@pid":9247,"@timestamp":"2026-03-31T20:28:01.383182Z"}
{"@file":"src/psp/format_2025/operations.rs","@level":"debug","@line":60,"@message":"✅ Operations unpacked: count=8 operations=[206, 110, 239, 153, 236, 160, 16, 248]","@module":"flavor::psp::format_2025::operations","@pid":9247,"@timestamp":"2026-03-31T20:28:01.383207Z"}
{"@file":"src/psp/format_2025/operations.rs","@level":"debug","@line":37,"@message":"✅ Operations packed: result=5728659058361940","@module":"flavor::psp::format_2025::operations","@pid":9247,"@timestamp":"2026-03-31T20:28:01.383225Z"}
{"@file":"src/psp/format_2025/operations.rs","@level":"debug","@line":60,"@message":"✅ Operations unpacked: count=7 operations=[84, 134, 54, 96, 47, 90, 20]","@module":"flavor::psp::format_2025::operations","@pid":9247,"@timestamp":"2026-03-31T20:28:01.383250Z"}
{"@file":"src/psp/format_2025/operations.rs","@level":"debug","@line":60,"@message":"✅ Operations unpacked: count=8 operations=[87, 231, 223, 17, 100, 57, 178, 61]","@module":"flavor::psp::format_2025::operations","@pid":9247,"@timestamp":"2026-03-31T20:28:01.383254Z"}
{"@file":"src/psp/format_2025/operations.rs","@level":"debug","@line":37,"@message":"✅ Operations packed: result=4445678884127500119","@module":"flavor::psp::format_2025::operations","@pid":9247,"@timestamp":"2026-03-31T20:28:01.383281Z"}
{"@file":"src/psp/format_2025/operations.rs","@level":"debug","@line":37,"@message":"✅ Operations packed: result=42334676459659850","@module":"flavor::psp::format_2025::operations","@pid":9247,"@timestamp":"2026-03-31T20:28:01.383299Z"}
{"@file":"src/psp/format_2025/operations.rs","@level":"debug","@line":60,"@message":"✅ Operations unpacked: count=8 operations=[87, 231, 223, 17, 100, 57, 178, 61]","@module":"flavor::psp::format_2025::operations","@pid":9247,"@timestamp":"2026-03-31T20:28:01.383300Z"}
{"@file":"src/psp/format_2025/operations.rs","@level":"debug","@line":60,"@message":"✅ Operations unpacked: count=7 operations=[74, 34, 15, 248, 41, 103, 150]","@module":"flavor::psp::format_2025::operations","@pid":9247,"@timestamp":"2026-03-31T20:28:01.383330Z"}
{"@file":"src/psp/format_2025/operations.rs","@level":"debug","@line":60,"@message":"✅ Operations unpacked: count=8 operations=[44, 155, 85, 186, 62, 11, 217, 92]","@module":"flavor::psp::format_2025::operations","@pid":9247,"@timestamp":"2026-03-31T20:28:01.383373Z"}
{"@file":"src/psp/format_2025/operations.rs","@level":"debug","@line":37,"@message":"✅ Operations packed: result=4973016416131876356","@module":"flavor::psp::format_2025::operations","@pid":9247,"@timestamp":"2026-03-31T20:28:01.383385Z"}
{"@file":"src/psp/format_2025/operations.rs","@level":"debug","@line":37,"@message":"✅ Operations packed: result=6690391085477632812","@module":"flavor::psp::format_2025::operations","@pid":9247,"@timestamp":"2026-03-31T20:28:01.383399Z"}
{"@file":"src/psp/format_2025/operations.rs","@level":"debug","@line":60,"@message":"✅ Operations unpacked: count=8 operations=[4, 6, 186, 17, 21, 180, 3, 69]","@module":"flavor::psp::format_2025::operations","@pid":9247,"@timestamp":"2026-03-31T20:28:01.383411Z"}
{"@file":"src/psp/format_2025/operations.rs","@level":"debug","@line":60,"@message":"✅ Operations unpacked: count=8 operations=[44, 155, 85, 186, 62, 11, 217, 92]","@module":"flavor::psp::format_2025::operations","@pid":9247,"@timestamp":"2026-03-31T20:28:01.383424Z"}
test psp::format_2025::operations::tests::prop_pack_unpack_roundtrip ... ok
{"@file":"src/psp/format_2025/operations.rs","@level":"debug","@line":60,"@message":"✅ Operations unpacked: count=8 operations=[158, 7, 215, 185, 115, 43, 199, 12]","@module":"flavor::psp::format_2025::operations","@pid":9247,"@timestamp":"2026-03-31T20:28:01.383488Z"}
{"@file":"src/psp/format_2025/operations.rs","@level":"debug","@line":37,"@message":"✅ Operations packed: result=920752424859666334","@module":"flavor::psp::format_2025::operations","@pid":9247,"@timestamp":"2026-03-31T20:28:01.383514Z"}
{"@file":"src/psp/format_2025/operations.rs","@level":"debug","@line":60,"@message":"✅ Operations unpacked: count=8 operations=[158, 7, 215, 185, 115, 43, 199, 12]","@module":"flavor::psp::format_2025::operations","@pid":9247,"@timestamp":"2026-03-31T20:28:01.383533Z"}
{"@file":"src/psp/format_2025/operations.rs","@level":"debug","@line":60,"@message":"✅ Operations unpacked: count=8 operations=[49, 115, 185, 219, 27, 243, 38, 31]","@module":"flavor::psp::format_2025::operations","@pid":9247,"@timestamp":"2026-03-31T20:28:01.383579Z"}
{"@file":"src/psp/format_2025/operations.rs","@level":"debug","@line":37,"@message":"✅ Operations packed: result=2244748765266801457","@module":"flavor::psp::format_2025::operations","@pid":9247,"@timestamp":"2026-03-31T20:28:01.383598Z"}
{"@file":"src/psp/format_2025/operations.rs","@level":"debug","@line":60,"@message":"✅ Operations unpacked: count=8 operations=[49, 115, 185, 219, 27, 243, 38, 31]","@module":"flavor::psp::format_2025::operations","@pid":9247,"@timestamp":"2026-03-31T20:28:01.383615Z"}
{"@file":"src/psp/format_2025/operations.rs","@level":"debug","@line":60,"@message":"✅ Operations unpacked: count=8 operations=[150, 134, 8, 88, 103, 241, 238, 175]","@module":"flavor::psp::format_2025::operations","@pid":9247,"@timestamp":"2026-03-31T20:28:01.383661Z"}
{"@file":"src/psp/format_2025/operations.rs","@level":"debug","@line":37,"@message":"✅ Operations packed: result=12677335427255404182","@module":"flavor::psp::format_2025::operations","@pid":9247,"@timestamp":"2026-03-31T20:28:01.383680Z"}
{"@file":"src/psp/format_2025/operations.rs","@level":"debug","@line":60,"@message":"✅ Operations unpacked: count=8 operations=[150, 134, 8, 88, 103, 241, 238, 175]","@module":"flavor::psp::format_2025::operations","@pid":9247,"@timestamp":"2026-03-31T20:28:01.383697Z"}
{"@file":"src/psp/format_2025/operations.rs","@level":"debug","@line":60,"@message":"✅ Operations unpacked: count=8 operations=[123, 215, 10, 11, 122, 85, 27, 132]","@module":"flavor::psp::format_2025::operations","@pid":9247,"@timestamp":"2026-03-31T20:28:01.383743Z"}
{"@file":"src/psp/format_2025/operations.rs","@level":"debug","@line":37,"@message":"✅ Operations packed: result=9519296220037306235","@module":"flavor::psp::format_2025::operations","@pid":9247,"@timestamp":"2026-03-31T20:28:01.383764Z"}
{"@file":"src/psp/format_2025/operations.rs","@level":"debug","@line":60,"@message":"✅ Operations unpacked: count=8 operations=[123, 215, 10, 11, 122, 85, 27, 132]","@module":"flavor::psp::format_2025::operations","@pid":9247,"@timestamp":"2026-03-31T20:28:01.383781Z"}
{"@file":"src/psp/format_2025/operations.rs","@level":"debug","@line":60,"@message":"✅ Operations unpacked: count=8 operations=[127, 117, 184, 114, 129, 47, 133, 81]","@module":"flavor::psp::format_2025::operations","@pid":9247,"@timestamp":"2026-03-31T20:28:01.383827Z"}
{"@file":"src/psp/format_2025/operations.rs","@level":"debug","@line":37,"@message":"✅ Operations packed: result=5874153521996658047","@module":"flavor::psp::format_2025::operations","@pid":9247,"@timestamp":"2026-03-31T20:28:01.383846Z"}
{"@file":"src/psp/format_2025/operations.rs","@level":"debug","@line":60,"@message":"✅ Operations unpacked: count=8 operations=[127, 117, 184, 114, 129, 47, 133, 81]","@module":"flavor::psp::format_2025::operations","@pid":9247,"@timestamp":"2026-03-31T20:28:01.383863Z"}
{"@file":"src/psp/format_2025/operations.rs","@level":"debug","@line":60,"@message":"✅ Operations unpacked: count=8 operations=[119, 150, 96, 234, 73, 43, 32, 216]","@module":"flavor::psp::format_2025::operations","@pid":9247,"@timestamp":"2026-03-31T20:28:01.383908Z"}
{"@file":"src/psp/format_2025/operations.rs","@level":"debug","@line":37,"@message":"✅ Operations packed: result=15573495107911980663","@module":"flavor::psp::format_2025::operations","@pid":9247,"@timestamp":"2026-03-31T20:28:01.383927Z"}
{"@file":"src/psp/format_2025/operations.rs","@level":"debug","@line":60,"@message":"✅ Operations unpacked: count=8 operations=[119, 150, 96, 234, 73, 43, 32, 216]","@module":"flavor::psp::format_2025::operations","@pid":9247,"@timestamp":"2026-03-31T20:28:01.383944Z"}
{"@file":"src/psp/format_2025/operations.rs","@level":"debug","@line":60,"@message":"✅ Operations unpacked: count=8 operations=[190, 163, 175, 207, 164, 152, 237, 73]","@module":"flavor::psp::format_2025::operations","@pid":9247,"@timestamp":"2026-03-31T20:28:01.383989Z"}
{"@file":"src/psp/format_2025/operations.rs","@level":"debug","@line":37,"@message":"✅ Operations packed: result=5327081767875617726","@module":"flavor::psp::format_2025::operations","@pid":9247,"@timestamp":"2026-03-31T20:28:01.384008Z"}
{"@file":"src/psp/format_2025/operations.rs","@level":"debug","@line":60,"@message":"✅ Operations unpacked: count=8 operations=[190, 163, 175, 207, 164, 152, 237, 73]","@module":"flavor::psp::format_2025::operations","@pid":9247,"@timestamp":"2026-03-31T20:28:01.384025Z"}
{"@file":"src/psp/format_2025/operations.rs","@level":"debug","@line":60,"@message":"✅ Operations unpacked: count=8 operations=[78, 96, 167, 51, 162, 150, 14, 199]","@module":"flavor::psp::format_2025::operations","@pid":9247,"@timestamp":"2026-03-31T20:28:01.384070Z"}
{"@file":"src/psp/format_2025/operations.rs","@level":"debug","@line":37,"@message":"✅ Operations packed: result=14343567486617083982","@module":"flavor::psp::format_2025::operations","@pid":9247,"@timestamp":"2026-03-31T20:28:01.384088Z"}
{"@file":"src/psp/format_2025/operations.rs","@level":"debug","@line":60,"@message":"✅ Operations unpacked: count=8 operations=[78, 96, 167, 51, 162, 150, 14, 199]","@module":"flavor::psp::format_2025::operations","@pid":9247,"@timestamp":"2026-03-31T20:28:01.384106Z"}
{"@file":"src/psp/format_2025/operations.rs","@level":"debug","@line":60,"@message":"✅ Operations unpacked: count=8 operations=[196, 95, 125, 224, 204, 114, 70, 107]","@module":"flavor::psp::format_2025::operations","@pid":9247,"@timestamp":"2026-03-31T20:28:01.384151Z"}
{"@file":"src/psp/format_2025/operations.rs","@level":"debug","@line":37,"@message":"✅ Operations packed: result=7729992034693242820","@module":"flavor::psp::format_2025::operations","@pid":9247,"@timestamp":"2026-03-31T20:28:01.384170Z"}
{"@file":"src/psp/format_2025/operations.rs","@level":"debug","@line":60,"@message":"✅ Operations unpacked: count=8 operations=[196, 95, 125, 224, 204, 114, 70, 107]","@module":"flavor::psp::format_2025::operations","@pid":9247,"@timestamp":"2026-03-31T20:28:01.384187Z"}
{"@file":"src/psp/format_2025/operations.rs","@level":"debug","@line":60,"@message":"✅ Operations unpacked: count=8 operations=[234, 119, 123, 146, 110, 173, 119, 133]","@module":"flavor::psp::format_2025::operations","@pid":9247,"@timestamp":"2026-03-31T20:28:01.384233Z"}
{"@file":"src/psp/format_2025/operations.rs","@level":"debug","@line":37,"@message":"✅ Operations packed: result=9617346219688556522","@module":"flavor::psp::format_2025::operations","@pid":9247,"@timestamp":"2026-03-31T20:28:01.384251Z"}
{"@file":"src/psp/format_2025/operations.rs","@level":"debug","@line":60,"@message":"✅ Operations unpacked: count=8 operations=[234, 119, 123, 146, 110, 173, 119, 133]","@module":"flavor::psp::format_2025::operations","@pid":9247,"@timestamp":"2026-03-31T20:28:01.384268Z"}
{"@file":"src/psp/format_2025/operations.rs","@level":"debug","@line":60,"@message":"✅ Operations unpacked: count=8 operations=[163, 204, 126, 195, 49, 164, 147, 216]","@module":"flavor::psp::format_2025::operations","@pid":9247,"@timestamp":"2026-03-31T20:28:01.384314Z"}
{"@file":"src/psp/format_2025/operations.rs","@level":"debug","@line":37,"@message":"✅ Operations packed: result=15605997667409120419","@module":"flavor::psp::format_2025::operations","@pid":9247,"@timestamp":"2026-03-31T20:28:01.384332Z"}
{"@file":"src/psp/format_2025/operations.rs","@level":"debug","@line":60,"@message":"✅ Operations unpacked: count=8 operations=[163, 204, 126, 195, 49, 164, 147, 216]","@module":"flavor::psp::format_2025::operations","@pid":9247,"@timestamp":"2026-03-31T20:28:01.384350Z"}
{"@file":"src/psp/format_2025/operations.rs","@level":"debug","@line":60,"@message":"✅ Operations unpacked: count=8 operations=[43, 92, 10, 191, 82, 143, 173, 19]","@module":"flavor::psp::format_2025::operations","@pid":9247,"@timestamp":"2026-03-31T20:28:01.384397Z"}
{"@file":"src/psp/format_2025/operations.rs","@level":"debug","@line":37,"@message":"✅ Operations packed: result=1417947043246791723","@module":"flavor::psp::format_2025::operations","@pid":9247,"@timestamp":"2026-03-31T20:28:01.384416Z"}
{"@file":"src/psp/format_2025/operations.rs","@level":"debug","@line":60,"@message":"✅ Operations unpacked: count=8 operations=[43, 92, 10, 191, 82, 143, 173, 19]","@module":"flavor::psp::format_2025::operations","@pid":9247,"@timestamp":"2026-03-31T20:28:01.384432Z"}
{"@file":"src/psp/format_2025/operations.rs","@level":"debug","@line":60,"@message":"✅ Operations unpacked: count=8 operations=[142, 223, 179, 152, 96, 105, 39, 211]","@module":"flavor::psp::format_2025::operations","@pid":9247,"@timestamp":"2026-03-31T20:28:01.384480Z"}
{"@file":"src/psp/format_2025/operations.rs","@level":"debug","@line":37,"@message":"✅ Operations packed: result=15215245729694211982","@module":"flavor::psp::format_2025::operations","@pid":9247,"@timestamp":"2026-03-31T20:28:01.384498Z"}
{"@file":"src/psp/format_2025/operations.rs","@level":"debug","@line":60,"@message":"✅ Operations unpacked: count=8 operations=[142, 223, 179, 152, 96, 105, 39, 211]","@module":"flavor::psp::format_2025::operations","@pid":9247,"@timestamp":"2026-03-31T20:28:01.384513Z"}
{"@file":"src/psp/format_2025/operations.rs","@level":"debug","@line":60,"@message":"✅ Operations unpacked: count=8 operations=[13, 221, 41, 233, 180, 200, 160, 71]","@module":"flavor::psp::format_2025::operations","@pid":9247,"@timestamp":"2026-03-31T20:28:01.384558Z"}
{"@file":"src/psp/format_2025/operations.rs","@level":"debug","@line":37,"@message":"✅ Operations packed: result=5161345852298091789","@module":"flavor::psp::format_2025::operations","@pid":9247,"@timestamp":"2026-03-31T20:28:01.384576Z"}
{"@file":"src/psp/format_2025/operations.rs","@level":"debug","@line":60,"@message":"✅ Operations unpacked: count=8 operations=[13, 221, 41, 233, 180, 200, 160, 71]","@module":"flavor::psp::format_2025::operations","@pid":9247,"@timestamp":"2026-03-31T20:28:01.384593Z"}
{"@file":"src/psp/format_2025/operations.rs","@level":"debug","@line":60,"@message":"✅ Operations unpacked: count=8 operations=[214, 34, 36, 47, 52, 150, 198, 61]","@module":"flavor::psp::format_2025::operations","@pid":9247,"@timestamp":"2026-03-31T20:28:01.384638Z"}
{"@file":"src/psp/format_2025/operations.rs","@level":"debug","@line":37,"@message":"✅ Operations packed: result=4451410432575677142","@module":"flavor::psp::format_2025::operations","@pid":9247,"@timestamp":"2026-03-31T20:28:01.384656Z"}
{"@file":"src/psp/format_2025/operations.rs","@level":"debug","@line":60,"@message":"✅ Operations unpacked: count=8 operations=[214, 34, 36, 47, 52, 150, 198, 61]","@module":"flavor::psp::format_2025::operations","@pid":9247,"@timestamp":"2026-03-31T20:28:01.384675Z"}
{"@file":"src/psp/format_2025/operations.rs","@level":"debug","@line":60,"@message":"✅ Operations unpacked: count=8 operations=[242, 67, 202, 211, 24, 154, 168, 167]","@module":"flavor::psp::format_2025::operations","@pid":9247,"@timestamp":"2026-03-31T20:28:01.384719Z"}
{"@file":"src/psp/format_2025/operations.rs","@level":"debug","@line":37,"@message":"✅ Operations packed: result=12081075431844496370","@module":"flavor::psp::format_2025::operations","@pid":9247,"@timestamp":"2026-03-31T20:28:01.384736Z"}
{"@file":"src/psp/format_2025/operations.rs","@level":"debug","@line":60,"@message":"✅ Operations unpacked: count=8 operations=[242, 67, 202, 211, 24, 154, 168, 167]","@module":"flavor::psp::format_2025::operations","@pid":9247,"@timestamp":"2026-03-31T20:28:01.384752Z"}
{"@file":"src/psp/format_2025/operations.rs","@level":"debug","@line":60,"@message":"✅ Operations unpacked: count=8 operations=[193, 48, 166, 252, 211, 164, 240, 44]","@module":"flavor::psp::format_2025::operations","@pid":9247,"@timestamp":"2026-03-31T20:28:01.384795Z"}
{"@file":"src/psp/format_2025/operations.rs","@level":"debug","@line":37,"@message":"✅ Operations packed: result=3238269362463191233","@module":"flavor::psp::format_2025::operations","@pid":9247,"@timestamp":"2026-03-31T20:28:01.384814Z"}
{"@file":"src/psp/format_2025/operations.rs","@level":"debug","@line":60,"@message":"✅ Operations unpacked: count=8 operations=[193, 48, 166, 252, 211, 164, 240, 44]","@module":"flavor::psp::format_2025::operations","@pid":9247,"@timestamp":"2026-03-31T20:28:01.384830Z"}
{"@file":"src/psp/format_2025/operations.rs","@level":"debug","@line":60,"@message":"✅ Operations unpacked: count=8 operations=[209, 184, 7, 184, 135, 255, 237, 52]","@module":"flavor::psp::format_2025::operations","@pid":9247,"@timestamp":"2026-03-31T20:28:01.384874Z"}
{"@file":"src/psp/format_2025/operations.rs","@level":"debug","@line":37,"@message":"✅ Operations packed: result=3813985417825859793","@module":"flavor::psp::format_2025::operations","@pid":9247,"@timestamp":"2026-03-31T20:28:01.384893Z"}
{"@file":"src/psp/format_2025/operations.rs","@level":"debug","@line":60,"@message":"✅ Operations unpacked: count=8 operations=[209, 184, 7, 184, 135, 255, 237, 52]","@module":"flavor::psp::format_2025::operations","@pid":9247,"@timestamp":"2026-03-31T20:28:01.384913Z"}
{"@file":"src/psp/format_2025/operations.rs","@level":"debug","@line":60,"@message":"✅ Operations unpacked: count=8 operations=[245, 140, 240, 205, 144, 13, 129, 112]","@module":"flavor::psp::format_2025::operations","@pid":9247,"@timestamp":"2026-03-31T20:28:01.384959Z"}
{"@file":"src/psp/format_2025/operations.rs","@level":"debug","@line":37,"@message":"✅ Operations packed: result=8106775719825149173","@module":"flavor::psp::format_2025::operations","@pid":9247,"@timestamp":"2026-03-31T20:28:01.384977Z"}
{"@file":"src/psp/format_2025/operations.rs","@level":"debug","@line":60,"@message":"✅ Operations unpacked: count=8 operations=[245, 140, 240, 205, 144, 13, 129, 112]","@module":"flavor::psp::format_2025::operations","@pid":9247,"@timestamp":"2026-03-31T20:28:01.384994Z"}
{"@file":"src/psp/format_2025/operations.rs","@level":"debug","@line":60,"@message":"✅ Operations unpacked: count=8 operations=[71, 18, 141, 36, 70, 128, 65, 99]","@module":"flavor::psp::format_2025::operations","@pid":9247,"@timestamp":"2026-03-31T20:28:01.385038Z"}
{"@file":"src/psp/format_2025/operations.rs","@level":"debug","@line":37,"@message":"✅ Operations packed: result=7152138721990349383","@module":"flavor::psp::format_2025::operations","@pid":9247,"@timestamp":"2026-03-31T20:28:01.385056Z"}
{"@file":"src/psp/format_2025/operations.rs","@level":"debug","@line":60,"@message":"✅ Operations unpacked: count=8 operations=[71, 18, 141, 36, 70, 128, 65, 99]","@module":"flavor::psp::format_2025::operations","@pid":9247,"@timestamp":"2026-03-31T20:28:01.385072Z"}
{"@file":"src/psp/format_2025/operations.rs","@level":"debug","@line":60,"@message":"✅ Operations unpacked: count=8 operations=[114, 96, 108, 127, 132, 196, 241, 219]","@module":"flavor::psp::format_2025::operations","@pid":9247,"@timestamp":"2026-03-31T20:28:01.385116Z"}
{"@file":"src/psp/format_2025/operations.rs","@level":"debug","@line":37,"@message":"✅ Operations packed: result=15848664637046022258","@module":"flavor::psp::format_2025::operations","@pid":9247,"@timestamp":"2026-03-31T20:28:01.385134Z"}
{"@file":"src/psp/format_2025/operations.rs","@level":"debug","@line":60,"@message":"✅ Operations unpacked: count=8 operations=[114, 96, 108, 127, 132, 196, 241, 219]","@module":"flavor::psp::format_2025::operations","@pid":9247,"@timestamp":"2026-03-31T20:28:01.385151Z"}
{"@file":"src/psp/format_2025/operations.rs","@level":"debug","@line":60,"@message":"✅ Operations unpacked: count=8 operations=[44, 89, 99, 37, 15, 42, 161, 169]","@module":"flavor::psp::format_2025::operations","@pid":9247,"@timestamp":"2026-03-31T20:28:01.385193Z"}
{"@file":"src/psp/format_2025/operations.rs","@level":"debug","@line":37,"@message":"✅ Operations packed: result=12223097108200380716","@module":"flavor::psp::format_2025::operations","@pid":9247,"@timestamp":"2026-03-31T20:28:01.385211Z"}
{"@file":"src/psp/format_2025/operations.rs","@level":"debug","@line":60,"@message":"✅ Operations unpacked: count=8 operations=[44, 89, 99, 37, 15, 42, 161, 169]","@module":"flavor::psp::format_2025::operations","@pid":9247,"@timestamp":"2026-03-31T20:28:01.385228Z"}
{"@file":"src/psp/format_2025/operations.rs","@level":"debug","@line":60,"@message":"✅ Operations unpacked: count=8 operations=[213, 191, 143, 54, 235, 250, 74, 151]","@module":"flavor::psp::format_2025::operations","@pid":9247,"@timestamp":"2026-03-31T20:28:01.385270Z"}
{"@file":"src/psp/format_2025/operations.rs","@level":"debug","@line":37,"@message":"✅ Operations packed: result=10901801736143355861","@module":"flavor::psp::format_2025::operations","@pid":9247,"@timestamp":"2026-03-31T20:28:01.385288Z"}
{"@file":"src/psp/format_2025/operations.rs","@level":"debug","@line":60,"@message":"✅ Operations unpacked: count=8 operations=[213, 191, 143, 54, 235, 250, 74, 151]","@module":"flavor::psp::format_2025::operations","@pid":9247,"@timestamp":"2026-03-31T20:28:01.385304Z"}
{"@file":"src/psp/format_2025/operations.rs","@level":"debug","@line":60,"@message":"✅ Operations unpacked: count=8 operations=[27, 231, 128, 239, 47, 217, 210, 214]","@module":"flavor::psp::format_2025::operations","@pid":9247,"@timestamp":"2026-03-31T20:28:01.385347Z"}
{"@file":"src/psp/format_2025/operations.rs","@level":"debug","@line":37,"@message":"✅ Operations packed: result=15479673669130708763","@module":"flavor::psp::format_2025::operations","@pid":9247,"@timestamp":"2026-03-31T20:28:01.385365Z"}
{"@file":"src/psp/format_2025/operations.rs","@level":"debug","@line":60,"@message":"✅ Operations unpacked: count=8 operations=[27, 231, 128, 239, 47, 217, 210, 214]","@module":"flavor::psp::format_2025::operations","@pid":9247,"@timestamp":"2026-03-31T20:28:01.385382Z"}
{"@file":"src/psp/format_2025/operations.rs","@level":"debug","@line":60,"@message":"✅ Operations unpacked: count=8 operations=[228, 61, 8, 161, 206, 207, 77, 102]","@module":"flavor::psp::format_2025::operations","@pid":9247,"@timestamp":"2026-03-31T20:28:01.385426Z"}
{"@file":"src/psp/format_2025/operations.rs","@level":"debug","@line":37,"@message":"✅ Operations packed: result=7371776651447254500","@module":"flavor::psp::format_2025::operations","@pid":9247,"@timestamp":"2026-03-31T20:28:01.385444Z"}
{"@file":"src/psp/format_2025/operations.rs","@level":"debug","@line":60,"@message":"✅ Operations unpacked: count=8 operations=[228, 61, 8, 161, 206, 207, 77, 102]","@module":"flavor::psp::format_2025::operations","@pid":9247,"@timestamp":"2026-03-31T20:28:01.385461Z"}
{"@file":"src/psp/format_2025/operations.rs","@level":"debug","@line":60,"@message":"✅ Operations unpacked: count=8 operations=[3, 183, 116, 186, 178, 32, 239, 167]","@module":"flavor::psp::format_2025::operations","@pid":9247,"@timestamp":"2026-03-31T20:28:01.385504Z"}
{"@file":"src/psp/format_2025/operations.rs","@level":"debug","@line":37,"@message":"✅ Operations packed: result=12100926675772290819","@module":"flavor::psp::format_2025::operations","@pid":9247,"@timestamp":"2026-03-31T20:28:01.385523Z"}
{"@file":"src/psp/format_2025/operations.rs","@level":"debug","@line":60,"@message":"✅ Operations unpacked: count=8 operations=[3, 183, 116, 186, 178, 32, 239, 167]","@module":"flavor::psp::format_2025::operations","@pid":9247,"@timestamp":"2026-03-31T20:28:01.385539Z"}
{"@file":"src/psp/format_2025/operations.rs","@level":"debug","@line":60,"@message":"✅ Operations unpacked: count=8 operations=[117, 53, 201, 104, 235, 181, 94, 238]","@module":"flavor::psp::format_2025::operations","@pid":9247,"@timestamp":"2026-03-31T20:28:01.385582Z"}
{"@file":"src/psp/format_2025/operations.rs","@level":"debug","@line":37,"@message":"✅ Operations packed: result=17176366051517609333","@module":"flavor::psp::format_2025::operations","@pid":9247,"@timestamp":"2026-03-31T20:28:01.385601Z"}
{"@file":"src/psp/format_2025/operations.rs","@level":"debug","@line":60,"@message":"✅ Operations unpacked: count=8 operations=[117, 53, 201, 104, 235, 181, 94, 238]","@module":"flavor::psp::format_2025::operations","@pid":9247,"@timestamp":"2026-03-31T20:28:01.385617Z"}
{"@file":"src/psp/format_2025/operations.rs","@level":"debug","@line":60,"@message":"✅ Operations unpacked: count=8 operations=[33, 59, 150, 16, 57, 241, 202, 5]","@module":"flavor::psp::format_2025::operations","@pid":9247,"@timestamp":"2026-03-31T20:28:01.385660Z"}
{"@file":"src/psp/format_2025/operations.rs","@level":"debug","@line":37,"@message":"✅ Operations packed: result=417411142878903073","@module":"flavor::psp::format_2025::operations","@pid":9247,"@timestamp":"2026-03-31T20:28:01.385681Z"}
{"@file":"src/psp/format_2025/operations.rs","@level":"debug","@line":60,"@message":"✅ Operations unpacked: count=8 operations=[33, 59, 150, 16, 57, 241, 202, 5]","@module":"flavor::psp::format_2025::operations","@pid":9247,"@timestamp":"2026-03-31T20:28:01.385698Z"}
{"@file":"src/psp/format_2025/operations.rs","@level":"debug","@line":60,"@message":"✅ Operations unpacked: count=8 operations=[47, 204, 13, 103, 245, 116, 105, 153]","@module":"flavor::psp::format_2025::operations","@pid":9247,"@timestamp":"2026-03-31T20:28:01.385742Z"}
{"@file":"src/psp/format_2025/operations.rs","@level":"debug","@line":37,"@message":"✅ Operations packed: result=11054495357702360111","@module":"flavor::psp::format_2025::operations","@pid":9247,"@timestamp":"2026-03-31T20:28:01.385761Z"}
{"@file":"src/psp/format_2025/operations.rs","@level":"debug","@line":60,"@message":"✅ Operations unpacked: count=8 operations=[47, 204, 13, 103, 245, 116, 105, 153]","@module":"flavor::psp::format_2025::operations","@pid":9247,"@timestamp":"2026-03-31T20:28:01.385778Z"}
{"@file":"src/psp/format_2025/operations.rs","@level":"debug","@line":60,"@message":"✅ Operations unpacked: count=3 operations=[141, 149, 229]","@module":"flavor::psp::format_2025::operations","@pid":9247,"@timestamp":"2026-03-31T20:28:01.385822Z"}
{"@file":"src/psp/format_2025/operations.rs","@level":"debug","@line":37,"@message":"✅ Operations packed: result=15046029","@module":"flavor::psp::format_2025::operations","@pid":9247,"@timestamp":"2026-03-31T20:28:01.385840Z"}
{"@file":"src/psp/format_2025/operations.rs","@level":"debug","@line":60,"@message":"✅ Operations unpacked: count=3 operations=[141, 149, 229]","@module":"flavor::psp::format_2025::operations","@pid":9247,"@timestamp":"2026-03-31T20:28:01.385856Z"}
{"@file":"src/psp/format_2025/operations.rs","@level":"debug","@line":60,"@message":"✅ Operations unpacked: count=8 operations=[246, 60, 134, 249, 145, 200, 26, 57]","@module":"flavor::psp::format_2025::operations","@pid":9247,"@timestamp":"2026-03-31T20:28:01.385900Z"}
{"@file":"src/psp/format_2025/operations.rs","@level":"debug","@line":37,"@message":"✅ Operations packed: result=4114821738838506742","@module":"flavor::psp::format_2025::operations","@pid":9247,"@timestamp":"2026-03-31T20:28:01.385918Z"}
{"@file":"src/psp/format_2025/operations.rs","@level":"debug","@line":60,"@message":"✅ Operations unpacked: count=8 operations=[246, 60, 134, 249, 145, 200, 26, 57]","@module":"flavor::psp::format_2025::operations","@pid":9247,"@timestamp":"2026-03-31T20:28:01.385935Z"}
{"@file":"src/psp/format_2025/operations.rs","@level":"debug","@line":60,"@message":"✅ Operations unpacked: count=8 operations=[105, 75, 166, 14, 82, 215, 156, 210]","@module":"flavor::psp::format_2025::operations","@pid":9247,"@timestamp":"2026-03-31T20:28:01.385977Z"}
{"@file":"src/psp/format_2025/operations.rs","@level":"debug","@line":37,"@message":"✅ Operations packed: result=15176241591764798313","@module":"flavor::psp::format_2025::operations","@pid":9247,"@timestamp":"2026-03-31T20:28:01.385996Z"}
{"@file":"src/psp/format_2025/operations.rs","@level":"debug","@line":60,"@message":"✅ Operations unpacked: count=8 operations=[105, 75, 166, 14, 82, 215, 156, 210]","@module":"flavor::psp::format_2025::operations","@pid":9247,"@timestamp":"2026-03-31T20:28:01.386012Z"}
{"@file":"src/psp/format_2025/operations.rs","@level":"debug","@line":60,"@message":"✅ Operations unpacked: count=8 operations=[61, 196, 172, 206, 148, 31, 228, 130]","@module":"flavor::psp::format_2025::operations","@pid":9247,"@timestamp":"2026-03-31T20:28:01.386057Z"}
{"@file":"src/psp/format_2025/operations.rs","@level":"debug","@line":37,"@message":"✅ Operations packed: result=9431698243603711037","@module":"flavor::psp::format_2025::operations","@pid":9247,"@timestamp":"2026-03-31T20:28:01.386076Z"}
{"@file":"src/psp/format_2025/operations.rs","@level":"debug","@line":60,"@message":"✅ Operations unpacked: count=8 operations=[61, 196, 172, 206, 148, 31, 228, 130]","@module":"flavor::psp::format_2025::operations","@pid":9247,"@timestamp":"2026-03-31T20:28:01.386093Z"}
{"@file":"src/psp/format_2025/operations.rs","@level":"debug","@line":60,"@message":"✅ Operations unpacked: count=8 operations=[159, 65, 144, 140, 51, 4, 239, 55]","@module":"flavor::psp::format_2025::operations","@pid":9247,"@timestamp":"2026-03-31T20:28:01.386136Z"}
{"@file":"src/psp/format_2025/operations.rs","@level":"debug","@line":37,"@message":"✅ Operations packed: result=4030444810967990687","@module":"flavor::psp::format_2025::operations","@pid":9247,"@timestamp":"2026-03-31T20:28:01.386154Z"}
{"@file":"src/psp/format_2025/operations.rs","@level":"debug","@line":60,"@message":"✅ Operations unpacked: count=8 operations=[159, 65, 144, 140, 51, 4, 239, 55]","@module":"flavor::psp::format_2025::operations","@pid":9247,"@timestamp":"2026-03-31T20:28:01.386171Z"}
{"@file":"src/psp/format_2025/operations.rs","@level":"debug","@line":60,"@message":"✅ Operations unpacked: count=8 operations=[149, 235, 61, 146, 196, 248, 81, 165]","@module":"flavor::psp::format_2025::operations","@pid":9247,"@timestamp":"2026-03-31T20:28:01.386214Z"}
{"@file":"src/psp/format_2025/operations.rs","@level":"debug","@line":37,"@message":"✅ Operations packed: result=11912576012522482581","@module":"flavor::psp::format_2025::operations","@pid":9247,"@timestamp":"2026-03-31T20:28:01.386233Z"}
{"@file":"src/psp/format_2025/operations.rs","@level":"debug","@line":60,"@message":"✅ Operations unpacked: count=8 operations=[149, 235, 61, 146, 196, 248, 81, 165]","@module":"flavor::psp::format_2025::operations","@pid":9247,"@timestamp":"2026-03-31T20:28:01.386251Z"}
{"@file":"src/psp/format_2025/operations.rs","@level":"debug","@line":60,"@message":"✅ Operations unpacked: count=8 operations=[60, 30, 230, 142, 156, 14, 178, 209]","@module":"flavor::psp::format_2025::operations","@pid":9247,"@timestamp":"2026-03-31T20:28:01.386294Z"}
{"@file":"src/psp/format_2025/operations.rs","@level":"debug","@line":37,"@message":"✅ Operations packed: result=15110155765356568124","@module":"flavor::psp::format_2025::operations","@pid":9247,"@timestamp":"2026-03-31T20:28:01.386312Z"}
{"@file":"src/psp/format_2025/operations.rs","@level":"debug","@line":60,"@message":"✅ Operations unpacked: count=8 operations=[60, 30, 230, 142, 156, 14, 178, 209]","@module":"flavor::psp::format_2025::operations","@pid":9247,"@timestamp":"2026-03-31T20:28:01.386329Z"}
{"@file":"src/psp/format_2025/operations.rs","@level":"debug","@line":60,"@message":"✅ Operations unpacked: count=8 operations=[54, 205, 117, 182, 112, 197, 119, 116]","@module":"flavor::psp::format_2025::operations","@pid":9247,"@timestamp":"2026-03-31T20:28:01.386371Z"}
{"@file":"src/psp/format_2025/operations.rs","@level":"debug","@line":37,"@message":"✅ Operations packed: result=8392393518516391222","@module":"flavor::psp::format_2025::operations","@pid":9247,"@timestamp":"2026-03-31T20:28:01.386390Z"}
{"@file":"src/psp/format_2025/operations.rs","@level":"debug","@line":60,"@message":"✅ Operations unpacked: count=8 operations=[54, 205, 117, 182, 112, 197, 119, 116]","@module":"flavor::psp::format_2025::operations","@pid":9247,"@timestamp":"2026-03-31T20:28:01.386408Z"}
{"@file":"src/psp/format_2025/operations.rs","@level":"debug","@line":60,"@message":"✅ Operations unpacked: count=8 operations=[151, 13, 68, 250, 76, 114, 228, 18]","@module":"flavor::psp::format_2025::operations","@pid":9247,"@timestamp":"2026-03-31T20:28:01.386470Z"}
{"@file":"src/psp/format_2025/operations.rs","@level":"debug","@line":37,"@message":"✅ Operations packed: result=1361338662314577303","@module":"flavor::psp::format_2025::operations","@pid":9247,"@timestamp":"2026-03-31T20:28:01.386489Z"}
{"@file":"src/psp/format_2025/operations.rs","@level":"debug","@line":60,"@message":"✅ Operations unpacked: count=8 operations=[151, 13, 68, 250, 76, 114, 228, 18]","@module":"flavor::psp::format_2025::operations","@pid":9247,"@timestamp":"2026-03-31T20:28:01.386505Z"}
{"@file":"src/psp/format_2025/operations.rs","@level":"debug","@line":60,"@message":"✅ Operations unpacked: count=8 operations=[234, 164, 28, 255, 26, 102, 130, 65]","@module":"flavor::psp::format_2025::operations","@pid":9247,"@timestamp":"2026-03-31T20:28:01.386548Z"}
{"@file":"src/psp/format_2025/operations.rs","@level":"debug","@line":37,"@message":"✅ Operations packed: result=4720447625572951274","@module":"flavor::psp::format_2025::operations","@pid":9247,"@timestamp":"2026-03-31T20:28:01.386566Z"}
{"@file":"src/psp/format_2025/operations.rs","@level":"debug","@line":60,"@message":"✅ Operations unpacked: count=8 operations=[234, 164, 28, 255, 26, 102, 130, 65]","@module":"flavor::psp::format_2025::operations","@pid":9247,"@timestamp":"2026-03-31T20:28:01.386583Z"}
{"@file":"src/psp/format_2025/operations.rs","@level":"debug","@line":60,"@message":"✅ Operations unpacked: count=8 operations=[34, 217, 97, 36, 118, 25, 63, 186]","@module":"flavor::psp::format_2025::operations","@pid":9247,"@timestamp":"2026-03-31T20:28:01.386629Z"}
{"@file":"src/psp/format_2025/operations.rs","@level":"debug","@line":37,"@message":"✅ Operations packed: result=13420473409794595106","@module":"flavor::psp::format_2025::operations","@pid":9247,"@timestamp":"2026-03-31T20:28:01.386647Z"}
{"@file":"src/psp/format_2025/operations.rs","@level":"debug","@line":60,"@message":"✅ Operations unpacked: count=8 operations=[34, 217, 97, 36, 118, 25, 63, 186]","@module":"flavor::psp::format_2025::operations","@pid":9247,"@timestamp":"2026-03-31T20:28:01.386664Z"}
{"@file":"src/psp/format_2025/operations.rs","@level":"debug","@line":60,"@message":"✅ Operations unpacked: count=2 operations=[220, 77]","@module":"flavor::psp::format_2025::operations","@pid":9247,"@timestamp":"2026-03-31T20:28:01.386708Z"}
{"@file":"src/psp/format_2025/operations.rs","@level":"debug","@line":37,"@message":"✅ Operations packed: result=19932","@module":"flavor::psp::format_2025::operations","@pid":9247,"@timestamp":"2026-03-31T20:28:01.386725Z"}
{"@file":"src/psp/format_2025/operations.rs","@level":"debug","@line":60,"@message":"✅ Operations unpacked: count=2 operations=[220, 77]","@module":"flavor::psp::format_2025::operations","@pid":9247,"@timestamp":"2026-03-31T20:28:01.386741Z"}
{"@file":"src/psp/format_2025/operations.rs","@level":"debug","@line":60,"@message":"✅ Operations unpacked: count=8 operations=[227, 62, 135, 40, 209, 227, 124, 189]","@module":"flavor::psp::format_2025::operations","@pid":9247,"@timestamp":"2026-03-31T20:28:01.386784Z"}
{"@file":"src/psp/format_2025/operations.rs","@level":"debug","@line":37,"@message":"✅ Operations packed: result=13654038657748123363","@module":"flavor::psp::format_2025::operations","@pid":9247,"@timestamp":"2026-03-31T20:28:01.386806Z"}
{"@file":"src/psp/format_2025/operations.rs","@level":"debug","@line":60,"@message":"✅ Operations unpacked: count=8 operations=[227, 62, 135, 40, 209, 227, 124, 189]","@module":"flavor::psp::format_2025::operations","@pid":9247,"@timestamp":"2026-03-31T20:28:01.386822Z"}
{"@file":"src/psp/format_2025/operations.rs","@level":"debug","@line":60,"@message":"✅ Operations unpacked: count=8 operations=[178, 106, 175, 168, 105, 6, 43, 225]","@module":"flavor::psp::format_2025::operations","@pid":9247,"@timestamp":"2026-03-31T20:28:01.386865Z"}
{"@file":"src/psp/format_2025/operations.rs","@level":"debug","@line":37,"@message":"✅ Operations packed: result=16225069133403744946","@module":"flavor::psp::format_2025::operations","@pid":9247,"@timestamp":"2026-03-31T20:28:01.386893Z"}
{"@file":"src/psp/format_2025/operations.rs","@level":"debug","@line":60,"@message":"✅ Operations unpacked: count=8 operations=[178, 106, 175, 168, 105, 6, 43, 225]","@module":"flavor::psp::format_2025::operations","@pid":9247,"@timestamp":"2026-03-31T20:28:01.386912Z"}
{"@file":"src/psp/format_2025/operations.rs","@level":"debug","@line":60,"@message":"✅ Operations unpacked: count=8 operations=[211, 31, 34, 251, 21, 52, 126, 212]","@module":"flavor::psp::format_2025::operations","@pid":9247,"@timestamp":"2026-03-31T20:28:01.386956Z"}
{"@file":"src/psp/format_2025/operations.rs","@level":"debug","@line":37,"@message":"✅ Operations packed: result=15311733052118540243","@module":"flavor::psp::format_2025::operations","@pid":9247,"@timestamp":"2026-03-31T20:28:01.386974Z"}
{"@file":"src/psp/format_2025/operations.rs","@level":"debug","@line":60,"@message":"✅ Operations unpacked: count=8 operations=[211, 31, 34, 251, 21, 52, 126, 212]","@module":"flavor::psp::format_2025::operations","@pid":9247,"@timestamp":"2026-03-31T20:28:01.386991Z"}
{"@file":"src/psp/format_2025/operations.rs","@level":"debug","@line":60,"@message":"✅ Operations unpacked: count=8 operations=[211, 72, 183, 52, 51, 144, 217, 29]","@module":"flavor::psp::format_2025::operations","@pid":9247,"@timestamp":"2026-03-31T20:28:01.387035Z"}
{"@file":"src/psp/format_2025/operations.rs","@level":"debug","@line":37,"@message":"✅ Operations packed: result=2150908846648281299","@module":"flavor::psp::format_2025::operations","@pid":9247,"@timestamp":"2026-03-31T20:28:01.387056Z"}
{"@file":"src/psp/format_2025/operations.rs","@level":"debug","@line":60,"@message":"✅ Operations unpacked: count=8 operations=[211, 72, 183, 52, 51, 144, 217, 29]","@module":"flavor::psp::format_2025::operations","@pid":9247,"@timestamp":"2026-03-31T20:28:01.387072Z"}
{"@file":"src/psp/format_2025/operations.rs","@level":"debug","@line":60,"@message":"✅ Operations unpacked: count=8 operations=[119, 40, 162, 253, 120, 207, 255, 168]","@module":"flavor::psp::format_2025::operations","@pid":9247,"@timestamp":"2026-03-31T20:28:01.387116Z"}
{"@file":"src/psp/format_2025/operations.rs","@level":"debug","@line":37,"@message":"✅ Operations packed: result=12177680035991398519","@module":"flavor::psp::format_2025::operations","@pid":9247,"@timestamp":"2026-03-31T20:28:01.387136Z"}
{"@file":"src/psp/format_2025/operations.rs","@level":"debug","@line":60,"@message":"✅ Operations unpacked: count=8 operations=[119, 40, 162, 253, 120, 207, 255, 168]","@module":"flavor::psp::format_2025::operations","@pid":9247,"@timestamp":"2026-03-31T20:28:01.387152Z"}
{"@file":"src/psp/format_2025/operations.rs","@level":"debug","@line":60,"@message":"✅ Operations unpacked: count=8 operations=[180, 38, 74, 191, 164, 188, 77, 129]","@module":"flavor::psp::format_2025::operations","@pid":9247,"@timestamp":"2026-03-31T20:28:01.387194Z"}
{"@file":"src/psp/format_2025/operations.rs","@level":"debug","@line":37,"@message":"✅ Operations packed: result=9317310619869390516","@module":"flavor::psp::format_2025::operations","@pid":9247,"@timestamp":"2026-03-31T20:28:01.387212Z"}
{"@file":"src/psp/format_2025/operations.rs","@level":"debug","@line":60,"@message":"✅ Operations unpacked: count=8 operations=[180, 38, 74, 191, 164, 188, 77, 129]","@module":"flavor::psp::format_2025::operations","@pid":9247,"@timestamp":"2026-03-31T20:28:01.387228Z"}
{"@file":"src/psp/format_2025/operations.rs","@level":"debug","@line":60,"@message":"✅ Operations unpacked: count=7 operations=[165, 73, 63, 241, 156, 80, 234]","@module":"flavor::psp::format_2025::operations","@pid":9247,"@timestamp":"2026-03-31T20:28:01.387271Z"}
{"@file":"src/psp/format_2025/operations.rs","@level":"debug","@line":37,"@message":"✅ Operations packed: result=65953779542870437","@module":"flavor::psp::format_2025::operations","@pid":9247,"@timestamp":"2026-03-31T20:28:01.387289Z"}
{"@file":"src/psp/format_2025/operations.rs","@level":"debug","@line":60,"@message":"✅ Operations unpacked: count=7 operations=[165, 73, 63, 241, 156, 80, 234]","@module":"flavor::psp::format_2025::operations","@pid":9247,"@timestamp":"2026-03-31T20:28:01.387305Z"}
{"@file":"src/psp/format_2025/operations.rs","@level":"debug","@line":60,"@message":"✅ Operations unpacked: count=8 operations=[21, 133, 135, 45, 207, 245, 195, 197]","@module":"flavor::psp::format_2025::operations","@pid":9247,"@timestamp":"2026-03-31T20:28:01.387347Z"}
{"@file":"src/psp/format_2025/operations.rs","@level":"debug","@line":37,"@message":"✅ Operations packed: result=14250503916101272853","@module":"flavor::psp::format_2025::operations","@pid":9247,"@timestamp":"2026-03-31T20:28:01.387365Z"}
{"@file":"src/psp/format_2025/operations.rs","@level":"debug","@line":60,"@message":"✅ Operations unpacked: count=8 operations=[21, 133, 135, 45, 207, 245, 195, 197]","@module":"flavor::psp::format_2025::operations","@pid":9247,"@timestamp":"2026-03-31T20:28:01.387381Z"}
{"@file":"src/psp/format_2025/operations.rs","@level":"debug","@line":60,"@message":"✅ Operations unpacked: count=8 operations=[137, 44, 68, 98, 249, 220, 192, 160]","@module":"flavor::psp::format_2025::operations","@pid":9247,"@timestamp":"2026-03-31T20:28:01.387425Z"}
{"@file":"src/psp/format_2025/operations.rs","@level":"debug","@line":37,"@message":"✅ Operations packed: result=11583501205250518153","@module":"flavor::psp::format_2025::operations","@pid":9247,"@timestamp":"2026-03-31T20:28:01.387443Z"}
{"@file":"src/psp/format_2025/operations.rs","@level":"debug","@line":60,"@message":"✅ Operations unpacked: count=8 operations=[137, 44, 68, 98, 249, 220, 192, 160]","@module":"flavor::psp::format_2025::operations","@pid":9247,"@timestamp":"2026-03-31T20:28:01.387460Z"}
{"@file":"src/psp/format_2025/operations.rs","@level":"debug","@line":60,"@message":"✅ Operations unpacked: count=8 operations=[248, 54, 11, 168, 127, 81, 79, 1]","@module":"flavor::psp::format_2025::operations","@pid":9247,"@timestamp":"2026-03-31T20:28:01.387504Z"}
{"@file":"src/psp/format_2025/operations.rs","@level":"debug","@line":37,"@message":"✅ Operations packed: result=94383725920073464","@module":"flavor::psp::format_2025::operations","@pid":9247,"@timestamp":"2026-03-31T20:28:01.387525Z"}
{"@file":"src/psp/format_2025/operations.rs","@level":"debug","@line":60,"@message":"✅ Operations unpacked: count=8 operations=[248, 54, 11, 168, 127, 81, 79, 1]","@module":"flavor::psp::format_2025::operations","@pid":9247,"@timestamp":"2026-03-31T20:28:01.387542Z"}
{"@file":"src/psp/format_2025/operations.rs","@level":"debug","@line":60,"@message":"✅ Operations unpacked: count=8 operations=[76, 92, 161, 85, 135, 210, 47, 197]","@module":"flavor::psp::format_2025::operations","@pid":9247,"@timestamp":"2026-03-31T20:28:01.387586Z"}
{"@file":"src/psp/format_2025/operations.rs","@level":"debug","@line":37,"@message":"✅ Operations packed: result=14208806828076260428","@module":"flavor::psp::format_2025::operations","@pid":9247,"@timestamp":"2026-03-31T20:28:01.387605Z"}
{"@file":"src/psp/format_2025/operations.rs","@level":"debug","@line":60,"@message":"✅ Operations unpacked: count=8 operations=[76, 92, 161, 85, 135, 210, 47, 197]","@module":"flavor::psp::format_2025::operations","@pid":9247,"@timestamp":"2026-03-31T20:28:01.387624Z"}
{"@file":"src/psp/format_2025/operations.rs","@level":"debug","@line":60,"@message":"✅ Operations unpacked: count=8 operations=[79, 42, 146, 69, 225, 233, 220, 184]","@module":"flavor::psp::format_2025::operations","@pid":9247,"@timestamp":"2026-03-31T20:28:01.387671Z"}
{"@file":"src/psp/format_2025/operations.rs","@level":"debug","@line":37,"@message":"✅ Operations packed: result=13320778951599204943","@module":"flavor::psp::format_2025::operations","@pid":9247,"@timestamp":"2026-03-31T20:28:01.387690Z"}
{"@file":"src/psp/format_2025/operations.rs","@level":"debug","@line":60,"@message":"✅ Operations unpacked: count=8 operations=[79, 42, 146, 69, 225, 233, 220, 184]","@module":"flavor::psp::format_2025::operations","@pid":9247,"@timestamp":"2026-03-31T20:28:01.387708Z"}
{"@file":"src/psp/format_2025/operations.rs","@level":"debug","@line":60,"@message":"✅ Operations unpacked: count=8 operations=[177, 92, 96, 18, 188, 117, 175, 200]","@module":"flavor::psp::format_2025::operations","@pid":9247,"@timestamp":"2026-03-31T20:28:01.387753Z"}
{"@file":"src/psp/format_2025/operations.rs","@level":"debug","@line":37,"@message":"✅ Operations packed: result=14460906379132558513","@module":"flavor::psp::format_2025::operations","@pid":9247,"@timestamp":"2026-03-31T20:28:01.387772Z"}
{"@file":"src/psp/format_2025/operations.rs","@level":"debug","@line":60,"@message":"✅ Operations unpacked: count=8 operations=[177, 92, 96, 18, 188, 117, 175, 200]","@module":"flavor::psp::format_2025::operations","@pid":9247,"@timestamp":"2026-03-31T20:28:01.387789Z"}
{"@file":"src/psp/format_2025/operations.rs","@level":"debug","@line":60,"@message":"✅ Operations unpacked: count=8 operations=[188, 110, 99, 253, 113, 159, 153, 106]","@module":"flavor::psp::format_2025::operations","@pid":9247,"@timestamp":"2026-03-31T20:28:01.387833Z"}
{"@file":"src/psp/format_2025/operations.rs","@level":"debug","@line":37,"@message":"✅ Operations packed: result=7681345951388364476","@module":"flavor::psp::format_2025::operations","@pid":9247,"@timestamp":"2026-03-31T20:28:01.387852Z"}
{"@file":"src/psp/format_2025/operations.rs","@level":"debug","@line":60,"@message":"✅ Operations unpacked: count=8 operations=[188, 110, 99, 253, 113, 159, 153, 106]","@module":"flavor::psp::format_2025::operations","@pid":9247,"@timestamp":"2026-03-31T20:28:01.387868Z"}
{"@file":"src/psp/format_2025/operations.rs","@level":"debug","@line":60,"@message":"✅ Operations unpacked: count=8 operations=[118, 66, 124, 199, 227, 171, 75, 8]","@module":"flavor::psp::format_2025::operations","@pid":9247,"@timestamp":"2026-03-31T20:28:01.387913Z"}
{"@file":"src/psp/format_2025/operations.rs","@level":"debug","@line":37,"@message":"✅ Operations packed: result=597760370349458038","@module":"flavor::psp::format_2025::operations","@pid":9247,"@timestamp":"2026-03-31T20:28:01.387935Z"}
{"@file":"src/psp/format_2025/operations.rs","@level":"debug","@line":60,"@message":"✅ Operations unpacked: count=8 operations=[118, 66, 124, 199, 227, 171, 75, 8]","@module":"flavor::psp::format_2025::operations","@pid":9247,"@timestamp":"2026-03-31T20:28:01.387953Z"}
{"@file":"src/psp/format_2025/operations.rs","@level":"debug","@line":60,"@message":"✅ Operations unpacked: count=8 operations=[231, 8, 37, 75, 251, 107, 14, 153]","@module":"flavor::psp::format_2025::operations","@pid":9247,"@timestamp":"2026-03-31T20:28:01.387998Z"}
{"@file":"src/psp/format_2025/operations.rs","@level":"debug","@line":37,"@message":"✅ Operations packed: result=11028871264518605031","@module":"flavor::psp::format_2025::operations","@pid":9247,"@timestamp":"2026-03-31T20:28:01.388017Z"}
{"@file":"src/psp/format_2025/operations.rs","@level":"debug","@line":60,"@message":"✅ Operations unpacked: count=8 operations=[231, 8, 37, 75, 251, 107, 14, 153]","@module":"flavor::psp::format_2025::operations","@pid":9247,"@timestamp":"2026-03-31T20:28:01.388034Z"}
{"@file":"src/psp/format_2025/operations.rs","@level":"debug","@line":60,"@message":"✅ Operations unpacked: count=8 operations=[59, 121, 226, 60, 8, 35, 39, 26]","@module":"flavor::psp::format_2025::operations","@pid":9247,"@timestamp":"2026-03-31T20:28:01.388080Z"}
{"@file":"src/psp/format_2025/operations.rs","@level":"debug","@line":37,"@message":"✅ Operations packed: result=1884513487366027579","@module":"flavor::psp::format_2025::operations","@pid":9247,"@timestamp":"2026-03-31T20:28:01.388098Z"}
{"@file":"src/psp/format_2025/operations.rs","@level":"debug","@line":60,"@message":"✅ Operations unpacked: count=8 operations=[59, 121, 226, 60, 8, 35, 39, 26]","@module":"flavor::psp::format_2025::operations","@pid":9247,"@timestamp":"2026-03-31T20:28:01.388116Z"}
{"@file":"src/psp/format_2025/operations.rs","@level":"debug","@line":60,"@message":"✅ Operations unpacked: count=8 operations=[139, 231, 163, 160, 125, 168, 133, 212]","@module":"flavor::psp::format_2025::operations","@pid":9247,"@timestamp":"2026-03-31T20:28:01.388161Z"}
{"@file":"src/psp/format_2025/operations.rs","@level":"debug","@line":37,"@message":"✅ Operations packed: result=15313831365462714251","@module":"flavor::psp::format_2025::operations","@pid":9247,"@timestamp":"2026-03-31T20:28:01.388180Z"}
{"@file":"src/psp/format_2025/operations.rs","@level":"debug","@line":60,"@message":"✅ Operations unpacked: count=8 operations=[139, 231, 163, 160, 125, 168, 133, 212]","@module":"flavor::psp::format_2025::operations","@pid":9247,"@timestamp":"2026-03-31T20:28:01.388198Z"}
{"@file":"src/psp/format_2025/operations.rs","@level":"debug","@line":60,"@message":"✅ Operations unpacked: count=8 operations=[126, 33, 141, 153, 197, 84, 81, 50]","@module":"flavor::psp::format_2025::operations","@pid":9247,"@timestamp":"2026-03-31T20:28:01.388247Z"}
{"@file":"src/psp/format_2025/operations.rs","@level":"debug","@line":37,"@message":"✅ Operations packed: result=3625772382671413630","@module":"flavor::psp::format_2025::operations","@pid":9247,"@timestamp":"2026-03-31T20:28:01.388266Z"}
{"@file":"src/psp/format_2025/operations.rs","@level":"debug","@line":60,"@message":"✅ Operations unpacked: count=8 operations=[126, 33, 141, 153, 197, 84, 81, 50]","@module":"flavor::psp::format_2025::operations","@pid":9247,"@timestamp":"2026-03-31T20:28:01.388284Z"}
{"@file":"src/psp/format_2025/operations.rs","@level":"debug","@line":60,"@message":"✅ Operations unpacked: count=8 operations=[41, 236, 95, 223, 123, 247, 125, 104]","@module":"flavor::psp::format_2025::operations","@pid":9247,"@timestamp":"2026-03-31T20:28:01.388329Z"}
{"@file":"src/psp/format_2025/operations.rs","@level":"debug","@line":37,"@message":"✅ Operations packed: result=7529446263433980969","@module":"flavor::psp::format_2025::operations","@pid":9247,"@timestamp":"2026-03-31T20:28:01.388348Z"}
{"@file":"src/psp/format_2025/operations.rs","@level":"debug","@line":60,"@message":"✅ Operations unpacked: count=8 operations=[41, 236, 95, 223, 123, 247, 125, 104]","@module":"flavor::psp::format_2025::operations","@pid":9247,"@timestamp":"2026-03-31T20:28:01.388364Z"}
{"@file":"src/psp/format_2025/operations.rs","@level":"debug","@line":60,"@message":"✅ Operations unpacked: count=8 operations=[203, 28, 98, 168, 200, 230, 214, 14]","@module":"flavor::psp::format_2025::operations","@pid":9247,"@timestamp":"2026-03-31T20:28:01.388407Z"}
{"@file":"src/psp/format_2025/operations.rs","@level":"debug","@line":37,"@message":"✅ Operations packed: result=1069295711039921355","@module":"flavor::psp::format_2025::operations","@pid":9247,"@timestamp":"2026-03-31T20:28:01.388426Z"}
{"@file":"src/psp/format_2025/operations.rs","@level":"debug","@line":60,"@message":"✅ Operations unpacked: count=8 operations=[203, 28, 98, 168, 200, 230, 214, 14]","@module":"flavor::psp::format_2025::operations","@pid":9247,"@timestamp":"2026-03-31T20:28:01.388443Z"}
{"@file":"src/psp/format_2025/operations.rs","@level":"debug","@line":60,"@message":"✅ Operations unpacked: count=8 operations=[51, 17, 80, 178, 128, 40, 16, 177]","@module":"flavor::psp::format_2025::operations","@pid":9247,"@timestamp":"2026-03-31T20:28:01.388487Z"}
{"@file":"src/psp/format_2025/operations.rs","@level":"debug","@line":37,"@message":"✅ Operations packed: result=12758742277553131827","@module":"flavor::psp::format_2025::operations","@pid":9247,"@timestamp":"2026-03-31T20:28:01.388506Z"}
{"@file":"src/psp/format_2025/operations.rs","@level":"debug","@line":60,"@message":"✅ Operations unpacked: count=8 operations=[51, 17, 80, 178, 128, 40, 16, 177]","@module":"flavor::psp::format_2025::operations","@pid":9247,"@timestamp":"2026-03-31T20:28:01.388522Z"}
{"@file":"src/psp/format_2025/operations.rs","@level":"debug","@line":60,"@message":"✅ Operations unpacked: count=8 operations=[186, 249, 8, 154, 189, 146, 95, 200]","@module":"flavor::psp::format_2025::operations","@pid":9247,"@timestamp":"2026-03-31T20:28:01.388566Z"}
{"@file":"src/psp/format_2025/operations.rs","@level":"debug","@line":37,"@message":"✅ Operations packed: result=14438420273403853242","@module":"flavor::psp::format_2025::operations","@pid":9247,"@timestamp":"2026-03-31T20:28:01.388585Z"}
{"@file":"src/psp/format_2025/operations.rs","@level":"debug","@line":60,"@message":"✅ Operations unpacked: count=8 operations=[186, 249, 8, 154, 189, 146, 95, 200]","@module":"flavor::psp::format_2025::operations","@pid":9247,"@timestamp":"2026-03-31T20:28:01.388603Z"}
{"@file":"src/psp/format_2025/operations.rs","@level":"debug","@line":60,"@message":"✅ Operations unpacked: count=8 operations=[116, 19, 161, 155, 83, 98, 49, 255]","@module":"flavor::psp::format_2025::operations","@pid":9247,"@timestamp":"2026-03-31T20:28:01.388674Z"}
{"@file":"src/psp/format_2025/operations.rs","@level":"debug","@line":37,"@message":"✅ Operations packed: result=18388586864763278196","@module":"flavor::psp::format_2025::operations","@pid":9247,"@timestamp":"2026-03-31T20:28:01.388708Z"}
{"@file":"src/psp/format_2025/operations.rs","@level":"debug","@line":60,"@message":"✅ Operations unpacked: count=8 operations=[116, 19, 161, 155, 83, 98, 49, 255]","@module":"flavor::psp::format_2025::operations","@pid":9247,"@timestamp":"2026-03-31T20:28:01.388729Z"}
{"@file":"src/psp/format_2025/operations.rs","@level":"debug","@line":60,"@message":"✅ Operations unpacked: count=8 operations=[244, 206, 215, 42, 242, 133, 184, 185]","@module":"flavor::psp::format_2025::operations","@pid":9247,"@timestamp":"2026-03-31T20:28:01.388778Z"}
{"@file":"src/psp/format_2025/operations.rs","@level":"debug","@line":37,"@message":"✅ Operations packed: result=13382593567878794996","@module":"flavor::psp::format_2025::operations","@pid":9247,"@timestamp":"2026-03-31T20:28:01.388798Z"}
{"@file":"src/psp/format_2025/operations.rs","@level":"debug","@line":60,"@message":"✅ Operations unpacked: count=8 operations=[244, 206, 215, 42, 242, 133, 184, 185]","@module":"flavor::psp::format_2025::operations","@pid":9247,"@timestamp":"2026-03-31T20:28:01.388817Z"}
test psp::format_2025::operations::tests::prop_unpack_pack_idempotent ... ok

test result: ok. 109 passed; 0 failed; 0 ignored; 0 measured; 0 filtered out; finished in 0.04s

     Running `/private/var/folders/sg/wy47gw996f78fznt898m8x540000gn/T/cargo-mutants-flavor-rs-AJnnRY.tmp/target/debug/deps/flavor_rs_builder-8b703e7e9be23f48`

running 0 tests

test result: ok. 0 passed; 0 failed; 0 ignored; 0 measured; 0 filtered out; finished in 0.00s

     Running `/private/var/folders/sg/wy47gw996f78fznt898m8x540000gn/T/cargo-mutants-flavor-rs-AJnnRY.tmp/target/debug/deps/flavor_rs_launcher-30d5c8f9cc0f7e8a`

running 0 tests

test result: ok. 0 passed; 0 failed; 0 ignored; 0 measured; 0 filtered out; finished in 0.00s

   Doc-tests flavor
     Running `/Users/tim/.rustup/toolchains/stable-aarch64-apple-darwin/bin/rustdoc --edition=2024 --crate-type lib --color auto --crate-name flavor --test src/lib.rs --test-run-directory /private/var/folders/sg/wy47gw996f78fznt898m8x540000gn/T/cargo-mutants-flavor-rs-AJnnRY.tmp --extern adler2=/private/var/folders/sg/wy47gw996f78fznt898m8x540000gn/T/cargo-mutants-flavor-rs-AJnnRY.tmp/target/debug/deps/libadler2-1237be17f08066aa.rlib --extern anyhow=/private/var/folders/sg/wy47gw996f78fznt898m8x540000gn/T/cargo-mutants-flavor-rs-AJnnRY.tmp/target/debug/deps/libanyhow-d9b6d410a1361442.rlib --extern chrono=/private/var/folders/sg/wy47gw996f78fznt898m8x540000gn/T/cargo-mutants-flavor-rs-AJnnRY.tmp/target/debug/deps/libchrono-b7affcfd136ee226.rlib --extern clap=/private/var/folders/sg/wy47gw996f78fznt898m8x540000gn/T/cargo-mutants-flavor-rs-AJnnRY.tmp/target/debug/deps/libclap-c2746911242c53dc.rlib --extern ed25519_dalek=/private/var/folders/sg/wy47gw996f78fznt898m8x540000gn/T/cargo-mutants-flavor-rs-AJnnRY.tmp/target/debug/deps/libed25519_dalek-42293ea3dc57f31c.rlib --extern env_logger=/private/var/folders/sg/wy47gw996f78fznt898m8x540000gn/T/cargo-mutants-flavor-rs-AJnnRY.tmp/target/debug/deps/libenv_logger-75173f29843c9a52.rlib --extern flate2=/private/var/folders/sg/wy47gw996f78fznt898m8x540000gn/T/cargo-mutants-flavor-rs-AJnnRY.tmp/target/debug/deps/libflate2-96cd3d855b9115ec.rlib --extern flavor=/private/var/folders/sg/wy47gw996f78fznt898m8x540000gn/T/cargo-mutants-flavor-rs-AJnnRY.tmp/target/debug/deps/libflavor-88d82f8937f7a117.rlib --extern fs2=/private/var/folders/sg/wy47gw996f78fznt898m8x540000gn/T/cargo-mutants-flavor-rs-AJnnRY.tmp/target/debug/deps/libfs2-71900ee401453af8.rlib --extern gethostname=/private/var/folders/sg/wy47gw996f78fznt898m8x540000gn/T/cargo-mutants-flavor-rs-AJnnRY.tmp/target/debug/deps/libgethostname-e6576ba3912663df.rlib --extern glob=/private/var/folders/sg/wy47gw996f78fznt898m8x540000gn/T/cargo-mutants-flavor-rs-AJnnRY.tmp/target/debug/deps/libglob-56daeb017c976e69.rlib --extern hex=/private/var/folders/sg/wy47gw996f78fznt898m8x540000gn/T/cargo-mutants-flavor-rs-AJnnRY.tmp/target/debug/deps/libhex-6a16846156d7c862.rlib --extern libc=/private/var/folders/sg/wy47gw996f78fznt898m8x540000gn/T/cargo-mutants-flavor-rs-AJnnRY.tmp/target/debug/deps/liblibc-26979bb06dae4666.rlib --extern log=/private/var/folders/sg/wy47gw996f78fznt898m8x540000gn/T/cargo-mutants-flavor-rs-AJnnRY.tmp/target/debug/deps/liblog-8a7d20b8c005bc83.rlib --extern memmap2=/private/var/folders/sg/wy47gw996f78fznt898m8x540000gn/T/cargo-mutants-flavor-rs-AJnnRY.tmp/target/debug/deps/libmemmap2-413e3a480d8f5878.rlib --extern pem=/private/var/folders/sg/wy47gw996f78fznt898m8x540000gn/T/cargo-mutants-flavor-rs-AJnnRY.tmp/target/debug/deps/libpem-baee24606d736ef7.rlib --extern proptest=/private/var/folders/sg/wy47gw996f78fznt898m8x540000gn/T/cargo-mutants-flavor-rs-AJnnRY.tmp/target/debug/deps/libproptest-387450d3dcbd40ff.rlib --extern rand=/private/var/folders/sg/wy47gw996f78fznt898m8x540000gn/T/cargo-mutants-flavor-rs-AJnnRY.tmp/target/debug/deps/librand-a25bcd883a2e2285.rlib --extern serde=/private/var/folders/sg/wy47gw996f78fznt898m8x540000gn/T/cargo-mutants-flavor-rs-AJnnRY.tmp/target/debug/deps/libserde-02be1dd65d3ef57a.rlib --extern serde_json=/private/var/folders/sg/wy47gw996f78fznt898m8x540000gn/T/cargo-mutants-flavor-rs-AJnnRY.tmp/target/debug/deps/libserde_json-469eaea1fff499db.rlib --extern sha2=/private/var/folders/sg/wy47gw996f78fznt898m8x540000gn/T/cargo-mutants-flavor-rs-AJnnRY.tmp/target/debug/deps/libsha2-28b9a530c85e9fef.rlib --extern signal_hook=/private/var/folders/sg/wy47gw996f78fznt898m8x540000gn/T/cargo-mutants-flavor-rs-AJnnRY.tmp/target/debug/deps/libsignal_hook-0a34b12e866764fc.rlib --extern tar=/private/var/folders/sg/wy47gw996f78fznt898m8x540000gn/T/cargo-mutants-flavor-rs-AJnnRY.tmp/target/debug/deps/libtar-9468371f38505d5a.rlib --extern tempfile=/private/var/folders/sg/wy47gw996f78fznt898m8x540000gn/T/cargo-mutants-flavor-rs-AJnnRY.tmp/target/debug/deps/libtempfile-f67b0e214d8dd2e3.rlib --extern which=/private/var/folders/sg/wy47gw996f78fznt898m8x540000gn/T/cargo-mutants-flavor-rs-AJnnRY.tmp/target/debug/deps/libwhich-a2a3c9536beaf592.rlib -L dependency=/private/var/folders/sg/wy47gw996f78fznt898m8x540000gn/T/cargo-mutants-flavor-rs-AJnnRY.tmp/target/debug/deps -C embed-bitcode=no --cfg 'feature="default"' --check-cfg 'cfg(docsrs,test)' --check-cfg 'cfg(feature, values("default"))' --error-format human`

running 0 tests

test result: ok. 0 passed; 0 failed; 0 ignored; 0 measured; 0 filtered out; finished in 0.00s


*** result: Success
