
*** src/psp/format_2025/backends.rs:473:30: replace > with < in create_backend

*** mutation diff:
--- src/psp/format_2025/backends.rs
+++ replace > with < in create_backend
@@ -465,17 +465,17 @@
 
     if mode == ACCESS_AUTO {
         // Auto-select based on file size and platform
         if let Some(p) = path {
             if let Ok(metadata) = std::fs::metadata(p) {
                 let file_size = metadata.len();
 
                 // Use streaming for very large files (>100MB)
-                if file_size > 100 * 1024 * 1024 {
+                if file_size < /* ~ changed by cargo-mutants ~ */ 100 * 1024 * 1024 {
                     mode = ACCESS_STREAM;
                 // Use mmap for files over 1MB
                 } else if file_size > 1024 * 1024 {
                     mode = ACCESS_MMAP;
                 } else {
                     mode = ACCESS_FILE;
                 }
             } else {


*** /Users/tim/.rustup/toolchains/stable-aarch64-apple-darwin/bin/cargo test --no-run --verbose --package=flavor@0.3.21 --all-features
       Fresh cfg-if v1.0.4
       Fresh bitflags v2.11.0
       Fresh version_check v0.9.5
       Fresh unicode-ident v1.0.24
       Fresh memchr v2.8.0
       Fresh regex-syntax v0.8.10
       Fresh utf8parse v0.2.2
       Fresh semver v1.0.27
       Fresh autocfg v1.5.0
       Fresh anstyle-query v1.1.5
       Fresh is_terminal_polyfill v1.70.2
       Fresh anstyle v1.0.14
       Fresh colorchoice v1.0.5
       Fresh once_cell v1.21.4
       Fresh fastrand v2.3.0
       Fresh libc v0.2.183
       Fresh anstyle-parse v1.0.0
       Fresh aho-corasick v1.1.4
       Fresh rustc_version v0.4.1
       Fresh subtle v2.6.1
       Fresh strsim v0.11.1
       Fresh adler2 v2.0.1
       Fresh heck v0.5.0
       Fresh clap_lex v1.1.0
       Fresh simd-adler32 v0.3.9
       Fresh errno v0.3.14
       Fresh typenum v1.19.0
       Fresh proc-macro2 v1.0.106
       Fresh zerocopy v0.8.48
       Fresh getrandom v0.3.4
       Fresh getrandom v0.4.2
       Fresh regex-automata v0.4.14
       Fresh getrandom v0.2.17
       Fresh anstream v1.0.0
       Fresh cpufeatures v0.2.17
       Fresh serde_core v1.0.228
       Fresh core-foundation-sys v0.8.7
       Fresh signature v2.2.0
       Fresh log v0.4.29
       Fresh zeroize v1.8.2
       Fresh wait-timeout v0.2.1
       Fresh miniz_oxide v0.8.9
       Fresh generic-array v0.14.7
       Fresh rustix v1.1.4
       Fresh quote v1.0.45
       Fresh ppv-lite86 v0.2.21
       Fresh rand_core v0.9.5
       Fresh regex v1.12.3
       Fresh num-traits v0.2.19
       Fresh rand_core v0.6.4
       Fresh rustix v0.38.44
       Fresh zmij v1.0.21
       Fresh crc32fast v1.5.0
       Fresh signal-hook-registry v1.4.8
       Fresh ed25519 v2.2.3
       Fresh iana-time-zone v0.1.65
       Fresh clap_builder v4.6.0
       Fresh filetime v0.2.27
       Fresh base64 v0.22.1
       Fresh quick-error v1.2.3
       Fresh fnv v1.0.7
       Fresh jiff v0.2.23
       Fresh syn v2.0.117
       Fresh crypto-common v0.1.7
       Fresh block-buffer v0.10.4
       Fresh tempfile v3.27.0
       Fresh xattr v1.6.1
       Fresh rand_chacha v0.3.1
       Fresh env_filter v1.0.1
       Fresh either v1.15.0
       Fresh bit-vec v0.8.0
       Fresh itoa v1.0.18
       Fresh home v0.5.11
       Fresh rand_xorshift v0.4.0
       Dirty flavor v0.3.21 (/private/var/folders/sg/wy47gw996f78fznt898m8x540000gn/T/cargo-mutants-flavor-rs-AJnnRY.tmp): the file `../../VERSION` is missing
   Compiling flavor v0.3.21 (/private/var/folders/sg/wy47gw996f78fznt898m8x540000gn/T/cargo-mutants-flavor-rs-AJnnRY.tmp)
       Fresh pem v3.0.6
       Fresh rand v0.9.2
       Fresh rand_chacha v0.9.0
       Fresh chrono v0.4.44
       Fresh signal-hook v0.3.18
       Fresh flate2 v1.1.9
       Fresh gethostname v0.5.0
       Fresh anyhow v1.0.102
       Fresh fs2 v0.4.3
       Fresh memmap2 v0.9.10
       Fresh unarray v0.1.4
       Fresh glob v0.3.3
     Running `/private/var/folders/sg/wy47gw996f78fznt898m8x540000gn/T/cargo-mutants-flavor-rs-AJnnRY.tmp/target/debug/build/flavor-d6cea4267b429fe1/build-script-build`
       Fresh digest v0.10.7
       Fresh clap_derive v4.6.0
       Fresh serde_derive v1.0.228
       Fresh serde_json v1.0.149
       Fresh rand v0.8.5
       Fresh env_logger v0.11.10
       Fresh rusty-fork v0.3.1
       Fresh tar v0.4.45
       Fresh which v6.0.3
       Fresh bit-set v0.8.0
       Fresh hex v0.4.3
       Fresh curve25519-dalek v4.1.3
       Fresh sha2 v0.10.9
       Fresh serde v1.0.228
       Fresh clap v4.6.0
       Fresh proptest v1.11.0
       Fresh ed25519-dalek v2.2.0
     Running `/Users/tim/.rustup/toolchains/stable-aarch64-apple-darwin/bin/rustc --crate-name flavor --edition=2024 src/lib.rs --error-format=json --json=diagnostic-rendered-ansi,artifacts,future-incompat --emit=dep-info,link -C embed-bitcode=no -C debuginfo=2 -C split-debuginfo=unpacked --test --cfg 'feature="default"' --check-cfg 'cfg(docsrs,test)' --check-cfg 'cfg(feature, values("default"))' -C metadata=b72348e8a9d7df2e -C extra-filename=-19035fd48ff337ba --out-dir /private/var/folders/sg/wy47gw996f78fznt898m8x540000gn/T/cargo-mutants-flavor-rs-AJnnRY.tmp/target/debug/deps -C incremental=/private/var/folders/sg/wy47gw996f78fznt898m8x540000gn/T/cargo-mutants-flavor-rs-AJnnRY.tmp/target/debug/incremental -L dependency=/private/var/folders/sg/wy47gw996f78fznt898m8x540000gn/T/cargo-mutants-flavor-rs-AJnnRY.tmp/target/debug/deps --extern adler2=/private/var/folders/sg/wy47gw996f78fznt898m8x540000gn/T/cargo-mutants-flavor-rs-AJnnRY.tmp/target/debug/deps/libadler2-1237be17f08066aa.rlib --extern anyhow=/private/var/folders/sg/wy47gw996f78fznt898m8x540000gn/T/cargo-mutants-flavor-rs-AJnnRY.tmp/target/debug/deps/libanyhow-d9b6d410a1361442.rlib --extern chrono=/private/var/folders/sg/wy47gw996f78fznt898m8x540000gn/T/cargo-mutants-flavor-rs-AJnnRY.tmp/target/debug/deps/libchrono-b7affcfd136ee226.rlib --extern clap=/private/var/folders/sg/wy47gw996f78fznt898m8x540000gn/T/cargo-mutants-flavor-rs-AJnnRY.tmp/target/debug/deps/libclap-c2746911242c53dc.rlib --extern ed25519_dalek=/private/var/folders/sg/wy47gw996f78fznt898m8x540000gn/T/cargo-mutants-flavor-rs-AJnnRY.tmp/target/debug/deps/libed25519_dalek-42293ea3dc57f31c.rlib --extern env_logger=/private/var/folders/sg/wy47gw996f78fznt898m8x540000gn/T/cargo-mutants-flavor-rs-AJnnRY.tmp/target/debug/deps/libenv_logger-75173f29843c9a52.rlib --extern flate2=/private/var/folders/sg/wy47gw996f78fznt898m8x540000gn/T/cargo-mutants-flavor-rs-AJnnRY.tmp/target/debug/deps/libflate2-96cd3d855b9115ec.rlib --extern fs2=/private/var/folders/sg/wy47gw996f78fznt898m8x540000gn/T/cargo-mutants-flavor-rs-AJnnRY.tmp/target/debug/deps/libfs2-71900ee401453af8.rlib --extern gethostname=/private/var/folders/sg/wy47gw996f78fznt898m8x540000gn/T/cargo-mutants-flavor-rs-AJnnRY.tmp/target/debug/deps/libgethostname-e6576ba3912663df.rlib --extern glob=/private/var/folders/sg/wy47gw996f78fznt898m8x540000gn/T/cargo-mutants-flavor-rs-AJnnRY.tmp/target/debug/deps/libglob-56daeb017c976e69.rlib --extern hex=/private/var/folders/sg/wy47gw996f78fznt898m8x540000gn/T/cargo-mutants-flavor-rs-AJnnRY.tmp/target/debug/deps/libhex-6a16846156d7c862.rlib --extern libc=/private/var/folders/sg/wy47gw996f78fznt898m8x540000gn/T/cargo-mutants-flavor-rs-AJnnRY.tmp/target/debug/deps/liblibc-26979bb06dae4666.rlib --extern log=/private/var/folders/sg/wy47gw996f78fznt898m8x540000gn/T/cargo-mutants-flavor-rs-AJnnRY.tmp/target/debug/deps/liblog-8a7d20b8c005bc83.rlib --extern memmap2=/private/var/folders/sg/wy47gw996f78fznt898m8x540000gn/T/cargo-mutants-flavor-rs-AJnnRY.tmp/target/debug/deps/libmemmap2-413e3a480d8f5878.rlib --extern pem=/private/var/folders/sg/wy47gw996f78fznt898m8x540000gn/T/cargo-mutants-flavor-rs-AJnnRY.tmp/target/debug/deps/libpem-baee24606d736ef7.rlib --extern proptest=/private/var/folders/sg/wy47gw996f78fznt898m8x540000gn/T/cargo-mutants-flavor-rs-AJnnRY.tmp/target/debug/deps/libproptest-387450d3dcbd40ff.rlib --extern rand=/private/var/folders/sg/wy47gw996f78fznt898m8x540000gn/T/cargo-mutants-flavor-rs-AJnnRY.tmp/target/debug/deps/librand-a25bcd883a2e2285.rlib --extern serde=/private/var/folders/sg/wy47gw996f78fznt898m8x540000gn/T/cargo-mutants-flavor-rs-AJnnRY.tmp/target/debug/deps/libserde-02be1dd65d3ef57a.rlib --extern serde_json=/private/var/folders/sg/wy47gw996f78fznt898m8x540000gn/T/cargo-mutants-flavor-rs-AJnnRY.tmp/target/debug/deps/libserde_json-469eaea1fff499db.rlib --extern sha2=/private/var/folders/sg/wy47gw996f78fznt898m8x540000gn/T/cargo-mutants-flavor-rs-AJnnRY.tmp/target/debug/deps/libsha2-28b9a530c85e9fef.rlib --extern signal_hook=/private/var/folders/sg/wy47gw996f78fznt898m8x540000gn/T/cargo-mutants-flavor-rs-AJnnRY.tmp/target/debug/deps/libsignal_hook-0a34b12e866764fc.rlib --extern tar=/private/var/folders/sg/wy47gw996f78fznt898m8x540000gn/T/cargo-mutants-flavor-rs-AJnnRY.tmp/target/debug/deps/libtar-9468371f38505d5a.rlib --extern tempfile=/private/var/folders/sg/wy47gw996f78fznt898m8x540000gn/T/cargo-mutants-flavor-rs-AJnnRY.tmp/target/debug/deps/libtempfile-f67b0e214d8dd2e3.rlib --extern which=/private/var/folders/sg/wy47gw996f78fznt898m8x540000gn/T/cargo-mutants-flavor-rs-AJnnRY.tmp/target/debug/deps/libwhich-a2a3c9536beaf592.rlib`
     Running `/Users/tim/.rustup/toolchains/stable-aarch64-apple-darwin/bin/rustc --crate-name flavor --edition=2024 src/lib.rs --error-format=json --json=diagnostic-rendered-ansi,artifacts,future-incompat --crate-type lib --emit=dep-info,metadata,link -C embed-bitcode=no -C debuginfo=2 -C split-debuginfo=unpacked --cfg 'feature="default"' --check-cfg 'cfg(docsrs,test)' --check-cfg 'cfg(feature, values("default"))' -C metadata=638a3856e0fcd0df -C extra-filename=-88d82f8937f7a117 --out-dir /private/var/folders/sg/wy47gw996f78fznt898m8x540000gn/T/cargo-mutants-flavor-rs-AJnnRY.tmp/target/debug/deps -C incremental=/private/var/folders/sg/wy47gw996f78fznt898m8x540000gn/T/cargo-mutants-flavor-rs-AJnnRY.tmp/target/debug/incremental -L dependency=/private/var/folders/sg/wy47gw996f78fznt898m8x540000gn/T/cargo-mutants-flavor-rs-AJnnRY.tmp/target/debug/deps --extern adler2=/private/var/folders/sg/wy47gw996f78fznt898m8x540000gn/T/cargo-mutants-flavor-rs-AJnnRY.tmp/target/debug/deps/libadler2-1237be17f08066aa.rmeta --extern anyhow=/private/var/folders/sg/wy47gw996f78fznt898m8x540000gn/T/cargo-mutants-flavor-rs-AJnnRY.tmp/target/debug/deps/libanyhow-d9b6d410a1361442.rmeta --extern chrono=/private/var/folders/sg/wy47gw996f78fznt898m8x540000gn/T/cargo-mutants-flavor-rs-AJnnRY.tmp/target/debug/deps/libchrono-b7affcfd136ee226.rmeta --extern clap=/private/var/folders/sg/wy47gw996f78fznt898m8x540000gn/T/cargo-mutants-flavor-rs-AJnnRY.tmp/target/debug/deps/libclap-c2746911242c53dc.rmeta --extern ed25519_dalek=/private/var/folders/sg/wy47gw996f78fznt898m8x540000gn/T/cargo-mutants-flavor-rs-AJnnRY.tmp/target/debug/deps/libed25519_dalek-42293ea3dc57f31c.rmeta --extern env_logger=/private/var/folders/sg/wy47gw996f78fznt898m8x540000gn/T/cargo-mutants-flavor-rs-AJnnRY.tmp/target/debug/deps/libenv_logger-75173f29843c9a52.rmeta --extern flate2=/private/var/folders/sg/wy47gw996f78fznt898m8x540000gn/T/cargo-mutants-flavor-rs-AJnnRY.tmp/target/debug/deps/libflate2-96cd3d855b9115ec.rmeta --extern fs2=/private/var/folders/sg/wy47gw996f78fznt898m8x540000gn/T/cargo-mutants-flavor-rs-AJnnRY.tmp/target/debug/deps/libfs2-71900ee401453af8.rmeta --extern gethostname=/private/var/folders/sg/wy47gw996f78fznt898m8x540000gn/T/cargo-mutants-flavor-rs-AJnnRY.tmp/target/debug/deps/libgethostname-e6576ba3912663df.rmeta --extern glob=/private/var/folders/sg/wy47gw996f78fznt898m8x540000gn/T/cargo-mutants-flavor-rs-AJnnRY.tmp/target/debug/deps/libglob-56daeb017c976e69.rmeta --extern hex=/private/var/folders/sg/wy47gw996f78fznt898m8x540000gn/T/cargo-mutants-flavor-rs-AJnnRY.tmp/target/debug/deps/libhex-6a16846156d7c862.rmeta --extern libc=/private/var/folders/sg/wy47gw996f78fznt898m8x540000gn/T/cargo-mutants-flavor-rs-AJnnRY.tmp/target/debug/deps/liblibc-26979bb06dae4666.rmeta --extern log=/private/var/folders/sg/wy47gw996f78fznt898m8x540000gn/T/cargo-mutants-flavor-rs-AJnnRY.tmp/target/debug/deps/liblog-8a7d20b8c005bc83.rmeta --extern memmap2=/private/var/folders/sg/wy47gw996f78fznt898m8x540000gn/T/cargo-mutants-flavor-rs-AJnnRY.tmp/target/debug/deps/libmemmap2-413e3a480d8f5878.rmeta --extern pem=/private/var/folders/sg/wy47gw996f78fznt898m8x540000gn/T/cargo-mutants-flavor-rs-AJnnRY.tmp/target/debug/deps/libpem-baee24606d736ef7.rmeta --extern rand=/private/var/folders/sg/wy47gw996f78fznt898m8x540000gn/T/cargo-mutants-flavor-rs-AJnnRY.tmp/target/debug/deps/librand-a25bcd883a2e2285.rmeta --extern serde=/private/var/folders/sg/wy47gw996f78fznt898m8x540000gn/T/cargo-mutants-flavor-rs-AJnnRY.tmp/target/debug/deps/libserde-02be1dd65d3ef57a.rmeta --extern serde_json=/private/var/folders/sg/wy47gw996f78fznt898m8x540000gn/T/cargo-mutants-flavor-rs-AJnnRY.tmp/target/debug/deps/libserde_json-469eaea1fff499db.rmeta --extern sha2=/private/var/folders/sg/wy47gw996f78fznt898m8x540000gn/T/cargo-mutants-flavor-rs-AJnnRY.tmp/target/debug/deps/libsha2-28b9a530c85e9fef.rmeta --extern signal_hook=/private/var/folders/sg/wy47gw996f78fznt898m8x540000gn/T/cargo-mutants-flavor-rs-AJnnRY.tmp/target/debug/deps/libsignal_hook-0a34b12e866764fc.rmeta --extern tar=/private/var/folders/sg/wy47gw996f78fznt898m8x540000gn/T/cargo-mutants-flavor-rs-AJnnRY.tmp/target/debug/deps/libtar-9468371f38505d5a.rmeta --extern tempfile=/private/var/folders/sg/wy47gw996f78fznt898m8x540000gn/T/cargo-mutants-flavor-rs-AJnnRY.tmp/target/debug/deps/libtempfile-f67b0e214d8dd2e3.rmeta --extern which=/private/var/folders/sg/wy47gw996f78fznt898m8x540000gn/T/cargo-mutants-flavor-rs-AJnnRY.tmp/target/debug/deps/libwhich-a2a3c9536beaf592.rmeta`
     Running `/Users/tim/.rustup/toolchains/stable-aarch64-apple-darwin/bin/rustc --crate-name flavor_rs_builder --edition=2024 src/bin/flavor-rs-builder.rs --error-format=json --json=diagnostic-rendered-ansi,artifacts,future-incompat --emit=dep-info,link -C embed-bitcode=no -C debuginfo=2 -C split-debuginfo=unpacked --test --cfg 'feature="default"' --check-cfg 'cfg(docsrs,test)' --check-cfg 'cfg(feature, values("default"))' -C metadata=069fa1d69c2b4683 -C extra-filename=-8b703e7e9be23f48 --out-dir /private/var/folders/sg/wy47gw996f78fznt898m8x540000gn/T/cargo-mutants-flavor-rs-AJnnRY.tmp/target/debug/deps -C incremental=/private/var/folders/sg/wy47gw996f78fznt898m8x540000gn/T/cargo-mutants-flavor-rs-AJnnRY.tmp/target/debug/incremental -L dependency=/private/var/folders/sg/wy47gw996f78fznt898m8x540000gn/T/cargo-mutants-flavor-rs-AJnnRY.tmp/target/debug/deps --extern adler2=/private/var/folders/sg/wy47gw996f78fznt898m8x540000gn/T/cargo-mutants-flavor-rs-AJnnRY.tmp/target/debug/deps/libadler2-1237be17f08066aa.rlib --extern anyhow=/private/var/folders/sg/wy47gw996f78fznt898m8x540000gn/T/cargo-mutants-flavor-rs-AJnnRY.tmp/target/debug/deps/libanyhow-d9b6d410a1361442.rlib --extern chrono=/private/var/folders/sg/wy47gw996f78fznt898m8x540000gn/T/cargo-mutants-flavor-rs-AJnnRY.tmp/target/debug/deps/libchrono-b7affcfd136ee226.rlib --extern clap=/private/var/folders/sg/wy47gw996f78fznt898m8x540000gn/T/cargo-mutants-flavor-rs-AJnnRY.tmp/target/debug/deps/libclap-c2746911242c53dc.rlib --extern ed25519_dalek=/private/var/folders/sg/wy47gw996f78fznt898m8x540000gn/T/cargo-mutants-flavor-rs-AJnnRY.tmp/target/debug/deps/libed25519_dalek-42293ea3dc57f31c.rlib --extern env_logger=/private/var/folders/sg/wy47gw996f78fznt898m8x540000gn/T/cargo-mutants-flavor-rs-AJnnRY.tmp/target/debug/deps/libenv_logger-75173f29843c9a52.rlib --extern flate2=/private/var/folders/sg/wy47gw996f78fznt898m8x540000gn/T/cargo-mutants-flavor-rs-AJnnRY.tmp/target/debug/deps/libflate2-96cd3d855b9115ec.rlib --extern flavor=/private/var/folders/sg/wy47gw996f78fznt898m8x540000gn/T/cargo-mutants-flavor-rs-AJnnRY.tmp/target/debug/deps/libflavor-88d82f8937f7a117.rlib --extern fs2=/private/var/folders/sg/wy47gw996f78fznt898m8x540000gn/T/cargo-mutants-flavor-rs-AJnnRY.tmp/target/debug/deps/libfs2-71900ee401453af8.rlib --extern gethostname=/private/var/folders/sg/wy47gw996f78fznt898m8x540000gn/T/cargo-mutants-flavor-rs-AJnnRY.tmp/target/debug/deps/libgethostname-e6576ba3912663df.rlib --extern glob=/private/var/folders/sg/wy47gw996f78fznt898m8x540000gn/T/cargo-mutants-flavor-rs-AJnnRY.tmp/target/debug/deps/libglob-56daeb017c976e69.rlib --extern hex=/private/var/folders/sg/wy47gw996f78fznt898m8x540000gn/T/cargo-mutants-flavor-rs-AJnnRY.tmp/target/debug/deps/libhex-6a16846156d7c862.rlib --extern libc=/private/var/folders/sg/wy47gw996f78fznt898m8x540000gn/T/cargo-mutants-flavor-rs-AJnnRY.tmp/target/debug/deps/liblibc-26979bb06dae4666.rlib --extern log=/private/var/folders/sg/wy47gw996f78fznt898m8x540000gn/T/cargo-mutants-flavor-rs-AJnnRY.tmp/target/debug/deps/liblog-8a7d20b8c005bc83.rlib --extern memmap2=/private/var/folders/sg/wy47gw996f78fznt898m8x540000gn/T/cargo-mutants-flavor-rs-AJnnRY.tmp/target/debug/deps/libmemmap2-413e3a480d8f5878.rlib --extern pem=/private/var/folders/sg/wy47gw996f78fznt898m8x540000gn/T/cargo-mutants-flavor-rs-AJnnRY.tmp/target/debug/deps/libpem-baee24606d736ef7.rlib --extern proptest=/private/var/folders/sg/wy47gw996f78fznt898m8x540000gn/T/cargo-mutants-flavor-rs-AJnnRY.tmp/target/debug/deps/libproptest-387450d3dcbd40ff.rlib --extern rand=/private/var/folders/sg/wy47gw996f78fznt898m8x540000gn/T/cargo-mutants-flavor-rs-AJnnRY.tmp/target/debug/deps/librand-a25bcd883a2e2285.rlib --extern serde=/private/var/folders/sg/wy47gw996f78fznt898m8x540000gn/T/cargo-mutants-flavor-rs-AJnnRY.tmp/target/debug/deps/libserde-02be1dd65d3ef57a.rlib --extern serde_json=/private/var/folders/sg/wy47gw996f78fznt898m8x540000gn/T/cargo-mutants-flavor-rs-AJnnRY.tmp/target/debug/deps/libserde_json-469eaea1fff499db.rlib --extern sha2=/private/var/folders/sg/wy47gw996f78fznt898m8x540000gn/T/cargo-mutants-flavor-rs-AJnnRY.tmp/target/debug/deps/libsha2-28b9a530c85e9fef.rlib --extern signal_hook=/private/var/folders/sg/wy47gw996f78fznt898m8x540000gn/T/cargo-mutants-flavor-rs-AJnnRY.tmp/target/debug/deps/libsignal_hook-0a34b12e866764fc.rlib --extern tar=/private/var/folders/sg/wy47gw996f78fznt898m8x540000gn/T/cargo-mutants-flavor-rs-AJnnRY.tmp/target/debug/deps/libtar-9468371f38505d5a.rlib --extern tempfile=/private/var/folders/sg/wy47gw996f78fznt898m8x540000gn/T/cargo-mutants-flavor-rs-AJnnRY.tmp/target/debug/deps/libtempfile-f67b0e214d8dd2e3.rlib --extern which=/private/var/folders/sg/wy47gw996f78fznt898m8x540000gn/T/cargo-mutants-flavor-rs-AJnnRY.tmp/target/debug/deps/libwhich-a2a3c9536beaf592.rlib`
     Running `/Users/tim/.rustup/toolchains/stable-aarch64-apple-darwin/bin/rustc --crate-name flavor_rs_launcher --edition=2024 src/bin/flavor-rs-launcher.rs --error-format=json --json=diagnostic-rendered-ansi,artifacts,future-incompat --emit=dep-info,link -C embed-bitcode=no -C debuginfo=2 -C split-debuginfo=unpacked --test --cfg 'feature="default"' --check-cfg 'cfg(docsrs,test)' --check-cfg 'cfg(feature, values("default"))' -C metadata=1e86bd574fcae1c3 -C extra-filename=-30d5c8f9cc0f7e8a --out-dir /private/var/folders/sg/wy47gw996f78fznt898m8x540000gn/T/cargo-mutants-flavor-rs-AJnnRY.tmp/target/debug/deps -C incremental=/private/var/folders/sg/wy47gw996f78fznt898m8x540000gn/T/cargo-mutants-flavor-rs-AJnnRY.tmp/target/debug/incremental -L dependency=/private/var/folders/sg/wy47gw996f78fznt898m8x540000gn/T/cargo-mutants-flavor-rs-AJnnRY.tmp/target/debug/deps --extern adler2=/private/var/folders/sg/wy47gw996f78fznt898m8x540000gn/T/cargo-mutants-flavor-rs-AJnnRY.tmp/target/debug/deps/libadler2-1237be17f08066aa.rlib --extern anyhow=/private/var/folders/sg/wy47gw996f78fznt898m8x540000gn/T/cargo-mutants-flavor-rs-AJnnRY.tmp/target/debug/deps/libanyhow-d9b6d410a1361442.rlib --extern chrono=/private/var/folders/sg/wy47gw996f78fznt898m8x540000gn/T/cargo-mutants-flavor-rs-AJnnRY.tmp/target/debug/deps/libchrono-b7affcfd136ee226.rlib --extern clap=/private/var/folders/sg/wy47gw996f78fznt898m8x540000gn/T/cargo-mutants-flavor-rs-AJnnRY.tmp/target/debug/deps/libclap-c2746911242c53dc.rlib --extern ed25519_dalek=/private/var/folders/sg/wy47gw996f78fznt898m8x540000gn/T/cargo-mutants-flavor-rs-AJnnRY.tmp/target/debug/deps/libed25519_dalek-42293ea3dc57f31c.rlib --extern env_logger=/private/var/folders/sg/wy47gw996f78fznt898m8x540000gn/T/cargo-mutants-flavor-rs-AJnnRY.tmp/target/debug/deps/libenv_logger-75173f29843c9a52.rlib --extern flate2=/private/var/folders/sg/wy47gw996f78fznt898m8x540000gn/T/cargo-mutants-flavor-rs-AJnnRY.tmp/target/debug/deps/libflate2-96cd3d855b9115ec.rlib --extern flavor=/private/var/folders/sg/wy47gw996f78fznt898m8x540000gn/T/cargo-mutants-flavor-rs-AJnnRY.tmp/target/debug/deps/libflavor-88d82f8937f7a117.rlib --extern fs2=/private/var/folders/sg/wy47gw996f78fznt898m8x540000gn/T/cargo-mutants-flavor-rs-AJnnRY.tmp/target/debug/deps/libfs2-71900ee401453af8.rlib --extern gethostname=/private/var/folders/sg/wy47gw996f78fznt898m8x540000gn/T/cargo-mutants-flavor-rs-AJnnRY.tmp/target/debug/deps/libgethostname-e6576ba3912663df.rlib --extern glob=/private/var/folders/sg/wy47gw996f78fznt898m8x540000gn/T/cargo-mutants-flavor-rs-AJnnRY.tmp/target/debug/deps/libglob-56daeb017c976e69.rlib --extern hex=/private/var/folders/sg/wy47gw996f78fznt898m8x540000gn/T/cargo-mutants-flavor-rs-AJnnRY.tmp/target/debug/deps/libhex-6a16846156d7c862.rlib --extern libc=/private/var/folders/sg/wy47gw996f78fznt898m8x540000gn/T/cargo-mutants-flavor-rs-AJnnRY.tmp/target/debug/deps/liblibc-26979bb06dae4666.rlib --extern log=/private/var/folders/sg/wy47gw996f78fznt898m8x540000gn/T/cargo-mutants-flavor-rs-AJnnRY.tmp/target/debug/deps/liblog-8a7d20b8c005bc83.rlib --extern memmap2=/private/var/folders/sg/wy47gw996f78fznt898m8x540000gn/T/cargo-mutants-flavor-rs-AJnnRY.tmp/target/debug/deps/libmemmap2-413e3a480d8f5878.rlib --extern pem=/private/var/folders/sg/wy47gw996f78fznt898m8x540000gn/T/cargo-mutants-flavor-rs-AJnnRY.tmp/target/debug/deps/libpem-baee24606d736ef7.rlib --extern proptest=/private/var/folders/sg/wy47gw996f78fznt898m8x540000gn/T/cargo-mutants-flavor-rs-AJnnRY.tmp/target/debug/deps/libproptest-387450d3dcbd40ff.rlib --extern rand=/private/var/folders/sg/wy47gw996f78fznt898m8x540000gn/T/cargo-mutants-flavor-rs-AJnnRY.tmp/target/debug/deps/librand-a25bcd883a2e2285.rlib --extern serde=/private/var/folders/sg/wy47gw996f78fznt898m8x540000gn/T/cargo-mutants-flavor-rs-AJnnRY.tmp/target/debug/deps/libserde-02be1dd65d3ef57a.rlib --extern serde_json=/private/var/folders/sg/wy47gw996f78fznt898m8x540000gn/T/cargo-mutants-flavor-rs-AJnnRY.tmp/target/debug/deps/libserde_json-469eaea1fff499db.rlib --extern sha2=/private/var/folders/sg/wy47gw996f78fznt898m8x540000gn/T/cargo-mutants-flavor-rs-AJnnRY.tmp/target/debug/deps/libsha2-28b9a530c85e9fef.rlib --extern signal_hook=/private/var/folders/sg/wy47gw996f78fznt898m8x540000gn/T/cargo-mutants-flavor-rs-AJnnRY.tmp/target/debug/deps/libsignal_hook-0a34b12e866764fc.rlib --extern tar=/private/var/folders/sg/wy47gw996f78fznt898m8x540000gn/T/cargo-mutants-flavor-rs-AJnnRY.tmp/target/debug/deps/libtar-9468371f38505d5a.rlib --extern tempfile=/private/var/folders/sg/wy47gw996f78fznt898m8x540000gn/T/cargo-mutants-flavor-rs-AJnnRY.tmp/target/debug/deps/libtempfile-f67b0e214d8dd2e3.rlib --extern which=/private/var/folders/sg/wy47gw996f78fznt898m8x540000gn/T/cargo-mutants-flavor-rs-AJnnRY.tmp/target/debug/deps/libwhich-a2a3c9536beaf592.rlib`
    Finished `test` profile [unoptimized + debuginfo] target(s) in 1.69s
  Executable `/private/var/folders/sg/wy47gw996f78fznt898m8x540000gn/T/cargo-mutants-flavor-rs-AJnnRY.tmp/target/debug/deps/flavor-19035fd48ff337ba`
  Executable `/private/var/folders/sg/wy47gw996f78fznt898m8x540000gn/T/cargo-mutants-flavor-rs-AJnnRY.tmp/target/debug/deps/flavor_rs_builder-8b703e7e9be23f48`
  Executable `/private/var/folders/sg/wy47gw996f78fznt898m8x540000gn/T/cargo-mutants-flavor-rs-AJnnRY.tmp/target/debug/deps/flavor_rs_launcher-30d5c8f9cc0f7e8a`

*** result: Success

*** /Users/tim/.rustup/toolchains/stable-aarch64-apple-darwin/bin/cargo test --verbose --package=flavor@0.3.21 --all-features
       Fresh cfg-if v1.0.4
       Fresh bitflags v2.11.0
       Fresh version_check v0.9.5
       Fresh unicode-ident v1.0.24
       Fresh memchr v2.8.0
       Fresh utf8parse v0.2.2
       Fresh autocfg v1.5.0
       Fresh regex-syntax v0.8.10
       Fresh semver v1.0.27
       Fresh colorchoice v1.0.5
       Fresh anstyle-query v1.1.5
       Fresh is_terminal_polyfill v1.70.2
       Fresh anstyle v1.0.14
       Fresh once_cell v1.21.4
       Fresh libc v0.2.183
       Fresh rustc_version v0.4.1
       Fresh aho-corasick v1.1.4
       Fresh anstyle-parse v1.0.0
       Fresh fastrand v2.3.0
       Fresh heck v0.5.0
       Fresh adler2 v2.0.1
       Fresh log v0.4.29
       Fresh simd-adler32 v0.3.9
       Fresh zeroize v1.8.2
       Fresh signature v2.2.0
       Fresh errno v0.3.14
       Fresh typenum v1.19.0
       Fresh proc-macro2 v1.0.106
       Fresh zerocopy v0.8.48
       Fresh getrandom v0.3.4
       Fresh regex-automata v0.4.14
       Fresh getrandom v0.4.2
       Fresh anstream v1.0.0
       Fresh getrandom v0.2.17
       Fresh cpufeatures v0.2.17
       Fresh serde_core v1.0.228
       Fresh strsim v0.11.1
       Fresh subtle v2.6.1
       Fresh clap_lex v1.1.0
       Fresh core-foundation-sys v0.8.7
       Fresh miniz_oxide v0.8.9
       Fresh zmij v1.0.21
       Fresh generic-array v0.14.7
       Fresh quote v1.0.45
       Fresh rustix v1.1.4
       Fresh ppv-lite86 v0.2.21
       Fresh rand_core v0.9.5
       Fresh rand_core v0.6.4
       Fresh rustix v0.38.44
       Fresh num-traits v0.2.19
       Fresh regex v1.12.3
       Fresh signal-hook-registry v1.4.8
       Fresh crc32fast v1.5.0
       Fresh clap_builder v4.6.0
       Fresh iana-time-zone v0.1.65
       Fresh ed25519 v2.2.3
       Fresh wait-timeout v0.2.1
       Fresh filetime v0.2.27
       Fresh base64 v0.22.1
       Fresh bit-vec v0.8.0
       Fresh either v1.15.0
       Fresh fnv v1.0.7
       Fresh crypto-common v0.1.7
       Fresh block-buffer v0.10.4
       Fresh syn v2.0.117
       Fresh tempfile v3.27.0
       Fresh rand_chacha v0.3.1
       Fresh xattr v1.6.1
       Fresh env_filter v1.0.1
       Fresh itoa v1.0.18
       Fresh jiff v0.2.23
       Fresh quick-error v1.2.3
       Fresh home v0.5.11
       Fresh rand_xorshift v0.4.0
       Fresh gethostname v0.5.0
       Fresh pem v3.0.6
       Dirty flavor v0.3.21 (/private/var/folders/sg/wy47gw996f78fznt898m8x540000gn/T/cargo-mutants-flavor-rs-AJnnRY.tmp): the file `../../VERSION` is missing
   Compiling flavor v0.3.21 (/private/var/folders/sg/wy47gw996f78fznt898m8x540000gn/T/cargo-mutants-flavor-rs-AJnnRY.tmp)
       Fresh flate2 v1.1.9
       Fresh anyhow v1.0.102
       Fresh signal-hook v0.3.18
       Fresh rand_chacha v0.9.0
       Fresh bit-set v0.8.0
       Fresh chrono v0.4.44
       Fresh rand v0.9.2
       Fresh memmap2 v0.9.10
       Fresh fs2 v0.4.3
       Fresh unarray v0.1.4
     Running `/private/var/folders/sg/wy47gw996f78fznt898m8x540000gn/T/cargo-mutants-flavor-rs-AJnnRY.tmp/target/debug/build/flavor-d6cea4267b429fe1/build-script-build`
       Fresh digest v0.10.7
       Fresh clap_derive v4.6.0
       Fresh serde_derive v1.0.228
       Fresh which v6.0.3
       Fresh rusty-fork v0.3.1
       Fresh rand v0.8.5
       Fresh serde_json v1.0.149
       Fresh tar v0.4.45
       Fresh env_logger v0.11.10
       Fresh hex v0.4.3
       Fresh glob v0.3.3
       Fresh sha2 v0.10.9
       Fresh curve25519-dalek v4.1.3
       Fresh serde v1.0.228
       Fresh clap v4.6.0
       Fresh proptest v1.11.0
       Fresh ed25519-dalek v2.2.0
     Running `/Users/tim/.rustup/toolchains/stable-aarch64-apple-darwin/bin/rustc --crate-name flavor --edition=2024 src/lib.rs --error-format=json --json=diagnostic-rendered-ansi,artifacts,future-incompat --emit=dep-info,link -C embed-bitcode=no -C debuginfo=2 -C split-debuginfo=unpacked --test --cfg 'feature="default"' --check-cfg 'cfg(docsrs,test)' --check-cfg 'cfg(feature, values("default"))' -C metadata=b72348e8a9d7df2e -C extra-filename=-19035fd48ff337ba --out-dir /private/var/folders/sg/wy47gw996f78fznt898m8x540000gn/T/cargo-mutants-flavor-rs-AJnnRY.tmp/target/debug/deps -C incremental=/private/var/folders/sg/wy47gw996f78fznt898m8x540000gn/T/cargo-mutants-flavor-rs-AJnnRY.tmp/target/debug/incremental -L dependency=/private/var/folders/sg/wy47gw996f78fznt898m8x540000gn/T/cargo-mutants-flavor-rs-AJnnRY.tmp/target/debug/deps --extern adler2=/private/var/folders/sg/wy47gw996f78fznt898m8x540000gn/T/cargo-mutants-flavor-rs-AJnnRY.tmp/target/debug/deps/libadler2-1237be17f08066aa.rlib --extern anyhow=/private/var/folders/sg/wy47gw996f78fznt898m8x540000gn/T/cargo-mutants-flavor-rs-AJnnRY.tmp/target/debug/deps/libanyhow-d9b6d410a1361442.rlib --extern chrono=/private/var/folders/sg/wy47gw996f78fznt898m8x540000gn/T/cargo-mutants-flavor-rs-AJnnRY.tmp/target/debug/deps/libchrono-b7affcfd136ee226.rlib --extern clap=/private/var/folders/sg/wy47gw996f78fznt898m8x540000gn/T/cargo-mutants-flavor-rs-AJnnRY.tmp/target/debug/deps/libclap-c2746911242c53dc.rlib --extern ed25519_dalek=/private/var/folders/sg/wy47gw996f78fznt898m8x540000gn/T/cargo-mutants-flavor-rs-AJnnRY.tmp/target/debug/deps/libed25519_dalek-42293ea3dc57f31c.rlib --extern env_logger=/private/var/folders/sg/wy47gw996f78fznt898m8x540000gn/T/cargo-mutants-flavor-rs-AJnnRY.tmp/target/debug/deps/libenv_logger-75173f29843c9a52.rlib --extern flate2=/private/var/folders/sg/wy47gw996f78fznt898m8x540000gn/T/cargo-mutants-flavor-rs-AJnnRY.tmp/target/debug/deps/libflate2-96cd3d855b9115ec.rlib --extern fs2=/private/var/folders/sg/wy47gw996f78fznt898m8x540000gn/T/cargo-mutants-flavor-rs-AJnnRY.tmp/target/debug/deps/libfs2-71900ee401453af8.rlib --extern gethostname=/private/var/folders/sg/wy47gw996f78fznt898m8x540000gn/T/cargo-mutants-flavor-rs-AJnnRY.tmp/target/debug/deps/libgethostname-e6576ba3912663df.rlib --extern glob=/private/var/folders/sg/wy47gw996f78fznt898m8x540000gn/T/cargo-mutants-flavor-rs-AJnnRY.tmp/target/debug/deps/libglob-56daeb017c976e69.rlib --extern hex=/private/var/folders/sg/wy47gw996f78fznt898m8x540000gn/T/cargo-mutants-flavor-rs-AJnnRY.tmp/target/debug/deps/libhex-6a16846156d7c862.rlib --extern libc=/private/var/folders/sg/wy47gw996f78fznt898m8x540000gn/T/cargo-mutants-flavor-rs-AJnnRY.tmp/target/debug/deps/liblibc-26979bb06dae4666.rlib --extern log=/private/var/folders/sg/wy47gw996f78fznt898m8x540000gn/T/cargo-mutants-flavor-rs-AJnnRY.tmp/target/debug/deps/liblog-8a7d20b8c005bc83.rlib --extern memmap2=/private/var/folders/sg/wy47gw996f78fznt898m8x540000gn/T/cargo-mutants-flavor-rs-AJnnRY.tmp/target/debug/deps/libmemmap2-413e3a480d8f5878.rlib --extern pem=/private/var/folders/sg/wy47gw996f78fznt898m8x540000gn/T/cargo-mutants-flavor-rs-AJnnRY.tmp/target/debug/deps/libpem-baee24606d736ef7.rlib --extern proptest=/private/var/folders/sg/wy47gw996f78fznt898m8x540000gn/T/cargo-mutants-flavor-rs-AJnnRY.tmp/target/debug/deps/libproptest-387450d3dcbd40ff.rlib --extern rand=/private/var/folders/sg/wy47gw996f78fznt898m8x540000gn/T/cargo-mutants-flavor-rs-AJnnRY.tmp/target/debug/deps/librand-a25bcd883a2e2285.rlib --extern serde=/private/var/folders/sg/wy47gw996f78fznt898m8x540000gn/T/cargo-mutants-flavor-rs-AJnnRY.tmp/target/debug/deps/libserde-02be1dd65d3ef57a.rlib --extern serde_json=/private/var/folders/sg/wy47gw996f78fznt898m8x540000gn/T/cargo-mutants-flavor-rs-AJnnRY.tmp/target/debug/deps/libserde_json-469eaea1fff499db.rlib --extern sha2=/private/var/folders/sg/wy47gw996f78fznt898m8x540000gn/T/cargo-mutants-flavor-rs-AJnnRY.tmp/target/debug/deps/libsha2-28b9a530c85e9fef.rlib --extern signal_hook=/private/var/folders/sg/wy47gw996f78fznt898m8x540000gn/T/cargo-mutants-flavor-rs-AJnnRY.tmp/target/debug/deps/libsignal_hook-0a34b12e866764fc.rlib --extern tar=/private/var/folders/sg/wy47gw996f78fznt898m8x540000gn/T/cargo-mutants-flavor-rs-AJnnRY.tmp/target/debug/deps/libtar-9468371f38505d5a.rlib --extern tempfile=/private/var/folders/sg/wy47gw996f78fznt898m8x540000gn/T/cargo-mutants-flavor-rs-AJnnRY.tmp/target/debug/deps/libtempfile-f67b0e214d8dd2e3.rlib --extern which=/private/var/folders/sg/wy47gw996f78fznt898m8x540000gn/T/cargo-mutants-flavor-rs-AJnnRY.tmp/target/debug/deps/libwhich-a2a3c9536beaf592.rlib`
     Running `/Users/tim/.rustup/toolchains/stable-aarch64-apple-darwin/bin/rustc --crate-name flavor --edition=2024 src/lib.rs --error-format=json --json=diagnostic-rendered-ansi,artifacts,future-incompat --crate-type lib --emit=dep-info,metadata,link -C embed-bitcode=no -C debuginfo=2 -C split-debuginfo=unpacked --cfg 'feature="default"' --check-cfg 'cfg(docsrs,test)' --check-cfg 'cfg(feature, values("default"))' -C metadata=638a3856e0fcd0df -C extra-filename=-88d82f8937f7a117 --out-dir /private/var/folders/sg/wy47gw996f78fznt898m8x540000gn/T/cargo-mutants-flavor-rs-AJnnRY.tmp/target/debug/deps -C incremental=/private/var/folders/sg/wy47gw996f78fznt898m8x540000gn/T/cargo-mutants-flavor-rs-AJnnRY.tmp/target/debug/incremental -L dependency=/private/var/folders/sg/wy47gw996f78fznt898m8x540000gn/T/cargo-mutants-flavor-rs-AJnnRY.tmp/target/debug/deps --extern adler2=/private/var/folders/sg/wy47gw996f78fznt898m8x540000gn/T/cargo-mutants-flavor-rs-AJnnRY.tmp/target/debug/deps/libadler2-1237be17f08066aa.rmeta --extern anyhow=/private/var/folders/sg/wy47gw996f78fznt898m8x540000gn/T/cargo-mutants-flavor-rs-AJnnRY.tmp/target/debug/deps/libanyhow-d9b6d410a1361442.rmeta --extern chrono=/private/var/folders/sg/wy47gw996f78fznt898m8x540000gn/T/cargo-mutants-flavor-rs-AJnnRY.tmp/target/debug/deps/libchrono-b7affcfd136ee226.rmeta --extern clap=/private/var/folders/sg/wy47gw996f78fznt898m8x540000gn/T/cargo-mutants-flavor-rs-AJnnRY.tmp/target/debug/deps/libclap-c2746911242c53dc.rmeta --extern ed25519_dalek=/private/var/folders/sg/wy47gw996f78fznt898m8x540000gn/T/cargo-mutants-flavor-rs-AJnnRY.tmp/target/debug/deps/libed25519_dalek-42293ea3dc57f31c.rmeta --extern env_logger=/private/var/folders/sg/wy47gw996f78fznt898m8x540000gn/T/cargo-mutants-flavor-rs-AJnnRY.tmp/target/debug/deps/libenv_logger-75173f29843c9a52.rmeta --extern flate2=/private/var/folders/sg/wy47gw996f78fznt898m8x540000gn/T/cargo-mutants-flavor-rs-AJnnRY.tmp/target/debug/deps/libflate2-96cd3d855b9115ec.rmeta --extern fs2=/private/var/folders/sg/wy47gw996f78fznt898m8x540000gn/T/cargo-mutants-flavor-rs-AJnnRY.tmp/target/debug/deps/libfs2-71900ee401453af8.rmeta --extern gethostname=/private/var/folders/sg/wy47gw996f78fznt898m8x540000gn/T/cargo-mutants-flavor-rs-AJnnRY.tmp/target/debug/deps/libgethostname-e6576ba3912663df.rmeta --extern glob=/private/var/folders/sg/wy47gw996f78fznt898m8x540000gn/T/cargo-mutants-flavor-rs-AJnnRY.tmp/target/debug/deps/libglob-56daeb017c976e69.rmeta --extern hex=/private/var/folders/sg/wy47gw996f78fznt898m8x540000gn/T/cargo-mutants-flavor-rs-AJnnRY.tmp/target/debug/deps/libhex-6a16846156d7c862.rmeta --extern libc=/private/var/folders/sg/wy47gw996f78fznt898m8x540000gn/T/cargo-mutants-flavor-rs-AJnnRY.tmp/target/debug/deps/liblibc-26979bb06dae4666.rmeta --extern log=/private/var/folders/sg/wy47gw996f78fznt898m8x540000gn/T/cargo-mutants-flavor-rs-AJnnRY.tmp/target/debug/deps/liblog-8a7d20b8c005bc83.rmeta --extern memmap2=/private/var/folders/sg/wy47gw996f78fznt898m8x540000gn/T/cargo-mutants-flavor-rs-AJnnRY.tmp/target/debug/deps/libmemmap2-413e3a480d8f5878.rmeta --extern pem=/private/var/folders/sg/wy47gw996f78fznt898m8x540000gn/T/cargo-mutants-flavor-rs-AJnnRY.tmp/target/debug/deps/libpem-baee24606d736ef7.rmeta --extern rand=/private/var/folders/sg/wy47gw996f78fznt898m8x540000gn/T/cargo-mutants-flavor-rs-AJnnRY.tmp/target/debug/deps/librand-a25bcd883a2e2285.rmeta --extern serde=/private/var/folders/sg/wy47gw996f78fznt898m8x540000gn/T/cargo-mutants-flavor-rs-AJnnRY.tmp/target/debug/deps/libserde-02be1dd65d3ef57a.rmeta --extern serde_json=/private/var/folders/sg/wy47gw996f78fznt898m8x540000gn/T/cargo-mutants-flavor-rs-AJnnRY.tmp/target/debug/deps/libserde_json-469eaea1fff499db.rmeta --extern sha2=/private/var/folders/sg/wy47gw996f78fznt898m8x540000gn/T/cargo-mutants-flavor-rs-AJnnRY.tmp/target/debug/deps/libsha2-28b9a530c85e9fef.rmeta --extern signal_hook=/private/var/folders/sg/wy47gw996f78fznt898m8x540000gn/T/cargo-mutants-flavor-rs-AJnnRY.tmp/target/debug/deps/libsignal_hook-0a34b12e866764fc.rmeta --extern tar=/private/var/folders/sg/wy47gw996f78fznt898m8x540000gn/T/cargo-mutants-flavor-rs-AJnnRY.tmp/target/debug/deps/libtar-9468371f38505d5a.rmeta --extern tempfile=/private/var/folders/sg/wy47gw996f78fznt898m8x540000gn/T/cargo-mutants-flavor-rs-AJnnRY.tmp/target/debug/deps/libtempfile-f67b0e214d8dd2e3.rmeta --extern which=/private/var/folders/sg/wy47gw996f78fznt898m8x540000gn/T/cargo-mutants-flavor-rs-AJnnRY.tmp/target/debug/deps/libwhich-a2a3c9536beaf592.rmeta`
     Running `/Users/tim/.rustup/toolchains/stable-aarch64-apple-darwin/bin/rustc --crate-name flavor_rs_builder --edition=2024 src/bin/flavor-rs-builder.rs --error-format=json --json=diagnostic-rendered-ansi,artifacts,future-incompat --emit=dep-info,link -C embed-bitcode=no -C debuginfo=2 -C split-debuginfo=unpacked --test --cfg 'feature="default"' --check-cfg 'cfg(docsrs,test)' --check-cfg 'cfg(feature, values("default"))' -C metadata=069fa1d69c2b4683 -C extra-filename=-8b703e7e9be23f48 --out-dir /private/var/folders/sg/wy47gw996f78fznt898m8x540000gn/T/cargo-mutants-flavor-rs-AJnnRY.tmp/target/debug/deps -C incremental=/private/var/folders/sg/wy47gw996f78fznt898m8x540000gn/T/cargo-mutants-flavor-rs-AJnnRY.tmp/target/debug/incremental -L dependency=/private/var/folders/sg/wy47gw996f78fznt898m8x540000gn/T/cargo-mutants-flavor-rs-AJnnRY.tmp/target/debug/deps --extern adler2=/private/var/folders/sg/wy47gw996f78fznt898m8x540000gn/T/cargo-mutants-flavor-rs-AJnnRY.tmp/target/debug/deps/libadler2-1237be17f08066aa.rlib --extern anyhow=/private/var/folders/sg/wy47gw996f78fznt898m8x540000gn/T/cargo-mutants-flavor-rs-AJnnRY.tmp/target/debug/deps/libanyhow-d9b6d410a1361442.rlib --extern chrono=/private/var/folders/sg/wy47gw996f78fznt898m8x540000gn/T/cargo-mutants-flavor-rs-AJnnRY.tmp/target/debug/deps/libchrono-b7affcfd136ee226.rlib --extern clap=/private/var/folders/sg/wy47gw996f78fznt898m8x540000gn/T/cargo-mutants-flavor-rs-AJnnRY.tmp/target/debug/deps/libclap-c2746911242c53dc.rlib --extern ed25519_dalek=/private/var/folders/sg/wy47gw996f78fznt898m8x540000gn/T/cargo-mutants-flavor-rs-AJnnRY.tmp/target/debug/deps/libed25519_dalek-42293ea3dc57f31c.rlib --extern env_logger=/private/var/folders/sg/wy47gw996f78fznt898m8x540000gn/T/cargo-mutants-flavor-rs-AJnnRY.tmp/target/debug/deps/libenv_logger-75173f29843c9a52.rlib --extern flate2=/private/var/folders/sg/wy47gw996f78fznt898m8x540000gn/T/cargo-mutants-flavor-rs-AJnnRY.tmp/target/debug/deps/libflate2-96cd3d855b9115ec.rlib --extern flavor=/private/var/folders/sg/wy47gw996f78fznt898m8x540000gn/T/cargo-mutants-flavor-rs-AJnnRY.tmp/target/debug/deps/libflavor-88d82f8937f7a117.rlib --extern fs2=/private/var/folders/sg/wy47gw996f78fznt898m8x540000gn/T/cargo-mutants-flavor-rs-AJnnRY.tmp/target/debug/deps/libfs2-71900ee401453af8.rlib --extern gethostname=/private/var/folders/sg/wy47gw996f78fznt898m8x540000gn/T/cargo-mutants-flavor-rs-AJnnRY.tmp/target/debug/deps/libgethostname-e6576ba3912663df.rlib --extern glob=/private/var/folders/sg/wy47gw996f78fznt898m8x540000gn/T/cargo-mutants-flavor-rs-AJnnRY.tmp/target/debug/deps/libglob-56daeb017c976e69.rlib --extern hex=/private/var/folders/sg/wy47gw996f78fznt898m8x540000gn/T/cargo-mutants-flavor-rs-AJnnRY.tmp/target/debug/deps/libhex-6a16846156d7c862.rlib --extern libc=/private/var/folders/sg/wy47gw996f78fznt898m8x540000gn/T/cargo-mutants-flavor-rs-AJnnRY.tmp/target/debug/deps/liblibc-26979bb06dae4666.rlib --extern log=/private/var/folders/sg/wy47gw996f78fznt898m8x540000gn/T/cargo-mutants-flavor-rs-AJnnRY.tmp/target/debug/deps/liblog-8a7d20b8c005bc83.rlib --extern memmap2=/private/var/folders/sg/wy47gw996f78fznt898m8x540000gn/T/cargo-mutants-flavor-rs-AJnnRY.tmp/target/debug/deps/libmemmap2-413e3a480d8f5878.rlib --extern pem=/private/var/folders/sg/wy47gw996f78fznt898m8x540000gn/T/cargo-mutants-flavor-rs-AJnnRY.tmp/target/debug/deps/libpem-baee24606d736ef7.rlib --extern proptest=/private/var/folders/sg/wy47gw996f78fznt898m8x540000gn/T/cargo-mutants-flavor-rs-AJnnRY.tmp/target/debug/deps/libproptest-387450d3dcbd40ff.rlib --extern rand=/private/var/folders/sg/wy47gw996f78fznt898m8x540000gn/T/cargo-mutants-flavor-rs-AJnnRY.tmp/target/debug/deps/librand-a25bcd883a2e2285.rlib --extern serde=/private/var/folders/sg/wy47gw996f78fznt898m8x540000gn/T/cargo-mutants-flavor-rs-AJnnRY.tmp/target/debug/deps/libserde-02be1dd65d3ef57a.rlib --extern serde_json=/private/var/folders/sg/wy47gw996f78fznt898m8x540000gn/T/cargo-mutants-flavor-rs-AJnnRY.tmp/target/debug/deps/libserde_json-469eaea1fff499db.rlib --extern sha2=/private/var/folders/sg/wy47gw996f78fznt898m8x540000gn/T/cargo-mutants-flavor-rs-AJnnRY.tmp/target/debug/deps/libsha2-28b9a530c85e9fef.rlib --extern signal_hook=/private/var/folders/sg/wy47gw996f78fznt898m8x540000gn/T/cargo-mutants-flavor-rs-AJnnRY.tmp/target/debug/deps/libsignal_hook-0a34b12e866764fc.rlib --extern tar=/private/var/folders/sg/wy47gw996f78fznt898m8x540000gn/T/cargo-mutants-flavor-rs-AJnnRY.tmp/target/debug/deps/libtar-9468371f38505d5a.rlib --extern tempfile=/private/var/folders/sg/wy47gw996f78fznt898m8x540000gn/T/cargo-mutants-flavor-rs-AJnnRY.tmp/target/debug/deps/libtempfile-f67b0e214d8dd2e3.rlib --extern which=/private/var/folders/sg/wy47gw996f78fznt898m8x540000gn/T/cargo-mutants-flavor-rs-AJnnRY.tmp/target/debug/deps/libwhich-a2a3c9536beaf592.rlib`
     Running `/Users/tim/.rustup/toolchains/stable-aarch64-apple-darwin/bin/rustc --crate-name flavor_rs_launcher --edition=2024 src/bin/flavor-rs-launcher.rs --error-format=json --json=diagnostic-rendered-ansi,artifacts,future-incompat --emit=dep-info,link -C embed-bitcode=no -C debuginfo=2 -C split-debuginfo=unpacked --test --cfg 'feature="default"' --check-cfg 'cfg(docsrs,test)' --check-cfg 'cfg(feature, values("default"))' -C metadata=1e86bd574fcae1c3 -C extra-filename=-30d5c8f9cc0f7e8a --out-dir /private/var/folders/sg/wy47gw996f78fznt898m8x540000gn/T/cargo-mutants-flavor-rs-AJnnRY.tmp/target/debug/deps -C incremental=/private/var/folders/sg/wy47gw996f78fznt898m8x540000gn/T/cargo-mutants-flavor-rs-AJnnRY.tmp/target/debug/incremental -L dependency=/private/var/folders/sg/wy47gw996f78fznt898m8x540000gn/T/cargo-mutants-flavor-rs-AJnnRY.tmp/target/debug/deps --extern adler2=/private/var/folders/sg/wy47gw996f78fznt898m8x540000gn/T/cargo-mutants-flavor-rs-AJnnRY.tmp/target/debug/deps/libadler2-1237be17f08066aa.rlib --extern anyhow=/private/var/folders/sg/wy47gw996f78fznt898m8x540000gn/T/cargo-mutants-flavor-rs-AJnnRY.tmp/target/debug/deps/libanyhow-d9b6d410a1361442.rlib --extern chrono=/private/var/folders/sg/wy47gw996f78fznt898m8x540000gn/T/cargo-mutants-flavor-rs-AJnnRY.tmp/target/debug/deps/libchrono-b7affcfd136ee226.rlib --extern clap=/private/var/folders/sg/wy47gw996f78fznt898m8x540000gn/T/cargo-mutants-flavor-rs-AJnnRY.tmp/target/debug/deps/libclap-c2746911242c53dc.rlib --extern ed25519_dalek=/private/var/folders/sg/wy47gw996f78fznt898m8x540000gn/T/cargo-mutants-flavor-rs-AJnnRY.tmp/target/debug/deps/libed25519_dalek-42293ea3dc57f31c.rlib --extern env_logger=/private/var/folders/sg/wy47gw996f78fznt898m8x540000gn/T/cargo-mutants-flavor-rs-AJnnRY.tmp/target/debug/deps/libenv_logger-75173f29843c9a52.rlib --extern flate2=/private/var/folders/sg/wy47gw996f78fznt898m8x540000gn/T/cargo-mutants-flavor-rs-AJnnRY.tmp/target/debug/deps/libflate2-96cd3d855b9115ec.rlib --extern flavor=/private/var/folders/sg/wy47gw996f78fznt898m8x540000gn/T/cargo-mutants-flavor-rs-AJnnRY.tmp/target/debug/deps/libflavor-88d82f8937f7a117.rlib --extern fs2=/private/var/folders/sg/wy47gw996f78fznt898m8x540000gn/T/cargo-mutants-flavor-rs-AJnnRY.tmp/target/debug/deps/libfs2-71900ee401453af8.rlib --extern gethostname=/private/var/folders/sg/wy47gw996f78fznt898m8x540000gn/T/cargo-mutants-flavor-rs-AJnnRY.tmp/target/debug/deps/libgethostname-e6576ba3912663df.rlib --extern glob=/private/var/folders/sg/wy47gw996f78fznt898m8x540000gn/T/cargo-mutants-flavor-rs-AJnnRY.tmp/target/debug/deps/libglob-56daeb017c976e69.rlib --extern hex=/private/var/folders/sg/wy47gw996f78fznt898m8x540000gn/T/cargo-mutants-flavor-rs-AJnnRY.tmp/target/debug/deps/libhex-6a16846156d7c862.rlib --extern libc=/private/var/folders/sg/wy47gw996f78fznt898m8x540000gn/T/cargo-mutants-flavor-rs-AJnnRY.tmp/target/debug/deps/liblibc-26979bb06dae4666.rlib --extern log=/private/var/folders/sg/wy47gw996f78fznt898m8x540000gn/T/cargo-mutants-flavor-rs-AJnnRY.tmp/target/debug/deps/liblog-8a7d20b8c005bc83.rlib --extern memmap2=/private/var/folders/sg/wy47gw996f78fznt898m8x540000gn/T/cargo-mutants-flavor-rs-AJnnRY.tmp/target/debug/deps/libmemmap2-413e3a480d8f5878.rlib --extern pem=/private/var/folders/sg/wy47gw996f78fznt898m8x540000gn/T/cargo-mutants-flavor-rs-AJnnRY.tmp/target/debug/deps/libpem-baee24606d736ef7.rlib --extern proptest=/private/var/folders/sg/wy47gw996f78fznt898m8x540000gn/T/cargo-mutants-flavor-rs-AJnnRY.tmp/target/debug/deps/libproptest-387450d3dcbd40ff.rlib --extern rand=/private/var/folders/sg/wy47gw996f78fznt898m8x540000gn/T/cargo-mutants-flavor-rs-AJnnRY.tmp/target/debug/deps/librand-a25bcd883a2e2285.rlib --extern serde=/private/var/folders/sg/wy47gw996f78fznt898m8x540000gn/T/cargo-mutants-flavor-rs-AJnnRY.tmp/target/debug/deps/libserde-02be1dd65d3ef57a.rlib --extern serde_json=/private/var/folders/sg/wy47gw996f78fznt898m8x540000gn/T/cargo-mutants-flavor-rs-AJnnRY.tmp/target/debug/deps/libserde_json-469eaea1fff499db.rlib --extern sha2=/private/var/folders/sg/wy47gw996f78fznt898m8x540000gn/T/cargo-mutants-flavor-rs-AJnnRY.tmp/target/debug/deps/libsha2-28b9a530c85e9fef.rlib --extern signal_hook=/private/var/folders/sg/wy47gw996f78fznt898m8x540000gn/T/cargo-mutants-flavor-rs-AJnnRY.tmp/target/debug/deps/libsignal_hook-0a34b12e866764fc.rlib --extern tar=/private/var/folders/sg/wy47gw996f78fznt898m8x540000gn/T/cargo-mutants-flavor-rs-AJnnRY.tmp/target/debug/deps/libtar-9468371f38505d5a.rlib --extern tempfile=/private/var/folders/sg/wy47gw996f78fznt898m8x540000gn/T/cargo-mutants-flavor-rs-AJnnRY.tmp/target/debug/deps/libtempfile-f67b0e214d8dd2e3.rlib --extern which=/private/var/folders/sg/wy47gw996f78fznt898m8x540000gn/T/cargo-mutants-flavor-rs-AJnnRY.tmp/target/debug/deps/libwhich-a2a3c9536beaf592.rlib`
    Finished `test` profile [unoptimized + debuginfo] target(s) in 1.46s
     Running `/private/var/folders/sg/wy47gw996f78fznt898m8x540000gn/T/cargo-mutants-flavor-rs-AJnnRY.tmp/target/debug/deps/flavor-19035fd48ff337ba`

running 109 tests
test logger::tests::parse_level_mode_defaults_json_mode_to_info ... ok
test logger::tests::is_json_logging_tracks_environment_prefix ... ok
test psp::format_2025::defaults::tests::get_validation_level_uses_env_override ... ok
test logger::tests::parse_level_mode_handles_plain_and_json_levels ... ok
test logger::tests::parse_level_mode_defaults_invalid_json_level_to_trace ... ok
test psp::format_2025::defaults::tests::get_validation_level_falls_back_to_strict_for_invalid_value ... ok
test psp::format_2025::defaults::tests::validation_level_rejects_unknown_values ... ok
test logger::tests::init_with_level_json_mode_returns_actual_level_and_source ... ok
test psp::format_2025::defaults::tests::validation_level_roundtrips_all_known_values ... ok
test psp::format_2025::checksums::tests::test_parse_checksum_prefixed_and_legacy_formats ... ok
test psp::format_2025::execution::commands::tests::test_shell_split_basic ... ok
test psp::format_2025::execution::commands::tests::test_shell_split_empty ... ok
test psp::format_2025::execution::commands::tests::test_build_workenv_path_without_existing_path_uses_only_bin_dir ... ok
test psp::format_2025::execution::commands::tests::test_shell_split_quoted ... ok
test psp::format_2025::execution::commands::tests::test_run_command_path_has_correct_bin_dir_and_separator ... ok
test psp::format_2025::execution::commands::tests::test_shell_split_single_quoted ... ok
{"@file":"src/psp/format_2025/builder/slot_processor.rs","@level":"debug","@line":47,"@message":"🎰 Processing 1 slots","@module":"flavor::psp::format_2025::builder::slot_processor","@pid":14159,"@timestamp":"2026-03-31T20:29:40.751632Z"}
test psp::format_2025::checksums::tests::test_calculate_checksum_bytes_and_verify ... {"@file":"src/psp/format_2025/builder/slot_processor.rs","@level":"debug","@line":47,"@message":"🎰 Processing 1 slots","@module":"flavor::psp::format_2025::builder::slot_processor","@pid":14159,"@timestamp":"2026-03-31T20:29:40.751990Z"}
ok{"@file":"unknown","@level":"info","@line":0,"@message":"stderr fallback","@module":"flavor::tests","@pid":14159,"@timestamp":"2026-03-31T20:29:40.751635Z"}

{"@file":"src/psp/format_2025/builder/slot_processor.rs","@level":"debug","@line":47,"@message":"🎰 Processing 1 slots","@module":"flavor::psp::format_2025::builder::slot_processor","@pid":14159,"@timestamp":"2026-03-31T20:29:40.751633Z"}
test psp::format_2025::checksums::tests::test_calculate_checksum_streaming_and_blake2b_error ... {"@file":"src/psp/format_2025/builder/slot_processor.rs","@level":"info","@line":193,"@message":"📍 Slot path has no {workenv}: /var/folders/sg/wy47gw996f78fznt898m8x540000gn/T/.tmp3c7uGi/payload.txt","@module":"flavor::psp::format_2025::builder::slot_processor","@pid":14159,"@timestamp":"2026-03-31T20:29:40.752823Z"}
ok
{"@file":"src/psp/format_2025/index.rs","@level":"debug","@line":181,"@message":"Parsed metadata_offset: 0x0000000000000000 (0)","@module":"flavor::psp::format_2025::index","@pid":14159,"@timestamp":"2026-03-31T20:29:40.752961Z"}
{"@file":"src/psp/format_2025/execution/validation.rs","@level":"warn","@line":71,"@message":"⚠️ SECURITY WARNING: Package checksum mismatch! cached: deadbeef, current: cafebabe","@module":"flavor::psp::format_2025::execution::validation","@pid":14159,"@timestamp":"2026-03-31T20:29:40.752627Z"}
test psp::format_2025::crypto::tests::test_verify_signature_rejects_invalid_length ... {"@file":"src/psp/format_2025/builder/slot_processor.rs","@level":"info","@line":197,"@message":"Attempting to open slot file at: \"/var/folders/sg/wy47gw996f78fznt898m8x540000gn/T/.tmp3c7uGi/payload.txt\"","@module":"flavor::psp::format_2025::builder::slot_processor","@pid":14159,"@timestamp":"2026-03-31T20:29:40.752978Z"}
ok{"@file":"src/psp/format_2025/index.rs","@level":"debug","@line":181,"@message":"Parsed metadata_offset: 0x00000000000186a0 (100000)","@module":"flavor::psp::format_2025::index","@pid":14159,"@timestamp":"2026-03-31T20:29:40.753017Z"}

{"@file":"src/psp/format_2025/execution/validation.rs","@level":"warn","@line":75,"@message":"⚠️ Cache may be compromised or package has changed","@module":"flavor::psp::format_2025::execution::validation","@pid":14159,"@timestamp":"2026-03-31T20:29:40.753026Z"}
{"@file":"src/psp/format_2025/index.rs","@level":"debug","@line":182,"@message":"Parsed metadata_size: 50000 bytes","@module":"flavor::psp::format_2025::index","@pid":14159,"@timestamp":"2026-03-31T20:29:40.753065Z"}
test psp::format_2025::extraction::tests::test_resolve_in_workenv_rejects_absolute_paths ... ok{"@file":"src/psp/format_2025/execution/validation.rs","@level":"warn","@line":76,"@message":"⚠️ Continuing due to relaxed validation","@module":"flavor::psp::format_2025::execution::validation","@pid":14159,"@timestamp":"2026-03-31T20:29:40.753085Z"}

{"@file":"src/psp/format_2025/execution/validation.rs","@level":"debug","@line":205,"@message":"🔍 No extraction completion marker found","@module":"flavor::psp::format_2025::execution::validation","@pid":14159,"@timestamp":"2026-03-31T20:29:40.753008Z"}
test psp::format_2025::extraction::tests::test_resolve_in_workenv_rejects_parent_traversal ... {"@file":"src/psp/format_2025/builder/slot_processor.rs","@level":"info","@line":181,"@message":"🔍 No FLAVOR_WORKENV_BASE, using CWD: /private/var/folders/sg/wy47gw996f78fznt898m8x540000gn/T/.tmpsU5i20","@module":"flavor::psp::format_2025::builder::slot_processor","@pid":14159,"@timestamp":"2026-03-31T20:29:40.752972Z"}
ok
{"@file":"src/psp/format_2025/operations.rs","@level":"debug","@line":37,"@message":"✅ Operations packed: result=4097","@module":"flavor::psp::format_2025::operations","@pid":14159,"@timestamp":"2026-03-31T20:29:40.752336Z"}
{"@file":"src/psp/format_2025/builder/slot_processor.rs","@level":"info","@line":70,"@message":"✨ Slot 0 is self-referential ($SELF), skipping packaging","@module":"flavor::psp::format_2025::builder::slot_processor","@pid":14159,"@timestamp":"2026-03-31T20:29:40.752880Z"}
test psp::format_2025::builder::slot_processor::tests::test_process_slots_rejects_slot_number_mismatch ... {"@file":"src/psp/format_2025/builder/slot_processor.rs","@level":"debug","@line":333,"@message":"📍 Slot 0: payload size 5 bytes, checksum 00000000deadbeef","@module":"flavor::psp::format_2025::builder::slot_processor","@pid":14159,"@timestamp":"2026-03-31T20:29:40.753200Z"}
ok
{"@file":"src/psp/format_2025/execution/validation.rs","@level":"warn","@line":88,"@message":"⚠️ Package checksum mismatch, continuing with standard validation: cached: deadbeef, current: cafebabe","@module":"flavor::psp::format_2025::execution::validation","@pid":14159,"@timestamp":"2026-03-31T20:29:40.753147Z"}
test logger::tests::json_logger_handles_stderr_fallback_without_a_file ... {"@file":"src/psp/format_2025/builder/slot_processor.rs","@level":"info","@line":185,"@message":"📍 Resolved slot path: {workenv}/nested/file.txt -> /private/var/folders/sg/wy47gw996f78fznt898m8x540000gn/T/.tmpsU5i20/nested/file.txt (base: /private/var/folders/sg/wy47gw996f78fznt898m8x540000gn/T/.tmpsU5i20)","@module":"flavor::psp::format_2025::builder::slot_processor","@pid":14159,"@timestamp":"2026-03-31T20:29:40.753181Z"}
{"@file":"src/psp/format_2025/execution/validation.rs","@level":"error","@line":95,"@message":"🚨 CRITICAL: Package checksum mismatch! cached: deadbeef, current: cafebabe","@module":"flavor::psp::format_2025::execution::validation","@pid":14159,"@timestamp":"2026-03-31T20:29:40.753388Z"}
ok{"@file":"src/psp/format_2025/index.rs","@level":"debug","@line":182,"@message":"Parsed metadata_size: 0 bytes","@module":"flavor::psp::format_2025::index","@pid":14159,"@timestamp":"2026-03-31T20:29:40.753006Z"}

{"@file":"src/psp/format_2025/execution/validation.rs","@level":"error","@line":100,"@message":"🚨 Cache may be compromised or package has changed","@module":"flavor::psp::format_2025::execution::validation","@pid":14159,"@timestamp":"2026-03-31T20:29:40.753421Z"}
test api::tests::detect_package_format_rejects_plain_files ... {"@file":"src/psp/format_2025/builder/slot_processor.rs","@level":"debug","@line":163,"@message":"✅ Processed 1 slots in 365.833µs","@module":"flavor::psp::format_2025::builder::slot_processor","@pid":14159,"@timestamp":"2026-03-31T20:29:40.753245Z"}
ok
{"@file":"src/psp/format_2025/builder/slot_processor.rs","@level":"info","@line":248,"@message":"Slot 0: SHA256 checksum: sha256:4878649abe08d9faaa6f7b948502e4144ec4fb1859e108f6367d65254c7b983c","@module":"flavor::psp::format_2025::builder::slot_processor","@pid":14159,"@timestamp":"2026-03-31T20:29:40.753208Z"}
test api::tests::verify_package_rejects_unknown_format ... {"@file":"src/psp/format_2025/builder/slot_processor.rs","@level":"info","@line":197,"@message":"Attempting to open slot file at: \"/private/var/folders/sg/wy47gw996f78fznt898m8x540000gn/T/.tmpsU5i20/nested/file.txt\"","@module":"flavor::psp::format_2025::builder::slot_processor","@pid":14159,"@timestamp":"2026-03-31T20:29:40.753410Z"}
ok
{"@file":"src/psp/format_2025/operations.rs","@level":"debug","@line":37,"@message":"✅ Operations packed: result=4097","@module":"flavor::psp::format_2025::operations","@pid":14159,"@timestamp":"2026-03-31T20:29:40.753246Z"}
{"@file":"src/psp/format_2025/builder/slot_processor.rs","@level":"debug","@line":249,"@message":"Slot 0: SHA256 u64 (first 8 bytes): fad908be9a647848","@module":"flavor::psp::format_2025::builder::slot_processor","@pid":14159,"@timestamp":"2026-03-31T20:29:40.753512Z"}
test psp::format_2025::launcher::command::tests::test_path_not_set_uses_only_bin_dir ... ok{"@file":"src/psp/format_2025/execution/validation.rs","@level":"error","@line":101,"@message":"🚨 Refusing to continue. Set FLAVOR_VALIDATION=relaxed to bypass (NOT RECOMMENDED)","@module":"flavor::psp::format_2025::execution::validation","@pid":14159,"@timestamp":"2026-03-31T20:29:40.753456Z"}

{"@file":"src/psp/format_2025/operations.rs","@level":"debug","@line":37,"@message":"✅ Operations packed: result=4097","@module":"flavor::psp::format_2025::operations","@pid":14159,"@timestamp":"2026-03-31T20:29:40.753594Z"}
test psp::format_2025::launcher::command::tests::test_path_prepend_uses_correct_bin_dir_and_separator ... ok
{"@file":"src/psp/format_2025/builder/slot_processor.rs","@level":"debug","@line":333,"@message":"📍 Slot 0: payload size 12 bytes, checksum fad908be9a647848","@module":"flavor::psp::format_2025::builder::slot_processor","@pid":14159,"@timestamp":"2026-03-31T20:29:40.753632Z"}
test api::tests::detect_package_format_recognizes_pspf_magic_trailer ... {"@file":"src/psp/format_2025/builder/slot_processor.rs","@level":"debug","@line":163,"@message":"✅ Processed 1 slots in 848.333µs","@module":"flavor::psp::format_2025::builder::slot_processor","@pid":14159,"@timestamp":"2026-03-31T20:29:40.753664Z"}
ok
{"@file":"src/psp/format_2025/operations.rs","@level":"debug","@line":37,"@message":"✅ Operations packed: result=4097","@module":"flavor::psp::format_2025::operations","@pid":14159,"@timestamp":"2026-03-31T20:29:40.753814Z"}
test psp::format_2025::launcher::command::tests::test_platform_separator ... ok
test psp::format_2025::index::tests::test_pack_verify_with_values ... ok{"@file":"src/psp/format_2025/operations.rs","@level":"debug","@line":37,"@message":"✅ Operations packed: result=0","@module":"flavor::psp::format_2025::operations","@pid":14159,"@timestamp":"2026-03-31T20:29:40.753923Z"}

{"@file":"src/psp/format_2025/operations.rs","@level":"debug","@line":60,"@message":"✅ Operations unpacked: count=0 operations=[]","@module":"flavor::psp::format_2025::operations","@pid":14159,"@timestamp":"2026-03-31T20:29:40.753958Z"}
test api::tests::launch_package_rejects_unknown_format ... ok
{"@file":"src/psp/format_2025/operations.rs","@level":"debug","@line":37,"@message":"✅ Operations packed: result=4097","@module":"flavor::psp::format_2025::operations","@pid":14159,"@timestamp":"2026-03-31T20:29:40.753993Z"}
test psp::format_2025::crypto::tests::test_sign_and_verify_roundtrip ... ok
test psp::format_2025::launcher::workenv::tests::test_calculate_total_size_needed_uses_multiplier ... ok{"@file":"src/psp/format_2025/operations.rs","@level":"debug","@line":37,"@message":"✅ Operations packed: result=16","@module":"flavor::psp::format_2025::operations","@pid":14159,"@timestamp":"2026-03-31T20:29:40.754053Z"}

{"@file":"src/psp/format_2025/operations.rs","@level":"debug","@line":37,"@message":"✅ Operations packed: result=4097","@module":"flavor::psp::format_2025::operations","@pid":14159,"@timestamp":"2026-03-31T20:29:40.754066Z"}
test psp::format_2025::builder::slot_processor::tests::test_process_slots_self_ref_sets_defaults ... {"@file":"src/psp/format_2025/operations.rs","@level":"debug","@line":60,"@message":"✅ Operations unpacked: count=2 operations=[1, 16]","@module":"flavor::psp::format_2025::operations","@pid":14159,"@timestamp":"2026-03-31T20:29:40.754094Z"}
ok{"@file":"src/psp/format_2025/operations.rs","@level":"warn","@line":20,"@message":"⚠️ Too many operations, truncating to 8: provided=10","@module":"flavor::psp::format_2025::operations","@pid":14159,"@timestamp":"2026-03-31T20:29:40.754103Z"}

{"@file":"src/psp/format_2025/operations.rs","@level":"debug","@line":37,"@message":"✅ Operations packed: result=578437695752307201","@module":"flavor::psp::format_2025::operations","@pid":14159,"@timestamp":"2026-03-31T20:29:40.754128Z"}
test psp::format_2025::index::tests::test_pack_verify_roundtrip ... ok
{"@file":"src/psp/format_2025/operations.rs","@level":"debug","@line":60,"@message":"✅ Operations unpacked: count=8 operations=[1, 2, 3, 4, 5, 6, 7, 8]","@module":"flavor::psp::format_2025::operations","@pid":14159,"@timestamp":"2026-03-31T20:29:40.754151Z"}
test psp::format_2025::launcher::workenv::tests::test_ensure_sufficient_disk_space_accepts_available_capacity ... ok{"@file":"src/psp/format_2025/operations.rs","@level":"debug","@line":60,"@message":"✅ Operations unpacked: count=2 operations=[1, 16]","@module":"flavor::psp::format_2025::operations","@pid":14159,"@timestamp":"2026-03-31T20:29:40.754171Z"}

{"@file":"src/psp/format_2025/operations.rs","@level":"debug","@line":60,"@message":"✅ Operations unpacked: count=1 operations=[16]","@module":"flavor::psp::format_2025::operations","@pid":14159,"@timestamp":"2026-03-31T20:29:40.754205Z"}
test psp::format_2025::builder::slot_processor::tests::test_create_slot_descriptor_uses_default_permissions_for_invalid_octal ... ok
test psp::format_2025::launcher::workenv::tests::test_ensure_sufficient_disk_space_rejects_insufficient_capacity ... ok
test api::tests::build_package_rejects_unknown_format ... ok
test psp::format_2025::execution::validation::tests::validate_package_checksum_mismatch_varies_by_validation_level ... {"@file":"src/psp/format_2025/pe_utils.rs","@level":"debug","@line":88,"@message":"Detected Go binary with minimal DOS stub: pe_offset=0x80 (128 bytes)","@module":"flavor::psp::format_2025::pe_utils","@pid":14159,"@timestamp":"2026-03-31T20:29:40.754363Z"}
ok
test logger::tests::json_logger_writes_structured_records_to_file ... ok{"@file":"src/psp/format_2025/operations.rs","@level":"debug","@line":37,"@message":"✅ Operations packed: result=0","@module":"flavor::psp::format_2025::operations","@pid":14159,"@timestamp":"2026-03-31T20:29:40.754419Z"}

{"@file":"src/psp/format_2025/operations.rs","@level":"debug","@line":60,"@message":"✅ Operations unpacked: count=0 operations=[]","@module":"flavor::psp::format_2025::operations","@pid":14159,"@timestamp":"2026-03-31T20:29:40.754456Z"}
test psp::format_2025::operations::tests::test_empty_operations ... ok{"@file":"src/psp/format_2025/extraction.rs","@level":"debug","@line":307,"@message":"📦 Extracting tarball to \"/var/folders/sg/wy47gw996f78fznt898m8x540000gn/T/.tmpiev4pf\"","@module":"flavor::psp::format_2025::extraction","@pid":14159,"@timestamp":"2026-03-31T20:29:40.754453Z"}

test psp::format_2025::operations::tests::test_pack_multiple_operations ... ok
{"@file":"src/psp/format_2025/operations.rs","@level":"debug","@line":37,"@message":"✅ Operations packed: result=1788","@module":"flavor::psp::format_2025::operations","@pid":14159,"@timestamp":"2026-03-31T20:29:40.754522Z"}
test psp::format_2025::operations::tests::test_pack_single_operation ... ok
{"@file":"src/psp/format_2025/operations.rs","@level":"debug","@line":60,"@message":"✅ Operations unpacked: count=2 operations=[252, 6]","@module":"flavor::psp::format_2025::operations","@pid":14159,"@timestamp":"2026-03-31T20:29:40.754552Z"}
test psp::format_2025::operations::tests::test_round_trip ... ok
test psp::format_2025::operations::tests::test_too_many_operations ... {"@file":"src/psp/format_2025/operations.rs","@level":"debug","@line":37,"@message":"✅ Operations packed: result=20806","@module":"flavor::psp::format_2025::operations","@pid":14159,"@timestamp":"2026-03-31T20:29:40.754610Z"}
ok
{"@file":"src/psp/format_2025/operations.rs","@level":"debug","@line":60,"@message":"✅ Operations unpacked: count=2 operations=[70, 81]","@module":"flavor::psp::format_2025::operations","@pid":14159,"@timestamp":"2026-03-31T20:29:40.754637Z"}
test psp::format_2025::operations::tests::test_unpack_multiple_operations ... ok
{"@file":"src/psp/format_2025/operations.rs","@level":"debug","@line":37,"@message":"✅ Operations packed: result=2882010300","@module":"flavor::psp::format_2025::operations","@pid":14159,"@timestamp":"2026-03-31T20:29:40.754677Z"}
test psp::format_2025::operations::tests::test_unpack_single_operation ... {"@file":"src/psp/format_2025/operations.rs","@level":"debug","@line":37,"@message":"✅ Operations packed: result=17457557529740449511","@module":"flavor::psp::format_2025::operations","@pid":14159,"@timestamp":"2026-03-31T20:29:40.754697Z"}
ok
{"@file":"src/psp/format_2025/operations.rs","@level":"debug","@line":60,"@message":"✅ Operations unpacked: count=8 operations=[216, 185, 131, 178, 111, 41, 21, 38]","@module":"flavor::psp::format_2025::operations","@pid":14159,"@timestamp":"2026-03-31T20:29:40.754674Z"}
{"@file":"src/psp/format_2025/operations.rs","@level":"debug","@line":60,"@message":"✅ Operations unpacked: count=8 operations=[231, 22, 32, 70, 20, 180, 69, 242]","@module":"flavor::psp::format_2025::operations","@pid":14159,"@timestamp":"2026-03-31T20:29:40.754729Z"}
test psp::format_2025::paths::tests::test_paths_structure ... {"@file":"src/psp/format_2025/operations.rs","@level":"debug","@line":37,"@message":"✅ Operations packed: result=0","@module":"flavor::psp::format_2025::operations","@pid":14159,"@timestamp":"2026-03-31T20:29:40.754747Z"}
ok{"@file":"src/psp/format_2025/operations.rs","@level":"debug","@line":37,"@message":"✅ Operations packed: result=2744145107665271256","@module":"flavor::psp::format_2025::operations","@pid":14159,"@timestamp":"2026-03-31T20:29:40.754758Z"}

{"@file":"src/psp/format_2025/operations.rs","@level":"debug","@line":37,"@message":"✅ Operations packed: result=11115188","@module":"flavor::psp::format_2025::operations","@pid":14159,"@timestamp":"2026-03-31T20:29:40.754866Z"}
{"@file":"src/psp/format_2025/operations.rs","@level":"debug","@line":60,"@message":"✅ Operations unpacked: count=8 operations=[216, 185, 131, 178, 111, 41, 21, 38]","@module":"flavor::psp::format_2025::operations","@pid":14159,"@timestamp":"2026-03-31T20:29:40.754988Z"}
test psp::format_2025::pe_resources::tests::test_non_windows_stub ... {"@file":"src/psp/format_2025/operations.rs","@level":"debug","@line":60,"@message":"✅ Operations unpacked: count=3 operations=[180, 154, 169]","@module":"flavor::psp::format_2025::operations","@pid":14159,"@timestamp":"2026-03-31T20:29:40.755005Z"}
ok
{"@file":"src/psp/format_2025/operations.rs","@level":"debug","@line":37,"@message":"✅ Operations packed: result=228","@module":"flavor::psp::format_2025::operations","@pid":14159,"@timestamp":"2026-03-31T20:29:40.754912Z"}
test psp::format_2025::pe_utils::tests::test_is_pe_executable ... {"@file":"src/psp/format_2025/operations.rs","@level":"debug","@line":60,"@message":"✅ Operations unpacked: count=8 operations=[188, 219, 122, 51, 221, 100, 56, 180]","@module":"flavor::psp::format_2025::operations","@pid":14159,"@timestamp":"2026-03-31T20:29:40.755051Z"}
ok
{"@file":"src/psp/format_2025/operations.rs","@level":"debug","@line":37,"@message":"✅ Operations packed: result=0","@module":"flavor::psp::format_2025::operations","@pid":14159,"@timestamp":"2026-03-31T20:29:40.755073Z"}
{"@file":"src/psp/format_2025/operations.rs","@level":"debug","@line":37,"@message":"✅ Operations packed: result=1526028","@module":"flavor::psp::format_2025::operations","@pid":14159,"@timestamp":"2026-03-31T20:29:40.755092Z"}
test psp::format_2025::pe_utils::tests::test_needs_dos_stub_expansion ... {"@file":"src/psp/format_2025/operations.rs","@level":"debug","@line":60,"@message":"✅ Operations unpacked: count=0 operations=[]","@module":"flavor::psp::format_2025::operations","@pid":14159,"@timestamp":"2026-03-31T20:29:40.755111Z"}
ok
{"@file":"src/psp/format_2025/operations.rs","@level":"debug","@line":37,"@message":"✅ Operations packed: result=12986240426737064892","@module":"flavor::psp::format_2025::operations","@pid":14159,"@timestamp":"2026-03-31T20:29:40.755082Z"}
{"@file":"src/psp/format_2025/operations.rs","@level":"debug","@line":37,"@message":"✅ Operations packed: result=15788985","@module":"flavor::psp::format_2025::operations","@pid":14159,"@timestamp":"2026-03-31T20:29:40.755157Z"}
test psp::format_2025::policy::tests::test_enforce_policy_age_exceeded ... {"@file":"src/psp/format_2025/operations.rs","@level":"debug","@line":37,"@message":"✅ Operations packed: result=9612690","@module":"flavor::psp::format_2025::operations","@pid":14159,"@timestamp":"2026-03-31T20:29:40.755176Z"}
ok
{"@file":"src/psp/format_2025/operations.rs","@level":"debug","@line":60,"@message":"✅ Operations unpacked: count=8 operations=[188, 219, 122, 51, 221, 100, 56, 180]","@module":"flavor::psp::format_2025::operations","@pid":14159,"@timestamp":"2026-03-31T20:29:40.755157Z"}
{"@file":"src/psp/format_2025/operations.rs","@level":"debug","@line":60,"@message":"✅ Operations unpacked: count=3 operations=[146, 173, 146]","@module":"flavor::psp::format_2025::operations","@pid":14159,"@timestamp":"2026-03-31T20:29:40.755209Z"}
test psp::format_2025::policy::tests::test_enforce_policy_env_var_missing ... {"@file":"src/psp/format_2025/operations.rs","@level":"debug","@line":37,"@message":"✅ Operations packed: result=15887","@module":"flavor::psp::format_2025::operations","@pid":14159,"@timestamp":"2026-03-31T20:29:40.755223Z"}
ok
test psp::format_2025::policy::tests::test_enforce_policy_env_var_present ... ok
{"@file":"src/psp/format_2025/operations.rs","@level":"debug","@line":60,"@message":"✅ Operations unpacked: count=8 operations=[251, 71, 49, 59, 23, 9, 59, 200]","@module":"flavor::psp::format_2025::operations","@pid":14159,"@timestamp":"2026-03-31T20:29:40.755285Z"}
test psp::format_2025::policy::tests::test_enforce_policy_permissive ... {"@file":"src/psp/format_2025/operations.rs","@level":"debug","@line":37,"@message":"✅ Operations packed: result=143337939155761","@module":"flavor::psp::format_2025::operations","@pid":14159,"@timestamp":"2026-03-31T20:29:40.755314Z"}
ok{"@file":"src/psp/format_2025/operations.rs","@level":"debug","@line":37,"@message":"✅ Operations packed: result=14428135826593499131","@module":"flavor::psp::format_2025::operations","@pid":14159,"@timestamp":"2026-03-31T20:29:40.755678Z"}

{"@file":"src/psp/format_2025/operations.rs","@level":"debug","@line":37,"@message":"✅ Operations packed: result=2967941475","@module":"flavor::psp::format_2025::operations","@pid":14159,"@timestamp":"2026-03-31T20:29:40.755361Z"}
test psp::format_2025::policy::tests::test_enforce_policy_platform_blocked ... {"@file":"src/psp/format_2025/operations.rs","@level":"debug","@line":60,"@message":"✅ Operations unpacked: count=8 operations=[251, 71, 49, 59, 23, 9, 59, 200]","@module":"flavor::psp::format_2025::operations","@pid":14159,"@timestamp":"2026-03-31T20:29:40.755733Z"}
ok
{"@file":"src/psp/format_2025/operations.rs","@level":"debug","@line":60,"@message":"✅ Operations unpacked: count=4 operations=[99, 49, 231, 176]","@module":"flavor::psp::format_2025::operations","@pid":14159,"@timestamp":"2026-03-31T20:29:40.755751Z"}
{"@file":"src/psp/format_2025/operations.rs","@level":"debug","@line":37,"@message":"✅ Operations packed: result=14751862","@module":"flavor::psp::format_2025::operations","@pid":14159,"@timestamp":"2026-03-31T20:29:40.755736Z"}
test psp::format_2025::policy::tests::test_enforce_policy_refuse_root_current_platform ... ok{"@file":"src/psp/format_2025/execution/validation.rs","@level":"debug","@line":191,"@message":"💾 Saved index metadata to \"/var/folders/sg/wy47gw996f78fznt898m8x540000gn/T/.tmpu0JLzd/workenv/.demo.pspf/instance/index.json\"","@module":"flavor::psp::format_2025::execution::validation","@pid":14159,"@timestamp":"2026-03-31T20:29:40.755758Z"}

{"@file":"src/psp/format_2025/operations.rs","@level":"debug","@line":60,"@message":"✅ Operations unpacked: count=8 operations=[160, 32, 20, 228, 1, 225, 101, 84]","@module":"flavor::psp::format_2025::operations","@pid":14159,"@timestamp":"2026-03-31T20:29:40.755800Z"}
test psp::format_2025::policy::tests::test_enforce_policy_require_trusted_key_not_required ... {"@file":"src/psp/format_2025/operations.rs","@level":"debug","@line":37,"@message":"✅ Operations packed: result=40124621543668315","@module":"flavor::psp::format_2025::operations","@pid":14159,"@timestamp":"2026-03-31T20:29:40.755825Z"}
ok
{"@file":"src/psp/format_2025/operations.rs","@level":"debug","@line":37,"@message":"✅ Operations packed: result=6081514270071464096","@module":"flavor::psp::format_2025::operations","@pid":14159,"@timestamp":"2026-03-31T20:29:40.755856Z"}
{"@file":"src/psp/format_2025/operations.rs","@level":"debug","@line":60,"@message":"✅ Operations unpacked: count=7 operations=[91, 122, 219, 117, 33, 141, 142]","@module":"flavor::psp::format_2025::operations","@pid":14159,"@timestamp":"2026-03-31T20:29:40.755877Z"}
test psp::format_2025::policy::tests::test_enforce_policy_require_trusted_key_trusted ... ok{"@file":"src/psp/format_2025/operations.rs","@level":"debug","@line":37,"@message":"✅ Operations packed: result=99549841211768","@module":"flavor::psp::format_2025::operations","@pid":14159,"@timestamp":"2026-03-31T20:29:40.755845Z"}

{"@file":"src/psp/format_2025/execution/validation.rs","@level":"debug","@line":121,"@message":"💾 Saved package checksum: deadbeef","@module":"flavor::psp::format_2025::execution::validation","@pid":14159,"@timestamp":"2026-03-31T20:29:40.755837Z"}
{"@file":"src/psp/format_2025/operations.rs","@level":"debug","@line":60,"@message":"✅ Operations unpacked: count=8 operations=[160, 32, 20, 228, 1, 225, 101, 84]","@module":"flavor::psp::format_2025::operations","@pid":14159,"@timestamp":"2026-03-31T20:29:40.755905Z"}
test psp::format_2025::policy::tests::test_enforce_policy_require_trusted_key_untrusted ... ok
{"@file":"src/psp/format_2025/operations.rs","@level":"debug","@line":37,"@message":"✅ Operations packed: result=0","@module":"flavor::psp::format_2025::operations","@pid":14159,"@timestamp":"2026-03-31T20:29:40.755941Z"}
test psp::format_2025::extraction::tests::test_extract_tarball_rejects_symlink_entries ... {"@file":"src/psp/format_2025/operations.rs","@level":"debug","@line":37,"@message":"✅ Operations packed: result=0","@module":"flavor::psp::format_2025::operations","@pid":14159,"@timestamp":"2026-03-31T20:29:40.755978Z"}
ok
{"@file":"src/psp/format_2025/operations.rs","@level":"debug","@line":60,"@message":"✅ Operations unpacked: count=0 operations=[]","@module":"flavor::psp::format_2025::operations","@pid":14159,"@timestamp":"2026-03-31T20:29:40.756027Z"}
{"@file":"src/psp/format_2025/operations.rs","@level":"debug","@line":60,"@message":"✅ Operations unpacked: count=8 operations=[151, 102, 94, 187, 170, 139, 222, 136]","@module":"flavor::psp::format_2025::operations","@pid":14159,"@timestamp":"2026-03-31T20:29:40.756001Z"}
test psp::format_2025::policy::tests::test_enforce_policy_sbom_required ... ok
{"@file":"src/psp/format_2025/operations.rs","@level":"debug","@line":37,"@message":"✅ Operations packed: result=3235081010","@module":"flavor::psp::format_2025::operations","@pid":14159,"@timestamp":"2026-03-31T20:29:40.756091Z"}
{"@file":"src/psp/format_2025/operations.rs","@level":"debug","@line":37,"@message":"✅ Operations packed: result=9862473799392192151","@module":"flavor::psp::format_2025::operations","@pid":14159,"@timestamp":"2026-03-31T20:29:40.756087Z"}
test psp::format_2025::policy::tests::test_get_current_platform_nonempty ... ok{"@file":"src/psp/format_2025/operations.rs","@level":"debug","@line":37,"@message":"✅ Operations packed: result=1000816997501","@module":"flavor::psp::format_2025::operations","@pid":14159,"@timestamp":"2026-03-31T20:29:40.756102Z"}

{"@file":"src/psp/format_2025/execution/validation.rs","@level":"debug","@line":25,"@message":"✅ Package checksum matches cached version: deadbeef","@module":"flavor::psp::format_2025::execution::validation","@pid":14159,"@timestamp":"2026-03-31T20:29:40.756046Z"}
test psp::format_2025::policy::tests::test_load_operator_policy_missing_file ... {"@file":"src/psp/format_2025/operations.rs","@level":"debug","@line":37,"@message":"✅ Operations packed: result=2497675158440915960","@module":"flavor::psp::format_2025::operations","@pid":14159,"@timestamp":"2026-03-31T20:29:40.756160Z"}
ok
{"@file":"src/psp/format_2025/execution/validation.rs","@level":"debug","@line":121,"@message":"💾 Saved package checksum: 12345678","@module":"flavor::psp::format_2025::execution::validation","@pid":14159,"@timestamp":"2026-03-31T20:29:40.756155Z"}
{"@file":"src/psp/format_2025/operations.rs","@level":"debug","@line":60,"@message":"✅ Operations unpacked: count=5 operations=[125, 116, 87, 5, 233]","@module":"flavor::psp::format_2025::operations","@pid":14159,"@timestamp":"2026-03-31T20:29:40.756168Z"}
test psp::format_2025::policy::tests::test_merge_policy_max_age_days_min ... ok{"@file":"src/psp/format_2025/operations.rs","@level":"debug","@line":60,"@message":"✅ Operations unpacked: count=8 operations=[151, 102, 94, 187, 170, 139, 222, 136]","@module":"flavor::psp::format_2025::operations","@pid":14159,"@timestamp":"2026-03-31T20:29:40.756139Z"}

{"@file":"src/psp/format_2025/runtime.rs","@level":"debug","@line":174,"@message":"📋 Pattern processor: 2 patterns (1 exact)","@module":"flavor::psp::format_2025::runtime::runtime_impl::patterns","@pid":14159,"@timestamp":"2026-03-31T20:29:40.756227Z"}
test psp::format_2025::policy::tests::test_merge_policy_max_age_only_pkg ... {"@file":"src/psp/format_2025/operations.rs","@level":"debug","@line":37,"@message":"✅ Operations packed: result=200","@module":"flavor::psp::format_2025::operations","@pid":14159,"@timestamp":"2026-03-31T20:29:40.756230Z"}
ok
{"@file":"src/psp/format_2025/runtime.rs","@level":"debug","@line":39,"@message":"🔧 Processing runtime environment configuration","@module":"flavor::psp::format_2025::runtime::runtime_impl","@pid":14159,"@timestamp":"2026-03-31T20:29:40.756255Z"}
{"@file":"src/psp/format_2025/operations.rs","@level":"debug","@line":60,"@message":"✅ Operations unpacked: count=8 operations=[77, 238, 102, 244, 42, 88, 30, 91]","@module":"flavor::psp::format_2025::operations","@pid":14159,"@timestamp":"2026-03-31T20:29:40.756291Z"}
test psp::format_2025::policy::tests::test_merge_policy_platforms_intersection ... {"@file":"src/psp/format_2025/operations.rs","@level":"debug","@line":37,"@message":"✅ Operations packed: result=53142817360263164","@module":"flavor::psp::format_2025::operations","@pid":14159,"@timestamp":"2026-03-31T20:29:40.756272Z"}
ok
{"@file":"src/psp/format_2025/operations.rs","@level":"debug","@line":37,"@message":"✅ Operations packed: result=271064004282679","@module":"flavor::psp::format_2025::operations","@pid":14159,"@timestamp":"2026-03-31T20:29:40.756334Z"}
{"@file":"src/psp/format_2025/runtime.rs","@level":"debug","@line":39,"@message":"🔧 Processing runtime environment configuration","@module":"flavor::psp::format_2025::runtime::runtime_impl","@pid":14159,"@timestamp":"2026-03-31T20:29:40.756290Z"}
test psp::format_2025::policy::tests::test_merge_policy_platforms_only_operator ... {"@file":"src/psp/format_2025/operations.rs","@level":"debug","@line":37,"@message":"✅ Operations packed: result=6565782248265018957","@module":"flavor::psp::format_2025::operations","@pid":14159,"@timestamp":"2026-03-31T20:29:40.756325Z"}
ok{"@file":"src/psp/format_2025/runtime.rs","@level":"debug","@line":174,"@message":"📋 Pattern processor: 1 patterns (1 exact)","@module":"flavor::psp::format_2025::runtime::runtime_impl::patterns","@pid":14159,"@timestamp":"2026-03-31T20:29:40.756385Z"}

{"@file":"src/psp/format_2025/execution/validation.rs","@level":"debug","@line":25,"@message":"✅ Package checksum matches cached version: 12345678","@module":"flavor::psp::format_2025::execution::validation","@pid":14159,"@timestamp":"2026-03-31T20:29:40.756296Z"}
{"@file":"src/psp/format_2025/runtime.rs","@level":"debug","@line":75,"@message":"📋 Unset patterns found: [\"REMOVE_ME\"]","@module":"flavor::psp::format_2025::runtime::runtime_impl","@pid":14159,"@timestamp":"2026-03-31T20:29:40.756416Z"}
test psp::format_2025::builder::slot_processor::tests::test_process_slots_regular_file_builds_descriptor ... {"@file":"src/psp/format_2025/operations.rs","@level":"debug","@line":60,"@message":"✅ Operations unpacked: count=7 operations=[252, 55, 31, 95, 28, 205, 188]","@module":"flavor::psp::format_2025::operations","@pid":14159,"@timestamp":"2026-03-31T20:29:40.756352Z"}
ok{"@file":"src/psp/format_2025/runtime.rs","@level":"debug","@line":174,"@message":"📋 Pattern processor: 2 patterns (1 exact)","@module":"flavor::psp::format_2025::runtime::runtime_impl::patterns","@pid":14159,"@timestamp":"2026-03-31T20:29:40.756328Z"}

{"@file":"src/psp/format_2025/operations.rs","@level":"debug","@line":37,"@message":"✅ Operations packed: result=0","@module":"flavor::psp::format_2025::operations","@pid":14159,"@timestamp":"2026-03-31T20:29:40.756396Z"}
{"@file":"src/psp/format_2025/runtime.rs","@level":"debug","@line":75,"@message":"📋 Unset patterns found: [\"DROP_*\"]","@module":"flavor::psp::format_2025::runtime::runtime_impl","@pid":14159,"@timestamp":"2026-03-31T20:29:40.756485Z"}
test psp::format_2025::policy::tests::test_merge_policy_refuse_root ... {"@file":"src/psp/format_2025/operations.rs","@level":"debug","@line":37,"@message":"✅ Operations packed: result=9495","@module":"flavor::psp::format_2025::operations","@pid":14159,"@timestamp":"2026-03-31T20:29:40.756500Z"}
ok
{"@file":"src/psp/format_2025/runtime.rs","@level":"debug","@line":253,"@message":"🗑️ Processing 1 unset patterns","@module":"flavor::psp::format_2025::runtime::runtime_impl::operations","@pid":14159,"@timestamp":"2026-03-31T20:29:40.756521Z"}
test psp::format_2025::builder::slot_processor::tests::test_resolve_slot_path_uses_current_dir_when_workenv_base_is_unset ... ok{"@file":"src/psp/format_2025/runtime.rs","@level":"debug","@line":256,"@message":"  Processing unset pattern: 'DROP_*'","@module":"flavor::psp::format_2025::runtime::runtime_impl::operations","@pid":14159,"@timestamp":"2026-03-31T20:29:40.756568Z"}

{"@file":"src/psp/format_2025/runtime.rs","@level":"debug","@line":39,"@message":"🔧 Processing runtime environment configuration","@module":"flavor::psp::format_2025::runtime::runtime_impl","@pid":14159,"@timestamp":"2026-03-31T20:29:40.756340Z"}
test psp::format_2025::policy::tests::test_parse_policy_file_all_fields ... {"@file":"src/psp/format_2025/runtime.rs","@level":"debug","@line":253,"@message":"🗑️ Processing 1 unset patterns","@module":"flavor::psp::format_2025::runtime::runtime_impl::operations","@pid":14159,"@timestamp":"2026-03-31T20:29:40.756452Z"}
ok
{"@file":"src/psp/format_2025/runtime.rs","@level":"debug","@line":174,"@message":"📋 Pattern processor: 1 patterns (1 exact)","@module":"flavor::psp::format_2025::runtime::runtime_impl::patterns","@pid":14159,"@timestamp":"2026-03-31T20:29:40.756629Z"}
{"@file":"src/psp/format_2025/runtime.rs","@level":"debug","@line":256,"@message":"  Processing unset pattern: 'REMOVE_ME'","@module":"flavor::psp::format_2025::runtime::runtime_impl::operations","@pid":14159,"@timestamp":"2026-03-31T20:29:40.756647Z"}
test psp::format_2025::policy::tests::test_parse_policy_file_allow_platforms ... {"@file":"src/psp/format_2025/operations.rs","@level":"debug","@line":60,"@message":"✅ Operations unpacked: count=8 operations=[77, 238, 102, 244, 42, 88, 30, 91]","@module":"flavor::psp::format_2025::operations","@pid":14159,"@timestamp":"2026-03-31T20:29:40.756403Z"}
ok
{"@file":"src/psp/format_2025/runtime.rs","@level":"debug","@line":261,"@message":"  Match: glob pattern","@module":"flavor::psp::format_2025::runtime::runtime_impl::operations","@pid":14159,"@timestamp":"2026-03-31T20:29:40.756598Z"}
{"@file":"src/psp/format_2025/operations.rs","@level":"debug","@line":37,"@message":"✅ Operations packed: result=149","@module":"flavor::psp::format_2025::operations","@pid":14159,"@timestamp":"2026-03-31T20:29:40.756534Z"}
test psp::format_2025::policy::tests::test_parse_policy_file_ignores_comments ... {"@file":"src/psp/format_2025/operations.rs","@level":"debug","@line":60,"@message":"✅ Operations unpacked: count=2 operations=[23, 37]","@module":"flavor::psp::format_2025::operations","@pid":14159,"@timestamp":"2026-03-31T20:29:40.756535Z"}
ok{"@file":"src/psp/format_2025/operations.rs","@level":"debug","@line":60,"@message":"✅ Operations unpacked: count=8 operations=[252, 18, 71, 9, 28, 61, 216, 19]","@module":"flavor::psp::format_2025::operations","@pid":14159,"@timestamp":"2026-03-31T20:29:40.756736Z"}

{"@file":"src/psp/format_2025/runtime.rs","@level":"debug","@line":264,"@message":"  Match: exact pattern","@module":"flavor::psp::format_2025::runtime::runtime_impl::operations","@pid":14159,"@timestamp":"2026-03-31T20:29:40.756682Z"}
{"@file":"src/psp/format_2025/operations.rs","@level":"debug","@line":37,"@message":"✅ Operations packed: result=192","@module":"flavor::psp::format_2025::operations","@pid":14159,"@timestamp":"2026-03-31T20:29:40.756774Z"}
test psp::format_2025::policy::tests::test_parse_policy_file_inline_comment ... {"@file":"src/psp/format_2025/operations.rs","@level":"debug","@line":37,"@message":"✅ Operations packed: result=37325","@module":"flavor::psp::format_2025::operations","@pid":14159,"@timestamp":"2026-03-31T20:29:40.756789Z"}
ok
{"@file":"src/psp/format_2025/runtime.rs","@level":"debug","@line":75,"@message":"📋 Unset patterns found: [\"DROP_*\"]","@module":"flavor::psp::format_2025::runtime::runtime_impl","@pid":14159,"@timestamp":"2026-03-31T20:29:40.756670Z"}
test psp::format_2025::policy::tests::test_parse_toml_string_list_empty ... {"@file":"src/psp/format_2025/operations.rs","@level":"debug","@line":37,"@message":"✅ Operations packed: result=1429960072314163964","@module":"flavor::psp::format_2025::operations","@pid":14159,"@timestamp":"2026-03-31T20:29:40.756778Z"}
ok
{"@file":"src/psp/format_2025/launcher/filesystem.rs","@level":"debug","@line":70,"@message":"Fixed shebang in \"tool\"","@module":"flavor::psp::format_2025::launcher::filesystem","@pid":14159,"@timestamp":"2026-03-31T20:29:40.756716Z"}
{"@file":"src/psp/format_2025/operations.rs","@level":"debug","@line":60,"@message":"✅ Operations unpacked: count=8 operations=[252, 18, 71, 9, 28, 61, 216, 19]","@module":"flavor::psp::format_2025::operations","@pid":14159,"@timestamp":"2026-03-31T20:29:40.756872Z"}
test psp::format_2025::policy::tests::test_parse_toml_string_list_invalid ... ok
{"@file":"src/psp/format_2025/runtime.rs","@level":"debug","@line":330,"@message":"🗑️ Unset: REMOVE_ME","@module":"flavor::psp::format_2025::runtime::runtime_impl::operations","@pid":14159,"@timestamp":"2026-03-31T20:29:40.756798Z"}
{"@file":"src/psp/format_2025/operations.rs","@level":"debug","@line":60,"@message":"✅ Operations unpacked: count=2 operations=[205, 145]","@module":"flavor::psp::format_2025::operations","@pid":14159,"@timestamp":"2026-03-31T20:29:40.756824Z"}
test psp::format_2025::policy::tests::test_parse_toml_string_list_single_quotes ... ok{"@file":"src/psp/format_2025/operations.rs","@level":"debug","@line":37,"@message":"✅ Operations packed: result=169836124","@module":"flavor::psp::format_2025::operations","@pid":14159,"@timestamp":"2026-03-31T20:29:40.756839Z"}

{"@file":"src/psp/format_2025/runtime.rs","@level":"debug","@line":253,"@message":"🗑️ Processing 1 unset patterns","@module":"flavor::psp::format_2025::runtime::runtime_impl::operations","@pid":14159,"@timestamp":"2026-03-31T20:29:40.756848Z"}
{"@file":"src/psp/format_2025/runtime.rs","@level":"debug","@line":256,"@message":"  Processing unset pattern: 'DROP_*'","@module":"flavor::psp::format_2025::runtime::runtime_impl::operations","@pid":14159,"@timestamp":"2026-03-31T20:29:40.757013Z"}
{"@file":"src/psp/format_2025/runtime.rs","@level":"debug","@line":86,"@message":"🧹 Stripped 1 env vars from child environment: DROP_ME","@module":"flavor::psp::format_2025::runtime::runtime_impl","@pid":14159,"@timestamp":"2026-03-31T20:29:40.756742Z"}
test psp::format_2025::runtime::runtime_impl::tests::pattern_processor_requires_exact_pass_patterns ... {"@file":"src/psp/format_2025/runtime.rs","@level":"debug","@line":261,"@message":"  Match: glob pattern","@module":"flavor::psp::format_2025::runtime::runtime_impl::operations","@pid":14159,"@timestamp":"2026-03-31T20:29:40.757043Z"}
ok{"@file":"src/psp/format_2025/operations.rs","@level":"debug","@line":37,"@message":"✅ Operations packed: result=10465907","@module":"flavor::psp::format_2025::operations","@pid":14159,"@timestamp":"2026-03-31T20:29:40.757016Z"}

{"@file":"src/psp/format_2025/operations.rs","@level":"debug","@line":37,"@message":"✅ Operations packed: result=442074933687","@module":"flavor::psp::format_2025::operations","@pid":14159,"@timestamp":"2026-03-31T20:29:40.757028Z"}
{"@file":"src/psp/format_2025/operations.rs","@level":"debug","@line":60,"@message":"✅ Operations unpacked: count=3 operations=[115, 178, 159]","@module":"flavor::psp::format_2025::operations","@pid":14159,"@timestamp":"2026-03-31T20:29:40.757097Z"}
test psp::format_2025::trust::tests::test_compute_key_fingerprint_valid ... ok
{"@file":"src/psp/format_2025/operations.rs","@level":"debug","@line":60,"@message":"✅ Operations unpacked: count=8 operations=[116, 63, 22, 183, 54, 37, 167, 63]","@module":"flavor::psp::format_2025::operations","@pid":14159,"@timestamp":"2026-03-31T20:29:40.756938Z"}
test psp::format_2025::trust::tests::test_compute_key_fingerprint_wrong_length ... {"@file":"src/psp/format_2025/operations.rs","@level":"debug","@line":37,"@message":"✅ Operations packed: result=232","@module":"flavor::psp::format_2025::operations","@pid":14159,"@timestamp":"2026-03-31T20:29:40.757157Z"}
ok
{"@file":"src/psp/format_2025/runtime.rs","@level":"debug","@line":86,"@message":"🧹 Stripped 1 env vars from child environment: REMOVE_ME","@module":"flavor::psp::format_2025::runtime::runtime_impl","@pid":14159,"@timestamp":"2026-03-31T20:29:40.756939Z"}
test psp::format_2025::trust::tests::test_extract_ed25519_raw_key_valid_spki ... ok
test psp::format_2025::trust::tests::test_extract_ed25519_raw_key_wrong_length ... ok
{"@file":"src/psp/format_2025/operations.rs","@level":"debug","@line":37,"@message":"✅ Operations packed: result=4586675662430289780","@module":"flavor::psp::format_2025::operations","@pid":14159,"@timestamp":"2026-03-31T20:29:40.757194Z"}
test psp::format_2025::trust::tests::test_extract_ed25519_raw_key_wrong_prefix ... ok
{"@file":"src/psp/format_2025/runtime.rs","@level":"debug","@line":92,"@message":"✅ Unset operations completed successfully","@module":"flavor::psp::format_2025::runtime::runtime_impl","@pid":14159,"@timestamp":"2026-03-31T20:29:40.757065Z"}
test psp::format_2025::trust::tests::test_is_key_trusted_no_store ... ok
{"@file":"src/psp/format_2025/runtime.rs","@level":"debug","@line":86,"@message":"🧹 Stripped 2 env vars from child environment: DROP_A, DROP_B","@module":"flavor::psp::format_2025::runtime::runtime_impl","@pid":14159,"@timestamp":"2026-03-31T20:29:40.757091Z"}
{"@file":"src/psp/format_2025/operations.rs","@level":"debug","@line":60,"@message":"✅ Operations unpacked: count=1 operations=[232]","@module":"flavor::psp::format_2025::operations","@pid":14159,"@timestamp":"2026-03-31T20:29:40.757191Z"}
test psp::format_2025::trust::tests::test_load_keys_from_dir_missing ... ok
{"@file":"src/psp/format_2025/runtime.rs","@level":"debug","@line":92,"@message":"✅ Unset operations completed successfully","@module":"flavor::psp::format_2025::runtime::runtime_impl","@pid":14159,"@timestamp":"2026-03-31T20:29:40.757231Z"}
{"@file":"src/psp/format_2025/runtime.rs","@level":"debug","@line":92,"@message":"✅ Unset operations completed successfully","@module":"flavor::psp::format_2025::runtime::runtime_impl","@pid":14159,"@timestamp":"2026-03-31T20:29:40.757382Z"}
test psp::format_2025::verifier::tests::test_verify_slot_checksum_detects_tampering ... {"@file":"src/psp/format_2025/operations.rs","@level":"debug","@line":37,"@message":"✅ Operations packed: result=5053804711015432","@module":"flavor::psp::format_2025::operations","@pid":14159,"@timestamp":"2026-03-31T20:29:40.757463Z"}
ok
{"@file":"src/psp/format_2025/runtime.rs","@level":"debug","@line":351,"@message":"🔄 Processing 1 map operations","@module":"flavor::psp::format_2025::runtime::runtime_impl::operations","@pid":14159,"@timestamp":"2026-03-31T20:29:40.757336Z"}
{"@file":"src/psp/format_2025/runtime.rs","@level":"debug","@line":135,"@message":"✅ Runtime environment processing complete","@module":"flavor::psp::format_2025::runtime::runtime_impl","@pid":14159,"@timestamp":"2026-03-31T20:29:40.757438Z"}
{"@file":"src/psp/format_2025/runtime.rs","@level":"debug","@line":365,"@message":"🔄 Mapped: SOURCE -> RENAMED","@module":"flavor::psp::format_2025::runtime::runtime_impl::operations","@pid":14159,"@timestamp":"2026-03-31T20:29:40.757549Z"}
{"@file":"src/psp/format_2025/operations.rs","@level":"debug","@line":60,"@message":"✅ Operations unpacked: count=8 operations=[116, 63, 22, 183, 54, 37, 167, 63]","@module":"flavor::psp::format_2025::operations","@pid":14159,"@timestamp":"2026-03-31T20:29:40.757298Z"}
{"@file":"src/psp/format_2025/operations.rs","@level":"debug","@line":37,"@message":"✅ Operations packed: result=5919099664168064904","@module":"flavor::psp::format_2025::operations","@pid":14159,"@timestamp":"2026-03-31T20:29:40.757146Z"}
test psp::format_2025::runtime::runtime_impl::tests::process_runtime_env_unset_exact_match_removes_variable ... ok
{"@file":"src/psp/format_2025/operations.rs","@level":"debug","@line":37,"@message":"✅ Operations packed: result=33732018700155164","@module":"flavor::psp::format_2025::operations","@pid":14159,"@timestamp":"2026-03-31T20:29:40.757706Z"}
{"@file":"src/psp/format_2025/runtime.rs","@level":"debug","@line":135,"@message":"✅ Runtime environment processing complete","@module":"flavor::psp::format_2025::runtime::runtime_impl","@pid":14159,"@timestamp":"2026-03-31T20:29:40.757484Z"}
{"@file":"src/psp/format_2025/operations.rs","@level":"debug","@line":60,"@message":"✅ Operations unpacked: count=7 operations=[8, 116, 144, 154, 104, 244, 17]","@module":"flavor::psp::format_2025::operations","@pid":14159,"@timestamp":"2026-03-31T20:29:40.757500Z"}
{"@file":"src/psp/format_2025/operations.rs","@level":"debug","@line":60,"@message":"✅ Operations unpacked: count=8 operations=[207, 195, 188, 221, 151, 192, 233, 69]","@module":"flavor::psp::format_2025::operations","@pid":14159,"@timestamp":"2026-03-31T20:29:40.757642Z"}
{"@file":"src/psp/format_2025/operations.rs","@level":"debug","@line":37,"@message":"✅ Operations packed: result=5037769416683340751","@module":"flavor::psp::format_2025::operations","@pid":14159,"@timestamp":"2026-03-31T20:29:40.757815Z"}
test psp::format_2025::runtime::runtime_impl::tests::process_runtime_env_unset_glob_pattern_removes_matching_variables ... {"@file":"src/psp/format_2025/operations.rs","@level":"debug","@line":60,"@message":"✅ Operations unpacked: count=8 operations=[207, 195, 188, 221, 151, 192, 233, 69]","@module":"flavor::psp::format_2025::operations","@pid":14159,"@timestamp":"2026-03-31T20:29:40.757841Z"}
ok
{"@file":"src/psp/format_2025/runtime.rs","@level":"debug","@line":386,"@message":"📝 Processing 1 set operations","@module":"flavor::psp::format_2025::runtime::runtime_impl::operations","@pid":14159,"@timestamp":"2026-03-31T20:29:40.757582Z"}
{"@file":"src/psp/format_2025/operations.rs","@level":"debug","@line":37,"@message":"✅ Operations packed: result=12376102612934068570","@module":"flavor::psp::format_2025::operations","@pid":14159,"@timestamp":"2026-03-31T20:29:40.757766Z"}
{"@file":"src/psp/format_2025/operations.rs","@level":"debug","@line":60,"@message":"✅ Operations unpacked: count=8 operations=[199, 31, 63, 209, 157, 230, 147, 31]","@module":"flavor::psp::format_2025::operations","@pid":14159,"@timestamp":"2026-03-31T20:29:40.757901Z"}
{"@file":"src/psp/format_2025/runtime.rs","@level":"debug","@line":397,"@message":"📝 Set: ADDED = 'value'","@module":"flavor::psp::format_2025::runtime::runtime_impl::operations","@pid":14159,"@timestamp":"2026-03-31T20:29:40.757916Z"}
{"@file":"src/psp/format_2025/operations.rs","@level":"debug","@line":37,"@message":"✅ Operations packed: result=2275415802247061447","@module":"flavor::psp::format_2025::operations","@pid":14159,"@timestamp":"2026-03-31T20:29:40.757943Z"}
{"@file":"src/psp/format_2025/operations.rs","@level":"debug","@line":37,"@message":"✅ Operations packed: result=646286331266","@module":"flavor::psp::format_2025::operations","@pid":14159,"@timestamp":"2026-03-31T20:29:40.757908Z"}
{"@file":"src/psp/format_2025/runtime.rs","@level":"debug","@line":135,"@message":"✅ Runtime environment processing complete","@module":"flavor::psp::format_2025::runtime::runtime_impl","@pid":14159,"@timestamp":"2026-03-31T20:29:40.757995Z"}
{"@file":"src/psp/format_2025/operations.rs","@level":"debug","@line":60,"@message":"✅ Operations unpacked: count=5 operations=[130, 205, 170, 121, 150]","@module":"flavor::psp::format_2025::operations","@pid":14159,"@timestamp":"2026-03-31T20:29:40.758054Z"}
test psp::format_2025::execution::validation::tests::save_index_metadata_writes_expected_json_fields ... {"@file":"src/psp/format_2025/operations.rs","@level":"debug","@line":37,"@message":"✅ Operations packed: result=6537735549213257448","@module":"flavor::psp::format_2025::operations","@pid":14159,"@timestamp":"2026-03-31T20:29:40.758050Z"}
ok
{"@file":"src/psp/format_2025/operations.rs","@level":"debug","@line":60,"@message":"✅ Operations unpacked: count=8 operations=[199, 31, 63, 209, 157, 230, 147, 31]","@module":"flavor::psp::format_2025::operations","@pid":14159,"@timestamp":"2026-03-31T20:29:40.758027Z"}
test psp::format_2025::runtime::runtime_impl::tests::process_runtime_env_applies_unset_map_and_set_operations ... ok
{"@file":"src/psp/format_2025/operations.rs","@level":"debug","@line":37,"@message":"✅ Operations packed: result=68717591017775874","@module":"flavor::psp::format_2025::operations","@pid":14159,"@timestamp":"2026-03-31T20:29:40.758229Z"}
{"@file":"src/psp/format_2025/operations.rs","@level":"debug","@line":60,"@message":"✅ Operations unpacked: count=8 operations=[245, 161, 221, 238, 162, 64, 18, 70]","@module":"flavor::psp::format_2025::operations","@pid":14159,"@timestamp":"2026-03-31T20:29:40.758283Z"}
{"@file":"src/psp/format_2025/operations.rs","@level":"debug","@line":60,"@message":"✅ Operations unpacked: count=7 operations=[2, 99, 111, 242, 72, 34, 244]","@module":"flavor::psp::format_2025::operations","@pid":14159,"@timestamp":"2026-03-31T20:29:40.758322Z"}
{"@file":"src/psp/format_2025/operations.rs","@level":"debug","@line":37,"@message":"✅ Operations packed: result=233779101911654","@module":"flavor::psp::format_2025::operations","@pid":14159,"@timestamp":"2026-03-31T20:29:40.758264Z"}
{"@file":"src/psp/format_2025/operations.rs","@level":"debug","@line":37,"@message":"✅ Operations packed: result=5049169200772129269","@module":"flavor::psp::format_2025::operations","@pid":14159,"@timestamp":"2026-03-31T20:29:40.758364Z"}
{"@file":"src/psp/format_2025/operations.rs","@level":"debug","@line":60,"@message":"✅ Operations unpacked: count=8 operations=[245, 161, 221, 238, 162, 64, 18, 70]","@module":"flavor::psp::format_2025::operations","@pid":14159,"@timestamp":"2026-03-31T20:29:40.758457Z"}
{"@file":"src/psp/format_2025/operations.rs","@level":"debug","@line":60,"@message":"✅ Operations unpacked: count=8 operations=[182, 166, 199, 159, 196, 78, 52, 249]","@module":"flavor::psp::format_2025::operations","@pid":14159,"@timestamp":"2026-03-31T20:29:40.758541Z"}
{"@file":"src/psp/format_2025/operations.rs","@level":"debug","@line":37,"@message":"✅ Operations packed: result=33373421944244027","@module":"flavor::psp::format_2025::operations","@pid":14159,"@timestamp":"2026-03-31T20:29:40.758541Z"}
{"@file":"src/psp/format_2025/operations.rs","@level":"debug","@line":37,"@message":"✅ Operations packed: result=17957064220634228406","@module":"flavor::psp::format_2025::operations","@pid":14159,"@timestamp":"2026-03-31T20:29:40.758569Z"}
{"@file":"src/psp/format_2025/operations.rs","@level":"debug","@line":60,"@message":"✅ Operations unpacked: count=7 operations=[59, 7, 237, 79, 243, 144, 118]","@module":"flavor::psp::format_2025::operations","@pid":14159,"@timestamp":"2026-03-31T20:29:40.758617Z"}
{"@file":"src/psp/format_2025/operations.rs","@level":"debug","@line":37,"@message":"✅ Operations packed: result=0","@module":"flavor::psp::format_2025::operations","@pid":14159,"@timestamp":"2026-03-31T20:29:40.758502Z"}
{"@file":"src/psp/format_2025/operations.rs","@level":"debug","@line":60,"@message":"✅ Operations unpacked: count=8 operations=[182, 166, 199, 159, 196, 78, 52, 249]","@module":"flavor::psp::format_2025::operations","@pid":14159,"@timestamp":"2026-03-31T20:29:40.758667Z"}
{"@file":"src/psp/format_2025/operations.rs","@level":"debug","@line":37,"@message":"✅ Operations packed: result=63235699514139839","@module":"flavor::psp::format_2025::operations","@pid":14159,"@timestamp":"2026-03-31T20:29:40.758770Z"}
{"@file":"src/psp/format_2025/operations.rs","@level":"debug","@line":37,"@message":"✅ Operations packed: result=7545098","@module":"flavor::psp::format_2025::operations","@pid":14159,"@timestamp":"2026-03-31T20:29:40.758785Z"}
{"@file":"src/psp/format_2025/operations.rs","@level":"debug","@line":60,"@message":"✅ Operations unpacked: count=3 operations=[10, 33, 115]","@module":"flavor::psp::format_2025::operations","@pid":14159,"@timestamp":"2026-03-31T20:29:40.758806Z"}
{"@file":"src/psp/format_2025/operations.rs","@level":"debug","@line":37,"@message":"✅ Operations packed: result=4370720184331262","@module":"flavor::psp::format_2025::operations","@pid":14159,"@timestamp":"2026-03-31T20:29:40.758830Z"}
{"@file":"src/psp/format_2025/operations.rs","@level":"debug","@line":37,"@message":"✅ Operations packed: result=0","@module":"flavor::psp::format_2025::operations","@pid":14159,"@timestamp":"2026-03-31T20:29:40.758859Z"}
{"@file":"src/psp/format_2025/operations.rs","@level":"debug","@line":60,"@message":"✅ Operations unpacked: count=0 operations=[]","@module":"flavor::psp::format_2025::operations","@pid":14159,"@timestamp":"2026-03-31T20:29:40.758881Z"}
{"@file":"src/psp/format_2025/operations.rs","@level":"debug","@line":60,"@message":"✅ Operations unpacked: count=3 operations=[178, 91, 9]","@module":"flavor::psp::format_2025::operations","@pid":14159,"@timestamp":"2026-03-31T20:29:40.758800Z"}
{"@file":"src/psp/format_2025/operations.rs","@level":"debug","@line":37,"@message":"✅ Operations packed: result=128","@module":"flavor::psp::format_2025::operations","@pid":14159,"@timestamp":"2026-03-31T20:29:40.758886Z"}
{"@file":"src/psp/format_2025/operations.rs","@level":"debug","@line":37,"@message":"✅ Operations packed: result=613298","@module":"flavor::psp::format_2025::operations","@pid":14159,"@timestamp":"2026-03-31T20:29:40.758919Z"}
{"@file":"src/psp/format_2025/operations.rs","@level":"debug","@line":60,"@message":"✅ Operations unpacked: count=3 operations=[178, 91, 9]","@module":"flavor::psp::format_2025::operations","@pid":14159,"@timestamp":"2026-03-31T20:29:40.758958Z"}
{"@file":"src/psp/format_2025/operations.rs","@level":"debug","@line":37,"@message":"✅ Operations packed: result=3906998002","@module":"flavor::psp::format_2025::operations","@pid":14159,"@timestamp":"2026-03-31T20:29:40.758931Z"}
{"@file":"src/psp/format_2025/operations.rs","@level":"debug","@line":60,"@message":"✅ Operations unpacked: count=8 operations=[8, 95, 238, 50, 234, 110, 223, 126]","@module":"flavor::psp::format_2025::operations","@pid":14159,"@timestamp":"2026-03-31T20:29:40.759008Z"}
{"@file":"src/psp/format_2025/operations.rs","@level":"debug","@line":60,"@message":"✅ Operations unpacked: count=4 operations=[242, 14, 224, 232]","@module":"flavor::psp::format_2025::operations","@pid":14159,"@timestamp":"2026-03-31T20:29:40.759021Z"}
{"@file":"src/psp/format_2025/operations.rs","@level":"debug","@line":37,"@message":"✅ Operations packed: result=13376023508457","@module":"flavor::psp::format_2025::operations","@pid":14159,"@timestamp":"2026-03-31T20:29:40.758974Z"}
{"@file":"src/psp/format_2025/operations.rs","@level":"debug","@line":37,"@message":"✅ Operations packed: result=0","@module":"flavor::psp::format_2025::operations","@pid":14159,"@timestamp":"2026-03-31T20:29:40.759120Z"}
{"@file":"src/psp/format_2025/operations.rs","@level":"debug","@line":37,"@message":"✅ Operations packed: result=9142147720741281544","@module":"flavor::psp::format_2025::operations","@pid":14159,"@timestamp":"2026-03-31T20:29:40.759047Z"}
{"@file":"src/psp/format_2025/operations.rs","@level":"debug","@line":60,"@message":"✅ Operations unpacked: count=0 operations=[]","@module":"flavor::psp::format_2025::operations","@pid":14159,"@timestamp":"2026-03-31T20:29:40.759145Z"}
{"@file":"src/psp/format_2025/reader.rs","@level":"debug","@line":274,"@message":"Trailer size: 8200, file size: 8329 bytes","@module":"flavor::psp::format_2025::reader","@pid":14159,"@timestamp":"2026-03-31T20:29:40.759188Z"}
{"@file":"src/psp/format_2025/operations.rs","@level":"debug","@line":37,"@message":"✅ Operations packed: result=34311292140474288","@module":"flavor::psp::format_2025::operations","@pid":14159,"@timestamp":"2026-03-31T20:29:40.759192Z"}
{"@file":"src/psp/format_2025/index.rs","@level":"debug","@line":181,"@message":"Parsed metadata_offset: 0x0000000000000000 (0)","@module":"flavor::psp::format_2025::index","@pid":14159,"@timestamp":"2026-03-31T20:29:40.759223Z"}
{"@file":"src/psp/format_2025/index.rs","@level":"debug","@line":182,"@message":"Parsed metadata_size: 129 bytes","@module":"flavor::psp::format_2025::index","@pid":14159,"@timestamp":"2026-03-31T20:29:40.759255Z"}
{"@file":"src/psp/format_2025/operations.rs","@level":"debug","@line":37,"@message":"✅ Operations packed: result=17930","@module":"flavor::psp::format_2025::operations","@pid":14159,"@timestamp":"2026-03-31T20:29:40.759267Z"}
{"@file":"src/psp/format_2025/reader.rs","@level":"debug","@line":99,"@message":"Parsed index values:","@module":"flavor::psp::format_2025::reader","@pid":14159,"@timestamp":"2026-03-31T20:29:40.759286Z"}
{"@file":"src/psp/format_2025/operations.rs","@level":"debug","@line":60,"@message":"✅ Operations unpacked: count=8 operations=[8, 95, 238, 50, 234, 110, 223, 126]","@module":"flavor::psp::format_2025::operations","@pid":14159,"@timestamp":"2026-03-31T20:29:40.759176Z"}
{"@file":"src/psp/format_2025/reader.rs","@level":"debug","@line":100,"@message":"  package_size: 8329","@module":"flavor::psp::format_2025::reader","@pid":14159,"@timestamp":"2026-03-31T20:29:40.759315Z"}
{"@file":"src/psp/format_2025/operations.rs","@level":"debug","@line":37,"@message":"✅ Operations packed: result=58311","@module":"flavor::psp::format_2025::operations","@pid":14159,"@timestamp":"2026-03-31T20:29:40.759329Z"}
{"@file":"src/psp/format_2025/reader.rs","@level":"debug","@line":101,"@message":"  launcher_size: 0","@module":"flavor::psp::format_2025::reader","@pid":14159,"@timestamp":"2026-03-31T20:29:40.759383Z"}
{"@file":"src/psp/format_2025/operations.rs","@level":"debug","@line":37,"@message":"✅ Operations packed: result=14706195","@module":"flavor::psp::format_2025::operations","@pid":14159,"@timestamp":"2026-03-31T20:29:40.759332Z"}
{"@file":"src/psp/format_2025/operations.rs","@level":"debug","@line":60,"@message":"✅ Operations unpacked: count=8 operations=[227, 203, 97, 190, 163, 14, 21, 127]","@module":"flavor::psp::format_2025::operations","@pid":14159,"@timestamp":"2026-03-31T20:29:40.759390Z"}
{"@file":"src/psp/format_2025/operations.rs","@level":"debug","@line":60,"@message":"✅ Operations unpacked: count=3 operations=[19, 102, 224]","@module":"flavor::psp::format_2025::operations","@pid":14159,"@timestamp":"2026-03-31T20:29:40.759457Z"}
{"@file":"src/psp/format_2025/reader.rs","@level":"debug","@line":102,"@message":"  metadata_offset: 0x0000000000000000 (0)","@module":"flavor::psp::format_2025::reader","@pid":14159,"@timestamp":"2026-03-31T20:29:40.759417Z"}
{"@file":"src/psp/format_2025/operations.rs","@level":"debug","@line":37,"@message":"✅ Operations packed: result=9157241513764309987","@module":"flavor::psp::format_2025::operations","@pid":14159,"@timestamp":"2026-03-31T20:29:40.759481Z"}
{"@file":"src/psp/format_2025/operations.rs","@level":"debug","@line":37,"@message":"✅ Operations packed: result=6414820362290164699","@module":"flavor::psp::format_2025::operations","@pid":14159,"@timestamp":"2026-03-31T20:29:40.759475Z"}
{"@file":"src/psp/format_2025/operations.rs","@level":"debug","@line":37,"@message":"✅ Operations packed: result=100364463254116","@module":"flavor::psp::format_2025::operations","@pid":14159,"@timestamp":"2026-03-31T20:29:40.759517Z"}
{"@file":"src/psp/format_2025/reader.rs","@level":"debug","@line":106,"@message":"  metadata_size: 129 bytes","@module":"flavor::psp::format_2025::reader","@pid":14159,"@timestamp":"2026-03-31T20:29:40.759507Z"}
{"@file":"src/psp/format_2025/operations.rs","@level":"debug","@line":60,"@message":"✅ Operations unpacked: count=8 operations=[227, 203, 97, 190, 163, 14, 21, 127]","@module":"flavor::psp::format_2025::operations","@pid":14159,"@timestamp":"2026-03-31T20:29:40.759528Z"}
{"@file":"src/psp/format_2025/operations.rs","@level":"debug","@line":37,"@message":"✅ Operations packed: result=660854976220","@module":"flavor::psp::format_2025::operations","@pid":14159,"@timestamp":"2026-03-31T20:29:40.759566Z"}
{"@file":"src/psp/format_2025/reader.rs","@level":"debug","@line":107,"@message":"  slot_table_offset: 0x0000000000000000","@module":"flavor::psp::format_2025::reader","@pid":14159,"@timestamp":"2026-03-31T20:29:40.759578Z"}
{"@file":"src/psp/format_2025/operations.rs","@level":"debug","@line":60,"@message":"✅ Operations unpacked: count=6 operations=[100, 42, 46, 236, 71, 91]","@module":"flavor::psp::format_2025::operations","@pid":14159,"@timestamp":"2026-03-31T20:29:40.759550Z"}
{"@file":"src/psp/format_2025/reader.rs","@level":"debug","@line":108,"@message":"  slot_count: 0","@module":"flavor::psp::format_2025::reader","@pid":14159,"@timestamp":"2026-03-31T20:29:40.759636Z"}
{"@file":"src/psp/format_2025/operations.rs","@level":"debug","@line":37,"@message":"✅ Operations packed: result=9727590361042138106","@module":"flavor::psp::format_2025::operations","@pid":14159,"@timestamp":"2026-03-31T20:29:40.759645Z"}
{"@file":"src/psp/format_2025/operations.rs","@level":"debug","@line":60,"@message":"✅ Operations unpacked: count=8 operations=[128, 229, 115, 89, 85, 176, 104, 156]","@module":"flavor::psp::format_2025::operations","@pid":14159,"@timestamp":"2026-03-31T20:29:40.759629Z"}
{"@file":"src/psp/format_2025/operations.rs","@level":"debug","@line":37,"@message":"✅ Operations packed: result=5138640048884560415","@module":"flavor::psp::format_2025::operations","@pid":14159,"@timestamp":"2026-03-31T20:29:40.759713Z"}
{"@file":"src/psp/format_2025/operations.rs","@level":"debug","@line":37,"@message":"✅ Operations packed: result=244","@module":"flavor::psp::format_2025::operations","@pid":14159,"@timestamp":"2026-03-31T20:29:40.759705Z"}
{"@file":"src/psp/format_2025/reader.rs","@level":"debug","@line":117,"@message":"Index loaded in 567.708µs","@module":"flavor::psp::format_2025::reader","@pid":14159,"@timestamp":"2026-03-31T20:29:40.759746Z"}
{"@file":"src/psp/format_2025/operations.rs","@level":"debug","@line":60,"@message":"✅ Operations unpacked: count=1 operations=[244]","@module":"flavor::psp::format_2025::operations","@pid":14159,"@timestamp":"2026-03-31T20:29:40.759763Z"}
{"@file":"src/psp/format_2025/operations.rs","@level":"debug","@line":37,"@message":"✅ Operations packed: result=11270451948114142592","@module":"flavor::psp::format_2025::operations","@pid":14159,"@timestamp":"2026-03-31T20:29:40.759748Z"}
{"@file":"src/psp/format_2025/operations.rs","@level":"debug","@line":37,"@message":"✅ Operations packed: result=819891770","@module":"flavor::psp::format_2025::operations","@pid":14159,"@timestamp":"2026-03-31T20:29:40.759840Z"}
{"@file":"src/psp/format_2025/operations.rs","@level":"debug","@line":60,"@message":"✅ Operations unpacked: count=4 operations=[58, 142, 222, 48]","@module":"flavor::psp::format_2025::operations","@pid":14159,"@timestamp":"2026-03-31T20:29:40.759864Z"}
{"@file":"src/psp/format_2025/operations.rs","@level":"debug","@line":37,"@message":"✅ Operations packed: result=15906","@module":"flavor::psp::format_2025::operations","@pid":14159,"@timestamp":"2026-03-31T20:29:40.759772Z"}
{"@file":"src/psp/format_2025/operations.rs","@level":"debug","@line":60,"@message":"✅ Operations unpacked: count=8 operations=[128, 229, 115, 89, 85, 176, 104, 156]","@module":"flavor::psp::format_2025::operations","@pid":14159,"@timestamp":"2026-03-31T20:29:40.759845Z"}
{"@file":"src/psp/format_2025/operations.rs","@level":"debug","@line":37,"@message":"✅ Operations packed: result=21191253570912","@module":"flavor::psp::format_2025::operations","@pid":14159,"@timestamp":"2026-03-31T20:29:40.759938Z"}
{"@file":"src/psp/format_2025/operations.rs","@level":"debug","@line":60,"@message":"✅ Operations unpacked: count=6 operations=[96, 53, 36, 249, 69, 19]","@module":"flavor::psp::format_2025::operations","@pid":14159,"@timestamp":"2026-03-31T20:29:40.759965Z"}
{"@file":"src/psp/format_2025/operations.rs","@level":"debug","@line":60,"@message":"✅ Operations unpacked: count=8 operations=[209, 31, 68, 196, 180, 40, 28, 117]","@module":"flavor::psp::format_2025::operations","@pid":14159,"@timestamp":"2026-03-31T20:29:40.759974Z"}
{"@file":"src/psp/format_2025/operations.rs","@level":"debug","@line":37,"@message":"✅ Operations packed: result=55551","@module":"flavor::psp::format_2025::operations","@pid":14159,"@timestamp":"2026-03-31T20:29:40.759981Z"}
{"@file":"src/psp/format_2025/operations.rs","@level":"debug","@line":37,"@message":"✅ Operations packed: result=8438664558637490129","@module":"flavor::psp::format_2025::operations","@pid":14159,"@timestamp":"2026-03-31T20:29:40.759999Z"}
{"@file":"src/psp/format_2025/operations.rs","@level":"debug","@line":37,"@message":"✅ Operations packed: result=70","@module":"flavor::psp::format_2025::operations","@pid":14159,"@timestamp":"2026-03-31T20:29:40.760018Z"}
{"@file":"src/psp/format_2025/operations.rs","@level":"debug","@line":60,"@message":"✅ Operations unpacked: count=8 operations=[209, 31, 68, 196, 180, 40, 28, 117]","@module":"flavor::psp::format_2025::operations","@pid":14159,"@timestamp":"2026-03-31T20:29:40.760028Z"}
{"@file":"src/psp/format_2025/operations.rs","@level":"debug","@line":60,"@message":"✅ Operations unpacked: count=1 operations=[70]","@module":"flavor::psp::format_2025::operations","@pid":14159,"@timestamp":"2026-03-31T20:29:40.760042Z"}
{"@file":"src/psp/format_2025/operations.rs","@level":"debug","@line":37,"@message":"✅ Operations packed: result=250028176686938","@module":"flavor::psp::format_2025::operations","@pid":14159,"@timestamp":"2026-03-31T20:29:40.760047Z"}
{"@file":"src/psp/format_2025/operations.rs","@level":"debug","@line":37,"@message":"✅ Operations packed: result=232","@module":"flavor::psp::format_2025::operations","@pid":14159,"@timestamp":"2026-03-31T20:29:40.760099Z"}
{"@file":"src/psp/format_2025/operations.rs","@level":"debug","@line":60,"@message":"✅ Operations unpacked: count=8 operations=[204, 170, 125, 124, 243, 205, 110, 187]","@module":"flavor::psp::format_2025::operations","@pid":14159,"@timestamp":"2026-03-31T20:29:40.760079Z"}
{"@file":"src/psp/format_2025/operations.rs","@level":"debug","@line":60,"@message":"✅ Operations unpacked: count=1 operations=[232]","@module":"flavor::psp::format_2025::operations","@pid":14159,"@timestamp":"2026-03-31T20:29:40.760129Z"}
{"@file":"src/psp/format_2025/operations.rs","@level":"debug","@line":37,"@message":"✅ Operations packed: result=111","@module":"flavor::psp::format_2025::operations","@pid":14159,"@timestamp":"2026-03-31T20:29:40.760144Z"}
{"@file":"src/psp/format_2025/operations.rs","@level":"debug","@line":37,"@message":"✅ Operations packed: result=13505958778180053708","@module":"flavor::psp::format_2025::operations","@pid":14159,"@timestamp":"2026-03-31T20:29:40.760147Z"}
{"@file":"src/psp/format_2025/operations.rs","@level":"debug","@line":37,"@message":"✅ Operations packed: result=1398810714","@module":"flavor::psp::format_2025::operations","@pid":14159,"@timestamp":"2026-03-31T20:29:40.760185Z"}
{"@file":"src/psp/format_2025/operations.rs","@level":"debug","@line":37,"@message":"✅ Operations packed: result=62","@module":"flavor::psp::format_2025::operations","@pid":14159,"@timestamp":"2026-03-31T20:29:40.760210Z"}
test psp::format_2025::trust::tests::test_load_keys_from_dir_empty ... {"@file":"src/psp/format_2025/operations.rs","@level":"debug","@line":60,"@message":"✅ Operations unpacked: count=8 operations=[204, 170, 125, 124, 243, 205, 110, 187]","@module":"flavor::psp::format_2025::operations","@pid":14159,"@timestamp":"2026-03-31T20:29:40.760288Z"}
ok
{"@file":"src/psp/format_2025/operations.rs","@level":"debug","@line":60,"@message":"✅ Operations unpacked: count=4 operations=[90, 40, 96, 83]","@module":"flavor::psp::format_2025::operations","@pid":14159,"@timestamp":"2026-03-31T20:29:40.760293Z"}
{"@file":"src/psp/format_2025/operations.rs","@level":"debug","@line":60,"@message":"✅ Operations unpacked: count=8 operations=[70, 245, 11, 77, 244, 60, 10, 198]","@module":"flavor::psp::format_2025::operations","@pid":14159,"@timestamp":"2026-03-31T20:29:40.760377Z"}
test psp::format_2025::execution::validation::tests::save_and_validate_package_checksum_round_trip ... ok{"@file":"src/psp/format_2025/operations.rs","@level":"debug","@line":37,"@message":"✅ Operations packed: result=9369584979448323843","@module":"flavor::psp::format_2025::operations","@pid":14159,"@timestamp":"2026-03-31T20:29:40.760397Z"}

{"@file":"src/psp/format_2025/operations.rs","@level":"debug","@line":37,"@message":"✅ Operations packed: result=14270285389239153990","@module":"flavor::psp::format_2025::operations","@pid":14159,"@timestamp":"2026-03-31T20:29:40.760406Z"}
{"@file":"src/psp/format_2025/operations.rs","@level":"debug","@line":60,"@message":"✅ Operations unpacked: count=8 operations=[3, 95, 218, 136, 229, 115, 7, 130]","@module":"flavor::psp::format_2025::operations","@pid":14159,"@timestamp":"2026-03-31T20:29:40.760422Z"}
{"@file":"src/psp/format_2025/operations.rs","@level":"debug","@line":37,"@message":"✅ Operations packed: result=743309404383","@module":"flavor::psp::format_2025::operations","@pid":14159,"@timestamp":"2026-03-31T20:29:40.760396Z"}
{"@file":"src/psp/format_2025/operations.rs","@level":"debug","@line":60,"@message":"✅ Operations unpacked: count=8 operations=[70, 245, 11, 77, 244, 60, 10, 198]","@module":"flavor::psp::format_2025::operations","@pid":14159,"@timestamp":"2026-03-31T20:29:40.760426Z"}
{"@file":"src/psp/format_2025/operations.rs","@level":"debug","@line":37,"@message":"✅ Operations packed: result=37860","@module":"flavor::psp::format_2025::operations","@pid":14159,"@timestamp":"2026-03-31T20:29:40.760475Z"}
{"@file":"src/psp/format_2025/operations.rs","@level":"debug","@line":60,"@message":"✅ Operations unpacked: count=8 operations=[161, 45, 119, 159, 157, 133, 149, 200]","@module":"flavor::psp::format_2025::operations","@pid":14159,"@timestamp":"2026-03-31T20:29:40.760522Z"}
{"@file":"src/psp/format_2025/operations.rs","@level":"debug","@line":37,"@message":"✅ Operations packed: result=170903542200110","@module":"flavor::psp::format_2025::operations","@pid":14159,"@timestamp":"2026-03-31T20:29:40.760538Z"}
{"@file":"src/psp/format_2025/operations.rs","@level":"debug","@line":37,"@message":"✅ Operations packed: result=14453605491147222433","@module":"flavor::psp::format_2025::operations","@pid":14159,"@timestamp":"2026-03-31T20:29:40.760553Z"}
{"@file":"src/psp/format_2025/operations.rs","@level":"debug","@line":60,"@message":"✅ Operations unpacked: count=2 operations=[228, 147]","@module":"flavor::psp::format_2025::operations","@pid":14159,"@timestamp":"2026-03-31T20:29:40.760540Z"}
{"@file":"src/psp/format_2025/operations.rs","@level":"debug","@line":37,"@message":"✅ Operations packed: result=57138118257497386","@module":"flavor::psp::format_2025::operations","@pid":14159,"@timestamp":"2026-03-31T20:29:40.760599Z"}
{"@file":"src/psp/format_2025/reader.rs","@level":"debug","@line":274,"@message":"Trailer size: 8200, file size: 8329 bytes","@module":"flavor::psp::format_2025::reader","@pid":14159,"@timestamp":"2026-03-31T20:29:40.760627Z"}
{"@file":"src/psp/format_2025/operations.rs","@level":"debug","@line":37,"@message":"✅ Operations packed: result=12047","@module":"flavor::psp::format_2025::operations","@pid":14159,"@timestamp":"2026-03-31T20:29:40.760636Z"}
{"@file":"src/psp/format_2025/operations.rs","@level":"debug","@line":60,"@message":"✅ Operations unpacked: count=8 operations=[161, 45, 119, 159, 157, 133, 149, 200]","@module":"flavor::psp::format_2025::operations","@pid":14159,"@timestamp":"2026-03-31T20:29:40.760594Z"}
{"@file":"src/psp/format_2025/index.rs","@level":"debug","@line":181,"@message":"Parsed metadata_offset: 0x0000000000000000 (0)","@module":"flavor::psp::format_2025::index","@pid":14159,"@timestamp":"2026-03-31T20:29:40.760659Z"}
{"@file":"src/psp/format_2025/operations.rs","@level":"debug","@line":60,"@message":"✅ Operations unpacked: count=2 operations=[15, 47]","@module":"flavor::psp::format_2025::operations","@pid":14159,"@timestamp":"2026-03-31T20:29:40.760668Z"}
{"@file":"src/psp/format_2025/operations.rs","@level":"debug","@line":37,"@message":"✅ Operations packed: result=45582287333854","@module":"flavor::psp::format_2025::operations","@pid":14159,"@timestamp":"2026-03-31T20:29:40.760662Z"}
{"@file":"src/psp/format_2025/index.rs","@level":"debug","@line":182,"@message":"Parsed metadata_size: 129 bytes","@module":"flavor::psp::format_2025::index","@pid":14159,"@timestamp":"2026-03-31T20:29:40.760690Z"}
{"@file":"src/psp/format_2025/operations.rs","@level":"debug","@line":60,"@message":"✅ Operations unpacked: count=8 operations=[252, 160, 46, 161, 197, 228, 218, 81]","@module":"flavor::psp::format_2025::operations","@pid":14159,"@timestamp":"2026-03-31T20:29:40.760721Z"}
{"@file":"src/psp/format_2025/reader.rs","@level":"debug","@line":274,"@message":"Trailer size: 8200, file size: 8352 bytes","@module":"flavor::psp::format_2025::reader","@pid":14159,"@timestamp":"2026-03-31T20:29:40.760730Z"}
{"@file":"src/psp/format_2025/reader.rs","@level":"debug","@line":99,"@message":"Parsed index values:","@module":"flavor::psp::format_2025::reader","@pid":14159,"@timestamp":"2026-03-31T20:29:40.760742Z"}
{"@file":"src/psp/format_2025/operations.rs","@level":"debug","@line":37,"@message":"✅ Operations packed: result=268878923084668","@module":"flavor::psp::format_2025::operations","@pid":14159,"@timestamp":"2026-03-31T20:29:40.760751Z"}
{"@file":"src/psp/format_2025/index.rs","@level":"debug","@line":181,"@message":"Parsed metadata_offset: 0x0000000000000000 (0)","@module":"flavor::psp::format_2025::index","@pid":14159,"@timestamp":"2026-03-31T20:29:40.760800Z"}
{"@file":"src/psp/format_2025/operations.rs","@level":"debug","@line":37,"@message":"✅ Operations packed: result=19583406504","@module":"flavor::psp::format_2025::operations","@pid":14159,"@timestamp":"2026-03-31T20:29:40.760770Z"}
{"@file":"src/psp/format_2025/operations.rs","@level":"debug","@line":37,"@message":"✅ Operations packed: result=5898278199458963708","@module":"flavor::psp::format_2025::operations","@pid":14159,"@timestamp":"2026-03-31T20:29:40.760756Z"}
{"@file":"src/psp/format_2025/reader.rs","@level":"debug","@line":100,"@message":"  package_size: 8329","@module":"flavor::psp::format_2025::reader","@pid":14159,"@timestamp":"2026-03-31T20:29:40.760803Z"}
{"@file":"src/psp/format_2025/operations.rs","@level":"debug","@line":60,"@message":"✅ Operations unpacked: count=6 operations=[124, 179, 178, 64, 139, 244]","@module":"flavor::psp::format_2025::operations","@pid":14159,"@timestamp":"2026-03-31T20:29:40.760816Z"}
test psp::format_2025::verifier::tests::test_verify_attestation_policy_hash_zero_field_skip ... {"@file":"src/psp/format_2025/reader.rs","@level":"debug","@line":101,"@message":"  launcher_size: 0","@module":"flavor::psp::format_2025::reader","@pid":14159,"@timestamp":"2026-03-31T20:29:40.760887Z"}
ok
{"@file":"src/psp/format_2025/operations.rs","@level":"debug","@line":60,"@message":"✅ Operations unpacked: count=8 operations=[252, 160, 46, 161, 197, 228, 218, 81]","@module":"flavor::psp::format_2025::operations","@pid":14159,"@timestamp":"2026-03-31T20:29:40.760894Z"}
{"@file":"src/psp/format_2025/operations.rs","@level":"debug","@line":37,"@message":"✅ Operations packed: result=636888122","@module":"flavor::psp::format_2025::operations","@pid":14159,"@timestamp":"2026-03-31T20:29:40.760873Z"}
{"@file":"src/psp/format_2025/reader.rs","@level":"debug","@line":102,"@message":"  metadata_offset: 0x0000000000000000 (0)","@module":"flavor::psp::format_2025::reader","@pid":14159,"@timestamp":"2026-03-31T20:29:40.760939Z"}
{"@file":"src/psp/format_2025/operations.rs","@level":"debug","@line":37,"@message":"✅ Operations packed: result=6692037942710933592","@module":"flavor::psp::format_2025::operations","@pid":14159,"@timestamp":"2026-03-31T20:29:40.760943Z"}
{"@file":"src/psp/format_2025/operations.rs","@level":"debug","@line":37,"@message":"✅ Operations packed: result=5424664217979779","@module":"flavor::psp::format_2025::operations","@pid":14159,"@timestamp":"2026-03-31T20:29:40.760988Z"}
{"@file":"src/psp/format_2025/index.rs","@level":"debug","@line":182,"@message":"Parsed metadata_size: 152 bytes","@module":"flavor::psp::format_2025::index","@pid":14159,"@timestamp":"2026-03-31T20:29:40.760834Z"}
{"@file":"src/psp/format_2025/operations.rs","@level":"debug","@line":37,"@message":"✅ Operations packed: result=3536754557","@module":"flavor::psp::format_2025::operations","@pid":14159,"@timestamp":"2026-03-31T20:29:40.761043Z"}
{"@file":"src/psp/format_2025/reader.rs","@level":"debug","@line":99,"@message":"Parsed index values:","@module":"flavor::psp::format_2025::reader","@pid":14159,"@timestamp":"2026-03-31T20:29:40.761061Z"}
{"@file":"src/psp/format_2025/operations.rs","@level":"debug","@line":60,"@message":"✅ Operations unpacked: count=8 operations=[78, 231, 89, 136, 62, 86, 45, 249]","@module":"flavor::psp::format_2025::operations","@pid":14159,"@timestamp":"2026-03-31T20:29:40.760967Z"}
{"@file":"src/psp/format_2025/reader.rs","@level":"debug","@line":106,"@message":"  metadata_size: 129 bytes","@module":"flavor::psp::format_2025::reader","@pid":14159,"@timestamp":"2026-03-31T20:29:40.760973Z"}
{"@file":"src/psp/format_2025/reader.rs","@level":"debug","@line":274,"@message":"Trailer size: 8200, file size: 8364 bytes","@module":"flavor::psp::format_2025::reader","@pid":14159,"@timestamp":"2026-03-31T20:29:40.761075Z"}
{"@file":"src/psp/format_2025/reader.rs","@level":"debug","@line":100,"@message":"  package_size: 8352","@module":"flavor::psp::format_2025::reader","@pid":14159,"@timestamp":"2026-03-31T20:29:40.761086Z"}
{"@file":"src/psp/format_2025/index.rs","@level":"debug","@line":181,"@message":"Parsed metadata_offset: 0x0000000000000000 (0)","@module":"flavor::psp::format_2025::index","@pid":14159,"@timestamp":"2026-03-31T20:29:40.761165Z"}
{"@file":"src/psp/format_2025/operations.rs","@level":"debug","@line":60,"@message":"✅ Operations unpacked: count=8 operations=[88, 152, 184, 142, 13, 229, 222, 92]","@module":"flavor::psp::format_2025::operations","@pid":14159,"@timestamp":"2026-03-31T20:29:40.761013Z"}
{"@file":"src/psp/format_2025/operations.rs","@level":"debug","@line":37,"@message":"✅ Operations packed: result=65","@module":"flavor::psp::format_2025::operations","@pid":14159,"@timestamp":"2026-03-31T20:29:40.761130Z"}
{"@file":"src/psp/format_2025/operations.rs","@level":"debug","@line":37,"@message":"✅ Operations packed: result=17955102115971589966","@module":"flavor::psp::format_2025::operations","@pid":14159,"@timestamp":"2026-03-31T20:29:40.761098Z"}
{"@file":"src/psp/format_2025/operations.rs","@level":"debug","@line":37,"@message":"✅ Operations packed: result=13955187580","@module":"flavor::psp::format_2025::operations","@pid":14159,"@timestamp":"2026-03-31T20:29:40.761259Z"}
{"@file":"src/psp/format_2025/reader.rs","@level":"debug","@line":101,"@message":"  launcher_size: 0","@module":"flavor::psp::format_2025::reader","@pid":14159,"@timestamp":"2026-03-31T20:29:40.761181Z"}
{"@file":"src/psp/format_2025/index.rs","@level":"debug","@line":182,"@message":"Parsed metadata_size: 164 bytes","@module":"flavor::psp::format_2025::index","@pid":14159,"@timestamp":"2026-03-31T20:29:40.761206Z"}
{"@file":"src/psp/format_2025/reader.rs","@level":"debug","@line":102,"@message":"  metadata_offset: 0x0000000000000000 (0)","@module":"flavor::psp::format_2025::reader","@pid":14159,"@timestamp":"2026-03-31T20:29:40.761310Z"}
{"@file":"src/psp/format_2025/reader.rs","@level":"debug","@line":274,"@message":"Trailer size: 8200, file size: 8367 bytes","@module":"flavor::psp::format_2025::reader","@pid":14159,"@timestamp":"2026-03-31T20:29:40.761260Z"}
{"@file":"src/psp/format_2025/operations.rs","@level":"debug","@line":60,"@message":"✅ Operations unpacked: count=5 operations=[124, 67, 203, 63, 3]","@module":"flavor::psp::format_2025::operations","@pid":14159,"@timestamp":"2026-03-31T20:29:40.761293Z"}
{"@file":"src/psp/format_2025/reader.rs","@level":"debug","@line":274,"@message":"Trailer size: 8200, file size: 8363 bytes","@module":"flavor::psp::format_2025::reader","@pid":14159,"@timestamp":"2026-03-31T20:29:40.761407Z"}
test psp::format_2025::execution::validation::tests::check_workenv_validity_requires_complete_marker_and_matching_checksum ... {"@file":"src/psp/format_2025/reader.rs","@level":"debug","@line":107,"@message":"  slot_table_offset: 0x0000000000000000","@module":"flavor::psp::format_2025::reader","@pid":14159,"@timestamp":"2026-03-31T20:29:40.761144Z"}
ok
{"@file":"src/psp/format_2025/index.rs","@level":"debug","@line":181,"@message":"Parsed metadata_offset: 0x0000000000000054 (84)","@module":"flavor::psp::format_2025::index","@pid":14159,"@timestamp":"2026-03-31T20:29:40.761443Z"}
{"@file":"src/psp/format_2025/reader.rs","@level":"debug","@line":108,"@message":"  slot_count: 0","@module":"flavor::psp::format_2025::reader","@pid":14159,"@timestamp":"2026-03-31T20:29:40.761462Z"}
{"@file":"src/psp/format_2025/reader.rs","@level":"debug","@line":106,"@message":"  metadata_size: 152 bytes","@module":"flavor::psp::format_2025::reader","@pid":14159,"@timestamp":"2026-03-31T20:29:40.761346Z"}
{"@file":"src/psp/format_2025/operations.rs","@level":"debug","@line":37,"@message":"✅ Operations packed: result=39832","@module":"flavor::psp::format_2025::operations","@pid":14159,"@timestamp":"2026-03-31T20:29:40.761506Z"}
{"@file":"src/psp/format_2025/reader.rs","@level":"debug","@line":107,"@message":"  slot_table_offset: 0x0000000000000000","@module":"flavor::psp::format_2025::reader","@pid":14159,"@timestamp":"2026-03-31T20:29:40.761522Z"}
{"@file":"src/psp/format_2025/operations.rs","@level":"debug","@line":60,"@message":"✅ Operations unpacked: count=2 operations=[152, 155]","@module":"flavor::psp::format_2025::operations","@pid":14159,"@timestamp":"2026-03-31T20:29:40.761539Z"}
{"@file":"src/psp/format_2025/reader.rs","@level":"debug","@line":108,"@message":"  slot_count: 0","@module":"flavor::psp::format_2025::reader","@pid":14159,"@timestamp":"2026-03-31T20:29:40.761557Z"}
{"@file":"src/psp/format_2025/reader.rs","@level":"debug","@line":117,"@message":"Index loaded in 961.583µs","@module":"flavor::psp::format_2025::reader","@pid":14159,"@timestamp":"2026-03-31T20:29:40.761578Z"}
{"@file":"src/psp/format_2025/index.rs","@level":"debug","@line":182,"@message":"Parsed metadata_size: 79 bytes","@module":"flavor::psp::format_2025::index","@pid":14159,"@timestamp":"2026-03-31T20:29:40.761483Z"}
{"@file":"src/psp/format_2025/reader.rs","@level":"debug","@line":141,"@message":"📖 Reading metadata from offset 0x0, size 129 bytes","@module":"flavor::psp::format_2025::reader","@pid":14159,"@timestamp":"2026-03-31T20:29:40.761610Z"}
{"@file":"src/psp/format_2025/operations.rs","@level":"debug","@line":37,"@message":"✅ Operations packed: result=43511","@module":"flavor::psp::format_2025::operations","@pid":14159,"@timestamp":"2026-03-31T20:29:40.761619Z"}
{"@file":"src/psp/format_2025/operations.rs","@level":"debug","@line":37,"@message":"✅ Operations packed: result=14266422718637263079","@module":"flavor::psp::format_2025::operations","@pid":14159,"@timestamp":"2026-03-31T20:29:40.761276Z"}
{"@file":"src/psp/format_2025/operations.rs","@level":"debug","@line":60,"@message":"✅ Operations unpacked: count=2 operations=[247, 169]","@module":"flavor::psp::format_2025::operations","@pid":14159,"@timestamp":"2026-03-31T20:29:40.761656Z"}
{"@file":"src/psp/format_2025/operations.rs","@level":"debug","@line":60,"@message":"✅ Operations unpacked: count=8 operations=[78, 231, 89, 136, 62, 86, 45, 249]","@module":"flavor::psp::format_2025::operations","@pid":14159,"@timestamp":"2026-03-31T20:29:40.761315Z"}
{"@file":"src/psp/format_2025/reader.rs","@level":"debug","@line":117,"@message":"Index loaded in 971.791µs","@module":"flavor::psp::format_2025::reader","@pid":14159,"@timestamp":"2026-03-31T20:29:40.761692Z"}
{"@file":"src/psp/format_2025/operations.rs","@level":"debug","@line":37,"@message":"✅ Operations packed: result=10552198","@module":"flavor::psp::format_2025::operations","@pid":14159,"@timestamp":"2026-03-31T20:29:40.761701Z"}
{"@file":"src/psp/format_2025/operations.rs","@level":"debug","@line":37,"@message":"✅ Operations packed: result=117352710772","@module":"flavor::psp::format_2025::operations","@pid":14159,"@timestamp":"2026-03-31T20:29:40.761716Z"}
{"@file":"src/psp/format_2025/reader.rs","@level":"debug","@line":141,"@message":"📖 Reading metadata from offset 0x0, size 152 bytes","@module":"flavor::psp::format_2025::reader","@pid":14159,"@timestamp":"2026-03-31T20:29:40.761725Z"}
test psp::format_2025::trust::tests::test_load_keys_from_dir_bad_pub_file_skipped ... {"@file":"src/psp/format_2025/operations.rs","@level":"debug","@line":60,"@message":"✅ Operations unpacked: count=8 operations=[63, 250, 41, 248, 82, 227, 4, 75]","@module":"flavor::psp::format_2025::operations","@pid":14159,"@timestamp":"2026-03-31T20:29:40.761741Z"}
ok
{"@file":"src/psp/format_2025/reader.rs","@level":"debug","@line":99,"@message":"Parsed index values:","@module":"flavor::psp::format_2025::reader","@pid":14159,"@timestamp":"2026-03-31T20:29:40.761339Z"}
test psp::format_2025::launcher::filesystem::tests::fix_shebangs_rewrites_matching_scripts_only ... {"@file":"src/psp/format_2025/operations.rs","@level":"debug","@line":37,"@message":"✅ Operations packed: result=5405695398241761855","@module":"flavor::psp::format_2025::operations","@pid":14159,"@timestamp":"2026-03-31T20:29:40.761872Z"}
ok{"@file":"src/psp/format_2025/reader.rs","@level":"debug","@line":100,"@message":"  package_size: 8364","@module":"flavor::psp::format_2025::reader","@pid":14159,"@timestamp":"2026-03-31T20:29:40.761890Z"}

{"@file":"src/psp/format_2025/operations.rs","@level":"debug","@line":60,"@message":"✅ Operations unpacked: count=5 operations=[116, 66, 196, 82, 27]","@module":"flavor::psp::format_2025::operations","@pid":14159,"@timestamp":"2026-03-31T20:29:40.761745Z"}
{"@file":"src/psp/format_2025/reader.rs","@level":"debug","@line":99,"@message":"Parsed index values:","@module":"flavor::psp::format_2025::reader","@pid":14159,"@timestamp":"2026-03-31T20:29:40.761626Z"}
{"@file":"src/psp/format_2025/operations.rs","@level":"debug","@line":37,"@message":"✅ Operations packed: result=52030950487902922","@module":"flavor::psp::format_2025::operations","@pid":14159,"@timestamp":"2026-03-31T20:29:40.761767Z"}
{"@file":"src/psp/format_2025/reader.rs","@level":"debug","@line":100,"@message":"  package_size: 8363","@module":"flavor::psp::format_2025::reader","@pid":14159,"@timestamp":"2026-03-31T20:29:40.761961Z"}
{"@file":"src/psp/format_2025/reader.rs","@level":"debug","@line":274,"@message":"Trailer size: 8200, file size: 8279 bytes","@module":"flavor::psp::format_2025::reader","@pid":14159,"@timestamp":"2026-03-31T20:29:40.761646Z"}
{"@file":"src/psp/format_2025/reader.rs","@level":"debug","@line":101,"@message":"  launcher_size: 0","@module":"flavor::psp::format_2025::reader","@pid":14159,"@timestamp":"2026-03-31T20:29:40.761991Z"}
{"@file":"src/psp/format_2025/operations.rs","@level":"debug","@line":37,"@message":"✅ Operations packed: result=166287713349794","@module":"flavor::psp::format_2025::operations","@pid":14159,"@timestamp":"2026-03-31T20:29:40.762006Z"}
{"@file":"src/psp/format_2025/reader.rs","@level":"debug","@line":102,"@message":"  metadata_offset: 0x0000000000000054 (84)","@module":"flavor::psp::format_2025::reader","@pid":14159,"@timestamp":"2026-03-31T20:29:40.762023Z"}
{"@file":"src/psp/format_2025/reader.rs","@level":"debug","@line":274,"@message":"Trailer size: 8200, file size: 8364 bytes","@module":"flavor::psp::format_2025::reader","@pid":14159,"@timestamp":"2026-03-31T20:29:40.761860Z"}
{"@file":"src/psp/format_2025/reader.rs","@level":"debug","@line":233,"@message":"✅ Successfully parsed metadata for test v0.0.1","@module":"flavor::psp::format_2025::reader","@pid":14159,"@timestamp":"2026-03-31T20:29:40.761967Z"}
{"@file":"src/psp/format_2025/index.rs","@level":"debug","@line":181,"@message":"Parsed metadata_offset: 0x0000000000000055 (85)","@module":"flavor::psp::format_2025::index","@pid":14159,"@timestamp":"2026-03-31T20:29:40.762071Z"}
{"@file":"src/psp/format_2025/reader.rs","@level":"debug","@line":233,"@message":"✅ Successfully parsed metadata for test v0.0.1","@module":"flavor::psp::format_2025::reader","@pid":14159,"@timestamp":"2026-03-31T20:29:40.761976Z"}
{"@file":"src/psp/format_2025/index.rs","@level":"debug","@line":181,"@message":"Parsed metadata_offset: 0x0000000000000058 (88)","@module":"flavor::psp::format_2025::index","@pid":14159,"@timestamp":"2026-03-31T20:29:40.761409Z"}
{"@file":"src/psp/format_2025/operations.rs","@level":"debug","@line":60,"@message":"✅ Operations unpacked: count=8 operations=[63, 250, 41, 248, 82, 227, 4, 75]","@module":"flavor::psp::format_2025::operations","@pid":14159,"@timestamp":"2026-03-31T20:29:40.761907Z"}
{"@file":"src/psp/format_2025/index.rs","@level":"debug","@line":182,"@message":"Parsed metadata_size: 79 bytes","@module":"flavor::psp::format_2025::index","@pid":14159,"@timestamp":"2026-03-31T20:29:40.762140Z"}
{"@file":"src/psp/format_2025/reader.rs","@level":"debug","@line":101,"@message":"  launcher_size: 0","@module":"flavor::psp::format_2025::reader","@pid":14159,"@timestamp":"2026-03-31T20:29:40.761924Z"}
{"@file":"src/psp/format_2025/reader.rs","@level":"debug","@line":99,"@message":"Parsed index values:","@module":"flavor::psp::format_2025::reader","@pid":14159,"@timestamp":"2026-03-31T20:29:40.762175Z"}
{"@file":"src/psp/format_2025/operations.rs","@level":"debug","@line":37,"@message":"✅ Operations packed: result=149496278209754","@module":"flavor::psp::format_2025::operations","@pid":14159,"@timestamp":"2026-03-31T20:29:40.762064Z"}
{"@file":"src/psp/format_2025/reader.rs","@level":"debug","@line":100,"@message":"  package_size: 8367","@module":"flavor::psp::format_2025::reader","@pid":14159,"@timestamp":"2026-03-31T20:29:40.762204Z"}
{"@file":"src/psp/format_2025/index.rs","@level":"debug","@line":182,"@message":"Parsed metadata_size: 79 bytes","@module":"flavor::psp::format_2025::index","@pid":14159,"@timestamp":"2026-03-31T20:29:40.762099Z"}
{"@file":"src/psp/format_2025/index.rs","@level":"debug","@line":181,"@message":"Parsed metadata_offset: 0x0000000000000000 (0)","@module":"flavor::psp::format_2025::index","@pid":14159,"@timestamp":"2026-03-31T20:29:40.762012Z"}
test psp::format_2025::verifier::tests::test_verify_attestation_policy_hash_present_no_policy_fails ... {"@file":"src/psp/format_2025/operations.rs","@level":"debug","@line":37,"@message":"✅ Operations packed: result=1308092572","@module":"flavor::psp::format_2025::operations","@pid":14159,"@timestamp":"2026-03-31T20:29:40.762253Z"}
ok{"@file":"src/psp/format_2025/reader.rs","@level":"debug","@line":102,"@message":"  metadata_offset: 0x0000000000000000 (0)","@module":"flavor::psp::format_2025::reader","@pid":14159,"@timestamp":"2026-03-31T20:29:40.762192Z"}

{"@file":"src/psp/format_2025/operations.rs","@level":"debug","@line":60,"@message":"✅ Operations unpacked: count=8 operations=[223, 218, 16, 60, 109, 164, 44, 49]","@module":"flavor::psp::format_2025::operations","@pid":14159,"@timestamp":"2026-03-31T20:29:40.762191Z"}
{"@file":"src/psp/format_2025/reader.rs","@level":"debug","@line":106,"@message":"  metadata_size: 164 bytes","@module":"flavor::psp::format_2025::reader","@pid":14159,"@timestamp":"2026-03-31T20:29:40.762313Z"}
{"@file":"src/psp/format_2025/operations.rs","@level":"debug","@line":37,"@message":"✅ Operations packed: result=3543387795899865823","@module":"flavor::psp::format_2025::operations","@pid":14159,"@timestamp":"2026-03-31T20:29:40.762331Z"}
test psp::format_2025::verifier::tests::test_verify_attestation_policy_hash_mismatch ... {"@file":"src/psp/format_2025/reader.rs","@level":"debug","@line":107,"@message":"  slot_table_offset: 0x0000000000000000","@module":"flavor::psp::format_2025::reader","@pid":14159,"@timestamp":"2026-03-31T20:29:40.762346Z"}
ok
{"@file":"src/psp/format_2025/reader.rs","@level":"debug","@line":99,"@message":"Parsed index values:","@module":"flavor::psp::format_2025::reader","@pid":14159,"@timestamp":"2026-03-31T20:29:40.762259Z"}
{"@file":"src/psp/format_2025/index.rs","@level":"debug","@line":182,"@message":"Parsed metadata_size: 79 bytes","@module":"flavor::psp::format_2025::index","@pid":14159,"@timestamp":"2026-03-31T20:29:40.762270Z"}
{"@file":"src/psp/format_2025/reader.rs","@level":"debug","@line":100,"@message":"  package_size: 8364","@module":"flavor::psp::format_2025::reader","@pid":14159,"@timestamp":"2026-03-31T20:29:40.762400Z"}
{"@file":"src/psp/format_2025/operations.rs","@level":"debug","@line":37,"@message":"✅ Operations packed: result=1038047537","@module":"flavor::psp::format_2025::operations","@pid":14159,"@timestamp":"2026-03-31T20:29:40.762320Z"}
{"@file":"src/psp/format_2025/reader.rs","@level":"debug","@line":101,"@message":"  launcher_size: 0","@module":"flavor::psp::format_2025::reader","@pid":14159,"@timestamp":"2026-03-31T20:29:40.762229Z"}
{"@file":"src/psp/format_2025/reader.rs","@level":"debug","@line":106,"@message":"  metadata_size: 79 bytes","@module":"flavor::psp::format_2025::reader","@pid":14159,"@timestamp":"2026-03-31T20:29:40.762051Z"}
{"@file":"src/psp/format_2025/reader.rs","@level":"debug","@line":102,"@message":"  metadata_offset: 0x0000000000000058 (88)","@module":"flavor::psp::format_2025::reader","@pid":14159,"@timestamp":"2026-03-31T20:29:40.762498Z"}
{"@file":"src/psp/format_2025/reader.rs","@level":"debug","@line":108,"@message":"  slot_count: 0","@module":"flavor::psp::format_2025::reader","@pid":14159,"@timestamp":"2026-03-31T20:29:40.762376Z"}
{"@file":"src/psp/format_2025/operations.rs","@level":"debug","@line":37,"@message":"✅ Operations packed: result=1834551558","@module":"flavor::psp::format_2025::operations","@pid":14159,"@timestamp":"2026-03-31T20:29:40.761977Z"}
{"@file":"src/psp/format_2025/reader.rs","@level":"debug","@line":99,"@message":"Parsed index values:","@module":"flavor::psp::format_2025::reader","@pid":14159,"@timestamp":"2026-03-31T20:29:40.762420Z"}
{"@file":"src/psp/format_2025/reader.rs","@level":"debug","@line":101,"@message":"  launcher_size: 0","@module":"flavor::psp::format_2025::reader","@pid":14159,"@timestamp":"2026-03-31T20:29:40.762432Z"}
{"@file":"src/psp/format_2025/reader.rs","@level":"debug","@line":100,"@message":"  package_size: 8279","@module":"flavor::psp::format_2025::reader","@pid":14159,"@timestamp":"2026-03-31T20:29:40.762591Z"}
{"@file":"src/psp/format_2025/reader.rs","@level":"debug","@line":102,"@message":"  metadata_offset: 0x0000000000000055 (85)","@module":"flavor::psp::format_2025::reader","@pid":14159,"@timestamp":"2026-03-31T20:29:40.762607Z"}
{"@file":"src/psp/format_2025/reader.rs","@level":"debug","@line":101,"@message":"  launcher_size: 0","@module":"flavor::psp::format_2025::reader","@pid":14159,"@timestamp":"2026-03-31T20:29:40.762617Z"}
{"@file":"src/psp/format_2025/operations.rs","@level":"debug","@line":37,"@message":"✅ Operations packed: result=138","@module":"flavor::psp::format_2025::operations","@pid":14159,"@timestamp":"2026-03-31T20:29:40.762520Z"}
test psp::format_2025::launcher::filesystem::tests::copy_dir_all_recursively_copies_tree ... ok{"@file":"src/psp/format_2025/operations.rs","@level":"debug","@line":60,"@message":"✅ Operations unpacked: count=4 operations=[6, 9, 89, 109]","@module":"flavor::psp::format_2025::operations","@pid":14159,"@timestamp":"2026-03-31T20:29:40.762577Z"}

{"@file":"src/psp/format_2025/operations.rs","@level":"debug","@line":60,"@message":"✅ Operations unpacked: count=8 operations=[223, 218, 16, 60, 109, 164, 44, 49]","@module":"flavor::psp::format_2025::operations","@pid":14159,"@timestamp":"2026-03-31T20:29:40.762365Z"}
{"@file":"src/psp/format_2025/reader.rs","@level":"debug","@line":107,"@message":"  slot_table_offset: 0x0000000000000014","@module":"flavor::psp::format_2025::reader","@pid":14159,"@timestamp":"2026-03-31T20:29:40.762518Z"}
{"@file":"src/psp/format_2025/reader.rs","@level":"debug","@line":106,"@message":"  metadata_size: 79 bytes","@module":"flavor::psp::format_2025::reader","@pid":14159,"@timestamp":"2026-03-31T20:29:40.762528Z"}
{"@file":"src/psp/format_2025/reader.rs","@level":"debug","@line":108,"@message":"  slot_count: 1","@module":"flavor::psp::format_2025::reader","@pid":14159,"@timestamp":"2026-03-31T20:29:40.762705Z"}
{"@file":"src/psp/format_2025/reader.rs","@level":"debug","@line":106,"@message":"  metadata_size: 79 bytes","@module":"flavor::psp::format_2025::reader","@pid":14159,"@timestamp":"2026-03-31T20:29:40.762633Z"}
{"@file":"src/psp/format_2025/reader.rs","@level":"debug","@line":102,"@message":"  metadata_offset: 0x0000000000000000 (0)","@module":"flavor::psp::format_2025::reader","@pid":14159,"@timestamp":"2026-03-31T20:29:40.762640Z"}
{"@file":"src/psp/format_2025/operations.rs","@level":"debug","@line":37,"@message":"✅ Operations packed: result=221670035222557","@module":"flavor::psp::format_2025::operations","@pid":14159,"@timestamp":"2026-03-31T20:29:40.762693Z"}
{"@file":"src/psp/format_2025/reader.rs","@level":"debug","@line":117,"@message":"Index loaded in 1.570375ms","@module":"flavor::psp::format_2025::reader","@pid":14159,"@timestamp":"2026-03-31T20:29:40.762629Z"}
{"@file":"src/psp/format_2025/operations.rs","@level":"debug","@line":37,"@message":"✅ Operations packed: result=16210092852183987","@module":"flavor::psp::format_2025::operations","@pid":14159,"@timestamp":"2026-03-31T20:29:40.762710Z"}
{"@file":"src/psp/format_2025/reader.rs","@level":"debug","@line":107,"@message":"  slot_table_offset: 0x0000000000000018","@module":"flavor::psp::format_2025::reader","@pid":14159,"@timestamp":"2026-03-31T20:29:40.762722Z"}
{"@file":"src/psp/format_2025/operations.rs","@level":"debug","@line":37,"@message":"✅ Operations packed: result=3162047411","@module":"flavor::psp::format_2025::operations","@pid":14159,"@timestamp":"2026-03-31T20:29:40.762802Z"}
{"@file":"src/psp/format_2025/reader.rs","@level":"debug","@line":107,"@message":"  slot_table_offset: 0x0000000000000015","@module":"flavor::psp::format_2025::reader","@pid":14159,"@timestamp":"2026-03-31T20:29:40.762745Z"}
{"@file":"src/psp/format_2025/reader.rs","@level":"debug","@line":106,"@message":"  metadata_size: 79 bytes","@module":"flavor::psp::format_2025::reader","@pid":14159,"@timestamp":"2026-03-31T20:29:40.762759Z"}
{"@file":"src/psp/format_2025/reader.rs","@level":"debug","@line":108,"@message":"  slot_count: 1","@module":"flavor::psp::format_2025::reader","@pid":14159,"@timestamp":"2026-03-31T20:29:40.762851Z"}
{"@file":"src/psp/format_2025/operations.rs","@level":"debug","@line":37,"@message":"✅ Operations packed: result=0","@module":"flavor::psp::format_2025::operations","@pid":14159,"@timestamp":"2026-03-31T20:29:40.762862Z"}
{"@file":"src/psp/format_2025/reader.rs","@level":"debug","@line":117,"@message":"Index loaded in 1.411625ms","@module":"flavor::psp::format_2025::reader","@pid":14159,"@timestamp":"2026-03-31T20:29:40.762803Z"}
{"@file":"src/psp/format_2025/operations.rs","@level":"debug","@line":60,"@message":"✅ Operations unpacked: count=8 operations=[236, 71, 40, 93, 79, 44, 126, 227]","@module":"flavor::psp::format_2025::operations","@pid":14159,"@timestamp":"2026-03-31T20:29:40.762720Z"}
{"@file":"src/psp/format_2025/reader.rs","@level":"debug","@line":108,"@message":"  slot_count: 1","@module":"flavor::psp::format_2025::reader","@pid":14159,"@timestamp":"2026-03-31T20:29:40.762824Z"}
{"@file":"src/psp/format_2025/operations.rs","@level":"debug","@line":37,"@message":"✅ Operations packed: result=16392588413052143596","@module":"flavor::psp::format_2025::operations","@pid":14159,"@timestamp":"2026-03-31T20:29:40.762922Z"}
{"@file":"src/psp/format_2025/operations.rs","@level":"debug","@line":60,"@message":"✅ Operations unpacked: count=7 operations=[179, 3, 59, 90, 254, 150, 57]","@module":"flavor::psp::format_2025::operations","@pid":14159,"@timestamp":"2026-03-31T20:29:40.762804Z"}
{"@file":"src/psp/format_2025/reader.rs","@level":"debug","@line":107,"@message":"  slot_table_offset: 0x0000000000000000","@module":"flavor::psp::format_2025::reader","@pid":14159,"@timestamp":"2026-03-31T20:29:40.762870Z"}
{"@file":"src/psp/format_2025/reader.rs","@level":"debug","@line":297,"@message":"📊 Reading 1 slot descriptors from offset 0x14","@module":"flavor::psp::format_2025::reader","@pid":14159,"@timestamp":"2026-03-31T20:29:40.762912Z"}
{"@file":"src/psp/format_2025/operations.rs","@level":"debug","@line":37,"@message":"✅ Operations packed: result=54928","@module":"flavor::psp::format_2025::operations","@pid":14159,"@timestamp":"2026-03-31T20:29:40.762922Z"}
{"@file":"src/psp/format_2025/reader.rs","@level":"debug","@line":117,"@message":"Index loaded in 1.75875ms","@module":"flavor::psp::format_2025::reader","@pid":14159,"@timestamp":"2026-03-31T20:29:40.763007Z"}
{"@file":"src/psp/format_2025/operations.rs","@level":"debug","@line":37,"@message":"✅ Operations packed: result=3354792850","@module":"flavor::psp::format_2025::operations","@pid":14159,"@timestamp":"2026-03-31T20:29:40.763017Z"}
{"@file":"src/psp/format_2025/reader.rs","@level":"debug","@line":117,"@message":"Index loaded in 1.098458ms","@module":"flavor::psp::format_2025::reader","@pid":14159,"@timestamp":"2026-03-31T20:29:40.762946Z"}
{"@file":"src/psp/format_2025/operations.rs","@level":"debug","@line":37,"@message":"✅ Operations packed: result=0","@module":"flavor::psp::format_2025::operations","@pid":14159,"@timestamp":"2026-03-31T20:29:40.763053Z"}
{"@file":"src/psp/format_2025/reader.rs","@level":"debug","@line":297,"@message":"📊 Reading 1 slot descriptors from offset 0x15","@module":"flavor::psp::format_2025::reader","@pid":14159,"@timestamp":"2026-03-31T20:29:40.763070Z"}
{"@file":"src/psp/format_2025/operations.rs","@level":"debug","@line":60,"@message":"✅ Operations unpacked: count=8 operations=[236, 71, 40, 93, 79, 44, 126, 227]","@module":"flavor::psp::format_2025::operations","@pid":14159,"@timestamp":"2026-03-31T20:29:40.762954Z"}
{"@file":"src/psp/format_2025/reader.rs","@level":"debug","@line":297,"@message":"📊 Reading 1 slot descriptors from offset 0x18","@module":"flavor::psp::format_2025::reader","@pid":14159,"@timestamp":"2026-03-31T20:29:40.763040Z"}
{"@file":"src/psp/format_2025/operations.rs","@level":"debug","@line":60,"@message":"✅ Operations unpacked: count=4 operations=[146, 19, 246, 199]","@module":"flavor::psp::format_2025::operations","@pid":14159,"@timestamp":"2026-03-31T20:29:40.763051Z"}
test psp::format_2025::verifier::tests::test_attestation_sbom_digest_match ... {"@file":"src/psp/format_2025/reader.rs","@level":"debug","@line":108,"@message":"  slot_count: 0","@module":"flavor::psp::format_2025::reader","@pid":14159,"@timestamp":"2026-03-31T20:29:40.762985Z"}
ok
{"@file":"src/psp/format_2025/reader.rs","@level":"debug","@line":141,"@message":"📖 Reading metadata from offset 0x0, size 164 bytes","@module":"flavor::psp::format_2025::reader","@pid":14159,"@timestamp":"2026-03-31T20:29:40.762791Z"}
{"@file":"src/psp/format_2025/operations.rs","@level":"debug","@line":60,"@message":"✅ Operations unpacked: count=8 operations=[77, 127, 62, 34, 139, 225, 139, 176]","@module":"flavor::psp::format_2025::operations","@pid":14159,"@timestamp":"2026-03-31T20:29:40.763150Z"}
{"@file":"src/psp/format_2025/operations.rs","@level":"debug","@line":37,"@message":"✅ Operations packed: result=130652997271246","@module":"flavor::psp::format_2025::operations","@pid":14159,"@timestamp":"2026-03-31T20:29:40.763119Z"}
{"@file":"src/psp/format_2025/operations.rs","@level":"debug","@line":37,"@message":"✅ Operations packed: result=12721509560129322829","@module":"flavor::psp::format_2025::operations","@pid":14159,"@timestamp":"2026-03-31T20:29:40.763206Z"}
{"@file":"src/psp/format_2025/operations.rs","@level":"debug","@line":37,"@message":"✅ Operations packed: result=232","@module":"flavor::psp::format_2025::operations","@pid":14159,"@timestamp":"2026-03-31T20:29:40.763178Z"}
{"@file":"src/psp/format_2025/operations.rs","@level":"debug","@line":60,"@message":"✅ Operations unpacked: count=8 operations=[77, 127, 62, 34, 139, 225, 139, 176]","@module":"flavor::psp::format_2025::operations","@pid":14159,"@timestamp":"2026-03-31T20:29:40.763239Z"}
{"@file":"src/psp/format_2025/operations.rs","@level":"debug","@line":60,"@message":"✅ Operations unpacked: count=1 operations=[232]","@module":"flavor::psp::format_2025::operations","@pid":14159,"@timestamp":"2026-03-31T20:29:40.763257Z"}
{"@file":"src/psp/format_2025/operations.rs","@level":"debug","@line":37,"@message":"✅ Operations packed: result=40645","@module":"flavor::psp::format_2025::operations","@pid":14159,"@timestamp":"2026-03-31T20:29:40.763256Z"}
test psp::format_2025::verifier::tests::test_attestation_sbom_digest_absent_skipped ... ok{"@file":"src/psp/format_2025/reader.rs","@level":"debug","@line":233,"@message":"✅ Successfully parsed metadata for test v0.0.1","@module":"flavor::psp::format_2025::reader","@pid":14159,"@timestamp":"2026-03-31T20:29:40.763271Z"}

{"@file":"src/psp/format_2025/operations.rs","@level":"debug","@line":60,"@message":"✅ Operations unpacked: count=8 operations=[247, 93, 116, 114, 130, 164, 73, 24]","@module":"flavor::psp::format_2025::operations","@pid":14159,"@timestamp":"2026-03-31T20:29:40.763304Z"}
{"@file":"src/psp/format_2025/reader.rs","@level":"debug","@line":117,"@message":"Index loaded in 1.597708ms","@module":"flavor::psp::format_2025::reader","@pid":14159,"@timestamp":"2026-03-31T20:29:40.763232Z"}
{"@file":"src/psp/format_2025/operations.rs","@level":"debug","@line":37,"@message":"✅ Operations packed: result=0","@module":"flavor::psp::format_2025::operations","@pid":14159,"@timestamp":"2026-03-31T20:29:40.763330Z"}
{"@file":"src/psp/format_2025/operations.rs","@level":"debug","@line":37,"@message":"✅ Operations packed: result=10789047","@module":"flavor::psp::format_2025::operations","@pid":14159,"@timestamp":"2026-03-31T20:29:40.763332Z"}
{"@file":"src/psp/format_2025/operations.rs","@level":"debug","@line":60,"@message":"✅ Operations unpacked: count=0 operations=[]","@module":"flavor::psp::format_2025::operations","@pid":14159,"@timestamp":"2026-03-31T20:29:40.763368Z"}
test psp::format_2025::verifier::tests::test_attestation_sbom_digest_mismatch ... ok{"@file":"src/psp/format_2025/operations.rs","@level":"debug","@line":37,"@message":"✅ Operations packed: result=1750110810383080951","@module":"flavor::psp::format_2025::operations","@pid":14159,"@timestamp":"2026-03-31T20:29:40.763340Z"}

{"@file":"src/psp/format_2025/reader.rs","@level":"debug","@line":297,"@message":"📊 Reading 0 slot descriptors from offset 0x0","@module":"flavor::psp::format_2025::reader","@pid":14159,"@timestamp":"2026-03-31T20:29:40.763358Z"}
{"@file":"src/psp/format_2025/operations.rs","@level":"debug","@line":60,"@message":"✅ Operations unpacked: count=8 operations=[247, 93, 116, 114, 130, 164, 73, 24]","@module":"flavor::psp::format_2025::operations","@pid":14159,"@timestamp":"2026-03-31T20:29:40.763413Z"}
{"@file":"src/psp/format_2025/operations.rs","@level":"debug","@line":37,"@message":"✅ Operations packed: result=574470286189","@module":"flavor::psp::format_2025::operations","@pid":14159,"@timestamp":"2026-03-31T20:29:40.763415Z"}
{"@file":"src/psp/format_2025/operations.rs","@level":"debug","@line":37,"@message":"✅ Operations packed: result=226","@module":"flavor::psp::format_2025::operations","@pid":14159,"@timestamp":"2026-03-31T20:29:40.763420Z"}
test psp::format_2025::verifier::tests::test_verify_attestation_policy_hash_match ... ok
{"@file":"src/psp/format_2025/operations.rs","@level":"debug","@line":60,"@message":"✅ Operations unpacked: count=1 operations=[226]","@module":"flavor::psp::format_2025::operations","@pid":14159,"@timestamp":"2026-03-31T20:29:40.763473Z"}
{"@file":"src/psp/format_2025/operations.rs","@level":"debug","@line":60,"@message":"✅ Operations unpacked: count=8 operations=[109, 74, 223, 220, 77, 126, 95, 21]","@module":"flavor::psp::format_2025::operations","@pid":14159,"@timestamp":"2026-03-31T20:29:40.763480Z"}
{"@file":"src/psp/format_2025/operations.rs","@level":"debug","@line":37,"@message":"✅ Operations packed: result=569024766","@module":"flavor::psp::format_2025::operations","@pid":14159,"@timestamp":"2026-03-31T20:29:40.763493Z"}
{"@file":"src/psp/format_2025/operations.rs","@level":"debug","@line":37,"@message":"✅ Operations packed: result=1540088470467201645","@module":"flavor::psp::format_2025::operations","@pid":14159,"@timestamp":"2026-03-31T20:29:40.763517Z"}
{"@file":"src/psp/format_2025/operations.rs","@level":"debug","@line":37,"@message":"✅ Operations packed: result=34294499645360138","@module":"flavor::psp::format_2025::operations","@pid":14159,"@timestamp":"2026-03-31T20:29:40.763525Z"}
{"@file":"src/psp/format_2025/operations.rs","@level":"debug","@line":60,"@message":"✅ Operations unpacked: count=8 operations=[109, 74, 223, 220, 77, 126, 95, 21]","@module":"flavor::psp::format_2025::operations","@pid":14159,"@timestamp":"2026-03-31T20:29:40.763549Z"}
{"@file":"src/psp/format_2025/operations.rs","@level":"debug","@line":37,"@message":"✅ Operations packed: result=46853851156460","@module":"flavor::psp::format_2025::operations","@pid":14159,"@timestamp":"2026-03-31T20:29:40.763562Z"}
test psp::format_2025::verifier::tests::test_attestation_sbom_digest_present_no_slot ... ok{"@file":"src/psp/format_2025/operations.rs","@level":"debug","@line":60,"@message":"✅ Operations unpacked: count=7 operations=[10, 136, 28, 109, 170, 214, 121]","@module":"flavor::psp::format_2025::operations","@pid":14159,"@timestamp":"2026-03-31T20:29:40.763568Z"}

{"@file":"src/psp/format_2025/operations.rs","@level":"debug","@line":60,"@message":"✅ Operations unpacked: count=8 operations=[34, 2, 118, 191, 246, 70, 145, 26]","@module":"flavor::psp::format_2025::operations","@pid":14159,"@timestamp":"2026-03-31T20:29:40.763607Z"}
{"@file":"src/psp/format_2025/operations.rs","@level":"debug","@line":37,"@message":"✅ Operations packed: result=34241","@module":"flavor::psp::format_2025::operations","@pid":14159,"@timestamp":"2026-03-31T20:29:40.763621Z"}
{"@file":"src/psp/format_2025/operations.rs","@level":"debug","@line":37,"@message":"✅ Operations packed: result=1914389342197252642","@module":"flavor::psp::format_2025::operations","@pid":14159,"@timestamp":"2026-03-31T20:29:40.763637Z"}
{"@file":"src/psp/format_2025/operations.rs","@level":"debug","@line":37,"@message":"✅ Operations packed: result=41","@module":"flavor::psp::format_2025::operations","@pid":14159,"@timestamp":"2026-03-31T20:29:40.763651Z"}
{"@file":"src/psp/format_2025/operations.rs","@level":"debug","@line":60,"@message":"✅ Operations unpacked: count=8 operations=[34, 2, 118, 191, 246, 70, 145, 26]","@module":"flavor::psp::format_2025::operations","@pid":14159,"@timestamp":"2026-03-31T20:29:40.763665Z"}
{"@file":"src/psp/format_2025/operations.rs","@level":"debug","@line":37,"@message":"✅ Operations packed: result=731185766190683","@module":"flavor::psp::format_2025::operations","@pid":14159,"@timestamp":"2026-03-31T20:29:40.763679Z"}
{"@file":"src/psp/format_2025/operations.rs","@level":"debug","@line":60,"@message":"✅ Operations unpacked: count=1 operations=[41]","@module":"flavor::psp::format_2025::operations","@pid":14159,"@timestamp":"2026-03-31T20:29:40.763688Z"}
{"@file":"src/psp/format_2025/operations.rs","@level":"debug","@line":60,"@message":"✅ Operations unpacked: count=8 operations=[144, 68, 133, 247, 149, 229, 194, 124]","@module":"flavor::psp::format_2025::operations","@pid":14159,"@timestamp":"2026-03-31T20:29:40.763723Z"}
{"@file":"src/psp/format_2025/operations.rs","@level":"debug","@line":37,"@message":"✅ Operations packed: result=2469997203","@module":"flavor::psp::format_2025::operations","@pid":14159,"@timestamp":"2026-03-31T20:29:40.763738Z"}
{"@file":"src/psp/format_2025/operations.rs","@level":"debug","@line":37,"@message":"✅ Operations packed: result=8990000238450525328","@module":"flavor::psp::format_2025::operations","@pid":14159,"@timestamp":"2026-03-31T20:29:40.763754Z"}
{"@file":"src/psp/format_2025/operations.rs","@level":"debug","@line":37,"@message":"✅ Operations packed: result=53943","@module":"flavor::psp::format_2025::operations","@pid":14159,"@timestamp":"2026-03-31T20:29:40.763755Z"}
{"@file":"src/psp/format_2025/operations.rs","@level":"debug","@line":60,"@message":"✅ Operations unpacked: count=8 operations=[144, 68, 133, 247, 149, 229, 194, 124]","@module":"flavor::psp::format_2025::operations","@pid":14159,"@timestamp":"2026-03-31T20:29:40.763789Z"}
{"@file":"src/psp/format_2025/operations.rs","@level":"debug","@line":37,"@message":"✅ Operations packed: result=195760406456322","@module":"flavor::psp::format_2025::operations","@pid":14159,"@timestamp":"2026-03-31T20:29:40.763796Z"}
{"@file":"src/psp/format_2025/operations.rs","@level":"debug","@line":60,"@message":"✅ Operations unpacked: count=2 operations=[183, 210]","@module":"flavor::psp::format_2025::operations","@pid":14159,"@timestamp":"2026-03-31T20:29:40.763805Z"}
{"@file":"src/psp/format_2025/operations.rs","@level":"debug","@line":60,"@message":"✅ Operations unpacked: count=8 operations=[233, 42, 93, 135, 102, 162, 51, 238]","@module":"flavor::psp::format_2025::operations","@pid":14159,"@timestamp":"2026-03-31T20:29:40.763849Z"}
{"@file":"src/psp/format_2025/operations.rs","@level":"debug","@line":37,"@message":"✅ Operations packed: result=347240069","@module":"flavor::psp::format_2025::operations","@pid":14159,"@timestamp":"2026-03-31T20:29:40.763868Z"}
{"@file":"src/psp/format_2025/operations.rs","@level":"debug","@line":37,"@message":"✅ Operations packed: result=17164241166080486121","@module":"flavor::psp::format_2025::operations","@pid":14159,"@timestamp":"2026-03-31T20:29:40.763880Z"}
{"@file":"src/psp/format_2025/operations.rs","@level":"debug","@line":37,"@message":"✅ Operations packed: result=70007580575231290","@module":"flavor::psp::format_2025::operations","@pid":14159,"@timestamp":"2026-03-31T20:29:40.763896Z"}
{"@file":"src/psp/format_2025/operations.rs","@level":"debug","@line":60,"@message":"✅ Operations unpacked: count=8 operations=[233, 42, 93, 135, 102, 162, 51, 238]","@module":"flavor::psp::format_2025::operations","@pid":14159,"@timestamp":"2026-03-31T20:29:40.763908Z"}
{"@file":"src/psp/format_2025/operations.rs","@level":"debug","@line":37,"@message":"✅ Operations packed: result=0","@module":"flavor::psp::format_2025::operations","@pid":14159,"@timestamp":"2026-03-31T20:29:40.763925Z"}
{"@file":"src/psp/format_2025/operations.rs","@level":"debug","@line":60,"@message":"✅ Operations unpacked: count=7 operations=[58, 109, 197, 11, 134, 183, 248]","@module":"flavor::psp::format_2025::operations","@pid":14159,"@timestamp":"2026-03-31T20:29:40.763930Z"}
{"@file":"src/psp/format_2025/operations.rs","@level":"debug","@line":60,"@message":"✅ Operations unpacked: count=8 operations=[64, 242, 110, 188, 177, 110, 196, 127]","@module":"flavor::psp::format_2025::operations","@pid":14159,"@timestamp":"2026-03-31T20:29:40.763985Z"}
{"@file":"src/psp/format_2025/operations.rs","@level":"debug","@line":37,"@message":"✅ Operations packed: result=756494245513","@module":"flavor::psp::format_2025::operations","@pid":14159,"@timestamp":"2026-03-31T20:29:40.763997Z"}
{"@file":"src/psp/format_2025/operations.rs","@level":"debug","@line":37,"@message":"✅ Operations packed: result=65332878921353","@module":"flavor::psp::format_2025::operations","@pid":14159,"@timestamp":"2026-03-31T20:29:40.764003Z"}
{"@file":"src/psp/format_2025/operations.rs","@level":"debug","@line":37,"@message":"✅ Operations packed: result=9206605247901790784","@module":"flavor::psp::format_2025::operations","@pid":14159,"@timestamp":"2026-03-31T20:29:40.764012Z"}
{"@file":"src/psp/format_2025/operations.rs","@level":"debug","@line":60,"@message":"✅ Operations unpacked: count=6 operations=[137, 78, 10, 127, 107, 59]","@module":"flavor::psp::format_2025::operations","@pid":14159,"@timestamp":"2026-03-31T20:29:40.764036Z"}
{"@file":"src/psp/format_2025/operations.rs","@level":"debug","@line":60,"@message":"✅ Operations unpacked: count=8 operations=[64, 242, 110, 188, 177, 110, 196, 127]","@module":"flavor::psp::format_2025::operations","@pid":14159,"@timestamp":"2026-03-31T20:29:40.764050Z"}
{"@file":"src/psp/format_2025/operations.rs","@level":"debug","@line":37,"@message":"✅ Operations packed: result=681595637","@module":"flavor::psp::format_2025::operations","@pid":14159,"@timestamp":"2026-03-31T20:29:40.764054Z"}
{"@file":"src/psp/format_2025/operations.rs","@level":"debug","@line":37,"@message":"✅ Operations packed: result=36734","@module":"flavor::psp::format_2025::operations","@pid":14159,"@timestamp":"2026-03-31T20:29:40.764090Z"}
{"@file":"src/psp/format_2025/operations.rs","@level":"debug","@line":60,"@message":"✅ Operations unpacked: count=8 operations=[63, 108, 46, 92, 127, 165, 182, 87]","@module":"flavor::psp::format_2025::operations","@pid":14159,"@timestamp":"2026-03-31T20:29:40.764108Z"}
{"@file":"src/psp/format_2025/operations.rs","@level":"debug","@line":60,"@message":"✅ Operations unpacked: count=2 operations=[126, 143]","@module":"flavor::psp::format_2025::operations","@pid":14159,"@timestamp":"2026-03-31T20:29:40.764113Z"}
{"@file":"src/psp/format_2025/operations.rs","@level":"debug","@line":37,"@message":"✅ Operations packed: result=0","@module":"flavor::psp::format_2025::operations","@pid":14159,"@timestamp":"2026-03-31T20:29:40.764120Z"}
{"@file":"src/psp/format_2025/operations.rs","@level":"debug","@line":37,"@message":"✅ Operations packed: result=6320421093487045695","@module":"flavor::psp::format_2025::operations","@pid":14159,"@timestamp":"2026-03-31T20:29:40.764140Z"}
{"@file":"src/psp/format_2025/operations.rs","@level":"debug","@line":60,"@message":"✅ Operations unpacked: count=8 operations=[63, 108, 46, 92, 127, 165, 182, 87]","@module":"flavor::psp::format_2025::operations","@pid":14159,"@timestamp":"2026-03-31T20:29:40.764179Z"}
{"@file":"src/psp/format_2025/operations.rs","@level":"debug","@line":37,"@message":"✅ Operations packed: result=837929","@module":"flavor::psp::format_2025::operations","@pid":14159,"@timestamp":"2026-03-31T20:29:40.764180Z"}
{"@file":"src/psp/format_2025/operations.rs","@level":"debug","@line":37,"@message":"✅ Operations packed: result=15225962","@module":"flavor::psp::format_2025::operations","@pid":14159,"@timestamp":"2026-03-31T20:29:40.764196Z"}
{"@file":"src/psp/format_2025/operations.rs","@level":"debug","@line":60,"@message":"✅ Operations unpacked: count=3 operations=[41, 201, 12]","@module":"flavor::psp::format_2025::operations","@pid":14159,"@timestamp":"2026-03-31T20:29:40.764208Z"}
{"@file":"src/psp/format_2025/operations.rs","@level":"debug","@line":60,"@message":"✅ Operations unpacked: count=8 operations=[163, 120, 250, 216, 221, 81, 194, 115]","@module":"flavor::psp::format_2025::operations","@pid":14159,"@timestamp":"2026-03-31T20:29:40.764229Z"}
{"@file":"src/psp/format_2025/operations.rs","@level":"debug","@line":37,"@message":"✅ Operations packed: result=8341319473113495715","@module":"flavor::psp::format_2025::operations","@pid":14159,"@timestamp":"2026-03-31T20:29:40.764251Z"}
{"@file":"src/psp/format_2025/operations.rs","@level":"debug","@line":37,"@message":"✅ Operations packed: result=17005258841192182060","@module":"flavor::psp::format_2025::operations","@pid":14159,"@timestamp":"2026-03-31T20:29:40.764255Z"}
{"@file":"src/psp/format_2025/operations.rs","@level":"debug","@line":37,"@message":"✅ Operations packed: result=27709464734416706","@module":"flavor::psp::format_2025::operations","@pid":14159,"@timestamp":"2026-03-31T20:29:40.764262Z"}
{"@file":"src/psp/format_2025/operations.rs","@level":"debug","@line":60,"@message":"✅ Operations unpacked: count=8 operations=[163, 120, 250, 216, 221, 81, 194, 115]","@module":"flavor::psp::format_2025::operations","@pid":14159,"@timestamp":"2026-03-31T20:29:40.764270Z"}
{"@file":"src/psp/format_2025/operations.rs","@level":"debug","@line":60,"@message":"✅ Operations unpacked: count=7 operations=[66, 63, 105, 130, 156, 113, 98]","@module":"flavor::psp::format_2025::operations","@pid":14159,"@timestamp":"2026-03-31T20:29:40.764304Z"}
{"@file":"src/psp/format_2025/operations.rs","@level":"debug","@line":37,"@message":"✅ Operations packed: result=0","@module":"flavor::psp::format_2025::operations","@pid":14159,"@timestamp":"2026-03-31T20:29:40.764315Z"}
{"@file":"src/psp/format_2025/operations.rs","@level":"debug","@line":60,"@message":"✅ Operations unpacked: count=8 operations=[125, 63, 172, 182, 109, 3, 162, 252]","@module":"flavor::psp::format_2025::operations","@pid":14159,"@timestamp":"2026-03-31T20:29:40.764350Z"}
{"@file":"src/psp/format_2025/operations.rs","@level":"debug","@line":37,"@message":"✅ Operations packed: result=51624","@module":"flavor::psp::format_2025::operations","@pid":14159,"@timestamp":"2026-03-31T20:29:40.764356Z"}
{"@file":"src/psp/format_2025/operations.rs","@level":"debug","@line":37,"@message":"✅ Operations packed: result=149755385889270","@module":"flavor::psp::format_2025::operations","@pid":14159,"@timestamp":"2026-03-31T20:29:40.764370Z"}
{"@file":"src/psp/format_2025/operations.rs","@level":"debug","@line":60,"@message":"✅ Operations unpacked: count=2 operations=[168, 201]","@module":"flavor::psp::format_2025::operations","@pid":14159,"@timestamp":"2026-03-31T20:29:40.764383Z"}
{"@file":"src/psp/format_2025/operations.rs","@level":"debug","@line":37,"@message":"✅ Operations packed: result=18204116413536026493","@module":"flavor::psp::format_2025::operations","@pid":14159,"@timestamp":"2026-03-31T20:29:40.764375Z"}
{"@file":"src/psp/format_2025/operations.rs","@level":"debug","@line":60,"@message":"✅ Operations unpacked: count=8 operations=[125, 63, 172, 182, 109, 3, 162, 252]","@module":"flavor::psp::format_2025::operations","@pid":14159,"@timestamp":"2026-03-31T20:29:40.764416Z"}
{"@file":"src/psp/format_2025/operations.rs","@level":"debug","@line":37,"@message":"✅ Operations packed: result=197","@module":"flavor::psp::format_2025::operations","@pid":14159,"@timestamp":"2026-03-31T20:29:40.764427Z"}
{"@file":"src/psp/format_2025/operations.rs","@level":"debug","@line":37,"@message":"✅ Operations packed: result=573322144676","@module":"flavor::psp::format_2025::operations","@pid":14159,"@timestamp":"2026-03-31T20:29:40.764439Z"}
{"@file":"src/psp/format_2025/operations.rs","@level":"debug","@line":60,"@message":"✅ Operations unpacked: count=5 operations=[164, 171, 169, 124, 133]","@module":"flavor::psp::format_2025::operations","@pid":14159,"@timestamp":"2026-03-31T20:29:40.764464Z"}
{"@file":"src/psp/format_2025/operations.rs","@level":"debug","@line":60,"@message":"✅ Operations unpacked: count=8 operations=[12, 145, 154, 194, 143, 194, 156, 141]","@module":"flavor::psp::format_2025::operations","@pid":14159,"@timestamp":"2026-03-31T20:29:40.764466Z"}
{"@file":"src/psp/format_2025/operations.rs","@level":"debug","@line":37,"@message":"✅ Operations packed: result=860024157284","@module":"flavor::psp::format_2025::operations","@pid":14159,"@timestamp":"2026-03-31T20:29:40.764481Z"}
{"@file":"src/psp/format_2025/operations.rs","@level":"debug","@line":37,"@message":"✅ Operations packed: result=10204244778415722764","@module":"flavor::psp::format_2025::operations","@pid":14159,"@timestamp":"2026-03-31T20:29:40.764504Z"}
{"@file":"src/psp/format_2025/operations.rs","@level":"debug","@line":37,"@message":"✅ Operations packed: result=0","@module":"flavor::psp::format_2025::operations","@pid":14159,"@timestamp":"2026-03-31T20:29:40.764513Z"}
{"@file":"src/psp/format_2025/operations.rs","@level":"debug","@line":60,"@message":"✅ Operations unpacked: count=8 operations=[12, 145, 154, 194, 143, 194, 156, 141]","@module":"flavor::psp::format_2025::operations","@pid":14159,"@timestamp":"2026-03-31T20:29:40.764528Z"}
{"@file":"src/psp/format_2025/operations.rs","@level":"debug","@line":60,"@message":"✅ Operations unpacked: count=0 operations=[]","@module":"flavor::psp::format_2025::operations","@pid":14159,"@timestamp":"2026-03-31T20:29:40.764538Z"}
{"@file":"src/psp/format_2025/operations.rs","@level":"debug","@line":37,"@message":"✅ Operations packed: result=6523105189260271841","@module":"flavor::psp::format_2025::operations","@pid":14159,"@timestamp":"2026-03-31T20:29:40.764549Z"}
{"@file":"src/psp/format_2025/operations.rs","@level":"debug","@line":60,"@message":"✅ Operations unpacked: count=8 operations=[228, 24, 86, 201, 3, 225, 191, 87]","@module":"flavor::psp::format_2025::operations","@pid":14159,"@timestamp":"2026-03-31T20:29:40.764582Z"}
{"@file":"src/psp/format_2025/operations.rs","@level":"debug","@line":37,"@message":"✅ Operations packed: result=0","@module":"flavor::psp::format_2025::operations","@pid":14159,"@timestamp":"2026-03-31T20:29:40.764598Z"}
{"@file":"src/psp/format_2025/operations.rs","@level":"debug","@line":37,"@message":"✅ Operations packed: result=2537575814","@module":"flavor::psp::format_2025::operations","@pid":14159,"@timestamp":"2026-03-31T20:29:40.764591Z"}
{"@file":"src/psp/format_2025/operations.rs","@level":"debug","@line":37,"@message":"✅ Operations packed: result=6323019808230480100","@module":"flavor::psp::format_2025::operations","@pid":14159,"@timestamp":"2026-03-31T20:29:40.764615Z"}
{"@file":"src/psp/format_2025/operations.rs","@level":"debug","@line":60,"@message":"✅ Operations unpacked: count=4 operations=[134, 85, 64, 151]","@module":"flavor::psp::format_2025::operations","@pid":14159,"@timestamp":"2026-03-31T20:29:40.764626Z"}
{"@file":"src/psp/format_2025/operations.rs","@level":"debug","@line":60,"@message":"✅ Operations unpacked: count=8 operations=[228, 24, 86, 201, 3, 225, 191, 87]","@module":"flavor::psp::format_2025::operations","@pid":14159,"@timestamp":"2026-03-31T20:29:40.764642Z"}
{"@file":"src/psp/format_2025/operations.rs","@level":"debug","@line":37,"@message":"✅ Operations packed: result=681643251317","@module":"flavor::psp::format_2025::operations","@pid":14159,"@timestamp":"2026-03-31T20:29:40.764650Z"}
{"@file":"src/psp/format_2025/operations.rs","@level":"debug","@line":37,"@message":"✅ Operations packed: result=0","@module":"flavor::psp::format_2025::operations","@pid":14159,"@timestamp":"2026-03-31T20:29:40.764679Z"}
{"@file":"src/psp/format_2025/operations.rs","@level":"debug","@line":60,"@message":"✅ Operations unpacked: count=0 operations=[]","@module":"flavor::psp::format_2025::operations","@pid":14159,"@timestamp":"2026-03-31T20:29:40.764698Z"}
{"@file":"src/psp/format_2025/operations.rs","@level":"debug","@line":60,"@message":"✅ Operations unpacked: count=8 operations=[158, 246, 76, 1, 255, 164, 40, 154]","@module":"flavor::psp::format_2025::operations","@pid":14159,"@timestamp":"2026-03-31T20:29:40.764700Z"}
{"@file":"src/psp/format_2025/operations.rs","@level":"debug","@line":37,"@message":"✅ Operations packed: result=76924217","@module":"flavor::psp::format_2025::operations","@pid":14159,"@timestamp":"2026-03-31T20:29:40.764713Z"}
{"@file":"src/psp/format_2025/operations.rs","@level":"debug","@line":37,"@message":"✅ Operations packed: result=11108309896054765214","@module":"flavor::psp::format_2025::operations","@pid":14159,"@timestamp":"2026-03-31T20:29:40.764728Z"}
{"@file":"src/psp/format_2025/operations.rs","@level":"debug","@line":37,"@message":"✅ Operations packed: result=57845","@module":"flavor::psp::format_2025::operations","@pid":14159,"@timestamp":"2026-03-31T20:29:40.764746Z"}
{"@file":"src/psp/format_2025/operations.rs","@level":"debug","@line":60,"@message":"✅ Operations unpacked: count=8 operations=[158, 246, 76, 1, 255, 164, 40, 154]","@module":"flavor::psp::format_2025::operations","@pid":14159,"@timestamp":"2026-03-31T20:29:40.764754Z"}
{"@file":"src/psp/format_2025/operations.rs","@level":"debug","@line":37,"@message":"✅ Operations packed: result=295365623","@module":"flavor::psp::format_2025::operations","@pid":14159,"@timestamp":"2026-03-31T20:29:40.764767Z"}
{"@file":"src/psp/format_2025/operations.rs","@level":"debug","@line":60,"@message":"✅ Operations unpacked: count=2 operations=[245, 225]","@module":"flavor::psp::format_2025::operations","@pid":14159,"@timestamp":"2026-03-31T20:29:40.764775Z"}
{"@file":"src/psp/format_2025/operations.rs","@level":"debug","@line":60,"@message":"✅ Operations unpacked: count=8 operations=[190, 214, 254, 227, 239, 101, 212, 53]","@module":"flavor::psp::format_2025::operations","@pid":14159,"@timestamp":"2026-03-31T20:29:40.764828Z"}
{"@file":"src/psp/format_2025/operations.rs","@level":"debug","@line":37,"@message":"✅ Operations packed: result=10850795","@module":"flavor::psp::format_2025::operations","@pid":14159,"@timestamp":"2026-03-31T20:29:40.764843Z"}
{"@file":"src/psp/format_2025/operations.rs","@level":"debug","@line":37,"@message":"✅ Operations packed: result=76703770239135","@module":"flavor::psp::format_2025::operations","@pid":14159,"@timestamp":"2026-03-31T20:29:40.764857Z"}
{"@file":"src/psp/format_2025/operations.rs","@level":"debug","@line":37,"@message":"✅ Operations packed: result=3878837260069557950","@module":"flavor::psp::format_2025::operations","@pid":14159,"@timestamp":"2026-03-31T20:29:40.764851Z"}
{"@file":"src/psp/format_2025/operations.rs","@level":"debug","@line":60,"@message":"✅ Operations unpacked: count=6 operations=[159, 96, 250, 252, 194, 69]","@module":"flavor::psp::format_2025::operations","@pid":14159,"@timestamp":"2026-03-31T20:29:40.764882Z"}
{"@file":"src/psp/format_2025/operations.rs","@level":"debug","@line":60,"@message":"✅ Operations unpacked: count=8 operations=[190, 214, 254, 227, 239, 101, 212, 53]","@module":"flavor::psp::format_2025::operations","@pid":14159,"@timestamp":"2026-03-31T20:29:40.764887Z"}
{"@file":"src/psp/format_2025/operations.rs","@level":"debug","@line":37,"@message":"✅ Operations packed: result=447338661664","@module":"flavor::psp::format_2025::operations","@pid":14159,"@timestamp":"2026-03-31T20:29:40.764902Z"}
{"@file":"src/psp/format_2025/operations.rs","@level":"debug","@line":37,"@message":"✅ Operations packed: result=41210270825525747","@module":"flavor::psp::format_2025::operations","@pid":14159,"@timestamp":"2026-03-31T20:29:40.764936Z"}
{"@file":"src/psp/format_2025/operations.rs","@level":"debug","@line":37,"@message":"✅ Operations packed: result=48148","@module":"flavor::psp::format_2025::operations","@pid":14159,"@timestamp":"2026-03-31T20:29:40.764958Z"}
{"@file":"src/psp/format_2025/operations.rs","@level":"debug","@line":60,"@message":"✅ Operations unpacked: count=8 operations=[1, 112, 214, 4, 138, 7, 71, 252]","@module":"flavor::psp::format_2025::operations","@pid":14159,"@timestamp":"2026-03-31T20:29:40.764955Z"}
{"@file":"src/psp/format_2025/operations.rs","@level":"debug","@line":60,"@message":"✅ Operations unpacked: count=7 operations=[243, 49, 167, 225, 133, 104, 146]","@module":"flavor::psp::format_2025::operations","@pid":14159,"@timestamp":"2026-03-31T20:29:40.764965Z"}
{"@file":"src/psp/format_2025/operations.rs","@level":"debug","@line":37,"@message":"✅ Operations packed: result=18178506710272339969","@module":"flavor::psp::format_2025::operations","@pid":14159,"@timestamp":"2026-03-31T20:29:40.764996Z"}
{"@file":"src/psp/format_2025/operations.rs","@level":"debug","@line":37,"@message":"✅ Operations packed: result=62563","@module":"flavor::psp::format_2025::operations","@pid":14159,"@timestamp":"2026-03-31T20:29:40.765014Z"}
{"@file":"src/psp/format_2025/operations.rs","@level":"debug","@line":60,"@message":"✅ Operations unpacked: count=8 operations=[1, 112, 214, 4, 138, 7, 71, 252]","@module":"flavor::psp::format_2025::operations","@pid":14159,"@timestamp":"2026-03-31T20:29:40.765021Z"}
{"@file":"src/psp/format_2025/operations.rs","@level":"debug","@line":37,"@message":"✅ Operations packed: result=0","@module":"flavor::psp::format_2025::operations","@pid":14159,"@timestamp":"2026-03-31T20:29:40.765037Z"}
{"@file":"src/psp/format_2025/operations.rs","@level":"debug","@line":60,"@message":"✅ Operations unpacked: count=0 operations=[]","@module":"flavor::psp::format_2025::operations","@pid":14159,"@timestamp":"2026-03-31T20:29:40.765063Z"}
{"@file":"src/psp/format_2025/operations.rs","@level":"debug","@line":60,"@message":"✅ Operations unpacked: count=8 operations=[85, 241, 60, 223, 247, 207, 140, 249]","@module":"flavor::psp::format_2025::operations","@pid":14159,"@timestamp":"2026-03-31T20:29:40.765072Z"}
{"@file":"src/psp/format_2025/operations.rs","@level":"debug","@line":37,"@message":"✅ Operations packed: result=17981976075692732757","@module":"flavor::psp::format_2025::operations","@pid":14159,"@timestamp":"2026-03-31T20:29:40.765101Z"}
{"@file":"src/psp/format_2025/operations.rs","@level":"debug","@line":37,"@message":"✅ Operations packed: result=127","@module":"flavor::psp::format_2025::operations","@pid":14159,"@timestamp":"2026-03-31T20:29:40.765118Z"}
{"@file":"src/psp/format_2025/operations.rs","@level":"debug","@line":60,"@message":"✅ Operations unpacked: count=8 operations=[85, 241, 60, 223, 247, 207, 140, 249]","@module":"flavor::psp::format_2025::operations","@pid":14159,"@timestamp":"2026-03-31T20:29:40.765121Z"}
{"@file":"src/psp/format_2025/operations.rs","@level":"debug","@line":60,"@message":"✅ Operations unpacked: count=1 operations=[127]","@module":"flavor::psp::format_2025::operations","@pid":14159,"@timestamp":"2026-03-31T20:29:40.765149Z"}
{"@file":"src/psp/format_2025/operations.rs","@level":"debug","@line":37,"@message":"✅ Operations packed: result=3509752467","@module":"flavor::psp::format_2025::operations","@pid":14159,"@timestamp":"2026-03-31T20:29:40.765063Z"}
{"@file":"src/psp/format_2025/operations.rs","@level":"debug","@line":60,"@message":"✅ Operations unpacked: count=8 operations=[25, 159, 79, 146, 59, 33, 109, 19]","@module":"flavor::psp::format_2025::operations","@pid":14159,"@timestamp":"2026-03-31T20:29:40.765192Z"}
{"@file":"src/psp/format_2025/operations.rs","@level":"debug","@line":37,"@message":"✅ Operations packed: result=17548890257010780743","@module":"flavor::psp::format_2025::operations","@pid":14159,"@timestamp":"2026-03-31T20:29:40.765207Z"}
{"@file":"src/psp/format_2025/operations.rs","@level":"debug","@line":37,"@message":"✅ Operations packed: result=1399811598923570969","@module":"flavor::psp::format_2025::operations","@pid":14159,"@timestamp":"2026-03-31T20:29:40.765221Z"}
{"@file":"src/psp/format_2025/operations.rs","@level":"debug","@line":60,"@message":"✅ Operations unpacked: count=8 operations=[71, 234, 112, 243, 181, 46, 138, 243]","@module":"flavor::psp::format_2025::operations","@pid":14159,"@timestamp":"2026-03-31T20:29:40.765234Z"}
{"@file":"src/psp/format_2025/operations.rs","@level":"debug","@line":37,"@message":"✅ Operations packed: result=21295","@module":"flavor::psp::format_2025::operations","@pid":14159,"@timestamp":"2026-03-31T20:29:40.765214Z"}
{"@file":"src/psp/format_2025/operations.rs","@level":"debug","@line":60,"@message":"✅ Operations unpacked: count=8 operations=[25, 159, 79, 146, 59, 33, 109, 19]","@module":"flavor::psp::format_2025::operations","@pid":14159,"@timestamp":"2026-03-31T20:29:40.765249Z"}
{"@file":"src/psp/format_2025/operations.rs","@level":"debug","@line":37,"@message":"✅ Operations packed: result=9571703592139466252","@module":"flavor::psp::format_2025::operations","@pid":14159,"@timestamp":"2026-03-31T20:29:40.765294Z"}
{"@file":"src/psp/format_2025/operations.rs","@level":"debug","@line":37,"@message":"✅ Operations packed: result=0","@module":"flavor::psp::format_2025::operations","@pid":14159,"@timestamp":"2026-03-31T20:29:40.765304Z"}
{"@file":"src/psp/format_2025/operations.rs","@level":"debug","@line":60,"@message":"✅ Operations unpacked: count=8 operations=[12, 166, 205, 56, 180, 133, 213, 132]","@module":"flavor::psp::format_2025::operations","@pid":14159,"@timestamp":"2026-03-31T20:29:40.765322Z"}
{"@file":"src/psp/format_2025/operations.rs","@level":"debug","@line":60,"@message":"✅ Operations unpacked: count=8 operations=[167, 37, 119, 72, 93, 113, 254, 75]","@module":"flavor::psp::format_2025::operations","@pid":14159,"@timestamp":"2026-03-31T20:29:40.765323Z"}
{"@file":"src/psp/format_2025/operations.rs","@level":"debug","@line":37,"@message":"✅ Operations packed: result=5475938842390767015","@module":"flavor::psp::format_2025::operations","@pid":14159,"@timestamp":"2026-03-31T20:29:40.765365Z"}
{"@file":"src/psp/format_2025/operations.rs","@level":"debug","@line":37,"@message":"✅ Operations packed: result=0","@module":"flavor::psp::format_2025::operations","@pid":14159,"@timestamp":"2026-03-31T20:29:40.765369Z"}
{"@file":"src/psp/format_2025/operations.rs","@level":"debug","@line":37,"@message":"✅ Operations packed: result=896111507692","@module":"flavor::psp::format_2025::operations","@pid":14159,"@timestamp":"2026-03-31T20:29:40.765381Z"}
{"@file":"src/psp/format_2025/operations.rs","@level":"debug","@line":60,"@message":"✅ Operations unpacked: count=8 operations=[167, 37, 119, 72, 93, 113, 254, 75]","@module":"flavor::psp::format_2025::operations","@pid":14159,"@timestamp":"2026-03-31T20:29:40.765387Z"}
{"@file":"src/psp/format_2025/operations.rs","@level":"debug","@line":60,"@message":"✅ Operations unpacked: count=5 operations=[236, 120, 104, 164, 208]","@module":"flavor::psp::format_2025::operations","@pid":14159,"@timestamp":"2026-03-31T20:29:40.765412Z"}
{"@file":"src/psp/format_2025/operations.rs","@level":"debug","@line":37,"@message":"✅ Operations packed: result=178","@module":"flavor::psp::format_2025::operations","@pid":14159,"@timestamp":"2026-03-31T20:29:40.765421Z"}
{"@file":"src/psp/format_2025/operations.rs","@level":"debug","@line":60,"@message":"✅ Operations unpacked: count=8 operations=[121, 161, 86, 88, 72, 33, 198, 7]","@module":"flavor::psp::format_2025::operations","@pid":14159,"@timestamp":"2026-03-31T20:29:40.765453Z"}
{"@file":"src/psp/format_2025/operations.rs","@level":"debug","@line":37,"@message":"✅ Operations packed: result=89","@module":"flavor::psp::format_2025::operations","@pid":14159,"@timestamp":"2026-03-31T20:29:40.765471Z"}
{"@file":"src/psp/format_2025/operations.rs","@level":"debug","@line":37,"@message":"✅ Operations packed: result=209648741282098","@module":"flavor::psp::format_2025::operations","@pid":14159,"@timestamp":"2026-03-31T20:29:40.765485Z"}
{"@file":"src/psp/format_2025/operations.rs","@level":"debug","@line":37,"@message":"✅ Operations packed: result=560171798257639801","@module":"flavor::psp::format_2025::operations","@pid":14159,"@timestamp":"2026-03-31T20:29:40.765478Z"}
{"@file":"src/psp/format_2025/operations.rs","@level":"debug","@line":60,"@message":"✅ Operations unpacked: count=1 operations=[89]","@module":"flavor::psp::format_2025::operations","@pid":14159,"@timestamp":"2026-03-31T20:29:40.765503Z"}
{"@file":"src/psp/format_2025/operations.rs","@level":"debug","@line":60,"@message":"✅ Operations unpacked: count=8 operations=[121, 161, 86, 88, 72, 33, 198, 7]","@module":"flavor::psp::format_2025::operations","@pid":14159,"@timestamp":"2026-03-31T20:29:40.765517Z"}
{"@file":"src/psp/format_2025/operations.rs","@level":"debug","@line":37,"@message":"✅ Operations packed: result=46780220266624953","@module":"flavor::psp::format_2025::operations","@pid":14159,"@timestamp":"2026-03-31T20:29:40.765539Z"}
{"@file":"src/psp/format_2025/operations.rs","@level":"debug","@line":37,"@message":"✅ Operations packed: result=251152067483476","@module":"flavor::psp::format_2025::operations","@pid":14159,"@timestamp":"2026-03-31T20:29:40.765558Z"}
{"@file":"src/psp/format_2025/operations.rs","@level":"debug","@line":60,"@message":"✅ Operations unpacked: count=8 operations=[131, 34, 48, 90, 147, 70, 4, 120]","@module":"flavor::psp::format_2025::operations","@pid":14159,"@timestamp":"2026-03-31T20:29:40.765571Z"}
{"@file":"src/psp/format_2025/operations.rs","@level":"debug","@line":60,"@message":"✅ Operations unpacked: count=6 operations=[84, 87, 196, 229, 107, 228]","@module":"flavor::psp::format_2025::operations","@pid":14159,"@timestamp":"2026-03-31T20:29:40.765586Z"}
{"@file":"src/psp/format_2025/operations.rs","@level":"debug","@line":37,"@message":"✅ Operations packed: result=51734243952444","@module":"flavor::psp::format_2025::operations","@pid":14159,"@timestamp":"2026-03-31T20:29:40.765591Z"}
{"@file":"src/psp/format_2025/operations.rs","@level":"debug","@line":37,"@message":"✅ Operations packed: result=8648114783145435779","@module":"flavor::psp::format_2025::operations","@pid":14159,"@timestamp":"2026-03-31T20:29:40.765597Z"}
{"@file":"src/psp/format_2025/operations.rs","@level":"debug","@line":60,"@message":"✅ Operations unpacked: count=8 operations=[131, 34, 48, 90, 147, 70, 4, 120]","@module":"flavor::psp::format_2025::operations","@pid":14159,"@timestamp":"2026-03-31T20:29:40.765639Z"}
{"@file":"src/psp/format_2025/operations.rs","@level":"debug","@line":37,"@message":"✅ Operations packed: result=123385849194628","@module":"flavor::psp::format_2025::operations","@pid":14159,"@timestamp":"2026-03-31T20:29:40.765647Z"}
{"@file":"src/psp/format_2025/operations.rs","@level":"debug","@line":37,"@message":"✅ Operations packed: result=9156248","@module":"flavor::psp::format_2025::operations","@pid":14159,"@timestamp":"2026-03-31T20:29:40.765659Z"}
{"@file":"src/psp/format_2025/operations.rs","@level":"debug","@line":60,"@message":"✅ Operations unpacked: count=6 operations=[132, 40, 182, 1, 56, 112]","@module":"flavor::psp::format_2025::operations","@pid":14159,"@timestamp":"2026-03-31T20:29:40.765673Z"}
{"@file":"src/psp/format_2025/operations.rs","@level":"debug","@line":60,"@message":"✅ Operations unpacked: count=8 operations=[76, 22, 214, 119, 207, 108, 70, 203]","@module":"flavor::psp::format_2025::operations","@pid":14159,"@timestamp":"2026-03-31T20:29:40.765687Z"}
{"@file":"src/psp/format_2025/operations.rs","@level":"debug","@line":37,"@message":"✅ Operations packed: result=49670","@module":"flavor::psp::format_2025::operations","@pid":14159,"@timestamp":"2026-03-31T20:29:40.765712Z"}
{"@file":"src/psp/format_2025/operations.rs","@level":"debug","@line":37,"@message":"✅ Operations packed: result=14647514476393666124","@module":"flavor::psp::format_2025::operations","@pid":14159,"@timestamp":"2026-03-31T20:29:40.765715Z"}
{"@file":"src/psp/format_2025/operations.rs","@level":"debug","@line":37,"@message":"✅ Operations packed: result=3411549736016529","@module":"flavor::psp::format_2025::operations","@pid":14159,"@timestamp":"2026-03-31T20:29:40.765729Z"}
{"@file":"src/psp/format_2025/operations.rs","@level":"debug","@line":60,"@message":"✅ Operations unpacked: count=8 operations=[76, 22, 214, 119, 207, 108, 70, 203]","@module":"flavor::psp::format_2025::operations","@pid":14159,"@timestamp":"2026-03-31T20:29:40.765742Z"}
{"@file":"src/psp/format_2025/operations.rs","@level":"debug","@line":60,"@message":"✅ Operations unpacked: count=7 operations=[145, 26, 38, 82, 201, 30, 12]","@module":"flavor::psp::format_2025::operations","@pid":14159,"@timestamp":"2026-03-31T20:29:40.765756Z"}
{"@file":"src/psp/format_2025/operations.rs","@level":"debug","@line":37,"@message":"✅ Operations packed: result=0","@module":"flavor::psp::format_2025::operations","@pid":14159,"@timestamp":"2026-03-31T20:29:40.765763Z"}
{"@file":"src/psp/format_2025/operations.rs","@level":"debug","@line":60,"@message":"✅ Operations unpacked: count=8 operations=[149, 222, 210, 29, 40, 220, 149, 230]","@module":"flavor::psp::format_2025::operations","@pid":14159,"@timestamp":"2026-03-31T20:29:40.765794Z"}
{"@file":"src/psp/format_2025/operations.rs","@level":"debug","@line":37,"@message":"✅ Operations packed: result=14384968","@module":"flavor::psp::format_2025::operations","@pid":14159,"@timestamp":"2026-03-31T20:29:40.765816Z"}
{"@file":"src/psp/format_2025/operations.rs","@level":"debug","@line":37,"@message":"✅ Operations packed: result=3515626","@module":"flavor::psp::format_2025::operations","@pid":14159,"@timestamp":"2026-03-31T20:29:40.765829Z"}
{"@file":"src/psp/format_2025/operations.rs","@level":"debug","@line":37,"@message":"✅ Operations packed: result=16615428465110474389","@module":"flavor::psp::format_2025::operations","@pid":14159,"@timestamp":"2026-03-31T20:29:40.765823Z"}
{"@file":"src/psp/format_2025/operations.rs","@level":"debug","@line":60,"@message":"✅ Operations unpacked: count=3 operations=[72, 127, 219]","@module":"flavor::psp::format_2025::operations","@pid":14159,"@timestamp":"2026-03-31T20:29:40.765847Z"}
{"@file":"src/psp/format_2025/operations.rs","@level":"debug","@line":60,"@message":"✅ Operations unpacked: count=8 operations=[149, 222, 210, 29, 40, 220, 149, 230]","@module":"flavor::psp::format_2025::operations","@pid":14159,"@timestamp":"2026-03-31T20:29:40.765864Z"}
{"@file":"src/psp/format_2025/operations.rs","@level":"debug","@line":37,"@message":"✅ Operations packed: result=4249339","@module":"flavor::psp::format_2025::operations","@pid":14159,"@timestamp":"2026-03-31T20:29:40.765884Z"}
{"@file":"src/psp/format_2025/operations.rs","@level":"debug","@line":37,"@message":"✅ Operations packed: result=15335406081546878028","@module":"flavor::psp::format_2025::operations","@pid":14159,"@timestamp":"2026-03-31T20:29:40.765905Z"}
{"@file":"src/psp/format_2025/operations.rs","@level":"debug","@line":60,"@message":"✅ Operations unpacked: count=5 operations=[125, 159, 79, 104, 21]","@module":"flavor::psp::format_2025::operations","@pid":14159,"@timestamp":"2026-03-31T20:29:40.765917Z"}
{"@file":"src/psp/format_2025/operations.rs","@level":"debug","@line":60,"@message":"✅ Operations unpacked: count=8 operations=[76, 124, 247, 168, 148, 78, 210, 212]","@module":"flavor::psp::format_2025::operations","@pid":14159,"@timestamp":"2026-03-31T20:29:40.765931Z"}
{"@file":"src/psp/format_2025/operations.rs","@level":"debug","@line":37,"@message":"✅ Operations packed: result=2101692397","@module":"flavor::psp::format_2025::operations","@pid":14159,"@timestamp":"2026-03-31T20:29:40.765935Z"}
{"@file":"src/psp/format_2025/operations.rs","@level":"debug","@line":37,"@message":"✅ Operations packed: result=91944361853","@module":"flavor::psp::format_2025::operations","@pid":14159,"@timestamp":"2026-03-31T20:29:40.765945Z"}
{"@file":"src/psp/format_2025/operations.rs","@level":"debug","@line":60,"@message":"✅ Operations unpacked: count=5 operations=[125, 159, 79, 104, 21]","@module":"flavor::psp::format_2025::operations","@pid":14159,"@timestamp":"2026-03-31T20:29:40.765986Z"}
{"@file":"src/psp/format_2025/operations.rs","@level":"debug","@line":37,"@message":"✅ Operations packed: result=41151299450415812","@module":"flavor::psp::format_2025::operations","@pid":14159,"@timestamp":"2026-03-31T20:29:40.765992Z"}
{"@file":"src/psp/format_2025/operations.rs","@level":"debug","@line":37,"@message":"✅ Operations packed: result=495757080331","@module":"flavor::psp::format_2025::operations","@pid":14159,"@timestamp":"2026-03-31T20:29:40.766006Z"}
{"@file":"src/psp/format_2025/operations.rs","@level":"debug","@line":60,"@message":"✅ Operations unpacked: count=7 operations=[196, 170, 201, 137, 227, 50, 146]","@module":"flavor::psp::format_2025::operations","@pid":14159,"@timestamp":"2026-03-31T20:29:40.766019Z"}
{"@file":"src/psp/format_2025/operations.rs","@level":"debug","@line":60,"@message":"✅ Operations unpacked: count=8 operations=[191, 203, 90, 125, 152, 125, 68, 118]","@module":"flavor::psp::format_2025::operations","@pid":14159,"@timestamp":"2026-03-31T20:29:40.766037Z"}
{"@file":"src/psp/format_2025/operations.rs","@level":"debug","@line":37,"@message":"✅ Operations packed: result=49446133558","@module":"flavor::psp::format_2025::operations","@pid":14159,"@timestamp":"2026-03-31T20:29:40.766063Z"}
{"@file":"src/psp/format_2025/operations.rs","@level":"debug","@line":37,"@message":"✅ Operations packed: result=8522074488783424447","@module":"flavor::psp::format_2025::operations","@pid":14159,"@timestamp":"2026-03-31T20:29:40.766066Z"}
{"@file":"src/psp/format_2025/operations.rs","@level":"debug","@line":37,"@message":"✅ Operations packed: result=1774882","@module":"flavor::psp::format_2025::operations","@pid":14159,"@timestamp":"2026-03-31T20:29:40.766076Z"}
{"@file":"src/psp/format_2025/operations.rs","@level":"debug","@line":60,"@message":"✅ Operations unpacked: count=8 operations=[191, 203, 90, 125, 152, 125, 68, 118]","@module":"flavor::psp::format_2025::operations","@pid":14159,"@timestamp":"2026-03-31T20:29:40.766100Z"}
{"@file":"src/psp/format_2025/operations.rs","@level":"debug","@line":60,"@message":"✅ Operations unpacked: count=3 operations=[34, 21, 27]","@module":"flavor::psp::format_2025::operations","@pid":14159,"@timestamp":"2026-03-31T20:29:40.766113Z"}
{"@file":"src/psp/format_2025/operations.rs","@level":"debug","@line":37,"@message":"✅ Operations packed: result=10616","@module":"flavor::psp::format_2025::operations","@pid":14159,"@timestamp":"2026-03-31T20:29:40.766117Z"}
{"@file":"src/psp/format_2025/operations.rs","@level":"debug","@line":60,"@message":"✅ Operations unpacked: count=8 operations=[100, 170, 10, 60, 182, 79, 222, 26]","@module":"flavor::psp::format_2025::operations","@pid":14159,"@timestamp":"2026-03-31T20:29:40.766156Z"}
{"@file":"src/psp/format_2025/operations.rs","@level":"debug","@line":37,"@message":"✅ Operations packed: result=828497420787","@module":"flavor::psp::format_2025::operations","@pid":14159,"@timestamp":"2026-03-31T20:29:40.766170Z"}
{"@file":"src/psp/format_2025/operations.rs","@level":"debug","@line":37,"@message":"✅ Operations packed: result=1936072533925866084","@module":"flavor::psp::format_2025::operations","@pid":14159,"@timestamp":"2026-03-31T20:29:40.766180Z"}
{"@file":"src/psp/format_2025/operations.rs","@level":"debug","@line":37,"@message":"✅ Operations packed: result=1279319494454944819","@module":"flavor::psp::format_2025::operations","@pid":14159,"@timestamp":"2026-03-31T20:29:40.766184Z"}
{"@file":"src/psp/format_2025/operations.rs","@level":"debug","@line":60,"@message":"✅ Operations unpacked: count=8 operations=[100, 170, 10, 60, 182, 79, 222, 26]","@module":"flavor::psp::format_2025::operations","@pid":14159,"@timestamp":"2026-03-31T20:29:40.766242Z"}
{"@file":"src/psp/format_2025/operations.rs","@level":"debug","@line":60,"@message":"✅ Operations unpacked: count=5 operations=[243, 97, 75, 230, 192]","@module":"flavor::psp::format_2025::operations","@pid":14159,"@timestamp":"2026-03-31T20:29:40.766197Z"}
{"@file":"src/psp/format_2025/operations.rs","@level":"debug","@line":37,"@message":"✅ Operations packed: result=25673","@module":"flavor::psp::format_2025::operations","@pid":14159,"@timestamp":"2026-03-31T20:29:40.766288Z"}
{"@file":"src/psp/format_2025/operations.rs","@level":"debug","@line":60,"@message":"✅ Operations unpacked: count=8 operations=[242, 163, 62, 51, 155, 153, 22, 213]","@module":"flavor::psp::format_2025::operations","@pid":14159,"@timestamp":"2026-03-31T20:29:40.766302Z"}
{"@file":"src/psp/format_2025/operations.rs","@level":"debug","@line":37,"@message":"✅ Operations packed: result=212","@module":"flavor::psp::format_2025::operations","@pid":14159,"@timestamp":"2026-03-31T20:29:40.766316Z"}
{"@file":"src/psp/format_2025/operations.rs","@level":"debug","@line":37,"@message":"✅ Operations packed: result=15354628871425008626","@module":"flavor::psp::format_2025::operations","@pid":14159,"@timestamp":"2026-03-31T20:29:40.766329Z"}
{"@file":"src/psp/format_2025/operations.rs","@level":"debug","@line":37,"@message":"✅ Operations packed: result=51","@module":"flavor::psp::format_2025::operations","@pid":14159,"@timestamp":"2026-03-31T20:29:40.766341Z"}
{"@file":"src/psp/format_2025/operations.rs","@level":"debug","@line":60,"@message":"✅ Operations unpacked: count=1 operations=[212]","@module":"flavor::psp::format_2025::operations","@pid":14159,"@timestamp":"2026-03-31T20:29:40.766342Z"}
{"@file":"src/psp/format_2025/operations.rs","@level":"debug","@line":60,"@message":"✅ Operations unpacked: count=8 operations=[242, 163, 62, 51, 155, 153, 22, 213]","@module":"flavor::psp::format_2025::operations","@pid":14159,"@timestamp":"2026-03-31T20:29:40.766362Z"}
{"@file":"src/psp/format_2025/operations.rs","@level":"debug","@line":37,"@message":"✅ Operations packed: result=0","@module":"flavor::psp::format_2025::operations","@pid":14159,"@timestamp":"2026-03-31T20:29:40.766412Z"}
{"@file":"src/psp/format_2025/operations.rs","@level":"debug","@line":37,"@message":"✅ Operations packed: result=12807374","@module":"flavor::psp::format_2025::operations","@pid":14159,"@timestamp":"2026-03-31T20:29:40.766420Z"}
{"@file":"src/psp/format_2025/operations.rs","@level":"debug","@line":60,"@message":"✅ Operations unpacked: count=8 operations=[16, 165, 59, 180, 148, 1, 143, 43]","@module":"flavor::psp::format_2025::operations","@pid":14159,"@timestamp":"2026-03-31T20:29:40.766435Z"}
{"@file":"src/psp/format_2025/operations.rs","@level":"debug","@line":60,"@message":"✅ Operations unpacked: count=3 operations=[206, 108, 195]","@module":"flavor::psp::format_2025::operations","@pid":14159,"@timestamp":"2026-03-31T20:29:40.766448Z"}
{"@file":"src/psp/format_2025/operations.rs","@level":"debug","@line":37,"@message":"✅ Operations packed: result=3138729203491120400","@module":"flavor::psp::format_2025::operations","@pid":14159,"@timestamp":"2026-03-31T20:29:40.766464Z"}
{"@file":"src/psp/format_2025/operations.rs","@level":"debug","@line":37,"@message":"✅ Operations packed: result=53","@module":"flavor::psp::format_2025::operations","@pid":14159,"@timestamp":"2026-03-31T20:29:40.766469Z"}
{"@file":"src/psp/format_2025/operations.rs","@level":"debug","@line":60,"@message":"✅ Operations unpacked: count=8 operations=[16, 165, 59, 180, 148, 1, 143, 43]","@module":"flavor::psp::format_2025::operations","@pid":14159,"@timestamp":"2026-03-31T20:29:40.766493Z"}
{"@file":"src/psp/format_2025/operations.rs","@level":"debug","@line":37,"@message":"✅ Operations packed: result=211","@module":"flavor::psp::format_2025::operations","@pid":14159,"@timestamp":"2026-03-31T20:29:40.766501Z"}
{"@file":"src/psp/format_2025/operations.rs","@level":"debug","@line":37,"@message":"✅ Operations packed: result=0","@module":"flavor::psp::format_2025::operations","@pid":14159,"@timestamp":"2026-03-31T20:29:40.766533Z"}
{"@file":"src/psp/format_2025/operations.rs","@level":"debug","@line":60,"@message":"✅ Operations unpacked: count=1 operations=[211]","@module":"flavor::psp::format_2025::operations","@pid":14159,"@timestamp":"2026-03-31T20:29:40.766537Z"}
{"@file":"src/psp/format_2025/operations.rs","@level":"debug","@line":60,"@message":"✅ Operations unpacked: count=8 operations=[182, 129, 203, 53, 225, 49, 59, 81]","@module":"flavor::psp::format_2025::operations","@pid":14159,"@timestamp":"2026-03-31T20:29:40.766550Z"}
{"@file":"src/psp/format_2025/operations.rs","@level":"debug","@line":37,"@message":"✅ Operations packed: result=5853326984038023606","@module":"flavor::psp::format_2025::operations","@pid":14159,"@timestamp":"2026-03-31T20:29:40.766584Z"}
{"@file":"src/psp/format_2025/operations.rs","@level":"debug","@line":37,"@message":"✅ Operations packed: result=102916927259","@module":"flavor::psp::format_2025::operations","@pid":14159,"@timestamp":"2026-03-31T20:29:40.766592Z"}
{"@file":"src/psp/format_2025/operations.rs","@level":"debug","@line":37,"@message":"✅ Operations packed: result=39483540406895197","@module":"flavor::psp::format_2025::operations","@pid":14159,"@timestamp":"2026-03-31T20:29:40.766588Z"}
{"@file":"src/psp/format_2025/operations.rs","@level":"debug","@line":60,"@message":"✅ Operations unpacked: count=8 operations=[182, 129, 203, 53, 225, 49, 59, 81]","@module":"flavor::psp::format_2025::operations","@pid":14159,"@timestamp":"2026-03-31T20:29:40.766609Z"}
{"@file":"src/psp/format_2025/operations.rs","@level":"debug","@line":60,"@message":"✅ Operations unpacked: count=5 operations=[27, 175, 83, 246, 23]","@module":"flavor::psp::format_2025::operations","@pid":14159,"@timestamp":"2026-03-31T20:29:40.766617Z"}
{"@file":"src/psp/format_2025/operations.rs","@level":"debug","@line":37,"@message":"✅ Operations packed: result=272760288658","@module":"flavor::psp::format_2025::operations","@pid":14159,"@timestamp":"2026-03-31T20:29:40.766653Z"}
{"@file":"src/psp/format_2025/operations.rs","@level":"debug","@line":60,"@message":"✅ Operations unpacked: count=8 operations=[40, 75, 182, 16, 87, 93, 115, 13]","@module":"flavor::psp::format_2025::operations","@pid":14159,"@timestamp":"2026-03-31T20:29:40.766663Z"}
{"@file":"src/psp/format_2025/operations.rs","@level":"debug","@line":37,"@message":"✅ Operations packed: result=0","@module":"flavor::psp::format_2025::operations","@pid":14159,"@timestamp":"2026-03-31T20:29:40.766674Z"}
{"@file":"src/psp/format_2025/operations.rs","@level":"debug","@line":37,"@message":"✅ Operations packed: result=969220973338708776","@module":"flavor::psp::format_2025::operations","@pid":14159,"@timestamp":"2026-03-31T20:29:40.766694Z"}
{"@file":"src/psp/format_2025/operations.rs","@level":"debug","@line":60,"@message":"✅ Operations unpacked: count=0 operations=[]","@module":"flavor::psp::format_2025::operations","@pid":14159,"@timestamp":"2026-03-31T20:29:40.766708Z"}
{"@file":"src/psp/format_2025/operations.rs","@level":"debug","@line":37,"@message":"✅ Operations packed: result=141","@module":"flavor::psp::format_2025::operations","@pid":14159,"@timestamp":"2026-03-31T20:29:40.766702Z"}
{"@file":"src/psp/format_2025/operations.rs","@level":"debug","@line":60,"@message":"✅ Operations unpacked: count=8 operations=[40, 75, 182, 16, 87, 93, 115, 13]","@module":"flavor::psp::format_2025::operations","@pid":14159,"@timestamp":"2026-03-31T20:29:40.766724Z"}
{"@file":"src/psp/format_2025/operations.rs","@level":"debug","@line":37,"@message":"✅ Operations packed: result=0","@module":"flavor::psp::format_2025::operations","@pid":14159,"@timestamp":"2026-03-31T20:29:40.766761Z"}
{"@file":"src/psp/format_2025/operations.rs","@level":"debug","@line":37,"@message":"✅ Operations packed: result=11426029808087046872","@module":"flavor::psp::format_2025::operations","@pid":14159,"@timestamp":"2026-03-31T20:29:40.766769Z"}
{"@file":"src/psp/format_2025/operations.rs","@level":"debug","@line":60,"@message":"✅ Operations unpacked: count=8 operations=[248, 251, 196, 228, 85, 239, 60, 93]","@module":"flavor::psp::format_2025::operations","@pid":14159,"@timestamp":"2026-03-31T20:29:40.766777Z"}
{"@file":"src/psp/format_2025/operations.rs","@level":"debug","@line":60,"@message":"✅ Operations unpacked: count=0 operations=[]","@module":"flavor::psp::format_2025::operations","@pid":14159,"@timestamp":"2026-03-31T20:29:40.766789Z"}
{"@file":"src/psp/format_2025/operations.rs","@level":"debug","@line":37,"@message":"✅ Operations packed: result=6718507896319310840","@module":"flavor::psp::format_2025::operations","@pid":14159,"@timestamp":"2026-03-31T20:29:40.766811Z"}
{"@file":"src/psp/format_2025/operations.rs","@level":"debug","@line":37,"@message":"✅ Operations packed: result=6371459","@module":"flavor::psp::format_2025::operations","@pid":14159,"@timestamp":"2026-03-31T20:29:40.766823Z"}
{"@file":"src/psp/format_2025/operations.rs","@level":"debug","@line":60,"@message":"✅ Operations unpacked: count=8 operations=[248, 251, 196, 228, 85, 239, 60, 93]","@module":"flavor::psp::format_2025::operations","@pid":14159,"@timestamp":"2026-03-31T20:29:40.766836Z"}
{"@file":"src/psp/format_2025/operations.rs","@level":"debug","@line":37,"@message":"✅ Operations packed: result=11070657688851197365","@module":"flavor::psp::format_2025::operations","@pid":14159,"@timestamp":"2026-03-31T20:29:40.766854Z"}
{"@file":"src/psp/format_2025/operations.rs","@level":"debug","@line":37,"@message":"✅ Operations packed: result=130","@module":"flavor::psp::format_2025::operations","@pid":14159,"@timestamp":"2026-03-31T20:29:40.766878Z"}
{"@file":"src/psp/format_2025/operations.rs","@level":"debug","@line":60,"@message":"✅ Operations unpacked: count=8 operations=[181, 45, 236, 93, 131, 224, 162, 153]","@module":"flavor::psp::format_2025::operations","@pid":14159,"@timestamp":"2026-03-31T20:29:40.766879Z"}
{"@file":"src/psp/format_2025/operations.rs","@level":"debug","@line":60,"@message":"✅ Operations unpacked: count=8 operations=[153, 204, 2, 24, 229, 125, 18, 76]","@module":"flavor::psp::format_2025::operations","@pid":14159,"@timestamp":"2026-03-31T20:29:40.766889Z"}
{"@file":"src/psp/format_2025/operations.rs","@level":"debug","@line":37,"@message":"✅ Operations packed: result=5481582119367134361","@module":"flavor::psp::format_2025::operations","@pid":14159,"@timestamp":"2026-03-31T20:29:40.766922Z"}
{"@file":"src/psp/format_2025/operations.rs","@level":"debug","@line":37,"@message":"✅ Operations packed: result=0","@module":"flavor::psp::format_2025::operations","@pid":14159,"@timestamp":"2026-03-31T20:29:40.766931Z"}
{"@file":"src/psp/format_2025/operations.rs","@level":"debug","@line":37,"@message":"✅ Operations packed: result=60782125691820632","@module":"flavor::psp::format_2025::operations","@pid":14159,"@timestamp":"2026-03-31T20:29:40.766943Z"}
{"@file":"src/psp/format_2025/operations.rs","@level":"debug","@line":60,"@message":"✅ Operations unpacked: count=8 operations=[153, 204, 2, 24, 229, 125, 18, 76]","@module":"flavor::psp::format_2025::operations","@pid":14159,"@timestamp":"2026-03-31T20:29:40.766944Z"}
{"@file":"src/psp/format_2025/operations.rs","@level":"debug","@line":60,"@message":"✅ Operations unpacked: count=7 operations=[88, 218, 141, 114, 5, 241, 215]","@module":"flavor::psp::format_2025::operations","@pid":14159,"@timestamp":"2026-03-31T20:29:40.766965Z"}
{"@file":"src/psp/format_2025/operations.rs","@level":"debug","@line":37,"@message":"✅ Operations packed: result=771633779765","@module":"flavor::psp::format_2025::operations","@pid":14159,"@timestamp":"2026-03-31T20:29:40.766977Z"}
{"@file":"src/psp/format_2025/operations.rs","@level":"debug","@line":60,"@message":"✅ Operations unpacked: count=8 operations=[250, 180, 84, 239, 22, 118, 34, 97]","@module":"flavor::psp::format_2025::operations","@pid":14159,"@timestamp":"2026-03-31T20:29:40.766999Z"}
{"@file":"src/psp/format_2025/operations.rs","@level":"debug","@line":37,"@message":"✅ Operations packed: result=159","@module":"flavor::psp::format_2025::operations","@pid":14159,"@timestamp":"2026-03-31T20:29:40.767014Z"}
{"@file":"src/psp/format_2025/operations.rs","@level":"debug","@line":37,"@message":"✅ Operations packed: result=44095","@module":"flavor::psp::format_2025::operations","@pid":14159,"@timestamp":"2026-03-31T20:29:40.767028Z"}
{"@file":"src/psp/format_2025/operations.rs","@level":"debug","@line":37,"@message":"✅ Operations packed: result=6999286611763836154","@module":"flavor::psp::format_2025::operations","@pid":14159,"@timestamp":"2026-03-31T20:29:40.767021Z"}
{"@file":"src/psp/format_2025/operations.rs","@level":"debug","@line":60,"@message":"✅ Operations unpacked: count=1 operations=[159]","@module":"flavor::psp::format_2025::operations","@pid":14159,"@timestamp":"2026-03-31T20:29:40.767039Z"}
{"@file":"src/psp/format_2025/operations.rs","@level":"debug","@line":60,"@message":"✅ Operations unpacked: count=8 operations=[250, 180, 84, 239, 22, 118, 34, 97]","@module":"flavor::psp::format_2025::operations","@pid":14159,"@timestamp":"2026-03-31T20:29:40.767053Z"}
{"@file":"src/psp/format_2025/operations.rs","@level":"debug","@line":37,"@message":"✅ Operations packed: result=254870931457634","@module":"flavor::psp::format_2025::operations","@pid":14159,"@timestamp":"2026-03-31T20:29:40.767075Z"}
{"@file":"src/psp/format_2025/operations.rs","@level":"debug","@line":37,"@message":"✅ Operations packed: result=237","@module":"flavor::psp::format_2025::operations","@pid":14159,"@timestamp":"2026-03-31T20:29:40.767096Z"}
{"@file":"src/psp/format_2025/operations.rs","@level":"debug","@line":60,"@message":"✅ Operations unpacked: count=8 operations=[68, 120, 5, 176, 29, 181, 37, 114]","@module":"flavor::psp::format_2025::operations","@pid":14159,"@timestamp":"2026-03-31T20:29:40.767105Z"}
{"@file":"src/psp/format_2025/operations.rs","@level":"debug","@line":37,"@message":"✅ Operations packed: result=65493049893018843","@module":"flavor::psp::format_2025::operations","@pid":14159,"@timestamp":"2026-03-31T20:29:40.767124Z"}
{"@file":"src/psp/format_2025/operations.rs","@level":"debug","@line":60,"@message":"✅ Operations unpacked: count=1 operations=[237]","@module":"flavor::psp::format_2025::operations","@pid":14159,"@timestamp":"2026-03-31T20:29:40.767128Z"}
{"@file":"src/psp/format_2025/operations.rs","@level":"debug","@line":37,"@message":"✅ Operations packed: result=8225179433573906500","@module":"flavor::psp::format_2025::operations","@pid":14159,"@timestamp":"2026-03-31T20:29:40.767141Z"}
{"@file":"src/psp/format_2025/operations.rs","@level":"debug","@line":60,"@message":"✅ Operations unpacked: count=8 operations=[68, 120, 5, 176, 29, 181, 37, 114]","@module":"flavor::psp::format_2025::operations","@pid":14159,"@timestamp":"2026-03-31T20:29:40.767168Z"}
{"@file":"src/psp/format_2025/operations.rs","@level":"debug","@line":37,"@message":"✅ Operations packed: result=33481592280161","@module":"flavor::psp::format_2025::operations","@pid":14159,"@timestamp":"2026-03-31T20:29:40.767173Z"}
{"@file":"src/psp/format_2025/operations.rs","@level":"debug","@line":37,"@message":"✅ Operations packed: result=65006899439000928","@module":"flavor::psp::format_2025::operations","@pid":14159,"@timestamp":"2026-03-31T20:29:40.767184Z"}
{"@file":"src/psp/format_2025/operations.rs","@level":"debug","@line":60,"@message":"✅ Operations unpacked: count=7 operations=[96, 221, 2, 61, 110, 243, 230]","@module":"flavor::psp::format_2025::operations","@pid":14159,"@timestamp":"2026-03-31T20:29:40.767210Z"}
{"@file":"src/psp/format_2025/operations.rs","@level":"debug","@line":60,"@message":"✅ Operations unpacked: count=8 operations=[180, 122, 124, 225, 178, 75, 146, 17]","@module":"flavor::psp::format_2025::operations","@pid":14159,"@timestamp":"2026-03-31T20:29:40.767220Z"}
{"@file":"src/psp/format_2025/operations.rs","@level":"debug","@line":37,"@message":"✅ Operations packed: result=662467126","@module":"flavor::psp::format_2025::operations","@pid":14159,"@timestamp":"2026-03-31T20:29:40.767226Z"}
{"@file":"src/psp/format_2025/operations.rs","@level":"debug","@line":37,"@message":"✅ Operations packed: result=1266157676903824052","@module":"flavor::psp::format_2025::operations","@pid":14159,"@timestamp":"2026-03-31T20:29:40.767252Z"}
{"@file":"src/psp/format_2025/operations.rs","@level":"debug","@line":37,"@message":"✅ Operations packed: result=1","@module":"flavor::psp::format_2025::operations","@pid":14159,"@timestamp":"2026-03-31T20:29:40.767260Z"}
{"@file":"src/psp/format_2025/operations.rs","@level":"debug","@line":60,"@message":"✅ Operations unpacked: count=8 operations=[180, 122, 124, 225, 178, 75, 146, 17]","@module":"flavor::psp::format_2025::operations","@pid":14159,"@timestamp":"2026-03-31T20:29:40.767274Z"}
{"@file":"src/psp/format_2025/operations.rs","@level":"debug","@line":60,"@message":"✅ Operations unpacked: count=1 operations=[1]","@module":"flavor::psp::format_2025::operations","@pid":14159,"@timestamp":"2026-03-31T20:29:40.767295Z"}
{"@file":"src/psp/format_2025/operations.rs","@level":"debug","@line":37,"@message":"✅ Operations packed: result=2975681796620449743","@module":"flavor::psp::format_2025::operations","@pid":14159,"@timestamp":"2026-03-31T20:29:40.767286Z"}
{"@file":"src/psp/format_2025/operations.rs","@level":"debug","@line":60,"@message":"✅ Operations unpacked: count=8 operations=[43, 163, 248, 33, 131, 3, 206, 23]","@module":"flavor::psp::format_2025::operations","@pid":14159,"@timestamp":"2026-03-31T20:29:40.767339Z"}
{"@file":"src/psp/format_2025/operations.rs","@level":"debug","@line":37,"@message":"✅ Operations packed: result=10811016383567205903","@module":"flavor::psp::format_2025::operations","@pid":14159,"@timestamp":"2026-03-31T20:29:40.767351Z"}
{"@file":"src/psp/format_2025/operations.rs","@level":"debug","@line":37,"@message":"✅ Operations packed: result=33","@module":"flavor::psp::format_2025::operations","@pid":14159,"@timestamp":"2026-03-31T20:29:40.767363Z"}
{"@file":"src/psp/format_2025/operations.rs","@level":"debug","@line":37,"@message":"✅ Operations packed: result=1715312369820279595","@module":"flavor::psp::format_2025::operations","@pid":14159,"@timestamp":"2026-03-31T20:29:40.767363Z"}
{"@file":"src/psp/format_2025/operations.rs","@level":"debug","@line":60,"@message":"✅ Operations unpacked: count=8 operations=[15, 150, 115, 35, 31, 114, 8, 150]","@module":"flavor::psp::format_2025::operations","@pid":14159,"@timestamp":"2026-03-31T20:29:40.767378Z"}
{"@file":"src/psp/format_2025/operations.rs","@level":"debug","@line":60,"@message":"✅ Operations unpacked: count=8 operations=[43, 163, 248, 33, 131, 3, 206, 23]","@module":"flavor::psp::format_2025::operations","@pid":14159,"@timestamp":"2026-03-31T20:29:40.767400Z"}
{"@file":"src/psp/format_2025/operations.rs","@level":"debug","@line":37,"@message":"✅ Operations packed: result=0","@module":"flavor::psp::format_2025::operations","@pid":14159,"@timestamp":"2026-03-31T20:29:40.767419Z"}
{"@file":"src/psp/format_2025/operations.rs","@level":"debug","@line":37,"@message":"✅ Operations packed: result=390632210","@module":"flavor::psp::format_2025::operations","@pid":14159,"@timestamp":"2026-03-31T20:29:40.767445Z"}
{"@file":"src/psp/format_2025/operations.rs","@level":"debug","@line":60,"@message":"✅ Operations unpacked: count=8 operations=[12, 144, 228, 98, 128, 224, 194, 245]","@module":"flavor::psp::format_2025::operations","@pid":14159,"@timestamp":"2026-03-31T20:29:40.767451Z"}
{"@file":"src/psp/format_2025/operations.rs","@level":"debug","@line":37,"@message":"✅ Operations packed: result=0","@module":"flavor::psp::format_2025::operations","@pid":14159,"@timestamp":"2026-03-31T20:29:40.767467Z"}
{"@file":"src/psp/format_2025/operations.rs","@level":"debug","@line":37,"@message":"✅ Operations packed: result=17708963526793793548","@module":"flavor::psp::format_2025::operations","@pid":14159,"@timestamp":"2026-03-31T20:29:40.767493Z"}
{"@file":"src/psp/format_2025/operations.rs","@level":"debug","@line":60,"@message":"✅ Operations unpacked: count=4 operations=[18, 147, 72, 23]","@module":"flavor::psp::format_2025::operations","@pid":14159,"@timestamp":"2026-03-31T20:29:40.767470Z"}
{"@file":"src/psp/format_2025/operations.rs","@level":"debug","@line":60,"@message":"✅ Operations unpacked: count=8 operations=[12, 144, 228, 98, 128, 224, 194, 245]","@module":"flavor::psp::format_2025::operations","@pid":14159,"@timestamp":"2026-03-31T20:29:40.767520Z"}
{"@file":"src/psp/format_2025/operations.rs","@level":"debug","@line":37,"@message":"✅ Operations packed: result=2242740617","@module":"flavor::psp::format_2025::operations","@pid":14159,"@timestamp":"2026-03-31T20:29:40.767538Z"}
{"@file":"src/psp/format_2025/operations.rs","@level":"debug","@line":37,"@message":"✅ Operations packed: result=172","@module":"flavor::psp::format_2025::operations","@pid":14159,"@timestamp":"2026-03-31T20:29:40.767561Z"}
{"@file":"src/psp/format_2025/operations.rs","@level":"debug","@line":60,"@message":"✅ Operations unpacked: count=8 operations=[79, 184, 204, 194, 90, 124, 87, 142]","@module":"flavor::psp::format_2025::operations","@pid":14159,"@timestamp":"2026-03-31T20:29:40.767573Z"}
{"@file":"src/psp/format_2025/operations.rs","@level":"debug","@line":60,"@message":"✅ Operations unpacked: count=1 operations=[172]","@module":"flavor::psp::format_2025::operations","@pid":14159,"@timestamp":"2026-03-31T20:29:40.767584Z"}
{"@file":"src/psp/format_2025/operations.rs","@level":"debug","@line":37,"@message":"✅ Operations packed: result=10256803405616691279","@module":"flavor::psp::format_2025::operations","@pid":14159,"@timestamp":"2026-03-31T20:29:40.767599Z"}
{"@file":"src/psp/format_2025/operations.rs","@level":"debug","@line":37,"@message":"✅ Operations packed: result=8778481","@module":"flavor::psp::format_2025::operations","@pid":14159,"@timestamp":"2026-03-31T20:29:40.767591Z"}
{"@file":"src/psp/format_2025/operations.rs","@level":"debug","@line":60,"@message":"✅ Operations unpacked: count=8 operations=[79, 184, 204, 194, 90, 124, 87, 142]","@module":"flavor::psp::format_2025::operations","@pid":14159,"@timestamp":"2026-03-31T20:29:40.767627Z"}
{"@file":"src/psp/format_2025/operations.rs","@level":"debug","@line":37,"@message":"✅ Operations packed: result=0","@module":"flavor::psp::format_2025::operations","@pid":14159,"@timestamp":"2026-03-31T20:29:40.767641Z"}
{"@file":"src/psp/format_2025/operations.rs","@level":"debug","@line":60,"@message":"✅ Operations unpacked: count=0 operations=[]","@module":"flavor::psp::format_2025::operations","@pid":14159,"@timestamp":"2026-03-31T20:29:40.767668Z"}
{"@file":"src/psp/format_2025/operations.rs","@level":"debug","@line":37,"@message":"✅ Operations packed: result=14218983","@module":"flavor::psp::format_2025::operations","@pid":14159,"@timestamp":"2026-03-31T20:29:40.767671Z"}
{"@file":"src/psp/format_2025/operations.rs","@level":"debug","@line":60,"@message":"✅ Operations unpacked: count=8 operations=[123, 106, 93, 194, 99, 178, 151, 125]","@module":"flavor::psp::format_2025::operations","@pid":14159,"@timestamp":"2026-03-31T20:29:40.767679Z"}
{"@file":"src/psp/format_2025/operations.rs","@level":"debug","@line":37,"@message":"✅ Operations packed: result=9049898117756709499","@module":"flavor::psp::format_2025::operations","@pid":14159,"@timestamp":"2026-03-31T20:29:40.767718Z"}
{"@file":"src/psp/format_2025/operations.rs","@level":"debug","@line":37,"@message":"✅ Operations packed: result=211","@module":"flavor::psp::format_2025::operations","@pid":14159,"@timestamp":"2026-03-31T20:29:40.767733Z"}
{"@file":"src/psp/format_2025/operations.rs","@level":"debug","@line":60,"@message":"✅ Operations unpacked: count=8 operations=[123, 106, 93, 194, 99, 178, 151, 125]","@module":"flavor::psp::format_2025::operations","@pid":14159,"@timestamp":"2026-03-31T20:29:40.767744Z"}
{"@file":"src/psp/format_2025/operations.rs","@level":"debug","@line":37,"@message":"✅ Operations packed: result=33156502979706338","@module":"flavor::psp::format_2025::operations","@pid":14159,"@timestamp":"2026-03-31T20:29:40.767723Z"}
{"@file":"src/psp/format_2025/operations.rs","@level":"debug","@line":60,"@message":"✅ Operations unpacked: count=7 operations=[226, 125, 25, 238, 169, 203, 117]","@module":"flavor::psp::format_2025::operations","@pid":14159,"@timestamp":"2026-03-31T20:29:40.767785Z"}
{"@file":"src/psp/format_2025/operations.rs","@level":"debug","@line":37,"@message":"✅ Operations packed: result=37010","@module":"flavor::psp::format_2025::operations","@pid":14159,"@timestamp":"2026-03-31T20:29:40.767788Z"}
{"@file":"src/psp/format_2025/operations.rs","@level":"debug","@line":60,"@message":"✅ Operations unpacked: count=8 operations=[170, 105, 17, 131, 33, 118, 67, 16]","@module":"flavor::psp::format_2025::operations","@pid":14159,"@timestamp":"2026-03-31T20:29:40.767799Z"}
{"@file":"src/psp/format_2025/operations.rs","@level":"debug","@line":37,"@message":"✅ Operations packed: result=45410428415","@module":"flavor::psp::format_2025::operations","@pid":14159,"@timestamp":"2026-03-31T20:29:40.767843Z"}
{"@file":"src/psp/format_2025/operations.rs","@level":"debug","@line":37,"@message":"✅ Operations packed: result=1171910214351415722","@module":"flavor::psp::format_2025::operations","@pid":14159,"@timestamp":"2026-03-31T20:29:40.767844Z"}
{"@file":"src/psp/format_2025/operations.rs","@level":"debug","@line":60,"@message":"✅ Operations unpacked: count=5 operations=[255, 37, 172, 146, 10]","@module":"flavor::psp::format_2025::operations","@pid":14159,"@timestamp":"2026-03-31T20:29:40.767868Z"}
{"@file":"src/psp/format_2025/operations.rs","@level":"debug","@line":37,"@message":"✅ Operations packed: result=37124133622689","@module":"flavor::psp::format_2025::operations","@pid":14159,"@timestamp":"2026-03-31T20:29:40.767860Z"}
{"@file":"src/psp/format_2025/operations.rs","@level":"debug","@line":60,"@message":"✅ Operations unpacked: count=8 operations=[170, 105, 17, 131, 33, 118, 67, 16]","@module":"flavor::psp::format_2025::operations","@pid":14159,"@timestamp":"2026-03-31T20:29:40.767888Z"}
{"@file":"src/psp/format_2025/operations.rs","@level":"debug","@line":37,"@message":"✅ Operations packed: result=1345032978","@module":"flavor::psp::format_2025::operations","@pid":14159,"@timestamp":"2026-03-31T20:29:40.767921Z"}
{"@file":"src/psp/format_2025/operations.rs","@level":"debug","@line":37,"@message":"✅ Operations packed: result=337306277161","@module":"flavor::psp::format_2025::operations","@pid":14159,"@timestamp":"2026-03-31T20:29:40.767929Z"}
{"@file":"src/psp/format_2025/operations.rs","@level":"debug","@line":60,"@message":"✅ Operations unpacked: count=8 operations=[225, 245, 155, 76, 74, 166, 135, 97]","@module":"flavor::psp::format_2025::operations","@pid":14159,"@timestamp":"2026-03-31T20:29:40.767940Z"}
{"@file":"src/psp/format_2025/operations.rs","@level":"debug","@line":60,"@message":"✅ Operations unpacked: count=4 operations=[18, 147, 43, 80]","@module":"flavor::psp::format_2025::operations","@pid":14159,"@timestamp":"2026-03-31T20:29:40.767942Z"}
{"@file":"src/psp/format_2025/operations.rs","@level":"debug","@line":37,"@message":"✅ Operations packed: result=7027768581578028513","@module":"flavor::psp::format_2025::operations","@pid":14159,"@timestamp":"2026-03-31T20:29:40.767962Z"}
{"@file":"src/psp/format_2025/operations.rs","@level":"debug","@line":37,"@message":"✅ Operations packed: result=112","@module":"flavor::psp::format_2025::operations","@pid":14159,"@timestamp":"2026-03-31T20:29:40.767981Z"}
{"@file":"src/psp/format_2025/operations.rs","@level":"debug","@line":60,"@message":"✅ Operations unpacked: count=8 operations=[225, 245, 155, 76, 74, 166, 135, 97]","@module":"flavor::psp::format_2025::operations","@pid":14159,"@timestamp":"2026-03-31T20:29:40.767981Z"}
{"@file":"src/psp/format_2025/operations.rs","@level":"debug","@line":37,"@message":"✅ Operations packed: result=953360133541199769","@module":"flavor::psp::format_2025::operations","@pid":14159,"@timestamp":"2026-03-31T20:29:40.768005Z"}
{"@file":"src/psp/format_2025/operations.rs","@level":"debug","@line":37,"@message":"✅ Operations packed: result=147","@module":"flavor::psp::format_2025::operations","@pid":14159,"@timestamp":"2026-03-31T20:29:40.768032Z"}
{"@file":"src/psp/format_2025/operations.rs","@level":"debug","@line":60,"@message":"✅ Operations unpacked: count=8 operations=[153, 255, 189, 134, 253, 3, 59, 13]","@module":"flavor::psp::format_2025::operations","@pid":14159,"@timestamp":"2026-03-31T20:29:40.768038Z"}
{"@file":"src/psp/format_2025/operations.rs","@level":"debug","@line":60,"@message":"✅ Operations unpacked: count=8 operations=[160, 199, 150, 215, 99, 154, 153, 119]","@module":"flavor::psp::format_2025::operations","@pid":14159,"@timestamp":"2026-03-31T20:29:40.768056Z"}
{"@file":"src/psp/format_2025/operations.rs","@level":"debug","@line":37,"@message":"✅ Operations packed: result=8618089115559577504","@module":"flavor::psp::format_2025::operations","@pid":14159,"@timestamp":"2026-03-31T20:29:40.768082Z"}
{"@file":"src/psp/format_2025/operations.rs","@level":"debug","@line":37,"@message":"✅ Operations packed: result=1495429367","@module":"flavor::psp::format_2025::operations","@pid":14159,"@timestamp":"2026-03-31T20:29:40.768084Z"}
{"@file":"src/psp/format_2025/operations.rs","@level":"debug","@line":37,"@message":"✅ Operations packed: result=46291","@module":"flavor::psp::format_2025::operations","@pid":14159,"@timestamp":"2026-03-31T20:29:40.768102Z"}
{"@file":"src/psp/format_2025/operations.rs","@level":"debug","@line":60,"@message":"✅ Operations unpacked: count=8 operations=[160, 199, 150, 215, 99, 154, 153, 119]","@module":"flavor::psp::format_2025::operations","@pid":14159,"@timestamp":"2026-03-31T20:29:40.768123Z"}
{"@file":"src/psp/format_2025/operations.rs","@level":"debug","@line":37,"@message":"✅ Operations packed: result=0","@module":"flavor::psp::format_2025::operations","@pid":14159,"@timestamp":"2026-03-31T20:29:40.768155Z"}
{"@file":"src/psp/format_2025/operations.rs","@level":"debug","@line":60,"@message":"✅ Operations unpacked: count=2 operations=[211, 180]","@module":"flavor::psp::format_2025::operations","@pid":14159,"@timestamp":"2026-03-31T20:29:40.768142Z"}
{"@file":"src/psp/format_2025/operations.rs","@level":"debug","@line":60,"@message":"✅ Operations unpacked: count=8 operations=[184, 217, 225, 250, 19, 52, 251, 55]","@module":"flavor::psp::format_2025::operations","@pid":14159,"@timestamp":"2026-03-31T20:29:40.768181Z"}
{"@file":"src/psp/format_2025/operations.rs","@level":"debug","@line":37,"@message":"✅ Operations packed: result=4033875151658539448","@module":"flavor::psp::format_2025::operations","@pid":14159,"@timestamp":"2026-03-31T20:29:40.768210Z"}
{"@file":"src/psp/format_2025/operations.rs","@level":"debug","@line":37,"@message":"✅ Operations packed: result=13087375","@module":"flavor::psp::format_2025::operations","@pid":14159,"@timestamp":"2026-03-31T20:29:40.768211Z"}
{"@file":"src/psp/format_2025/operations.rs","@level":"debug","@line":37,"@message":"✅ Operations packed: result=17535602520993691785","@module":"flavor::psp::format_2025::operations","@pid":14159,"@timestamp":"2026-03-31T20:29:40.768230Z"}
{"@file":"src/psp/format_2025/operations.rs","@level":"debug","@line":60,"@message":"✅ Operations unpacked: count=8 operations=[184, 217, 225, 250, 19, 52, 251, 55]","@module":"flavor::psp::format_2025::operations","@pid":14159,"@timestamp":"2026-03-31T20:29:40.768235Z"}
{"@file":"src/psp/format_2025/operations.rs","@level":"debug","@line":60,"@message":"✅ Operations unpacked: count=8 operations=[137, 248, 69, 210, 149, 249, 90, 243]","@module":"flavor::psp::format_2025::operations","@pid":14159,"@timestamp":"2026-03-31T20:29:40.768263Z"}
{"@file":"src/psp/format_2025/operations.rs","@level":"debug","@line":37,"@message":"✅ Operations packed: result=167080318009","@module":"flavor::psp::format_2025::operations","@pid":14159,"@timestamp":"2026-03-31T20:29:40.768270Z"}
{"@file":"src/psp/format_2025/operations.rs","@level":"debug","@line":60,"@message":"✅ Operations unpacked: count=8 operations=[112, 52, 175, 234, 215, 106, 240, 179]","@module":"flavor::psp::format_2025::operations","@pid":14159,"@timestamp":"2026-03-31T20:29:40.768310Z"}
{"@file":"src/psp/format_2025/operations.rs","@level":"debug","@line":37,"@message":"✅ Operations packed: result=3446210322","@module":"flavor::psp::format_2025::operations","@pid":14159,"@timestamp":"2026-03-31T20:29:40.768324Z"}
{"@file":"src/psp/format_2025/operations.rs","@level":"debug","@line":37,"@message":"✅ Operations packed: result=12965980802787521648","@module":"flavor::psp::format_2025::operations","@pid":14159,"@timestamp":"2026-03-31T20:29:40.768337Z"}
{"@file":"src/psp/format_2025/operations.rs","@level":"debug","@line":37,"@message":"✅ Operations packed: result=4099715106","@module":"flavor::psp::format_2025::operations","@pid":14159,"@timestamp":"2026-03-31T20:29:40.768342Z"}
{"@file":"src/psp/format_2025/operations.rs","@level":"debug","@line":60,"@message":"✅ Operations unpacked: count=8 operations=[112, 52, 175, 234, 215, 106, 240, 179]","@module":"flavor::psp::format_2025::operations","@pid":14159,"@timestamp":"2026-03-31T20:29:40.768366Z"}
{"@file":"src/psp/format_2025/operations.rs","@level":"debug","@line":60,"@message":"✅ Operations unpacked: count=4 operations=[18, 255, 104, 205]","@module":"flavor::psp::format_2025::operations","@pid":14159,"@timestamp":"2026-03-31T20:29:40.768354Z"}
{"@file":"src/psp/format_2025/operations.rs","@level":"debug","@line":37,"@message":"✅ Operations packed: result=64129","@module":"flavor::psp::format_2025::operations","@pid":14159,"@timestamp":"2026-03-31T20:29:40.768406Z"}
{"@file":"src/psp/format_2025/operations.rs","@level":"debug","@line":60,"@message":"✅ Operations unpacked: count=8 operations=[174, 255, 211, 145, 122, 200, 5, 229]","@module":"flavor::psp::format_2025::operations","@pid":14159,"@timestamp":"2026-03-31T20:29:40.768424Z"}
{"@file":"src/psp/format_2025/operations.rs","@level":"debug","@line":37,"@message":"✅ Operations packed: result=177","@module":"flavor::psp::format_2025::operations","@pid":14159,"@timestamp":"2026-03-31T20:29:40.768440Z"}
{"@file":"src/psp/format_2025/operations.rs","@level":"debug","@line":37,"@message":"✅ Operations packed: result=16502816838327205806","@module":"flavor::psp::format_2025::operations","@pid":14159,"@timestamp":"2026-03-31T20:29:40.768447Z"}
{"@file":"src/psp/format_2025/operations.rs","@level":"debug","@line":37,"@message":"✅ Operations packed: result=30590109135958645","@module":"flavor::psp::format_2025::operations","@pid":14159,"@timestamp":"2026-03-31T20:29:40.768462Z"}
{"@file":"src/psp/format_2025/operations.rs","@level":"debug","@line":60,"@message":"✅ Operations unpacked: count=8 operations=[174, 255, 211, 145, 122, 200, 5, 229]","@module":"flavor::psp::format_2025::operations","@pid":14159,"@timestamp":"2026-03-31T20:29:40.768486Z"}
{"@file":"src/psp/format_2025/operations.rs","@level":"debug","@line":60,"@message":"✅ Operations unpacked: count=1 operations=[177]","@module":"flavor::psp::format_2025::operations","@pid":14159,"@timestamp":"2026-03-31T20:29:40.768471Z"}
{"@file":"src/psp/format_2025/operations.rs","@level":"debug","@line":37,"@message":"✅ Operations packed: result=0","@module":"flavor::psp::format_2025::operations","@pid":14159,"@timestamp":"2026-03-31T20:29:40.768528Z"}
{"@file":"src/psp/format_2025/operations.rs","@level":"debug","@line":60,"@message":"✅ Operations unpacked: count=8 operations=[247, 106, 28, 144, 204, 108, 206, 34]","@module":"flavor::psp::format_2025::operations","@pid":14159,"@timestamp":"2026-03-31T20:29:40.768540Z"}
{"@file":"src/psp/format_2025/operations.rs","@level":"debug","@line":37,"@message":"✅ Operations packed: result=14122886403635527","@module":"flavor::psp::format_2025::operations","@pid":14159,"@timestamp":"2026-03-31T20:29:40.768555Z"}
{"@file":"src/psp/format_2025/operations.rs","@level":"debug","@line":37,"@message":"✅ Operations packed: result=2508061668338854647","@module":"flavor::psp::format_2025::operations","@pid":14159,"@timestamp":"2026-03-31T20:29:40.768563Z"}
{"@file":"src/psp/format_2025/operations.rs","@level":"debug","@line":37,"@message":"✅ Operations packed: result=1551","@module":"flavor::psp::format_2025::operations","@pid":14159,"@timestamp":"2026-03-31T20:29:40.768582Z"}
{"@file":"src/psp/format_2025/operations.rs","@level":"debug","@line":60,"@message":"✅ Operations unpacked: count=7 operations=[71, 185, 74, 187, 176, 44, 50]","@module":"flavor::psp::format_2025::operations","@pid":14159,"@timestamp":"2026-03-31T20:29:40.768587Z"}
{"@file":"src/psp/format_2025/operations.rs","@level":"debug","@line":60,"@message":"✅ Operations unpacked: count=8 operations=[247, 106, 28, 144, 204, 108, 206, 34]","@module":"flavor::psp::format_2025::operations","@pid":14159,"@timestamp":"2026-03-31T20:29:40.768600Z"}
{"@file":"src/psp/format_2025/operations.rs","@level":"debug","@line":37,"@message":"✅ Operations packed: result=45019250","@module":"flavor::psp::format_2025::operations","@pid":14159,"@timestamp":"2026-03-31T20:29:40.768641Z"}
{"@file":"src/psp/format_2025/operations.rs","@level":"debug","@line":37,"@message":"✅ Operations packed: result=1011059135725","@module":"flavor::psp::format_2025::operations","@pid":14159,"@timestamp":"2026-03-31T20:29:40.768658Z"}
{"@file":"src/psp/format_2025/operations.rs","@level":"debug","@line":60,"@message":"✅ Operations unpacked: count=8 operations=[192, 83, 131, 208, 236, 168, 225, 130]","@module":"flavor::psp::format_2025::operations","@pid":14159,"@timestamp":"2026-03-31T20:29:40.768672Z"}
{"@file":"src/psp/format_2025/operations.rs","@level":"debug","@line":60,"@message":"✅ Operations unpacked: count=5 operations=[237, 20, 210, 103, 235]","@module":"flavor::psp::format_2025::operations","@pid":14159,"@timestamp":"2026-03-31T20:29:40.768685Z"}
{"@file":"src/psp/format_2025/operations.rs","@level":"debug","@line":37,"@message":"✅ Operations packed: result=9431004829754545088","@module":"flavor::psp::format_2025::operations","@pid":14159,"@timestamp":"2026-03-31T20:29:40.768698Z"}
{"@file":"src/psp/format_2025/operations.rs","@level":"debug","@line":37,"@message":"✅ Operations packed: result=0","@module":"flavor::psp::format_2025::operations","@pid":14159,"@timestamp":"2026-03-31T20:29:40.768695Z"}
{"@file":"src/psp/format_2025/operations.rs","@level":"debug","@line":60,"@message":"✅ Operations unpacked: count=8 operations=[192, 83, 131, 208, 236, 168, 225, 130]","@module":"flavor::psp::format_2025::operations","@pid":14159,"@timestamp":"2026-03-31T20:29:40.768723Z"}
{"@file":"src/psp/format_2025/operations.rs","@level":"debug","@line":37,"@message":"✅ Operations packed: result=37942879887289972","@module":"flavor::psp::format_2025::operations","@pid":14159,"@timestamp":"2026-03-31T20:29:40.768745Z"}
{"@file":"src/psp/format_2025/operations.rs","@level":"debug","@line":37,"@message":"✅ Operations packed: result=936227","@module":"flavor::psp::format_2025::operations","@pid":14159,"@timestamp":"2026-03-31T20:29:40.768759Z"}
{"@file":"src/psp/format_2025/operations.rs","@level":"debug","@line":60,"@message":"✅ Operations unpacked: count=8 operations=[251, 178, 213, 144, 100, 85, 140, 84]","@module":"flavor::psp::format_2025::operations","@pid":14159,"@timestamp":"2026-03-31T20:29:40.768772Z"}
{"@file":"src/psp/format_2025/operations.rs","@level":"debug","@line":60,"@message":"✅ Operations unpacked: count=7 operations=[116, 238, 111, 37, 217, 204, 134]","@module":"flavor::psp::format_2025::operations","@pid":14159,"@timestamp":"2026-03-31T20:29:40.768774Z"}
{"@file":"src/psp/format_2025/operations.rs","@level":"debug","@line":37,"@message":"✅ Operations packed: result=6092338286340453115","@module":"flavor::psp::format_2025::operations","@pid":14159,"@timestamp":"2026-03-31T20:29:40.768802Z"}
{"@file":"src/psp/format_2025/operations.rs","@level":"debug","@line":37,"@message":"✅ Operations packed: result=24230792804966697","@module":"flavor::psp::format_2025::operations","@pid":14159,"@timestamp":"2026-03-31T20:29:40.768814Z"}
{"@file":"src/psp/format_2025/operations.rs","@level":"debug","@line":60,"@message":"✅ Operations unpacked: count=8 operations=[251, 178, 213, 144, 100, 85, 140, 84]","@module":"flavor::psp::format_2025::operations","@pid":14159,"@timestamp":"2026-03-31T20:29:40.768823Z"}
{"@file":"src/psp/format_2025/operations.rs","@level":"debug","@line":37,"@message":"✅ Operations packed: result=79746374477925","@module":"flavor::psp::format_2025::operations","@pid":14159,"@timestamp":"2026-03-31T20:29:40.768844Z"}
{"@file":"src/psp/format_2025/operations.rs","@level":"debug","@line":60,"@message":"✅ Operations unpacked: count=6 operations=[101, 168, 82, 102, 135, 72]","@module":"flavor::psp::format_2025::operations","@pid":14159,"@timestamp":"2026-03-31T20:29:40.768867Z"}
{"@file":"src/psp/format_2025/operations.rs","@level":"debug","@line":37,"@message":"✅ Operations packed: result=11695743301598692404","@module":"flavor::psp::format_2025::operations","@pid":14159,"@timestamp":"2026-03-31T20:29:40.768865Z"}
{"@file":"src/psp/format_2025/operations.rs","@level":"debug","@line":60,"@message":"✅ Operations unpacked: count=8 operations=[9, 2, 81, 70, 26, 154, 140, 9]","@module":"flavor::psp::format_2025::operations","@pid":14159,"@timestamp":"2026-03-31T20:29:40.768873Z"}
{"@file":"src/psp/format_2025/operations.rs","@level":"debug","@line":37,"@message":"✅ Operations packed: result=688094280720384521","@module":"flavor::psp::format_2025::operations","@pid":14159,"@timestamp":"2026-03-31T20:29:40.768928Z"}
{"@file":"src/psp/format_2025/operations.rs","@level":"debug","@line":37,"@message":"✅ Operations packed: result=2673440063","@module":"flavor::psp::format_2025::operations","@pid":14159,"@timestamp":"2026-03-31T20:29:40.768922Z"}
{"@file":"src/psp/format_2025/operations.rs","@level":"debug","@line":37,"@message":"✅ Operations packed: result=65300","@module":"flavor::psp::format_2025::operations","@pid":14159,"@timestamp":"2026-03-31T20:29:40.768944Z"}
{"@file":"src/psp/format_2025/operations.rs","@level":"debug","@line":60,"@message":"✅ Operations unpacked: count=8 operations=[9, 2, 81, 70, 26, 154, 140, 9]","@module":"flavor::psp::format_2025::operations","@pid":14159,"@timestamp":"2026-03-31T20:29:40.768953Z"}
{"@file":"src/psp/format_2025/operations.rs","@level":"debug","@line":60,"@message":"✅ Operations unpacked: count=4 operations=[63, 117, 89, 159]","@module":"flavor::psp::format_2025::operations","@pid":14159,"@timestamp":"2026-03-31T20:29:40.768965Z"}
{"@file":"src/psp/format_2025/operations.rs","@level":"debug","@line":37,"@message":"✅ Operations packed: result=211","@module":"flavor::psp::format_2025::operations","@pid":14159,"@timestamp":"2026-03-31T20:29:40.769009Z"}
{"@file":"src/psp/format_2025/operations.rs","@level":"debug","@line":60,"@message":"✅ Operations unpacked: count=8 operations=[232, 149, 53, 28, 26, 46, 24, 185]","@module":"flavor::psp::format_2025::operations","@pid":14159,"@timestamp":"2026-03-31T20:29:40.769024Z"}
{"@file":"src/psp/format_2025/operations.rs","@level":"debug","@line":37,"@message":"✅ Operations packed: result=29436270871195152","@module":"flavor::psp::format_2025::operations","@pid":14159,"@timestamp":"2026-03-31T20:29:40.769036Z"}
{"@file":"src/psp/format_2025/operations.rs","@level":"debug","@line":37,"@message":"✅ Operations packed: result=13337460986135025128","@module":"flavor::psp::format_2025::operations","@pid":14159,"@timestamp":"2026-03-31T20:29:40.769046Z"}
{"@file":"src/psp/format_2025/operations.rs","@level":"debug","@line":60,"@message":"✅ Operations unpacked: count=7 operations=[16, 46, 202, 228, 33, 148, 104]","@module":"flavor::psp::format_2025::operations","@pid":14159,"@timestamp":"2026-03-31T20:29:40.769058Z"}
{"@file":"src/psp/format_2025/operations.rs","@level":"debug","@line":37,"@message":"✅ Operations packed: result=0","@module":"flavor::psp::format_2025::operations","@pid":14159,"@timestamp":"2026-03-31T20:29:40.769060Z"}
{"@file":"src/psp/format_2025/operations.rs","@level":"debug","@line":60,"@message":"✅ Operations unpacked: count=8 operations=[232, 149, 53, 28, 26, 46, 24, 185]","@module":"flavor::psp::format_2025::operations","@pid":14159,"@timestamp":"2026-03-31T20:29:40.769064Z"}
{"@file":"src/psp/format_2025/operations.rs","@level":"debug","@line":37,"@message":"✅ Operations packed: result=227802935667173","@module":"flavor::psp::format_2025::operations","@pid":14159,"@timestamp":"2026-03-31T20:29:40.769112Z"}
{"@file":"src/psp/format_2025/operations.rs","@level":"debug","@line":37,"@message":"✅ Operations packed: result=72566978181866","@module":"flavor::psp::format_2025::operations","@pid":14159,"@timestamp":"2026-03-31T20:29:40.769123Z"}
{"@file":"src/psp/format_2025/operations.rs","@level":"debug","@line":60,"@message":"✅ Operations unpacked: count=8 operations=[5, 102, 23, 218, 191, 170, 61, 100]","@module":"flavor::psp::format_2025::operations","@pid":14159,"@timestamp":"2026-03-31T20:29:40.769130Z"}
{"@file":"src/psp/format_2025/operations.rs","@level":"debug","@line":60,"@message":"✅ Operations unpacked: count=6 operations=[229, 41, 15, 129, 47, 207]","@module":"flavor::psp::format_2025::operations","@pid":14159,"@timestamp":"2026-03-31T20:29:40.769133Z"}
{"@file":"src/psp/format_2025/operations.rs","@level":"debug","@line":37,"@message":"✅ Operations packed: result=7223117118346585605","@module":"flavor::psp::format_2025::operations","@pid":14159,"@timestamp":"2026-03-31T20:29:40.769150Z"}
{"@file":"src/psp/format_2025/operations.rs","@level":"debug","@line":60,"@message":"✅ Operations unpacked: count=8 operations=[5, 102, 23, 218, 191, 170, 61, 100]","@module":"flavor::psp::format_2025::operations","@pid":14159,"@timestamp":"2026-03-31T20:29:40.769170Z"}
{"@file":"src/psp/format_2025/operations.rs","@level":"debug","@line":37,"@message":"✅ Operations packed: result=1049885510","@module":"flavor::psp::format_2025::operations","@pid":14159,"@timestamp":"2026-03-31T20:29:40.769173Z"}
{"@file":"src/psp/format_2025/operations.rs","@level":"debug","@line":37,"@message":"✅ Operations packed: result=448444725","@module":"flavor::psp::format_2025::operations","@pid":14159,"@timestamp":"2026-03-31T20:29:40.769187Z"}
{"@file":"src/psp/format_2025/operations.rs","@level":"debug","@line":60,"@message":"✅ Operations unpacked: count=4 operations=[53, 185, 186, 26]","@module":"flavor::psp::format_2025::operations","@pid":14159,"@timestamp":"2026-03-31T20:29:40.769206Z"}
{"@file":"src/psp/format_2025/operations.rs","@level":"debug","@line":60,"@message":"✅ Operations unpacked: count=8 operations=[231, 107, 144, 65, 18, 81, 57, 191]","@module":"flavor::psp::format_2025::operations","@pid":14159,"@timestamp":"2026-03-31T20:29:40.769222Z"}
{"@file":"src/psp/format_2025/operations.rs","@level":"debug","@line":37,"@message":"✅ Operations packed: result=12911970382781648137","@module":"flavor::psp::format_2025::operations","@pid":14159,"@timestamp":"2026-03-31T20:29:40.769238Z"}
{"@file":"src/psp/format_2025/operations.rs","@level":"debug","@line":37,"@message":"✅ Operations packed: result=60687","@module":"flavor::psp::format_2025::operations","@pid":14159,"@timestamp":"2026-03-31T20:29:40.769278Z"}
{"@file":"src/psp/format_2025/operations.rs","@level":"debug","@line":37,"@message":"✅ Operations packed: result=13779133673767988199","@module":"flavor::psp::format_2025::operations","@pid":14159,"@timestamp":"2026-03-31T20:29:40.769258Z"}
{"@file":"src/psp/format_2025/operations.rs","@level":"debug","@line":60,"@message":"✅ Operations unpacked: count=2 operations=[15, 237]","@module":"flavor::psp::format_2025::operations","@pid":14159,"@timestamp":"2026-03-31T20:29:40.769306Z"}
{"@file":"src/psp/format_2025/operations.rs","@level":"debug","@line":60,"@message":"✅ Operations unpacked: count=8 operations=[231, 107, 144, 65, 18, 81, 57, 191]","@module":"flavor::psp::format_2025::operations","@pid":14159,"@timestamp":"2026-03-31T20:29:40.769313Z"}
{"@file":"src/psp/format_2025/operations.rs","@level":"debug","@line":37,"@message":"✅ Operations packed: result=2102436","@module":"flavor::psp::format_2025::operations","@pid":14159,"@timestamp":"2026-03-31T20:29:40.769316Z"}
{"@file":"src/psp/format_2025/operations.rs","@level":"debug","@line":37,"@message":"✅ Operations packed: result=386252986827","@module":"flavor::psp::format_2025::operations","@pid":14159,"@timestamp":"2026-03-31T20:29:40.769357Z"}
{"@file":"src/psp/format_2025/operations.rs","@level":"debug","@line":60,"@message":"✅ Operations unpacked: count=8 operations=[105, 204, 30, 210, 234, 145, 48, 26]","@module":"flavor::psp::format_2025::operations","@pid":14159,"@timestamp":"2026-03-31T20:29:40.769369Z"}
{"@file":"src/psp/format_2025/operations.rs","@level":"debug","@line":60,"@message":"✅ Operations unpacked: count=5 operations=[203, 217, 120, 238, 89]","@module":"flavor::psp::format_2025::operations","@pid":14159,"@timestamp":"2026-03-31T20:29:40.769384Z"}
{"@file":"src/psp/format_2025/operations.rs","@level":"debug","@line":37,"@message":"✅ Operations packed: result=19420349096782","@module":"flavor::psp::format_2025::operations","@pid":14159,"@timestamp":"2026-03-31T20:29:40.769385Z"}
{"@file":"src/psp/format_2025/operations.rs","@level":"debug","@line":37,"@message":"✅ Operations packed: result=1887168681601846377","@module":"flavor::psp::format_2025::operations","@pid":14159,"@timestamp":"2026-03-31T20:29:40.769393Z"}
{"@file":"src/psp/format_2025/operations.rs","@level":"debug","@line":37,"@message":"✅ Operations packed: result=888688031961","@module":"flavor::psp::format_2025::operations","@pid":14159,"@timestamp":"2026-03-31T20:29:40.769433Z"}
{"@file":"src/psp/format_2025/operations.rs","@level":"debug","@line":60,"@message":"✅ Operations unpacked: count=8 operations=[105, 204, 30, 210, 234, 145, 48, 26]","@module":"flavor::psp::format_2025::operations","@pid":14159,"@timestamp":"2026-03-31T20:29:40.769440Z"}
{"@file":"src/psp/format_2025/operations.rs","@level":"debug","@line":60,"@message":"✅ Operations unpacked: count=5 operations=[217, 56, 239, 233, 206]","@module":"flavor::psp::format_2025::operations","@pid":14159,"@timestamp":"2026-03-31T20:29:40.769461Z"}
{"@file":"src/psp/format_2025/operations.rs","@level":"debug","@line":37,"@message":"✅ Operations packed: result=54361125874018453","@module":"flavor::psp::format_2025::operations","@pid":14159,"@timestamp":"2026-03-31T20:29:40.769449Z"}
{"@file":"src/psp/format_2025/operations.rs","@level":"debug","@line":60,"@message":"✅ Operations unpacked: count=8 operations=[160, 230, 218, 58, 64, 145, 4, 142]","@module":"flavor::psp::format_2025::operations","@pid":14159,"@timestamp":"2026-03-31T20:29:40.769502Z"}
{"@file":"src/psp/format_2025/operations.rs","@level":"debug","@line":37,"@message":"✅ Operations packed: result=6271643","@module":"flavor::psp::format_2025::operations","@pid":14159,"@timestamp":"2026-03-31T20:29:40.769520Z"}
{"@file":"src/psp/format_2025/operations.rs","@level":"debug","@line":37,"@message":"✅ Operations packed: result=4940165336916636","@module":"flavor::psp::format_2025::operations","@pid":14159,"@timestamp":"2026-03-31T20:29:40.769538Z"}
{"@file":"src/psp/format_2025/operations.rs","@level":"debug","@line":37,"@message":"✅ Operations packed: result=10233463958343968416","@module":"flavor::psp::format_2025::operations","@pid":14159,"@timestamp":"2026-03-31T20:29:40.769542Z"}
{"@file":"src/psp/format_2025/operations.rs","@level":"debug","@line":60,"@message":"✅ Operations unpacked: count=3 operations=[155, 178, 95]","@module":"flavor::psp::format_2025::operations","@pid":14159,"@timestamp":"2026-03-31T20:29:40.769550Z"}
{"@file":"src/psp/format_2025/operations.rs","@level":"debug","@line":60,"@message":"✅ Operations unpacked: count=8 operations=[160, 230, 218, 58, 64, 145, 4, 142]","@module":"flavor::psp::format_2025::operations","@pid":14159,"@timestamp":"2026-03-31T20:29:40.769601Z"}
{"@file":"src/psp/format_2025/operations.rs","@level":"debug","@line":37,"@message":"✅ Operations packed: result=4251556727","@module":"flavor::psp::format_2025::operations","@pid":14159,"@timestamp":"2026-03-31T20:29:40.769615Z"}
{"@file":"src/psp/format_2025/operations.rs","@level":"debug","@line":37,"@message":"✅ Operations packed: result=173504109024","@module":"flavor::psp::format_2025::operations","@pid":14159,"@timestamp":"2026-03-31T20:29:40.769640Z"}
{"@file":"src/psp/format_2025/operations.rs","@level":"debug","@line":60,"@message":"✅ Operations unpacked: count=8 operations=[122, 85, 94, 204, 15, 243, 159, 121]","@module":"flavor::psp::format_2025::operations","@pid":14159,"@timestamp":"2026-03-31T20:29:40.769651Z"}
{"@file":"src/psp/format_2025/operations.rs","@level":"debug","@line":60,"@message":"✅ Operations unpacked: count=5 operations=[224, 153, 166, 101, 40]","@module":"flavor::psp::format_2025::operations","@pid":14159,"@timestamp":"2026-03-31T20:29:40.769668Z"}
{"@file":"src/psp/format_2025/operations.rs","@level":"debug","@line":37,"@message":"✅ Operations packed: result=5259561112360385686","@module":"flavor::psp::format_2025::operations","@pid":14159,"@timestamp":"2026-03-31T20:29:40.769673Z"}
{"@file":"src/psp/format_2025/operations.rs","@level":"debug","@line":37,"@message":"✅ Operations packed: result=8763990649065067898","@module":"flavor::psp::format_2025::operations","@pid":14159,"@timestamp":"2026-03-31T20:29:40.769678Z"}
{"@file":"src/psp/format_2025/operations.rs","@level":"debug","@line":60,"@message":"✅ Operations unpacked: count=8 operations=[122, 85, 94, 204, 15, 243, 159, 121]","@module":"flavor::psp::format_2025::operations","@pid":14159,"@timestamp":"2026-03-31T20:29:40.769718Z"}
{"@file":"src/psp/format_2025/operations.rs","@level":"debug","@line":37,"@message":"✅ Operations packed: result=25556","@module":"flavor::psp::format_2025::operations","@pid":14159,"@timestamp":"2026-03-31T20:29:40.769718Z"}
{"@file":"src/psp/format_2025/operations.rs","@level":"debug","@line":37,"@message":"✅ Operations packed: result=14909890227555827250","@module":"flavor::psp::format_2025::operations","@pid":14159,"@timestamp":"2026-03-31T20:29:40.769747Z"}
{"@file":"src/psp/format_2025/operations.rs","@level":"debug","@line":60,"@message":"✅ Operations unpacked: count=2 operations=[212, 99]","@module":"flavor::psp::format_2025::operations","@pid":14159,"@timestamp":"2026-03-31T20:29:40.769758Z"}
{"@file":"src/psp/format_2025/operations.rs","@level":"debug","@line":60,"@message":"✅ Operations unpacked: count=8 operations=[158, 181, 56, 231, 60, 27, 75, 65]","@module":"flavor::psp::format_2025::operations","@pid":14159,"@timestamp":"2026-03-31T20:29:40.769768Z"}
{"@file":"src/psp/format_2025/operations.rs","@level":"debug","@line":37,"@message":"✅ Operations packed: result=4704884184109856158","@module":"flavor::psp::format_2025::operations","@pid":14159,"@timestamp":"2026-03-31T20:29:40.769795Z"}
{"@file":"src/psp/format_2025/operations.rs","@level":"debug","@line":37,"@message":"✅ Operations packed: result=9837976496144331909","@module":"flavor::psp::format_2025::operations","@pid":14159,"@timestamp":"2026-03-31T20:29:40.769801Z"}
{"@file":"src/psp/format_2025/operations.rs","@level":"debug","@line":60,"@message":"✅ Operations unpacked: count=8 operations=[158, 181, 56, 231, 60, 27, 75, 65]","@module":"flavor::psp::format_2025::operations","@pid":14159,"@timestamp":"2026-03-31T20:29:40.769815Z"}
{"@file":"src/psp/format_2025/operations.rs","@level":"debug","@line":37,"@message":"✅ Operations packed: result=501152482121","@module":"flavor::psp::format_2025::operations","@pid":14159,"@timestamp":"2026-03-31T20:29:40.769816Z"}
{"@file":"src/psp/format_2025/operations.rs","@level":"debug","@line":37,"@message":"✅ Operations packed: result=0","@module":"flavor::psp::format_2025::operations","@pid":14159,"@timestamp":"2026-03-31T20:29:40.769848Z"}
{"@file":"src/psp/format_2025/operations.rs","@level":"debug","@line":60,"@message":"✅ Operations unpacked: count=5 operations=[73, 3, 4, 175, 116]","@module":"flavor::psp::format_2025::operations","@pid":14159,"@timestamp":"2026-03-31T20:29:40.769845Z"}
{"@file":"src/psp/format_2025/operations.rs","@level":"debug","@line":60,"@message":"✅ Operations unpacked: count=8 operations=[158, 67, 113, 32, 76, 149, 75, 203]","@module":"flavor::psp::format_2025::operations","@pid":14159,"@timestamp":"2026-03-31T20:29:40.769862Z"}
{"@file":"src/psp/format_2025/operations.rs","@level":"debug","@line":37,"@message":"✅ Operations packed: result=27935","@module":"flavor::psp::format_2025::operations","@pid":14159,"@timestamp":"2026-03-31T20:29:40.769901Z"}
{"@file":"src/psp/format_2025/operations.rs","@level":"debug","@line":37,"@message":"✅ Operations packed: result=45","@module":"flavor::psp::format_2025::operations","@pid":14159,"@timestamp":"2026-03-31T20:29:40.769917Z"}
{"@file":"src/psp/format_2025/operations.rs","@level":"debug","@line":37,"@message":"✅ Operations packed: result=14648966367147017118","@module":"flavor::psp::format_2025::operations","@pid":14159,"@timestamp":"2026-03-31T20:29:40.769906Z"}
{"@file":"src/psp/format_2025/operations.rs","@level":"debug","@line":60,"@message":"✅ Operations unpacked: count=1 operations=[45]","@module":"flavor::psp::format_2025::operations","@pid":14159,"@timestamp":"2026-03-31T20:29:40.769947Z"}
{"@file":"src/psp/format_2025/operations.rs","@level":"debug","@line":37,"@message":"✅ Operations packed: result=16707485","@module":"flavor::psp::format_2025::operations","@pid":14159,"@timestamp":"2026-03-31T20:29:40.769964Z"}
{"@file":"src/psp/format_2025/operations.rs","@level":"debug","@line":60,"@message":"✅ Operations unpacked: count=8 operations=[158, 67, 113, 32, 76, 149, 75, 203]","@module":"flavor::psp::format_2025::operations","@pid":14159,"@timestamp":"2026-03-31T20:29:40.769967Z"}
{"@file":"src/psp/format_2025/operations.rs","@level":"debug","@line":37,"@message":"✅ Operations packed: result=5951597","@module":"flavor::psp::format_2025::operations","@pid":14159,"@timestamp":"2026-03-31T20:29:40.770012Z"}
{"@file":"src/psp/format_2025/operations.rs","@level":"debug","@line":37,"@message":"✅ Operations packed: result=103953814473881","@module":"flavor::psp::format_2025::operations","@pid":14159,"@timestamp":"2026-03-31T20:29:40.770027Z"}
{"@file":"src/psp/format_2025/operations.rs","@level":"debug","@line":60,"@message":"✅ Operations unpacked: count=3 operations=[109, 208, 90]","@module":"flavor::psp::format_2025::operations","@pid":14159,"@timestamp":"2026-03-31T20:29:40.770038Z"}
{"@file":"src/psp/format_2025/operations.rs","@level":"debug","@line":60,"@message":"✅ Operations unpacked: count=8 operations=[187, 62, 8, 253, 176, 178, 203, 235]","@module":"flavor::psp::format_2025::operations","@pid":14159,"@timestamp":"2026-03-31T20:29:40.770049Z"}
{"@file":"src/psp/format_2025/operations.rs","@level":"debug","@line":37,"@message":"✅ Operations packed: result=16990870492414492347","@module":"flavor::psp::format_2025::operations","@pid":14159,"@timestamp":"2026-03-31T20:29:40.770078Z"}
{"@file":"src/psp/format_2025/operations.rs","@level":"debug","@line":37,"@message":"✅ Operations packed: result=11783","@module":"flavor::psp::format_2025::operations","@pid":14159,"@timestamp":"2026-03-31T20:29:40.770081Z"}
{"@file":"src/psp/format_2025/operations.rs","@level":"debug","@line":37,"@message":"✅ Operations packed: result=43","@module":"flavor::psp::format_2025::operations","@pid":14159,"@timestamp":"2026-03-31T20:29:40.770091Z"}
{"@file":"src/psp/format_2025/operations.rs","@level":"debug","@line":60,"@message":"✅ Operations unpacked: count=8 operations=[187, 62, 8, 253, 176, 178, 203, 235]","@module":"flavor::psp::format_2025::operations","@pid":14159,"@timestamp":"2026-03-31T20:29:40.770102Z"}
{"@file":"src/psp/format_2025/operations.rs","@level":"debug","@line":60,"@message":"✅ Operations unpacked: count=1 operations=[43]","@module":"flavor::psp::format_2025::operations","@pid":14159,"@timestamp":"2026-03-31T20:29:40.770128Z"}
{"@file":"src/psp/format_2025/operations.rs","@level":"debug","@line":37,"@message":"✅ Operations packed: result=6628125305224406","@module":"flavor::psp::format_2025::operations","@pid":14159,"@timestamp":"2026-03-31T20:29:40.770148Z"}
{"@file":"src/psp/format_2025/operations.rs","@level":"debug","@line":60,"@message":"✅ Operations unpacked: count=8 operations=[137, 96, 160, 210, 74, 198, 138, 87]","@module":"flavor::psp::format_2025::operations","@pid":14159,"@timestamp":"2026-03-31T20:29:40.770179Z"}
{"@file":"src/psp/format_2025/operations.rs","@level":"debug","@line":37,"@message":"✅ Operations packed: result=44275","@module":"flavor::psp::format_2025::operations","@pid":14159,"@timestamp":"2026-03-31T20:29:40.770198Z"}
{"@file":"src/psp/format_2025/operations.rs","@level":"debug","@line":37,"@message":"✅ Operations packed: result=17570882790413366655","@module":"flavor::psp::format_2025::operations","@pid":14159,"@timestamp":"2026-03-31T20:29:40.770185Z"}
{"@file":"src/psp/format_2025/operations.rs","@level":"debug","@line":37,"@message":"✅ Operations packed: result=6308072252749406345","@module":"flavor::psp::format_2025::operations","@pid":14159,"@timestamp":"2026-03-31T20:29:40.770211Z"}
{"@file":"src/psp/format_2025/operations.rs","@level":"debug","@line":60,"@message":"✅ Operations unpacked: count=8 operations=[127, 245, 156, 168, 205, 80, 216, 243]","@module":"flavor::psp::format_2025::operations","@pid":14159,"@timestamp":"2026-03-31T20:29:40.770235Z"}
{"@file":"src/psp/format_2025/operations.rs","@level":"debug","@line":60,"@message":"✅ Operations unpacked: count=8 operations=[137, 96, 160, 210, 74, 198, 138, 87]","@module":"flavor::psp::format_2025::operations","@pid":14159,"@timestamp":"2026-03-31T20:29:40.770247Z"}
{"@file":"src/psp/format_2025/operations.rs","@level":"debug","@line":37,"@message":"✅ Operations packed: result=0","@module":"flavor::psp::format_2025::operations","@pid":14159,"@timestamp":"2026-03-31T20:29:40.770250Z"}
{"@file":"src/psp/format_2025/operations.rs","@level":"debug","@line":37,"@message":"✅ Operations packed: result=55623701618623","@module":"flavor::psp::format_2025::operations","@pid":14159,"@timestamp":"2026-03-31T20:29:40.770291Z"}
{"@file":"src/psp/format_2025/operations.rs","@level":"debug","@line":60,"@message":"✅ Operations unpacked: count=8 operations=[19, 134, 166, 194, 55, 150, 148, 150]","@module":"flavor::psp::format_2025::operations","@pid":14159,"@timestamp":"2026-03-31T20:29:40.770308Z"}
{"@file":"src/psp/format_2025/operations.rs","@level":"debug","@line":37,"@message":"✅ Operations packed: result=19206124783931670","@module":"flavor::psp::format_2025::operations","@pid":14159,"@timestamp":"2026-03-31T20:29:40.770322Z"}
{"@file":"src/psp/format_2025/operations.rs","@level":"debug","@line":60,"@message":"✅ Operations unpacked: count=6 operations=[191, 223, 249, 230, 150, 50]","@module":"flavor::psp::format_2025::operations","@pid":14159,"@timestamp":"2026-03-31T20:29:40.770313Z"}
{"@file":"src/psp/format_2025/operations.rs","@level":"debug","@line":37,"@message":"✅ Operations packed: result=10850462568475428371","@module":"flavor::psp::format_2025::operations","@pid":14159,"@timestamp":"2026-03-31T20:29:40.770340Z"}
{"@file":"src/psp/format_2025/operations.rs","@level":"debug","@line":60,"@message":"✅ Operations unpacked: count=8 operations=[19, 134, 166, 194, 55, 150, 148, 150]","@module":"flavor::psp::format_2025::operations","@pid":14159,"@timestamp":"2026-03-31T20:29:40.770366Z"}
{"@file":"src/psp/format_2025/operations.rs","@level":"debug","@line":37,"@message":"✅ Operations packed: result=921042800969668","@module":"flavor::psp::format_2025::operations","@pid":14159,"@timestamp":"2026-03-31T20:29:40.770379Z"}
{"@file":"src/psp/format_2025/operations.rs","@level":"debug","@line":37,"@message":"✅ Operations packed: result=0","@module":"flavor::psp::format_2025::operations","@pid":14159,"@timestamp":"2026-03-31T20:29:40.770383Z"}
{"@file":"src/psp/format_2025/operations.rs","@level":"debug","@line":60,"@message":"✅ Operations unpacked: count=0 operations=[]","@module":"flavor::psp::format_2025::operations","@pid":14159,"@timestamp":"2026-03-31T20:29:40.770417Z"}
{"@file":"src/psp/format_2025/operations.rs","@level":"debug","@line":60,"@message":"✅ Operations unpacked: count=8 operations=[95, 145, 49, 158, 8, 55, 66, 196]","@module":"flavor::psp::format_2025::operations","@pid":14159,"@timestamp":"2026-03-31T20:29:40.770419Z"}
{"@file":"src/psp/format_2025/operations.rs","@level":"debug","@line":37,"@message":"✅ Operations packed: result=270993041484169","@module":"flavor::psp::format_2025::operations","@pid":14159,"@timestamp":"2026-03-31T20:29:40.770436Z"}
{"@file":"src/psp/format_2025/operations.rs","@level":"debug","@line":37,"@message":"✅ Operations packed: result=14141926290050093407","@module":"flavor::psp::format_2025::operations","@pid":14159,"@timestamp":"2026-03-31T20:29:40.770499Z"}
{"@file":"src/psp/format_2025/operations.rs","@level":"debug","@line":37,"@message":"✅ Operations packed: result=2826087354","@module":"flavor::psp::format_2025::operations","@pid":14159,"@timestamp":"2026-03-31T20:29:40.770508Z"}
{"@file":"src/psp/format_2025/operations.rs","@level":"debug","@line":60,"@message":"✅ Operations unpacked: count=8 operations=[95, 145, 49, 158, 8, 55, 66, 196]","@module":"flavor::psp::format_2025::operations","@pid":14159,"@timestamp":"2026-03-31T20:29:40.770526Z"}
{"@file":"src/psp/format_2025/operations.rs","@level":"debug","@line":37,"@message":"✅ Operations packed: result=24412920373250878","@module":"flavor::psp::format_2025::operations","@pid":14159,"@timestamp":"2026-03-31T20:29:40.770543Z"}
{"@file":"src/psp/format_2025/operations.rs","@level":"debug","@line":60,"@message":"✅ Operations unpacked: count=4 operations=[186, 171, 114, 168]","@module":"flavor::psp::format_2025::operations","@pid":14159,"@timestamp":"2026-03-31T20:29:40.770547Z"}
{"@file":"src/psp/format_2025/operations.rs","@level":"debug","@line":60,"@message":"✅ Operations unpacked: count=8 operations=[13, 19, 90, 3, 11, 36, 86, 168]","@module":"flavor::psp::format_2025::operations","@pid":14159,"@timestamp":"2026-03-31T20:29:40.770589Z"}
{"@file":"src/psp/format_2025/operations.rs","@level":"debug","@line":37,"@message":"✅ Operations packed: result=45019658932328066","@module":"flavor::psp::format_2025::operations","@pid":14159,"@timestamp":"2026-03-31T20:29:40.770599Z"}
{"@file":"src/psp/format_2025/operations.rs","@level":"debug","@line":37,"@message":"✅ Operations packed: result=9852310","@module":"flavor::psp::format_2025::operations","@pid":14159,"@timestamp":"2026-03-31T20:29:40.770616Z"}
{"@file":"src/psp/format_2025/operations.rs","@level":"debug","@line":37,"@message":"✅ Operations packed: result=12129922276088484621","@module":"flavor::psp::format_2025::operations","@pid":14159,"@timestamp":"2026-03-31T20:29:40.770617Z"}
{"@file":"src/psp/format_2025/operations.rs","@level":"debug","@line":60,"@message":"✅ Operations unpacked: count=3 operations=[150, 85, 150]","@module":"flavor::psp::format_2025::operations","@pid":14159,"@timestamp":"2026-03-31T20:29:40.770650Z"}
{"@file":"src/psp/format_2025/operations.rs","@level":"debug","@line":60,"@message":"✅ Operations unpacked: count=8 operations=[13, 19, 90, 3, 11, 36, 86, 168]","@module":"flavor::psp::format_2025::operations","@pid":14159,"@timestamp":"2026-03-31T20:29:40.770663Z"}
{"@file":"src/psp/format_2025/operations.rs","@level":"debug","@line":37,"@message":"✅ Operations packed: result=39714342025540042","@module":"flavor::psp::format_2025::operations","@pid":14159,"@timestamp":"2026-03-31T20:29:40.770655Z"}
{"@file":"src/psp/format_2025/operations.rs","@level":"debug","@line":37,"@message":"✅ Operations packed: result=5808364","@module":"flavor::psp::format_2025::operations","@pid":14159,"@timestamp":"2026-03-31T20:29:40.770709Z"}
{"@file":"src/psp/format_2025/operations.rs","@level":"debug","@line":60,"@message":"✅ Operations unpacked: count=8 operations=[45, 13, 236, 159, 251, 229, 170, 85]","@module":"flavor::psp::format_2025::operations","@pid":14159,"@timestamp":"2026-03-31T20:29:40.770721Z"}
{"@file":"src/psp/format_2025/operations.rs","@level":"debug","@line":60,"@message":"✅ Operations unpacked: count=3 operations=[236, 160, 88]","@module":"flavor::psp::format_2025::operations","@pid":14159,"@timestamp":"2026-03-31T20:29:40.770736Z"}
{"@file":"src/psp/format_2025/operations.rs","@level":"debug","@line":37,"@message":"✅ Operations packed: result=308776772","@module":"flavor::psp::format_2025::operations","@pid":14159,"@timestamp":"2026-03-31T20:29:40.770731Z"}
{"@file":"src/psp/format_2025/operations.rs","@level":"debug","@line":37,"@message":"✅ Operations packed: result=6172999108147285293","@module":"flavor::psp::format_2025::operations","@pid":14159,"@timestamp":"2026-03-31T20:29:40.770750Z"}
{"@file":"src/psp/format_2025/operations.rs","@level":"debug","@line":60,"@message":"✅ Operations unpacked: count=8 operations=[45, 13, 236, 159, 251, 229, 170, 85]","@module":"flavor::psp::format_2025::operations","@pid":14159,"@timestamp":"2026-03-31T20:29:40.770785Z"}
{"@file":"src/psp/format_2025/operations.rs","@level":"debug","@line":37,"@message":"✅ Operations packed: result=13109732413606553744","@module":"flavor::psp::format_2025::operations","@pid":14159,"@timestamp":"2026-03-31T20:29:40.770794Z"}
{"@file":"src/psp/format_2025/operations.rs","@level":"debug","@line":37,"@message":"✅ Operations packed: result=13950398","@module":"flavor::psp::format_2025::operations","@pid":14159,"@timestamp":"2026-03-31T20:29:40.770803Z"}
{"@file":"src/psp/format_2025/operations.rs","@level":"debug","@line":60,"@message":"✅ Operations unpacked: count=8 operations=[144, 104, 113, 253, 43, 32, 239, 181]","@module":"flavor::psp::format_2025::operations","@pid":14159,"@timestamp":"2026-03-31T20:29:40.770823Z"}
{"@file":"src/psp/format_2025/operations.rs","@level":"debug","@line":60,"@message":"✅ Operations unpacked: count=8 operations=[51, 244, 179, 110, 216, 246, 128, 75]","@module":"flavor::psp::format_2025::operations","@pid":14159,"@timestamp":"2026-03-31T20:29:40.770836Z"}
{"@file":"src/psp/format_2025/operations.rs","@level":"debug","@line":37,"@message":"✅ Operations packed: result=5440619759294215219","@module":"flavor::psp::format_2025::operations","@pid":14159,"@timestamp":"2026-03-31T20:29:40.770866Z"}
{"@file":"src/psp/format_2025/operations.rs","@level":"debug","@line":37,"@message":"✅ Operations packed: result=56385","@module":"flavor::psp::format_2025::operations","@pid":14159,"@timestamp":"2026-03-31T20:29:40.770866Z"}
{"@file":"src/psp/format_2025/operations.rs","@level":"debug","@line":37,"@message":"✅ Operations packed: result=28517171867003","@module":"flavor::psp::format_2025::operations","@pid":14159,"@timestamp":"2026-03-31T20:29:40.770880Z"}
{"@file":"src/psp/format_2025/operations.rs","@level":"debug","@line":60,"@message":"✅ Operations unpacked: count=8 operations=[51, 244, 179, 110, 216, 246, 128, 75]","@module":"flavor::psp::format_2025::operations","@pid":14159,"@timestamp":"2026-03-31T20:29:40.770888Z"}
{"@file":"src/psp/format_2025/operations.rs","@level":"debug","@line":60,"@message":"✅ Operations unpacked: count=6 operations=[123, 45, 230, 171, 239, 25]","@module":"flavor::psp::format_2025::operations","@pid":14159,"@timestamp":"2026-03-31T20:29:40.770908Z"}
{"@file":"src/psp/format_2025/operations.rs","@level":"debug","@line":37,"@message":"✅ Operations packed: result=575611367853","@module":"flavor::psp::format_2025::operations","@pid":14159,"@timestamp":"2026-03-31T20:29:40.770926Z"}
{"@file":"src/psp/format_2025/operations.rs","@level":"debug","@line":60,"@message":"✅ Operations unpacked: count=8 operations=[101, 248, 49, 69, 240, 110, 156, 127]","@module":"flavor::psp::format_2025::operations","@pid":14159,"@timestamp":"2026-03-31T20:29:40.770949Z"}
{"@file":"src/psp/format_2025/operations.rs","@level":"debug","@line":37,"@message":"✅ Operations packed: result=453134105","@module":"flavor::psp::format_2025::operations","@pid":14159,"@timestamp":"2026-03-31T20:29:40.770960Z"}
{"@file":"src/psp/format_2025/operations.rs","@level":"debug","@line":37,"@message":"✅ Operations packed: result=30584010303682962","@module":"flavor::psp::format_2025::operations","@pid":14159,"@timestamp":"2026-03-31T20:29:40.770982Z"}
{"@file":"src/psp/format_2025/operations.rs","@level":"debug","@line":37,"@message":"✅ Operations packed: result=9195346517415819365","@module":"flavor::psp::format_2025::operations","@pid":14159,"@timestamp":"2026-03-31T20:29:40.770978Z"}
{"@file":"src/psp/format_2025/operations.rs","@level":"debug","@line":60,"@message":"✅ Operations unpacked: count=4 operations=[25, 71, 2, 27]","@module":"flavor::psp::format_2025::operations","@pid":14159,"@timestamp":"2026-03-31T20:29:40.771000Z"}
{"@file":"src/psp/format_2025/operations.rs","@level":"debug","@line":60,"@message":"✅ Operations unpacked: count=8 operations=[101, 248, 49, 69, 240, 110, 156, 127]","@module":"flavor::psp::format_2025::operations","@pid":14159,"@timestamp":"2026-03-31T20:29:40.771014Z"}
{"@file":"src/psp/format_2025/operations.rs","@level":"debug","@line":37,"@message":"✅ Operations packed: result=683000442332","@module":"flavor::psp::format_2025::operations","@pid":14159,"@timestamp":"2026-03-31T20:29:40.771035Z"}
{"@file":"src/psp/format_2025/operations.rs","@level":"debug","@line":37,"@message":"✅ Operations packed: result=0","@module":"flavor::psp::format_2025::operations","@pid":14159,"@timestamp":"2026-03-31T20:29:40.771062Z"}
{"@file":"src/psp/format_2025/operations.rs","@level":"debug","@line":60,"@message":"✅ Operations unpacked: count=8 operations=[168, 103, 35, 63, 248, 177, 255, 251]","@module":"flavor::psp::format_2025::operations","@pid":14159,"@timestamp":"2026-03-31T20:29:40.771065Z"}
{"@file":"src/psp/format_2025/operations.rs","@level":"debug","@line":37,"@message":"✅ Operations packed: result=904898109051","@module":"flavor::psp::format_2025::operations","@pid":14159,"@timestamp":"2026-03-31T20:29:40.771084Z"}
{"@file":"src/psp/format_2025/operations.rs","@level":"debug","@line":60,"@message":"✅ Operations unpacked: count=0 operations=[]","@module":"flavor::psp::format_2025::operations","@pid":14159,"@timestamp":"2026-03-31T20:29:40.771095Z"}
{"@file":"src/psp/format_2025/operations.rs","@level":"debug","@line":37,"@message":"✅ Operations packed: result=18158427902350419880","@module":"flavor::psp::format_2025::operations","@pid":14159,"@timestamp":"2026-03-31T20:29:40.771110Z"}
{"@file":"src/psp/format_2025/operations.rs","@level":"debug","@line":37,"@message":"✅ Operations packed: result=1088186884711","@module":"flavor::psp::format_2025::operations","@pid":14159,"@timestamp":"2026-03-31T20:29:40.771165Z"}
{"@file":"src/psp/format_2025/operations.rs","@level":"debug","@line":60,"@message":"✅ Operations unpacked: count=8 operations=[168, 103, 35, 63, 248, 177, 255, 251]","@module":"flavor::psp::format_2025::operations","@pid":14159,"@timestamp":"2026-03-31T20:29:40.771164Z"}
{"@file":"src/psp/format_2025/operations.rs","@level":"debug","@line":37,"@message":"✅ Operations packed: result=44680","@module":"flavor::psp::format_2025::operations","@pid":14159,"@timestamp":"2026-03-31T20:29:40.771185Z"}
{"@file":"src/psp/format_2025/operations.rs","@level":"debug","@line":37,"@message":"✅ Operations packed: result=61897244759709","@module":"flavor::psp::format_2025::operations","@pid":14159,"@timestamp":"2026-03-31T20:29:40.771219Z"}
{"@file":"src/psp/format_2025/operations.rs","@level":"debug","@line":60,"@message":"✅ Operations unpacked: count=2 operations=[136, 174]","@module":"flavor::psp::format_2025::operations","@pid":14159,"@timestamp":"2026-03-31T20:29:40.771220Z"}
{"@file":"src/psp/format_2025/operations.rs","@level":"debug","@line":60,"@message":"✅ Operations unpacked: count=8 operations=[81, 110, 135, 148, 246, 11, 85, 253]","@module":"flavor::psp::format_2025::operations","@pid":14159,"@timestamp":"2026-03-31T20:29:40.771237Z"}
{"@file":"src/psp/format_2025/operations.rs","@level":"debug","@line":37,"@message":"✅ Operations packed: result=18254509818297937489","@module":"flavor::psp::format_2025::operations","@pid":14159,"@timestamp":"2026-03-31T20:29:40.771263Z"}
{"@file":"src/psp/format_2025/operations.rs","@level":"debug","@line":37,"@message":"✅ Operations packed: result=5102390242839139449","@module":"flavor::psp::format_2025::operations","@pid":14159,"@timestamp":"2026-03-31T20:29:40.771274Z"}
{"@file":"src/psp/format_2025/operations.rs","@level":"debug","@line":60,"@message":"✅ Operations unpacked: count=8 operations=[81, 110, 135, 148, 246, 11, 85, 253]","@module":"flavor::psp::format_2025::operations","@pid":14159,"@timestamp":"2026-03-31T20:29:40.771286Z"}
{"@file":"src/psp/format_2025/operations.rs","@level":"debug","@line":37,"@message":"✅ Operations packed: result=0","@module":"flavor::psp::format_2025::operations","@pid":14159,"@timestamp":"2026-03-31T20:29:40.771298Z"}
{"@file":"src/psp/format_2025/operations.rs","@level":"debug","@line":37,"@message":"✅ Operations packed: result=49100907659432650","@module":"flavor::psp::format_2025::operations","@pid":14159,"@timestamp":"2026-03-31T20:29:40.771329Z"}
{"@file":"src/psp/format_2025/operations.rs","@level":"debug","@line":60,"@message":"✅ Operations unpacked: count=8 operations=[245, 63, 225, 162, 103, 222, 246, 94]","@module":"flavor::psp::format_2025::operations","@pid":14159,"@timestamp":"2026-03-31T20:29:40.771346Z"}
{"@file":"src/psp/format_2025/operations.rs","@level":"debug","@line":60,"@message":"✅ Operations unpacked: count=0 operations=[]","@module":"flavor::psp::format_2025::operations","@pid":14159,"@timestamp":"2026-03-31T20:29:40.771332Z"}
{"@file":"src/psp/format_2025/operations.rs","@level":"debug","@line":37,"@message":"✅ Operations packed: result=6842901220531716085","@module":"flavor::psp::format_2025::operations","@pid":14159,"@timestamp":"2026-03-31T20:29:40.771375Z"}
{"@file":"src/psp/format_2025/operations.rs","@level":"debug","@line":37,"@message":"✅ Operations packed: result=224","@module":"flavor::psp::format_2025::operations","@pid":14159,"@timestamp":"2026-03-31T20:29:40.771388Z"}
{"@file":"src/psp/format_2025/operations.rs","@level":"debug","@line":60,"@message":"✅ Operations unpacked: count=8 operations=[245, 63, 225, 162, 103, 222, 246, 94]","@module":"flavor::psp::format_2025::operations","@pid":14159,"@timestamp":"2026-03-31T20:29:40.771395Z"}
{"@file":"src/psp/format_2025/operations.rs","@level":"debug","@line":37,"@message":"✅ Operations packed: result=57834919030695907","@module":"flavor::psp::format_2025::operations","@pid":14159,"@timestamp":"2026-03-31T20:29:40.771412Z"}
{"@file":"src/psp/format_2025/operations.rs","@level":"debug","@line":60,"@message":"✅ Operations unpacked: count=7 operations=[227, 39, 112, 108, 141, 120, 205]","@module":"flavor::psp::format_2025::operations","@pid":14159,"@timestamp":"2026-03-31T20:29:40.771439Z"}
{"@file":"src/psp/format_2025/operations.rs","@level":"debug","@line":37,"@message":"✅ Operations packed: result=3","@module":"flavor::psp::format_2025::operations","@pid":14159,"@timestamp":"2026-03-31T20:29:40.771447Z"}
{"@file":"src/psp/format_2025/operations.rs","@level":"debug","@line":60,"@message":"✅ Operations unpacked: count=8 operations=[103, 251, 31, 49, 88, 131, 213, 103]","@module":"flavor::psp::format_2025::operations","@pid":14159,"@timestamp":"2026-03-31T20:29:40.771461Z"}
{"@file":"src/psp/format_2025/operations.rs","@level":"debug","@line":37,"@message":"✅ Operations packed: result=700901541","@module":"flavor::psp::format_2025::operations","@pid":14159,"@timestamp":"2026-03-31T20:29:40.771489Z"}
{"@file":"src/psp/format_2025/operations.rs","@level":"debug","@line":37,"@message":"✅ Operations packed: result=7482030770750487399","@module":"flavor::psp::format_2025::operations","@pid":14159,"@timestamp":"2026-03-31T20:29:40.771487Z"}
{"@file":"src/psp/format_2025/operations.rs","@level":"debug","@line":60,"@message":"✅ Operations unpacked: count=4 operations=[165, 232, 198, 41]","@module":"flavor::psp::format_2025::operations","@pid":14159,"@timestamp":"2026-03-31T20:29:40.771514Z"}
{"@file":"src/psp/format_2025/operations.rs","@level":"debug","@line":37,"@message":"✅ Operations packed: result=20871012670436939","@module":"flavor::psp::format_2025::operations","@pid":14159,"@timestamp":"2026-03-31T20:29:40.771508Z"}
{"@file":"src/psp/format_2025/operations.rs","@level":"debug","@line":60,"@message":"✅ Operations unpacked: count=8 operations=[103, 251, 31, 49, 88, 131, 213, 103]","@module":"flavor::psp::format_2025::operations","@pid":14159,"@timestamp":"2026-03-31T20:29:40.771535Z"}
{"@file":"src/psp/format_2025/operations.rs","@level":"debug","@line":37,"@message":"✅ Operations packed: result=0","@module":"flavor::psp::format_2025::operations","@pid":14159,"@timestamp":"2026-03-31T20:29:40.771572Z"}
{"@file":"src/psp/format_2025/operations.rs","@level":"debug","@line":37,"@message":"✅ Operations packed: result=0","@module":"flavor::psp::format_2025::operations","@pid":14159,"@timestamp":"2026-03-31T20:29:40.771594Z"}
{"@file":"src/psp/format_2025/operations.rs","@level":"debug","@line":60,"@message":"✅ Operations unpacked: count=0 operations=[]","@module":"flavor::psp::format_2025::operations","@pid":14159,"@timestamp":"2026-03-31T20:29:40.771602Z"}
{"@file":"src/psp/format_2025/operations.rs","@level":"debug","@line":60,"@message":"✅ Operations unpacked: count=8 operations=[94, 47, 217, 60, 124, 208, 67, 56]","@module":"flavor::psp::format_2025::operations","@pid":14159,"@timestamp":"2026-03-31T20:29:40.771615Z"}
{"@file":"src/psp/format_2025/operations.rs","@level":"debug","@line":37,"@message":"✅ Operations packed: result=4054313321578966878","@module":"flavor::psp::format_2025::operations","@pid":14159,"@timestamp":"2026-03-31T20:29:40.771643Z"}
{"@file":"src/psp/format_2025/operations.rs","@level":"debug","@line":37,"@message":"✅ Operations packed: result=64","@module":"flavor::psp::format_2025::operations","@pid":14159,"@timestamp":"2026-03-31T20:29:40.771651Z"}
{"@file":"src/psp/format_2025/operations.rs","@level":"debug","@line":37,"@message":"✅ Operations packed: result=513030720","@module":"flavor::psp::format_2025::operations","@pid":14159,"@timestamp":"2026-03-31T20:29:40.771659Z"}
{"@file":"src/psp/format_2025/operations.rs","@level":"debug","@line":60,"@message":"✅ Operations unpacked: count=8 operations=[94, 47, 217, 60, 124, 208, 67, 56]","@module":"flavor::psp::format_2025::operations","@pid":14159,"@timestamp":"2026-03-31T20:29:40.771664Z"}
{"@file":"src/psp/format_2025/operations.rs","@level":"debug","@line":60,"@message":"✅ Operations unpacked: count=4 operations=[64, 58, 148, 30]","@module":"flavor::psp::format_2025::operations","@pid":14159,"@timestamp":"2026-03-31T20:29:40.771687Z"}
{"@file":"src/psp/format_2025/operations.rs","@level":"debug","@line":37,"@message":"✅ Operations packed: result=97","@module":"flavor::psp::format_2025::operations","@pid":14159,"@timestamp":"2026-03-31T20:29:40.771707Z"}
{"@file":"src/psp/format_2025/operations.rs","@level":"debug","@line":60,"@message":"✅ Operations unpacked: count=8 operations=[55, 97, 236, 168, 189, 49, 67, 11]","@module":"flavor::psp::format_2025::operations","@pid":14159,"@timestamp":"2026-03-31T20:29:40.771728Z"}
{"@file":"src/psp/format_2025/operations.rs","@level":"debug","@line":37,"@message":"✅ Operations packed: result=1423589394","@module":"flavor::psp::format_2025::operations","@pid":14159,"@timestamp":"2026-03-31T20:29:40.771736Z"}
{"@file":"src/psp/format_2025/operations.rs","@level":"debug","@line":37,"@message":"✅ Operations packed: result=811547048509464887","@module":"flavor::psp::format_2025::operations","@pid":14159,"@timestamp":"2026-03-31T20:29:40.771753Z"}
{"@file":"src/psp/format_2025/operations.rs","@level":"debug","@line":37,"@message":"✅ Operations packed: result=12","@module":"flavor::psp::format_2025::operations","@pid":14159,"@timestamp":"2026-03-31T20:29:40.771756Z"}
{"@file":"src/psp/format_2025/operations.rs","@level":"debug","@line":60,"@message":"✅ Operations unpacked: count=4 operations=[18, 64, 218, 84]","@module":"flavor::psp::format_2025::operations","@pid":14159,"@timestamp":"2026-03-31T20:29:40.771759Z"}
{"@file":"src/psp/format_2025/operations.rs","@level":"debug","@line":60,"@message":"✅ Operations unpacked: count=8 operations=[55, 97, 236, 168, 189, 49, 67, 11]","@module":"flavor::psp::format_2025::operations","@pid":14159,"@timestamp":"2026-03-31T20:29:40.771777Z"}
{"@file":"src/psp/format_2025/operations.rs","@level":"debug","@line":37,"@message":"✅ Operations packed: result=18551663457491351","@module":"flavor::psp::format_2025::operations","@pid":14159,"@timestamp":"2026-03-31T20:29:40.771816Z"}
{"@file":"src/psp/format_2025/operations.rs","@level":"debug","@line":37,"@message":"✅ Operations packed: result=0","@module":"flavor::psp::format_2025::operations","@pid":14159,"@timestamp":"2026-03-31T20:29:40.771824Z"}
{"@file":"src/psp/format_2025/operations.rs","@level":"debug","@line":60,"@message":"✅ Operations unpacked: count=8 operations=[64, 175, 62, 184, 221, 138, 244, 142]","@module":"flavor::psp::format_2025::operations","@pid":14159,"@timestamp":"2026-03-31T20:29:40.771832Z"}
{"@file":"src/psp/format_2025/operations.rs","@level":"debug","@line":60,"@message":"✅ Operations unpacked: count=0 operations=[]","@module":"flavor::psp::format_2025::operations","@pid":14159,"@timestamp":"2026-03-31T20:29:40.771843Z"}
{"@file":"src/psp/format_2025/operations.rs","@level":"debug","@line":37,"@message":"✅ Operations packed: result=10301010932586688320","@module":"flavor::psp::format_2025::operations","@pid":14159,"@timestamp":"2026-03-31T20:29:40.771858Z"}
{"@file":"src/psp/format_2025/operations.rs","@level":"debug","@line":37,"@message":"✅ Operations packed: result=169","@module":"flavor::psp::format_2025::operations","@pid":14159,"@timestamp":"2026-03-31T20:29:40.771866Z"}
{"@file":"src/psp/format_2025/operations.rs","@level":"debug","@line":60,"@message":"✅ Operations unpacked: count=8 operations=[64, 175, 62, 184, 221, 138, 244, 142]","@module":"flavor::psp::format_2025::operations","@pid":14159,"@timestamp":"2026-03-31T20:29:40.771883Z"}
{"@file":"src/psp/format_2025/operations.rs","@level":"debug","@line":37,"@message":"✅ Operations packed: result=15751673592595482","@module":"flavor::psp::format_2025::operations","@pid":14159,"@timestamp":"2026-03-31T20:29:40.771894Z"}
{"@file":"src/psp/format_2025/operations.rs","@level":"debug","@line":60,"@message":"✅ Operations unpacked: count=7 operations=[26, 196, 26, 77, 16, 246, 55]","@module":"flavor::psp::format_2025::operations","@pid":14159,"@timestamp":"2026-03-31T20:29:40.771915Z"}
{"@file":"src/psp/format_2025/operations.rs","@level":"debug","@line":37,"@message":"✅ Operations packed: result=61033338393843009","@module":"flavor::psp::format_2025::operations","@pid":14159,"@timestamp":"2026-03-31T20:29:40.771920Z"}
{"@file":"src/psp/format_2025/operations.rs","@level":"debug","@line":60,"@message":"✅ Operations unpacked: count=8 operations=[209, 100, 70, 51, 141, 89, 29, 94]","@module":"flavor::psp::format_2025::operations","@pid":14159,"@timestamp":"2026-03-31T20:29:40.771933Z"}
{"@file":"src/psp/format_2025/operations.rs","@level":"debug","@line":37,"@message":"✅ Operations packed: result=6781675076875347153","@module":"flavor::psp::format_2025::operations","@pid":14159,"@timestamp":"2026-03-31T20:29:40.771958Z"}
{"@file":"src/psp/format_2025/operations.rs","@level":"debug","@line":37,"@message":"✅ Operations packed: result=666003688913","@module":"flavor::psp::format_2025::operations","@pid":14159,"@timestamp":"2026-03-31T20:29:40.771966Z"}
{"@file":"src/psp/format_2025/operations.rs","@level":"debug","@line":60,"@message":"✅ Operations unpacked: count=8 operations=[209, 100, 70, 51, 141, 89, 29, 94]","@module":"flavor::psp::format_2025::operations","@pid":14159,"@timestamp":"2026-03-31T20:29:40.771976Z"}
{"@file":"src/psp/format_2025/operations.rs","@level":"debug","@line":37,"@message":"✅ Operations packed: result=16014500114714304","@module":"flavor::psp::format_2025::operations","@pid":14159,"@timestamp":"2026-03-31T20:29:40.771986Z"}
{"@file":"src/psp/format_2025/operations.rs","@level":"debug","@line":60,"@message":"✅ Operations unpacked: count=5 operations=[209, 205, 233, 16, 155]","@module":"flavor::psp::format_2025::operations","@pid":14159,"@timestamp":"2026-03-31T20:29:40.771988Z"}
{"@file":"src/psp/format_2025/operations.rs","@level":"debug","@line":60,"@message":"✅ Operations unpacked: count=8 operations=[115, 13, 106, 183, 34, 191, 169, 225]","@module":"flavor::psp::format_2025::operations","@pid":14159,"@timestamp":"2026-03-31T20:29:40.772023Z"}
{"@file":"src/psp/format_2025/operations.rs","@level":"debug","@line":37,"@message":"✅ Operations packed: result=16260738085424860531","@module":"flavor::psp::format_2025::operations","@pid":14159,"@timestamp":"2026-03-31T20:29:40.772043Z"}
{"@file":"src/psp/format_2025/operations.rs","@level":"debug","@line":37,"@message":"✅ Operations packed: result=11888","@module":"flavor::psp::format_2025::operations","@pid":14159,"@timestamp":"2026-03-31T20:29:40.772047Z"}
{"@file":"src/psp/format_2025/operations.rs","@level":"debug","@line":37,"@message":"✅ Operations packed: result=1106","@module":"flavor::psp::format_2025::operations","@pid":14159,"@timestamp":"2026-03-31T20:29:40.772060Z"}
{"@file":"src/psp/format_2025/operations.rs","@level":"debug","@line":60,"@message":"✅ Operations unpacked: count=8 operations=[115, 13, 106, 183, 34, 191, 169, 225]","@module":"flavor::psp::format_2025::operations","@pid":14159,"@timestamp":"2026-03-31T20:29:40.772066Z"}
{"@file":"src/psp/format_2025/operations.rs","@level":"debug","@line":60,"@message":"✅ Operations unpacked: count=2 operations=[82, 4]","@module":"flavor::psp::format_2025::operations","@pid":14159,"@timestamp":"2026-03-31T20:29:40.772086Z"}
{"@file":"src/psp/format_2025/operations.rs","@level":"debug","@line":37,"@message":"✅ Operations packed: result=0","@module":"flavor::psp::format_2025::operations","@pid":14159,"@timestamp":"2026-03-31T20:29:40.772102Z"}
{"@file":"src/psp/format_2025/operations.rs","@level":"debug","@line":60,"@message":"✅ Operations unpacked: count=8 operations=[91, 155, 6, 127, 216, 124, 61, 18]","@module":"flavor::psp::format_2025::operations","@pid":14159,"@timestamp":"2026-03-31T20:29:40.772121Z"}
{"@file":"src/psp/format_2025/operations.rs","@level":"debug","@line":37,"@message":"✅ Operations packed: result=49476357912238906","@module":"flavor::psp::format_2025::operations","@pid":14159,"@timestamp":"2026-03-31T20:29:40.772138Z"}
{"@file":"src/psp/format_2025/operations.rs","@level":"debug","@line":37,"@message":"✅ Operations packed: result=1314343935547972443","@module":"flavor::psp::format_2025::operations","@pid":14159,"@timestamp":"2026-03-31T20:29:40.772151Z"}
{"@file":"src/psp/format_2025/operations.rs","@level":"debug","@line":60,"@message":"✅ Operations unpacked: count=7 operations=[58, 155, 35, 66, 124, 198, 175]","@module":"flavor::psp::format_2025::operations","@pid":14159,"@timestamp":"2026-03-31T20:29:40.772157Z"}
{"@file":"src/psp/format_2025/operations.rs","@level":"debug","@line":37,"@message":"✅ Operations packed: result=1737157146","@module":"flavor::psp::format_2025::operations","@pid":14159,"@timestamp":"2026-03-31T20:29:40.772163Z"}
{"@file":"src/psp/format_2025/operations.rs","@level":"debug","@line":60,"@message":"✅ Operations unpacked: count=8 operations=[91, 155, 6, 127, 216, 124, 61, 18]","@module":"flavor::psp::format_2025::operations","@pid":14159,"@timestamp":"2026-03-31T20:29:40.772169Z"}
{"@file":"src/psp/format_2025/operations.rs","@level":"debug","@line":37,"@message":"✅ Operations packed: result=72890047410459","@module":"flavor::psp::format_2025::operations","@pid":14159,"@timestamp":"2026-03-31T20:29:40.772206Z"}
{"@file":"src/psp/format_2025/operations.rs","@level":"debug","@line":37,"@message":"✅ Operations packed: result=10637888","@module":"flavor::psp::format_2025::operations","@pid":14159,"@timestamp":"2026-03-31T20:29:40.772223Z"}
{"@file":"src/psp/format_2025/operations.rs","@level":"debug","@line":60,"@message":"✅ Operations unpacked: count=6 operations=[27, 49, 98, 9, 75, 66]","@module":"flavor::psp::format_2025::operations","@pid":14159,"@timestamp":"2026-03-31T20:29:40.772231Z"}
{"@file":"src/psp/format_2025/operations.rs","@level":"debug","@line":60,"@message":"✅ Operations unpacked: count=8 operations=[57, 185, 65, 90, 114, 184, 31, 189]","@module":"flavor::psp::format_2025::operations","@pid":14159,"@timestamp":"2026-03-31T20:29:40.772244Z"}
{"@file":"src/psp/format_2025/operations.rs","@level":"debug","@line":37,"@message":"✅ Operations packed: result=0","@module":"flavor::psp::format_2025::operations","@pid":14159,"@timestamp":"2026-03-31T20:29:40.772281Z"}
{"@file":"src/psp/format_2025/operations.rs","@level":"debug","@line":37,"@message":"✅ Operations packed: result=13627813798726449465","@module":"flavor::psp::format_2025::operations","@pid":14159,"@timestamp":"2026-03-31T20:29:40.772284Z"}
{"@file":"src/psp/format_2025/operations.rs","@level":"debug","@line":37,"@message":"✅ Operations packed: result=37228027583889999","@module":"flavor::psp::format_2025::operations","@pid":14159,"@timestamp":"2026-03-31T20:29:40.772302Z"}
{"@file":"src/psp/format_2025/operations.rs","@level":"debug","@line":60,"@message":"✅ Operations unpacked: count=8 operations=[57, 185, 65, 90, 114, 184, 31, 189]","@module":"flavor::psp::format_2025::operations","@pid":14159,"@timestamp":"2026-03-31T20:29:40.772328Z"}
{"@file":"src/psp/format_2025/operations.rs","@level":"debug","@line":60,"@message":"✅ Operations unpacked: count=7 operations=[79, 130, 211, 159, 177, 66, 132]","@module":"flavor::psp::format_2025::operations","@pid":14159,"@timestamp":"2026-03-31T20:29:40.772333Z"}
{"@file":"src/psp/format_2025/operations.rs","@level":"debug","@line":37,"@message":"✅ Operations packed: result=8659","@module":"flavor::psp::format_2025::operations","@pid":14159,"@timestamp":"2026-03-31T20:29:40.772345Z"}
{"@file":"src/psp/format_2025/operations.rs","@level":"debug","@line":60,"@message":"✅ Operations unpacked: count=8 operations=[232, 131, 21, 19, 87, 39, 249, 201]","@module":"flavor::psp::format_2025::operations","@pid":14159,"@timestamp":"2026-03-31T20:29:40.772377Z"}
{"@file":"src/psp/format_2025/operations.rs","@level":"debug","@line":37,"@message":"✅ Operations packed: result=0","@module":"flavor::psp::format_2025::operations","@pid":14159,"@timestamp":"2026-03-31T20:29:40.772397Z"}
{"@file":"src/psp/format_2025/operations.rs","@level":"debug","@line":37,"@message":"✅ Operations packed: result=49873","@module":"flavor::psp::format_2025::operations","@pid":14159,"@timestamp":"2026-03-31T20:29:40.772400Z"}
{"@file":"src/psp/format_2025/operations.rs","@level":"debug","@line":60,"@message":"✅ Operations unpacked: count=0 operations=[]","@module":"flavor::psp::format_2025::operations","@pid":14159,"@timestamp":"2026-03-31T20:29:40.772428Z"}
{"@file":"src/psp/format_2025/operations.rs","@level":"debug","@line":37,"@message":"✅ Operations packed: result=14553706925760283624","@module":"flavor::psp::format_2025::operations","@pid":14159,"@timestamp":"2026-03-31T20:29:40.772405Z"}
{"@file":"src/psp/format_2025/operations.rs","@level":"debug","@line":60,"@message":"✅ Operations unpacked: count=8 operations=[232, 131, 21, 19, 87, 39, 249, 201]","@module":"flavor::psp::format_2025::operations","@pid":14159,"@timestamp":"2026-03-31T20:29:40.772470Z"}
{"@file":"src/psp/format_2025/operations.rs","@level":"debug","@line":37,"@message":"✅ Operations packed: result=7021","@module":"flavor::psp::format_2025::operations","@pid":14159,"@timestamp":"2026-03-31T20:29:40.772476Z"}
{"@file":"src/psp/format_2025/operations.rs","@level":"debug","@line":37,"@message":"✅ Operations packed: result=204","@module":"flavor::psp::format_2025::operations","@pid":14159,"@timestamp":"2026-03-31T20:29:40.772486Z"}
{"@file":"src/psp/format_2025/operations.rs","@level":"debug","@line":60,"@message":"✅ Operations unpacked: count=1 operations=[204]","@module":"flavor::psp::format_2025::operations","@pid":14159,"@timestamp":"2026-03-31T20:29:40.772514Z"}
{"@file":"src/psp/format_2025/operations.rs","@level":"debug","@line":60,"@message":"✅ Operations unpacked: count=8 operations=[98, 90, 219, 98, 88, 67, 13, 219]","@module":"flavor::psp::format_2025::operations","@pid":14159,"@timestamp":"2026-03-31T20:29:40.772523Z"}
{"@file":"src/psp/format_2025/operations.rs","@level":"debug","@line":37,"@message":"✅ Operations packed: result=60942979765200398","@module":"flavor::psp::format_2025::operations","@pid":14159,"@timestamp":"2026-03-31T20:29:40.772532Z"}
{"@file":"src/psp/format_2025/operations.rs","@level":"debug","@line":37,"@message":"✅ Operations packed: result=15784346315898182242","@module":"flavor::psp::format_2025::operations","@pid":14159,"@timestamp":"2026-03-31T20:29:40.772551Z"}
{"@file":"src/psp/format_2025/operations.rs","@level":"debug","@line":37,"@message":"✅ Operations packed: result=31532570611690365","@module":"flavor::psp::format_2025::operations","@pid":14159,"@timestamp":"2026-03-31T20:29:40.772566Z"}
{"@file":"src/psp/format_2025/operations.rs","@level":"debug","@line":60,"@message":"✅ Operations unpacked: count=8 operations=[98, 90, 219, 98, 88, 67, 13, 219]","@module":"flavor::psp::format_2025::operations","@pid":14159,"@timestamp":"2026-03-31T20:29:40.772574Z"}
{"@file":"src/psp/format_2025/operations.rs","@level":"debug","@line":37,"@message":"✅ Operations packed: result=11873151","@module":"flavor::psp::format_2025::operations","@pid":14159,"@timestamp":"2026-03-31T20:29:40.772588Z"}
{"@file":"src/psp/format_2025/operations.rs","@level":"debug","@line":60,"@message":"✅ Operations unpacked: count=7 operations=[125, 43, 42, 182, 180, 6, 112]","@module":"flavor::psp::format_2025::operations","@pid":14159,"@timestamp":"2026-03-31T20:29:40.772598Z"}
{"@file":"src/psp/format_2025/operations.rs","@level":"debug","@line":60,"@message":"✅ Operations unpacked: count=8 operations=[242, 48, 97, 9, 178, 48, 21, 254]","@module":"flavor::psp::format_2025::operations","@pid":14159,"@timestamp":"2026-03-31T20:29:40.772640Z"}
{"@file":"src/psp/format_2025/operations.rs","@level":"debug","@line":37,"@message":"✅ Operations packed: result=50114963773721538","@module":"flavor::psp::format_2025::operations","@pid":14159,"@timestamp":"2026-03-31T20:29:40.772653Z"}
{"@file":"src/psp/format_2025/operations.rs","@level":"debug","@line":37,"@message":"✅ Operations packed: result=0","@module":"flavor::psp::format_2025::operations","@pid":14159,"@timestamp":"2026-03-31T20:29:40.772663Z"}
{"@file":"src/psp/format_2025/operations.rs","@level":"debug","@line":37,"@message":"✅ Operations packed: result=18308593401364295922","@module":"flavor::psp::format_2025::operations","@pid":14159,"@timestamp":"2026-03-31T20:29:40.772664Z"}
{"@file":"src/psp/format_2025/operations.rs","@level":"debug","@line":60,"@message":"✅ Operations unpacked: count=0 operations=[]","@module":"flavor::psp::format_2025::operations","@pid":14159,"@timestamp":"2026-03-31T20:29:40.772683Z"}
{"@file":"src/psp/format_2025/operations.rs","@level":"debug","@line":60,"@message":"✅ Operations unpacked: count=8 operations=[242, 48, 97, 9, 178, 48, 21, 254]","@module":"flavor::psp::format_2025::operations","@pid":14159,"@timestamp":"2026-03-31T20:29:40.772692Z"}
{"@file":"src/psp/format_2025/operations.rs","@level":"debug","@line":37,"@message":"✅ Operations packed: result=7374077","@module":"flavor::psp::format_2025::operations","@pid":14159,"@timestamp":"2026-03-31T20:29:40.772703Z"}
{"@file":"src/psp/format_2025/operations.rs","@level":"debug","@line":60,"@message":"✅ Operations unpacked: count=8 operations=[181, 90, 42, 245, 74, 169, 162, 119]","@module":"flavor::psp::format_2025::operations","@pid":14159,"@timestamp":"2026-03-31T20:29:40.772742Z"}
{"@file":"src/psp/format_2025/operations.rs","@level":"debug","@line":37,"@message":"✅ Operations packed: result=38592600965968604","@module":"flavor::psp::format_2025::operations","@pid":14159,"@timestamp":"2026-03-31T20:29:40.772747Z"}
{"@file":"src/psp/format_2025/operations.rs","@level":"debug","@line":37,"@message":"✅ Operations packed: result=8620638776146418357","@module":"flavor::psp::format_2025::operations","@pid":14159,"@timestamp":"2026-03-31T20:29:40.772765Z"}
{"@file":"src/psp/format_2025/operations.rs","@level":"debug","@line":37,"@message":"✅ Operations packed: result=0","@module":"flavor::psp::format_2025::operations","@pid":14159,"@timestamp":"2026-03-31T20:29:40.772752Z"}
{"@file":"src/psp/format_2025/operations.rs","@level":"debug","@line":60,"@message":"✅ Operations unpacked: count=7 operations=[220, 242, 136, 31, 196, 27, 137]","@module":"flavor::psp::format_2025::operations","@pid":14159,"@timestamp":"2026-03-31T20:29:40.772780Z"}
{"@file":"src/psp/format_2025/operations.rs","@level":"debug","@line":60,"@message":"✅ Operations unpacked: count=8 operations=[181, 90, 42, 245, 74, 169, 162, 119]","@module":"flavor::psp::format_2025::operations","@pid":14159,"@timestamp":"2026-03-31T20:29:40.772791Z"}
{"@file":"src/psp/format_2025/operations.rs","@level":"debug","@line":37,"@message":"✅ Operations packed: result=14318762842185098737","@module":"flavor::psp::format_2025::operations","@pid":14159,"@timestamp":"2026-03-31T20:29:40.772836Z"}
{"@file":"src/psp/format_2025/operations.rs","@level":"debug","@line":37,"@message":"✅ Operations packed: result=219","@module":"flavor::psp::format_2025::operations","@pid":14159,"@timestamp":"2026-03-31T20:29:40.772845Z"}
{"@file":"src/psp/format_2025/operations.rs","@level":"debug","@line":60,"@message":"✅ Operations unpacked: count=8 operations=[202, 91, 78, 62, 170, 204, 66, 24]","@module":"flavor::psp::format_2025::operations","@pid":14159,"@timestamp":"2026-03-31T20:29:40.772849Z"}
{"@file":"src/psp/format_2025/operations.rs","@level":"debug","@line":60,"@message":"✅ Operations unpacked: count=1 operations=[219]","@module":"flavor::psp::format_2025::operations","@pid":14159,"@timestamp":"2026-03-31T20:29:40.772866Z"}
{"@file":"src/psp/format_2025/operations.rs","@level":"debug","@line":37,"@message":"✅ Operations packed: result=1748184636935003082","@module":"flavor::psp::format_2025::operations","@pid":14159,"@timestamp":"2026-03-31T20:29:40.772873Z"}
{"@file":"src/psp/format_2025/operations.rs","@level":"debug","@line":37,"@message":"✅ Operations packed: result=43835524757020819","@module":"flavor::psp::format_2025::operations","@pid":14159,"@timestamp":"2026-03-31T20:29:40.772882Z"}
{"@file":"src/psp/format_2025/operations.rs","@level":"debug","@line":60,"@message":"✅ Operations unpacked: count=8 operations=[202, 91, 78, 62, 170, 204, 66, 24]","@module":"flavor::psp::format_2025::operations","@pid":14159,"@timestamp":"2026-03-31T20:29:40.772903Z"}
{"@file":"src/psp/format_2025/operations.rs","@level":"debug","@line":37,"@message":"✅ Operations packed: result=1801","@module":"flavor::psp::format_2025::operations","@pid":14159,"@timestamp":"2026-03-31T20:29:40.772918Z"}
{"@file":"src/psp/format_2025/operations.rs","@level":"debug","@line":60,"@message":"✅ Operations unpacked: count=2 operations=[9, 7]","@module":"flavor::psp::format_2025::operations","@pid":14159,"@timestamp":"2026-03-31T20:29:40.772938Z"}
{"@file":"src/psp/format_2025/operations.rs","@level":"debug","@line":37,"@message":"✅ Operations packed: result=0","@module":"flavor::psp::format_2025::operations","@pid":14159,"@timestamp":"2026-03-31T20:29:40.772938Z"}
{"@file":"src/psp/format_2025/operations.rs","@level":"debug","@line":60,"@message":"✅ Operations unpacked: count=8 operations=[128, 200, 56, 164, 37, 250, 196, 239]","@module":"flavor::psp::format_2025::operations","@pid":14159,"@timestamp":"2026-03-31T20:29:40.772950Z"}
{"@file":"src/psp/format_2025/operations.rs","@level":"debug","@line":37,"@message":"✅ Operations packed: result=81","@module":"flavor::psp::format_2025::operations","@pid":14159,"@timestamp":"2026-03-31T20:29:40.773001Z"}
{"@file":"src/psp/format_2025/operations.rs","@level":"debug","@line":37,"@message":"✅ Operations packed: result=1203","@module":"flavor::psp::format_2025::operations","@pid":14159,"@timestamp":"2026-03-31T20:29:40.773006Z"}
{"@file":"src/psp/format_2025/operations.rs","@level":"debug","@line":37,"@message":"✅ Operations packed: result=17277209110075984000","@module":"flavor::psp::format_2025::operations","@pid":14159,"@timestamp":"2026-03-31T20:29:40.773009Z"}
{"@file":"src/psp/format_2025/operations.rs","@level":"debug","@line":60,"@message":"✅ Operations unpacked: count=1 operations=[81]","@module":"flavor::psp::format_2025::operations","@pid":14159,"@timestamp":"2026-03-31T20:29:40.773034Z"}
{"@file":"src/psp/format_2025/operations.rs","@level":"debug","@line":60,"@message":"✅ Operations unpacked: count=8 operations=[128, 200, 56, 164, 37, 250, 196, 239]","@module":"flavor::psp::format_2025::operations","@pid":14159,"@timestamp":"2026-03-31T20:29:40.773065Z"}
{"@file":"src/psp/format_2025/operations.rs","@level":"debug","@line":37,"@message":"✅ Operations packed: result=59684","@module":"flavor::psp::format_2025::operations","@pid":14159,"@timestamp":"2026-03-31T20:29:40.773083Z"}
{"@file":"src/psp/format_2025/operations.rs","@level":"debug","@line":37,"@message":"✅ Operations packed: result=87839994409","@module":"flavor::psp::format_2025::operations","@pid":14159,"@timestamp":"2026-03-31T20:29:40.773102Z"}
{"@file":"src/psp/format_2025/operations.rs","@level":"debug","@line":60,"@message":"✅ Operations unpacked: count=8 operations=[10, 160, 252, 240, 87, 60, 154, 45]","@module":"flavor::psp::format_2025::operations","@pid":14159,"@timestamp":"2026-03-31T20:29:40.773125Z"}
{"@file":"src/psp/format_2025/operations.rs","@level":"debug","@line":60,"@message":"✅ Operations unpacked: count=5 operations=[41, 242, 171, 115, 20]","@module":"flavor::psp::format_2025::operations","@pid":14159,"@timestamp":"2026-03-31T20:29:40.773139Z"}
{"@file":"src/psp/format_2025/operations.rs","@level":"debug","@line":37,"@message":"✅ Operations packed: result=0","@module":"flavor::psp::format_2025::operations","@pid":14159,"@timestamp":"2026-03-31T20:29:40.773152Z"}
{"@file":"src/psp/format_2025/operations.rs","@level":"debug","@line":37,"@message":"✅ Operations packed: result=3286005226523107338","@module":"flavor::psp::format_2025::operations","@pid":14159,"@timestamp":"2026-03-31T20:29:40.773156Z"}
{"@file":"src/psp/format_2025/operations.rs","@level":"debug","@line":60,"@message":"✅ Operations unpacked: count=8 operations=[10, 160, 252, 240, 87, 60, 154, 45]","@module":"flavor::psp::format_2025::operations","@pid":14159,"@timestamp":"2026-03-31T20:29:40.773195Z"}
{"@file":"src/psp/format_2025/operations.rs","@level":"debug","@line":37,"@message":"✅ Operations packed: result=427133362528","@module":"flavor::psp::format_2025::operations","@pid":14159,"@timestamp":"2026-03-31T20:29:40.773199Z"}
{"@file":"src/psp/format_2025/operations.rs","@level":"debug","@line":37,"@message":"✅ Operations packed: result=19507012092079","@module":"flavor::psp::format_2025::operations","@pid":14159,"@timestamp":"2026-03-31T20:29:40.773210Z"}
{"@file":"src/psp/format_2025/operations.rs","@level":"debug","@line":60,"@message":"✅ Operations unpacked: count=5 operations=[96, 225, 33, 115, 99]","@module":"flavor::psp::format_2025::operations","@pid":14159,"@timestamp":"2026-03-31T20:29:40.773234Z"}
{"@file":"src/psp/format_2025/operations.rs","@level":"debug","@line":60,"@message":"✅ Operations unpacked: count=8 operations=[154, 84, 35, 178, 35, 120, 200, 165]","@module":"flavor::psp::format_2025::operations","@pid":14159,"@timestamp":"2026-03-31T20:29:40.773250Z"}
{"@file":"src/psp/format_2025/operations.rs","@level":"debug","@line":37,"@message":"✅ Operations packed: result=11945930106308088986","@module":"flavor::psp::format_2025::operations","@pid":14159,"@timestamp":"2026-03-31T20:29:40.773273Z"}
{"@file":"src/psp/format_2025/operations.rs","@level":"debug","@line":37,"@message":"✅ Operations packed: result=54213","@module":"flavor::psp::format_2025::operations","@pid":14159,"@timestamp":"2026-03-31T20:29:40.773274Z"}
{"@file":"src/psp/format_2025/operations.rs","@level":"debug","@line":37,"@message":"✅ Operations packed: result=2615677992278253","@module":"flavor::psp::format_2025::operations","@pid":14159,"@timestamp":"2026-03-31T20:29:40.773287Z"}
{"@file":"src/psp/format_2025/operations.rs","@level":"debug","@line":60,"@message":"✅ Operations unpacked: count=8 operations=[154, 84, 35, 178, 35, 120, 200, 165]","@module":"flavor::psp::format_2025::operations","@pid":14159,"@timestamp":"2026-03-31T20:29:40.773296Z"}
{"@file":"src/psp/format_2025/operations.rs","@level":"debug","@line":60,"@message":"✅ Operations unpacked: count=7 operations=[237, 152, 147, 253, 241, 74, 9]","@module":"flavor::psp::format_2025::operations","@pid":14159,"@timestamp":"2026-03-31T20:29:40.773318Z"}
{"@file":"src/psp/format_2025/operations.rs","@level":"debug","@line":37,"@message":"✅ Operations packed: result=14314030522604897284","@module":"flavor::psp::format_2025::operations","@pid":14159,"@timestamp":"2026-03-31T20:29:40.773332Z"}
{"@file":"src/psp/format_2025/operations.rs","@level":"debug","@line":60,"@message":"✅ Operations unpacked: count=8 operations=[253, 74, 186, 243, 80, 65, 49, 187]","@module":"flavor::psp::format_2025::operations","@pid":14159,"@timestamp":"2026-03-31T20:29:40.773364Z"}
{"@file":"src/psp/format_2025/operations.rs","@level":"debug","@line":37,"@message":"✅ Operations packed: result=85","@module":"flavor::psp::format_2025::operations","@pid":14159,"@timestamp":"2026-03-31T20:29:40.773368Z"}
{"@file":"src/psp/format_2025/operations.rs","@level":"debug","@line":37,"@message":"✅ Operations packed: result=13488634174893607677","@module":"flavor::psp::format_2025::operations","@pid":14159,"@timestamp":"2026-03-31T20:29:40.773394Z"}
{"@file":"src/psp/format_2025/operations.rs","@level":"debug","@line":37,"@message":"✅ Operations packed: result=3548465526","@module":"flavor::psp::format_2025::operations","@pid":14159,"@timestamp":"2026-03-31T20:29:40.773390Z"}
{"@file":"src/psp/format_2025/operations.rs","@level":"debug","@line":60,"@message":"✅ Operations unpacked: count=8 operations=[253, 74, 186, 243, 80, 65, 49, 187]","@module":"flavor::psp::format_2025::operations","@pid":14159,"@timestamp":"2026-03-31T20:29:40.773422Z"}
{"@file":"src/psp/format_2025/operations.rs","@level":"debug","@line":60,"@message":"✅ Operations unpacked: count=1 operations=[85]","@module":"flavor::psp::format_2025::operations","@pid":14159,"@timestamp":"2026-03-31T20:29:40.773400Z"}
{"@file":"src/psp/format_2025/operations.rs","@level":"debug","@line":37,"@message":"✅ Operations packed: result=201","@module":"flavor::psp::format_2025::operations","@pid":14159,"@timestamp":"2026-03-31T20:29:40.773466Z"}
{"@file":"src/psp/format_2025/operations.rs","@level":"debug","@line":60,"@message":"✅ Operations unpacked: count=8 operations=[26, 105, 255, 77, 110, 2, 55, 170]","@module":"flavor::psp::format_2025::operations","@pid":14159,"@timestamp":"2026-03-31T20:29:40.773480Z"}
{"@file":"src/psp/format_2025/operations.rs","@level":"debug","@line":37,"@message":"✅ Operations packed: result=2303046","@module":"flavor::psp::format_2025::operations","@pid":14159,"@timestamp":"2026-03-31T20:29:40.773494Z"}
{"@file":"src/psp/format_2025/operations.rs","@level":"debug","@line":37,"@message":"✅ Operations packed: result=12265274782945077530","@module":"flavor::psp::format_2025::operations","@pid":14159,"@timestamp":"2026-03-31T20:29:40.773506Z"}
{"@file":"src/psp/format_2025/operations.rs","@level":"debug","@line":37,"@message":"✅ Operations packed: result=12424906290319847385","@module":"flavor::psp::format_2025::operations","@pid":14159,"@timestamp":"2026-03-31T20:29:40.773518Z"}
{"@file":"src/psp/format_2025/operations.rs","@level":"debug","@line":60,"@message":"✅ Operations unpacked: count=3 operations=[70, 36, 35]","@module":"flavor::psp::format_2025::operations","@pid":14159,"@timestamp":"2026-03-31T20:29:40.773521Z"}
{"@file":"src/psp/format_2025/operations.rs","@level":"debug","@line":60,"@message":"✅ Operations unpacked: count=8 operations=[26, 105, 255, 77, 110, 2, 55, 170]","@module":"flavor::psp::format_2025::operations","@pid":14159,"@timestamp":"2026-03-31T20:29:40.773532Z"}
{"@file":"src/psp/format_2025/operations.rs","@level":"debug","@line":37,"@message":"✅ Operations packed: result=1238975536","@module":"flavor::psp::format_2025::operations","@pid":14159,"@timestamp":"2026-03-31T20:29:40.773575Z"}
{"@file":"src/psp/format_2025/operations.rs","@level":"debug","@line":37,"@message":"✅ Operations packed: result=0","@module":"flavor::psp::format_2025::operations","@pid":14159,"@timestamp":"2026-03-31T20:29:40.773583Z"}
{"@file":"src/psp/format_2025/operations.rs","@level":"debug","@line":60,"@message":"✅ Operations unpacked: count=8 operations=[242, 110, 74, 41, 74, 112, 169, 163]","@module":"flavor::psp::format_2025::operations","@pid":14159,"@timestamp":"2026-03-31T20:29:40.773606Z"}
{"@file":"src/psp/format_2025/operations.rs","@level":"debug","@line":60,"@message":"✅ Operations unpacked: count=0 operations=[]","@module":"flavor::psp::format_2025::operations","@pid":14159,"@timestamp":"2026-03-31T20:29:40.773629Z"}
{"@file":"src/psp/format_2025/operations.rs","@level":"debug","@line":37,"@message":"✅ Operations packed: result=11793080563068989170","@module":"flavor::psp::format_2025::operations","@pid":14159,"@timestamp":"2026-03-31T20:29:40.773642Z"}
{"@file":"src/psp/format_2025/operations.rs","@level":"debug","@line":37,"@message":"✅ Operations packed: result=64387910882267624","@module":"flavor::psp::format_2025::operations","@pid":14159,"@timestamp":"2026-03-31T20:29:40.773644Z"}
{"@file":"src/psp/format_2025/operations.rs","@level":"debug","@line":60,"@message":"✅ Operations unpacked: count=8 operations=[242, 110, 74, 41, 74, 112, 169, 163]","@module":"flavor::psp::format_2025::operations","@pid":14159,"@timestamp":"2026-03-31T20:29:40.773668Z"}
{"@file":"src/psp/format_2025/operations.rs","@level":"debug","@line":37,"@message":"✅ Operations packed: result=214","@module":"flavor::psp::format_2025::operations","@pid":14159,"@timestamp":"2026-03-31T20:29:40.773680Z"}
{"@file":"src/psp/format_2025/operations.rs","@level":"debug","@line":60,"@message":"✅ Operations unpacked: count=1 operations=[214]","@module":"flavor::psp::format_2025::operations","@pid":14159,"@timestamp":"2026-03-31T20:29:40.773698Z"}
{"@file":"src/psp/format_2025/operations.rs","@level":"debug","@line":37,"@message":"✅ Operations packed: result=47626563001773906","@module":"flavor::psp::format_2025::operations","@pid":14159,"@timestamp":"2026-03-31T20:29:40.773711Z"}
{"@file":"src/psp/format_2025/operations.rs","@level":"debug","@line":60,"@message":"✅ Operations unpacked: count=4 operations=[173, 64, 25, 36]","@module":"flavor::psp::format_2025::operations","@pid":14159,"@timestamp":"2026-03-31T20:29:40.773722Z"}
{"@file":"src/psp/format_2025/operations.rs","@level":"debug","@line":37,"@message":"✅ Operations packed: result=605634733","@module":"flavor::psp::format_2025::operations","@pid":14159,"@timestamp":"2026-03-31T20:29:40.773743Z"}
{"@file":"src/psp/format_2025/operations.rs","@level":"debug","@line":37,"@message":"✅ Operations packed: result=925030189443","@module":"flavor::psp::format_2025::operations","@pid":14159,"@timestamp":"2026-03-31T20:29:40.773746Z"}
{"@file":"src/psp/format_2025/operations.rs","@level":"debug","@line":37,"@message":"✅ Operations packed: result=0","@module":"flavor::psp::format_2025::operations","@pid":14159,"@timestamp":"2026-03-31T20:29:40.773759Z"}
{"@file":"src/psp/format_2025/operations.rs","@level":"debug","@line":60,"@message":"✅ Operations unpacked: count=4 operations=[173, 64, 25, 36]","@module":"flavor::psp::format_2025::operations","@pid":14159,"@timestamp":"2026-03-31T20:29:40.773765Z"}
{"@file":"src/psp/format_2025/operations.rs","@level":"debug","@line":60,"@message":"✅ Operations unpacked: count=5 operations=[131, 137, 24, 96, 215]","@module":"flavor::psp::format_2025::operations","@pid":14159,"@timestamp":"2026-03-31T20:29:40.773771Z"}
{"@file":"src/psp/format_2025/operations.rs","@level":"debug","@line":37,"@message":"✅ Operations packed: result=2334924936","@module":"flavor::psp::format_2025::operations","@pid":14159,"@timestamp":"2026-03-31T20:29:40.773808Z"}
{"@file":"src/psp/format_2025/operations.rs","@level":"debug","@line":60,"@message":"✅ Operations unpacked: count=8 operations=[3, 80, 210, 39, 161, 166, 244, 196]","@module":"flavor::psp::format_2025::operations","@pid":14159,"@timestamp":"2026-03-31T20:29:40.773812Z"}
{"@file":"src/psp/format_2025/operations.rs","@level":"debug","@line":37,"@message":"✅ Operations packed: result=98026202913","@module":"flavor::psp::format_2025::operations","@pid":14159,"@timestamp":"2026-03-31T20:29:40.773818Z"}
{"@file":"src/psp/format_2025/operations.rs","@level":"debug","@line":37,"@message":"✅ Operations packed: result=14192151536839315459","@module":"flavor::psp::format_2025::operations","@pid":14159,"@timestamp":"2026-03-31T20:29:40.773843Z"}
{"@file":"src/psp/format_2025/operations.rs","@level":"debug","@line":60,"@message":"✅ Operations unpacked: count=5 operations=[33, 39, 209, 210, 22]","@module":"flavor::psp::format_2025::operations","@pid":14159,"@timestamp":"2026-03-31T20:29:40.773849Z"}
{"@file":"src/psp/format_2025/operations.rs","@level":"debug","@line":60,"@message":"✅ Operations unpacked: count=8 operations=[3, 80, 210, 39, 161, 166, 244, 196]","@module":"flavor::psp::format_2025::operations","@pid":14159,"@timestamp":"2026-03-31T20:29:40.773865Z"}
{"@file":"src/psp/format_2025/operations.rs","@level":"debug","@line":37,"@message":"✅ Operations packed: result=18288780428781431392","@module":"flavor::psp::format_2025::operations","@pid":14159,"@timestamp":"2026-03-31T20:29:40.773871Z"}
{"@file":"src/psp/format_2025/operations.rs","@level":"debug","@line":37,"@message":"✅ Operations packed: result=273130665382382","@module":"flavor::psp::format_2025::operations","@pid":14159,"@timestamp":"2026-03-31T20:29:40.773909Z"}
{"@file":"src/psp/format_2025/operations.rs","@level":"debug","@line":60,"@message":"✅ Operations unpacked: count=8 operations=[24, 144, 152, 216, 141, 14, 117, 75]","@module":"flavor::psp::format_2025::operations","@pid":14159,"@timestamp":"2026-03-31T20:29:40.773911Z"}
{"@file":"src/psp/format_2025/operations.rs","@level":"debug","@line":60,"@message":"✅ Operations unpacked: count=6 operations=[238, 145, 73, 48, 105, 248]","@module":"flavor::psp::format_2025::operations","@pid":14159,"@timestamp":"2026-03-31T20:29:40.773936Z"}
{"@file":"src/psp/format_2025/operations.rs","@level":"debug","@line":37,"@message":"✅ Operations packed: result=5437268127506796568","@module":"flavor::psp::format_2025::operations","@pid":14159,"@timestamp":"2026-03-31T20:29:40.773947Z"}
{"@file":"src/psp/format_2025/operations.rs","@level":"debug","@line":37,"@message":"✅ Operations packed: result=15998","@module":"flavor::psp::format_2025::operations","@pid":14159,"@timestamp":"2026-03-31T20:29:40.773925Z"}
{"@file":"src/psp/format_2025/operations.rs","@level":"debug","@line":60,"@message":"✅ Operations unpacked: count=8 operations=[24, 144, 152, 216, 141, 14, 117, 75]","@module":"flavor::psp::format_2025::operations","@pid":14159,"@timestamp":"2026-03-31T20:29:40.773966Z"}
{"@file":"src/psp/format_2025/operations.rs","@level":"debug","@line":37,"@message":"✅ Operations packed: result=35578550578497881","@module":"flavor::psp::format_2025::operations","@pid":14159,"@timestamp":"2026-03-31T20:29:40.773989Z"}
{"@file":"src/psp/format_2025/operations.rs","@level":"debug","@line":37,"@message":"✅ Operations packed: result=0","@module":"flavor::psp::format_2025::operations","@pid":14159,"@timestamp":"2026-03-31T20:29:40.774003Z"}
{"@file":"src/psp/format_2025/operations.rs","@level":"debug","@line":60,"@message":"✅ Operations unpacked: count=7 operations=[89, 201, 218, 212, 128, 102, 126]","@module":"flavor::psp::format_2025::operations","@pid":14159,"@timestamp":"2026-03-31T20:29:40.774009Z"}
{"@file":"src/psp/format_2025/operations.rs","@level":"debug","@line":60,"@message":"✅ Operations unpacked: count=5 operations=[152, 16, 149, 23, 19]","@module":"flavor::psp::format_2025::operations","@pid":14159,"@timestamp":"2026-03-31T20:29:40.774015Z"}
{"@file":"src/psp/format_2025/operations.rs","@level":"debug","@line":37,"@message":"✅ Operations packed: result=82000023704","@module":"flavor::psp::format_2025::operations","@pid":14159,"@timestamp":"2026-03-31T20:29:40.774036Z"}
{"@file":"src/psp/format_2025/operations.rs","@level":"debug","@line":37,"@message":"✅ Operations packed: result=16751832","@module":"flavor::psp::format_2025::operations","@pid":14159,"@timestamp":"2026-03-31T20:29:40.774051Z"}
{"@file":"src/psp/format_2025/operations.rs","@level":"debug","@line":37,"@message":"✅ Operations packed: result=60931731260687642","@module":"flavor::psp::format_2025::operations","@pid":14159,"@timestamp":"2026-03-31T20:29:40.774058Z"}
{"@file":"src/psp/format_2025/operations.rs","@level":"debug","@line":60,"@message":"✅ Operations unpacked: count=5 operations=[152, 16, 149, 23, 19]","@module":"flavor::psp::format_2025::operations","@pid":14159,"@timestamp":"2026-03-31T20:29:40.774055Z"}
{"@file":"src/psp/format_2025/operations.rs","@level":"debug","@line":60,"@message":"✅ Operations unpacked: count=7 operations=[26, 197, 87, 53, 22, 121, 216]","@module":"flavor::psp::format_2025::operations","@pid":14159,"@timestamp":"2026-03-31T20:29:40.774077Z"}
{"@file":"src/psp/format_2025/operations.rs","@level":"debug","@line":37,"@message":"✅ Operations packed: result=6843353","@module":"flavor::psp::format_2025::operations","@pid":14159,"@timestamp":"2026-03-31T20:29:40.774100Z"}
{"@file":"src/psp/format_2025/operations.rs","@level":"debug","@line":60,"@message":"✅ Operations unpacked: count=8 operations=[134, 106, 21, 252, 42, 88, 213, 153]","@module":"flavor::psp::format_2025::operations","@pid":14159,"@timestamp":"2026-03-31T20:29:40.774110Z"}
{"@file":"src/psp/format_2025/operations.rs","@level":"debug","@line":37,"@message":"✅ Operations packed: result=8123","@module":"flavor::psp::format_2025::operations","@pid":14159,"@timestamp":"2026-03-31T20:29:40.774125Z"}
{"@file":"src/psp/format_2025/operations.rs","@level":"debug","@line":37,"@message":"✅ Operations packed: result=11084862999483476614","@module":"flavor::psp::format_2025::operations","@pid":14159,"@timestamp":"2026-03-31T20:29:40.774131Z"}
{"@file":"src/psp/format_2025/operations.rs","@level":"debug","@line":60,"@message":"✅ Operations unpacked: count=2 operations=[187, 31]","@module":"flavor::psp::format_2025::operations","@pid":14159,"@timestamp":"2026-03-31T20:29:40.774144Z"}
{"@file":"src/psp/format_2025/operations.rs","@level":"debug","@line":60,"@message":"✅ Operations unpacked: count=8 operations=[134, 106, 21, 252, 42, 88, 213, 153]","@module":"flavor::psp::format_2025::operations","@pid":14159,"@timestamp":"2026-03-31T20:29:40.774149Z"}
{"@file":"src/psp/format_2025/operations.rs","@level":"debug","@line":37,"@message":"✅ Operations packed: result=100049986420002","@module":"flavor::psp::format_2025::operations","@pid":14159,"@timestamp":"2026-03-31T20:29:40.774148Z"}
{"@file":"src/psp/format_2025/operations.rs","@level":"debug","@line":37,"@message":"✅ Operations packed: result=6756078","@module":"flavor::psp::format_2025::operations","@pid":14159,"@timestamp":"2026-03-31T20:29:40.774191Z"}
{"@file":"src/psp/format_2025/operations.rs","@level":"debug","@line":60,"@message":"✅ Operations unpacked: count=8 operations=[161, 112, 55, 154, 85, 85, 199, 249]","@module":"flavor::psp::format_2025::operations","@pid":14159,"@timestamp":"2026-03-31T20:29:40.774196Z"}
{"@file":"src/psp/format_2025/operations.rs","@level":"debug","@line":37,"@message":"✅ Operations packed: result=3516914121","@module":"flavor::psp::format_2025::operations","@pid":14159,"@timestamp":"2026-03-31T20:29:40.774203Z"}
{"@file":"src/psp/format_2025/operations.rs","@level":"debug","@line":37,"@message":"✅ Operations packed: result=17998448261957382305","@module":"flavor::psp::format_2025::operations","@pid":14159,"@timestamp":"2026-03-31T20:29:40.774221Z"}
{"@file":"src/psp/format_2025/operations.rs","@level":"debug","@line":60,"@message":"✅ Operations unpacked: count=3 operations=[238, 22, 103]","@module":"flavor::psp::format_2025::operations","@pid":14159,"@timestamp":"2026-03-31T20:29:40.774210Z"}
{"@file":"src/psp/format_2025/operations.rs","@level":"debug","@line":60,"@message":"✅ Operations unpacked: count=8 operations=[161, 112, 55, 154, 85, 85, 199, 249]","@module":"flavor::psp::format_2025::operations","@pid":14159,"@timestamp":"2026-03-31T20:29:40.774247Z"}
{"@file":"src/psp/format_2025/operations.rs","@level":"debug","@line":37,"@message":"✅ Operations packed: result=57398","@module":"flavor::psp::format_2025::operations","@pid":14159,"@timestamp":"2026-03-31T20:29:40.774261Z"}
{"@file":"src/psp/format_2025/operations.rs","@level":"debug","@line":37,"@message":"✅ Operations packed: result=12512092","@module":"flavor::psp::format_2025::operations","@pid":14159,"@timestamp":"2026-03-31T20:29:40.774300Z"}
{"@file":"src/psp/format_2025/operations.rs","@level":"debug","@line":37,"@message":"✅ Operations packed: result=1181748954","@module":"flavor::psp::format_2025::operations","@pid":14159,"@timestamp":"2026-03-31T20:29:40.774314Z"}
{"@file":"src/psp/format_2025/operations.rs","@level":"debug","@line":60,"@message":"✅ Operations unpacked: count=8 operations=[214, 50, 21, 161, 60, 193, 239, 101]","@module":"flavor::psp::format_2025::operations","@pid":14159,"@timestamp":"2026-03-31T20:29:40.774308Z"}
{"@file":"src/psp/format_2025/operations.rs","@level":"debug","@line":60,"@message":"✅ Operations unpacked: count=3 operations=[92, 235, 190]","@module":"flavor::psp::format_2025::operations","@pid":14159,"@timestamp":"2026-03-31T20:29:40.774332Z"}
{"@file":"src/psp/format_2025/operations.rs","@level":"debug","@line":37,"@message":"✅ Operations packed: result=7345301983409287894","@module":"flavor::psp::format_2025::operations","@pid":14159,"@timestamp":"2026-03-31T20:29:40.774345Z"}
{"@file":"src/psp/format_2025/operations.rs","@level":"debug","@line":37,"@message":"✅ Operations packed: result=128558403826968","@module":"flavor::psp::format_2025::operations","@pid":14159,"@timestamp":"2026-03-31T20:29:40.774368Z"}
{"@file":"src/psp/format_2025/operations.rs","@level":"debug","@line":60,"@message":"✅ Operations unpacked: count=8 operations=[214, 50, 21, 161, 60, 193, 239, 101]","@module":"flavor::psp::format_2025::operations","@pid":14159,"@timestamp":"2026-03-31T20:29:40.774370Z"}
{"@file":"src/psp/format_2025/operations.rs","@level":"debug","@line":37,"@message":"✅ Operations packed: result=143","@module":"flavor::psp::format_2025::operations","@pid":14159,"@timestamp":"2026-03-31T20:29:40.774386Z"}
{"@file":"src/psp/format_2025/operations.rs","@level":"debug","@line":60,"@message":"✅ Operations unpacked: count=1 operations=[143]","@module":"flavor::psp::format_2025::operations","@pid":14159,"@timestamp":"2026-03-31T20:29:40.774414Z"}
{"@file":"src/psp/format_2025/operations.rs","@level":"debug","@line":37,"@message":"✅ Operations packed: result=3517357272","@module":"flavor::psp::format_2025::operations","@pid":14159,"@timestamp":"2026-03-31T20:29:40.774418Z"}
{"@file":"src/psp/format_2025/operations.rs","@level":"debug","@line":60,"@message":"✅ Operations unpacked: count=8 operations=[66, 16, 141, 144, 127, 36, 36, 45]","@module":"flavor::psp::format_2025::operations","@pid":14159,"@timestamp":"2026-03-31T20:29:40.774422Z"}
{"@file":"src/psp/format_2025/operations.rs","@level":"debug","@line":37,"@message":"✅ Operations packed: result=3252764961172951106","@module":"flavor::psp::format_2025::operations","@pid":14159,"@timestamp":"2026-03-31T20:29:40.774450Z"}
{"@file":"src/psp/format_2025/operations.rs","@level":"debug","@line":37,"@message":"✅ Operations packed: result=757031499055","@module":"flavor::psp::format_2025::operations","@pid":14159,"@timestamp":"2026-03-31T20:29:40.774465Z"}
{"@file":"src/psp/format_2025/operations.rs","@level":"debug","@line":60,"@message":"✅ Operations unpacked: count=8 operations=[66, 16, 141, 144, 127, 36, 36, 45]","@module":"flavor::psp::format_2025::operations","@pid":14159,"@timestamp":"2026-03-31T20:29:40.774471Z"}
{"@file":"src/psp/format_2025/operations.rs","@level":"debug","@line":37,"@message":"✅ Operations packed: result=1231324","@module":"flavor::psp::format_2025::operations","@pid":14159,"@timestamp":"2026-03-31T20:29:40.774473Z"}
{"@file":"src/psp/format_2025/operations.rs","@level":"debug","@line":60,"@message":"✅ Operations unpacked: count=5 operations=[47, 245, 151, 66, 176]","@module":"flavor::psp::format_2025::operations","@pid":14159,"@timestamp":"2026-03-31T20:29:40.774497Z"}
{"@file":"src/psp/format_2025/operations.rs","@level":"debug","@line":60,"@message":"✅ Operations unpacked: count=8 operations=[52, 180, 118, 96, 183, 114, 85, 7]","@module":"flavor::psp::format_2025::operations","@pid":14159,"@timestamp":"2026-03-31T20:29:40.774538Z"}
{"@file":"src/psp/format_2025/operations.rs","@level":"debug","@line":37,"@message":"✅ Operations packed: result=528454663208875060","@module":"flavor::psp::format_2025::operations","@pid":14159,"@timestamp":"2026-03-31T20:29:40.774559Z"}
{"@file":"src/psp/format_2025/operations.rs","@level":"debug","@line":37,"@message":"✅ Operations packed: result=523345289405","@module":"flavor::psp::format_2025::operations","@pid":14159,"@timestamp":"2026-03-31T20:29:40.774574Z"}
{"@file":"src/psp/format_2025/operations.rs","@level":"debug","@line":60,"@message":"✅ Operations unpacked: count=8 operations=[52, 180, 118, 96, 183, 114, 85, 7]","@module":"flavor::psp::format_2025::operations","@pid":14159,"@timestamp":"2026-03-31T20:29:40.774579Z"}
{"@file":"src/psp/format_2025/operations.rs","@level":"debug","@line":37,"@message":"✅ Operations packed: result=252866738411890","@module":"flavor::psp::format_2025::operations","@pid":14159,"@timestamp":"2026-03-31T20:29:40.774597Z"}
{"@file":"src/psp/format_2025/operations.rs","@level":"debug","@line":37,"@message":"✅ Operations packed: result=246784069299","@module":"flavor::psp::format_2025::operations","@pid":14159,"@timestamp":"2026-03-31T20:29:40.774623Z"}
{"@file":"src/psp/format_2025/operations.rs","@level":"debug","@line":60,"@message":"✅ Operations unpacked: count=6 operations=[114, 89, 30, 32, 251, 229]","@module":"flavor::psp::format_2025::operations","@pid":14159,"@timestamp":"2026-03-31T20:29:40.774624Z"}
{"@file":"src/psp/format_2025/operations.rs","@level":"debug","@line":60,"@message":"✅ Operations unpacked: count=8 operations=[195, 215, 55, 155, 119, 99, 211, 180]","@module":"flavor::psp::format_2025::operations","@pid":14159,"@timestamp":"2026-03-31T20:29:40.774630Z"}
{"@file":"src/psp/format_2025/operations.rs","@level":"debug","@line":37,"@message":"✅ Operations packed: result=13029867512269363139","@module":"flavor::psp::format_2025::operations","@pid":14159,"@timestamp":"2026-03-31T20:29:40.774673Z"}
{"@file":"src/psp/format_2025/operations.rs","@level":"debug","@line":37,"@message":"✅ Operations packed: result=11212849","@module":"flavor::psp::format_2025::operations","@pid":14159,"@timestamp":"2026-03-31T20:29:40.774680Z"}
{"@file":"src/psp/format_2025/operations.rs","@level":"debug","@line":37,"@message":"✅ Operations packed: result=15274961","@module":"flavor::psp::format_2025::operations","@pid":14159,"@timestamp":"2026-03-31T20:29:40.774691Z"}
{"@file":"src/psp/format_2025/operations.rs","@level":"debug","@line":60,"@message":"✅ Operations unpacked: count=8 operations=[195, 215, 55, 155, 119, 99, 211, 180]","@module":"flavor::psp::format_2025::operations","@pid":14159,"@timestamp":"2026-03-31T20:29:40.774692Z"}
{"@file":"src/psp/format_2025/operations.rs","@level":"debug","@line":60,"@message":"✅ Operations unpacked: count=3 operations=[209, 19, 233]","@module":"flavor::psp::format_2025::operations","@pid":14159,"@timestamp":"2026-03-31T20:29:40.774713Z"}
{"@file":"src/psp/format_2025/operations.rs","@level":"debug","@line":37,"@message":"✅ Operations packed: result=30374","@module":"flavor::psp::format_2025::operations","@pid":14159,"@timestamp":"2026-03-31T20:29:40.774725Z"}
{"@file":"src/psp/format_2025/operations.rs","@level":"debug","@line":60,"@message":"✅ Operations unpacked: count=8 operations=[62, 178, 166, 183, 11, 240, 228, 55]","@module":"flavor::psp::format_2025::operations","@pid":14159,"@timestamp":"2026-03-31T20:29:40.774750Z"}
{"@file":"src/psp/format_2025/operations.rs","@level":"debug","@line":37,"@message":"✅ Operations packed: result=487234149","@module":"flavor::psp::format_2025::operations","@pid":14159,"@timestamp":"2026-03-31T20:29:40.774759Z"}
{"@file":"src/psp/format_2025/operations.rs","@level":"debug","@line":37,"@message":"✅ Operations packed: result=0","@module":"flavor::psp::format_2025::operations","@pid":14159,"@timestamp":"2026-03-31T20:29:40.774771Z"}
{"@file":"src/psp/format_2025/operations.rs","@level":"debug","@line":60,"@message":"✅ Operations unpacked: count=4 operations=[101, 154, 10, 29]","@module":"flavor::psp::format_2025::operations","@pid":14159,"@timestamp":"2026-03-31T20:29:40.774777Z"}
{"@file":"src/psp/format_2025/operations.rs","@level":"debug","@line":37,"@message":"✅ Operations packed: result=4027607899892527678","@module":"flavor::psp::format_2025::operations","@pid":14159,"@timestamp":"2026-03-31T20:29:40.774771Z"}
{"@file":"src/psp/format_2025/operations.rs","@level":"debug","@line":60,"@message":"✅ Operations unpacked: count=8 operations=[62, 178, 166, 183, 11, 240, 228, 55]","@module":"flavor::psp::format_2025::operations","@pid":14159,"@timestamp":"2026-03-31T20:29:40.774804Z"}
{"@file":"src/psp/format_2025/operations.rs","@level":"debug","@line":37,"@message":"✅ Operations packed: result=82","@module":"flavor::psp::format_2025::operations","@pid":14159,"@timestamp":"2026-03-31T20:29:40.774820Z"}
{"@file":"src/psp/format_2025/operations.rs","@level":"debug","@line":37,"@message":"✅ Operations packed: result=2561403559","@module":"flavor::psp::format_2025::operations","@pid":14159,"@timestamp":"2026-03-31T20:29:40.774825Z"}
{"@file":"src/psp/format_2025/operations.rs","@level":"debug","@line":60,"@message":"✅ Operations unpacked: count=4 operations=[167, 234, 171, 152]","@module":"flavor::psp::format_2025::operations","@pid":14159,"@timestamp":"2026-03-31T20:29:40.774849Z"}
{"@file":"src/psp/format_2025/operations.rs","@level":"debug","@line":60,"@message":"✅ Operations unpacked: count=8 operations=[249, 112, 148, 196, 112, 167, 170, 222]","@module":"flavor::psp::format_2025::operations","@pid":14159,"@timestamp":"2026-03-31T20:29:40.774852Z"}
{"@file":"src/psp/format_2025/operations.rs","@level":"debug","@line":37,"@message":"✅ Operations packed: result=687972040500","@module":"flavor::psp::format_2025::operations","@pid":14159,"@timestamp":"2026-03-31T20:29:40.774871Z"}
{"@file":"src/psp/format_2025/operations.rs","@level":"debug","@line":37,"@message":"✅ Operations packed: result=16044820725237051641","@module":"flavor::psp::format_2025::operations","@pid":14159,"@timestamp":"2026-03-31T20:29:40.774875Z"}
{"@file":"src/psp/format_2025/operations.rs","@level":"debug","@line":37,"@message":"✅ Operations packed: result=123050907436","@module":"flavor::psp::format_2025::operations","@pid":14159,"@timestamp":"2026-03-31T20:29:40.774898Z"}
{"@file":"src/psp/format_2025/operations.rs","@level":"debug","@line":60,"@message":"✅ Operations unpacked: count=8 operations=[249, 112, 148, 196, 112, 167, 170, 222]","@module":"flavor::psp::format_2025::operations","@pid":14159,"@timestamp":"2026-03-31T20:29:40.774898Z"}
{"@file":"src/psp/format_2025/operations.rs","@level":"debug","@line":60,"@message":"✅ Operations unpacked: count=5 operations=[44, 215, 103, 166, 28]","@module":"flavor::psp::format_2025::operations","@pid":14159,"@timestamp":"2026-03-31T20:29:40.774919Z"}
{"@file":"src/psp/format_2025/operations.rs","@level":"debug","@line":37,"@message":"✅ Operations packed: result=166216659050285","@module":"flavor::psp::format_2025::operations","@pid":14159,"@timestamp":"2026-03-31T20:29:40.774920Z"}
{"@file":"src/psp/format_2025/operations.rs","@level":"debug","@line":60,"@message":"✅ Operations unpacked: count=8 operations=[176, 92, 66, 62, 174, 99, 131, 111]","@module":"flavor::psp::format_2025::operations","@pid":14159,"@timestamp":"2026-03-31T20:29:40.774952Z"}
test psp::format_2025::operations::tests::prop_pack_high_bytes_zero ... {"@file":"src/psp/format_2025/operations.rs","@level":"debug","@line":37,"@message":"✅ Operations packed: result=0","@module":"flavor::psp::format_2025::operations","@pid":14159,"@timestamp":"2026-03-31T20:29:40.774966Z"}
ok{"@file":"src/psp/format_2025/operations.rs","@level":"debug","@line":37,"@message":"✅ Operations packed: result=8035375760179092656","@module":"flavor::psp::format_2025::operations","@pid":14159,"@timestamp":"2026-03-31T20:29:40.774974Z"}

{"@file":"src/psp/format_2025/operations.rs","@level":"debug","@line":60,"@message":"✅ Operations unpacked: count=0 operations=[]","@module":"flavor::psp::format_2025::operations","@pid":14159,"@timestamp":"2026-03-31T20:29:40.774989Z"}
{"@file":"src/psp/format_2025/operations.rs","@level":"debug","@line":60,"@message":"✅ Operations unpacked: count=8 operations=[176, 92, 66, 62, 174, 99, 131, 111]","@module":"flavor::psp::format_2025::operations","@pid":14159,"@timestamp":"2026-03-31T20:29:40.775000Z"}
{"@file":"src/psp/format_2025/operations.rs","@level":"debug","@line":37,"@message":"✅ Operations packed: result=16839139861822158701","@module":"flavor::psp::format_2025::operations","@pid":14159,"@timestamp":"2026-03-31T20:29:40.775040Z"}
{"@file":"src/psp/format_2025/operations.rs","@level":"debug","@line":60,"@message":"✅ Operations unpacked: count=8 operations=[113, 130, 163, 90, 192, 162, 18, 11]","@module":"flavor::psp::format_2025::operations","@pid":14159,"@timestamp":"2026-03-31T20:29:40.775047Z"}
{"@file":"src/psp/format_2025/operations.rs","@level":"debug","@line":60,"@message":"✅ Operations unpacked: count=8 operations=[109, 183, 7, 155, 124, 164, 176, 233]","@module":"flavor::psp::format_2025::operations","@pid":14159,"@timestamp":"2026-03-31T20:29:40.775059Z"}
{"@file":"src/psp/format_2025/operations.rs","@level":"debug","@line":37,"@message":"✅ Operations packed: result=797879031036084849","@module":"flavor::psp::format_2025::operations","@pid":14159,"@timestamp":"2026-03-31T20:29:40.775070Z"}
{"@file":"src/psp/format_2025/operations.rs","@level":"debug","@line":60,"@message":"✅ Operations unpacked: count=8 operations=[113, 130, 163, 90, 192, 162, 18, 11]","@module":"flavor::psp::format_2025::operations","@pid":14159,"@timestamp":"2026-03-31T20:29:40.775090Z"}
{"@file":"src/psp/format_2025/operations.rs","@level":"debug","@line":37,"@message":"✅ Operations packed: result=3603920417","@module":"flavor::psp::format_2025::operations","@pid":14159,"@timestamp":"2026-03-31T20:29:40.775106Z"}
{"@file":"src/psp/format_2025/operations.rs","@level":"debug","@line":60,"@message":"✅ Operations unpacked: count=4 operations=[33, 118, 207, 214]","@module":"flavor::psp::format_2025::operations","@pid":14159,"@timestamp":"2026-03-31T20:29:40.775126Z"}
{"@file":"src/psp/format_2025/operations.rs","@level":"debug","@line":60,"@message":"✅ Operations unpacked: count=8 operations=[132, 247, 159, 15, 63, 216, 234, 161]","@module":"flavor::psp::format_2025::operations","@pid":14159,"@timestamp":"2026-03-31T20:29:40.775137Z"}
{"@file":"src/psp/format_2025/operations.rs","@level":"debug","@line":37,"@message":"✅ Operations packed: result=11667375550013372292","@module":"flavor::psp::format_2025::operations","@pid":14159,"@timestamp":"2026-03-31T20:29:40.775157Z"}
{"@file":"src/psp/format_2025/operations.rs","@level":"debug","@line":37,"@message":"✅ Operations packed: result=804436259535","@module":"flavor::psp::format_2025::operations","@pid":14159,"@timestamp":"2026-03-31T20:29:40.775173Z"}
{"@file":"src/psp/format_2025/operations.rs","@level":"debug","@line":60,"@message":"✅ Operations unpacked: count=8 operations=[132, 247, 159, 15, 63, 216, 234, 161]","@module":"flavor::psp::format_2025::operations","@pid":14159,"@timestamp":"2026-03-31T20:29:40.775175Z"}
{"@file":"src/psp/format_2025/operations.rs","@level":"debug","@line":60,"@message":"✅ Operations unpacked: count=5 operations=[207, 50, 35, 76, 187]","@module":"flavor::psp::format_2025::operations","@pid":14159,"@timestamp":"2026-03-31T20:29:40.775195Z"}
{"@file":"src/psp/format_2025/operations.rs","@level":"debug","@line":60,"@message":"✅ Operations unpacked: count=8 operations=[45, 36, 89, 190, 38, 23, 206, 52]","@module":"flavor::psp::format_2025::operations","@pid":14159,"@timestamp":"2026-03-31T20:29:40.775228Z"}
{"@file":"src/psp/format_2025/operations.rs","@level":"debug","@line":37,"@message":"✅ Operations packed: result=105","@module":"flavor::psp::format_2025::operations","@pid":14159,"@timestamp":"2026-03-31T20:29:40.775239Z"}
{"@file":"src/psp/format_2025/operations.rs","@level":"debug","@line":37,"@message":"✅ Operations packed: result=3805004190344356909","@module":"flavor::psp::format_2025::operations","@pid":14159,"@timestamp":"2026-03-31T20:29:40.775251Z"}
{"@file":"src/psp/format_2025/operations.rs","@level":"debug","@line":60,"@message":"✅ Operations unpacked: count=1 operations=[105]","@module":"flavor::psp::format_2025::operations","@pid":14159,"@timestamp":"2026-03-31T20:29:40.775261Z"}
{"@file":"src/psp/format_2025/operations.rs","@level":"debug","@line":60,"@message":"✅ Operations unpacked: count=8 operations=[45, 36, 89, 190, 38, 23, 206, 52]","@module":"flavor::psp::format_2025::operations","@pid":14159,"@timestamp":"2026-03-31T20:29:40.775271Z"}
{"@file":"src/psp/format_2025/operations.rs","@level":"debug","@line":37,"@message":"✅ Operations packed: result=185839410149017","@module":"flavor::psp::format_2025::operations","@pid":14159,"@timestamp":"2026-03-31T20:29:40.775307Z"}
{"@file":"src/psp/format_2025/operations.rs","@level":"debug","@line":60,"@message":"✅ Operations unpacked: count=8 operations=[233, 216, 232, 62, 238, 190, 121, 249]","@module":"flavor::psp::format_2025::operations","@pid":14159,"@timestamp":"2026-03-31T20:29:40.775318Z"}
{"@file":"src/psp/format_2025/operations.rs","@level":"debug","@line":60,"@message":"✅ Operations unpacked: count=6 operations=[153, 246, 6, 28, 5, 169]","@module":"flavor::psp::format_2025::operations","@pid":14159,"@timestamp":"2026-03-31T20:29:40.775327Z"}
{"@file":"src/psp/format_2025/operations.rs","@level":"debug","@line":37,"@message":"✅ Operations packed: result=17976609318092986601","@module":"flavor::psp::format_2025::operations","@pid":14159,"@timestamp":"2026-03-31T20:29:40.775336Z"}
{"@file":"src/psp/format_2025/operations.rs","@level":"debug","@line":60,"@message":"✅ Operations unpacked: count=8 operations=[233, 216, 232, 62, 238, 190, 121, 249]","@module":"flavor::psp::format_2025::operations","@pid":14159,"@timestamp":"2026-03-31T20:29:40.775357Z"}
{"@file":"src/psp/format_2025/operations.rs","@level":"debug","@line":37,"@message":"✅ Operations packed: result=0","@module":"flavor::psp::format_2025::operations","@pid":14159,"@timestamp":"2026-03-31T20:29:40.775376Z"}
{"@file":"src/psp/format_2025/operations.rs","@level":"debug","@line":60,"@message":"✅ Operations unpacked: count=0 operations=[]","@module":"flavor::psp::format_2025::operations","@pid":14159,"@timestamp":"2026-03-31T20:29:40.775393Z"}
{"@file":"src/psp/format_2025/operations.rs","@level":"debug","@line":60,"@message":"✅ Operations unpacked: count=8 operations=[156, 150, 109, 186, 104, 81, 209, 135]","@module":"flavor::psp::format_2025::operations","@pid":14159,"@timestamp":"2026-03-31T20:29:40.775406Z"}
{"@file":"src/psp/format_2025/operations.rs","@level":"debug","@line":37,"@message":"✅ Operations packed: result=9786692975498991260","@module":"flavor::psp::format_2025::operations","@pid":14159,"@timestamp":"2026-03-31T20:29:40.775425Z"}
{"@file":"src/psp/format_2025/operations.rs","@level":"debug","@line":37,"@message":"✅ Operations packed: result=189","@module":"flavor::psp::format_2025::operations","@pid":14159,"@timestamp":"2026-03-31T20:29:40.775437Z"}
{"@file":"src/psp/format_2025/operations.rs","@level":"debug","@line":60,"@message":"✅ Operations unpacked: count=8 operations=[156, 150, 109, 186, 104, 81, 209, 135]","@module":"flavor::psp::format_2025::operations","@pid":14159,"@timestamp":"2026-03-31T20:29:40.775443Z"}
{"@file":"src/psp/format_2025/operations.rs","@level":"debug","@line":60,"@message":"✅ Operations unpacked: count=1 operations=[189]","@module":"flavor::psp::format_2025::operations","@pid":14159,"@timestamp":"2026-03-31T20:29:40.775455Z"}
{"@file":"src/psp/format_2025/operations.rs","@level":"debug","@line":60,"@message":"✅ Operations unpacked: count=8 operations=[25, 88, 9, 175, 254, 65, 113, 23]","@module":"flavor::psp::format_2025::operations","@pid":14159,"@timestamp":"2026-03-31T20:29:40.775489Z"}
{"@file":"src/psp/format_2025/operations.rs","@level":"debug","@line":37,"@message":"✅ Operations packed: result=54463","@module":"flavor::psp::format_2025::operations","@pid":14159,"@timestamp":"2026-03-31T20:29:40.775500Z"}
{"@file":"src/psp/format_2025/operations.rs","@level":"debug","@line":37,"@message":"✅ Operations packed: result=1689203897354770457","@module":"flavor::psp::format_2025::operations","@pid":14159,"@timestamp":"2026-03-31T20:29:40.775509Z"}
{"@file":"src/psp/format_2025/operations.rs","@level":"debug","@line":60,"@message":"✅ Operations unpacked: count=2 operations=[191, 212]","@module":"flavor::psp::format_2025::operations","@pid":14159,"@timestamp":"2026-03-31T20:29:40.775518Z"}
{"@file":"src/psp/format_2025/operations.rs","@level":"debug","@line":60,"@message":"✅ Operations unpacked: count=8 operations=[25, 88, 9, 175, 254, 65, 113, 23]","@module":"flavor::psp::format_2025::operations","@pid":14159,"@timestamp":"2026-03-31T20:29:40.775526Z"}
{"@file":"src/psp/format_2025/operations.rs","@level":"debug","@line":37,"@message":"✅ Operations packed: result=14631803","@module":"flavor::psp::format_2025::operations","@pid":14159,"@timestamp":"2026-03-31T20:29:40.775570Z"}
{"@file":"src/psp/format_2025/operations.rs","@level":"debug","@line":60,"@message":"✅ Operations unpacked: count=1 operations=[231]","@module":"flavor::psp::format_2025::operations","@pid":14159,"@timestamp":"2026-03-31T20:29:40.775578Z"}
{"@file":"src/psp/format_2025/operations.rs","@level":"debug","@line":60,"@message":"✅ Operations unpacked: count=3 operations=[123, 67, 223]","@module":"flavor::psp::format_2025::operations","@pid":14159,"@timestamp":"2026-03-31T20:29:40.775591Z"}
{"@file":"src/psp/format_2025/operations.rs","@level":"debug","@line":37,"@message":"✅ Operations packed: result=231","@module":"flavor::psp::format_2025::operations","@pid":14159,"@timestamp":"2026-03-31T20:29:40.775596Z"}
{"@file":"src/psp/format_2025/operations.rs","@level":"debug","@line":60,"@message":"✅ Operations unpacked: count=1 operations=[231]","@module":"flavor::psp::format_2025::operations","@pid":14159,"@timestamp":"2026-03-31T20:29:40.775621Z"}
{"@file":"src/psp/format_2025/operations.rs","@level":"debug","@line":37,"@message":"✅ Operations packed: result=103076759993","@module":"flavor::psp::format_2025::operations","@pid":14159,"@timestamp":"2026-03-31T20:29:40.775641Z"}
{"@file":"src/psp/format_2025/operations.rs","@level":"debug","@line":60,"@message":"✅ Operations unpacked: count=5 operations=[185, 137, 218, 255, 23]","@module":"flavor::psp::format_2025::operations","@pid":14159,"@timestamp":"2026-03-31T20:29:40.775663Z"}
{"@file":"src/psp/format_2025/operations.rs","@level":"debug","@line":60,"@message":"✅ Operations unpacked: count=8 operations=[166, 132, 173, 213, 45, 82, 86, 34]","@module":"flavor::psp::format_2025::operations","@pid":14159,"@timestamp":"2026-03-31T20:29:40.775669Z"}
{"@file":"src/psp/format_2025/operations.rs","@level":"debug","@line":37,"@message":"✅ Operations packed: result=2474255402098590886","@module":"flavor::psp::format_2025::operations","@pid":14159,"@timestamp":"2026-03-31T20:29:40.775690Z"}
{"@file":"src/psp/format_2025/operations.rs","@level":"debug","@line":37,"@message":"✅ Operations packed: result=25","@module":"flavor::psp::format_2025::operations","@pid":14159,"@timestamp":"2026-03-31T20:29:40.775708Z"}
{"@file":"src/psp/format_2025/operations.rs","@level":"debug","@line":60,"@message":"✅ Operations unpacked: count=8 operations=[166, 132, 173, 213, 45, 82, 86, 34]","@module":"flavor::psp::format_2025::operations","@pid":14159,"@timestamp":"2026-03-31T20:29:40.775709Z"}
{"@file":"src/psp/format_2025/operations.rs","@level":"debug","@line":60,"@message":"✅ Operations unpacked: count=1 operations=[25]","@module":"flavor::psp::format_2025::operations","@pid":14159,"@timestamp":"2026-03-31T20:29:40.775732Z"}
{"@file":"src/psp/format_2025/operations.rs","@level":"debug","@line":60,"@message":"✅ Operations unpacked: count=8 operations=[50, 97, 120, 73, 136, 234, 215, 55]","@module":"flavor::psp::format_2025::operations","@pid":14159,"@timestamp":"2026-03-31T20:29:40.775767Z"}
{"@file":"src/psp/format_2025/operations.rs","@level":"debug","@line":37,"@message":"✅ Operations packed: result=1235192379","@module":"flavor::psp::format_2025::operations","@pid":14159,"@timestamp":"2026-03-31T20:29:40.775781Z"}
{"@file":"src/psp/format_2025/operations.rs","@level":"debug","@line":37,"@message":"✅ Operations packed: result=4023942663147905330","@module":"flavor::psp::format_2025::operations","@pid":14159,"@timestamp":"2026-03-31T20:29:40.775789Z"}
{"@file":"src/psp/format_2025/operations.rs","@level":"debug","@line":60,"@message":"✅ Operations unpacked: count=4 operations=[59, 138, 159, 73]","@module":"flavor::psp::format_2025::operations","@pid":14159,"@timestamp":"2026-03-31T20:29:40.775802Z"}
{"@file":"src/psp/format_2025/operations.rs","@level":"debug","@line":60,"@message":"✅ Operations unpacked: count=8 operations=[50, 97, 120, 73, 136, 234, 215, 55]","@module":"flavor::psp::format_2025::operations","@pid":14159,"@timestamp":"2026-03-31T20:29:40.775810Z"}
{"@file":"src/psp/format_2025/operations.rs","@level":"debug","@line":37,"@message":"✅ Operations packed: result=26","@module":"flavor::psp::format_2025::operations","@pid":14159,"@timestamp":"2026-03-31T20:29:40.775849Z"}
{"@file":"src/psp/format_2025/operations.rs","@level":"debug","@line":60,"@message":"✅ Operations unpacked: count=8 operations=[200, 229, 208, 25, 37, 41, 11, 43]","@module":"flavor::psp::format_2025::operations","@pid":14159,"@timestamp":"2026-03-31T20:29:40.775860Z"}
{"@file":"src/psp/format_2025/operations.rs","@level":"debug","@line":60,"@message":"✅ Operations unpacked: count=1 operations=[26]","@module":"flavor::psp::format_2025::operations","@pid":14159,"@timestamp":"2026-03-31T20:29:40.775870Z"}
{"@file":"src/psp/format_2025/operations.rs","@level":"debug","@line":37,"@message":"✅ Operations packed: result=3101618007698367944","@module":"flavor::psp::format_2025::operations","@pid":14159,"@timestamp":"2026-03-31T20:29:40.775883Z"}
{"@file":"src/psp/format_2025/operations.rs","@level":"debug","@line":60,"@message":"✅ Operations unpacked: count=8 operations=[200, 229, 208, 25, 37, 41, 11, 43]","@module":"flavor::psp::format_2025::operations","@pid":14159,"@timestamp":"2026-03-31T20:29:40.775902Z"}
{"@file":"src/psp/format_2025/operations.rs","@level":"debug","@line":37,"@message":"✅ Operations packed: result=0","@module":"flavor::psp::format_2025::operations","@pid":14159,"@timestamp":"2026-03-31T20:29:40.775918Z"}
{"@file":"src/psp/format_2025/operations.rs","@level":"debug","@line":60,"@message":"✅ Operations unpacked: count=0 operations=[]","@module":"flavor::psp::format_2025::operations","@pid":14159,"@timestamp":"2026-03-31T20:29:40.775941Z"}
{"@file":"src/psp/format_2025/operations.rs","@level":"debug","@line":60,"@message":"✅ Operations unpacked: count=8 operations=[31, 32, 140, 114, 143, 50, 193, 244]","@module":"flavor::psp::format_2025::operations","@pid":14159,"@timestamp":"2026-03-31T20:29:40.775951Z"}
{"@file":"src/psp/format_2025/operations.rs","@level":"debug","@line":37,"@message":"✅ Operations packed: result=17636433207443071007","@module":"flavor::psp::format_2025::operations","@pid":14159,"@timestamp":"2026-03-31T20:29:40.775971Z"}
{"@file":"src/psp/format_2025/operations.rs","@level":"debug","@line":37,"@message":"✅ Operations packed: result=7342057892854523","@module":"flavor::psp::format_2025::operations","@pid":14159,"@timestamp":"2026-03-31T20:29:40.775990Z"}
{"@file":"src/psp/format_2025/operations.rs","@level":"debug","@line":60,"@message":"✅ Operations unpacked: count=8 operations=[31, 32, 140, 114, 143, 50, 193, 244]","@module":"flavor::psp::format_2025::operations","@pid":14159,"@timestamp":"2026-03-31T20:29:40.775990Z"}
{"@file":"src/psp/format_2025/operations.rs","@level":"debug","@line":60,"@message":"✅ Operations unpacked: count=7 operations=[251, 186, 159, 16, 144, 21, 26]","@module":"flavor::psp::format_2025::operations","@pid":14159,"@timestamp":"2026-03-31T20:29:40.776011Z"}
{"@file":"src/psp/format_2025/operations.rs","@level":"debug","@line":60,"@message":"✅ Operations unpacked: count=8 operations=[53, 127, 215, 59, 166, 63, 224, 94]","@module":"flavor::psp::format_2025::operations","@pid":14159,"@timestamp":"2026-03-31T20:29:40.776045Z"}
{"@file":"src/psp/format_2025/operations.rs","@level":"debug","@line":37,"@message":"✅ Operations packed: result=0","@module":"flavor::psp::format_2025::operations","@pid":14159,"@timestamp":"2026-03-31T20:29:40.776058Z"}
{"@file":"src/psp/format_2025/operations.rs","@level":"debug","@line":37,"@message":"✅ Operations packed: result=6836534217549512501","@module":"flavor::psp::format_2025::operations","@pid":14159,"@timestamp":"2026-03-31T20:29:40.776066Z"}
{"@file":"src/psp/format_2025/operations.rs","@level":"debug","@line":60,"@message":"✅ Operations unpacked: count=0 operations=[]","@module":"flavor::psp::format_2025::operations","@pid":14159,"@timestamp":"2026-03-31T20:29:40.776078Z"}
{"@file":"src/psp/format_2025/operations.rs","@level":"debug","@line":60,"@message":"✅ Operations unpacked: count=8 operations=[53, 127, 215, 59, 166, 63, 224, 94]","@module":"flavor::psp::format_2025::operations","@pid":14159,"@timestamp":"2026-03-31T20:29:40.776084Z"}
{"@file":"src/psp/format_2025/operations.rs","@level":"debug","@line":37,"@message":"✅ Operations packed: result=54370","@module":"flavor::psp::format_2025::operations","@pid":14159,"@timestamp":"2026-03-31T20:29:40.776125Z"}
{"@file":"src/psp/format_2025/operations.rs","@level":"debug","@line":60,"@message":"✅ Operations unpacked: count=8 operations=[74, 166, 93, 170, 125, 184, 151, 59]","@module":"flavor::psp::format_2025::operations","@pid":14159,"@timestamp":"2026-03-31T20:29:40.776131Z"}
{"@file":"src/psp/format_2025/operations.rs","@level":"debug","@line":60,"@message":"✅ Operations unpacked: count=2 operations=[98, 212]","@module":"flavor::psp::format_2025::operations","@pid":14159,"@timestamp":"2026-03-31T20:29:40.776145Z"}
{"@file":"src/psp/format_2025/operations.rs","@level":"debug","@line":37,"@message":"✅ Operations packed: result=4294103619589744202","@module":"flavor::psp::format_2025::operations","@pid":14159,"@timestamp":"2026-03-31T20:29:40.776151Z"}
{"@file":"src/psp/format_2025/operations.rs","@level":"debug","@line":60,"@message":"✅ Operations unpacked: count=8 operations=[74, 166, 93, 170, 125, 184, 151, 59]","@module":"flavor::psp::format_2025::operations","@pid":14159,"@timestamp":"2026-03-31T20:29:40.776169Z"}
{"@file":"src/psp/format_2025/operations.rs","@level":"debug","@line":37,"@message":"✅ Operations packed: result=2285161421","@module":"flavor::psp::format_2025::operations","@pid":14159,"@timestamp":"2026-03-31T20:29:40.776204Z"}
{"@file":"src/psp/format_2025/operations.rs","@level":"debug","@line":60,"@message":"✅ Operations unpacked: count=8 operations=[66, 170, 139, 44, 76, 184, 253, 96]","@module":"flavor::psp::format_2025::operations","@pid":14159,"@timestamp":"2026-03-31T20:29:40.776216Z"}
{"@file":"src/psp/format_2025/operations.rs","@level":"debug","@line":60,"@message":"✅ Operations unpacked: count=4 operations=[205, 203, 52, 136]","@module":"flavor::psp::format_2025::operations","@pid":14159,"@timestamp":"2026-03-31T20:29:40.776231Z"}
{"@file":"src/psp/format_2025/operations.rs","@level":"debug","@line":37,"@message":"✅ Operations packed: result=6988944834053253698","@module":"flavor::psp::format_2025::operations","@pid":14159,"@timestamp":"2026-03-31T20:29:40.776242Z"}
{"@file":"src/psp/format_2025/operations.rs","@level":"debug","@line":60,"@message":"✅ Operations unpacked: count=8 operations=[66, 170, 139, 44, 76, 184, 253, 96]","@module":"flavor::psp::format_2025::operations","@pid":14159,"@timestamp":"2026-03-31T20:29:40.776267Z"}
{"@file":"src/psp/format_2025/operations.rs","@level":"debug","@line":37,"@message":"✅ Operations packed: result=586","@module":"flavor::psp::format_2025::operations","@pid":14159,"@timestamp":"2026-03-31T20:29:40.776284Z"}
{"@file":"src/psp/format_2025/operations.rs","@level":"debug","@line":60,"@message":"✅ Operations unpacked: count=2 operations=[74, 2]","@module":"flavor::psp::format_2025::operations","@pid":14159,"@timestamp":"2026-03-31T20:29:40.776310Z"}
{"@file":"src/psp/format_2025/operations.rs","@level":"debug","@line":60,"@message":"✅ Operations unpacked: count=8 operations=[251, 38, 88, 78, 95, 232, 186, 60]","@module":"flavor::psp::format_2025::operations","@pid":14159,"@timestamp":"2026-03-31T20:29:40.776318Z"}
{"@file":"src/psp/format_2025/operations.rs","@level":"debug","@line":37,"@message":"✅ Operations packed: result=4376065483977795323","@module":"flavor::psp::format_2025::operations","@pid":14159,"@timestamp":"2026-03-31T20:29:40.776344Z"}
{"@file":"src/psp/format_2025/operations.rs","@level":"debug","@line":37,"@message":"✅ Operations packed: result=424362454861506","@module":"flavor::psp::format_2025::operations","@pid":14159,"@timestamp":"2026-03-31T20:29:40.776357Z"}
{"@file":"src/psp/format_2025/operations.rs","@level":"debug","@line":60,"@message":"✅ Operations unpacked: count=8 operations=[251, 38, 88, 78, 95, 232, 186, 60]","@module":"flavor::psp::format_2025::operations","@pid":14159,"@timestamp":"2026-03-31T20:29:40.776364Z"}
{"@file":"src/psp/format_2025/operations.rs","@level":"debug","@line":60,"@message":"✅ Operations unpacked: count=7 operations=[194, 198, 96, 149, 244, 129, 1]","@module":"flavor::psp::format_2025::operations","@pid":14159,"@timestamp":"2026-03-31T20:29:40.776390Z"}
{"@file":"src/psp/format_2025/operations.rs","@level":"debug","@line":60,"@message":"✅ Operations unpacked: count=8 operations=[35, 254, 250, 242, 153, 31, 115, 177]","@module":"flavor::psp::format_2025::operations","@pid":14159,"@timestamp":"2026-03-31T20:29:40.776429Z"}
{"@file":"src/psp/format_2025/operations.rs","@level":"debug","@line":37,"@message":"✅ Operations packed: result=58987009500167","@module":"flavor::psp::format_2025::operations","@pid":14159,"@timestamp":"2026-03-31T20:29:40.776444Z"}
{"@file":"src/psp/format_2025/operations.rs","@level":"debug","@line":37,"@message":"✅ Operations packed: result=12786598513101962787","@module":"flavor::psp::format_2025::operations","@pid":14159,"@timestamp":"2026-03-31T20:29:40.776457Z"}
{"@file":"src/psp/format_2025/operations.rs","@level":"debug","@line":60,"@message":"✅ Operations unpacked: count=6 operations=[7, 100, 191, 251, 165, 53]","@module":"flavor::psp::format_2025::operations","@pid":14159,"@timestamp":"2026-03-31T20:29:40.776469Z"}
{"@file":"src/psp/format_2025/operations.rs","@level":"debug","@line":60,"@message":"✅ Operations unpacked: count=8 operations=[35, 254, 250, 242, 153, 31, 115, 177]","@module":"flavor::psp::format_2025::operations","@pid":14159,"@timestamp":"2026-03-31T20:29:40.776483Z"}
{"@file":"src/psp/format_2025/operations.rs","@level":"debug","@line":37,"@message":"✅ Operations packed: result=45906","@module":"flavor::psp::format_2025::operations","@pid":14159,"@timestamp":"2026-03-31T20:29:40.776522Z"}
{"@file":"src/psp/format_2025/operations.rs","@level":"debug","@line":60,"@message":"✅ Operations unpacked: count=8 operations=[123, 111, 12, 160, 37, 210, 187, 28]","@module":"flavor::psp::format_2025::operations","@pid":14159,"@timestamp":"2026-03-31T20:29:40.776537Z"}
{"@file":"src/psp/format_2025/operations.rs","@level":"debug","@line":60,"@message":"✅ Operations unpacked: count=2 operations=[82, 179]","@module":"flavor::psp::format_2025::operations","@pid":14159,"@timestamp":"2026-03-31T20:29:40.776547Z"}
{"@file":"src/psp/format_2025/operations.rs","@level":"debug","@line":37,"@message":"✅ Operations packed: result=2070479512747667323","@module":"flavor::psp::format_2025::operations","@pid":14159,"@timestamp":"2026-03-31T20:29:40.776563Z"}
{"@file":"src/psp/format_2025/operations.rs","@level":"debug","@line":60,"@message":"✅ Operations unpacked: count=8 operations=[123, 111, 12, 160, 37, 210, 187, 28]","@module":"flavor::psp::format_2025::operations","@pid":14159,"@timestamp":"2026-03-31T20:29:40.776588Z"}
{"@file":"src/psp/format_2025/operations.rs","@level":"debug","@line":37,"@message":"✅ Operations packed: result=58514","@module":"flavor::psp::format_2025::operations","@pid":14159,"@timestamp":"2026-03-31T20:29:40.776598Z"}
{"@file":"src/psp/format_2025/operations.rs","@level":"debug","@line":60,"@message":"✅ Operations unpacked: count=2 operations=[146, 228]","@module":"flavor::psp::format_2025::operations","@pid":14159,"@timestamp":"2026-03-31T20:29:40.776623Z"}
{"@file":"src/psp/format_2025/operations.rs","@level":"debug","@line":60,"@message":"✅ Operations unpacked: count=8 operations=[214, 195, 18, 153, 91, 127, 235, 120]","@module":"flavor::psp::format_2025::operations","@pid":14159,"@timestamp":"2026-03-31T20:29:40.776633Z"}
{"@file":"src/psp/format_2025/operations.rs","@level":"debug","@line":37,"@message":"✅ Operations packed: result=8713197935465251798","@module":"flavor::psp::format_2025::operations","@pid":14159,"@timestamp":"2026-03-31T20:29:40.776659Z"}
{"@file":"src/psp/format_2025/operations.rs","@level":"debug","@line":37,"@message":"✅ Operations packed: result=116","@module":"flavor::psp::format_2025::operations","@pid":14159,"@timestamp":"2026-03-31T20:29:40.776667Z"}
{"@file":"src/psp/format_2025/operations.rs","@level":"debug","@line":60,"@message":"✅ Operations unpacked: count=8 operations=[214, 195, 18, 153, 91, 127, 235, 120]","@module":"flavor::psp::format_2025::operations","@pid":14159,"@timestamp":"2026-03-31T20:29:40.776678Z"}
{"@file":"src/psp/format_2025/operations.rs","@level":"debug","@line":60,"@message":"✅ Operations unpacked: count=1 operations=[116]","@module":"flavor::psp::format_2025::operations","@pid":14159,"@timestamp":"2026-03-31T20:29:40.776692Z"}
{"@file":"src/psp/format_2025/operations.rs","@level":"debug","@line":60,"@message":"✅ Operations unpacked: count=8 operations=[50, 110, 171, 103, 102, 143, 205, 78]","@module":"flavor::psp::format_2025::operations","@pid":14159,"@timestamp":"2026-03-31T20:29:40.776745Z"}
{"@file":"src/psp/format_2025/operations.rs","@level":"debug","@line":37,"@message":"✅ Operations packed: result=7098234573321473427","@module":"flavor::psp::format_2025::operations","@pid":14159,"@timestamp":"2026-03-31T20:29:40.776750Z"}
{"@file":"src/psp/format_2025/operations.rs","@level":"debug","@line":37,"@message":"✅ Operations packed: result=5678352375172787762","@module":"flavor::psp::format_2025::operations","@pid":14159,"@timestamp":"2026-03-31T20:29:40.776768Z"}
{"@file":"src/psp/format_2025/operations.rs","@level":"debug","@line":60,"@message":"✅ Operations unpacked: count=8 operations=[147, 13, 57, 131, 188, 254, 129, 98]","@module":"flavor::psp::format_2025::operations","@pid":14159,"@timestamp":"2026-03-31T20:29:40.776790Z"}
{"@file":"src/psp/format_2025/operations.rs","@level":"debug","@line":60,"@message":"✅ Operations unpacked: count=8 operations=[50, 110, 171, 103, 102, 143, 205, 78]","@module":"flavor::psp::format_2025::operations","@pid":14159,"@timestamp":"2026-03-31T20:29:40.776799Z"}
{"@file":"src/psp/format_2025/operations.rs","@level":"debug","@line":37,"@message":"✅ Operations packed: result=45641521308821799","@module":"flavor::psp::format_2025::operations","@pid":14159,"@timestamp":"2026-03-31T20:29:40.776851Z"}
{"@file":"src/psp/format_2025/operations.rs","@level":"debug","@line":60,"@message":"✅ Operations unpacked: count=8 operations=[253, 151, 39, 98, 25, 130, 11, 13]","@module":"flavor::psp::format_2025::operations","@pid":14159,"@timestamp":"2026-03-31T20:29:40.776861Z"}
{"@file":"src/psp/format_2025/operations.rs","@level":"debug","@line":60,"@message":"✅ Operations unpacked: count=7 operations=[39, 233, 158, 200, 184, 38, 162]","@module":"flavor::psp::format_2025::operations","@pid":14159,"@timestamp":"2026-03-31T20:29:40.776872Z"}
{"@file":"src/psp/format_2025/operations.rs","@level":"debug","@line":37,"@message":"✅ Operations packed: result=939987992769435645","@module":"flavor::psp::format_2025::operations","@pid":14159,"@timestamp":"2026-03-31T20:29:40.776899Z"}
{"@file":"src/psp/format_2025/operations.rs","@level":"debug","@line":60,"@message":"✅ Operations unpacked: count=8 operations=[253, 151, 39, 98, 25, 130, 11, 13]","@module":"flavor::psp::format_2025::operations","@pid":14159,"@timestamp":"2026-03-31T20:29:40.776922Z"}
{"@file":"src/psp/format_2025/operations.rs","@level":"debug","@line":37,"@message":"✅ Operations packed: result=3461381524","@module":"flavor::psp::format_2025::operations","@pid":14159,"@timestamp":"2026-03-31T20:29:40.776940Z"}
{"@file":"src/psp/format_2025/operations.rs","@level":"debug","@line":60,"@message":"✅ Operations unpacked: count=4 operations=[148, 125, 80, 206]","@module":"flavor::psp::format_2025::operations","@pid":14159,"@timestamp":"2026-03-31T20:29:40.776960Z"}
{"@file":"src/psp/format_2025/operations.rs","@level":"debug","@line":60,"@message":"✅ Operations unpacked: count=8 operations=[236, 32, 104, 238, 76, 178, 163, 49]","@module":"flavor::psp::format_2025::operations","@pid":14159,"@timestamp":"2026-03-31T20:29:40.776970Z"}
{"@file":"src/psp/format_2025/operations.rs","@level":"debug","@line":37,"@message":"✅ Operations packed: result=3576898572549365996","@module":"flavor::psp::format_2025::operations","@pid":14159,"@timestamp":"2026-03-31T20:29:40.776990Z"}
{"@file":"src/psp/format_2025/operations.rs","@level":"debug","@line":37,"@message":"✅ Operations packed: result=18515","@module":"flavor::psp::format_2025::operations","@pid":14159,"@timestamp":"2026-03-31T20:29:40.777006Z"}
{"@file":"src/psp/format_2025/operations.rs","@level":"debug","@line":60,"@message":"✅ Operations unpacked: count=8 operations=[236, 32, 104, 238, 76, 178, 163, 49]","@module":"flavor::psp::format_2025::operations","@pid":14159,"@timestamp":"2026-03-31T20:29:40.777008Z"}
{"@file":"src/psp/format_2025/operations.rs","@level":"debug","@line":60,"@message":"✅ Operations unpacked: count=2 operations=[83, 72]","@module":"flavor::psp::format_2025::operations","@pid":14159,"@timestamp":"2026-03-31T20:29:40.777025Z"}
{"@file":"src/psp/format_2025/operations.rs","@level":"debug","@line":60,"@message":"✅ Operations unpacked: count=8 operations=[73, 118, 179, 157, 211, 177, 96, 16]","@module":"flavor::psp::format_2025::operations","@pid":14159,"@timestamp":"2026-03-31T20:29:40.777059Z"}
{"@file":"src/psp/format_2025/operations.rs","@level":"debug","@line":37,"@message":"✅ Operations packed: result=0","@module":"flavor::psp::format_2025::operations","@pid":14159,"@timestamp":"2026-03-31T20:29:40.777075Z"}
{"@file":"src/psp/format_2025/operations.rs","@level":"debug","@line":37,"@message":"✅ Operations packed: result=1180138624813069897","@module":"flavor::psp::format_2025::operations","@pid":14159,"@timestamp":"2026-03-31T20:29:40.777080Z"}
{"@file":"src/psp/format_2025/operations.rs","@level":"debug","@line":60,"@message":"✅ Operations unpacked: count=0 operations=[]","@module":"flavor::psp::format_2025::operations","@pid":14159,"@timestamp":"2026-03-31T20:29:40.777096Z"}
{"@file":"src/psp/format_2025/operations.rs","@level":"debug","@line":60,"@message":"✅ Operations unpacked: count=8 operations=[73, 118, 179, 157, 211, 177, 96, 16]","@module":"flavor::psp::format_2025::operations","@pid":14159,"@timestamp":"2026-03-31T20:29:40.777118Z"}
{"@file":"src/psp/format_2025/operations.rs","@level":"debug","@line":37,"@message":"✅ Operations packed: result=48315414242717881","@module":"flavor::psp::format_2025::operations","@pid":14159,"@timestamp":"2026-03-31T20:29:40.777160Z"}
{"@file":"src/psp/format_2025/operations.rs","@level":"debug","@line":60,"@message":"✅ Operations unpacked: count=8 operations=[225, 215, 153, 183, 138, 188, 117, 143]","@module":"flavor::psp::format_2025::operations","@pid":14159,"@timestamp":"2026-03-31T20:29:40.777175Z"}
{"@file":"src/psp/format_2025/operations.rs","@level":"debug","@line":60,"@message":"✅ Operations unpacked: count=7 operations=[185, 240, 28, 255, 156, 166, 171]","@module":"flavor::psp::format_2025::operations","@pid":14159,"@timestamp":"2026-03-31T20:29:40.777186Z"}
{"@file":"src/psp/format_2025/operations.rs","@level":"debug","@line":37,"@message":"✅ Operations packed: result=10337375823670663137","@module":"flavor::psp::format_2025::operations","@pid":14159,"@timestamp":"2026-03-31T20:29:40.777201Z"}
{"@file":"src/psp/format_2025/operations.rs","@level":"debug","@line":60,"@message":"✅ Operations unpacked: count=8 operations=[225, 215, 153, 183, 138, 188, 117, 143]","@module":"flavor::psp::format_2025::operations","@pid":14159,"@timestamp":"2026-03-31T20:29:40.777227Z"}
{"@file":"src/psp/format_2025/operations.rs","@level":"debug","@line":37,"@message":"✅ Operations packed: result=114173525012424","@module":"flavor::psp::format_2025::operations","@pid":14159,"@timestamp":"2026-03-31T20:29:40.777243Z"}
{"@file":"src/psp/format_2025/operations.rs","@level":"debug","@line":60,"@message":"✅ Operations unpacked: count=6 operations=[200, 175, 102, 24, 215, 103]","@module":"flavor::psp::format_2025::operations","@pid":14159,"@timestamp":"2026-03-31T20:29:40.777269Z"}
{"@file":"src/psp/format_2025/operations.rs","@level":"debug","@line":60,"@message":"✅ Operations unpacked: count=8 operations=[97, 146, 208, 70, 152, 23, 216, 248]","@module":"flavor::psp::format_2025::operations","@pid":14159,"@timestamp":"2026-03-31T20:29:40.777294Z"}
{"@file":"src/psp/format_2025/operations.rs","@level":"debug","@line":37,"@message":"✅ Operations packed: result=17931107859166171745","@module":"flavor::psp::format_2025::operations","@pid":14159,"@timestamp":"2026-03-31T20:29:40.777323Z"}
{"@file":"src/psp/format_2025/operations.rs","@level":"debug","@line":60,"@message":"✅ Operations unpacked: count=8 operations=[97, 146, 208, 70, 152, 23, 216, 248]","@module":"flavor::psp::format_2025::operations","@pid":14159,"@timestamp":"2026-03-31T20:29:40.777343Z"}
{"@file":"src/psp/format_2025/operations.rs","@level":"debug","@line":37,"@message":"✅ Operations packed: result=943511056044","@module":"flavor::psp::format_2025::operations","@pid":14159,"@timestamp":"2026-03-31T20:29:40.777341Z"}
{"@file":"src/psp/format_2025/operations.rs","@level":"debug","@line":60,"@message":"✅ Operations unpacked: count=5 operations=[172, 46, 164, 173, 219]","@module":"flavor::psp::format_2025::operations","@pid":14159,"@timestamp":"2026-03-31T20:29:40.777384Z"}
{"@file":"src/psp/format_2025/operations.rs","@level":"debug","@line":60,"@message":"✅ Operations unpacked: count=8 operations=[154, 129, 159, 237, 74, 50, 199, 195]","@module":"flavor::psp::format_2025::operations","@pid":14159,"@timestamp":"2026-03-31T20:29:40.777398Z"}
{"@file":"src/psp/format_2025/operations.rs","@level":"debug","@line":37,"@message":"✅ Operations packed: result=14107299655156990362","@module":"flavor::psp::format_2025::operations","@pid":14159,"@timestamp":"2026-03-31T20:29:40.777418Z"}
{"@file":"src/psp/format_2025/operations.rs","@level":"debug","@line":60,"@message":"✅ Operations unpacked: count=8 operations=[154, 129, 159, 237, 74, 50, 199, 195]","@module":"flavor::psp::format_2025::operations","@pid":14159,"@timestamp":"2026-03-31T20:29:40.777436Z"}
{"@file":"src/psp/format_2025/operations.rs","@level":"debug","@line":37,"@message":"✅ Operations packed: result=99274246623031","@module":"flavor::psp::format_2025::operations","@pid":14159,"@timestamp":"2026-03-31T20:29:40.777440Z"}
{"@file":"src/psp/format_2025/operations.rs","@level":"debug","@line":60,"@message":"✅ Operations unpacked: count=6 operations=[55, 143, 52, 22, 74, 90]","@module":"flavor::psp::format_2025::operations","@pid":14159,"@timestamp":"2026-03-31T20:29:40.777470Z"}
{"@file":"src/psp/format_2025/operations.rs","@level":"debug","@line":60,"@message":"✅ Operations unpacked: count=8 operations=[184, 7, 61, 233, 83, 167, 250, 55]","@module":"flavor::psp::format_2025::operations","@pid":14159,"@timestamp":"2026-03-31T20:29:40.777486Z"}
{"@file":"src/psp/format_2025/operations.rs","@level":"debug","@line":37,"@message":"✅ Operations packed: result=4033720395100915640","@module":"flavor::psp::format_2025::operations","@pid":14159,"@timestamp":"2026-03-31T20:29:40.777507Z"}
{"@file":"src/psp/format_2025/operations.rs","@level":"debug","@line":37,"@message":"✅ Operations packed: result=62811931192692633","@module":"flavor::psp::format_2025::operations","@pid":14159,"@timestamp":"2026-03-31T20:29:40.777518Z"}
{"@file":"src/psp/format_2025/operations.rs","@level":"debug","@line":60,"@message":"✅ Operations unpacked: count=8 operations=[184, 7, 61, 233, 83, 167, 250, 55]","@module":"flavor::psp::format_2025::operations","@pid":14159,"@timestamp":"2026-03-31T20:29:40.777524Z"}
{"@file":"src/psp/format_2025/operations.rs","@level":"debug","@line":60,"@message":"✅ Operations unpacked: count=7 operations=[153, 143, 101, 94, 30, 39, 223]","@module":"flavor::psp::format_2025::operations","@pid":14159,"@timestamp":"2026-03-31T20:29:40.777537Z"}
{"@file":"src/psp/format_2025/operations.rs","@level":"debug","@line":60,"@message":"✅ Operations unpacked: count=8 operations=[46, 153, 1, 251, 175, 6, 104, 251]","@module":"flavor::psp::format_2025::operations","@pid":14159,"@timestamp":"2026-03-31T20:29:40.777570Z"}
{"@file":"src/psp/format_2025/operations.rs","@level":"debug","@line":37,"@message":"✅ Operations packed: result=45926715662521562","@module":"flavor::psp::format_2025::operations","@pid":14159,"@timestamp":"2026-03-31T20:29:40.777585Z"}
{"@file":"src/psp/format_2025/operations.rs","@level":"debug","@line":37,"@message":"✅ Operations packed: result=18115736853998049582","@module":"flavor::psp::format_2025::operations","@pid":14159,"@timestamp":"2026-03-31T20:29:40.777590Z"}
{"@file":"src/psp/format_2025/operations.rs","@level":"debug","@line":60,"@message":"✅ Operations unpacked: count=7 operations=[218, 212, 195, 196, 26, 42, 163]","@module":"flavor::psp::format_2025::operations","@pid":14159,"@timestamp":"2026-03-31T20:29:40.777606Z"}
{"@file":"src/psp/format_2025/operations.rs","@level":"debug","@line":60,"@message":"✅ Operations unpacked: count=8 operations=[46, 153, 1, 251, 175, 6, 104, 251]","@module":"flavor::psp::format_2025::operations","@pid":14159,"@timestamp":"2026-03-31T20:29:40.777613Z"}
{"@file":"src/psp/format_2025/operations.rs","@level":"debug","@line":37,"@message":"✅ Operations packed: result=114","@module":"flavor::psp::format_2025::operations","@pid":14159,"@timestamp":"2026-03-31T20:29:40.777652Z"}
{"@file":"src/psp/format_2025/operations.rs","@level":"debug","@line":60,"@message":"✅ Operations unpacked: count=8 operations=[44, 214, 89, 204, 224, 190, 197, 41]","@module":"flavor::psp::format_2025::operations","@pid":14159,"@timestamp":"2026-03-31T20:29:40.777659Z"}
{"@file":"src/psp/format_2025/operations.rs","@level":"debug","@line":60,"@message":"✅ Operations unpacked: count=1 operations=[114]","@module":"flavor::psp::format_2025::operations","@pid":14159,"@timestamp":"2026-03-31T20:29:40.777671Z"}
{"@file":"src/psp/format_2025/operations.rs","@level":"debug","@line":37,"@message":"✅ Operations packed: result=3010021798677435948","@module":"flavor::psp::format_2025::operations","@pid":14159,"@timestamp":"2026-03-31T20:29:40.777679Z"}
{"@file":"src/psp/format_2025/operations.rs","@level":"debug","@line":60,"@message":"✅ Operations unpacked: count=8 operations=[44, 214, 89, 204, 224, 190, 197, 41]","@module":"flavor::psp::format_2025::operations","@pid":14159,"@timestamp":"2026-03-31T20:29:40.777698Z"}
{"@file":"src/psp/format_2025/operations.rs","@level":"debug","@line":37,"@message":"✅ Operations packed: result=8688342","@module":"flavor::psp::format_2025::operations","@pid":14159,"@timestamp":"2026-03-31T20:29:40.777717Z"}
{"@file":"src/psp/format_2025/operations.rs","@level":"debug","@line":60,"@message":"✅ Operations unpacked: count=3 operations=[214, 146, 132]","@module":"flavor::psp::format_2025::operations","@pid":14159,"@timestamp":"2026-03-31T20:29:40.777736Z"}
{"@file":"src/psp/format_2025/operations.rs","@level":"debug","@line":60,"@message":"✅ Operations unpacked: count=8 operations=[32, 249, 88, 242, 108, 199, 132, 189]","@module":"flavor::psp::format_2025::operations","@pid":14159,"@timestamp":"2026-03-31T20:29:40.777744Z"}
{"@file":"src/psp/format_2025/operations.rs","@level":"debug","@line":37,"@message":"✅ Operations packed: result=13656259240830499104","@module":"flavor::psp::format_2025::operations","@pid":14159,"@timestamp":"2026-03-31T20:29:40.777766Z"}
{"@file":"src/psp/format_2025/operations.rs","@level":"debug","@line":37,"@message":"✅ Operations packed: result=30083","@module":"flavor::psp::format_2025::operations","@pid":14159,"@timestamp":"2026-03-31T20:29:40.777783Z"}
{"@file":"src/psp/format_2025/operations.rs","@level":"debug","@line":60,"@message":"✅ Operations unpacked: count=8 operations=[32, 249, 88, 242, 108, 199, 132, 189]","@module":"flavor::psp::format_2025::operations","@pid":14159,"@timestamp":"2026-03-31T20:29:40.777785Z"}
{"@file":"src/psp/format_2025/operations.rs","@level":"debug","@line":60,"@message":"✅ Operations unpacked: count=2 operations=[131, 117]","@module":"flavor::psp::format_2025::operations","@pid":14159,"@timestamp":"2026-03-31T20:29:40.777803Z"}
{"@file":"src/psp/format_2025/operations.rs","@level":"debug","@line":60,"@message":"✅ Operations unpacked: count=8 operations=[68, 148, 33, 113, 212, 67, 187, 209]","@module":"flavor::psp::format_2025::operations","@pid":14159,"@timestamp":"2026-03-31T20:29:40.777842Z"}
{"@file":"src/psp/format_2025/operations.rs","@level":"debug","@line":37,"@message":"✅ Operations packed: result=0","@module":"flavor::psp::format_2025::operations","@pid":14159,"@timestamp":"2026-03-31T20:29:40.777848Z"}
{"@file":"src/psp/format_2025/operations.rs","@level":"debug","@line":37,"@message":"✅ Operations packed: result=15112747554281985092","@module":"flavor::psp::format_2025::operations","@pid":14159,"@timestamp":"2026-03-31T20:29:40.777867Z"}
{"@file":"src/psp/format_2025/operations.rs","@level":"debug","@line":60,"@message":"✅ Operations unpacked: count=0 operations=[]","@module":"flavor::psp::format_2025::operations","@pid":14159,"@timestamp":"2026-03-31T20:29:40.777876Z"}
{"@file":"src/psp/format_2025/operations.rs","@level":"debug","@line":60,"@message":"✅ Operations unpacked: count=8 operations=[68, 148, 33, 113, 212, 67, 187, 209]","@module":"flavor::psp::format_2025::operations","@pid":14159,"@timestamp":"2026-03-31T20:29:40.777885Z"}
{"@file":"src/psp/format_2025/operations.rs","@level":"debug","@line":37,"@message":"✅ Operations packed: result=0","@module":"flavor::psp::format_2025::operations","@pid":14159,"@timestamp":"2026-03-31T20:29:40.777927Z"}
{"@file":"src/psp/format_2025/operations.rs","@level":"debug","@line":60,"@message":"✅ Operations unpacked: count=8 operations=[176, 112, 189, 105, 191, 202, 29, 24]","@module":"flavor::psp::format_2025::operations","@pid":14159,"@timestamp":"2026-03-31T20:29:40.777936Z"}
{"@file":"src/psp/format_2025/operations.rs","@level":"debug","@line":60,"@message":"✅ Operations unpacked: count=0 operations=[]","@module":"flavor::psp::format_2025::operations","@pid":14159,"@timestamp":"2026-03-31T20:29:40.777952Z"}
{"@file":"src/psp/format_2025/operations.rs","@level":"debug","@line":37,"@message":"✅ Operations packed: result=1737767954696466608","@module":"flavor::psp::format_2025::operations","@pid":14159,"@timestamp":"2026-03-31T20:29:40.777964Z"}
{"@file":"src/psp/format_2025/operations.rs","@level":"debug","@line":60,"@message":"✅ Operations unpacked: count=8 operations=[176, 112, 189, 105, 191, 202, 29, 24]","@module":"flavor::psp::format_2025::operations","@pid":14159,"@timestamp":"2026-03-31T20:29:40.777982Z"}
{"@file":"src/psp/format_2025/operations.rs","@level":"debug","@line":37,"@message":"✅ Operations packed: result=30298230644567832","@module":"flavor::psp::format_2025::operations","@pid":14159,"@timestamp":"2026-03-31T20:29:40.777999Z"}
{"@file":"src/psp/format_2025/operations.rs","@level":"debug","@line":60,"@message":"✅ Operations unpacked: count=7 operations=[24, 111, 228, 138, 20, 164, 107]","@module":"flavor::psp::format_2025::operations","@pid":14159,"@timestamp":"2026-03-31T20:29:40.778017Z"}
{"@file":"src/psp/format_2025/operations.rs","@level":"debug","@line":60,"@message":"✅ Operations unpacked: count=8 operations=[106, 196, 178, 42, 79, 81, 232, 102]","@module":"flavor::psp::format_2025::operations","@pid":14159,"@timestamp":"2026-03-31T20:29:40.778027Z"}
{"@file":"src/psp/format_2025/operations.rs","@level":"debug","@line":37,"@message":"✅ Operations packed: result=7415266186926146666","@module":"flavor::psp::format_2025::operations","@pid":14159,"@timestamp":"2026-03-31T20:29:40.778046Z"}
{"@file":"src/psp/format_2025/operations.rs","@level":"debug","@line":60,"@message":"✅ Operations unpacked: count=8 operations=[106, 196, 178, 42, 79, 81, 232, 102]","@module":"flavor::psp::format_2025::operations","@pid":14159,"@timestamp":"2026-03-31T20:29:40.778064Z"}
{"@file":"src/psp/format_2025/operations.rs","@level":"debug","@line":37,"@message":"✅ Operations packed: result=228089135347764","@module":"flavor::psp::format_2025::operations","@pid":14159,"@timestamp":"2026-03-31T20:29:40.778065Z"}
{"@file":"src/psp/format_2025/operations.rs","@level":"debug","@line":60,"@message":"✅ Operations unpacked: count=6 operations=[52, 184, 227, 35, 114, 207]","@module":"flavor::psp::format_2025::operations","@pid":14159,"@timestamp":"2026-03-31T20:29:40.778091Z"}
{"@file":"src/psp/format_2025/operations.rs","@level":"debug","@line":60,"@message":"✅ Operations unpacked: count=8 operations=[32, 116, 174, 10, 64, 14, 225, 154]","@module":"flavor::psp::format_2025::operations","@pid":14159,"@timestamp":"2026-03-31T20:29:40.778111Z"}
{"@file":"src/psp/format_2025/operations.rs","@level":"debug","@line":37,"@message":"✅ Operations packed: result=11160217019820700704","@module":"flavor::psp::format_2025::operations","@pid":14159,"@timestamp":"2026-03-31T20:29:40.778132Z"}
{"@file":"src/psp/format_2025/operations.rs","@level":"debug","@line":37,"@message":"✅ Operations packed: result=45710770724247859","@module":"flavor::psp::format_2025::operations","@pid":14159,"@timestamp":"2026-03-31T20:29:40.778138Z"}
{"@file":"src/psp/format_2025/operations.rs","@level":"debug","@line":60,"@message":"✅ Operations unpacked: count=8 operations=[32, 116, 174, 10, 64, 14, 225, 154]","@module":"flavor::psp::format_2025::operations","@pid":14159,"@timestamp":"2026-03-31T20:29:40.778150Z"}
{"@file":"src/psp/format_2025/operations.rs","@level":"debug","@line":60,"@message":"✅ Operations unpacked: count=7 operations=[51, 153, 109, 43, 180, 101, 162]","@module":"flavor::psp::format_2025::operations","@pid":14159,"@timestamp":"2026-03-31T20:29:40.778156Z"}
{"@file":"src/psp/format_2025/operations.rs","@level":"debug","@line":60,"@message":"✅ Operations unpacked: count=8 operations=[157, 171, 75, 1, 74, 203, 182, 210]","@module":"flavor::psp::format_2025::operations","@pid":14159,"@timestamp":"2026-03-31T20:29:40.778195Z"}
{"@file":"src/psp/format_2025/operations.rs","@level":"debug","@line":37,"@message":"✅ Operations packed: result=59069475922498954","@module":"flavor::psp::format_2025::operations","@pid":14159,"@timestamp":"2026-03-31T20:29:40.778203Z"}
{"@file":"src/psp/format_2025/operations.rs","@level":"debug","@line":37,"@message":"✅ Operations packed: result=15183546712435960733","@module":"flavor::psp::format_2025::operations","@pid":14159,"@timestamp":"2026-03-31T20:29:40.778215Z"}
{"@file":"src/psp/format_2025/operations.rs","@level":"debug","@line":60,"@message":"✅ Operations unpacked: count=7 operations=[138, 213, 109, 25, 96, 219, 209]","@module":"flavor::psp::format_2025::operations","@pid":14159,"@timestamp":"2026-03-31T20:29:40.778220Z"}
{"@file":"src/psp/format_2025/operations.rs","@level":"debug","@line":60,"@message":"✅ Operations unpacked: count=8 operations=[157, 171, 75, 1, 74, 203, 182, 210]","@module":"flavor::psp::format_2025::operations","@pid":14159,"@timestamp":"2026-03-31T20:29:40.778233Z"}
{"@file":"src/psp/format_2025/operations.rs","@level":"debug","@line":60,"@message":"✅ Operations unpacked: count=8 operations=[228, 218, 1, 173, 179, 23, 87, 55]","@module":"flavor::psp::format_2025::operations","@pid":14159,"@timestamp":"2026-03-31T20:29:40.778284Z"}
{"@file":"src/psp/format_2025/operations.rs","@level":"debug","@line":37,"@message":"✅ Operations packed: result=557941819","@module":"flavor::psp::format_2025::operations","@pid":14159,"@timestamp":"2026-03-31T20:29:40.778286Z"}
{"@file":"src/psp/format_2025/operations.rs","@level":"debug","@line":60,"@message":"✅ Operations unpacked: count=4 operations=[59, 132, 65, 33]","@module":"flavor::psp::format_2025::operations","@pid":14159,"@timestamp":"2026-03-31T20:29:40.778324Z"}
{"@file":"src/psp/format_2025/operations.rs","@level":"debug","@line":37,"@message":"✅ Operations packed: result=3987682055529028324","@module":"flavor::psp::format_2025::operations","@pid":14159,"@timestamp":"2026-03-31T20:29:40.778325Z"}
{"@file":"src/psp/format_2025/operations.rs","@level":"debug","@line":60,"@message":"✅ Operations unpacked: count=8 operations=[228, 218, 1, 173, 179, 23, 87, 55]","@module":"flavor::psp::format_2025::operations","@pid":14159,"@timestamp":"2026-03-31T20:29:40.778358Z"}
{"@file":"src/psp/format_2025/operations.rs","@level":"debug","@line":37,"@message":"✅ Operations packed: result=39958284176406626","@module":"flavor::psp::format_2025::operations","@pid":14159,"@timestamp":"2026-03-31T20:29:40.778376Z"}
{"@file":"src/psp/format_2025/operations.rs","@level":"debug","@line":60,"@message":"✅ Operations unpacked: count=7 operations=[98, 56, 43, 6, 217, 245, 141]","@module":"flavor::psp::format_2025::operations","@pid":14159,"@timestamp":"2026-03-31T20:29:40.778394Z"}
{"@file":"src/psp/format_2025/operations.rs","@level":"debug","@line":60,"@message":"✅ Operations unpacked: count=8 operations=[248, 232, 233, 190, 44, 125, 145, 159]","@module":"flavor::psp::format_2025::operations","@pid":14159,"@timestamp":"2026-03-31T20:29:40.778407Z"}
{"@file":"src/psp/format_2025/operations.rs","@level":"debug","@line":37,"@message":"✅ Operations packed: result=11498108954788620536","@module":"flavor::psp::format_2025::operations","@pid":14159,"@timestamp":"2026-03-31T20:29:40.778427Z"}
{"@file":"src/psp/format_2025/operations.rs","@level":"debug","@line":37,"@message":"✅ Operations packed: result=13636","@module":"flavor::psp::format_2025::operations","@pid":14159,"@timestamp":"2026-03-31T20:29:40.778440Z"}
{"@file":"src/psp/format_2025/operations.rs","@level":"debug","@line":60,"@message":"✅ Operations unpacked: count=8 operations=[248, 232, 233, 190, 44, 125, 145, 159]","@module":"flavor::psp::format_2025::operations","@pid":14159,"@timestamp":"2026-03-31T20:29:40.778444Z"}
{"@file":"src/psp/format_2025/operations.rs","@level":"debug","@line":60,"@message":"✅ Operations unpacked: count=2 operations=[68, 53]","@module":"flavor::psp::format_2025::operations","@pid":14159,"@timestamp":"2026-03-31T20:29:40.778459Z"}
{"@file":"src/psp/format_2025/operations.rs","@level":"debug","@line":60,"@message":"✅ Operations unpacked: count=8 operations=[108, 95, 170, 67, 75, 153, 130, 16]","@module":"flavor::psp::format_2025::operations","@pid":14159,"@timestamp":"2026-03-31T20:29:40.778490Z"}
{"@file":"src/psp/format_2025/operations.rs","@level":"debug","@line":37,"@message":"✅ Operations packed: result=38067","@module":"flavor::psp::format_2025::operations","@pid":14159,"@timestamp":"2026-03-31T20:29:40.778504Z"}
{"@file":"src/psp/format_2025/operations.rs","@level":"debug","@line":37,"@message":"✅ Operations packed: result=1189681800116068204","@module":"flavor::psp::format_2025::operations","@pid":14159,"@timestamp":"2026-03-31T20:29:40.778509Z"}
{"@file":"src/psp/format_2025/operations.rs","@level":"debug","@line":60,"@message":"✅ Operations unpacked: count=2 operations=[179, 148]","@module":"flavor::psp::format_2025::operations","@pid":14159,"@timestamp":"2026-03-31T20:29:40.778521Z"}
{"@file":"src/psp/format_2025/operations.rs","@level":"debug","@line":60,"@message":"✅ Operations unpacked: count=8 operations=[108, 95, 170, 67, 75, 153, 130, 16]","@module":"flavor::psp::format_2025::operations","@pid":14159,"@timestamp":"2026-03-31T20:29:40.778528Z"}
{"@file":"src/psp/format_2025/operations.rs","@level":"debug","@line":37,"@message":"✅ Operations packed: result=137565194773508203","@module":"flavor::psp::format_2025::operations","@pid":14159,"@timestamp":"2026-03-31T20:29:40.778568Z"}
{"@file":"src/psp/format_2025/operations.rs","@level":"debug","@line":60,"@message":"✅ Operations unpacked: count=8 operations=[224, 59, 3, 192, 234, 7, 132, 25]","@module":"flavor::psp::format_2025::operations","@pid":14159,"@timestamp":"2026-03-31T20:29:40.778575Z"}
{"@file":"src/psp/format_2025/operations.rs","@level":"debug","@line":60,"@message":"✅ Operations unpacked: count=8 operations=[107, 176, 238, 215, 208, 186, 232, 1]","@module":"flavor::psp::format_2025::operations","@pid":14159,"@timestamp":"2026-03-31T20:29:40.778586Z"}
{"@file":"src/psp/format_2025/operations.rs","@level":"debug","@line":37,"@message":"✅ Operations packed: result=1838603252699184096","@module":"flavor::psp::format_2025::operations","@pid":14159,"@timestamp":"2026-03-31T20:29:40.778595Z"}
{"@file":"src/psp/format_2025/operations.rs","@level":"debug","@line":60,"@message":"✅ Operations unpacked: count=8 operations=[224, 59, 3, 192, 234, 7, 132, 25]","@module":"flavor::psp::format_2025::operations","@pid":14159,"@timestamp":"2026-03-31T20:29:40.778613Z"}
{"@file":"src/psp/format_2025/operations.rs","@level":"debug","@line":37,"@message":"✅ Operations packed: result=8055989","@module":"flavor::psp::format_2025::operations","@pid":14159,"@timestamp":"2026-03-31T20:29:40.778632Z"}
{"@file":"src/psp/format_2025/operations.rs","@level":"debug","@line":60,"@message":"✅ Operations unpacked: count=3 operations=[181, 236, 122]","@module":"flavor::psp::format_2025::operations","@pid":14159,"@timestamp":"2026-03-31T20:29:40.778650Z"}
{"@file":"src/psp/format_2025/operations.rs","@level":"debug","@line":60,"@message":"✅ Operations unpacked: count=8 operations=[116, 161, 118, 61, 100, 180, 145, 83]","@module":"flavor::psp::format_2025::operations","@pid":14159,"@timestamp":"2026-03-31T20:29:40.778657Z"}
{"@file":"src/psp/format_2025/operations.rs","@level":"debug","@line":37,"@message":"✅ Operations packed: result=6021792519391977844","@module":"flavor::psp::format_2025::operations","@pid":14159,"@timestamp":"2026-03-31T20:29:40.778676Z"}
{"@file":"src/psp/format_2025/operations.rs","@level":"debug","@line":60,"@message":"✅ Operations unpacked: count=8 operations=[116, 161, 118, 61, 100, 180, 145, 83]","@module":"flavor::psp::format_2025::operations","@pid":14159,"@timestamp":"2026-03-31T20:29:40.778694Z"}
{"@file":"src/psp/format_2025/operations.rs","@level":"debug","@line":37,"@message":"✅ Operations packed: result=46728559268387121","@module":"flavor::psp::format_2025::operations","@pid":14159,"@timestamp":"2026-03-31T20:29:40.778696Z"}
{"@file":"src/psp/format_2025/operations.rs","@level":"debug","@line":60,"@message":"✅ Operations unpacked: count=8 operations=[161, 211, 60, 94, 180, 150, 105, 202]","@module":"flavor::psp::format_2025::operations","@pid":14159,"@timestamp":"2026-03-31T20:29:40.778741Z"}
{"@file":"src/psp/format_2025/operations.rs","@level":"debug","@line":60,"@message":"✅ Operations unpacked: count=7 operations=[49, 217, 14, 136, 96, 3, 166]","@module":"flavor::psp::format_2025::operations","@pid":14159,"@timestamp":"2026-03-31T20:29:40.778750Z"}
{"@file":"src/psp/format_2025/operations.rs","@level":"debug","@line":37,"@message":"✅ Operations packed: result=14585354569635386273","@module":"flavor::psp::format_2025::operations","@pid":14159,"@timestamp":"2026-03-31T20:29:40.778765Z"}
{"@file":"src/psp/format_2025/operations.rs","@level":"debug","@line":60,"@message":"✅ Operations unpacked: count=8 operations=[161, 211, 60, 94, 180, 150, 105, 202]","@module":"flavor::psp::format_2025::operations","@pid":14159,"@timestamp":"2026-03-31T20:29:40.778789Z"}
{"@file":"src/psp/format_2025/operations.rs","@level":"debug","@line":37,"@message":"✅ Operations packed: result=912932650106","@module":"flavor::psp::format_2025::operations","@pid":14159,"@timestamp":"2026-03-31T20:29:40.778808Z"}
{"@file":"src/psp/format_2025/operations.rs","@level":"debug","@line":60,"@message":"✅ Operations unpacked: count=8 operations=[13, 26, 169, 161, 28, 23, 125, 18]","@module":"flavor::psp::format_2025::operations","@pid":14159,"@timestamp":"2026-03-31T20:29:40.778859Z"}
{"@file":"src/psp/format_2025/operations.rs","@level":"debug","@line":60,"@message":"✅ Operations unpacked: count=5 operations=[122, 188, 6, 143, 212]","@module":"flavor::psp::format_2025::operations","@pid":14159,"@timestamp":"2026-03-31T20:29:40.778851Z"}
{"@file":"src/psp/format_2025/operations.rs","@level":"debug","@line":37,"@message":"✅ Operations packed: result=1332246476510272013","@module":"flavor::psp::format_2025::operations","@pid":14159,"@timestamp":"2026-03-31T20:29:40.778885Z"}
{"@file":"src/psp/format_2025/operations.rs","@level":"debug","@line":60,"@message":"✅ Operations unpacked: count=8 operations=[13, 26, 169, 161, 28, 23, 125, 18]","@module":"flavor::psp::format_2025::operations","@pid":14159,"@timestamp":"2026-03-31T20:29:40.778924Z"}
{"@file":"src/psp/format_2025/operations.rs","@level":"debug","@line":37,"@message":"✅ Operations packed: result=6636359","@module":"flavor::psp::format_2025::operations","@pid":14159,"@timestamp":"2026-03-31T20:29:40.778935Z"}
{"@file":"src/psp/format_2025/operations.rs","@level":"debug","@line":60,"@message":"✅ Operations unpacked: count=3 operations=[71, 67, 101]","@module":"flavor::psp::format_2025::operations","@pid":14159,"@timestamp":"2026-03-31T20:29:40.778961Z"}
{"@file":"src/psp/format_2025/operations.rs","@level":"debug","@line":60,"@message":"✅ Operations unpacked: count=8 operations=[76, 217, 77, 32, 58, 60, 151, 229]","@module":"flavor::psp::format_2025::operations","@pid":14159,"@timestamp":"2026-03-31T20:29:40.778974Z"}
{"@file":"src/psp/format_2025/operations.rs","@level":"debug","@line":37,"@message":"✅ Operations packed: result=16543757976516548940","@module":"flavor::psp::format_2025::operations","@pid":14159,"@timestamp":"2026-03-31T20:29:40.779000Z"}
{"@file":"src/psp/format_2025/operations.rs","@level":"debug","@line":37,"@message":"✅ Operations packed: result=840449143620","@module":"flavor::psp::format_2025::operations","@pid":14159,"@timestamp":"2026-03-31T20:29:40.779009Z"}
{"@file":"src/psp/format_2025/operations.rs","@level":"debug","@line":60,"@message":"✅ Operations unpacked: count=8 operations=[76, 217, 77, 32, 58, 60, 151, 229]","@module":"flavor::psp::format_2025::operations","@pid":14159,"@timestamp":"2026-03-31T20:29:40.779019Z"}
{"@file":"src/psp/format_2025/operations.rs","@level":"debug","@line":60,"@message":"✅ Operations unpacked: count=5 operations=[68, 51, 172, 174, 195]","@module":"flavor::psp::format_2025::operations","@pid":14159,"@timestamp":"2026-03-31T20:29:40.779036Z"}
{"@file":"src/psp/format_2025/operations.rs","@level":"debug","@line":60,"@message":"✅ Operations unpacked: count=8 operations=[33, 233, 51, 182, 46, 100, 136, 41]","@module":"flavor::psp::format_2025::operations","@pid":14159,"@timestamp":"2026-03-31T20:29:40.779072Z"}
{"@file":"src/psp/format_2025/operations.rs","@level":"debug","@line":37,"@message":"✅ Operations packed: result=1857916212","@module":"flavor::psp::format_2025::operations","@pid":14159,"@timestamp":"2026-03-31T20:29:40.779091Z"}
{"@file":"src/psp/format_2025/operations.rs","@level":"debug","@line":37,"@message":"✅ Operations packed: result=2992752104175823137","@module":"flavor::psp::format_2025::operations","@pid":14159,"@timestamp":"2026-03-31T20:29:40.779099Z"}
{"@file":"src/psp/format_2025/operations.rs","@level":"debug","@line":60,"@message":"✅ Operations unpacked: count=4 operations=[52, 141, 189, 110]","@module":"flavor::psp::format_2025::operations","@pid":14159,"@timestamp":"2026-03-31T20:29:40.779121Z"}
{"@file":"src/psp/format_2025/operations.rs","@level":"debug","@line":60,"@message":"✅ Operations unpacked: count=8 operations=[33, 233, 51, 182, 46, 100, 136, 41]","@module":"flavor::psp::format_2025::operations","@pid":14159,"@timestamp":"2026-03-31T20:29:40.779135Z"}
{"@file":"src/psp/format_2025/operations.rs","@level":"debug","@line":37,"@message":"✅ Operations packed: result=945657748750","@module":"flavor::psp::format_2025::operations","@pid":14159,"@timestamp":"2026-03-31T20:29:40.779170Z"}
{"@file":"src/psp/format_2025/operations.rs","@level":"debug","@line":60,"@message":"✅ Operations unpacked: count=8 operations=[98, 110, 223, 142, 7, 101, 84, 128]","@module":"flavor::psp::format_2025::operations","@pid":14159,"@timestamp":"2026-03-31T20:29:40.779184Z"}
{"@file":"src/psp/format_2025/operations.rs","@level":"debug","@line":60,"@message":"✅ Operations unpacked: count=5 operations=[14, 29, 152, 45, 220]","@module":"flavor::psp::format_2025::operations","@pid":14159,"@timestamp":"2026-03-31T20:29:40.779189Z"}
{"@file":"src/psp/format_2025/operations.rs","@level":"debug","@line":37,"@message":"✅ Operations packed: result=9247127018034654818","@module":"flavor::psp::format_2025::operations","@pid":14159,"@timestamp":"2026-03-31T20:29:40.779203Z"}
{"@file":"src/psp/format_2025/operations.rs","@level":"debug","@line":37,"@message":"✅ Operations packed: result=322011088730","@module":"flavor::psp::format_2025::operations","@pid":14159,"@timestamp":"2026-03-31T20:29:40.779235Z"}
{"@file":"src/psp/format_2025/operations.rs","@level":"debug","@line":60,"@message":"✅ Operations unpacked: count=8 operations=[98, 110, 223, 142, 7, 101, 84, 128]","@module":"flavor::psp::format_2025::operations","@pid":14159,"@timestamp":"2026-03-31T20:29:40.779244Z"}
{"@file":"src/psp/format_2025/operations.rs","@level":"debug","@line":60,"@message":"✅ Operations unpacked: count=5 operations=[90, 71, 91, 249, 74]","@module":"flavor::psp::format_2025::operations","@pid":14159,"@timestamp":"2026-03-31T20:29:40.779260Z"}
{"@file":"src/psp/format_2025/operations.rs","@level":"debug","@line":60,"@message":"✅ Operations unpacked: count=8 operations=[145, 246, 157, 18, 176, 216, 153, 191]","@module":"flavor::psp::format_2025::operations","@pid":14159,"@timestamp":"2026-03-31T20:29:40.779299Z"}
{"@file":"src/psp/format_2025/operations.rs","@level":"debug","@line":37,"@message":"✅ Operations packed: result=78496069823385","@module":"flavor::psp::format_2025::operations","@pid":14159,"@timestamp":"2026-03-31T20:29:40.779315Z"}
{"@file":"src/psp/format_2025/operations.rs","@level":"debug","@line":37,"@message":"✅ Operations packed: result=13806304383419152017","@module":"flavor::psp::format_2025::operations","@pid":14159,"@timestamp":"2026-03-31T20:29:40.779326Z"}
{"@file":"src/psp/format_2025/operations.rs","@level":"debug","@line":60,"@message":"✅ Operations unpacked: count=6 operations=[153, 171, 91, 74, 100, 71]","@module":"flavor::psp::format_2025::operations","@pid":14159,"@timestamp":"2026-03-31T20:29:40.779340Z"}
{"@file":"src/psp/format_2025/operations.rs","@level":"debug","@line":60,"@message":"✅ Operations unpacked: count=8 operations=[145, 246, 157, 18, 176, 216, 153, 191]","@module":"flavor::psp::format_2025::operations","@pid":14159,"@timestamp":"2026-03-31T20:29:40.779352Z"}
{"@file":"src/psp/format_2025/operations.rs","@level":"debug","@line":37,"@message":"✅ Operations packed: result=208","@module":"flavor::psp::format_2025::operations","@pid":14159,"@timestamp":"2026-03-31T20:29:40.779397Z"}
{"@file":"src/psp/format_2025/operations.rs","@level":"debug","@line":60,"@message":"✅ Operations unpacked: count=8 operations=[251, 109, 112, 65, 110, 76, 48, 162]","@module":"flavor::psp::format_2025::operations","@pid":14159,"@timestamp":"2026-03-31T20:29:40.779408Z"}
{"@file":"src/psp/format_2025/operations.rs","@level":"debug","@line":60,"@message":"✅ Operations unpacked: count=1 operations=[208]","@module":"flavor::psp::format_2025::operations","@pid":14159,"@timestamp":"2026-03-31T20:29:40.779422Z"}
{"@file":"src/psp/format_2025/operations.rs","@level":"debug","@line":37,"@message":"✅ Operations packed: result=11686925069454437883","@module":"flavor::psp::format_2025::operations","@pid":14159,"@timestamp":"2026-03-31T20:29:40.779434Z"}
{"@file":"src/psp/format_2025/operations.rs","@level":"debug","@line":60,"@message":"✅ Operations unpacked: count=8 operations=[251, 109, 112, 65, 110, 76, 48, 162]","@module":"flavor::psp::format_2025::operations","@pid":14159,"@timestamp":"2026-03-31T20:29:40.779459Z"}
{"@file":"src/psp/format_2025/operations.rs","@level":"debug","@line":37,"@message":"✅ Operations packed: result=13227457589292459268","@module":"flavor::psp::format_2025::operations","@pid":14159,"@timestamp":"2026-03-31T20:29:40.779474Z"}
{"@file":"src/psp/format_2025/operations.rs","@level":"debug","@line":60,"@message":"✅ Operations unpacked: count=8 operations=[4, 101, 82, 107, 152, 94, 145, 183]","@module":"flavor::psp::format_2025::operations","@pid":14159,"@timestamp":"2026-03-31T20:29:40.779500Z"}
{"@file":"src/psp/format_2025/operations.rs","@level":"debug","@line":60,"@message":"✅ Operations unpacked: count=8 operations=[204, 107, 21, 208, 153, 246, 100, 187]","@module":"flavor::psp::format_2025::operations","@pid":14159,"@timestamp":"2026-03-31T20:29:40.779505Z"}
{"@file":"src/psp/format_2025/operations.rs","@level":"debug","@line":37,"@message":"✅ Operations packed: result=13503188723245083596","@module":"flavor::psp::format_2025::operations","@pid":14159,"@timestamp":"2026-03-31T20:29:40.779532Z"}
{"@file":"src/psp/format_2025/operations.rs","@level":"debug","@line":60,"@message":"✅ Operations unpacked: count=8 operations=[204, 107, 21, 208, 153, 246, 100, 187]","@module":"flavor::psp::format_2025::operations","@pid":14159,"@timestamp":"2026-03-31T20:29:40.779550Z"}
{"@file":"src/psp/format_2025/operations.rs","@level":"debug","@line":37,"@message":"✅ Operations packed: result=50679315998032311","@module":"flavor::psp::format_2025::operations","@pid":14159,"@timestamp":"2026-03-31T20:29:40.779574Z"}
{"@file":"src/psp/format_2025/operations.rs","@level":"debug","@line":60,"@message":"✅ Operations unpacked: count=8 operations=[173, 12, 191, 80, 61, 48, 220, 56]","@module":"flavor::psp::format_2025::operations","@pid":14159,"@timestamp":"2026-03-31T20:29:40.779596Z"}
{"@file":"src/psp/format_2025/operations.rs","@level":"debug","@line":60,"@message":"✅ Operations unpacked: count=7 operations=[183, 193, 133, 195, 145, 12, 180]","@module":"flavor::psp::format_2025::operations","@pid":14159,"@timestamp":"2026-03-31T20:29:40.779603Z"}
{"@file":"src/psp/format_2025/operations.rs","@level":"debug","@line":37,"@message":"✅ Operations packed: result=4097202800906144941","@module":"flavor::psp::format_2025::operations","@pid":14159,"@timestamp":"2026-03-31T20:29:40.779632Z"}
{"@file":"src/psp/format_2025/operations.rs","@level":"debug","@line":60,"@message":"✅ Operations unpacked: count=8 operations=[173, 12, 191, 80, 61, 48, 220, 56]","@module":"flavor::psp::format_2025::operations","@pid":14159,"@timestamp":"2026-03-31T20:29:40.779671Z"}
{"@file":"src/psp/format_2025/operations.rs","@level":"debug","@line":37,"@message":"✅ Operations packed: result=265228640723095","@module":"flavor::psp::format_2025::operations","@pid":14159,"@timestamp":"2026-03-31T20:29:40.779689Z"}
{"@file":"src/psp/format_2025/operations.rs","@level":"debug","@line":60,"@message":"✅ Operations unpacked: count=6 operations=[151, 32, 234, 90, 57, 241]","@module":"flavor::psp::format_2025::operations","@pid":14159,"@timestamp":"2026-03-31T20:29:40.779708Z"}
{"@file":"src/psp/format_2025/operations.rs","@level":"debug","@line":60,"@message":"✅ Operations unpacked: count=8 operations=[161, 236, 165, 117, 221, 57, 134, 91]","@module":"flavor::psp::format_2025::operations","@pid":14159,"@timestamp":"2026-03-31T20:29:40.779721Z"}
{"@file":"src/psp/format_2025/operations.rs","@level":"debug","@line":37,"@message":"✅ Operations packed: result=6595022327655034017","@module":"flavor::psp::format_2025::operations","@pid":14159,"@timestamp":"2026-03-31T20:29:40.779741Z"}
{"@file":"src/psp/format_2025/operations.rs","@level":"debug","@line":37,"@message":"✅ Operations packed: result=0","@module":"flavor::psp::format_2025::operations","@pid":14159,"@timestamp":"2026-03-31T20:29:40.779754Z"}
{"@file":"src/psp/format_2025/operations.rs","@level":"debug","@line":60,"@message":"✅ Operations unpacked: count=8 operations=[161, 236, 165, 117, 221, 57, 134, 91]","@module":"flavor::psp::format_2025::operations","@pid":14159,"@timestamp":"2026-03-31T20:29:40.779762Z"}
{"@file":"src/psp/format_2025/operations.rs","@level":"debug","@line":60,"@message":"✅ Operations unpacked: count=0 operations=[]","@module":"flavor::psp::format_2025::operations","@pid":14159,"@timestamp":"2026-03-31T20:29:40.779772Z"}
{"@file":"src/psp/format_2025/operations.rs","@level":"debug","@line":60,"@message":"✅ Operations unpacked: count=8 operations=[70, 101, 91, 133, 53, 129, 170, 63]","@module":"flavor::psp::format_2025::operations","@pid":14159,"@timestamp":"2026-03-31T20:29:40.779807Z"}
{"@file":"src/psp/format_2025/operations.rs","@level":"debug","@line":37,"@message":"✅ Operations packed: result=45042776346997887","@module":"flavor::psp::format_2025::operations","@pid":14159,"@timestamp":"2026-03-31T20:29:40.779818Z"}
{"@file":"src/psp/format_2025/operations.rs","@level":"debug","@line":37,"@message":"✅ Operations packed: result=4587621237300880710","@module":"flavor::psp::format_2025::operations","@pid":14159,"@timestamp":"2026-03-31T20:29:40.779828Z"}
{"@file":"src/psp/format_2025/operations.rs","@level":"debug","@line":60,"@message":"✅ Operations unpacked: count=7 operations=[127, 52, 220, 155, 42, 6, 160]","@module":"flavor::psp::format_2025::operations","@pid":14159,"@timestamp":"2026-03-31T20:29:40.779837Z"}
{"@file":"src/psp/format_2025/operations.rs","@level":"debug","@line":60,"@message":"✅ Operations unpacked: count=8 operations=[70, 101, 91, 133, 53, 129, 170, 63]","@module":"flavor::psp::format_2025::operations","@pid":14159,"@timestamp":"2026-03-31T20:29:40.779846Z"}
{"@file":"src/psp/format_2025/operations.rs","@level":"debug","@line":37,"@message":"✅ Operations packed: result=28677172644250012","@module":"flavor::psp::format_2025::operations","@pid":14159,"@timestamp":"2026-03-31T20:29:40.779888Z"}
{"@file":"src/psp/format_2025/operations.rs","@level":"debug","@line":60,"@message":"✅ Operations unpacked: count=6 operations=[31, 37, 92, 55, 204, 111]","@module":"flavor::psp::format_2025::operations","@pid":14159,"@timestamp":"2026-03-31T20:29:40.779895Z"}
{"@file":"src/psp/format_2025/operations.rs","@level":"debug","@line":60,"@message":"✅ Operations unpacked: count=7 operations=[156, 129, 159, 144, 188, 225, 101]","@module":"flavor::psp::format_2025::operations","@pid":14159,"@timestamp":"2026-03-31T20:29:40.779907Z"}
{"@file":"src/psp/format_2025/operations.rs","@level":"debug","@line":37,"@message":"✅ Operations packed: result=122922892797215","@module":"flavor::psp::format_2025::operations","@pid":14159,"@timestamp":"2026-03-31T20:29:40.779914Z"}
{"@file":"src/psp/format_2025/operations.rs","@level":"debug","@line":60,"@message":"✅ Operations unpacked: count=6 operations=[31, 37, 92, 55, 204, 111]","@module":"flavor::psp::format_2025::operations","@pid":14159,"@timestamp":"2026-03-31T20:29:40.779933Z"}
{"@file":"src/psp/format_2025/operations.rs","@level":"debug","@line":37,"@message":"✅ Operations packed: result=0","@module":"flavor::psp::format_2025::operations","@pid":14159,"@timestamp":"2026-03-31T20:29:40.779952Z"}
{"@file":"src/psp/format_2025/operations.rs","@level":"debug","@line":60,"@message":"✅ Operations unpacked: count=0 operations=[]","@module":"flavor::psp::format_2025::operations","@pid":14159,"@timestamp":"2026-03-31T20:29:40.779971Z"}
{"@file":"src/psp/format_2025/operations.rs","@level":"debug","@line":60,"@message":"✅ Operations unpacked: count=8 operations=[58, 253, 200, 133, 44, 217, 226, 59]","@module":"flavor::psp::format_2025::operations","@pid":14159,"@timestamp":"2026-03-31T20:29:40.779978Z"}
{"@file":"src/psp/format_2025/operations.rs","@level":"debug","@line":37,"@message":"✅ Operations packed: result=4315250178220686650","@module":"flavor::psp::format_2025::operations","@pid":14159,"@timestamp":"2026-03-31T20:29:40.779998Z"}
{"@file":"src/psp/format_2025/operations.rs","@level":"debug","@line":60,"@message":"✅ Operations unpacked: count=8 operations=[58, 253, 200, 133, 44, 217, 226, 59]","@module":"flavor::psp::format_2025::operations","@pid":14159,"@timestamp":"2026-03-31T20:29:40.780015Z"}
{"@file":"src/psp/format_2025/operations.rs","@level":"debug","@line":37,"@message":"✅ Operations packed: result=0","@module":"flavor::psp::format_2025::operations","@pid":14159,"@timestamp":"2026-03-31T20:29:40.780016Z"}
{"@file":"src/psp/format_2025/operations.rs","@level":"debug","@line":60,"@message":"✅ Operations unpacked: count=0 operations=[]","@module":"flavor::psp::format_2025::operations","@pid":14159,"@timestamp":"2026-03-31T20:29:40.780054Z"}
{"@file":"src/psp/format_2025/operations.rs","@level":"debug","@line":60,"@message":"✅ Operations unpacked: count=8 operations=[131, 195, 232, 82, 59, 22, 34, 165]","@module":"flavor::psp::format_2025::operations","@pid":14159,"@timestamp":"2026-03-31T20:29:40.780064Z"}
{"@file":"src/psp/format_2025/operations.rs","@level":"debug","@line":37,"@message":"✅ Operations packed: result=63987701554250351","@module":"flavor::psp::format_2025::operations","@pid":14159,"@timestamp":"2026-03-31T20:29:40.780107Z"}
{"@file":"src/psp/format_2025/operations.rs","@level":"debug","@line":37,"@message":"✅ Operations packed: result=11899097609516139395","@module":"flavor::psp::format_2025::operations","@pid":14159,"@timestamp":"2026-03-31T20:29:40.780094Z"}
{"@file":"src/psp/format_2025/operations.rs","@level":"debug","@line":60,"@message":"✅ Operations unpacked: count=7 operations=[111, 130, 34, 189, 121, 84, 227]","@module":"flavor::psp::format_2025::operations","@pid":14159,"@timestamp":"2026-03-31T20:29:40.780136Z"}
{"@file":"src/psp/format_2025/operations.rs","@level":"debug","@line":60,"@message":"✅ Operations unpacked: count=8 operations=[131, 195, 232, 82, 59, 22, 34, 165]","@module":"flavor::psp::format_2025::operations","@pid":14159,"@timestamp":"2026-03-31T20:29:40.780153Z"}
{"@file":"src/psp/format_2025/operations.rs","@level":"debug","@line":37,"@message":"✅ Operations packed: result=611786761901","@module":"flavor::psp::format_2025::operations","@pid":14159,"@timestamp":"2026-03-31T20:29:40.780190Z"}
{"@file":"src/psp/format_2025/operations.rs","@level":"debug","@line":60,"@message":"✅ Operations unpacked: count=8 operations=[175, 85, 77, 212, 59, 19, 138, 125]","@module":"flavor::psp::format_2025::operations","@pid":14159,"@timestamp":"2026-03-31T20:29:40.780213Z"}
{"@file":"src/psp/format_2025/operations.rs","@level":"debug","@line":60,"@message":"✅ Operations unpacked: count=5 operations=[173, 38, 85, 113, 142]","@module":"flavor::psp::format_2025::operations","@pid":14159,"@timestamp":"2026-03-31T20:29:40.780215Z"}
{"@file":"src/psp/format_2025/operations.rs","@level":"debug","@line":37,"@message":"✅ Operations packed: result=9046063949212898735","@module":"flavor::psp::format_2025::operations","@pid":14159,"@timestamp":"2026-03-31T20:29:40.780243Z"}
{"@file":"src/psp/format_2025/operations.rs","@level":"debug","@line":60,"@message":"✅ Operations unpacked: count=8 operations=[175, 85, 77, 212, 59, 19, 138, 125]","@module":"flavor::psp::format_2025::operations","@pid":14159,"@timestamp":"2026-03-31T20:29:40.780264Z"}
{"@file":"src/psp/format_2025/operations.rs","@level":"debug","@line":37,"@message":"✅ Operations packed: result=3811231598","@module":"flavor::psp::format_2025::operations","@pid":14159,"@timestamp":"2026-03-31T20:29:40.780309Z"}
{"@file":"src/psp/format_2025/operations.rs","@level":"debug","@line":60,"@message":"✅ Operations unpacked: count=4 operations=[110, 199, 42, 227]","@module":"flavor::psp::format_2025::operations","@pid":14159,"@timestamp":"2026-03-31T20:29:40.780338Z"}
{"@file":"src/psp/format_2025/operations.rs","@level":"debug","@line":60,"@message":"✅ Operations unpacked: count=8 operations=[93, 8, 13, 105, 193, 10, 106, 16]","@module":"flavor::psp::format_2025::operations","@pid":14159,"@timestamp":"2026-03-31T20:29:40.780338Z"}
{"@file":"src/psp/format_2025/operations.rs","@level":"debug","@line":37,"@message":"✅ Operations packed: result=1182769677945604189","@module":"flavor::psp::format_2025::operations","@pid":14159,"@timestamp":"2026-03-31T20:29:40.780374Z"}
{"@file":"src/psp/format_2025/operations.rs","@level":"debug","@line":37,"@message":"✅ Operations packed: result=49617","@module":"flavor::psp::format_2025::operations","@pid":14159,"@timestamp":"2026-03-31T20:29:40.780389Z"}
{"@file":"src/psp/format_2025/operations.rs","@level":"debug","@line":60,"@message":"✅ Operations unpacked: count=8 operations=[93, 8, 13, 105, 193, 10, 106, 16]","@module":"flavor::psp::format_2025::operations","@pid":14159,"@timestamp":"2026-03-31T20:29:40.780402Z"}
{"@file":"src/psp/format_2025/operations.rs","@level":"debug","@line":60,"@message":"✅ Operations unpacked: count=2 operations=[209, 193]","@module":"flavor::psp::format_2025::operations","@pid":14159,"@timestamp":"2026-03-31T20:29:40.780417Z"}
{"@file":"src/psp/format_2025/operations.rs","@level":"debug","@line":60,"@message":"✅ Operations unpacked: count=8 operations=[153, 22, 152, 255, 42, 157, 21, 130]","@module":"flavor::psp::format_2025::operations","@pid":14159,"@timestamp":"2026-03-31T20:29:40.780458Z"}
{"@file":"src/psp/format_2025/operations.rs","@level":"debug","@line":37,"@message":"✅ Operations packed: result=635557601","@module":"flavor::psp::format_2025::operations","@pid":14159,"@timestamp":"2026-03-31T20:29:40.780470Z"}
{"@file":"src/psp/format_2025/operations.rs","@level":"debug","@line":37,"@message":"✅ Operations packed: result=9373571007443900057","@module":"flavor::psp::format_2025::operations","@pid":14159,"@timestamp":"2026-03-31T20:29:40.780493Z"}
{"@file":"src/psp/format_2025/operations.rs","@level":"debug","@line":60,"@message":"✅ Operations unpacked: count=4 operations=[225, 214, 225, 37]","@module":"flavor::psp::format_2025::operations","@pid":14159,"@timestamp":"2026-03-31T20:29:40.780523Z"}
{"@file":"src/psp/format_2025/operations.rs","@level":"debug","@line":60,"@message":"✅ Operations unpacked: count=8 operations=[153, 22, 152, 255, 42, 157, 21, 130]","@module":"flavor::psp::format_2025::operations","@pid":14159,"@timestamp":"2026-03-31T20:29:40.780531Z"}
{"@file":"src/psp/format_2025/operations.rs","@level":"debug","@line":37,"@message":"✅ Operations packed: result=3450115401","@module":"flavor::psp::format_2025::operations","@pid":14159,"@timestamp":"2026-03-31T20:29:40.780573Z"}
{"@file":"src/psp/format_2025/operations.rs","@level":"debug","@line":60,"@message":"✅ Operations unpacked: count=8 operations=[20, 132, 201, 214, 244, 1, 199, 167]","@module":"flavor::psp::format_2025::operations","@pid":14159,"@timestamp":"2026-03-31T20:29:40.780580Z"}
{"@file":"src/psp/format_2025/operations.rs","@level":"debug","@line":60,"@message":"✅ Operations unpacked: count=4 operations=[73, 149, 164, 205]","@module":"flavor::psp::format_2025::operations","@pid":14159,"@timestamp":"2026-03-31T20:29:40.780591Z"}
{"@file":"src/psp/format_2025/operations.rs","@level":"debug","@line":37,"@message":"✅ Operations packed: result=12089633875786564628","@module":"flavor::psp::format_2025::operations","@pid":14159,"@timestamp":"2026-03-31T20:29:40.780600Z"}
{"@file":"src/psp/format_2025/operations.rs","@level":"debug","@line":60,"@message":"✅ Operations unpacked: count=8 operations=[20, 132, 201, 214, 244, 1, 199, 167]","@module":"flavor::psp::format_2025::operations","@pid":14159,"@timestamp":"2026-03-31T20:29:40.780619Z"}
{"@file":"src/psp/format_2025/operations.rs","@level":"debug","@line":37,"@message":"✅ Operations packed: result=0","@module":"flavor::psp::format_2025::operations","@pid":14159,"@timestamp":"2026-03-31T20:29:40.780636Z"}
{"@file":"src/psp/format_2025/operations.rs","@level":"debug","@line":60,"@message":"✅ Operations unpacked: count=0 operations=[]","@module":"flavor::psp::format_2025::operations","@pid":14159,"@timestamp":"2026-03-31T20:29:40.780655Z"}
{"@file":"src/psp/format_2025/operations.rs","@level":"debug","@line":60,"@message":"✅ Operations unpacked: count=8 operations=[135, 63, 235, 17, 249, 210, 87, 202]","@module":"flavor::psp::format_2025::operations","@pid":14159,"@timestamp":"2026-03-31T20:29:40.780663Z"}
{"@file":"src/psp/format_2025/operations.rs","@level":"debug","@line":37,"@message":"✅ Operations packed: result=14580354285824589703","@module":"flavor::psp::format_2025::operations","@pid":14159,"@timestamp":"2026-03-31T20:29:40.780683Z"}
{"@file":"src/psp/format_2025/operations.rs","@level":"debug","@line":37,"@message":"✅ Operations packed: result=13441481","@module":"flavor::psp::format_2025::operations","@pid":14159,"@timestamp":"2026-03-31T20:29:40.780700Z"}
{"@file":"src/psp/format_2025/operations.rs","@level":"debug","@line":60,"@message":"✅ Operations unpacked: count=8 operations=[135, 63, 235, 17, 249, 210, 87, 202]","@module":"flavor::psp::format_2025::operations","@pid":14159,"@timestamp":"2026-03-31T20:29:40.780700Z"}
{"@file":"src/psp/format_2025/operations.rs","@level":"debug","@line":60,"@message":"✅ Operations unpacked: count=3 operations=[201, 25, 205]","@module":"flavor::psp::format_2025::operations","@pid":14159,"@timestamp":"2026-03-31T20:29:40.780720Z"}
{"@file":"src/psp/format_2025/operations.rs","@level":"debug","@line":60,"@message":"✅ Operations unpacked: count=8 operations=[206, 225, 170, 193, 82, 253, 247, 159]","@module":"flavor::psp::format_2025::operations","@pid":14159,"@timestamp":"2026-03-31T20:29:40.780776Z"}
{"@file":"src/psp/format_2025/operations.rs","@level":"debug","@line":37,"@message":"✅ Operations packed: result=13240113272860958","@module":"flavor::psp::format_2025::operations","@pid":14159,"@timestamp":"2026-03-31T20:29:40.780795Z"}
{"@file":"src/psp/format_2025/operations.rs","@level":"debug","@line":37,"@message":"✅ Operations packed: result=11526960303156421070","@module":"flavor::psp::format_2025::operations","@pid":14159,"@timestamp":"2026-03-31T20:29:40.780805Z"}
{"@file":"src/psp/format_2025/operations.rs","@level":"debug","@line":60,"@message":"✅ Operations unpacked: count=7 operations=[30, 49, 106, 24, 208, 9, 47]","@module":"flavor::psp::format_2025::operations","@pid":14159,"@timestamp":"2026-03-31T20:29:40.780824Z"}
{"@file":"src/psp/format_2025/operations.rs","@level":"debug","@line":60,"@message":"✅ Operations unpacked: count=8 operations=[206, 225, 170, 193, 82, 253, 247, 159]","@module":"flavor::psp::format_2025::operations","@pid":14159,"@timestamp":"2026-03-31T20:29:40.780835Z"}
{"@file":"src/psp/format_2025/operations.rs","@level":"debug","@line":37,"@message":"✅ Operations packed: result=8761183001721263127","@module":"flavor::psp::format_2025::operations","@pid":14159,"@timestamp":"2026-03-31T20:29:40.780882Z"}
{"@file":"src/psp/format_2025/operations.rs","@level":"debug","@line":60,"@message":"✅ Operations unpacked: count=8 operations=[44, 76, 102, 53, 166, 79, 8, 192]","@module":"flavor::psp::format_2025::operations","@pid":14159,"@timestamp":"2026-03-31T20:29:40.780894Z"}
{"@file":"src/psp/format_2025/operations.rs","@level":"debug","@line":60,"@message":"✅ Operations unpacked: count=8 operations=[23, 84, 201, 117, 133, 249, 149, 121]","@module":"flavor::psp::format_2025::operations","@pid":14159,"@timestamp":"2026-03-31T20:29:40.780909Z"}
{"@file":"src/psp/format_2025/operations.rs","@level":"debug","@line":37,"@message":"✅ Operations packed: result=13837397430374911020","@module":"flavor::psp::format_2025::operations","@pid":14159,"@timestamp":"2026-03-31T20:29:40.780922Z"}
{"@file":"src/psp/format_2025/operations.rs","@level":"debug","@line":60,"@message":"✅ Operations unpacked: count=8 operations=[44, 76, 102, 53, 166, 79, 8, 192]","@module":"flavor::psp::format_2025::operations","@pid":14159,"@timestamp":"2026-03-31T20:29:40.780951Z"}
{"@file":"src/psp/format_2025/operations.rs","@level":"debug","@line":37,"@message":"✅ Operations packed: result=2405582321192453952","@module":"flavor::psp::format_2025::operations","@pid":14159,"@timestamp":"2026-03-31T20:29:40.780967Z"}
{"@file":"src/psp/format_2025/operations.rs","@level":"debug","@line":60,"@message":"✅ Operations unpacked: count=8 operations=[64, 199, 162, 52, 96, 88, 98, 33]","@module":"flavor::psp::format_2025::operations","@pid":14159,"@timestamp":"2026-03-31T20:29:40.780998Z"}
{"@file":"src/psp/format_2025/operations.rs","@level":"debug","@line":60,"@message":"✅ Operations unpacked: count=8 operations=[125, 243, 67, 10, 227, 149, 98, 113]","@module":"flavor::psp::format_2025::operations","@pid":14159,"@timestamp":"2026-03-31T20:29:40.780999Z"}
{"@file":"src/psp/format_2025/operations.rs","@level":"debug","@line":37,"@message":"✅ Operations packed: result=8170257476365841277","@module":"flavor::psp::format_2025::operations","@pid":14159,"@timestamp":"2026-03-31T20:29:40.781032Z"}
{"@file":"src/psp/format_2025/operations.rs","@level":"debug","@line":37,"@message":"✅ Operations packed: result=237836080805937","@module":"flavor::psp::format_2025::operations","@pid":14159,"@timestamp":"2026-03-31T20:29:40.781048Z"}
{"@file":"src/psp/format_2025/operations.rs","@level":"debug","@line":60,"@message":"✅ Operations unpacked: count=8 operations=[125, 243, 67, 10, 227, 149, 98, 113]","@module":"flavor::psp::format_2025::operations","@pid":14159,"@timestamp":"2026-03-31T20:29:40.781049Z"}
{"@file":"src/psp/format_2025/operations.rs","@level":"debug","@line":60,"@message":"✅ Operations unpacked: count=6 operations=[49, 120, 28, 135, 79, 216]","@module":"flavor::psp::format_2025::operations","@pid":14159,"@timestamp":"2026-03-31T20:29:40.781079Z"}
{"@file":"src/psp/format_2025/operations.rs","@level":"debug","@line":60,"@message":"✅ Operations unpacked: count=8 operations=[222, 105, 187, 56, 84, 215, 85, 44]","@module":"flavor::psp::format_2025::operations","@pid":14159,"@timestamp":"2026-03-31T20:29:40.781135Z"}
{"@file":"src/psp/format_2025/operations.rs","@level":"debug","@line":37,"@message":"✅ Operations packed: result=57889","@module":"flavor::psp::format_2025::operations","@pid":14159,"@timestamp":"2026-03-31T20:29:40.781152Z"}
{"@file":"src/psp/format_2025/operations.rs","@level":"debug","@line":37,"@message":"✅ Operations packed: result=3194696267418266078","@module":"flavor::psp::format_2025::operations","@pid":14159,"@timestamp":"2026-03-31T20:29:40.781157Z"}
{"@file":"src/psp/format_2025/operations.rs","@level":"debug","@line":60,"@message":"✅ Operations unpacked: count=2 operations=[33, 226]","@module":"flavor::psp::format_2025::operations","@pid":14159,"@timestamp":"2026-03-31T20:29:40.781174Z"}
{"@file":"src/psp/format_2025/operations.rs","@level":"debug","@line":60,"@message":"✅ Operations unpacked: count=8 operations=[222, 105, 187, 56, 84, 215, 85, 44]","@module":"flavor::psp::format_2025::operations","@pid":14159,"@timestamp":"2026-03-31T20:29:40.781182Z"}
{"@file":"src/psp/format_2025/operations.rs","@level":"debug","@line":37,"@message":"✅ Operations packed: result=0","@module":"flavor::psp::format_2025::operations","@pid":14159,"@timestamp":"2026-03-31T20:29:40.781220Z"}
{"@file":"src/psp/format_2025/operations.rs","@level":"debug","@line":60,"@message":"✅ Operations unpacked: count=8 operations=[110, 60, 170, 195, 39, 3, 78, 145]","@module":"flavor::psp::format_2025::operations","@pid":14159,"@timestamp":"2026-03-31T20:29:40.781228Z"}
{"@file":"src/psp/format_2025/operations.rs","@level":"debug","@line":60,"@message":"✅ Operations unpacked: count=0 operations=[]","@module":"flavor::psp::format_2025::operations","@pid":14159,"@timestamp":"2026-03-31T20:29:40.781238Z"}
{"@file":"src/psp/format_2025/operations.rs","@level":"debug","@line":37,"@message":"✅ Operations packed: result=10470309653004303470","@module":"flavor::psp::format_2025::operations","@pid":14159,"@timestamp":"2026-03-31T20:29:40.781249Z"}
{"@file":"src/psp/format_2025/operations.rs","@level":"debug","@line":60,"@message":"✅ Operations unpacked: count=8 operations=[110, 60, 170, 195, 39, 3, 78, 145]","@module":"flavor::psp::format_2025::operations","@pid":14159,"@timestamp":"2026-03-31T20:29:40.781267Z"}
{"@file":"src/psp/format_2025/operations.rs","@level":"debug","@line":37,"@message":"✅ Operations packed: result=25975","@module":"flavor::psp::format_2025::operations","@pid":14159,"@timestamp":"2026-03-31T20:29:40.781283Z"}
{"@file":"src/psp/format_2025/operations.rs","@level":"debug","@line":60,"@message":"✅ Operations unpacked: count=2 operations=[119, 101]","@module":"flavor::psp::format_2025::operations","@pid":14159,"@timestamp":"2026-03-31T20:29:40.781302Z"}
{"@file":"src/psp/format_2025/operations.rs","@level":"debug","@line":60,"@message":"✅ Operations unpacked: count=8 operations=[185, 203, 184, 86, 234, 166, 196, 37]","@module":"flavor::psp::format_2025::operations","@pid":14159,"@timestamp":"2026-03-31T20:29:40.781312Z"}
{"@file":"src/psp/format_2025/operations.rs","@level":"debug","@line":37,"@message":"✅ Operations packed: result=2721483600246131641","@module":"flavor::psp::format_2025::operations","@pid":14159,"@timestamp":"2026-03-31T20:29:40.781331Z"}
test psp::format_2025::operations::tests::prop_pack_unpack_roundtrip ... ok
{"@file":"src/psp/format_2025/operations.rs","@level":"debug","@line":60,"@message":"✅ Operations unpacked: count=8 operations=[185, 203, 184, 86, 234, 166, 196, 37]","@module":"flavor::psp::format_2025::operations","@pid":14159,"@timestamp":"2026-03-31T20:29:40.781348Z"}
{"@file":"src/psp/format_2025/operations.rs","@level":"debug","@line":60,"@message":"✅ Operations unpacked: count=8 operations=[241, 202, 244, 74, 74, 167, 117, 61]","@module":"flavor::psp::format_2025::operations","@pid":14159,"@timestamp":"2026-03-31T20:29:40.781393Z"}
{"@file":"src/psp/format_2025/operations.rs","@level":"debug","@line":37,"@message":"✅ Operations packed: result=4428629746115726065","@module":"flavor::psp::format_2025::operations","@pid":14159,"@timestamp":"2026-03-31T20:29:40.781412Z"}
{"@file":"src/psp/format_2025/operations.rs","@level":"debug","@line":60,"@message":"✅ Operations unpacked: count=8 operations=[241, 202, 244, 74, 74, 167, 117, 61]","@module":"flavor::psp::format_2025::operations","@pid":14159,"@timestamp":"2026-03-31T20:29:40.781428Z"}
{"@file":"src/psp/format_2025/operations.rs","@level":"debug","@line":60,"@message":"✅ Operations unpacked: count=8 operations=[159, 186, 233, 235, 44, 10, 154, 107]","@module":"flavor::psp::format_2025::operations","@pid":14159,"@timestamp":"2026-03-31T20:29:40.781471Z"}
{"@file":"src/psp/format_2025/operations.rs","@level":"debug","@line":37,"@message":"✅ Operations packed: result=7753520896524532383","@module":"flavor::psp::format_2025::operations","@pid":14159,"@timestamp":"2026-03-31T20:29:40.781490Z"}
{"@file":"src/psp/format_2025/operations.rs","@level":"debug","@line":60,"@message":"✅ Operations unpacked: count=8 operations=[159, 186, 233, 235, 44, 10, 154, 107]","@module":"flavor::psp::format_2025::operations","@pid":14159,"@timestamp":"2026-03-31T20:29:40.781507Z"}
{"@file":"src/psp/format_2025/operations.rs","@level":"debug","@line":60,"@message":"✅ Operations unpacked: count=8 operations=[97, 197, 239, 16, 182, 150, 193, 135]","@module":"flavor::psp::format_2025::operations","@pid":14159,"@timestamp":"2026-03-31T20:29:40.781551Z"}
{"@file":"src/psp/format_2025/operations.rs","@level":"debug","@line":37,"@message":"✅ Operations packed: result=9782265574337791329","@module":"flavor::psp::format_2025::operations","@pid":14159,"@timestamp":"2026-03-31T20:29:40.781569Z"}
{"@file":"src/psp/format_2025/operations.rs","@level":"debug","@line":60,"@message":"✅ Operations unpacked: count=8 operations=[97, 197, 239, 16, 182, 150, 193, 135]","@module":"flavor::psp::format_2025::operations","@pid":14159,"@timestamp":"2026-03-31T20:29:40.781586Z"}
{"@file":"src/psp/format_2025/operations.rs","@level":"debug","@line":60,"@message":"✅ Operations unpacked: count=8 operations=[107, 160, 14, 235, 247, 87, 245, 25]","@module":"flavor::psp::format_2025::operations","@pid":14159,"@timestamp":"2026-03-31T20:29:40.781632Z"}
{"@file":"src/psp/format_2025/operations.rs","@level":"debug","@line":37,"@message":"✅ Operations packed: result=1870497942554452075","@module":"flavor::psp::format_2025::operations","@pid":14159,"@timestamp":"2026-03-31T20:29:40.781650Z"}
{"@file":"src/psp/format_2025/operations.rs","@level":"debug","@line":60,"@message":"✅ Operations unpacked: count=8 operations=[107, 160, 14, 235, 247, 87, 245, 25]","@module":"flavor::psp::format_2025::operations","@pid":14159,"@timestamp":"2026-03-31T20:29:40.781676Z"}
{"@file":"src/psp/format_2025/operations.rs","@level":"debug","@line":60,"@message":"✅ Operations unpacked: count=8 operations=[19, 146, 231, 152, 189, 200, 203, 120]","@module":"flavor::psp::format_2025::operations","@pid":14159,"@timestamp":"2026-03-31T20:29:40.781723Z"}
{"@file":"src/psp/format_2025/operations.rs","@level":"debug","@line":37,"@message":"✅ Operations packed: result=8704271421463302675","@module":"flavor::psp::format_2025::operations","@pid":14159,"@timestamp":"2026-03-31T20:29:40.781743Z"}
{"@file":"src/psp/format_2025/operations.rs","@level":"debug","@line":60,"@message":"✅ Operations unpacked: count=8 operations=[19, 146, 231, 152, 189, 200, 203, 120]","@module":"flavor::psp::format_2025::operations","@pid":14159,"@timestamp":"2026-03-31T20:29:40.781759Z"}
{"@file":"src/psp/format_2025/operations.rs","@level":"debug","@line":60,"@message":"✅ Operations unpacked: count=8 operations=[16, 175, 144, 155, 189, 143, 218, 233]","@module":"flavor::psp::format_2025::operations","@pid":14159,"@timestamp":"2026-03-31T20:29:40.781805Z"}
{"@file":"src/psp/format_2025/operations.rs","@level":"debug","@line":37,"@message":"✅ Operations packed: result=16850939000281673488","@module":"flavor::psp::format_2025::operations","@pid":14159,"@timestamp":"2026-03-31T20:29:40.781824Z"}
{"@file":"src/psp/format_2025/operations.rs","@level":"debug","@line":60,"@message":"✅ Operations unpacked: count=8 operations=[16, 175, 144, 155, 189, 143, 218, 233]","@module":"flavor::psp::format_2025::operations","@pid":14159,"@timestamp":"2026-03-31T20:29:40.781841Z"}
{"@file":"src/psp/format_2025/operations.rs","@level":"debug","@line":60,"@message":"✅ Operations unpacked: count=8 operations=[25, 178, 74, 71, 251, 233, 71, 142]","@module":"flavor::psp::format_2025::operations","@pid":14159,"@timestamp":"2026-03-31T20:29:40.781886Z"}
{"@file":"src/psp/format_2025/operations.rs","@level":"debug","@line":37,"@message":"✅ Operations packed: result=10252420342174364185","@module":"flavor::psp::format_2025::operations","@pid":14159,"@timestamp":"2026-03-31T20:29:40.781905Z"}
{"@file":"src/psp/format_2025/operations.rs","@level":"debug","@line":60,"@message":"✅ Operations unpacked: count=8 operations=[25, 178, 74, 71, 251, 233, 71, 142]","@module":"flavor::psp::format_2025::operations","@pid":14159,"@timestamp":"2026-03-31T20:29:40.781922Z"}
{"@file":"src/psp/format_2025/operations.rs","@level":"debug","@line":60,"@message":"✅ Operations unpacked: count=8 operations=[93, 176, 14, 112, 108, 110, 173, 92]","@module":"flavor::psp::format_2025::operations","@pid":14159,"@timestamp":"2026-03-31T20:29:40.781967Z"}
{"@file":"src/psp/format_2025/operations.rs","@level":"debug","@line":37,"@message":"✅ Operations packed: result=6678115234475847773","@module":"flavor::psp::format_2025::operations","@pid":14159,"@timestamp":"2026-03-31T20:29:40.781986Z"}
{"@file":"src/psp/format_2025/operations.rs","@level":"debug","@line":60,"@message":"✅ Operations unpacked: count=8 operations=[93, 176, 14, 112, 108, 110, 173, 92]","@module":"flavor::psp::format_2025::operations","@pid":14159,"@timestamp":"2026-03-31T20:29:40.782003Z"}
{"@file":"src/psp/format_2025/operations.rs","@level":"debug","@line":60,"@message":"✅ Operations unpacked: count=1 operations=[21]","@module":"flavor::psp::format_2025::operations","@pid":14159,"@timestamp":"2026-03-31T20:29:40.782048Z"}
{"@file":"src/psp/format_2025/operations.rs","@level":"debug","@line":37,"@message":"✅ Operations packed: result=21","@module":"flavor::psp::format_2025::operations","@pid":14159,"@timestamp":"2026-03-31T20:29:40.782066Z"}
{"@file":"src/psp/format_2025/operations.rs","@level":"debug","@line":60,"@message":"✅ Operations unpacked: count=1 operations=[21]","@module":"flavor::psp::format_2025::operations","@pid":14159,"@timestamp":"2026-03-31T20:29:40.782082Z"}
{"@file":"src/psp/format_2025/operations.rs","@level":"debug","@line":60,"@message":"✅ Operations unpacked: count=8 operations=[41, 9, 38, 203, 191, 109, 13, 214]","@module":"flavor::psp::format_2025::operations","@pid":14159,"@timestamp":"2026-03-31T20:29:40.782126Z"}
{"@file":"src/psp/format_2025/operations.rs","@level":"debug","@line":37,"@message":"✅ Operations packed: result=15424104969328265513","@module":"flavor::psp::format_2025::operations","@pid":14159,"@timestamp":"2026-03-31T20:29:40.782144Z"}
{"@file":"src/psp/format_2025/operations.rs","@level":"debug","@line":60,"@message":"✅ Operations unpacked: count=8 operations=[41, 9, 38, 203, 191, 109, 13, 214]","@module":"flavor::psp::format_2025::operations","@pid":14159,"@timestamp":"2026-03-31T20:29:40.782161Z"}
{"@file":"src/psp/format_2025/operations.rs","@level":"debug","@line":60,"@message":"✅ Operations unpacked: count=8 operations=[189, 98, 184, 21, 180, 230, 36, 196]","@module":"flavor::psp::format_2025::operations","@pid":14159,"@timestamp":"2026-03-31T20:29:40.782205Z"}
{"@file":"src/psp/format_2025/operations.rs","@level":"debug","@line":37,"@message":"✅ Operations packed: result=14133675191728366269","@module":"flavor::psp::format_2025::operations","@pid":14159,"@timestamp":"2026-03-31T20:29:40.782223Z"}
{"@file":"src/psp/format_2025/operations.rs","@level":"debug","@line":60,"@message":"✅ Operations unpacked: count=8 operations=[189, 98, 184, 21, 180, 230, 36, 196]","@module":"flavor::psp::format_2025::operations","@pid":14159,"@timestamp":"2026-03-31T20:29:40.782241Z"}
{"@file":"src/psp/format_2025/operations.rs","@level":"debug","@line":60,"@message":"✅ Operations unpacked: count=8 operations=[50, 250, 201, 104, 173, 90, 160, 139]","@module":"flavor::psp::format_2025::operations","@pid":14159,"@timestamp":"2026-03-31T20:29:40.782286Z"}
{"@file":"src/psp/format_2025/operations.rs","@level":"debug","@line":37,"@message":"✅ Operations packed: result=10061141268379597362","@module":"flavor::psp::format_2025::operations","@pid":14159,"@timestamp":"2026-03-31T20:29:40.782305Z"}
{"@file":"src/psp/format_2025/operations.rs","@level":"debug","@line":60,"@message":"✅ Operations unpacked: count=8 operations=[50, 250, 201, 104, 173, 90, 160, 139]","@module":"flavor::psp::format_2025::operations","@pid":14159,"@timestamp":"2026-03-31T20:29:40.782323Z"}
{"@file":"src/psp/format_2025/operations.rs","@level":"debug","@line":60,"@message":"✅ Operations unpacked: count=8 operations=[7, 127, 38, 233, 7, 176, 115, 191]","@module":"flavor::psp::format_2025::operations","@pid":14159,"@timestamp":"2026-03-31T20:29:40.782367Z"}
{"@file":"src/psp/format_2025/operations.rs","@level":"debug","@line":37,"@message":"✅ Operations packed: result=13795563631588835079","@module":"flavor::psp::format_2025::operations","@pid":14159,"@timestamp":"2026-03-31T20:29:40.782386Z"}
{"@file":"src/psp/format_2025/operations.rs","@level":"debug","@line":60,"@message":"✅ Operations unpacked: count=8 operations=[7, 127, 38, 233, 7, 176, 115, 191]","@module":"flavor::psp::format_2025::operations","@pid":14159,"@timestamp":"2026-03-31T20:29:40.782403Z"}
{"@file":"src/psp/format_2025/operations.rs","@level":"debug","@line":60,"@message":"✅ Operations unpacked: count=8 operations=[196, 128, 82, 136, 29, 87, 4, 250]","@module":"flavor::psp::format_2025::operations","@pid":14159,"@timestamp":"2026-03-31T20:29:40.782447Z"}
{"@file":"src/psp/format_2025/operations.rs","@level":"debug","@line":37,"@message":"✅ Operations packed: result=18015620193741603012","@module":"flavor::psp::format_2025::operations","@pid":14159,"@timestamp":"2026-03-31T20:29:40.782466Z"}
{"@file":"src/psp/format_2025/operations.rs","@level":"debug","@line":60,"@message":"✅ Operations unpacked: count=8 operations=[196, 128, 82, 136, 29, 87, 4, 250]","@module":"flavor::psp::format_2025::operations","@pid":14159,"@timestamp":"2026-03-31T20:29:40.782483Z"}
{"@file":"src/psp/format_2025/operations.rs","@level":"debug","@line":60,"@message":"✅ Operations unpacked: count=8 operations=[89, 90, 125, 23, 62, 21, 151, 26]","@module":"flavor::psp::format_2025::operations","@pid":14159,"@timestamp":"2026-03-31T20:29:40.782531Z"}
{"@file":"src/psp/format_2025/operations.rs","@level":"debug","@line":37,"@message":"✅ Operations packed: result=1916023522895682137","@module":"flavor::psp::format_2025::operations","@pid":14159,"@timestamp":"2026-03-31T20:29:40.782550Z"}
{"@file":"src/psp/format_2025/operations.rs","@level":"debug","@line":60,"@message":"✅ Operations unpacked: count=8 operations=[89, 90, 125, 23, 62, 21, 151, 26]","@module":"flavor::psp::format_2025::operations","@pid":14159,"@timestamp":"2026-03-31T20:29:40.782567Z"}
{"@file":"src/psp/format_2025/operations.rs","@level":"debug","@line":60,"@message":"✅ Operations unpacked: count=8 operations=[255, 160, 24, 224, 248, 203, 179, 18]","@module":"flavor::psp::format_2025::operations","@pid":14159,"@timestamp":"2026-03-31T20:29:40.782613Z"}
{"@file":"src/psp/format_2025/operations.rs","@level":"debug","@line":37,"@message":"✅ Operations packed: result=1347644983285948671","@module":"flavor::psp::format_2025::operations","@pid":14159,"@timestamp":"2026-03-31T20:29:40.782631Z"}
{"@file":"src/psp/format_2025/operations.rs","@level":"debug","@line":60,"@message":"✅ Operations unpacked: count=8 operations=[255, 160, 24, 224, 248, 203, 179, 18]","@module":"flavor::psp::format_2025::operations","@pid":14159,"@timestamp":"2026-03-31T20:29:40.782649Z"}
{"@file":"src/psp/format_2025/operations.rs","@level":"debug","@line":60,"@message":"✅ Operations unpacked: count=8 operations=[206, 201, 230, 215, 20, 11, 70, 209]","@module":"flavor::psp::format_2025::operations","@pid":14159,"@timestamp":"2026-03-31T20:29:40.782694Z"}
{"@file":"src/psp/format_2025/operations.rs","@level":"debug","@line":37,"@message":"✅ Operations packed: result=15079752586446162382","@module":"flavor::psp::format_2025::operations","@pid":14159,"@timestamp":"2026-03-31T20:29:40.782714Z"}
{"@file":"src/psp/format_2025/operations.rs","@level":"debug","@line":60,"@message":"✅ Operations unpacked: count=8 operations=[206, 201, 230, 215, 20, 11, 70, 209]","@module":"flavor::psp::format_2025::operations","@pid":14159,"@timestamp":"2026-03-31T20:29:40.782729Z"}
{"@file":"src/psp/format_2025/operations.rs","@level":"debug","@line":60,"@message":"✅ Operations unpacked: count=8 operations=[217, 162, 50, 130, 50, 31, 172, 28]","@module":"flavor::psp::format_2025::operations","@pid":14159,"@timestamp":"2026-03-31T20:29:40.782776Z"}
{"@file":"src/psp/format_2025/operations.rs","@level":"debug","@line":37,"@message":"✅ Operations packed: result=2066060630849397465","@module":"flavor::psp::format_2025::operations","@pid":14159,"@timestamp":"2026-03-31T20:29:40.782796Z"}
{"@file":"src/psp/format_2025/operations.rs","@level":"debug","@line":60,"@message":"✅ Operations unpacked: count=8 operations=[217, 162, 50, 130, 50, 31, 172, 28]","@module":"flavor::psp::format_2025::operations","@pid":14159,"@timestamp":"2026-03-31T20:29:40.782814Z"}
{"@file":"src/psp/format_2025/operations.rs","@level":"debug","@line":60,"@message":"✅ Operations unpacked: count=8 operations=[148, 151, 50, 134, 184, 78, 210, 49]","@module":"flavor::psp::format_2025::operations","@pid":14159,"@timestamp":"2026-03-31T20:29:40.782859Z"}
{"@file":"src/psp/format_2025/operations.rs","@level":"debug","@line":37,"@message":"✅ Operations packed: result=3590018407400118164","@module":"flavor::psp::format_2025::operations","@pid":14159,"@timestamp":"2026-03-31T20:29:40.782879Z"}
{"@file":"src/psp/format_2025/operations.rs","@level":"debug","@line":60,"@message":"✅ Operations unpacked: count=8 operations=[148, 151, 50, 134, 184, 78, 210, 49]","@module":"flavor::psp::format_2025::operations","@pid":14159,"@timestamp":"2026-03-31T20:29:40.782897Z"}
{"@file":"src/psp/format_2025/operations.rs","@level":"debug","@line":60,"@message":"✅ Operations unpacked: count=8 operations=[123, 150, 41, 94, 134, 239, 172, 232]","@module":"flavor::psp::format_2025::operations","@pid":14159,"@timestamp":"2026-03-31T20:29:40.782944Z"}
{"@file":"src/psp/format_2025/operations.rs","@level":"debug","@line":37,"@message":"✅ Operations packed: result=16766038873177953915","@module":"flavor::psp::format_2025::operations","@pid":14159,"@timestamp":"2026-03-31T20:29:40.782963Z"}
{"@file":"src/psp/format_2025/operations.rs","@level":"debug","@line":60,"@message":"✅ Operations unpacked: count=8 operations=[123, 150, 41, 94, 134, 239, 172, 232]","@module":"flavor::psp::format_2025::operations","@pid":14159,"@timestamp":"2026-03-31T20:29:40.782980Z"}
{"@file":"src/psp/format_2025/operations.rs","@level":"debug","@line":60,"@message":"✅ Operations unpacked: count=8 operations=[225, 98, 156, 25, 181, 246, 109, 162]","@module":"flavor::psp::format_2025::operations","@pid":14159,"@timestamp":"2026-03-31T20:29:40.783048Z"}
{"@file":"src/psp/format_2025/operations.rs","@level":"debug","@line":37,"@message":"✅ Operations packed: result=11704282264284979937","@module":"flavor::psp::format_2025::operations","@pid":14159,"@timestamp":"2026-03-31T20:29:40.783068Z"}
{"@file":"src/psp/format_2025/operations.rs","@level":"debug","@line":60,"@message":"✅ Operations unpacked: count=8 operations=[225, 98, 156, 25, 181, 246, 109, 162]","@module":"flavor::psp::format_2025::operations","@pid":14159,"@timestamp":"2026-03-31T20:29:40.783086Z"}
{"@file":"src/psp/format_2025/operations.rs","@level":"debug","@line":60,"@message":"✅ Operations unpacked: count=8 operations=[86, 8, 143, 149, 204, 201, 84, 118]","@module":"flavor::psp::format_2025::operations","@pid":14159,"@timestamp":"2026-03-31T20:29:40.783131Z"}
{"@file":"src/psp/format_2025/operations.rs","@level":"debug","@line":37,"@message":"✅ Operations packed: result=8526661875038881878","@module":"flavor::psp::format_2025::operations","@pid":14159,"@timestamp":"2026-03-31T20:29:40.783150Z"}
{"@file":"src/psp/format_2025/operations.rs","@level":"debug","@line":60,"@message":"✅ Operations unpacked: count=8 operations=[86, 8, 143, 149, 204, 201, 84, 118]","@module":"flavor::psp::format_2025::operations","@pid":14159,"@timestamp":"2026-03-31T20:29:40.783168Z"}
{"@file":"src/psp/format_2025/operations.rs","@level":"debug","@line":60,"@message":"✅ Operations unpacked: count=8 operations=[23, 176, 239, 67, 188, 9, 56, 225]","@module":"flavor::psp::format_2025::operations","@pid":14159,"@timestamp":"2026-03-31T20:29:40.783213Z"}
{"@file":"src/psp/format_2025/operations.rs","@level":"debug","@line":37,"@message":"✅ Operations packed: result=16228731961427865623","@module":"flavor::psp::format_2025::operations","@pid":14159,"@timestamp":"2026-03-31T20:29:40.783232Z"}
{"@file":"src/psp/format_2025/operations.rs","@level":"debug","@line":60,"@message":"✅ Operations unpacked: count=8 operations=[23, 176, 239, 67, 188, 9, 56, 225]","@module":"flavor::psp::format_2025::operations","@pid":14159,"@timestamp":"2026-03-31T20:29:40.783250Z"}
{"@file":"src/psp/format_2025/operations.rs","@level":"debug","@line":60,"@message":"✅ Operations unpacked: count=8 operations=[114, 193, 31, 37, 173, 253, 65, 213]","@module":"flavor::psp::format_2025::operations","@pid":14159,"@timestamp":"2026-03-31T20:29:40.783295Z"}
{"@file":"src/psp/format_2025/operations.rs","@level":"debug","@line":37,"@message":"✅ Operations packed: result=15366842323658850674","@module":"flavor::psp::format_2025::operations","@pid":14159,"@timestamp":"2026-03-31T20:29:40.783314Z"}
{"@file":"src/psp/format_2025/operations.rs","@level":"debug","@line":60,"@message":"✅ Operations unpacked: count=8 operations=[114, 193, 31, 37, 173, 253, 65, 213]","@module":"flavor::psp::format_2025::operations","@pid":14159,"@timestamp":"2026-03-31T20:29:40.783331Z"}
{"@file":"src/psp/format_2025/operations.rs","@level":"debug","@line":60,"@message":"✅ Operations unpacked: count=8 operations=[25, 96, 112, 27, 84, 155, 66, 33]","@module":"flavor::psp::format_2025::operations","@pid":14159,"@timestamp":"2026-03-31T20:29:40.783377Z"}
{"@file":"src/psp/format_2025/operations.rs","@level":"debug","@line":37,"@message":"✅ Operations packed: result=2396648737254432793","@module":"flavor::psp::format_2025::operations","@pid":14159,"@timestamp":"2026-03-31T20:29:40.783396Z"}
{"@file":"src/psp/format_2025/operations.rs","@level":"debug","@line":60,"@message":"✅ Operations unpacked: count=8 operations=[25, 96, 112, 27, 84, 155, 66, 33]","@module":"flavor::psp::format_2025::operations","@pid":14159,"@timestamp":"2026-03-31T20:29:40.783414Z"}
{"@file":"src/psp/format_2025/operations.rs","@level":"debug","@line":60,"@message":"✅ Operations unpacked: count=8 operations=[240, 165, 81, 54, 80, 83, 154, 75]","@module":"flavor::psp::format_2025::operations","@pid":14159,"@timestamp":"2026-03-31T20:29:40.783458Z"}
{"@file":"src/psp/format_2025/operations.rs","@level":"debug","@line":37,"@message":"✅ Operations packed: result=5447758303231845872","@module":"flavor::psp::format_2025::operations","@pid":14159,"@timestamp":"2026-03-31T20:29:40.783477Z"}
{"@file":"src/psp/format_2025/operations.rs","@level":"debug","@line":60,"@message":"✅ Operations unpacked: count=8 operations=[240, 165, 81, 54, 80, 83, 154, 75]","@module":"flavor::psp::format_2025::operations","@pid":14159,"@timestamp":"2026-03-31T20:29:40.783494Z"}
{"@file":"src/psp/format_2025/operations.rs","@level":"debug","@line":60,"@message":"✅ Operations unpacked: count=8 operations=[250, 13, 230, 25, 45, 213, 135, 64]","@module":"flavor::psp::format_2025::operations","@pid":14159,"@timestamp":"2026-03-31T20:29:40.783539Z"}
{"@file":"src/psp/format_2025/operations.rs","@level":"debug","@line":37,"@message":"✅ Operations packed: result=4649919529968078330","@module":"flavor::psp::format_2025::operations","@pid":14159,"@timestamp":"2026-03-31T20:29:40.783559Z"}
{"@file":"src/psp/format_2025/operations.rs","@level":"debug","@line":60,"@message":"✅ Operations unpacked: count=8 operations=[250, 13, 230, 25, 45, 213, 135, 64]","@module":"flavor::psp::format_2025::operations","@pid":14159,"@timestamp":"2026-03-31T20:29:40.783576Z"}
{"@file":"src/psp/format_2025/operations.rs","@level":"debug","@line":60,"@message":"✅ Operations unpacked: count=8 operations=[248, 148, 206, 22, 43, 9, 214, 20]","@module":"flavor::psp::format_2025::operations","@pid":14159,"@timestamp":"2026-03-31T20:29:40.783621Z"}
{"@file":"src/psp/format_2025/operations.rs","@level":"debug","@line":37,"@message":"✅ Operations packed: result=1501397606445520120","@module":"flavor::psp::format_2025::operations","@pid":14159,"@timestamp":"2026-03-31T20:29:40.783640Z"}
{"@file":"src/psp/format_2025/operations.rs","@level":"debug","@line":60,"@message":"✅ Operations unpacked: count=8 operations=[248, 148, 206, 22, 43, 9, 214, 20]","@module":"flavor::psp::format_2025::operations","@pid":14159,"@timestamp":"2026-03-31T20:29:40.783657Z"}
{"@file":"src/psp/format_2025/operations.rs","@level":"debug","@line":60,"@message":"✅ Operations unpacked: count=8 operations=[211, 123, 34, 93, 146, 158, 192, 8]","@module":"flavor::psp::format_2025::operations","@pid":14159,"@timestamp":"2026-03-31T20:29:40.783702Z"}
{"@file":"src/psp/format_2025/operations.rs","@level":"debug","@line":37,"@message":"✅ Operations packed: result=630678299296824275","@module":"flavor::psp::format_2025::operations","@pid":14159,"@timestamp":"2026-03-31T20:29:40.783721Z"}
{"@file":"src/psp/format_2025/operations.rs","@level":"debug","@line":60,"@message":"✅ Operations unpacked: count=8 operations=[211, 123, 34, 93, 146, 158, 192, 8]","@module":"flavor::psp::format_2025::operations","@pid":14159,"@timestamp":"2026-03-31T20:29:40.783738Z"}
{"@file":"src/psp/format_2025/operations.rs","@level":"debug","@line":60,"@message":"✅ Operations unpacked: count=8 operations=[131, 139, 62, 202, 174, 77, 84, 76]","@module":"flavor::psp::format_2025::operations","@pid":14159,"@timestamp":"2026-03-31T20:29:40.783783Z"}
{"@file":"src/psp/format_2025/operations.rs","@level":"debug","@line":37,"@message":"✅ Operations packed: result=5500106458038963075","@module":"flavor::psp::format_2025::operations","@pid":14159,"@timestamp":"2026-03-31T20:29:40.783803Z"}
{"@file":"src/psp/format_2025/operations.rs","@level":"debug","@line":60,"@message":"✅ Operations unpacked: count=8 operations=[131, 139, 62, 202, 174, 77, 84, 76]","@module":"flavor::psp::format_2025::operations","@pid":14159,"@timestamp":"2026-03-31T20:29:40.783819Z"}
{"@file":"src/psp/format_2025/operations.rs","@level":"debug","@line":60,"@message":"✅ Operations unpacked: count=8 operations=[230, 52, 81, 109, 47, 88, 197, 164]","@module":"flavor::psp::format_2025::operations","@pid":14159,"@timestamp":"2026-03-31T20:29:40.783863Z"}
{"@file":"src/psp/format_2025/operations.rs","@level":"debug","@line":37,"@message":"✅ Operations packed: result=11872992953352926438","@module":"flavor::psp::format_2025::operations","@pid":14159,"@timestamp":"2026-03-31T20:29:40.783883Z"}
{"@file":"src/psp/format_2025/operations.rs","@level":"debug","@line":60,"@message":"✅ Operations unpacked: count=8 operations=[230, 52, 81, 109, 47, 88, 197, 164]","@module":"flavor::psp::format_2025::operations","@pid":14159,"@timestamp":"2026-03-31T20:29:40.783899Z"}
{"@file":"src/psp/format_2025/operations.rs","@level":"debug","@line":60,"@message":"✅ Operations unpacked: count=8 operations=[147, 19, 253, 182, 134, 205, 78, 83]","@module":"flavor::psp::format_2025::operations","@pid":14159,"@timestamp":"2026-03-31T20:29:40.783944Z"}
{"@file":"src/psp/format_2025/operations.rs","@level":"debug","@line":37,"@message":"✅ Operations packed: result=6002961331810800531","@module":"flavor::psp::format_2025::operations","@pid":14159,"@timestamp":"2026-03-31T20:29:40.783963Z"}
{"@file":"src/psp/format_2025/operations.rs","@level":"debug","@line":60,"@message":"✅ Operations unpacked: count=8 operations=[147, 19, 253, 182, 134, 205, 78, 83]","@module":"flavor::psp::format_2025::operations","@pid":14159,"@timestamp":"2026-03-31T20:29:40.783980Z"}
{"@file":"src/psp/format_2025/operations.rs","@level":"debug","@line":60,"@message":"✅ Operations unpacked: count=8 operations=[242, 153, 45, 110, 174, 56, 1, 170]","@module":"flavor::psp::format_2025::operations","@pid":14159,"@timestamp":"2026-03-31T20:29:40.784024Z"}
{"@file":"src/psp/format_2025/operations.rs","@level":"debug","@line":37,"@message":"✅ Operations packed: result=12250134783248407026","@module":"flavor::psp::format_2025::operations","@pid":14159,"@timestamp":"2026-03-31T20:29:40.784042Z"}
{"@file":"src/psp/format_2025/operations.rs","@level":"debug","@line":60,"@message":"✅ Operations unpacked: count=8 operations=[242, 153, 45, 110, 174, 56, 1, 170]","@module":"flavor::psp::format_2025::operations","@pid":14159,"@timestamp":"2026-03-31T20:29:40.784058Z"}
{"@file":"src/psp/format_2025/operations.rs","@level":"debug","@line":60,"@message":"✅ Operations unpacked: count=8 operations=[48, 28, 75, 195, 91, 89, 56, 79]","@module":"flavor::psp::format_2025::operations","@pid":14159,"@timestamp":"2026-03-31T20:29:40.784102Z"}
{"@file":"src/psp/format_2025/operations.rs","@level":"debug","@line":37,"@message":"✅ Operations packed: result=5708410778345479216","@module":"flavor::psp::format_2025::operations","@pid":14159,"@timestamp":"2026-03-31T20:29:40.784121Z"}
{"@file":"src/psp/format_2025/operations.rs","@level":"debug","@line":60,"@message":"✅ Operations unpacked: count=8 operations=[48, 28, 75, 195, 91, 89, 56, 79]","@module":"flavor::psp::format_2025::operations","@pid":14159,"@timestamp":"2026-03-31T20:29:40.784137Z"}
{"@file":"src/psp/format_2025/operations.rs","@level":"debug","@line":60,"@message":"✅ Operations unpacked: count=8 operations=[27, 122, 229, 221, 100, 157, 7, 18]","@module":"flavor::psp::format_2025::operations","@pid":14159,"@timestamp":"2026-03-31T20:29:40.784181Z"}
{"@file":"src/psp/format_2025/operations.rs","@level":"debug","@line":37,"@message":"✅ Operations packed: result=1299180074064771611","@module":"flavor::psp::format_2025::operations","@pid":14159,"@timestamp":"2026-03-31T20:29:40.784199Z"}
{"@file":"src/psp/format_2025/operations.rs","@level":"debug","@line":60,"@message":"✅ Operations unpacked: count=8 operations=[27, 122, 229, 221, 100, 157, 7, 18]","@module":"flavor::psp::format_2025::operations","@pid":14159,"@timestamp":"2026-03-31T20:29:40.784218Z"}
{"@file":"src/psp/format_2025/operations.rs","@level":"debug","@line":60,"@message":"✅ Operations unpacked: count=8 operations=[35, 99, 55, 81, 207, 245, 98, 131]","@module":"flavor::psp::format_2025::operations","@pid":14159,"@timestamp":"2026-03-31T20:29:40.784262Z"}
{"@file":"src/psp/format_2025/operations.rs","@level":"debug","@line":37,"@message":"✅ Operations packed: result=9467399637455823651","@module":"flavor::psp::format_2025::operations","@pid":14159,"@timestamp":"2026-03-31T20:29:40.784281Z"}
{"@file":"src/psp/format_2025/operations.rs","@level":"debug","@line":60,"@message":"✅ Operations unpacked: count=8 operations=[35, 99, 55, 81, 207, 245, 98, 131]","@module":"flavor::psp::format_2025::operations","@pid":14159,"@timestamp":"2026-03-31T20:29:40.784297Z"}
{"@file":"src/psp/format_2025/operations.rs","@level":"debug","@line":60,"@message":"✅ Operations unpacked: count=8 operations=[186, 70, 20, 6, 67, 221, 104, 148]","@module":"flavor::psp::format_2025::operations","@pid":14159,"@timestamp":"2026-03-31T20:29:40.784340Z"}
{"@file":"src/psp/format_2025/operations.rs","@level":"debug","@line":37,"@message":"✅ Operations packed: result=10694040595125782202","@module":"flavor::psp::format_2025::operations","@pid":14159,"@timestamp":"2026-03-31T20:29:40.784358Z"}
{"@file":"src/psp/format_2025/operations.rs","@level":"debug","@line":60,"@message":"✅ Operations unpacked: count=8 operations=[186, 70, 20, 6, 67, 221, 104, 148]","@module":"flavor::psp::format_2025::operations","@pid":14159,"@timestamp":"2026-03-31T20:29:40.784374Z"}
{"@file":"src/psp/format_2025/operations.rs","@level":"debug","@line":60,"@message":"✅ Operations unpacked: count=8 operations=[235, 68, 151, 246, 96, 60, 141, 235]","@module":"flavor::psp::format_2025::operations","@pid":14159,"@timestamp":"2026-03-31T20:29:40.784418Z"}
{"@file":"src/psp/format_2025/operations.rs","@level":"debug","@line":37,"@message":"✅ Operations packed: result=16973288957780903147","@module":"flavor::psp::format_2025::operations","@pid":14159,"@timestamp":"2026-03-31T20:29:40.784437Z"}
{"@file":"src/psp/format_2025/operations.rs","@level":"debug","@line":60,"@message":"✅ Operations unpacked: count=8 operations=[235, 68, 151, 246, 96, 60, 141, 235]","@module":"flavor::psp::format_2025::operations","@pid":14159,"@timestamp":"2026-03-31T20:29:40.784454Z"}
{"@file":"src/psp/format_2025/operations.rs","@level":"debug","@line":60,"@message":"✅ Operations unpacked: count=8 operations=[130, 255, 104, 233, 148, 93, 182, 247]","@module":"flavor::psp::format_2025::operations","@pid":14159,"@timestamp":"2026-03-31T20:29:40.784500Z"}
{"@file":"src/psp/format_2025/operations.rs","@level":"debug","@line":37,"@message":"✅ Operations packed: result=17849557067282055042","@module":"flavor::psp::format_2025::operations","@pid":14159,"@timestamp":"2026-03-31T20:29:40.784520Z"}
{"@file":"src/psp/format_2025/operations.rs","@level":"debug","@line":60,"@message":"✅ Operations unpacked: count=8 operations=[130, 255, 104, 233, 148, 93, 182, 247]","@module":"flavor::psp::format_2025::operations","@pid":14159,"@timestamp":"2026-03-31T20:29:40.784537Z"}
{"@file":"src/psp/format_2025/operations.rs","@level":"debug","@line":60,"@message":"✅ Operations unpacked: count=8 operations=[109, 32, 165, 84, 18, 25, 12, 114]","@module":"flavor::psp::format_2025::operations","@pid":14159,"@timestamp":"2026-03-31T20:29:40.784582Z"}
{"@file":"src/psp/format_2025/operations.rs","@level":"debug","@line":37,"@message":"✅ Operations packed: result=8217970986564526189","@module":"flavor::psp::format_2025::operations","@pid":14159,"@timestamp":"2026-03-31T20:29:40.784601Z"}
{"@file":"src/psp/format_2025/operations.rs","@level":"debug","@line":60,"@message":"✅ Operations unpacked: count=8 operations=[109, 32, 165, 84, 18, 25, 12, 114]","@module":"flavor::psp::format_2025::operations","@pid":14159,"@timestamp":"2026-03-31T20:29:40.784618Z"}
{"@file":"src/psp/format_2025/operations.rs","@level":"debug","@line":60,"@message":"✅ Operations unpacked: count=8 operations=[121, 174, 101, 182, 90, 56, 178, 105]","@module":"flavor::psp::format_2025::operations","@pid":14159,"@timestamp":"2026-03-31T20:29:40.784725Z"}
{"@file":"src/psp/format_2025/operations.rs","@level":"debug","@line":37,"@message":"✅ Operations packed: result=7616211882095259257","@module":"flavor::psp::format_2025::operations","@pid":14159,"@timestamp":"2026-03-31T20:29:40.784756Z"}
{"@file":"src/psp/format_2025/operations.rs","@level":"debug","@line":60,"@message":"✅ Operations unpacked: count=8 operations=[121, 174, 101, 182, 90, 56, 178, 105]","@module":"flavor::psp::format_2025::operations","@pid":14159,"@timestamp":"2026-03-31T20:29:40.784777Z"}
{"@file":"src/psp/format_2025/operations.rs","@level":"debug","@line":60,"@message":"✅ Operations unpacked: count=8 operations=[25, 150, 192, 6, 254, 96, 126, 161]","@module":"flavor::psp::format_2025::operations","@pid":14159,"@timestamp":"2026-03-31T20:29:40.784825Z"}
{"@file":"src/psp/format_2025/operations.rs","@level":"debug","@line":37,"@message":"✅ Operations packed: result=11636845131323184665","@module":"flavor::psp::format_2025::operations","@pid":14159,"@timestamp":"2026-03-31T20:29:40.784846Z"}
{"@file":"src/psp/format_2025/operations.rs","@level":"debug","@line":60,"@message":"✅ Operations unpacked: count=8 operations=[25, 150, 192, 6, 254, 96, 126, 161]","@module":"flavor::psp::format_2025::operations","@pid":14159,"@timestamp":"2026-03-31T20:29:40.784864Z"}
{"@file":"src/psp/format_2025/operations.rs","@level":"debug","@line":60,"@message":"✅ Operations unpacked: count=8 operations=[211, 170, 4, 81, 53, 157, 197, 52]","@module":"flavor::psp::format_2025::operations","@pid":14159,"@timestamp":"2026-03-31T20:29:40.784911Z"}
{"@file":"src/psp/format_2025/operations.rs","@level":"debug","@line":37,"@message":"✅ Operations packed: result=3802618312702339795","@module":"flavor::psp::format_2025::operations","@pid":14159,"@timestamp":"2026-03-31T20:29:40.784932Z"}
{"@file":"src/psp/format_2025/operations.rs","@level":"debug","@line":60,"@message":"✅ Operations unpacked: count=8 operations=[211, 170, 4, 81, 53, 157, 197, 52]","@module":"flavor::psp::format_2025::operations","@pid":14159,"@timestamp":"2026-03-31T20:29:40.784951Z"}
{"@file":"src/psp/format_2025/operations.rs","@level":"debug","@line":60,"@message":"✅ Operations unpacked: count=8 operations=[111, 233, 59, 87, 83, 234, 30, 186]","@module":"flavor::psp::format_2025::operations","@pid":14159,"@timestamp":"2026-03-31T20:29:40.784998Z"}
{"@file":"src/psp/format_2025/operations.rs","@level":"debug","@line":37,"@message":"✅ Operations packed: result=13411414384022645103","@module":"flavor::psp::format_2025::operations","@pid":14159,"@timestamp":"2026-03-31T20:29:40.785018Z"}
{"@file":"src/psp/format_2025/operations.rs","@level":"debug","@line":60,"@message":"✅ Operations unpacked: count=8 operations=[111, 233, 59, 87, 83, 234, 30, 186]","@module":"flavor::psp::format_2025::operations","@pid":14159,"@timestamp":"2026-03-31T20:29:40.785036Z"}
{"@file":"src/psp/format_2025/operations.rs","@level":"debug","@line":60,"@message":"✅ Operations unpacked: count=8 operations=[70, 92, 117, 47, 89, 236, 200, 239]","@module":"flavor::psp::format_2025::operations","@pid":14159,"@timestamp":"2026-03-31T20:29:40.785083Z"}
{"@file":"src/psp/format_2025/operations.rs","@level":"debug","@line":37,"@message":"✅ Operations packed: result=17278319838199372870","@module":"flavor::psp::format_2025::operations","@pid":14159,"@timestamp":"2026-03-31T20:29:40.785103Z"}
{"@file":"src/psp/format_2025/operations.rs","@level":"debug","@line":60,"@message":"✅ Operations unpacked: count=8 operations=[70, 92, 117, 47, 89, 236, 200, 239]","@module":"flavor::psp::format_2025::operations","@pid":14159,"@timestamp":"2026-03-31T20:29:40.785122Z"}
{"@file":"src/psp/format_2025/operations.rs","@level":"debug","@line":60,"@message":"✅ Operations unpacked: count=8 operations=[218, 25, 4, 89, 161, 88, 167, 82]","@module":"flavor::psp::format_2025::operations","@pid":14159,"@timestamp":"2026-03-31T20:29:40.785168Z"}
{"@file":"src/psp/format_2025/operations.rs","@level":"debug","@line":37,"@message":"✅ Operations packed: result=5955826482227190234","@module":"flavor::psp::format_2025::operations","@pid":14159,"@timestamp":"2026-03-31T20:29:40.785187Z"}
{"@file":"src/psp/format_2025/operations.rs","@level":"debug","@line":60,"@message":"✅ Operations unpacked: count=8 operations=[218, 25, 4, 89, 161, 88, 167, 82]","@module":"flavor::psp::format_2025::operations","@pid":14159,"@timestamp":"2026-03-31T20:29:40.785205Z"}
{"@file":"src/psp/format_2025/operations.rs","@level":"debug","@line":60,"@message":"✅ Operations unpacked: count=8 operations=[71, 50, 19, 182, 57, 213, 127, 153]","@module":"flavor::psp::format_2025::operations","@pid":14159,"@timestamp":"2026-03-31T20:29:40.785250Z"}
{"@file":"src/psp/format_2025/operations.rs","@level":"debug","@line":37,"@message":"✅ Operations packed: result=11060793653689791047","@module":"flavor::psp::format_2025::operations","@pid":14159,"@timestamp":"2026-03-31T20:29:40.785270Z"}
{"@file":"src/psp/format_2025/operations.rs","@level":"debug","@line":60,"@message":"✅ Operations unpacked: count=8 operations=[71, 50, 19, 182, 57, 213, 127, 153]","@module":"flavor::psp::format_2025::operations","@pid":14159,"@timestamp":"2026-03-31T20:29:40.785288Z"}
{"@file":"src/psp/format_2025/operations.rs","@level":"debug","@line":60,"@message":"✅ Operations unpacked: count=8 operations=[166, 100, 241, 10, 141, 149, 106, 60]","@module":"flavor::psp::format_2025::operations","@pid":14159,"@timestamp":"2026-03-31T20:29:40.785334Z"}
{"@file":"src/psp/format_2025/operations.rs","@level":"debug","@line":37,"@message":"✅ Operations packed: result=4353456422813525158","@module":"flavor::psp::format_2025::operations","@pid":14159,"@timestamp":"2026-03-31T20:29:40.785352Z"}
{"@file":"src/psp/format_2025/operations.rs","@level":"debug","@line":60,"@message":"✅ Operations unpacked: count=8 operations=[166, 100, 241, 10, 141, 149, 106, 60]","@module":"flavor::psp::format_2025::operations","@pid":14159,"@timestamp":"2026-03-31T20:29:40.785368Z"}
{"@file":"src/psp/format_2025/operations.rs","@level":"debug","@line":60,"@message":"✅ Operations unpacked: count=8 operations=[50, 218, 48, 176, 174, 76, 97, 50]","@module":"flavor::psp::format_2025::operations","@pid":14159,"@timestamp":"2026-03-31T20:29:40.785412Z"}
{"@file":"src/psp/format_2025/operations.rs","@level":"debug","@line":37,"@message":"✅ Operations packed: result=3630267087801342514","@module":"flavor::psp::format_2025::operations","@pid":14159,"@timestamp":"2026-03-31T20:29:40.785429Z"}
{"@file":"src/psp/format_2025/operations.rs","@level":"debug","@line":60,"@message":"✅ Operations unpacked: count=8 operations=[50, 218, 48, 176, 174, 76, 97, 50]","@module":"flavor::psp::format_2025::operations","@pid":14159,"@timestamp":"2026-03-31T20:29:40.785443Z"}
{"@file":"src/psp/format_2025/operations.rs","@level":"debug","@line":60,"@message":"✅ Operations unpacked: count=8 operations=[17, 172, 86, 37, 156, 219, 140, 79]","@module":"flavor::psp::format_2025::operations","@pid":14159,"@timestamp":"2026-03-31T20:29:40.785485Z"}
{"@file":"src/psp/format_2025/operations.rs","@level":"debug","@line":37,"@message":"✅ Operations packed: result=5732197889423617041","@module":"flavor::psp::format_2025::operations","@pid":14159,"@timestamp":"2026-03-31T20:29:40.785503Z"}
{"@file":"src/psp/format_2025/operations.rs","@level":"debug","@line":60,"@message":"✅ Operations unpacked: count=8 operations=[17, 172, 86, 37, 156, 219, 140, 79]","@module":"flavor::psp::format_2025::operations","@pid":14159,"@timestamp":"2026-03-31T20:29:40.785519Z"}
{"@file":"src/psp/format_2025/operations.rs","@level":"debug","@line":60,"@message":"✅ Operations unpacked: count=8 operations=[71, 150, 228, 211, 29, 142, 208, 110]","@module":"flavor::psp::format_2025::operations","@pid":14159,"@timestamp":"2026-03-31T20:29:40.785563Z"}
{"@file":"src/psp/format_2025/operations.rs","@level":"debug","@line":37,"@message":"✅ Operations packed: result=7985038398088058439","@module":"flavor::psp::format_2025::operations","@pid":14159,"@timestamp":"2026-03-31T20:29:40.785582Z"}
{"@file":"src/psp/format_2025/operations.rs","@level":"debug","@line":60,"@message":"✅ Operations unpacked: count=8 operations=[71, 150, 228, 211, 29, 142, 208, 110]","@module":"flavor::psp::format_2025::operations","@pid":14159,"@timestamp":"2026-03-31T20:29:40.785598Z"}
{"@file":"src/psp/format_2025/operations.rs","@level":"debug","@line":60,"@message":"✅ Operations unpacked: count=8 operations=[58, 217, 237, 108, 99, 148, 137, 67]","@module":"flavor::psp::format_2025::operations","@pid":14159,"@timestamp":"2026-03-31T20:29:40.785642Z"}
{"@file":"src/psp/format_2025/operations.rs","@level":"debug","@line":37,"@message":"✅ Operations packed: result=4866584027100731706","@module":"flavor::psp::format_2025::operations","@pid":14159,"@timestamp":"2026-03-31T20:29:40.785661Z"}
{"@file":"src/psp/format_2025/operations.rs","@level":"debug","@line":60,"@message":"✅ Operations unpacked: count=8 operations=[58, 217, 237, 108, 99, 148, 137, 67]","@module":"flavor::psp::format_2025::operations","@pid":14159,"@timestamp":"2026-03-31T20:29:40.785679Z"}
{"@file":"src/psp/format_2025/operations.rs","@level":"debug","@line":60,"@message":"✅ Operations unpacked: count=8 operations=[141, 190, 185, 214, 149, 28, 201, 171]","@module":"flavor::psp::format_2025::operations","@pid":14159,"@timestamp":"2026-03-31T20:29:40.785722Z"}
{"@file":"src/psp/format_2025/operations.rs","@level":"debug","@line":37,"@message":"✅ Operations packed: result=12378456480682720909","@module":"flavor::psp::format_2025::operations","@pid":14159,"@timestamp":"2026-03-31T20:29:40.785741Z"}
{"@file":"src/psp/format_2025/operations.rs","@level":"debug","@line":60,"@message":"✅ Operations unpacked: count=8 operations=[141, 190, 185, 214, 149, 28, 201, 171]","@module":"flavor::psp::format_2025::operations","@pid":14159,"@timestamp":"2026-03-31T20:29:40.785758Z"}
{"@file":"src/psp/format_2025/operations.rs","@level":"debug","@line":60,"@message":"✅ Operations unpacked: count=8 operations=[90, 99, 133, 53, 228, 164, 248, 206]","@module":"flavor::psp::format_2025::operations","@pid":14159,"@timestamp":"2026-03-31T20:29:40.785801Z"}
{"@file":"src/psp/format_2025/operations.rs","@level":"debug","@line":37,"@message":"✅ Operations packed: result=14913851466094830426","@module":"flavor::psp::format_2025::operations","@pid":14159,"@timestamp":"2026-03-31T20:29:40.785820Z"}
{"@file":"src/psp/format_2025/operations.rs","@level":"debug","@line":60,"@message":"✅ Operations unpacked: count=8 operations=[90, 99, 133, 53, 228, 164, 248, 206]","@module":"flavor::psp::format_2025::operations","@pid":14159,"@timestamp":"2026-03-31T20:29:40.785837Z"}
{"@file":"src/psp/format_2025/operations.rs","@level":"debug","@line":60,"@message":"✅ Operations unpacked: count=8 operations=[99, 93, 211, 193, 77, 179, 16, 202]","@module":"flavor::psp::format_2025::operations","@pid":14159,"@timestamp":"2026-03-31T20:29:40.785881Z"}
{"@file":"src/psp/format_2025/operations.rs","@level":"debug","@line":37,"@message":"✅ Operations packed: result=14560334741834521955","@module":"flavor::psp::format_2025::operations","@pid":14159,"@timestamp":"2026-03-31T20:29:40.785900Z"}
{"@file":"src/psp/format_2025/operations.rs","@level":"debug","@line":60,"@message":"✅ Operations unpacked: count=8 operations=[99, 93, 211, 193, 77, 179, 16, 202]","@module":"flavor::psp::format_2025::operations","@pid":14159,"@timestamp":"2026-03-31T20:29:40.785916Z"}
{"@file":"src/psp/format_2025/operations.rs","@level":"debug","@line":60,"@message":"✅ Operations unpacked: count=8 operations=[69, 197, 170, 101, 17, 254, 97, 35]","@module":"flavor::psp::format_2025::operations","@pid":14159,"@timestamp":"2026-03-31T20:29:40.785960Z"}
{"@file":"src/psp/format_2025/operations.rs","@level":"debug","@line":37,"@message":"✅ Operations packed: result=2549598214742000965","@module":"flavor::psp::format_2025::operations","@pid":14159,"@timestamp":"2026-03-31T20:29:40.785979Z"}
{"@file":"src/psp/format_2025/operations.rs","@level":"debug","@line":60,"@message":"✅ Operations unpacked: count=8 operations=[69, 197, 170, 101, 17, 254, 97, 35]","@module":"flavor::psp::format_2025::operations","@pid":14159,"@timestamp":"2026-03-31T20:29:40.785999Z"}
{"@file":"src/psp/format_2025/operations.rs","@level":"debug","@line":60,"@message":"✅ Operations unpacked: count=8 operations=[239, 67, 167, 17, 5, 55, 1, 184]","@module":"flavor::psp::format_2025::operations","@pid":14159,"@timestamp":"2026-03-31T20:29:40.786042Z"}
{"@file":"src/psp/format_2025/operations.rs","@level":"debug","@line":37,"@message":"✅ Operations packed: result=13258939272865989615","@module":"flavor::psp::format_2025::operations","@pid":14159,"@timestamp":"2026-03-31T20:29:40.786061Z"}
{"@file":"src/psp/format_2025/operations.rs","@level":"debug","@line":60,"@message":"✅ Operations unpacked: count=8 operations=[239, 67, 167, 17, 5, 55, 1, 184]","@module":"flavor::psp::format_2025::operations","@pid":14159,"@timestamp":"2026-03-31T20:29:40.786079Z"}
{"@file":"src/psp/format_2025/operations.rs","@level":"debug","@line":60,"@message":"✅ Operations unpacked: count=8 operations=[168, 247, 84, 245, 177, 249, 190, 121]","@module":"flavor::psp::format_2025::operations","@pid":14159,"@timestamp":"2026-03-31T20:29:40.786122Z"}
{"@file":"src/psp/format_2025/operations.rs","@level":"debug","@line":37,"@message":"✅ Operations packed: result=8772723666884818856","@module":"flavor::psp::format_2025::operations","@pid":14159,"@timestamp":"2026-03-31T20:29:40.786141Z"}
{"@file":"src/psp/format_2025/operations.rs","@level":"debug","@line":60,"@message":"✅ Operations unpacked: count=8 operations=[168, 247, 84, 245, 177, 249, 190, 121]","@module":"flavor::psp::format_2025::operations","@pid":14159,"@timestamp":"2026-03-31T20:29:40.786160Z"}
{"@file":"src/psp/format_2025/operations.rs","@level":"debug","@line":60,"@message":"✅ Operations unpacked: count=8 operations=[82, 151, 254, 210, 207, 36, 161, 237]","@module":"flavor::psp::format_2025::operations","@pid":14159,"@timestamp":"2026-03-31T20:29:40.786202Z"}
{"@file":"src/psp/format_2025/operations.rs","@level":"debug","@line":37,"@message":"✅ Operations packed: result=17123007733256066898","@module":"flavor::psp::format_2025::operations","@pid":14159,"@timestamp":"2026-03-31T20:29:40.786221Z"}
{"@file":"src/psp/format_2025/operations.rs","@level":"debug","@line":60,"@message":"✅ Operations unpacked: count=8 operations=[82, 151, 254, 210, 207, 36, 161, 237]","@module":"flavor::psp::format_2025::operations","@pid":14159,"@timestamp":"2026-03-31T20:29:40.786237Z"}
{"@file":"src/psp/format_2025/operations.rs","@level":"debug","@line":60,"@message":"✅ Operations unpacked: count=8 operations=[232, 184, 48, 224, 60, 206, 199, 246]","@module":"flavor::psp::format_2025::operations","@pid":14159,"@timestamp":"2026-03-31T20:29:40.786280Z"}
{"@file":"src/psp/format_2025/operations.rs","@level":"debug","@line":37,"@message":"✅ Operations packed: result=17782408414550341864","@module":"flavor::psp::format_2025::operations","@pid":14159,"@timestamp":"2026-03-31T20:29:40.786299Z"}
{"@file":"src/psp/format_2025/operations.rs","@level":"debug","@line":60,"@message":"✅ Operations unpacked: count=8 operations=[232, 184, 48, 224, 60, 206, 199, 246]","@module":"flavor::psp::format_2025::operations","@pid":14159,"@timestamp":"2026-03-31T20:29:40.786315Z"}
{"@file":"src/psp/format_2025/operations.rs","@level":"debug","@line":60,"@message":"✅ Operations unpacked: count=8 operations=[19, 99, 95, 88, 113, 194, 185, 138]","@module":"flavor::psp::format_2025::operations","@pid":14159,"@timestamp":"2026-03-31T20:29:40.786359Z"}
{"@file":"src/psp/format_2025/operations.rs","@level":"debug","@line":37,"@message":"✅ Operations packed: result=9996234639995265811","@module":"flavor::psp::format_2025::operations","@pid":14159,"@timestamp":"2026-03-31T20:29:40.786378Z"}
{"@file":"src/psp/format_2025/operations.rs","@level":"debug","@line":60,"@message":"✅ Operations unpacked: count=8 operations=[19, 99, 95, 88, 113, 194, 185, 138]","@module":"flavor::psp::format_2025::operations","@pid":14159,"@timestamp":"2026-03-31T20:29:40.786395Z"}
{"@file":"src/psp/format_2025/operations.rs","@level":"debug","@line":60,"@message":"✅ Operations unpacked: count=8 operations=[32, 50, 143, 28, 219, 95, 98, 216]","@module":"flavor::psp::format_2025::operations","@pid":14159,"@timestamp":"2026-03-31T20:29:40.786438Z"}
{"@file":"src/psp/format_2025/operations.rs","@level":"debug","@line":37,"@message":"✅ Operations packed: result=15592130254591701536","@module":"flavor::psp::format_2025::operations","@pid":14159,"@timestamp":"2026-03-31T20:29:40.786457Z"}
{"@file":"src/psp/format_2025/operations.rs","@level":"debug","@line":60,"@message":"✅ Operations unpacked: count=8 operations=[32, 50, 143, 28, 219, 95, 98, 216]","@module":"flavor::psp::format_2025::operations","@pid":14159,"@timestamp":"2026-03-31T20:29:40.786474Z"}
{"@file":"src/psp/format_2025/operations.rs","@level":"debug","@line":60,"@message":"✅ Operations unpacked: count=0 operations=[]","@module":"flavor::psp::format_2025::operations","@pid":14159,"@timestamp":"2026-03-31T20:29:40.786517Z"}
{"@file":"src/psp/format_2025/operations.rs","@level":"debug","@line":37,"@message":"✅ Operations packed: result=0","@module":"flavor::psp::format_2025::operations","@pid":14159,"@timestamp":"2026-03-31T20:29:40.786535Z"}
{"@file":"src/psp/format_2025/operations.rs","@level":"debug","@line":60,"@message":"✅ Operations unpacked: count=0 operations=[]","@module":"flavor::psp::format_2025::operations","@pid":14159,"@timestamp":"2026-03-31T20:29:40.786552Z"}
{"@file":"src/psp/format_2025/operations.rs","@level":"debug","@line":60,"@message":"✅ Operations unpacked: count=8 operations=[100, 136, 56, 32, 239, 80, 197, 33]","@module":"flavor::psp::format_2025::operations","@pid":14159,"@timestamp":"2026-03-31T20:29:40.786595Z"}
{"@file":"src/psp/format_2025/operations.rs","@level":"debug","@line":37,"@message":"✅ Operations packed: result=2433440161631602788","@module":"flavor::psp::format_2025::operations","@pid":14159,"@timestamp":"2026-03-31T20:29:40.786613Z"}
{"@file":"src/psp/format_2025/operations.rs","@level":"debug","@line":60,"@message":"✅ Operations unpacked: count=8 operations=[100, 136, 56, 32, 239, 80, 197, 33]","@module":"flavor::psp::format_2025::operations","@pid":14159,"@timestamp":"2026-03-31T20:29:40.786630Z"}
{"@file":"src/psp/format_2025/operations.rs","@level":"debug","@line":60,"@message":"✅ Operations unpacked: count=8 operations=[173, 31, 244, 106, 47, 200, 220, 226]","@module":"flavor::psp::format_2025::operations","@pid":14159,"@timestamp":"2026-03-31T20:29:40.786672Z"}
{"@file":"src/psp/format_2025/operations.rs","@level":"debug","@line":37,"@message":"✅ Operations packed: result=16347160853431459757","@module":"flavor::psp::format_2025::operations","@pid":14159,"@timestamp":"2026-03-31T20:29:40.786691Z"}
{"@file":"src/psp/format_2025/operations.rs","@level":"debug","@line":60,"@message":"✅ Operations unpacked: count=8 operations=[173, 31, 244, 106, 47, 200, 220, 226]","@module":"flavor::psp::format_2025::operations","@pid":14159,"@timestamp":"2026-03-31T20:29:40.786707Z"}
{"@file":"src/psp/format_2025/operations.rs","@level":"debug","@line":60,"@message":"✅ Operations unpacked: count=8 operations=[162, 215, 253, 100, 232, 65, 195, 79]","@module":"flavor::psp::format_2025::operations","@pid":14159,"@timestamp":"2026-03-31T20:29:40.786749Z"}
{"@file":"src/psp/format_2025/operations.rs","@level":"debug","@line":37,"@message":"✅ Operations packed: result=5747510015837460386","@module":"flavor::psp::format_2025::operations","@pid":14159,"@timestamp":"2026-03-31T20:29:40.786768Z"}
{"@file":"src/psp/format_2025/operations.rs","@level":"debug","@line":60,"@message":"✅ Operations unpacked: count=8 operations=[162, 215, 253, 100, 232, 65, 195, 79]","@module":"flavor::psp::format_2025::operations","@pid":14159,"@timestamp":"2026-03-31T20:29:40.786784Z"}
{"@file":"src/psp/format_2025/operations.rs","@level":"debug","@line":60,"@message":"✅ Operations unpacked: count=8 operations=[71, 33, 144, 148, 54, 29, 130, 222]","@module":"flavor::psp::format_2025::operations","@pid":14159,"@timestamp":"2026-03-31T20:29:40.786827Z"}
{"@file":"src/psp/format_2025/operations.rs","@level":"debug","@line":37,"@message":"✅ Operations packed: result=16033409743650300231","@module":"flavor::psp::format_2025::operations","@pid":14159,"@timestamp":"2026-03-31T20:29:40.786845Z"}
{"@file":"src/psp/format_2025/operations.rs","@level":"debug","@line":60,"@message":"✅ Operations unpacked: count=8 operations=[71, 33, 144, 148, 54, 29, 130, 222]","@module":"flavor::psp::format_2025::operations","@pid":14159,"@timestamp":"2026-03-31T20:29:40.786861Z"}
{"@file":"src/psp/format_2025/operations.rs","@level":"debug","@line":60,"@message":"✅ Operations unpacked: count=8 operations=[158, 62, 80, 237, 227, 40, 126, 119]","@module":"flavor::psp::format_2025::operations","@pid":14159,"@timestamp":"2026-03-31T20:29:40.786904Z"}
{"@file":"src/psp/format_2025/operations.rs","@level":"debug","@line":37,"@message":"✅ Operations packed: result=8610364496983113374","@module":"flavor::psp::format_2025::operations","@pid":14159,"@timestamp":"2026-03-31T20:29:40.786923Z"}
{"@file":"src/psp/format_2025/operations.rs","@level":"debug","@line":60,"@message":"✅ Operations unpacked: count=8 operations=[158, 62, 80, 237, 227, 40, 126, 119]","@module":"flavor::psp::format_2025::operations","@pid":14159,"@timestamp":"2026-03-31T20:29:40.786940Z"}
test psp::format_2025::operations::tests::prop_unpack_pack_idempotent ... ok

test result: ok. 109 passed; 0 failed; 0 ignored; 0 measured; 0 filtered out; finished in 0.04s

     Running `/private/var/folders/sg/wy47gw996f78fznt898m8x540000gn/T/cargo-mutants-flavor-rs-AJnnRY.tmp/target/debug/deps/flavor_rs_builder-8b703e7e9be23f48`

running 0 tests

test result: ok. 0 passed; 0 failed; 0 ignored; 0 measured; 0 filtered out; finished in 0.00s

     Running `/private/var/folders/sg/wy47gw996f78fznt898m8x540000gn/T/cargo-mutants-flavor-rs-AJnnRY.tmp/target/debug/deps/flavor_rs_launcher-30d5c8f9cc0f7e8a`

running 0 tests

test result: ok. 0 passed; 0 failed; 0 ignored; 0 measured; 0 filtered out; finished in 0.00s

   Doc-tests flavor
     Running `/Users/tim/.rustup/toolchains/stable-aarch64-apple-darwin/bin/rustdoc --edition=2024 --crate-type lib --color auto --crate-name flavor --test src/lib.rs --test-run-directory /private/var/folders/sg/wy47gw996f78fznt898m8x540000gn/T/cargo-mutants-flavor-rs-AJnnRY.tmp --extern adler2=/private/var/folders/sg/wy47gw996f78fznt898m8x540000gn/T/cargo-mutants-flavor-rs-AJnnRY.tmp/target/debug/deps/libadler2-1237be17f08066aa.rlib --extern anyhow=/private/var/folders/sg/wy47gw996f78fznt898m8x540000gn/T/cargo-mutants-flavor-rs-AJnnRY.tmp/target/debug/deps/libanyhow-d9b6d410a1361442.rlib --extern chrono=/private/var/folders/sg/wy47gw996f78fznt898m8x540000gn/T/cargo-mutants-flavor-rs-AJnnRY.tmp/target/debug/deps/libchrono-b7affcfd136ee226.rlib --extern clap=/private/var/folders/sg/wy47gw996f78fznt898m8x540000gn/T/cargo-mutants-flavor-rs-AJnnRY.tmp/target/debug/deps/libclap-c2746911242c53dc.rlib --extern ed25519_dalek=/private/var/folders/sg/wy47gw996f78fznt898m8x540000gn/T/cargo-mutants-flavor-rs-AJnnRY.tmp/target/debug/deps/libed25519_dalek-42293ea3dc57f31c.rlib --extern env_logger=/private/var/folders/sg/wy47gw996f78fznt898m8x540000gn/T/cargo-mutants-flavor-rs-AJnnRY.tmp/target/debug/deps/libenv_logger-75173f29843c9a52.rlib --extern flate2=/private/var/folders/sg/wy47gw996f78fznt898m8x540000gn/T/cargo-mutants-flavor-rs-AJnnRY.tmp/target/debug/deps/libflate2-96cd3d855b9115ec.rlib --extern flavor=/private/var/folders/sg/wy47gw996f78fznt898m8x540000gn/T/cargo-mutants-flavor-rs-AJnnRY.tmp/target/debug/deps/libflavor-88d82f8937f7a117.rlib --extern fs2=/private/var/folders/sg/wy47gw996f78fznt898m8x540000gn/T/cargo-mutants-flavor-rs-AJnnRY.tmp/target/debug/deps/libfs2-71900ee401453af8.rlib --extern gethostname=/private/var/folders/sg/wy47gw996f78fznt898m8x540000gn/T/cargo-mutants-flavor-rs-AJnnRY.tmp/target/debug/deps/libgethostname-e6576ba3912663df.rlib --extern glob=/private/var/folders/sg/wy47gw996f78fznt898m8x540000gn/T/cargo-mutants-flavor-rs-AJnnRY.tmp/target/debug/deps/libglob-56daeb017c976e69.rlib --extern hex=/private/var/folders/sg/wy47gw996f78fznt898m8x540000gn/T/cargo-mutants-flavor-rs-AJnnRY.tmp/target/debug/deps/libhex-6a16846156d7c862.rlib --extern libc=/private/var/folders/sg/wy47gw996f78fznt898m8x540000gn/T/cargo-mutants-flavor-rs-AJnnRY.tmp/target/debug/deps/liblibc-26979bb06dae4666.rlib --extern log=/private/var/folders/sg/wy47gw996f78fznt898m8x540000gn/T/cargo-mutants-flavor-rs-AJnnRY.tmp/target/debug/deps/liblog-8a7d20b8c005bc83.rlib --extern memmap2=/private/var/folders/sg/wy47gw996f78fznt898m8x540000gn/T/cargo-mutants-flavor-rs-AJnnRY.tmp/target/debug/deps/libmemmap2-413e3a480d8f5878.rlib --extern pem=/private/var/folders/sg/wy47gw996f78fznt898m8x540000gn/T/cargo-mutants-flavor-rs-AJnnRY.tmp/target/debug/deps/libpem-baee24606d736ef7.rlib --extern proptest=/private/var/folders/sg/wy47gw996f78fznt898m8x540000gn/T/cargo-mutants-flavor-rs-AJnnRY.tmp/target/debug/deps/libproptest-387450d3dcbd40ff.rlib --extern rand=/private/var/folders/sg/wy47gw996f78fznt898m8x540000gn/T/cargo-mutants-flavor-rs-AJnnRY.tmp/target/debug/deps/librand-a25bcd883a2e2285.rlib --extern serde=/private/var/folders/sg/wy47gw996f78fznt898m8x540000gn/T/cargo-mutants-flavor-rs-AJnnRY.tmp/target/debug/deps/libserde-02be1dd65d3ef57a.rlib --extern serde_json=/private/var/folders/sg/wy47gw996f78fznt898m8x540000gn/T/cargo-mutants-flavor-rs-AJnnRY.tmp/target/debug/deps/libserde_json-469eaea1fff499db.rlib --extern sha2=/private/var/folders/sg/wy47gw996f78fznt898m8x540000gn/T/cargo-mutants-flavor-rs-AJnnRY.tmp/target/debug/deps/libsha2-28b9a530c85e9fef.rlib --extern signal_hook=/private/var/folders/sg/wy47gw996f78fznt898m8x540000gn/T/cargo-mutants-flavor-rs-AJnnRY.tmp/target/debug/deps/libsignal_hook-0a34b12e866764fc.rlib --extern tar=/private/var/folders/sg/wy47gw996f78fznt898m8x540000gn/T/cargo-mutants-flavor-rs-AJnnRY.tmp/target/debug/deps/libtar-9468371f38505d5a.rlib --extern tempfile=/private/var/folders/sg/wy47gw996f78fznt898m8x540000gn/T/cargo-mutants-flavor-rs-AJnnRY.tmp/target/debug/deps/libtempfile-f67b0e214d8dd2e3.rlib --extern which=/private/var/folders/sg/wy47gw996f78fznt898m8x540000gn/T/cargo-mutants-flavor-rs-AJnnRY.tmp/target/debug/deps/libwhich-a2a3c9536beaf592.rlib -L dependency=/private/var/folders/sg/wy47gw996f78fznt898m8x540000gn/T/cargo-mutants-flavor-rs-AJnnRY.tmp/target/debug/deps -C embed-bitcode=no --cfg 'feature="default"' --check-cfg 'cfg(docsrs,test)' --check-cfg 'cfg(feature, values("default"))' --error-format human`

running 0 tests

test result: ok. 0 passed; 0 failed; 0 ignored; 0 measured; 0 filtered out; finished in 0.00s


*** result: Success
